Count,MAD,Mean_Distance,Max_Distance
105,0.2638151013312889,0.32385771298531213,1.5564368281132297
