k,WCSS,k_selected_by_max_chord
1,296.00000000000006,False
2,26.90191036911886,True
3,14.20241257781277,False
4,6.656220958012161,False
5,4.361360159812328,False
6,3.2339325687375755,False
7,2.0713866171921165,False
8,1.5052836514293149,False
9,1.1630605505083214,False
10,0.9432628424931905,False
