k,WCSS,k_selected_by_max_chord
1,296.0,False
2,29.88240287852403,True
3,17.986984596065287,False
4,7.248619814122745,False
5,4.850947564491934,False
6,3.42716419198849,False
7,2.5258724662902132,False
8,1.7770790875949583,False
9,1.2638944675662596,False
10,1.0466582133980407,False
