k,WCSS,k_selected_by_max_chord
1,286.0,False
2,19.148467313522104,True
3,8.05193424896084,False
4,5.170070297194282,False
5,3.7888104481810316,False
6,2.341383265393116,False
7,1.262895484019055,False
8,0.8529433449586722,False
9,0.6284098452930389,False
10,0.4517552247511534,False
