k,WCSS,k_selected_by_max_chord
1,286.0,False
2,19.148467313572343,True
3,8.051934249021146,False
4,5.1700702972524475,False
5,3.78881044824234,False
6,2.341383265433805,False
7,1.2628954840216213,False
8,0.8529433449624224,False
9,0.6284098452968712,False
10,0.45175522475576785,False
