Count,MAD,Mean_Distance,Max_Distance
111,0.2988151195310508,0.33950268125041994,0.7599065165856008
