Reference_Mode,Reference_Frequency,Reference_Damping,Count,MAD,Mean_Distance,Max_Distance
Mode 1,0.6062,-0.08,92,0.26812127903793065,0.3316625723984608,0.7599065165856008
Mode 4,1.1211,-0.3373,19,0.4020289127722774,0.3774653135862225,0.463440781201252
