Method,Reference_Mode,Reference_Frequency,Reference_Damping,Count,MAD,Mean_Distance,Max_Distance
Order 2,Mode 1,0.6062,-0.08,2,0.2653280194186848,0.2653280194186848,0.2877587543833206
Order 4,Mode 1,0.6062,-0.08,15,0.310825661731561,0.33255904893021176,0.7198376513645686
Order 6,Mode 1,0.6062,-0.08,18,0.28783693140055566,0.3184424170943857,0.6689831970557829
Tau 0.01,Mode 1,0.6062,-0.08,23,0.26060756914538247,0.33186844839193375,0.7599065165856008
Tau 0.01,Mode 4,1.1211,-0.3373,11,0.3847717071701588,0.350008985438204,0.42820637227946623
Tau 0.1,Mode 1,0.6062,-0.08,18,0.2626079268945347,0.3210533708823935,0.7198376513645686
Tau 0.1,Mode 4,1.1211,-0.3373,8,0.4087225127898706,0.4152177647897478,0.463440781201252
Tau 1,Mode 1,0.6062,-0.08,16,0.33525860264430696,0.3656260244544591,0.7198376513645686
