Count,MAD,Mean_Distance,Max_Distance
112,0.28289073397347086,0.34146756629819647,0.7706973948004708
