Reference_Mode,Reference_Frequency,Reference_Damping,Count,MAD,Mean_Distance,Max_Distance
Mode 1,0.6062,-0.08,93,0.2657843946660873,0.3338459332209279,0.7706973948004708
Mode 4,1.1211,-0.3373,19,0.4028346705137218,0.3787734545185107,0.45829628563397107
