Count,MAD,Mean_Distance,Max_Distance
281,0.2687192469353335,0.3225406645869707,0.7599065165856008
