Reference_Mode,Reference_Frequency,Reference_Damping,Count,MAD,Mean_Distance,Max_Distance
Mode 1,0.6062,-0.08,220,0.28122845980938194,0.34464869949938876,0.7599065165856008
Mode 2,0.9497,-0.1065,1,0.21303191099771343,0.21303191099771343,0.21303191099771343
Mode 3,1.0312,-0.2558,11,0.1861371580119593,0.19457046401658318,0.41298231666153756
Mode 4,1.1211,-0.3373,48,0.1964492922341904,0.2538323675151261,0.463440781201252
Mode 7,1.4953,-0.7033,1,0.2739522031670752,0.2739522031670752,0.2739522031670752
