k,kmeans_silhouette,kmedoids_silhouette,kmeans_selected_by_silhouette,kmedoids_selected_by_silhouette
2,0.5442286457495943,0.5446445762531853,False,False
3,0.5772449409558362,0.5785670366557977,False,False
4,0.6401047048993335,0.6381966149604248,False,True
5,0.6475972010449272,0.6232739183950565,True,False
6,0.6435285447452184,0.5626055487120224,False,False
7,0.5874995002223149,0.5784117559456261,False,False
8,0.5991055548474177,0.5886626918010652,False,False
9,0.5928417489834793,0.5812104219641201,False,False
10,0.589675525545612,0.5526981624158405,False,False
