b:tnow in s,s:ut in p.u.,s:cur1 in p.u.,s:Q1 in Mvar,s:P1 in MW
0,1.03,0.097465,88.281415,1000
0.01,1.02998,0.097623,88.721644,1001.573314
0.02,1.029979,0.097626,88.71739,1001.60478
0.03,1.029978,0.097628,88.713568,1001.630366
0.04,1.029977,0.097631,88.709525,1001.653783
0.05,1.029977,0.097633,88.704907,1001.677482
0.06,1.029976,0.097635,88.699557,1001.702997
0.07,1.029976,0.097638,88.693432,1001.731267
0.08,1.029976,0.097641,88.686553,1001.762842
0.09,1.029976,0.097645,88.678969,1001.798019
0.1,1.029976,0.097648,88.670747,1001.836925
0.11,1.029976,0.097652,88.661951,1001.879577
0.12,1.029976,0.097657,88.652644,1001.925915
0.13,1.029976,0.097661,88.642881,1001.975828
0.14,1.029976,0.097666,88.632713,1002.029171
0.15,1.029977,0.097672,88.622179,1002.085774
0.16,1.029977,0.097677,88.611316,1002.14545
0.17,1.029977,0.097683,88.600153,1002.208002
0.18,1.029978,0.09769,88.588715,1002.273225
0.19,1.029978,0.097696,88.577022,1002.340908
0.2,1.029978,0.097703,88.565094,1002.410838
0.21,1.029979,0.097709,88.552946,1002.482802
0.22,1.029979,0.097716,88.540594,1002.556584
0.23,1.02998,0.097724,88.52805,1002.631972
0.24,1.02998,0.097731,88.515329,1002.708754
0.25,1.029981,0.097738,88.502443,1002.786721
0.26,1.029981,0.097746,88.489405,1002.865667
0.27,1.029982,0.097753,88.476228,1002.945389
0.28,1.029983,0.097761,88.462924,1003.025689
0.29,1.029983,0.097768,88.449507,1003.106372
0.3,1.029984,0.097776,88.435991,1003.18725
0.31,1.029984,0.097784,88.42239,1003.268138
0.32,1.029985,0.097791,88.408717,1003.348857
0.33,1.029985,0.097799,88.394988,1003.429233
0.34,1.029986,0.097807,88.381217,1003.509098
0.35,1.029987,0.097814,88.367419,1003.588291
0.36,1.029987,0.097821,88.353611,1003.666657
0.37,1.029988,0.097829,88.339806,1003.744044
0.38,1.029988,0.097836,88.326022,1003.820312
0.39,1.029989,0.097843,88.312274,1003.895322
0.4,1.029989,0.09785,88.298577,1003.968946
0.41,1.02999,0.097857,88.284948,1004.04106
0.42,1.029991,0.097863,88.271402,1004.111547
0.43,1.029991,0.09787,88.257957,1004.180298
0.44,1.029992,0.097876,88.244627,1004.24721
0.45,1.029992,0.097882,88.231429,1004.312186
0.46,1.029993,0.097888,88.218378,1004.375137
0.47,1.029993,0.097894,88.205491,1004.435981
0.48,1.029994,0.097899,88.192783,1004.49464
0.49,1.029994,0.097905,88.18027,1004.551044
0.5,1.029995,0.09791,88.167967,1004.605132
0.51,1.029995,0.097915,88.15589,1004.656845
0.52,1.029996,0.097919,88.144055,1004.706133
0.53,1.029996,0.097924,88.132475,1004.75295
0.54,1.029997,0.097928,88.121168,1004.797259
0.55,1.029997,0.097932,88.110146,1004.839026
0.56,1.029998,0.097935,88.099424,1004.878223
0.57,1.029998,0.097939,88.089018,1004.914829
0.58,1.029998,0.097942,88.078941,1004.948827
0.59,1.029999,0.097945,88.069206,1004.980205
0.6,1.029999,0.097948,88.059828,1005.008957
0.61,1.029999,0.09795,88.05082,1005.03508
0.62,1.03,0.097952,88.042194,1005.058577
0.63,1.03,0.097954,88.033962,1005.079454
0.64,1.03,0.097956,88.026138,1005.097723
0.65,1.03,0.097957,88.018731,1005.113399
0.66,1.03,0.097958,88.011755,1005.126499
0.67,1.03,0.097959,88.005218,1005.137047
0.68,1.030001,0.09796,87.999131,1005.145067
0.69,1.030001,0.097961,87.993503,1005.150588
0.7,1.030001,0.097961,87.988344,1005.153641
0.71,1.030001,0.097961,87.983661,1005.154262
0.72,1.030001,0.097961,87.979461,1005.152487
0.73,1.030001,0.09796,87.975752,1005.148356
0.74,1.030001,0.09796,87.972539,1005.14191
0.75,1.030001,0.097959,87.969827,1005.133193
0.76,1.03,0.097958,87.96762,1005.122251
0.77,1.03,0.097956,87.965922,1005.109133
0.78,1.03,0.097955,87.964734,1005.093886
0.79,1.03,0.097953,87.964059,1005.076562
0.8,1.03,0.097951,87.963896,1005.057215
0.81,1.029999,0.097949,87.964246,1005.035896
0.82,1.029999,0.097947,87.965106,1005.012662
0.83,1.029999,0.097945,87.966473,1004.987568
0.84,1.029998,0.097942,87.968345,1004.960672
0.85,1.029998,0.09794,87.970715,1004.932031
0.86,1.029997,0.097937,87.973579,1004.901705
0.87,1.029997,0.097934,87.976929,1004.869752
0.88,1.029996,0.09793,87.980757,1004.836233
0.89,1.029996,0.097927,87.985053,1004.801209
0.9,1.029995,0.097924,87.989809,1004.764741
0.91,1.029995,0.09792,87.995011,1004.726891
0.92,1.029994,0.097917,88.000649,1004.687721
0.93,1.029993,0.097913,88.006707,1004.647294
0.94,1.029993,0.097909,88.013173,1004.605673
0.95,1.029992,0.097905,88.02003,1004.56292
0.96,1.029991,0.097901,88.027262,1004.519099
0.97,1.02999,0.097897,88.034852,1004.474275
0.98,1.029989,0.097892,88.042782,1004.428509
0.99,1.029989,0.097888,88.051032,1004.381867
1,1.029988,0.097883,88.059583,1004.334412
1.01,1.029987,0.097879,88.068415,1004.286208
1.02,1.029986,0.097874,88.077506,1004.237319
1.03,1.029985,0.09787,88.086835,1004.187808
1.04,1.029984,0.097865,88.096379,1004.13774
1.05,1.029983,0.09786,88.106116,1004.087179
1.06,1.029982,0.097856,88.116022,1004.036188
1.07,1.029981,0.097851,88.126074,1003.984831
1.08,1.02998,0.097846,88.136248,1003.93317
1.09,1.029979,0.097841,88.14652,1003.88127
1.1,1.029978,0.097836,88.156865,1003.829192
1.11,1.029977,0.097831,88.167261,1003.777001
1.12,1.029976,0.097827,88.177681,1003.724757
1.13,1.029975,0.097822,88.188103,1003.672524
1.14,1.029974,0.097817,88.198502,1003.620363
1.15,1.029973,0.097812,88.208855,1003.568336
1.16,1.029972,0.097807,88.219137,1003.516502
1.17,1.029971,0.097802,88.229326,1003.464923
1.18,1.02997,0.097798,88.239399,1003.413659
1.19,1.029969,0.097793,88.249334,1003.36277
1.2,1.029968,0.097788,88.259108,1003.312313
1.21,1.029967,0.097784,88.268702,1003.262348
1.22,1.029966,0.097779,88.278093,1003.212932
1.23,1.029965,0.097774,88.287264,1003.164123
1.24,1.029964,0.09777,88.296194,1003.115976
1.25,1.029963,0.097765,88.304865,1003.068547
1.26,1.029962,0.097761,88.31326,1003.021891
1.27,1.029961,0.097757,88.321363,1002.976061
1.28,1.02996,0.097753,88.329158,1002.931111
1.29,1.029959,0.097749,88.33663,1002.887092
1.3,1.029958,0.097745,88.343766,1002.844056
1.31,1.029957,0.097741,88.350553,1002.802052
1.32,1.029956,0.097737,88.35698,1002.76113
1.33,1.029955,0.097733,88.363035,1002.721337
1.34,1.029954,0.09773,88.368709,1002.682719
1.35,1.029953,0.097726,88.373994,1002.645322
1.36,1.029952,0.097723,88.378882,1002.60919
1.37,1.029952,0.097719,88.383367,1002.574365
1.38,1.029951,0.097716,88.387442,1002.540888
1.39,1.02995,0.097713,88.391105,1002.5088
1.4,1.029949,0.09771,88.39435,1002.478137
1.41,1.029949,0.097708,88.397176,1002.448938
1.42,1.029948,0.097705,88.399581,1002.421235
1.43,1.029947,0.097703,88.401565,1002.395064
1.44,1.029947,0.0977,88.403127,1002.370455
1.45,1.029946,0.097698,88.40427,1002.347437
1.46,1.029945,0.097696,88.404994,1002.326039
1.47,1.029945,0.097694,88.405304,1002.306286
1.48,1.029944,0.097693,88.405202,1002.288202
1.49,1.029944,0.097691,88.404692,1002.271808
1.5,1.029943,0.09769,88.40378,1002.257124
1.51,1.029943,0.097688,88.402472,1002.244168
1.52,1.029942,0.097687,88.400774,1002.232955
1.53,1.029942,0.097687,88.398692,1002.223497
1.54,1.029942,0.097686,88.396234,1002.215805
1.55,1.029941,0.097685,88.393408,1002.209887
1.56,1.029941,0.097685,88.390222,1002.205749
1.57,1.029941,0.097685,88.386685,1002.203395
1.58,1.02994,0.097685,88.382807,1002.202824
1.59,1.02994,0.097685,88.378596,1002.204034
1.6,1.02994,0.097685,88.374061,1002.207023
1.61,1.029939,0.097685,88.369215,1002.211781
1.62,1.029939,0.097686,88.364065,1002.218299
1.63,1.029939,0.097687,88.358623,1002.226565
1.64,1.029939,0.097688,88.3529,1002.236564
1.65,1.029939,0.097689,88.346905,1002.248276
1.66,1.029938,0.09769,88.340649,1002.261682
1.67,1.029938,0.097691,88.334144,1002.276757
1.68,1.029938,0.097693,88.327401,1002.293475
1.69,1.029938,0.097695,88.320429,1002.311807
1.7,1.029938,0.097697,88.313239,1002.331719
1.71,1.029938,0.097699,88.305844,1002.353178
1.72,1.029938,0.097701,88.298253,1002.376145
1.73,1.029938,0.097703,88.290476,1002.40058
1.74,1.029938,0.097706,88.282525,1002.426439
1.75,1.029938,0.097708,88.274411,1002.453676
1.76,1.029938,0.097711,88.266143,1002.482242
1.77,1.029938,0.097714,88.257732,1002.512086
1.78,1.029938,0.097717,88.249189,1002.543154
1.79,1.029938,0.09772,88.240522,1002.575389
1.8,1.029938,0.097723,88.231744,1002.608733
1.81,1.029938,0.097726,88.222863,1002.643122
1.82,1.029938,0.097729,88.213889,1002.678495
1.83,1.029938,0.097733,88.204833,1002.714785
1.84,1.029938,0.097736,88.195703,1002.751923
1.85,1.029938,0.09774,88.18651,1002.789841
1.86,1.029938,0.097744,88.177263,1002.828465
1.87,1.029938,0.097747,88.167971,1002.867721
1.88,1.029938,0.097751,88.158645,1002.907536
1.89,1.029938,0.097755,88.149292,1002.947831
1.9,1.029938,0.097759,88.139923,1002.988529
1.91,1.029939,0.097763,88.130547,1003.029549
1.92,1.029939,0.097766,88.121173,1003.070811
1.93,1.029939,0.09777,88.111809,1003.112235
1.94,1.029939,0.097774,88.102466,1003.153736
1.95,1.029939,0.097778,88.093152,1003.195234
1.96,1.029939,0.097782,88.083877,1003.236643
1.97,1.029939,0.097786,88.074649,1003.277882
1.98,1.029939,0.09779,88.065478,1003.318866
1.99,1.029939,0.097794,88.056372,1003.359512
2,1.029939,0.097798,88.047341,1003.399737
2.01,1.02994,0.097801,88.038394,1003.439458
2.02,1.02994,0.097805,88.029539,1003.478595
2.03,1.02994,0.097809,88.020787,1003.517065
2.04,1.02994,0.097812,88.012145,1003.55479
2.05,1.02994,0.097816,88.003624,1003.59169
2.06,1.02994,0.097819,87.995231,1003.627689
2.07,1.02994,0.097822,87.986976,1003.662711
2.08,1.02994,0.097826,87.978869,1003.696683
2.09,1.02994,0.097829,87.970917,1003.729534
2.1,1.02994,0.097832,87.96313,1003.761194
2.11,1.02994,0.097835,87.955517,1003.791596
2.12,1.02994,0.097837,87.948085,1003.820677
2.13,1.02994,0.09784,87.940845,1003.848375
2.14,1.02994,0.097842,87.933804,1003.87463
2.15,1.02994,0.097845,87.92697,1003.899389
2.16,1.02994,0.097847,87.920353,1003.922597
2.17,1.02994,0.097849,87.913959,1003.944207
2.18,1.02994,0.097851,87.907797,1003.964172
2.19,1.02994,0.097853,87.901875,1003.982451
2.2,1.02994,0.097854,87.896199,1003.999004
2.21,1.02994,0.097856,87.890777,1004.013798
2.22,1.02994,0.097857,87.885616,1004.026802
2.23,1.02994,0.097858,87.880723,1004.037988
2.24,1.02994,0.097859,87.876104,1004.047334
2.25,1.02994,0.097859,87.871764,1004.05482
2.26,1.029939,0.09786,87.867709,1004.060433
2.27,1.029939,0.09786,87.863945,1004.064161
2.28,1.029939,0.09786,87.860477,1004.065997
2.29,1.029939,0.09786,87.857308,1004.06594
2.3,1.029939,0.09786,87.854443,1004.063991
2.31,1.029939,0.09786,87.851885,1004.060155
2.32,1.029938,0.097859,87.849638,1004.054443
2.33,1.029938,0.097859,87.847703,1004.046868
2.34,1.029938,0.097858,87.846083,1004.037448
2.35,1.029937,0.097857,87.844779,1004.026204
2.36,1.029937,0.097855,87.843793,1004.013163
2.37,1.029937,0.097854,87.843124,1003.998354
2.38,1.029936,0.097852,87.842772,1003.981808
2.39,1.029936,0.097851,87.842738,1003.963563
2.4,1.029936,0.097849,87.843019,1003.943658
2.41,1.029935,0.097847,87.843613,1003.922136
2.42,1.029935,0.097845,87.844519,1003.899044
2.43,1.029934,0.097842,87.845734,1003.874429
2.44,1.029934,0.09784,87.847252,1003.848345
2.45,1.029934,0.097837,87.849072,1003.820846
2.46,1.029933,0.097834,87.851186,1003.791988
2.47,1.029933,0.097832,87.853591,1003.761831
2.48,1.029932,0.097829,87.856281,1003.730437
2.49,1.029931,0.097826,87.859249,1003.697868
2.5,1.029931,0.097822,87.862487,1003.66419
2.51,1.02993,0.097819,87.865989,1003.629469
2.52,1.02993,0.097816,87.869746,1003.593775
2.53,1.029929,0.097812,87.87375,1003.557175
2.54,1.029929,0.097809,87.877992,1003.51974
2.55,1.029928,0.097805,87.882462,1003.481541
2.56,1.029927,0.097801,87.88715,1003.44265
2.57,1.029927,0.097798,87.892046,1003.403139
2.58,1.029926,0.097794,87.897139,1003.363079
2.59,1.029925,0.09779,87.902417,1003.322544
2.6,1.029925,0.097786,87.90787,1003.281605
2.61,1.029924,0.097782,87.913486,1003.240335
2.62,1.029923,0.097779,87.919252,1003.198803
2.63,1.029922,0.097775,87.925155,1003.157081
2.64,1.029922,0.097771,87.931184,1003.115239
2.65,1.029921,0.097767,87.937325,1003.073346
2.66,1.02992,0.097763,87.943565,1003.031468
2.67,1.029919,0.097759,87.949892,1002.989672
2.68,1.029919,0.097755,87.95629,1002.948023
2.69,1.029918,0.097751,87.962748,1002.906585
2.7,1.029917,0.097747,87.969252,1002.865418
2.71,1.029916,0.097744,87.975787,1002.824582
2.72,1.029915,0.09774,87.982341,1002.784136
2.73,1.029915,0.097736,87.9889,1002.744136
2.74,1.029914,0.097732,87.99545,1002.704634
2.75,1.029913,0.097729,88.001978,1002.665683
2.76,1.029912,0.097725,88.008472,1002.627332
2.77,1.029911,0.097722,88.014917,1002.589629
2.78,1.029911,0.097718,88.0213,1002.552618
2.79,1.02991,0.097715,88.02761,1002.516341
2.8,1.029909,0.097711,88.033833,1002.48084
2.81,1.029908,0.097708,88.039958,1002.44615
2.82,1.029908,0.097705,88.045971,1002.412308
2.83,1.029907,0.097702,88.051863,1002.379346
2.84,1.029906,0.097699,88.05762,1002.347296
2.85,1.029905,0.097696,88.063233,1002.316183
2.86,1.029904,0.097693,88.068691,1002.286035
2.87,1.029904,0.097691,88.073983,1002.256874
2.88,1.029903,0.097688,88.079099,1002.228722
2.89,1.029902,0.097685,88.084031,1002.201596
2.9,1.029902,0.097683,88.088769,1002.175513
2.91,1.029901,0.097681,88.093305,1002.150486
2.92,1.0299,0.097679,88.097631,1002.126529
2.93,1.0299,0.097676,88.101739,1002.10365
2.94,1.029899,0.097674,88.105622,1002.081857
2.95,1.029898,0.097673,88.109274,1002.061156
2.96,1.029898,0.097671,88.112689,1002.041551
2.97,1.029897,0.097669,88.115861,1002.023044
2.98,1.029896,0.097667,88.118785,1002.005635
2.99,1.029896,0.097666,88.121457,1001.989323
3,1.029895,0.097664,88.123873,1001.974105
3.01,1.029895,0.097663,88.12603,1001.959975
3.02,1.029894,0.097662,88.127925,1001.946929
3.03,1.029893,0.097661,88.129556,1001.934959
3.04,1.029893,0.09766,88.13092,1001.924055
3.05,1.029892,0.097659,88.132018,1001.914209
3.06,1.029892,0.097658,88.132847,1001.90541
3.07,1.029891,0.097658,88.133409,1001.897644
3.08,1.029891,0.097657,88.133704,1001.890899
3.09,1.029891,0.097656,88.133732,1001.885162
3.1,1.02989,0.097656,88.133495,1001.880416
3.11,1.02989,0.097656,88.132995,1001.876647
3.12,1.029889,0.097655,88.132235,1001.873838
3.13,1.029889,0.097655,88.131217,1001.871971
3.14,1.029889,0.097655,88.129945,1001.87103
3.15,1.029888,0.097655,88.128423,1001.870995
3.16,1.029888,0.097655,88.126655,1001.871848
3.17,1.029888,0.097655,88.124646,1001.87357
3.18,1.029887,0.097656,88.122402,1001.87614
3.19,1.029887,0.097656,88.119926,1001.879538
3.2,1.029887,0.097656,88.117227,1001.883744
3.21,1.029887,0.097657,88.11431,1001.888737
3.22,1.029886,0.097658,88.111181,1001.894495
3.23,1.029886,0.097658,88.107848,1001.900996
3.24,1.029886,0.097659,88.104318,1001.908219
3.25,1.029886,0.09766,88.100599,1001.916142
3.26,1.029886,0.09766,88.096699,1001.924741
3.27,1.029885,0.097661,88.092625,1001.933994
3.28,1.029885,0.097662,88.088387,1001.943878
3.29,1.029885,0.097663,88.083992,1001.954369
3.3,1.029885,0.097664,88.07945,1001.965445
3.31,1.029885,0.097665,88.07477,1001.97708
3.32,1.029885,0.097666,88.06996,1001.989251
3.33,1.029885,0.097668,88.06503,1002.001934
3.34,1.029885,0.097669,88.05999,1002.015103
3.35,1.029885,0.09767,88.054848,1002.028735
3.36,1.029885,0.097672,88.049615,1002.042803
3.37,1.029884,0.097673,88.0443,1002.057281
3.38,1.029884,0.097674,88.038912,1002.072145
3.39,1.029884,0.097676,88.033461,1002.087368
3.4,1.029884,0.097677,88.027958,1002.102924
3.41,1.029884,0.097679,88.022411,1002.118785
3.42,1.029884,0.09768,88.016829,1002.134924
3.43,1.029884,0.097682,88.011223,1002.151315
3.44,1.029884,0.097683,88.005602,1002.167928
3.45,1.029884,0.097685,87.999975,1002.184737
3.46,1.029884,0.097686,87.994351,1002.201712
3.47,1.029884,0.097688,87.988739,1002.218825
3.48,1.029884,0.09769,87.983148,1002.236046
3.49,1.029884,0.097691,87.977587,1002.253346
3.5,1.029884,0.097693,87.972064,1002.270696
3.51,1.029884,0.097695,87.966588,1002.288064
3.52,1.029884,0.097696,87.961166,1002.305422
3.53,1.029884,0.097698,87.955807,1002.322737
3.54,1.029884,0.097699,87.950518,1002.33998
3.55,1.029884,0.097701,87.945307,1002.35712
3.56,1.029884,0.097703,87.94018,1002.374124
3.57,1.029884,0.097704,87.935145,1002.390962
3.58,1.029884,0.097706,87.930208,1002.407602
3.59,1.029884,0.097707,87.925376,1002.424014
3.6,1.029884,0.097709,87.920653,1002.440164
3.61,1.029884,0.09771,87.916047,1002.456022
3.62,1.029884,0.097712,87.911563,1002.471556
3.63,1.029884,0.097713,87.907206,1002.486735
3.64,1.029884,0.097715,87.90298,1002.501527
3.65,1.029884,0.097716,87.89889,1002.515902
3.66,1.029884,0.097717,87.89494,1002.529829
3.67,1.029884,0.097719,87.891134,1002.543278
3.68,1.029884,0.09772,87.887476,1002.556219
3.69,1.029883,0.097721,87.883969,1002.568621
3.7,1.029883,0.097722,87.880616,1002.580457
3.71,1.029883,0.097723,87.87742,1002.591698
3.72,1.029883,0.097724,87.874383,1002.602317
3.73,1.029883,0.097725,87.871506,1002.612286
3.74,1.029883,0.097726,87.868792,1002.621579
3.75,1.029883,0.097727,87.866243,1002.630171
3.76,1.029883,0.097728,87.863858,1002.638037
3.77,1.029883,0.097728,87.86164,1002.645155
3.78,1.029882,0.097729,87.859589,1002.651503
3.79,1.029882,0.09773,87.857705,1002.657058
3.8,1.029882,0.09773,87.855988,1002.661801
3.81,1.029882,0.09773,87.854438,1002.665714
3.82,1.029882,0.097731,87.853055,1002.668779
3.83,1.029881,0.097731,87.851839,1002.67098
3.84,1.029881,0.097731,87.850787,1002.672303
3.85,1.029881,0.097731,87.8499,1002.672734
3.86,1.029881,0.097731,87.849175,1002.672262
3.87,1.029881,0.097731,87.848613,1002.670878
3.88,1.02988,0.097731,87.848209,1002.668573
3.89,1.02988,0.09773,87.847964,1002.66534
3.9,1.02988,0.09773,87.847875,1002.661174
3.91,1.02988,0.09773,87.84794,1002.656072
3.92,1.029879,0.097729,87.848156,1002.650034
3.93,1.029879,0.097728,87.848521,1002.643058
3.94,1.029879,0.097728,87.849033,1002.635148
3.95,1.029878,0.097727,87.849689,1002.626308
3.96,1.029878,0.097726,87.850485,1002.616542
3.97,1.029878,0.097725,87.851419,1002.605859
3.98,1.029877,0.097724,87.852488,1002.594268
3.99,1.029877,0.097723,87.853689,1002.581781
4,1.029877,0.097721,87.855019,1002.568411
4.01,1.029876,0.09772,87.856473,1002.554172
4.02,1.029876,0.097719,87.85805,1002.539081
4.03,1.029876,0.097717,87.859744,1002.523157
4.04,1.029875,0.097716,87.861554,1002.506419
4.05,1.029875,0.097714,87.863475,1002.488889
4.06,1.029875,0.097712,87.865503,1002.470592
4.07,1.029874,0.09771,87.867635,1002.451551
4.08,1.029874,0.097709,87.869868,1002.431794
4.09,1.029873,0.097707,87.872196,1002.411348
4.1,1.029873,0.097705,87.874617,1002.390242
4.11,1.029873,0.097703,87.877127,1002.368509
4.12,1.029872,0.097701,87.879722,1002.346179
4.13,1.029872,0.097698,87.882397,1002.323286
4.14,1.029871,0.097696,87.885149,1002.299865
4.15,1.029871,0.097694,87.887973,1002.27595
4.16,1.029871,0.097692,87.890866,1002.25158
4.17,1.02987,0.097689,87.893824,1002.22679
4.18,1.02987,0.097687,87.896841,1002.20162
4.19,1.029869,0.097685,87.899915,1002.176108
4.2,1.029869,0.097682,87.903041,1002.150293
4.21,1.029868,0.09768,87.906215,1002.124217
4.22,1.029868,0.097677,87.909432,1002.097919
4.23,1.029867,0.097675,87.912688,1002.071441
4.24,1.029867,0.097672,87.915979,1002.044824
4.25,1.029867,0.09767,87.919301,1002.018108
4.26,1.029866,0.097667,87.922648,1001.991337
4.27,1.029866,0.097665,87.926016,1001.96455
4.28,1.029865,0.097662,87.929402,1001.93779
4.29,1.029865,0.09766,87.9328,1001.911097
4.3,1.029864,0.097657,87.936207,1001.884513
4.31,1.029864,0.097655,87.939616,1001.858077
4.32,1.029863,0.097652,87.943024,1001.831829
4.33,1.029863,0.09765,87.946427,1001.805809
4.34,1.029862,0.097647,87.949819,1001.780054
4.35,1.029862,0.097645,87.953195,1001.754604
4.36,1.029861,0.097643,87.956552,1001.729495
4.37,1.029861,0.09764,87.959884,1001.704762
4.38,1.029861,0.097638,87.963186,1001.680441
4.39,1.02986,0.097636,87.966455,1001.656566
4.4,1.02986,0.097634,87.969684,1001.633169
4.41,1.029859,0.097631,87.97287,1001.610282
4.42,1.029859,0.097629,87.976008,1001.587935
4.43,1.029858,0.097627,87.979092,1001.566157
4.44,1.029858,0.097625,87.982119,1001.544976
4.45,1.029857,0.097623,87.985083,1001.524416
4.46,1.029857,0.097622,87.987981,1001.504504
4.47,1.029857,0.09762,87.990806,1001.485262
4.48,1.029856,0.097618,87.993556,1001.46671
4.49,1.029856,0.097616,87.996224,1001.44887
4.5,1.029855,0.097615,87.998808,1001.431759
4.51,1.029855,0.097613,88.001302,1001.415393
4.52,1.029854,0.097612,88.003703,1001.399787
4.53,1.029854,0.09761,88.006006,1001.384954
4.54,1.029854,0.097609,88.008207,1001.370905
4.55,1.029853,0.097608,88.010302,1001.357651
4.56,1.029853,0.097607,88.012288,1001.345198
4.57,1.029853,0.097606,88.01416,1001.333553
4.58,1.029852,0.097605,88.015916,1001.322721
4.59,1.029852,0.097604,88.017551,1001.312703
4.6,1.029851,0.097603,88.019064,1001.303502
4.61,1.029851,0.097602,88.02045,1001.295116
4.62,1.029851,0.097601,88.021707,1001.287543
4.63,1.02985,0.097601,88.022832,1001.280779
4.64,1.02985,0.0976,88.023823,1001.27482
4.65,1.02985,0.0976,88.024678,1001.269657
4.66,1.029849,0.097599,88.025395,1001.265282
4.67,1.029849,0.097599,88.025972,1001.261686
4.68,1.029849,0.097599,88.026407,1001.258857
4.69,1.029849,0.097599,88.0267,1001.256783
4.7,1.029848,0.097599,88.026849,1001.255449
4.71,1.029848,0.097599,88.026853,1001.25484
4.72,1.029848,0.097599,88.026713,1001.25494
4.73,1.029848,0.097599,88.026428,1001.255732
4.74,1.029847,0.097599,88.025998,1001.257196
4.75,1.029847,0.097599,88.025424,1001.259313
4.76,1.029847,0.097599,88.024705,1001.262063
4.77,1.029847,0.0976,88.023845,1001.265424
4.78,1.029847,0.0976,88.022842,1001.269373
4.79,1.029846,0.097601,88.0217,1001.273888
4.8,1.029846,0.097601,88.02042,1001.278945
4.81,1.029846,0.097602,88.019003,1001.28452
4.82,1.029846,0.097602,88.017454,1001.290588
4.83,1.029846,0.097603,88.015773,1001.297124
4.84,1.029846,0.097603,88.013965,1001.304101
4.85,1.029846,0.097604,88.012032,1001.311495
4.86,1.029845,0.097605,88.009979,1001.319277
4.87,1.029845,0.097606,88.007808,1001.327422
4.88,1.029845,0.097606,88.005525,1001.335904
4.89,1.029845,0.097607,88.003133,1001.344694
4.9,1.029845,0.097608,88.000637,1001.353767
4.91,1.029845,0.097609,87.998041,1001.363096
4.92,1.029845,0.09761,87.995352,1001.372653
4.93,1.029845,0.097611,87.992573,1001.382412
4.94,1.029845,0.097612,87.989711,1001.392346
4.95,1.029845,0.097613,87.986771,1001.40243
4.96,1.029845,0.097614,87.983759,1001.412638
4.97,1.029845,0.097615,87.980681,1001.422943
4.98,1.029845,0.097616,87.977543,1001.433321
4.99,1.029845,0.097617,87.974351,1001.443746
5,1.029845,0.097618,87.971112,1001.454195
5.01,1.029844,0.097619,87.967833,1001.464643
5.02,1.029844,0.09762,87.964518,1001.475067
5.03,1.029844,0.097621,87.961177,1001.485444
5.04,1.029844,0.097622,87.957814,1001.495752
5.05,1.029844,0.097623,87.954436,1001.505969
5.06,1.029844,0.097624,87.951052,1001.516074
5.07,1.029844,0.097624,87.947666,1001.526046
5.08,1.029844,0.097625,87.944286,1001.535867
5.09,1.029844,0.097626,87.940919,1001.545516
5.1,1.029844,0.097627,87.937571,1001.554976
5.11,1.029844,0.097628,87.934249,1001.564227
5.12,1.029844,0.097629,87.930959,1001.573255
5.13,1.029844,0.09763,87.927707,1001.582041
5.14,1.029844,0.097631,87.924501,1001.590571
5.15,1.029844,0.097631,87.921346,1001.598829
5.16,1.029844,0.097632,87.918247,1001.606801
5.17,1.029845,0.097633,87.915212,1001.614474
5.18,1.029844,0.097633,87.912245,1001.621835
5.19,1.029844,0.097634,87.909353,1001.628871
5.2,1.029844,0.097635,87.90654,1001.635572
5.21,1.029844,0.097635,87.903811,1001.641925
5.22,1.029844,0.097636,87.901172,1001.647922
5.23,1.029844,0.097636,87.898627,1001.653553
5.24,1.029844,0.097637,87.89618,1001.658808
5.25,1.029844,0.097637,87.893836,1001.66368
5.26,1.029844,0.097638,87.891598,1001.668161
5.27,1.029844,0.097638,87.889471,1001.672244
5.28,1.029844,0.097638,87.887457,1001.675922
5.29,1.029844,0.097639,87.88556,1001.67919
5.3,1.029844,0.097639,87.883782,1001.682043
5.31,1.029844,0.097639,87.882126,1001.684475
5.32,1.029844,0.097639,87.880594,1001.686484
5.33,1.029844,0.09764,87.879188,1001.688064
5.34,1.029844,0.09764,87.87791,1001.689213
5.35,1.029844,0.09764,87.876761,1001.689928
5.36,1.029844,0.09764,87.875743,1001.690207
5.37,1.029844,0.09764,87.874855,1001.690048
5.38,1.029844,0.09764,87.874099,1001.689451
5.39,1.029843,0.09764,87.873474,1001.688414
5.4,1.029843,0.097639,87.872981,1001.686937
5.41,1.029843,0.097639,87.87262,1001.68502
5.42,1.029843,0.097639,87.872388,1001.682663
5.43,1.029843,0.097639,87.872287,1001.679869
5.44,1.029843,0.097639,87.872314,1001.676637
5.45,1.029843,0.097638,87.872469,1001.67297
5.46,1.029843,0.097638,87.872749,1001.66887
5.47,1.029842,0.097637,87.873152,1001.664339
5.48,1.029842,0.097637,87.873677,1001.659381
5.49,1.029842,0.097636,87.874321,1001.653999
5.5,1.029842,0.097636,87.875082,1001.648196
5.51,1.029842,0.097635,87.875957,1001.641976
5.52,1.029841,0.097635,87.876943,1001.635345
5.53,1.029841,0.097634,87.878037,1001.628307
5.54,1.029841,0.097633,87.879235,1001.620867
5.55,1.029841,0.097633,87.880535,1001.613031
5.56,1.029841,0.097632,87.881932,1001.604806
5.57,1.02984,0.097631,87.883424,1001.596197
5.58,1.02984,0.09763,87.885005,1001.587211
5.59,1.02984,0.097629,87.886672,1001.577857
5.6,1.02984,0.097628,87.888422,1001.568141
5.61,1.029839,0.097628,87.89025,1001.558071
5.62,1.029839,0.097627,87.892152,1001.547657
5.63,1.029839,0.097626,87.894123,1001.536907
5.64,1.029839,0.097625,87.89616,1001.525831
5.65,1.029838,0.097624,87.898257,1001.514437
5.66,1.029838,0.097622,87.900412,1001.502737
5.67,1.029838,0.097621,87.902618,1001.490742
5.68,1.029838,0.09762,87.904873,1001.478461
5.69,1.029837,0.097619,87.907171,1001.465907
5.7,1.029837,0.097618,87.909508,1001.453091
5.71,1.029837,0.097617,87.91188,1001.440026
5.72,1.029836,0.097615,87.914282,1001.426724
5.73,1.029836,0.097614,87.916711,1001.413199
5.74,1.029836,0.097613,87.919161,1001.399464
5.75,1.029836,0.097611,87.92163,1001.385533
5.76,1.029835,0.09761,87.924112,1001.37142
5.77,1.029835,0.097609,87.926603,1001.357139
5.78,1.029835,0.097607,87.929101,1001.342707
5.79,1.029834,0.097606,87.9316,1001.328138
5.8,1.029834,0.097605,87.934097,1001.313448
5.81,1.029834,0.097603,87.936589,1001.298653
5.82,1.029834,0.097602,87.939071,1001.283769
5.83,1.029833,0.097601,87.94154,1001.268813
5.84,1.029833,0.097599,87.943994,1001.253802
5.85,1.029833,0.097598,87.946428,1001.238753
5.86,1.029832,0.097596,87.948839,1001.223683
5.87,1.029832,0.097595,87.951225,1001.208609
5.88,1.029832,0.097594,87.953583,1001.19355
5.89,1.029832,0.097592,87.955908,1001.178523
5.9,1.029831,0.097591,87.9582,1001.163547
5.91,1.029831,0.097589,87.960456,1001.148638
5.92,1.029831,0.097588,87.962672,1001.133816
5.93,1.02983,0.097587,87.964847,1001.119098
5.94,1.02983,0.097585,87.966978,1001.104502
5.95,1.02983,0.097584,87.969064,1001.090046
5.96,1.02983,0.097583,87.971101,1001.075748
5.97,1.029829,0.097581,87.97309,1001.061626
5.98,1.029829,0.09758,87.975027,1001.047697
5.99,1.029829,0.097579,87.976911,1001.033979
6,1.029829,0.097577,87.97874,1001.020489
6.01,1.029828,0.097576,87.980514,1001.007244
6.02,1.029828,0.097575,87.98223,1000.994259
6.03,1.029828,0.097574,87.983888,1000.981552
6.04,1.029828,0.097573,87.985487,1000.969138
6.05,1.029827,0.097571,87.987025,1000.957032
6.06,1.029827,0.09757,87.988501,1000.94525
6.07,1.029827,0.097569,87.989915,1000.933805
6.08,1.029827,0.097568,87.991266,1000.922711
6.09,1.029826,0.097567,87.992554,1000.911982
6.1,1.029826,0.097566,87.993777,1000.90163
6.11,1.029826,0.097565,87.994935,1000.891667
6.12,1.029826,0.097564,87.996029,1000.882105
6.13,1.029826,0.097563,87.997056,1000.872953
6.14,1.029825,0.097563,87.998018,1000.864222
6.15,1.029825,0.097562,87.998914,1000.85592
6.16,1.029825,0.097561,87.999744,1000.848056
6.17,1.029825,0.09756,88.000508,1000.840638
6.18,1.029825,0.09756,88.001205,1000.833671
6.19,1.029825,0.097559,88.001836,1000.827162
6.2,1.029824,0.097559,88.002401,1000.821115
6.21,1.029824,0.097558,88.002901,1000.815535
6.22,1.029824,0.097558,88.003334,1000.810424
6.23,1.029824,0.097557,88.003702,1000.805784
6.24,1.029824,0.097557,88.004005,1000.801616
6.25,1.029824,0.097556,88.004244,1000.797921
6.26,1.029823,0.097556,88.004418,1000.794699
6.27,1.029823,0.097556,88.004528,1000.791946
6.28,1.029823,0.097556,88.004575,1000.789662
6.29,1.029823,0.097556,88.004559,1000.787842
6.3,1.029823,0.097555,88.004482,1000.786481
6.31,1.029823,0.097555,88.004342,1000.785575
6.32,1.029823,0.097555,88.004142,1000.785117
6.33,1.029823,0.097555,88.003882,1000.7851
6.34,1.029822,0.097555,88.003562,1000.785516
6.35,1.029822,0.097555,88.003184,1000.786356
6.36,1.029822,0.097556,88.002749,1000.787611
6.37,1.029822,0.097556,88.002257,1000.789269
6.38,1.029822,0.097556,88.00171,1000.791319
6.39,1.029822,0.097556,88.001108,1000.79375
6.4,1.029822,0.097556,88.000452,1000.796549
6.41,1.029822,0.097557,87.999745,1000.799701
6.42,1.029822,0.097557,87.998986,1000.803193
6.43,1.029822,0.097558,87.998177,1000.80701
6.44,1.029822,0.097558,87.99732,1000.811137
6.45,1.029822,0.097558,87.996415,1000.815558
6.46,1.029821,0.097559,87.995465,1000.820256
6.47,1.029821,0.097559,87.99447,1000.825214
6.48,1.029821,0.09756,87.993433,1000.830416
6.49,1.029821,0.09756,87.992354,1000.835843
6.5,1.029821,0.097561,87.991235,1000.841477
6.51,1.029821,0.097561,87.990079,1000.8473
6.52,1.029821,0.097562,87.988886,1000.853294
6.53,1.029821,0.097563,87.987659,1000.859439
6.54,1.029821,0.097563,87.9864,1000.865717
6.55,1.029821,0.097564,87.985109,1000.872109
6.56,1.029821,0.097564,87.98379,1000.878595
6.57,1.029821,0.097565,87.982445,1000.885157
6.58,1.029821,0.097566,87.981074,1000.891775
6.59,1.029821,0.097566,87.979681,1000.898431
6.6,1.029821,0.097567,87.978268,1000.905105
6.61,1.029821,0.097568,87.976837,1000.911779
6.62,1.029821,0.097568,87.97539,1000.918434
6.63,1.029821,0.097569,87.97393,1000.925053
6.64,1.029821,0.097569,87.972459,1000.931616
6.65,1.029821,0.09757,87.970978,1000.938107
6.66,1.029821,0.097571,87.969492,1000.944508
6.67,1.029821,0.097571,87.968002,1000.950802
6.68,1.029821,0.097572,87.96651,1000.956973
6.69,1.029821,0.097572,87.96502,1000.963005
6.7,1.029821,0.097573,87.963534,1000.968883
6.71,1.029821,0.097573,87.962054,1000.97459
6.72,1.029821,0.097574,87.960583,1000.980114
6.73,1.029821,0.097575,87.959124,1000.98544
6.74,1.029821,0.097575,87.957679,1000.990555
6.75,1.029821,0.097575,87.956251,1000.995446
6.76,1.029821,0.097576,87.954842,1001.000102
6.77,1.029821,0.097576,87.953456,1001.004512
6.78,1.029821,0.097577,87.952094,1001.008663
6.79,1.029821,0.097577,87.95076,1001.012548
6.8,1.029821,0.097577,87.949456,1001.016156
6.81,1.029821,0.097578,87.948183,1001.019479
6.82,1.029821,0.097578,87.946946,1001.02251
6.83,1.029821,0.097578,87.945746,1001.025241
6.84,1.029821,0.097578,87.944586,1001.027665
6.85,1.029821,0.097579,87.943468,1001.029778
6.86,1.029821,0.097579,87.942395,1001.031575
6.87,1.029821,0.097579,87.941368,1001.033051
6.88,1.029821,0.097579,87.94039,1001.034202
6.89,1.029821,0.097579,87.939463,1001.035027
6.9,1.029821,0.097579,87.938589,1001.035523
6.91,1.029821,0.097579,87.93777,1001.035688
6.92,1.029821,0.097579,87.937007,1001.035523
6.93,1.029821,0.097579,87.936303,1001.035026
6.94,1.029821,0.097579,87.935658,1001.034199
6.95,1.029821,0.097579,87.935076,1001.033043
6.96,1.029821,0.097579,87.934556,1001.03156
6.97,1.02982,0.097579,87.934101,1001.029752
6.98,1.02982,0.097578,87.933711,1001.027622
6.99,1.02982,0.097578,87.933388,1001.025173
7,1.02982,0.097578,87.933132,1001.022411
7.01,1.02982,0.097578,87.932945,1001.019339
7.02,1.02982,0.097577,87.932826,1001.015962
7.03,1.02982,0.097577,87.932777,1001.012287
7.04,1.02982,0.097577,87.932798,1001.008319
7.05,1.02982,0.097576,87.932889,1001.004064
7.06,1.02982,0.097576,87.93305,1000.999529
7.07,1.02982,0.097575,87.933281,1000.994722
7.08,1.02982,0.097575,87.933582,1000.989649
7.09,1.02982,0.097574,87.933953,1000.984319
7.1,1.02982,0.097574,87.934393,1000.97874
7.11,1.02982,0.097573,87.934901,1000.97292
7.12,1.029819,0.097573,87.935478,1000.966867
7.13,1.029819,0.097572,87.936121,1000.960591
7.14,1.029819,0.097571,87.93683,1000.9541
7.15,1.029819,0.097571,87.937604,1000.947404
7.16,1.029819,0.09757,87.938441,1000.940511
7.17,1.029819,0.097569,87.93934,1000.933431
7.18,1.029819,0.097569,87.9403,1000.926174
7.19,1.029819,0.097568,87.941318,1000.91875
7.2,1.029819,0.097567,87.942393,1000.911167
7.21,1.029818,0.097567,87.943522,1000.903436
7.22,1.029818,0.097566,87.944704,1000.895567
7.23,1.029818,0.097565,87.945937,1000.887568
7.24,1.029818,0.097564,87.947218,1000.87945
7.25,1.029818,0.097564,87.948545,1000.871223
7.26,1.029818,0.097563,87.949916,1000.862897
7.27,1.029818,0.097562,87.951327,1000.85448
7.28,1.029818,0.097561,87.952777,1000.845983
7.29,1.029817,0.09756,87.954262,1000.837414
7.3,1.029817,0.09756,87.955779,1000.828784
7.31,1.029817,0.097559,87.957327,1000.820102
7.32,1.029817,0.097558,87.958901,1000.811377
7.33,1.029817,0.097557,87.960499,1000.802617
7.34,1.029817,0.097556,87.962118,1000.793833
7.35,1.029816,0.097556,87.963756,1000.785033
7.36,1.029816,0.097555,87.965408,1000.776226
7.37,1.029816,0.097554,87.967072,1000.767419
7.38,1.029816,0.097553,87.968744,1000.758623
7.39,1.029816,0.097552,87.970423,1000.749844
7.4,1.029816,0.097551,87.972104,1000.741092
7.41,1.029816,0.097551,87.973784,1000.732375
7.42,1.029815,0.09755,87.975461,1000.723699
7.43,1.029815,0.097549,87.977131,1000.715074
7.44,1.029815,0.097548,87.978792,1000.706506
7.45,1.029815,0.097547,87.980441,1000.698003
7.46,1.029815,0.097547,87.982074,1000.689572
7.47,1.029815,0.097546,87.983689,1000.681221
7.48,1.029814,0.097545,87.985283,1000.672957
7.49,1.029814,0.097544,87.986854,1000.664785
7.5,1.029814,0.097544,87.988398,1000.656713
7.51,1.029814,0.097543,87.989914,1000.648748
7.52,1.029814,0.097542,87.991398,1000.640896
7.53,1.029814,0.097541,87.992849,1000.633163
7.54,1.029813,0.097541,87.994264,1000.625554
7.55,1.029813,0.09754,87.995641,1000.618077
7.56,1.029813,0.097539,87.996977,1000.610736
7.57,1.029813,0.097539,87.998272,1000.603538
7.58,1.029813,0.097538,87.999522,1000.596488
7.59,1.029813,0.097537,88.000727,1000.58959
7.6,1.029813,0.097537,88.001884,1000.58285
7.61,1.029813,0.097536,88.002993,1000.576274
7.62,1.029812,0.097535,88.004051,1000.569865
7.63,1.029812,0.097535,88.005058,1000.563629
7.64,1.029812,0.097534,88.006012,1000.55757
7.65,1.029812,0.097534,88.006913,1000.551692
7.66,1.029812,0.097533,88.007759,1000.545999
7.67,1.029812,0.097533,88.008549,1000.540496
7.68,1.029812,0.097532,88.009284,1000.535185
7.69,1.029812,0.097532,88.009962,1000.530071
7.7,1.029812,0.097531,88.010584,1000.525157
7.71,1.029811,0.097531,88.011148,1000.520446
7.72,1.029811,0.09753,88.011655,1000.515941
7.73,1.029811,0.09753,88.012105,1000.511644
7.74,1.029811,0.09753,88.012498,1000.507559
7.75,1.029811,0.097529,88.012833,1000.503687
7.76,1.029811,0.097529,88.013112,1000.500032
7.77,1.029811,0.097529,88.013335,1000.496593
7.78,1.029811,0.097528,88.013502,1000.493374
7.79,1.029811,0.097528,88.013614,1000.490375
7.8,1.029811,0.097528,88.013671,1000.487597
7.81,1.029811,0.097528,88.013675,1000.485042
7.82,1.029811,0.097527,88.013627,1000.48271
7.83,1.029811,0.097527,88.013526,1000.480601
7.84,1.029811,0.097527,88.013375,1000.478715
7.85,1.029811,0.097527,88.013175,1000.477052
7.86,1.02981,0.097527,88.012927,1000.475612
7.87,1.02981,0.097527,88.012632,1000.474392
7.88,1.02981,0.097526,88.012291,1000.473393
7.89,1.02981,0.097526,88.011906,1000.472613
7.9,1.02981,0.097526,88.011479,1000.47205
7.91,1.02981,0.097526,88.011011,1000.471702
7.92,1.02981,0.097526,88.010503,1000.471566
7.93,1.02981,0.097526,88.009957,1000.47164
7.94,1.02981,0.097526,88.009375,1000.47192
7.95,1.02981,0.097526,88.008759,1000.472403
7.96,1.02981,0.097526,88.00811,1000.473086
7.97,1.02981,0.097526,88.007429,1000.473964
7.98,1.02981,0.097527,88.006719,1000.475033
7.99,1.02981,0.097527,88.005982,1000.476288
8,1.02981,0.097527,88.005218,1000.477724
8.01,1.02981,0.097527,88.004431,1000.479335
8.02,1.02981,0.097527,88.003621,1000.481117
8.03,1.02981,0.097527,88.00279,1000.483063
8.04,1.02981,0.097527,88.001941,1000.485167
8.05,1.02981,0.097528,88.001075,1000.487421
8.06,1.02981,0.097528,88.000193,1000.48982
8.07,1.02981,0.097528,87.999297,1000.492356
8.08,1.02981,0.097528,87.99839,1000.495022
8.09,1.02981,0.097529,87.997472,1000.49781
8.1,1.02981,0.097529,87.996546,1000.500712
8.11,1.02981,0.097529,87.995612,1000.50372
8.12,1.02981,0.09753,87.994673,1000.506825
8.13,1.02981,0.09753,87.99373,1000.510019
8.14,1.02981,0.09753,87.992785,1000.513294
8.15,1.02981,0.09753,87.991839,1000.516639
8.16,1.02981,0.097531,87.990894,1000.520047
8.17,1.02981,0.097531,87.98995,1000.523507
8.18,1.029811,0.097531,87.98901,1000.527011
8.19,1.029811,0.097532,87.988075,1000.530549
8.2,1.029811,0.097532,87.987146,1000.534111
8.21,1.029811,0.097532,87.986224,1000.537687
8.22,1.029811,0.097533,87.985311,1000.541269
8.23,1.029811,0.097533,87.984407,1000.544846
8.24,1.029811,0.097533,87.983514,1000.548408
8.25,1.029811,0.097534,87.982634,1000.551947
8.26,1.029811,0.097534,87.981766,1000.555451
8.27,1.029811,0.097534,87.980912,1000.558912
8.28,1.029811,0.097535,87.980074,1000.56232
8.29,1.029811,0.097535,87.979252,1000.565665
8.3,1.029811,0.097535,87.978446,1000.568939
8.31,1.029811,0.097536,87.977659,1000.572131
8.32,1.029811,0.097536,87.97689,1000.575234
8.33,1.029811,0.097536,87.97614,1000.578238
8.34,1.029811,0.097536,87.975411,1000.581134
8.35,1.029811,0.097537,87.974703,1000.583915
8.36,1.029811,0.097537,87.974017,1000.586572
8.37,1.029811,0.097537,87.973353,1000.589096
8.38,1.029811,0.097537,87.972712,1000.591482
8.39,1.029811,0.097538,87.972095,1000.59372
8.4,1.029811,0.097538,87.971502,1000.595805
8.41,1.029811,0.097538,87.970934,1000.597729
8.42,1.029811,0.097538,87.970391,1000.599486
8.43,1.029811,0.097538,87.969874,1000.601071
8.44,1.029811,0.097538,87.969383,1000.602477
8.45,1.029811,0.097539,87.968919,1000.6037
8.46,1.029811,0.097539,87.968482,1000.604734
8.47,1.029811,0.097539,87.968072,1000.605576
8.48,1.029811,0.097539,87.967691,1000.606222
8.49,1.029811,0.097539,87.967338,1000.606667
8.5,1.029811,0.097539,87.967013,1000.606909
8.51,1.029811,0.097539,87.966717,1000.606945
8.52,1.029811,0.097539,87.96645,1000.606772
8.53,1.029811,0.097539,87.966212,1000.60639
8.54,1.029811,0.097539,87.966004,1000.605797
8.55,1.029811,0.097539,87.965826,1000.604992
8.56,1.029811,0.097539,87.965677,1000.603975
8.57,1.029811,0.097538,87.965559,1000.602745
8.58,1.029811,0.097538,87.96547,1000.601303
8.59,1.029811,0.097538,87.965412,1000.59965
8.6,1.029811,0.097538,87.965384,1000.597788
8.61,1.029811,0.097538,87.965386,1000.595718
8.62,1.029811,0.097538,87.965419,1000.593443
8.63,1.029811,0.097537,87.965482,1000.590965
8.64,1.029811,0.097537,87.965574,1000.588287
8.65,1.029811,0.097537,87.965697,1000.585413
8.66,1.029811,0.097537,87.96585,1000.582347
8.67,1.029811,0.097536,87.966033,1000.579092
8.68,1.029811,0.097536,87.966245,1000.575655
8.69,1.029811,0.097536,87.966487,1000.572038
8.7,1.029811,0.097535,87.966758,1000.568249
8.71,1.029811,0.097535,87.967057,1000.564291
8.72,1.029811,0.097534,87.967385,1000.560172
8.73,1.029811,0.097534,87.967741,1000.555898
8.74,1.029811,0.097534,87.968125,1000.551474
8.75,1.029811,0.097533,87.968536,1000.546909
8.76,1.029811,0.097533,87.968974,1000.542207
8.77,1.029811,0.097532,87.969438,1000.537377
8.78,1.029811,0.097532,87.969928,1000.532427
8.79,1.029811,0.097531,87.970443,1000.527363
8.8,1.029811,0.097531,87.970983,1000.522193
8.81,1.02981,0.09753,87.971546,1000.516925
8.82,1.02981,0.09753,87.972132,1000.511567
8.83,1.02981,0.097529,87.972741,1000.506127
8.84,1.02981,0.097529,87.973371,1000.500613
8.85,1.02981,0.097528,87.974022,1000.495033
8.86,1.02981,0.097528,87.974692,1000.489396
8.87,1.02981,0.097527,87.975381,1000.483709
8.88,1.02981,0.097527,87.976089,1000.47798
8.89,1.02981,0.097526,87.976813,1000.472218
8.9,1.02981,0.097525,87.977553,1000.466431
8.91,1.02981,0.097525,87.978308,1000.460627
8.92,1.02981,0.097524,87.979077,1000.454814
8.93,1.02981,0.097524,87.979858,1000.449
8.94,1.02981,0.097523,87.980651,1000.443192
8.95,1.02981,0.097523,87.981454,1000.437398
8.96,1.02981,0.097522,87.982266,1000.431625
8.97,1.02981,0.097522,87.983086,1000.425882
8.98,1.02981,0.097521,87.983912,1000.420174
8.99,1.02981,0.097521,87.984744,1000.41451
9,1.029809,0.09752,87.985579,1000.408896
9.01,1.029809,0.09752,87.986417,1000.403338
9.02,1.029809,0.097519,87.987257,1000.397842
9.03,1.029809,0.097518,87.988096,1000.392416
9.04,1.029809,0.097518,87.988934,1000.387065
9.05,1.029809,0.097517,87.989769,1000.381794
9.06,1.029809,0.097517,87.9906,1000.376609
9.07,1.029809,0.097517,87.991425,1000.371516
9.08,1.029809,0.097516,87.992243,1000.366518
9.09,1.029809,0.097516,87.993054,1000.361621
9.1,1.029809,0.097515,87.993854,1000.356829
9.11,1.029809,0.097515,87.994643,1000.352147
9.12,1.029809,0.097514,87.99542,1000.347578
9.13,1.029809,0.097514,87.996184,1000.343125
9.14,1.029809,0.097513,87.996932,1000.338793
9.15,1.029809,0.097513,87.997664,1000.334583
9.16,1.029809,0.097513,87.998379,1000.3305
9.17,1.029809,0.097512,87.999075,1000.326545
9.18,1.029808,0.097512,87.999751,1000.32272
9.19,1.029808,0.097512,88.000406,1000.319028
9.2,1.029808,0.097511,88.001039,1000.31547
9.21,1.029808,0.097511,88.001648,1000.312048
9.22,1.029808,0.097511,88.002234,1000.308763
9.23,1.029808,0.09751,88.002794,1000.305616
9.24,1.029808,0.09751,88.003328,1000.302608
9.25,1.029808,0.09751,88.003835,1000.299739
9.26,1.029808,0.09751,88.004314,1000.297009
9.27,1.029808,0.097509,88.004764,1000.294419
9.28,1.029808,0.097509,88.005185,1000.291969
9.29,1.029808,0.097509,88.005576,1000.289657
9.3,1.029808,0.097509,88.005936,1000.287484
9.31,1.029808,0.097508,88.006265,1000.285449
9.32,1.029808,0.097508,88.006562,1000.28355
9.33,1.029808,0.097508,88.006827,1000.281787
9.34,1.029808,0.097508,88.00706,1000.280159
9.35,1.029808,0.097508,88.007261,1000.278664
9.36,1.029808,0.097508,88.007428,1000.2773
9.37,1.029808,0.097508,88.007562,1000.276065
9.38,1.029808,0.097507,88.007664,1000.274959
9.39,1.029808,0.097507,88.007732,1000.273978
9.4,1.029808,0.097507,88.007767,1000.273121
9.41,1.029808,0.097507,88.00777,1000.272386
9.42,1.029808,0.097507,88.007739,1000.27177
9.43,1.029808,0.097507,88.007677,1000.27127
9.44,1.029808,0.097507,88.007582,1000.270885
9.45,1.029808,0.097507,88.007456,1000.270611
9.46,1.029808,0.097507,88.007299,1000.270446
9.47,1.029808,0.097507,88.007111,1000.270387
9.48,1.029808,0.097507,88.006893,1000.270432
9.49,1.029808,0.097507,88.006646,1000.270576
9.5,1.029808,0.097507,88.006371,1000.270818
9.51,1.029808,0.097507,88.006067,1000.271154
9.52,1.029808,0.097507,88.005737,1000.271582
9.53,1.029808,0.097507,88.00538,1000.272097
9.54,1.029808,0.097507,88.004998,1000.272697
9.55,1.029808,0.097507,88.004593,1000.273379
9.56,1.029808,0.097507,88.004164,1000.274138
9.57,1.029808,0.097507,88.003713,1000.274973
9.58,1.029808,0.097507,88.003241,1000.27588
9.59,1.029808,0.097508,88.002749,1000.276854
9.6,1.029808,0.097508,88.002239,1000.277894
9.61,1.029808,0.097508,88.001711,1000.278995
9.62,1.029808,0.097508,88.001167,1000.280154
9.63,1.029808,0.097508,88.000609,1000.281367
9.64,1.029808,0.097508,88.000036,1000.282631
9.65,1.029808,0.097508,87.999452,1000.283943
9.66,1.029808,0.097508,87.998856,1000.285299
9.67,1.029808,0.097508,87.998251,1000.286694
9.68,1.029808,0.097509,87.997637,1000.288127
9.69,1.029808,0.097509,87.997017,1000.289592
9.7,1.029808,0.097509,87.99639,1000.291087
9.71,1.029808,0.097509,87.99576,1000.292608
9.72,1.029809,0.097509,87.995127,1000.294151
9.73,1.029809,0.097509,87.994492,1000.295713
9.74,1.029809,0.097509,87.993856,1000.297289
9.75,1.029809,0.09751,87.993222,1000.298876
9.76,1.029809,0.09751,87.99259,1000.300471
9.77,1.029809,0.09751,87.991961,1000.30207
9.78,1.029809,0.09751,87.991338,1000.303668
9.79,1.029809,0.09751,87.99072,1000.305263
9.8,1.029809,0.09751,87.99011,1000.30685
9.81,1.029809,0.09751,87.989507,1000.308426
9.82,1.029809,0.097511,87.988915,1000.309988
9.83,1.029809,0.097511,87.988333,1000.31153
9.84,1.029809,0.097511,87.987763,1000.313051
9.85,1.029809,0.097511,87.987205,1000.314545
9.86,1.029809,0.097511,87.986661,1000.31601
9.87,1.029809,0.097511,87.986132,1000.317442
9.88,1.029809,0.097511,87.985618,1000.318837
9.89,1.029809,0.097511,87.985121,1000.320191
9.9,1.029809,0.097512,87.984641,1000.321501
9.91,1.029809,0.097512,87.984179,1000.322763
9.92,1.029809,0.097512,87.983736,1000.323974
9.93,1.029809,0.097512,87.983311,1000.325131
9.94,1.029809,0.097512,87.982907,1000.32623
9.95,1.029809,0.097512,87.982524,1000.327267
9.96,1.02981,0.097512,87.982162,1000.32824
9.97,1.02981,0.097512,87.981821,1000.329145
9.98,1.02981,0.097512,87.981502,1000.329979
9.99,1.02981,0.097512,87.981206,1000.330739
10,1.02981,0.097512,87.980932,1000.331422
10.01,1.02981,0.097513,87.980681,1000.332025
10.02,1.02981,0.097513,87.980454,1000.332545
10.03,1.02981,0.097513,87.98025,1000.33298
10.04,1.02981,0.097513,87.980069,1000.333327
10.05,1.02981,0.097513,87.979912,1000.333584
10.06,1.02981,0.097513,87.979779,1000.333748
10.07,1.02981,0.097513,87.97967,1000.333818
10.08,1.02981,0.097513,87.979585,1000.33379
10.09,1.02981,0.097513,87.979523,1000.333664
10.1,1.02981,0.097513,87.979484,1000.333437
10.11,1.02981,0.097513,87.979469,1000.333108
10.12,1.02981,0.097513,87.979477,1000.332675
10.13,1.02981,0.097513,87.979508,1000.332138
10.14,1.02981,0.097512,87.979562,1000.331494
10.15,1.02981,0.097512,87.979638,1000.330744
10.16,1.02981,0.097512,87.979736,1000.329886
10.17,1.02981,0.097512,87.979856,1000.32892
10.18,1.02981,0.097512,87.979997,1000.327845
10.19,1.02981,0.097512,87.980159,1000.326661
10.2,1.02981,0.097512,87.980342,1000.325369
10.21,1.02981,0.097512,87.980545,1000.323968
10.22,1.02981,0.097512,87.980767,1000.322459
10.23,1.02981,0.097511,87.981008,1000.320842
10.24,1.02981,0.097511,87.981268,1000.319119
10.25,1.02981,0.097511,87.981546,1000.31729
10.26,1.02981,0.097511,87.981841,1000.315356
10.27,1.02981,0.097511,87.982154,1000.31332
10.28,1.02981,0.097511,87.982482,1000.311182
10.29,1.02981,0.09751,87.982826,1000.308945
10.3,1.02981,0.09751,87.983186,1000.30661
10.31,1.02981,0.09751,87.98356,1000.30418
10.32,1.02981,0.09751,87.983948,1000.301657
10.33,1.02981,0.097509,87.984349,1000.299043
10.34,1.02981,0.097509,87.984763,1000.296343
10.35,1.02981,0.097509,87.985188,1000.293557
10.36,1.02981,0.097509,87.985626,1000.290691
10.37,1.02981,0.097508,87.986074,1000.287746
10.38,1.02981,0.097508,87.986532,1000.284727
10.39,1.02981,0.097508,87.987,1000.281637
10.4,1.02981,0.097507,87.987477,1000.27848
10.41,1.02981,0.097507,87.987961,1000.27526
10.42,1.02981,0.097507,87.988454,1000.27198
10.43,1.02981,0.097506,87.988954,1000.268646
10.44,1.02981,0.097506,87.98946,1000.265262
10.45,1.02981,0.097506,87.989971,1000.261831
10.46,1.02981,0.097505,87.990488,1000.258358
10.47,1.02981,0.097505,87.99101,1000.254849
10.48,1.02981,0.097505,87.991535,1000.251307
10.49,1.02981,0.097504,87.992064,1000.247737
10.5,1.02981,0.097504,87.992596,1000.244145
10.51,1.02981,0.097504,87.993129,1000.240534
10.52,1.02981,0.097503,87.993665,1000.236911
10.53,1.02981,0.097503,87.994201,1000.233279
10.54,1.02981,0.097503,87.994738,1000.229644
10.55,1.02981,0.097502,87.995275,1000.226011
10.56,1.02981,0.097502,87.995811,1000.222384
10.57,1.02981,0.097502,87.996347,1000.218768
10.58,1.02981,0.097501,87.99688,1000.215169
10.59,1.02981,0.097501,87.997411,1000.211591
10.6,1.02981,0.097501,87.99794,1000.208038
10.61,1.02981,0.0975,87.998465,1000.204516
10.62,1.02981,0.0975,87.998986,1000.201029
10.63,1.02981,0.0975,87.999504,1000.197581
10.64,1.02981,0.097499,88.000016,1000.194178
10.65,1.02981,0.097499,88.000523,1000.190822
10.66,1.02981,0.097499,88.001025,1000.187519
10.67,1.02981,0.097498,88.001521,1000.184272
10.68,1.02981,0.097498,88.002009,1000.181085
10.69,1.02981,0.097498,88.002491,1000.177963
10.7,1.02981,0.097498,88.002966,1000.174908
10.71,1.02981,0.097497,88.003432,1000.171924
10.72,1.02981,0.097497,88.00389,1000.169015
10.73,1.02981,0.097497,88.004339,1000.166183
10.74,1.02981,0.097496,88.004779,1000.163431
10.75,1.02981,0.097496,88.00521,1000.160763
10.76,1.02981,0.097496,88.005631,1000.15818
10.77,1.02981,0.097496,88.006041,1000.155685
10.78,1.02981,0.097495,88.006441,1000.153281
10.79,1.02981,0.097495,88.006829,1000.150968
10.8,1.02981,0.097495,88.007207,1000.14875
10.81,1.02981,0.097495,88.007572,1000.146626
10.82,1.02981,0.097495,88.007926,1000.1446
10.83,1.02981,0.097494,88.008267,1000.142671
10.84,1.02981,0.097494,88.008596,1000.140841
10.85,1.02981,0.097494,88.008911,1000.13911
10.86,1.02981,0.097494,88.009214,1000.13748
10.87,1.02981,0.097494,88.009503,1000.135949
10.88,1.02981,0.097494,88.009779,1000.134519
10.89,1.02981,0.097494,88.010041,1000.133188
10.9,1.02981,0.097493,88.010288,1000.131958
10.91,1.02981,0.097493,88.010522,1000.130827
10.92,1.02981,0.097493,88.010741,1000.129794
10.93,1.02981,0.097493,88.010946,1000.128859
10.94,1.02981,0.097493,88.011136,1000.12802
10.95,1.02981,0.097493,88.011311,1000.127276
10.96,1.02981,0.097493,88.011472,1000.126626
10.97,1.02981,0.097493,88.011617,1000.126069
10.98,1.02981,0.097493,88.011748,1000.125602
10.99,1.02981,0.097493,88.011863,1000.125223
11,1.02981,0.097493,88.011964,1000.12493
11.01,1.02981,0.097493,88.01205,1000.124722
11.02,1.02981,0.097493,88.012121,1000.124596
11.03,1.02981,0.097493,88.012177,1000.124549
11.04,1.02981,0.097493,88.012219,1000.124578
11.05,1.02981,0.097493,88.012246,1000.124682
11.06,1.02981,0.097493,88.012259,1000.124857
11.07,1.02981,0.097493,88.012257,1000.1251
11.08,1.02981,0.097493,88.012241,1000.125409
11.09,1.02981,0.097493,88.012212,1000.12578
11.1,1.02981,0.097493,88.012169,1000.126211
11.11,1.02981,0.097493,88.012112,1000.126698
11.12,1.02981,0.097493,88.012043,1000.127237
11.13,1.02981,0.097493,88.011961,1000.127827
11.14,1.02981,0.097493,88.011867,1000.128462
11.15,1.02981,0.097493,88.01176,1000.129141
11.16,1.02981,0.097493,88.011643,1000.12986
11.17,1.02981,0.097493,88.011514,1000.130615
11.18,1.02981,0.097493,88.011374,1000.131403
11.19,1.02981,0.097493,88.011224,1000.132221
11.2,1.02981,0.097494,88.011065,1000.133066
11.21,1.02981,0.097494,88.010896,1000.133933
11.22,1.02981,0.097494,88.010718,1000.134821
11.23,1.02981,0.097494,88.010533,1000.135725
11.24,1.02981,0.097494,88.010339,1000.136643
11.25,1.02981,0.097494,88.010139,1000.137571
11.26,1.02981,0.097494,88.009932,1000.138507
11.27,1.02981,0.097494,88.00972,1000.139446
11.28,1.02981,0.097494,88.009502,1000.140387
11.29,1.02981,0.097494,88.00928,1000.141326
11.3,1.02981,0.097494,88.009054,1000.142261
11.31,1.02981,0.097494,88.008825,1000.143188
11.32,1.029811,0.097495,88.008594,1000.144106
11.33,1.029811,0.097495,88.00836,1000.14501
11.34,1.029811,0.097495,88.008126,1000.1459
11.35,1.029811,0.097495,88.007891,1000.146772
11.36,1.029811,0.097495,88.007656,1000.147624
11.37,1.029811,0.097495,88.007422,1000.148453
11.38,1.029811,0.097495,88.00719,1000.149258
11.39,1.029811,0.097495,88.00696,1000.150036
11.4,1.029811,0.097495,88.006733,1000.150786
11.41,1.029811,0.097495,88.00651,1000.151505
11.42,1.029811,0.097495,88.006291,1000.152191
11.43,1.029811,0.097495,88.006078,1000.152844
11.44,1.029811,0.097495,88.00587,1000.15346
11.45,1.029811,0.097495,88.005668,1000.154039
11.46,1.029811,0.097495,88.005474,1000.15458
11.47,1.029811,0.097495,88.005287,1000.155079
11.48,1.029811,0.097496,88.005109,1000.155538
11.49,1.029811,0.097496,88.004939,1000.155953
11.5,1.029811,0.097496,88.004779,1000.156324
11.51,1.029811,0.097496,88.004629,1000.156651
11.52,1.029811,0.097496,88.004489,1000.156931
11.53,1.029811,0.097496,88.004361,1000.157164
11.54,1.029811,0.097496,88.004244,1000.15735
11.55,1.029811,0.097496,88.004139,1000.157487
11.56,1.029811,0.097496,88.004047,1000.157575
11.57,1.029811,0.097496,88.003967,1000.157614
11.58,1.029812,0.097496,88.003901,1000.157602
11.59,1.029812,0.097496,88.003848,1000.157539
11.6,1.029812,0.097496,88.00381,1000.157426
11.61,1.029812,0.097496,88.003786,1000.15726
11.62,1.029812,0.097496,88.003776,1000.157044
11.63,1.029812,0.097496,88.003781,1000.156775
11.64,1.029812,0.097496,88.003801,1000.156454
11.65,1.029812,0.097496,88.003836,1000.156082
11.66,1.029812,0.097495,88.003887,1000.155657
11.67,1.029812,0.097495,88.003953,1000.15518
11.68,1.029812,0.097495,88.004035,1000.154651
11.69,1.029812,0.097495,88.004133,1000.15407
11.7,1.029812,0.097495,88.004246,1000.153437
11.71,1.029812,0.097495,88.004374,1000.152753
11.72,1.029812,0.097495,88.004519,1000.152017
11.73,1.029812,0.097495,88.004679,1000.151231
11.74,1.029812,0.097495,88.004854,1000.150394
11.75,1.029812,0.097495,88.005044,1000.149507
11.76,1.029812,0.097495,88.00525,1000.14857
11.77,1.029812,0.097495,88.005471,1000.147584
11.78,1.029812,0.097495,88.005706,1000.146549
11.79,1.029812,0.097494,88.005956,1000.145466
11.8,1.029812,0.097494,88.00622,1000.144336
11.81,1.029812,0.097494,88.006498,1000.143159
11.82,1.029812,0.097494,88.006789,1000.141936
11.83,1.029812,0.097494,88.007094,1000.140668
11.84,1.029812,0.097494,88.007412,1000.139355
11.85,1.029812,0.097494,88.007742,1000.137998
11.86,1.029812,0.097494,88.008084,1000.136599
11.87,1.029812,0.097493,88.008438,1000.135158
11.88,1.029812,0.097493,88.008803,1000.133676
11.89,1.029812,0.097493,88.009178,1000.132154
11.9,1.029812,0.097493,88.009564,1000.130594
11.91,1.029812,0.097493,88.00996,1000.128996
11.92,1.029812,0.097493,88.010365,1000.127361
11.93,1.029812,0.097493,88.010778,1000.125691
11.94,1.029812,0.097492,88.0112,1000.123987
11.95,1.029812,0.097492,88.01163,1000.12225
11.96,1.029812,0.097492,88.012066,1000.120482
11.97,1.029812,0.097492,88.012509,1000.118684
11.98,1.029812,0.097492,88.012958,1000.116857
11.99,1.029812,0.097492,88.013412,1000.115003
12,1.029812,0.097491,88.013872,1000.113124
12.01,1.029812,0.097491,88.014335,1000.11122
12.02,1.029812,0.097491,88.014802,1000.109294
12.03,1.029812,0.097491,88.015273,1000.107348
12.04,1.029812,0.097491,88.015746,1000.105382
12.05,1.029812,0.09749,88.016221,1000.103399
12.06,1.029812,0.09749,88.016697,1000.1014
12.07,1.029812,0.09749,88.017175,1000.099388
12.08,1.029812,0.09749,88.017653,1000.097363
12.09,1.029812,0.09749,88.018131,1000.095329
12.1,1.029812,0.09749,88.018608,1000.093286
12.11,1.029812,0.097489,88.019084,1000.091238
12.12,1.029812,0.097489,88.019559,1000.089185
12.13,1.029812,0.097489,88.020031,1000.08713
12.14,1.029812,0.097489,88.020501,1000.085075
12.15,1.029812,0.097489,88.020968,1000.083022
12.16,1.029812,0.097488,88.021431,1000.080973
12.17,1.029812,0.097488,88.02189,1000.07893
12.18,1.029812,0.097488,88.022345,1000.076895
12.19,1.029812,0.097488,88.022796,1000.07487
12.2,1.029812,0.097488,88.023241,1000.072858
12.21,1.029812,0.097487,88.023681,1000.07086
12.22,1.029812,0.097487,88.024114,1000.068879
12.23,1.029812,0.097487,88.024542,1000.066917
12.24,1.029812,0.097487,88.024964,1000.064976
12.25,1.029812,0.097487,88.025378,1000.063057
12.26,1.029812,0.097486,88.025786,1000.061163
12.27,1.029812,0.097486,88.026186,1000.059297
12.28,1.029812,0.097486,88.026579,1000.057459
12.29,1.029812,0.097486,88.026964,1000.055652
12.3,1.029812,0.097486,88.027341,1000.053878
12.31,1.029812,0.097486,88.02771,1000.052139
12.32,1.029812,0.097485,88.02807,1000.050436
12.33,1.029812,0.097485,88.028422,1000.048772
12.34,1.029812,0.097485,88.028765,1000.047148
12.35,1.029812,0.097485,88.0291,1000.045566
12.36,1.029812,0.097485,88.029426,1000.044027
12.37,1.029812,0.097485,88.029743,1000.042534
12.38,1.029812,0.097485,88.03005,1000.041086
12.39,1.029812,0.097484,88.030349,1000.039687
12.4,1.029812,0.097484,88.030639,1000.038337
12.41,1.029812,0.097484,88.030919,1000.037037
12.42,1.029812,0.097484,88.03119,1000.035789
12.43,1.029812,0.097484,88.031452,1000.034593
12.44,1.029812,0.097484,88.031705,1000.033451
12.45,1.029813,0.097484,88.031949,1000.032363
12.46,1.029813,0.097484,88.032184,1000.031331
12.47,1.029813,0.097484,88.032409,1000.030355
12.48,1.029813,0.097483,88.032626,1000.029435
12.49,1.029813,0.097483,88.032833,1000.028572
12.5,1.029813,0.097483,88.033032,1000.027766
12.51,1.029813,0.097483,88.033222,1000.027018
12.52,1.029813,0.097483,88.033404,1000.026327
12.53,1.029813,0.097483,88.033576,1000.025694
12.54,1.029813,0.097483,88.033741,1000.025119
12.55,1.029813,0.097483,88.033897,1000.024601
12.56,1.029813,0.097483,88.034044,1000.02414
12.57,1.029813,0.097483,88.034184,1000.023735
12.58,1.029813,0.097483,88.034316,1000.023387
12.59,1.029813,0.097483,88.03444,1000.023094
12.6,1.029813,0.097483,88.034557,1000.022856
12.61,1.029813,0.097483,88.034666,1000.022671
12.62,1.029813,0.097483,88.034768,1000.02254
12.63,1.029813,0.097483,88.034862,1000.02246
12.64,1.029813,0.097483,88.03495,1000.02243
12.65,1.029813,0.097483,88.035032,1000.02245
12.66,1.029813,0.097483,88.035106,1000.022518
12.67,1.029813,0.097483,88.035175,1000.022632
12.68,1.029813,0.097483,88.035237,1000.022791
12.69,1.029813,0.097483,88.035293,1000.022993
12.7,1.029813,0.097483,88.035344,1000.023236
12.71,1.029813,0.097483,88.035389,1000.02352
12.72,1.029813,0.097483,88.035429,1000.023841
12.73,1.029813,0.097483,88.035464,1000.024198
12.74,1.029813,0.097483,88.035494,1000.024588
12.75,1.029813,0.097483,88.03552,1000.025011
12.76,1.029813,0.097483,88.035541,1000.025463
12.77,1.029813,0.097483,88.035558,1000.025943
12.78,1.029813,0.097483,88.035572,1000.026448
12.79,1.029813,0.097483,88.035581,1000.026976
12.8,1.029813,0.097483,88.035587,1000.027525
12.81,1.029813,0.097483,88.03559,1000.028092
12.82,1.029813,0.097483,88.03559,1000.028676
12.83,1.029813,0.097483,88.035588,1000.029273
12.84,1.029813,0.097483,88.035583,1000.029882
12.85,1.029814,0.097483,88.035576,1000.0305
12.86,1.029814,0.097484,88.035567,1000.031124
12.87,1.029814,0.097484,88.035556,1000.031753
12.88,1.029814,0.097484,88.035544,1000.032385
12.89,1.029814,0.097484,88.035531,1000.033016
12.9,1.029814,0.097484,88.035517,1000.033644
12.91,1.029814,0.097484,88.035503,1000.034268
12.92,1.029814,0.097484,88.035488,1000.034884
12.93,1.029814,0.097484,88.035473,1000.035492
12.94,1.029814,0.097484,88.035458,1000.036088
12.95,1.029814,0.097484,88.035444,1000.036671
12.96,1.029814,0.097484,88.035431,1000.037239
12.97,1.029814,0.097484,88.035418,1000.037789
12.98,1.029814,0.097484,88.035407,1000.03832
12.99,1.029814,0.097484,88.035398,1000.038829
13,1.029814,0.097484,88.03539,1000.039316
13.01,1.029814,0.097484,88.035384,1000.039778
13.02,1.029814,0.097484,88.035381,1000.040214
13.03,1.029814,0.097484,88.035381,1000.040622
13.04,1.029814,0.097484,88.035383,1000.041001
13.05,1.029814,0.097484,88.035389,1000.041349
13.06,1.029814,0.097484,88.035397,1000.041666
13.07,1.029814,0.097485,88.03541,1000.041949
13.08,1.029814,0.097485,88.035427,1000.042198
13.09,1.029814,0.097485,88.035447,1000.042411
13.1,1.029814,0.097485,88.035472,1000.042588
13.11,1.029814,0.097485,88.035502,1000.042729
13.12,1.029814,0.097485,88.035537,1000.042831
13.13,1.029814,0.097485,88.035576,1000.042895
13.14,1.029814,0.097485,88.035621,1000.042919
13.15,1.029815,0.097485,88.035672,1000.042904
13.16,1.029815,0.097485,88.035728,1000.042849
13.17,1.029815,0.097485,88.03579,1000.042754
13.18,1.029815,0.097485,88.035858,1000.042619
13.19,1.029815,0.097485,88.035933,1000.042442
13.2,1.029815,0.097485,88.036014,1000.042225
13.21,1.029815,0.097484,88.036101,1000.041968
13.22,1.029815,0.097484,88.036195,1000.04167
13.23,1.029815,0.097484,88.036297,1000.041332
13.24,1.029815,0.097484,88.036405,1000.040954
13.25,1.029815,0.097484,88.03652,1000.040536
13.26,1.029815,0.097484,88.036643,1000.04008
13.27,1.029815,0.097484,88.036773,1000.039584
13.28,1.029815,0.097484,88.03691,1000.039051
13.29,1.029815,0.097484,88.037055,1000.03848
13.3,1.029815,0.097484,88.037208,1000.037873
13.31,1.029815,0.097484,88.037367,1000.03723
13.32,1.029815,0.097484,88.037535,1000.036552
13.33,1.029815,0.097484,88.03771,1000.035839
13.34,1.029815,0.097484,88.037893,1000.035093
13.35,1.029815,0.097484,88.038083,1000.034315
13.36,1.029815,0.097484,88.038281,1000.033506
13.37,1.029815,0.097484,88.038487,1000.032667
13.38,1.029815,0.097483,88.0387,1000.031798
13.39,1.029815,0.097483,88.03892,1000.030901
13.4,1.029815,0.097483,88.039147,1000.029978
13.41,1.029815,0.097483,88.039382,1000.029029
13.42,1.029815,0.097483,88.039624,1000.028055
13.43,1.029815,0.097483,88.039873,1000.027058
13.44,1.029815,0.097483,88.040128,1000.026039
13.45,1.029815,0.097483,88.04039,1000.025
13.46,1.029815,0.097483,88.040659,1000.02394
13.47,1.029815,0.097483,88.040934,1000.022863
13.48,1.029815,0.097483,88.041215,1000.021768
13.49,1.029815,0.097482,88.041502,1000.020658
13.5,1.029815,0.097482,88.041794,1000.019533
13.51,1.029815,0.097482,88.042092,1000.018395
13.52,1.029815,0.097482,88.042395,1000.017245
13.53,1.029815,0.097482,88.042703,1000.016084
13.54,1.029815,0.097482,88.043015,1000.014914
13.55,1.029815,0.097482,88.043332,1000.013735
13.56,1.029815,0.097482,88.043653,1000.01255
13.57,1.029815,0.097482,88.043978,1000.011358
13.58,1.029816,0.097481,88.044306,1000.010162
13.59,1.029816,0.097481,88.044637,1000.008963
13.6,1.029816,0.097481,88.044971,1000.007761
13.61,1.029816,0.097481,88.045308,1000.006557
13.62,1.029816,0.097481,88.045647,1000.005354
13.63,1.029816,0.097481,88.045988,1000.004152
13.64,1.029816,0.097481,88.04633,1000.002951
13.65,1.029816,0.097481,88.046673,1000.001754
13.66,1.029816,0.09748,88.047017,1000.00056
13.67,1.029816,0.09748,88.047362,999.999372
13.68,1.029816,0.09748,88.047707,999.99819
13.69,1.029816,0.09748,88.048051,999.997014
13.7,1.029816,0.09748,88.048395,999.995847
13.71,1.029816,0.09748,88.048738,999.994688
13.72,1.029816,0.09748,88.04908,999.993539
13.73,1.029816,0.09748,88.049421,999.9924
13.74,1.029816,0.09748,88.049759,999.991272
13.75,1.029816,0.097479,88.050095,999.990157
13.76,1.029816,0.097479,88.050429,999.989054
13.77,1.029816,0.097479,88.05076,999.987965
13.78,1.029816,0.097479,88.051088,999.98689
13.79,1.029816,0.097479,88.051412,999.98583
13.8,1.029816,0.097479,88.051732,999.984785
13.81,1.029816,0.097479,88.052049,999.983757
13.82,1.029816,0.097479,88.052361,999.982746
13.83,1.029816,0.097479,88.052669,999.981752
13.84,1.029816,0.097479,88.052971,999.980776
13.85,1.029816,0.097479,88.053269,999.979819
13.86,1.029816,0.097478,88.053562,999.978881
13.87,1.029816,0.097478,88.053848,999.977963
13.88,1.029816,0.097478,88.05413,999.977065
13.89,1.029816,0.097478,88.054405,999.976188
13.9,1.029816,0.097478,88.054674,999.975332
13.91,1.029816,0.097478,88.054937,999.974498
13.92,1.029816,0.097478,88.055194,999.973685
13.93,1.029816,0.097478,88.055444,999.972895
13.94,1.029816,0.097478,88.055687,999.972128
13.95,1.029816,0.097478,88.055924,999.971384
13.96,1.029816,0.097478,88.056154,999.970664
13.97,1.029816,0.097478,88.056376,999.969968
13.98,1.029816,0.097477,88.056592,999.969295
13.99,1.029816,0.097477,88.056801,999.968648
14,1.029816,0.097477,88.057002,999.968025
14.01,1.029816,0.097477,88.057196,999.967427
14.02,1.029816,0.097477,88.057384,999.966854
14.03,1.029816,0.097477,88.057564,999.966307
14.04,1.029816,0.097477,88.057736,999.965785
14.05,1.029816,0.097477,88.057902,999.965289
14.06,1.029816,0.097477,88.058061,999.964819
14.07,1.029816,0.097477,88.058212,999.964376
14.08,1.029816,0.097477,88.058357,999.963958
14.09,1.029816,0.097477,88.058494,999.963566
14.1,1.029816,0.097477,88.058625,999.963201
14.11,1.029816,0.097477,88.058749,999.962862
14.12,1.029816,0.097477,88.058867,999.962549
14.13,1.029816,0.097477,88.058978,999.962262
14.14,1.029816,0.097477,88.059083,999.962002
14.15,1.029817,0.097477,88.059181,999.961767
14.16,1.029817,0.097477,88.059274,999.961559
14.17,1.029817,0.097477,88.05936,999.961375
14.18,1.029817,0.097477,88.059441,999.961218
14.19,1.029817,0.097477,88.059517,999.961085
14.2,1.029817,0.097477,88.059586,999.960978
14.21,1.029817,0.097477,88.059651,999.960895
14.22,1.029817,0.097477,88.059711,999.960837
14.23,1.029817,0.097477,88.059766,999.960802
14.24,1.029817,0.097477,88.059816,999.960791
14.25,1.029817,0.097477,88.059862,999.960803
14.26,1.029817,0.097477,88.059904,999.960838
14.27,1.029817,0.097477,88.059941,999.960895
14.28,1.029817,0.097477,88.059975,999.960973
14.29,1.029817,0.097477,88.060006,999.961073
14.3,1.029817,0.097477,88.060033,999.961192
14.31,1.029817,0.097477,88.060057,999.961331
14.32,1.029817,0.097477,88.060078,999.96149
14.33,1.029817,0.097477,88.060097,999.961666
14.34,1.029817,0.097477,88.060113,999.96186
14.35,1.029817,0.097477,88.060127,999.962071
14.36,1.029817,0.097477,88.060139,999.962297
14.37,1.029817,0.097477,88.060149,999.962538
14.38,1.029817,0.097477,88.060157,999.962794
14.39,1.029817,0.097477,88.060165,999.963063
14.4,1.029817,0.097477,88.060171,999.963344
14.41,1.029817,0.097477,88.060176,999.963636
14.42,1.029817,0.097477,88.06018,999.963938
14.43,1.029817,0.097477,88.060184,999.964249
14.44,1.029817,0.097477,88.060188,999.964569
14.45,1.029817,0.097477,88.060191,999.964896
14.46,1.029818,0.097477,88.060195,999.965229
14.47,1.029818,0.097477,88.060198,999.965566
14.48,1.029818,0.097477,88.060203,999.965908
14.49,1.029818,0.097477,88.060207,999.966252
14.5,1.029818,0.097477,88.060213,999.966598
14.51,1.029818,0.097477,88.060219,999.966944
14.52,1.029818,0.097477,88.060227,999.967289
14.53,1.029818,0.097477,88.060236,999.967632
14.54,1.029818,0.097477,88.060246,999.967972
14.55,1.029818,0.097477,88.060257,999.968308
14.56,1.029818,0.097477,88.060271,999.968639
14.57,1.029818,0.097477,88.060286,999.968963
14.58,1.029818,0.097477,88.060303,999.96928
14.59,1.029818,0.097477,88.060322,999.969587
14.6,1.029818,0.097477,88.060343,999.969885
14.61,1.029818,0.097477,88.060367,999.970172
14.62,1.029818,0.097477,88.060393,999.970447
14.63,1.029818,0.097477,88.060421,999.970709
14.64,1.029818,0.097477,88.060452,999.970957
14.65,1.029818,0.097478,88.060486,999.97119
14.66,1.029818,0.097478,88.060522,999.971408
14.67,1.029818,0.097478,88.060562,999.971608
14.68,1.029818,0.097478,88.060604,999.97179
14.69,1.029818,0.097478,88.060649,999.971954
14.7,1.029818,0.097478,88.060697,999.972099
14.71,1.029818,0.097478,88.060748,999.972223
14.72,1.029818,0.097478,88.060802,999.972327
14.73,1.029818,0.097478,88.060859,999.972409
14.74,1.029818,0.097478,88.06092,999.972468
14.75,1.029818,0.097478,88.060984,999.972505
14.76,1.029818,0.097478,88.061051,999.972519
14.77,1.029819,0.097478,88.061121,999.972509
14.78,1.029819,0.097478,88.061195,999.972475
14.79,1.029819,0.097478,88.061272,999.972417
14.8,1.029819,0.097478,88.061353,999.972333
14.81,1.029819,0.097478,88.061437,999.972225
14.82,1.029819,0.097478,88.061524,999.972091
14.83,1.029819,0.097478,88.061615,999.971932
14.84,1.029819,0.097478,88.061709,999.971747
14.85,1.029819,0.097478,88.061807,999.971537
14.86,1.029819,0.097477,88.061908,999.971301
14.87,1.029819,0.097477,88.062012,999.971039
14.88,1.029819,0.097477,88.06212,999.970753
14.89,1.029819,0.097477,88.062231,999.970441
14.9,1.029819,0.097477,88.062345,999.970104
14.91,1.029819,0.097477,88.062463,999.969743
14.92,1.029819,0.097477,88.062583,999.969357
14.93,1.029819,0.097477,88.062708,999.968948
14.94,1.029819,0.097477,88.062835,999.968515
14.95,1.029819,0.097477,88.062965,999.96806
14.96,1.029819,0.097477,88.063099,999.967582
14.97,1.029819,0.097477,88.063236,999.967083
14.98,1.029819,0.097477,88.063376,999.966562
14.99,1.029819,0.097477,88.063518,999.966021
15,1.029819,0.097477,88.063664,999.96546
15.01,1.029819,0.097477,88.063812,999.964881
15.02,1.029819,0.097477,88.063963,999.964283
15.03,1.029819,0.097477,88.064117,999.963669
15.04,1.029819,0.097477,88.064274,999.963037
15.05,1.029819,0.097477,88.064433,999.962391
15.06,1.029819,0.097477,88.064594,999.96173
15.07,1.029819,0.097476,88.064758,999.961055
15.08,1.029819,0.097476,88.064924,999.960367
15.09,1.029819,0.097476,88.065092,999.959668
15.1,1.029819,0.097476,88.065263,999.958959
15.11,1.029819,0.097476,88.065435,999.958239
15.12,1.029819,0.097476,88.065609,999.957512
15.13,1.02982,0.097476,88.065785,999.956776
15.14,1.02982,0.097476,88.065963,999.956034
15.15,1.02982,0.097476,88.066142,999.955287
15.16,1.02982,0.097476,88.066323,999.954535
15.17,1.02982,0.097476,88.066505,999.95378
15.18,1.02982,0.097476,88.066688,999.953022
15.19,1.02982,0.097476,88.066873,999.952264
15.2,1.02982,0.097476,88.067058,999.951505
15.21,1.02982,0.097475,88.067244,999.950747
15.22,1.02982,0.097475,88.06743,999.94999
15.23,1.02982,0.097475,88.067617,999.949237
15.24,1.02982,0.097475,88.067805,999.948487
15.25,1.02982,0.097475,88.067993,999.947741
15.26,1.02982,0.097475,88.068181,999.947002
15.27,1.02982,0.097475,88.068368,999.946269
15.28,1.02982,0.097475,88.068556,999.945543
15.29,1.02982,0.097475,88.068743,999.944826
15.3,1.02982,0.097475,88.06893,999.944117
15.31,1.02982,0.097475,88.069116,999.943419
15.32,1.02982,0.097475,88.069301,999.942731
15.33,1.02982,0.097475,88.069486,999.942054
15.34,1.02982,0.097475,88.069669,999.94139
15.35,1.02982,0.097474,88.069851,999.940738
15.36,1.02982,0.097474,88.070032,999.940099
15.37,1.02982,0.097474,88.070211,999.939474
15.38,1.02982,0.097474,88.070388,999.938864
15.39,1.02982,0.097474,88.070564,999.938269
15.4,1.02982,0.097474,88.070737,999.937689
15.41,1.02982,0.097474,88.070909,999.937126
15.42,1.02982,0.097474,88.071078,999.936578
15.43,1.02982,0.097474,88.071244,999.936047
15.44,1.02982,0.097474,88.071408,999.935533
15.45,1.02982,0.097474,88.07157,999.935037
15.46,1.02982,0.097474,88.071729,999.934557
15.47,1.02982,0.097474,88.071884,999.934096
15.48,1.02982,0.097474,88.072037,999.933653
15.49,1.02982,0.097474,88.072187,999.933227
15.5,1.02982,0.097474,88.072333,999.93282
15.51,1.02982,0.097474,88.072476,999.932431
15.52,1.02982,0.097474,88.072615,999.93206
15.53,1.02982,0.097474,88.072751,999.931708
15.54,1.02982,0.097474,88.072883,999.931374
15.55,1.029821,0.097474,88.073012,999.931058
15.56,1.029821,0.097473,88.073136,999.930761
15.57,1.029821,0.097473,88.073257,999.930481
15.58,1.029821,0.097473,88.073374,999.930219
15.59,1.029821,0.097473,88.073487,999.929975
15.6,1.029821,0.097473,88.073595,999.929749
15.61,1.029821,0.097473,88.0737,999.929539
15.62,1.029821,0.097473,88.0738,999.929347
15.63,1.029821,0.097473,88.073897,999.929172
15.64,1.029821,0.097473,88.073989,999.929013
15.65,1.029821,0.097473,88.074077,999.928871
15.66,1.029821,0.097473,88.074161,999.928744
15.67,1.029821,0.097473,88.07424,999.928634
15.68,1.029821,0.097473,88.074316,999.928538
15.69,1.029821,0.097473,88.074387,999.928457
15.7,1.029821,0.097473,88.074454,999.928391
15.71,1.029821,0.097473,88.074517,999.928339
15.72,1.029821,0.097473,88.074576,999.928301
15.73,1.029821,0.097473,88.074632,999.928277
15.74,1.029821,0.097473,88.074683,999.928265
15.75,1.029821,0.097473,88.07473,999.928265
15.76,1.029821,0.097473,88.074773,999.928278
15.77,1.029821,0.097473,88.074813,999.928303
15.78,1.029821,0.097473,88.074849,999.928339
15.79,1.029821,0.097473,88.074881,999.928385
15.8,1.029821,0.097473,88.07491,999.928442
15.81,1.029821,0.097473,88.074936,999.928509
15.82,1.029821,0.097473,88.074958,999.928586
15.83,1.029821,0.097473,88.074978,999.928671
15.84,1.029821,0.097473,88.074994,999.928765
15.85,1.029821,0.097473,88.075007,999.928868
15.86,1.029821,0.097473,88.075018,999.928977
15.87,1.029821,0.097473,88.075026,999.929095
15.88,1.029821,0.097473,88.075031,999.929219
15.89,1.029822,0.097473,88.075034,999.929349
15.9,1.029822,0.097473,88.075035,999.929485
15.91,1.029822,0.097473,88.075034,999.929627
15.92,1.029822,0.097473,88.075031,999.929774
15.93,1.029822,0.097473,88.075026,999.929926
15.94,1.029822,0.097473,88.07502,999.930081
15.95,1.029822,0.097473,88.075012,999.930241
15.96,1.029822,0.097473,88.075003,999.930404
15.97,1.029822,0.097473,88.074993,999.930569
15.98,1.029822,0.097473,88.074982,999.930737
15.99,1.029822,0.097473,88.07497,999.930908
16,1.029822,0.097473,88.074957,999.93108
16.01,1.029822,0.097473,88.074944,999.931253
16.02,1.029822,0.097473,88.074931,999.931427
16.03,1.029822,0.097473,88.074917,999.931601
16.04,1.029822,0.097473,88.074904,999.931776
16.05,1.029822,0.097473,88.07489,999.93195
16.06,1.029822,0.097473,88.074877,999.932124
16.07,1.029822,0.097473,88.074864,999.932296
16.08,1.029822,0.097474,88.074852,999.932467
16.09,1.029822,0.097474,88.074841,999.932635
16.1,1.029822,0.097474,88.07483,999.932802
16.11,1.029822,0.097474,88.074821,999.932965
16.12,1.029822,0.097474,88.074812,999.933126
16.13,1.029822,0.097474,88.074805,999.933283
16.14,1.029822,0.097474,88.074799,999.933437
16.15,1.029822,0.097474,88.074795,999.933586
16.16,1.029822,0.097474,88.074792,999.93373
16.17,1.029822,0.097474,88.074791,999.93387
16.18,1.029822,0.097474,88.074792,999.934004
16.19,1.029823,0.097474,88.074795,999.934133
16.2,1.029823,0.097474,88.0748,999.934255
16.21,1.029823,0.097474,88.074807,999.934371
16.22,1.029823,0.097474,88.074816,999.934481
16.23,1.029823,0.097474,88.074827,999.934583
16.24,1.029823,0.097474,88.074841,999.934678
16.25,1.029823,0.097474,88.074856,999.934766
16.26,1.029823,0.097474,88.074875,999.934845
16.27,1.029823,0.097474,88.074896,999.934916
16.28,1.029823,0.097474,88.074919,999.934978
16.29,1.029823,0.097474,88.074945,999.935031
16.3,1.029823,0.097474,88.074974,999.935075
16.31,1.029823,0.097474,88.075005,999.93511
16.32,1.029823,0.097474,88.075039,999.935135
16.33,1.029823,0.097474,88.075075,999.935149
16.34,1.029823,0.097474,88.075115,999.935154
16.35,1.029823,0.097474,88.075157,999.935148
16.36,1.029823,0.097474,88.075201,999.935131
16.37,1.029823,0.097474,88.075248,999.935103
16.38,1.029823,0.097474,88.075298,999.935064
16.39,1.029823,0.097474,88.075351,999.935014
16.4,1.029823,0.097474,88.075406,999.934952
16.41,1.029823,0.097474,88.075464,999.934879
16.42,1.029823,0.097474,88.075524,999.934793
16.43,1.029823,0.097474,88.075587,999.934696
16.44,1.029823,0.097474,88.075653,999.934587
16.45,1.029823,0.097474,88.075721,999.934466
16.46,1.029823,0.097474,88.075791,999.934333
16.47,1.029823,0.097474,88.075864,999.934188
16.48,1.029823,0.097474,88.075939,999.93403
16.49,1.029823,0.097474,88.076016,999.93386
16.5,1.029823,0.097474,88.076096,999.933678
16.51,1.029824,0.097473,88.076177,999.933484
16.52,1.029824,0.097473,88.076261,999.933278
16.53,1.029824,0.097473,88.076347,999.93306
16.54,1.029824,0.097473,88.076435,999.932831
16.55,1.029824,0.097473,88.076524,999.932589
16.56,1.029824,0.097473,88.076616,999.932336
16.57,1.029824,0.097473,88.076709,999.932072
16.58,1.029824,0.097473,88.076804,999.931796
16.59,1.029824,0.097473,88.0769,999.931509
16.6,1.029824,0.097473,88.076998,999.931212
16.61,1.029824,0.097473,88.077097,999.930905
16.62,1.029824,0.097473,88.077198,999.930587
16.63,1.029824,0.097473,88.0773,999.930259
16.64,1.029824,0.097473,88.077403,999.929922
16.65,1.029824,0.097473,88.077508,999.929576
16.66,1.029824,0.097473,88.077613,999.929221
16.67,1.029824,0.097473,88.077719,999.928857
16.68,1.029824,0.097473,88.077826,999.928486
16.69,1.029824,0.097473,88.077934,999.928107
16.7,1.029824,0.097473,88.078043,999.927721
16.71,1.029824,0.097473,88.078152,999.927328
16.72,1.029824,0.097473,88.078262,999.926929
16.73,1.029824,0.097473,88.078373,999.926525
16.74,1.029824,0.097473,88.078483,999.926115
16.75,1.029824,0.097473,88.078594,999.925701
16.76,1.029824,0.097473,88.078706,999.925282
16.77,1.029824,0.097473,88.078817,999.92486
16.78,1.029824,0.097473,88.078929,999.924436
16.79,1.029824,0.097473,88.079041,999.924008
16.8,1.029824,0.097472,88.079152,999.923579
16.81,1.029824,0.097472,88.079264,999.923149
16.82,1.029824,0.097472,88.079375,999.922717
16.83,1.029824,0.097472,88.079486,999.922286
16.84,1.029824,0.097472,88.079597,999.921855
16.85,1.029824,0.097472,88.079707,999.921425
16.86,1.029824,0.097472,88.079817,999.920997
16.87,1.029824,0.097472,88.079927,999.920571
16.88,1.029824,0.097472,88.080036,999.920148
16.89,1.029825,0.097472,88.080144,999.919728
16.9,1.029825,0.097472,88.080251,999.919312
16.91,1.029825,0.097472,88.080358,999.9189
16.92,1.029825,0.097472,88.080464,999.918493
16.93,1.029825,0.097472,88.080569,999.918092
16.94,1.029825,0.097472,88.080674,999.917697
16.95,1.029825,0.097472,88.080777,999.917309
16.96,1.029825,0.097472,88.080879,999.916927
16.97,1.029825,0.097472,88.08098,999.916554
16.98,1.029825,0.097472,88.08108,999.916188
16.99,1.029825,0.097472,88.081179,999.91583
17,1.029825,0.097472,88.081277,999.915482
17.01,1.029825,0.097472,88.081373,999.915142
17.02,1.029825,0.097472,88.081468,999.914813
17.03,1.029825,0.097472,88.081562,999.914493
17.04,1.029825,0.097472,88.081654,999.914184
17.05,1.029825,0.097472,88.081745,999.913885
17.06,1.029825,0.097471,88.081835,999.913597
17.07,1.029825,0.097471,88.081923,999.913321
17.08,1.029825,0.097471,88.082009,999.913056
17.09,1.029825,0.097471,88.082094,999.912803
17.1,1.029825,0.097471,88.082178,999.912562
17.11,1.029825,0.097471,88.082259,999.912332
17.12,1.029825,0.097471,88.082339,999.912115
17.13,1.029825,0.097471,88.082418,999.911911
17.14,1.029825,0.097471,88.082494,999.911719
17.15,1.029825,0.097471,88.082569,999.911539
17.16,1.029825,0.097471,88.082643,999.911371
17.17,1.029825,0.097471,88.082714,999.911217
17.18,1.029825,0.097471,88.082784,999.911074
17.19,1.029825,0.097471,88.082852,999.910945
17.2,1.029825,0.097471,88.082918,999.910827
17.21,1.029825,0.097471,88.082982,999.910722
17.22,1.029825,0.097471,88.083044,999.910629
17.23,1.029825,0.097471,88.083105,999.910548
17.24,1.029825,0.097471,88.083164,999.910479
17.25,1.029825,0.097471,88.083221,999.910422
17.26,1.029825,0.097471,88.083276,999.910376
17.27,1.029826,0.097471,88.083329,999.910341
17.28,1.029826,0.097471,88.083381,999.910317
17.29,1.029826,0.097471,88.08343,999.910304
17.3,1.029826,0.097471,88.083478,999.910302
17.31,1.029826,0.097471,88.083524,999.910309
17.32,1.029826,0.097471,88.083569,999.910326
17.33,1.029826,0.097471,88.083611,999.910353
17.34,1.029826,0.097471,88.083652,999.910389
17.35,1.029826,0.097471,88.083691,999.910433
17.36,1.029826,0.097471,88.083729,999.910486
17.37,1.029826,0.097471,88.083765,999.910547
17.38,1.029826,0.097471,88.083799,999.910615
17.39,1.029826,0.097471,88.083832,999.91069
17.4,1.029826,0.097471,88.083863,999.910772
17.41,1.029826,0.097471,88.083893,999.91086
17.42,1.029826,0.097471,88.083921,999.910955
17.43,1.029826,0.097471,88.083948,999.911054
17.44,1.029826,0.097471,88.083973,999.911158
17.45,1.029826,0.097471,88.083998,999.911267
17.46,1.029826,0.097471,88.084021,999.91138
17.47,1.029826,0.097471,88.084042,999.911497
17.48,1.029826,0.097471,88.084063,999.911617
17.49,1.029826,0.097471,88.084083,999.911739
17.5,1.029826,0.097471,88.084101,999.911864
17.51,1.029826,0.097471,88.084119,999.91199
17.52,1.029826,0.097471,88.084136,999.912118
17.53,1.029826,0.097471,88.084152,999.912247
17.54,1.029826,0.097471,88.084167,999.912377
17.55,1.029826,0.097471,88.084182,999.912506
17.56,1.029826,0.097471,88.084196,999.912636
17.57,1.029826,0.097471,88.084209,999.912765
17.58,1.029826,0.097471,88.084223,999.912892
17.59,1.029826,0.097471,88.084235,999.913019
17.6,1.029826,0.097471,88.084248,999.913143
17.61,1.029827,0.097471,88.08426,999.913266
17.62,1.029827,0.097471,88.084273,999.913386
17.63,1.029827,0.097471,88.084285,999.913503
17.64,1.029827,0.097471,88.084297,999.913617
17.65,1.029827,0.097471,88.08431,999.913728
17.66,1.029827,0.097471,88.084323,999.913835
17.67,1.029827,0.097471,88.084336,999.913938
17.68,1.029827,0.097471,88.084349,999.914036
17.69,1.029827,0.097471,88.084363,999.91413
17.7,1.029827,0.097471,88.084377,999.91422
17.71,1.029827,0.097471,88.084392,999.914305
17.72,1.029827,0.097471,88.084408,999.914384
17.73,1.029827,0.097471,88.084425,999.914458
17.74,1.029827,0.097471,88.084442,999.914526
17.75,1.029827,0.097471,88.084461,999.914589
17.76,1.029827,0.097471,88.08448,999.914646
17.77,1.029827,0.097471,88.084501,999.914697
17.78,1.029827,0.097471,88.084522,999.914742
17.79,1.029827,0.097471,88.084545,999.91478
17.8,1.029827,0.097471,88.084569,999.914812
17.81,1.029827,0.097471,88.084595,999.914838
17.82,1.029827,0.097471,88.084622,999.914857
17.83,1.029827,0.097471,88.08465,999.91487
17.84,1.029827,0.097471,88.08468,999.914876
17.85,1.029827,0.097471,88.084711,999.914875
17.86,1.029827,0.097471,88.084744,999.914868
17.87,1.029827,0.097471,88.084779,999.914854
17.88,1.029827,0.097471,88.084815,999.914833
17.89,1.029827,0.097471,88.084854,999.914806
17.9,1.029827,0.097471,88.084893,999.914771
17.91,1.029827,0.097471,88.084935,999.91473
17.92,1.029827,0.097471,88.084979,999.914683
17.93,1.029827,0.097471,88.085024,999.914628
17.94,1.029827,0.097471,88.085071,999.914568
17.95,1.029828,0.097471,88.08512,999.9145
17.96,1.029828,0.097471,88.085171,999.914426
17.97,1.029828,0.097471,88.085224,999.914345
17.98,1.029828,0.097471,88.085279,999.914259
17.99,1.029828,0.097471,88.085336,999.914165
18,1.029828,0.097471,88.085394,999.914066
18.01,1.029828,0.097471,88.085455,999.91396
18.02,1.029828,0.097471,88.085517,999.913849
18.03,1.029828,0.097471,88.085581,999.913731
18.04,1.029828,0.097471,88.085647,999.913608
18.05,1.029828,0.097471,88.085715,999.913479
18.06,1.029828,0.097471,88.085785,999.913344
18.07,1.029828,0.097471,88.085856,999.913203
18.08,1.029828,0.097471,88.08593,999.913058
18.09,1.029828,0.097471,88.086005,999.912907
18.1,1.029828,0.097471,88.086081,999.91275
18.11,1.029828,0.097471,88.086159,999.912589
18.12,1.029828,0.097471,88.086239,999.912423
18.13,1.029828,0.097471,88.08632,999.912251
18.14,1.029828,0.097471,88.086403,999.912076
18.15,1.029828,0.097471,88.086487,999.911895
18.16,1.029828,0.097471,88.086573,999.911711
18.17,1.029828,0.097471,88.08666,999.911522
18.18,1.029828,0.097471,88.086748,999.911329
18.19,1.029828,0.097471,88.086837,999.911132
18.2,1.029828,0.097471,88.086928,999.910931
18.21,1.029828,0.097471,88.08702,999.910727
18.22,1.029828,0.097471,88.087112,999.910519
18.23,1.029828,0.097471,88.087206,999.910307
18.24,1.029828,0.097471,88.0873,999.910093
18.25,1.029828,0.097471,88.087396,999.909875
18.26,1.029828,0.097471,88.087492,999.909655
18.27,1.029828,0.097471,88.087588,999.909432
18.28,1.029828,0.097471,88.087686,999.909207
18.29,1.029828,0.097471,88.087783,999.908979
18.3,1.029828,0.097471,88.087882,999.908749
18.31,1.029828,0.097471,88.087981,999.908517
18.32,1.029828,0.097471,88.08808,999.908284
18.33,1.029828,0.097471,88.088179,999.908049
18.34,1.029828,0.097471,88.088279,999.907812
18.35,1.029829,0.097471,88.088378,999.907574
18.36,1.029829,0.097471,88.088478,999.907336
18.37,1.029829,0.097471,88.088578,999.907096
18.38,1.029829,0.097471,88.088678,999.906856
18.39,1.029829,0.097471,88.088777,999.906616
18.4,1.029829,0.09747,88.088877,999.906375
18.41,1.029829,0.09747,88.088976,999.906134
18.42,1.029829,0.09747,88.089075,999.905894
18.43,1.029829,0.09747,88.089173,999.905654
18.44,1.029829,0.09747,88.089271,999.905415
18.45,1.029829,0.09747,88.089369,999.905176
18.46,1.029829,0.09747,88.089466,999.904939
18.47,1.029829,0.09747,88.089563,999.904703
18.48,1.029829,0.09747,88.089659,999.904469
18.49,1.029829,0.09747,88.089754,999.904236
18.5,1.029829,0.09747,88.089849,999.904005
18.51,1.029829,0.09747,88.089942,999.903777
18.52,1.029829,0.09747,88.090036,999.903551
18.53,1.029829,0.09747,88.090128,999.903327
18.54,1.029829,0.09747,88.090219,999.903107
18.55,1.029829,0.09747,88.09031,999.902889
18.56,1.029829,0.09747,88.0904,999.902675
18.57,1.029829,0.09747,88.090488,999.902464
18.58,1.029829,0.09747,88.090576,999.902257
18.59,1.029829,0.09747,88.090663,999.902054
18.6,1.029829,0.09747,88.090749,999.901854
18.61,1.029829,0.09747,88.090834,999.90166
18.62,1.029829,0.09747,88.090917,999.901469
18.63,1.029829,0.09747,88.091,999.901283
18.64,1.029829,0.09747,88.091082,999.901103
18.65,1.029829,0.09747,88.091162,999.900927
18.66,1.029829,0.09747,88.091242,999.900756
18.67,1.029829,0.09747,88.09132,999.900591
18.68,1.029829,0.09747,88.091398,999.900431
18.69,1.029829,0.09747,88.091474,999.900276
18.7,1.029829,0.09747,88.091549,999.900128
18.71,1.029829,0.09747,88.091623,999.899985
18.72,1.029829,0.09747,88.091696,999.899849
18.73,1.029829,0.09747,88.091768,999.899718
18.74,1.029829,0.09747,88.091839,999.899594
18.75,1.029829,0.09747,88.091909,999.899476
18.76,1.029829,0.09747,88.091978,999.899364
18.77,1.02983,0.09747,88.092045,999.899259
18.78,1.02983,0.09747,88.092112,999.89916
18.79,1.02983,0.09747,88.092178,999.899068
18.8,1.02983,0.09747,88.092242,999.898982
18.81,1.02983,0.09747,88.092306,999.898903
18.82,1.02983,0.09747,88.092369,999.89883
18.83,1.02983,0.09747,88.09243,999.898764
18.84,1.02983,0.09747,88.092491,999.898704
18.85,1.02983,0.09747,88.092551,999.898651
18.86,1.02983,0.09747,88.09261,999.898605
18.87,1.02983,0.09747,88.092668,999.898564
18.88,1.02983,0.09747,88.092726,999.898531
18.89,1.02983,0.09747,88.092782,999.898503
18.9,1.02983,0.09747,88.092838,999.898481
18.91,1.02983,0.09747,88.092893,999.898466
18.92,1.02983,0.09747,88.092947,999.898456
18.93,1.02983,0.09747,88.093001,999.898453
18.94,1.02983,0.09747,88.093053,999.898455
18.95,1.02983,0.09747,88.093105,999.898462
18.96,1.02983,0.09747,88.093157,999.898475
18.97,1.02983,0.09747,88.093208,999.898493
18.98,1.02983,0.09747,88.093258,999.898515
18.99,1.02983,0.09747,88.093308,999.898543
19,1.02983,0.09747,88.093357,999.898575
19.01,1.02983,0.09747,88.093406,999.898612
19.02,1.02983,0.09747,88.093454,999.898652
19.03,1.02983,0.09747,88.093501,999.898697
19.04,1.02983,0.09747,88.093549,999.898745
19.05,1.02983,0.09747,88.093596,999.898796
19.06,1.02983,0.09747,88.093642,999.898851
19.07,1.02983,0.09747,88.093688,999.898909
19.08,1.02983,0.09747,88.093734,999.898969
19.09,1.02983,0.09747,88.09378,999.899031
19.1,1.02983,0.09747,88.093825,999.899096
19.11,1.02983,0.09747,88.09387,999.899162
19.12,1.02983,0.09747,88.093915,999.89923
19.13,1.02983,0.09747,88.09396,999.899299
19.14,1.02983,0.09747,88.094005,999.899369
19.15,1.02983,0.09747,88.09405,999.89944
19.16,1.02983,0.09747,88.094094,999.899511
19.17,1.02983,0.09747,88.094139,999.899583
19.18,1.029831,0.09747,88.094183,999.899654
19.19,1.029831,0.09747,88.094228,999.899725
19.2,1.029831,0.09747,88.094273,999.899795
19.21,1.029831,0.09747,88.094317,999.899864
19.22,1.029831,0.09747,88.094362,999.899932
19.23,1.029831,0.09747,88.094407,999.899998
19.24,1.029831,0.09747,88.094452,999.900062
19.25,1.029831,0.09747,88.094498,999.900125
19.26,1.029831,0.09747,88.094543,999.900185
19.27,1.029831,0.09747,88.094589,999.900243
19.28,1.029831,0.09747,88.094635,999.900298
19.29,1.029831,0.09747,88.094682,999.90035
19.3,1.029831,0.09747,88.094729,999.900399
19.31,1.029831,0.09747,88.094776,999.900444
19.32,1.029831,0.09747,88.094824,999.900486
19.33,1.029831,0.09747,88.094872,999.900524
19.34,1.029831,0.09747,88.094921,999.900559
19.35,1.029831,0.09747,88.09497,999.900589
19.36,1.029831,0.09747,88.095019,999.900615
19.37,1.029831,0.09747,88.09507,999.900636
19.38,1.029831,0.09747,88.095121,999.900653
19.39,1.029831,0.09747,88.095172,999.900666
19.4,1.029831,0.09747,88.095224,999.900674
19.41,1.029831,0.09747,88.095277,999.900676
19.42,1.029831,0.09747,88.09533,999.900674
19.43,1.029831,0.09747,88.095384,999.900667
19.44,1.029831,0.09747,88.095439,999.900655
19.45,1.029831,0.09747,88.095495,999.900638
19.46,1.029831,0.09747,88.095551,999.900615
19.47,1.029831,0.09747,88.095608,999.900588
19.48,1.029831,0.09747,88.095666,999.900555
19.49,1.029831,0.09747,88.095725,999.900517
19.5,1.029831,0.09747,88.095784,999.900474
19.51,1.029831,0.09747,88.095845,999.900426
19.52,1.029831,0.09747,88.095906,999.900372
19.53,1.029831,0.09747,88.095968,999.900314
19.54,1.029831,0.09747,88.096031,999.90025
19.55,1.029831,0.09747,88.096095,999.900182
19.56,1.029831,0.09747,88.09616,999.900108
19.57,1.029831,0.09747,88.096226,999.90003
19.58,1.029831,0.09747,88.096293,999.899947
19.59,1.029831,0.09747,88.096361,999.899859
19.6,1.029832,0.09747,88.096429,999.899767
19.61,1.029832,0.09747,88.096499,999.899671
19.62,1.029832,0.09747,88.096569,999.89957
19.63,1.029832,0.09747,88.09664,999.899464
19.64,1.029832,0.09747,88.096713,999.899355
19.65,1.029832,0.09747,88.096786,999.899242
19.66,1.029832,0.09747,88.09686,999.899125
19.67,1.029832,0.09747,88.096935,999.899005
19.68,1.029832,0.09747,88.097011,999.898881
19.69,1.029832,0.09747,88.097088,999.898754
19.7,1.029832,0.09747,88.097165,999.898623
19.71,1.029832,0.09747,88.097244,999.89849
19.72,1.029832,0.097469,88.097323,999.898354
19.73,1.029832,0.097469,88.097403,999.898215
19.74,1.029832,0.097469,88.097484,999.898074
19.75,1.029832,0.097469,88.097565,999.89793
19.76,1.029832,0.097469,88.097648,999.897785
19.77,1.029832,0.097469,88.097731,999.897637
19.78,1.029832,0.097469,88.097815,999.897488
19.79,1.029832,0.097469,88.097899,999.897337
19.8,1.029832,0.097469,88.097984,999.897184
19.81,1.029832,0.097469,88.09807,999.89703
19.82,1.029832,0.097469,88.098156,999.896876
19.83,1.029832,0.097469,88.098243,999.89672
19.84,1.029832,0.097469,88.09833,999.896564
19.85,1.029832,0.097469,88.098418,999.896407
19.86,1.029832,0.097469,88.098506,999.896249
19.87,1.029832,0.097469,88.098594,999.896092
19.88,1.029832,0.097469,88.098683,999.895934
19.89,1.029832,0.097469,88.098772,999.895777
19.9,1.029832,0.097469,88.098862,999.895619
19.91,1.029832,0.097469,88.098952,999.895462
19.92,1.029832,0.097469,88.099041,999.895306
19.93,1.029832,0.097469,88.099131,999.89515
19.94,1.029832,0.097469,88.099222,999.894995
19.95,1.029832,0.097469,88.099312,999.894841
19.96,1.029832,0.097469,88.099402,999.894687
19.97,1.029832,0.097469,88.099492,999.894536
19.98,1.029832,0.097469,88.099582,999.894385
19.99,1.029832,0.097469,88.099672,999.894236
20,1.029832,0.097469,88.099762,999.894088
20.01,1.029832,0.097469,88.099852,999.893942
20.02,1.029832,0.097469,88.099942,999.893798
20.03,1.029832,0.097469,88.100031,999.893655
20.04,1.029832,0.097469,88.10012,999.893514
20.05,1.029832,0.097469,88.100208,999.893376
20.06,1.029832,0.097469,88.100297,999.893239
20.07,1.029833,0.097469,88.100384,999.893105
20.08,1.029833,0.097469,88.100472,999.892973
20.09,1.029833,0.097469,88.100559,999.892843
20.1,1.029833,0.097469,88.100645,999.892716
20.11,1.029833,0.097469,88.100731,999.892591
20.12,1.029833,0.097469,88.100816,999.892468
20.13,1.029833,0.097469,88.1009,999.892349
20.14,1.029833,0.097469,88.100984,999.892231
20.15,1.029833,0.097469,88.101068,999.892117
20.16,1.029833,0.097469,88.10115,999.892005
20.17,1.029833,0.097469,88.101232,999.891896
20.18,1.029833,0.097469,88.101313,999.89179
20.19,1.029833,0.097469,88.101393,999.891686
20.2,1.029833,0.097469,88.101473,999.891586
20.21,1.029833,0.097469,88.101551,999.891488
20.22,1.029833,0.097469,88.101629,999.891394
20.23,1.029833,0.097469,88.101706,999.891302
20.24,1.029833,0.097469,88.101783,999.891213
20.25,1.029833,0.097469,88.101858,999.891128
20.26,1.029833,0.097469,88.101932,999.891045
20.27,1.029833,0.097469,88.102006,999.890965
20.28,1.029833,0.097469,88.102079,999.890889
20.29,1.029833,0.097469,88.10215,999.890815
20.3,1.029833,0.097469,88.102221,999.890745
20.31,1.029833,0.097469,88.102291,999.890677
20.32,1.029833,0.097469,88.10236,999.890613
20.33,1.029833,0.097469,88.102429,999.890552
20.34,1.029833,0.097469,88.102496,999.890493
20.35,1.029833,0.097469,88.102562,999.890438
20.36,1.029833,0.097469,88.102628,999.890386
20.37,1.029833,0.097469,88.102693,999.890337
20.38,1.029833,0.097469,88.102757,999.890291
20.39,1.029833,0.097469,88.10282,999.890248
20.4,1.029833,0.097469,88.102882,999.890208
20.41,1.029833,0.097469,88.102943,999.890171
20.42,1.029833,0.097469,88.103004,999.890137
20.43,1.029833,0.097469,88.103064,999.890106
20.44,1.029833,0.097469,88.103123,999.890078
20.45,1.029833,0.097469,88.103181,999.890053
20.46,1.029833,0.097469,88.103239,999.890031
20.47,1.029833,0.097469,88.103295,999.890011
20.48,1.029833,0.097469,88.103352,999.889994
20.49,1.029833,0.097469,88.103407,999.88998
20.5,1.029833,0.097469,88.103462,999.889968
20.51,1.029833,0.097469,88.103517,999.88996
20.52,1.029833,0.097469,88.10357,999.889953
20.53,1.029833,0.097469,88.103623,999.88995
20.54,1.029833,0.097469,88.103676,999.889948
20.55,1.029834,0.097469,88.103728,999.889949
20.56,1.029834,0.097469,88.10378,999.889953
20.57,1.029834,0.097469,88.103831,999.889959
20.58,1.029834,0.097469,88.103882,999.889967
20.59,1.029834,0.097469,88.103932,999.889977
20.6,1.029834,0.097469,88.103983,999.889989
20.61,1.029834,0.097469,88.104032,999.890003
20.62,1.029834,0.097469,88.104082,999.890019
20.63,1.029834,0.097469,88.104131,999.890037
20.64,1.029834,0.097469,88.10418,999.890057
20.65,1.029834,0.097469,88.104228,999.890078
20.66,1.029834,0.097469,88.104277,999.8901
20.67,1.029834,0.097469,88.104325,999.890125
20.68,1.029834,0.097469,88.104373,999.89015
20.69,1.029834,0.097469,88.104421,999.890177
20.7,1.029834,0.097469,88.104469,999.890204
20.71,1.029834,0.097469,88.104517,999.890233
20.72,1.029834,0.097469,88.104565,999.890263
20.73,1.029834,0.097469,88.104613,999.890293
20.74,1.029834,0.097469,88.10466,999.890325
20.75,1.029834,0.097469,88.104708,999.890356
20.76,1.029834,0.097469,88.104756,999.890388
20.77,1.029834,0.097469,88.104804,999.890421
20.78,1.029834,0.097469,88.104852,999.890453
20.79,1.029834,0.097469,88.1049,999.890486
20.8,1.029834,0.097469,88.104948,999.890519
20.81,1.029834,0.097469,88.104997,999.890551
20.82,1.029834,0.097469,88.105045,999.890583
20.83,1.029834,0.097469,88.105094,999.890615
20.84,1.029834,0.097469,88.105143,999.890646
20.85,1.029834,0.097469,88.105192,999.890676
20.86,1.029834,0.097469,88.105241,999.890706
20.87,1.029834,0.097469,88.105291,999.890735
20.88,1.029834,0.097469,88.105341,999.890762
20.89,1.029834,0.097469,88.105391,999.890789
20.9,1.029834,0.097469,88.105441,999.890814
20.91,1.029834,0.097469,88.105492,999.890838
20.92,1.029834,0.097469,88.105543,999.89086
20.93,1.029834,0.097469,88.105594,999.890881
20.94,1.029834,0.097469,88.105646,999.8909
20.95,1.029834,0.097469,88.105698,999.890917
20.96,1.029834,0.097469,88.10575,999.890932
20.97,1.029834,0.097469,88.105802,999.890945
20.98,1.029834,0.097469,88.105855,999.890956
20.99,1.029834,0.097469,88.105908,999.890964
21,1.029834,0.097469,88.105962,999.890971
21.01,1.029834,0.097469,88.106016,999.890975
21.02,1.029835,0.097469,88.10607,999.890976
21.03,1.029835,0.097469,88.106124,999.890975
21.04,1.029835,0.097469,88.106179,999.890972
21.05,1.029835,0.097469,88.106235,999.890966
21.06,1.029835,0.097469,88.10629,999.890957
21.07,1.029835,0.097469,88.106346,999.890945
21.08,1.029835,0.097469,88.106403,999.89093
21.09,1.029835,0.097469,88.106459,999.890913
21.1,1.029835,0.097469,88.106516,999.890893
21.11,1.029835,0.097469,88.106574,999.89087
21.12,1.029835,0.097469,88.106632,999.890844
21.13,1.029835,0.097469,88.10669,999.890815
21.14,1.029835,0.097469,88.106748,999.890783
21.15,1.029835,0.097469,88.106807,999.890748
21.16,1.029835,0.097469,88.106866,999.89071
21.17,1.029835,0.097469,88.106925,999.890669
21.18,1.029835,0.097469,88.106985,999.890626
21.19,1.029835,0.097469,88.107045,999.89058
21.2,1.029835,0.097469,88.107105,999.89053
21.21,1.029835,0.097469,88.107166,999.890478
21.22,1.029835,0.097469,88.107227,999.890424
21.23,1.029835,0.097469,88.107288,999.890366
21.24,1.029835,0.097468,88.10735,999.890306
21.25,1.029835,0.097468,88.107412,999.890244
21.26,1.029835,0.097468,88.107474,999.890179
21.27,1.029835,0.097468,88.107536,999.890111
21.28,1.029835,0.097468,88.107599,999.890042
21.29,1.029835,0.097468,88.107662,999.88997
21.3,1.029835,0.097468,88.107725,999.889896
21.31,1.029835,0.097468,88.107788,999.889819
21.32,1.029835,0.097468,88.107852,999.889741
21.33,1.029835,0.097468,88.107916,999.889661
21.34,1.029835,0.097468,88.10798,999.889579
21.35,1.029835,0.097468,88.108044,999.889496
21.36,1.029835,0.097468,88.108108,999.889411
21.37,1.029835,0.097468,88.108173,999.889325
21.38,1.029835,0.097468,88.108237,999.889237
21.39,1.029835,0.097468,88.108302,999.889148
21.4,1.029835,0.097468,88.108367,999.889059
21.41,1.029835,0.097468,88.108432,999.888968
21.42,1.029835,0.097468,88.108497,999.888876
21.43,1.029835,0.097468,88.108562,999.888784
21.44,1.029835,0.097468,88.108628,999.888691
21.45,1.029835,0.097468,88.108693,999.888598
21.46,1.029835,0.097468,88.108758,999.888505
21.47,1.029835,0.097468,88.108824,999.888411
21.48,1.029835,0.097468,88.108889,999.888318
21.49,1.029835,0.097468,88.108955,999.888224
21.5,1.029835,0.097468,88.10902,999.888131
21.51,1.029835,0.097468,88.109086,999.888038
21.52,1.029836,0.097468,88.109151,999.887946
21.53,1.029836,0.097468,88.109216,999.887854
21.54,1.029836,0.097468,88.109281,999.887763
21.55,1.029836,0.097468,88.109347,999.887673
21.56,1.029836,0.097468,88.109412,999.887584
21.57,1.029836,0.097468,88.109476,999.887495
21.58,1.029836,0.097468,88.109541,999.887408
21.59,1.029836,0.097468,88.109606,999.887323
21.6,1.029836,0.097468,88.10967,999.887238
21.61,1.029836,0.097468,88.109734,999.887155
21.62,1.029836,0.097468,88.109798,999.887074
21.63,1.029836,0.097468,88.109862,999.886994
21.64,1.029836,0.097468,88.109925,999.886916
21.65,1.029836,0.097468,88.109989,999.88684
21.66,1.029836,0.097468,88.110052,999.886766
21.67,1.029836,0.097468,88.110114,999.886694
21.68,1.029836,0.097468,88.110177,999.886623
21.69,1.029836,0.097468,88.110239,999.886555
21.7,1.029836,0.097468,88.1103,999.886489
21.71,1.029836,0.097468,88.110361,999.886425
21.72,1.029836,0.097468,88.110422,999.886364
21.73,1.029836,0.097468,88.110483,999.886304
21.74,1.029836,0.097468,88.110543,999.886247
21.75,1.029836,0.097468,88.110603,999.886192
21.76,1.029836,0.097468,88.110662,999.88614
21.77,1.029836,0.097468,88.11072,999.88609
21.78,1.029836,0.097468,88.110779,999.886043
21.79,1.029836,0.097468,88.110837,999.885997
21.8,1.029836,0.097468,88.110894,999.885955
21.81,1.029836,0.097468,88.110951,999.885915
21.82,1.029836,0.097468,88.111007,999.885877
21.83,1.029836,0.097468,88.111063,999.885841
21.84,1.029836,0.097468,88.111118,999.885808
21.85,1.029836,0.097468,88.111173,999.885778
21.86,1.029836,0.097468,88.111227,999.88575
21.87,1.029836,0.097468,88.11128,999.885724
21.88,1.029836,0.097468,88.111333,999.8857
21.89,1.029836,0.097468,88.111386,999.885679
21.9,1.029836,0.097468,88.111438,999.88566
21.91,1.029836,0.097468,88.111489,999.885643
21.92,1.029836,0.097468,88.11154,999.885629
21.93,1.029836,0.097468,88.11159,999.885617
21.94,1.029836,0.097468,88.111639,999.885606
21.95,1.029836,0.097468,88.111688,999.885598
21.96,1.029836,0.097468,88.111737,999.885592
21.97,1.029836,0.097468,88.111784,999.885588
21.98,1.029836,0.097468,88.111832,999.885586
21.99,1.029836,0.097468,88.111878,999.885586
22,1.029836,0.097468,88.111924,999.885587
22.01,1.029836,0.097468,88.11197,999.88559
22.02,1.029836,0.097468,88.112015,999.885595
22.03,1.029836,0.097468,88.112059,999.885602
22.04,1.029836,0.097468,88.112103,999.88561
22.05,1.029837,0.097468,88.112146,999.88562
22.06,1.029837,0.097468,88.112189,999.885631
22.07,1.029837,0.097468,88.112231,999.885643
22.08,1.029837,0.097468,88.112273,999.885657
22.09,1.029837,0.097468,88.112314,999.885672
22.1,1.029837,0.097468,88.112355,999.885688
22.11,1.029837,0.097468,88.112395,999.885706
22.12,1.029837,0.097468,88.112435,999.885724
22.13,1.029837,0.097468,88.112474,999.885744
22.14,1.029837,0.097468,88.112513,999.885764
22.15,1.029837,0.097468,88.112552,999.885785
22.16,1.029837,0.097468,88.11259,999.885808
22.17,1.029837,0.097468,88.112628,999.88583
22.18,1.029837,0.097468,88.112665,999.885854
22.19,1.029837,0.097468,88.112702,999.885878
22.2,1.029837,0.097468,88.112739,999.885903
22.21,1.029837,0.097468,88.112776,999.885928
22.22,1.029837,0.097468,88.112812,999.885954
22.23,1.029837,0.097468,88.112848,999.88598
22.24,1.029837,0.097468,88.112883,999.886007
22.25,1.029837,0.097468,88.112919,999.886034
22.26,1.029837,0.097468,88.112954,999.886061
22.27,1.029837,0.097468,88.112989,999.886088
22.28,1.029837,0.097468,88.113024,999.886115
22.29,1.029837,0.097468,88.113059,999.886143
22.3,1.029837,0.097468,88.113093,999.88617
22.31,1.029837,0.097468,88.113128,999.886198
22.32,1.029837,0.097468,88.113162,999.886225
22.33,1.029837,0.097468,88.113196,999.886252
22.34,1.029837,0.097468,88.113231,999.886279
22.35,1.029837,0.097468,88.113265,999.886306
22.36,1.029837,0.097468,88.113299,999.886333
22.37,1.029837,0.097468,88.113333,999.886359
22.38,1.029837,0.097468,88.113368,999.886385
22.39,1.029837,0.097468,88.113402,999.88641
22.4,1.029837,0.097468,88.113436,999.886435
22.41,1.029837,0.097468,88.113471,999.88646
22.42,1.029837,0.097468,88.113505,999.886484
22.43,1.029837,0.097468,88.11354,999.886508
22.44,1.029837,0.097468,88.113574,999.886531
22.45,1.029837,0.097468,88.113609,999.886553
22.46,1.029837,0.097468,88.113644,999.886575
22.47,1.029837,0.097468,88.113679,999.886596
22.48,1.029837,0.097468,88.113715,999.886616
22.49,1.029837,0.097468,88.11375,999.886635
22.5,1.029837,0.097468,88.113786,999.886654
22.51,1.029837,0.097468,88.113822,999.886672
22.52,1.029837,0.097468,88.113858,999.886688
22.53,1.029837,0.097468,88.113894,999.886704
22.54,1.029837,0.097468,88.113931,999.88672
22.55,1.029837,0.097468,88.113967,999.886734
22.56,1.029837,0.097468,88.114004,999.886747
22.57,1.029838,0.097468,88.114041,999.886759
22.58,1.029838,0.097468,88.114079,999.88677
22.59,1.029838,0.097468,88.114117,999.88678
22.6,1.029838,0.097468,88.114155,999.886789
22.61,1.029838,0.097468,88.114193,999.886797
22.62,1.029838,0.097468,88.114231,999.886803
22.63,1.029838,0.097468,88.11427,999.886809
22.64,1.029838,0.097468,88.114309,999.886813
22.65,1.029838,0.097468,88.114348,999.886816
22.66,1.029838,0.097468,88.114388,999.886818
22.67,1.029838,0.097468,88.114427,999.886819
22.68,1.029838,0.097468,88.114467,999.886818
22.69,1.029838,0.097468,88.114508,999.886816
22.7,1.029838,0.097468,88.114548,999.886813
22.71,1.029838,0.097468,88.114589,999.886809
22.72,1.029838,0.097468,88.11463,999.886803
22.73,1.029838,0.097468,88.114671,999.886796
22.74,1.029838,0.097468,88.114712,999.886788
22.75,1.029838,0.097468,88.114754,999.886778
22.76,1.029838,0.097468,88.114796,999.886768
22.77,1.029838,0.097468,88.114837,999.886756
22.78,1.029838,0.097468,88.11488,999.886742
22.79,1.029838,0.097468,88.114922,999.886728
22.8,1.029838,0.097468,88.114965,999.886712
22.81,1.029838,0.097468,88.115007,999.886694
22.82,1.029838,0.097468,88.11505,999.886676
22.83,1.029838,0.097468,88.115093,999.886656
22.84,1.029838,0.097468,88.115136,999.886636
22.85,1.029838,0.097468,88.115179,999.886614
22.86,1.029838,0.097468,88.115223,999.886591
22.87,1.029838,0.097468,88.115266,999.886566
22.88,1.029838,0.097468,88.11531,999.886541
22.89,1.029838,0.097468,88.115354,999.886514
22.9,1.029838,0.097468,88.115397,999.886487
22.91,1.029838,0.097468,88.115441,999.886458
22.92,1.029838,0.097468,88.115485,999.886429
22.93,1.029838,0.097468,88.115529,999.886398
22.94,1.029838,0.097468,88.115573,999.886367
22.95,1.029838,0.097468,88.115617,999.886334
22.96,1.029838,0.097468,88.115661,999.886301
22.97,1.029838,0.097468,88.115705,999.886268
22.98,1.029838,0.097468,88.115749,999.886233
22.99,1.029838,0.097468,88.115793,999.886198
23,1.029838,0.097468,88.115836,999.886162
23.01,1.029838,0.097468,88.11588,999.886125
23.02,1.029838,0.097468,88.115924,999.886088
23.03,1.029838,0.097468,88.115968,999.886051
23.04,1.029838,0.097468,88.116012,999.886013
23.05,1.029838,0.097468,88.116055,999.885975
23.06,1.029838,0.097468,88.116099,999.885937
23.07,1.029838,0.097468,88.116142,999.885898
23.08,1.029838,0.097468,88.116186,999.885859
23.09,1.029838,0.097468,88.116229,999.885821
23.1,1.029838,0.097468,88.116272,999.885782
23.11,1.029838,0.097468,88.116315,999.885743
23.12,1.029839,0.097468,88.116358,999.885704
23.13,1.029839,0.097468,88.116401,999.885666
23.14,1.029839,0.097468,88.116443,999.885627
23.15,1.029839,0.097468,88.116486,999.885589
23.16,1.029839,0.097468,88.116528,999.885552
23.17,1.029839,0.097468,88.11657,999.885515
23.18,1.029839,0.097468,88.116612,999.885478
23.19,1.029839,0.097468,88.116653,999.885442
23.2,1.029839,0.097468,88.116695,999.885406
23.21,1.029839,0.097468,88.116736,999.885372
23.22,1.029839,0.097468,88.116777,999.885337
23.23,1.029839,0.097468,88.116818,999.885304
23.24,1.029839,0.097468,88.116859,999.885272
23.25,1.029839,0.097468,88.1169,999.88524
23.26,1.029839,0.097468,88.11694,999.88521
23.27,1.029839,0.097468,88.11698,999.88518
23.28,1.029839,0.097468,88.11702,999.885152
23.29,1.029839,0.097468,88.117059,999.885125
23.3,1.029839,0.097468,88.117099,999.885099
23.31,1.029839,0.097468,88.117138,999.885074
23.32,1.029839,0.097468,88.117177,999.88505
23.33,1.029839,0.097468,88.117215,999.885028
23.34,1.029839,0.097468,88.117254,999.885007
23.35,1.029839,0.097468,88.117292,999.884988
23.36,1.029839,0.097468,88.11733,999.88497
23.37,1.029839,0.097468,88.117367,999.884953
23.38,1.029839,0.097468,88.117405,999.884938
23.39,1.029839,0.097468,88.117442,999.884924
23.4,1.029839,0.097468,88.117479,999.884912
23.41,1.029839,0.097468,88.117515,999.884901
23.42,1.029839,0.097468,88.117552,999.884892
23.43,1.029839,0.097468,88.117588,999.884884
23.44,1.029839,0.097468,88.117623,999.884878
23.45,1.029839,0.097468,88.117659,999.884874
23.46,1.029839,0.097468,88.117694,999.884871
23.47,1.029839,0.097468,88.117729,999.884869
23.48,1.029839,0.097468,88.117764,999.884869
23.49,1.029839,0.097468,88.117798,999.884871
23.5,1.029839,0.097468,88.117832,999.884874
23.51,1.029839,0.097468,88.117866,999.884879
23.52,1.029839,0.097468,88.1179,999.884885
23.53,1.029839,0.097468,88.117933,999.884893
23.54,1.029839,0.097468,88.117966,999.884902
23.55,1.029839,0.097468,88.117999,999.884912
23.56,1.029839,0.097468,88.118032,999.884924
23.57,1.029839,0.097468,88.118064,999.884937
23.58,1.029839,0.097468,88.118096,999.884952
23.59,1.029839,0.097468,88.118128,999.884968
23.6,1.029839,0.097468,88.118159,999.884985
23.61,1.029839,0.097468,88.11819,999.885004
23.62,1.029839,0.097468,88.118221,999.885023
23.63,1.029839,0.097468,88.118252,999.885044
23.64,1.029839,0.097468,88.118283,999.885066
23.65,1.029839,0.097468,88.118313,999.885089
23.66,1.029839,0.097468,88.118343,999.885112
23.67,1.029839,0.097468,88.118373,999.885137
23.68,1.02984,0.097468,88.118402,999.885163
23.69,1.02984,0.097468,88.118432,999.885189
23.7,1.02984,0.097468,88.118461,999.885217
23.71,1.02984,0.097468,88.11849,999.885245
23.72,1.02984,0.097468,88.118519,999.885273
23.73,1.02984,0.097468,88.118547,999.885302
23.74,1.02984,0.097468,88.118575,999.885332
23.75,1.02984,0.097468,88.118604,999.885363
23.76,1.02984,0.097468,88.118632,999.885393
23.77,1.02984,0.097468,88.118659,999.885425
23.78,1.02984,0.097468,88.118687,999.885456
23.79,1.02984,0.097468,88.118715,999.885488
23.8,1.02984,0.097468,88.118742,999.88552
23.81,1.02984,0.097468,88.118769,999.885552
23.82,1.02984,0.097468,88.118796,999.885584
23.83,1.02984,0.097468,88.118823,999.885617
23.84,1.02984,0.097468,88.11885,999.885649
23.85,1.02984,0.097468,88.118877,999.885681
23.86,1.02984,0.097468,88.118903,999.885714
23.87,1.02984,0.097468,88.11893,999.885746
23.88,1.02984,0.097468,88.118956,999.885777
23.89,1.02984,0.097468,88.118983,999.885809
23.9,1.02984,0.097468,88.119009,999.88584
23.91,1.02984,0.097468,88.119035,999.885871
23.92,1.02984,0.097468,88.119061,999.885902
23.93,1.02984,0.097468,88.119088,999.885932
23.94,1.02984,0.097468,88.119114,999.885962
23.95,1.02984,0.097468,88.11914,999.885991
23.96,1.02984,0.097468,88.119166,999.88602
23.97,1.02984,0.097468,88.119192,999.886048
23.98,1.02984,0.097468,88.119219,999.886076
23.99,1.02984,0.097468,88.119245,999.886103
24,1.02984,0.097468,88.119271,999.886129
24.01,1.02984,0.097468,88.119297,999.886155
24.02,1.02984,0.097468,88.119324,999.88618
24.03,1.02984,0.097468,88.11935,999.886204
24.04,1.02984,0.097468,88.119377,999.886228
24.05,1.02984,0.097468,88.119403,999.886251
24.06,1.02984,0.097468,88.11943,999.886273
24.07,1.02984,0.097468,88.119457,999.886294
24.08,1.02984,0.097468,88.119484,999.886314
24.09,1.02984,0.097468,88.119511,999.886334
24.1,1.02984,0.097468,88.119538,999.886352
24.11,1.02984,0.097468,88.119565,999.88637
24.12,1.02984,0.097468,88.119593,999.886387
24.13,1.02984,0.097468,88.11962,999.886404
24.14,1.02984,0.097468,88.119648,999.886419
24.15,1.02984,0.097468,88.119676,999.886434
24.16,1.02984,0.097468,88.119704,999.886447
24.17,1.02984,0.097468,88.119732,999.88646
24.18,1.02984,0.097468,88.11976,999.886472
24.19,1.02984,0.097468,88.119789,999.886483
24.2,1.02984,0.097468,88.119818,999.886493
24.21,1.02984,0.097468,88.119847,999.886503
24.22,1.02984,0.097468,88.119876,999.886512
24.23,1.02984,0.097468,88.119905,999.886519
24.24,1.02984,0.097468,88.119934,999.886526
24.25,1.02984,0.097468,88.119964,999.886533
24.26,1.029841,0.097468,88.119994,999.886538
24.27,1.029841,0.097468,88.120024,999.886543
24.28,1.029841,0.097468,88.120054,999.886547
24.29,1.029841,0.097468,88.120085,999.88655
24.3,1.029841,0.097468,88.120115,999.886552
24.31,1.029841,0.097468,88.120146,999.886554
24.32,1.029841,0.097468,88.120177,999.886555
24.33,1.029841,0.097468,88.120209,999.886555
24.34,1.029841,0.097468,88.12024,999.886555
24.35,1.029841,0.097468,88.120272,999.886554
24.36,1.029841,0.097468,88.120303,999.886552
24.37,1.029841,0.097468,88.120335,999.88655
24.38,1.029841,0.097468,88.120367,999.886547
24.39,1.029841,0.097468,88.1204,999.886544
24.4,1.029841,0.097468,88.120432,999.88654
24.41,1.029841,0.097468,88.120465,999.886536
24.42,1.029841,0.097468,88.120498,999.886531
24.43,1.029841,0.097468,88.120531,999.886525
24.44,1.029841,0.097468,88.120564,999.886519
24.45,1.029841,0.097468,88.120597,999.886513
24.46,1.029841,0.097468,88.12063,999.886506
24.47,1.029841,0.097468,88.120664,999.886499
24.48,1.029841,0.097468,88.120698,999.886491
24.49,1.029841,0.097468,88.120731,999.886483
24.5,1.029841,0.097468,88.120765,999.886475
24.51,1.029841,0.097468,88.120799,999.886466
24.52,1.029841,0.097468,88.120833,999.886457
24.53,1.029841,0.097468,88.120867,999.886448
24.54,1.029841,0.097468,88.120901,999.886439
24.55,1.029841,0.097468,88.120935,999.886429
24.56,1.029841,0.097468,88.12097,999.886419
24.57,1.029841,0.097468,88.121004,999.886409
24.58,1.029841,0.097468,88.121038,999.886398
24.59,1.029841,0.097468,88.121073,999.886388
24.6,1.029841,0.097468,88.121107,999.886377
24.61,1.029841,0.097468,88.121142,999.886367
24.62,1.029841,0.097468,88.121176,999.886356
24.63,1.029841,0.097468,88.121211,999.886345
24.64,1.029841,0.097468,88.121245,999.886334
24.65,1.029841,0.097468,88.121279,999.886323
24.66,1.029841,0.097468,88.121314,999.886312
24.67,1.029841,0.097468,88.121348,999.886301
24.68,1.029841,0.097468,88.121382,999.88629
24.69,1.029841,0.097468,88.121417,999.88628
24.7,1.029841,0.097468,88.121451,999.886269
24.71,1.029841,0.097468,88.121485,999.886258
24.72,1.029841,0.097468,88.121519,999.886248
24.73,1.029841,0.097468,88.121553,999.886238
24.74,1.029841,0.097468,88.121587,999.886227
24.75,1.029841,0.097468,88.12162,999.886218
24.76,1.029841,0.097468,88.121654,999.886208
24.77,1.029841,0.097468,88.121688,999.886199
24.78,1.029841,0.097468,88.121721,999.886189
24.79,1.029841,0.097468,88.121755,999.886181
24.8,1.029841,0.097468,88.121788,999.886172
24.81,1.029841,0.097468,88.121821,999.886164
24.82,1.029841,0.097468,88.121854,999.886156
24.83,1.029841,0.097468,88.121887,999.886149
24.84,1.029841,0.097468,88.12192,999.886142
24.85,1.029841,0.097468,88.121952,999.886135
24.86,1.029841,0.097468,88.121985,999.886129
24.87,1.029842,0.097468,88.122017,999.886124
24.88,1.029842,0.097468,88.122049,999.886119
24.89,1.029842,0.097468,88.122081,999.886114
24.9,1.029842,0.097468,88.122113,999.88611
24.91,1.029842,0.097468,88.122145,999.886107
24.92,1.029842,0.097468,88.122176,999.886104
24.93,1.029842,0.097468,88.122208,999.886101
24.94,1.029842,0.097468,88.122239,999.8861
24.95,1.029842,0.097468,88.12227,999.886098
24.96,1.029842,0.097468,88.122301,999.886098
24.97,1.029842,0.097468,88.122332,999.886098
24.98,1.029842,0.097468,88.122363,999.886099
24.99,1.029842,0.097468,88.122393,999.8861
25,1.029842,0.097468,88.122424,999.886103
25.01,1.029842,0.097468,88.122454,999.886106
25.02,1.029842,0.097468,88.122484,999.886109
25.03,1.029842,0.097468,88.122514,999.886114
25.04,1.029842,0.097468,88.122544,999.886119
25.05,1.029842,0.097468,88.122573,999.886125
25.06,1.029842,0.097468,88.122603,999.886131
25.07,1.029842,0.097468,88.122632,999.886138
25.08,1.029842,0.097468,88.122661,999.886146
25.09,1.029842,0.097468,88.122691,999.886155
25.1,1.029842,0.097468,88.12272,999.886165
25.11,1.029842,0.097468,88.122748,999.886175
25.12,1.029842,0.097468,88.122777,999.886186
25.13,1.029842,0.097468,88.122806,999.886198
25.14,1.029842,0.097468,88.122834,999.88621
25.15,1.029842,0.097468,88.122863,999.886224
25.16,1.029842,0.097468,88.122891,999.886238
25.17,1.029842,0.097468,88.122919,999.886252
25.18,1.029842,0.097468,88.122947,999.886268
25.19,1.029842,0.097468,88.122975,999.886284
25.2,1.029842,0.097468,88.123003,999.886301
25.21,1.029842,0.097468,88.123031,999.886318
25.22,1.029842,0.097468,88.123059,999.886336
25.23,1.029842,0.097468,88.123087,999.886355
25.24,1.029842,0.097468,88.123114,999.886374
25.25,1.029842,0.097468,88.123142,999.886394
25.26,1.029842,0.097468,88.123169,999.886415
25.27,1.029842,0.097468,88.123197,999.886436
25.28,1.029842,0.097468,88.123224,999.886457
25.29,1.029842,0.097468,88.123251,999.886479
25.3,1.029842,0.097468,88.123278,999.886502
25.31,1.029842,0.097468,88.123306,999.886525
25.32,1.029842,0.097468,88.123333,999.886548
25.33,1.029842,0.097468,88.12336,999.886572
25.34,1.029842,0.097468,88.123387,999.886597
25.35,1.029842,0.097468,88.123414,999.886621
25.36,1.029842,0.097468,88.123441,999.886646
25.37,1.029842,0.097468,88.123468,999.886671
25.38,1.029842,0.097468,88.123495,999.886697
25.39,1.029842,0.097468,88.123522,999.886722
25.4,1.029842,0.097468,88.123549,999.886748
25.41,1.029842,0.097468,88.123576,999.886774
25.42,1.029842,0.097468,88.123603,999.8868
25.43,1.029842,0.097468,88.123629,999.886826
25.44,1.029842,0.097468,88.123656,999.886852
25.45,1.029842,0.097468,88.123683,999.886879
25.46,1.029842,0.097468,88.12371,999.886905
25.47,1.029842,0.097468,88.123737,999.886931
25.48,1.029842,0.097468,88.123764,999.886957
25.49,1.029842,0.097468,88.123791,999.886983
25.5,1.029842,0.097468,88.123818,999.887009
25.51,1.029843,0.097468,88.123845,999.887035
25.52,1.029843,0.097468,88.123872,999.88706
25.53,1.029843,0.097468,88.123899,999.887085
25.54,1.029843,0.097468,88.123927,999.88711
25.55,1.029843,0.097468,88.123954,999.887135
25.56,1.029843,0.097468,88.123981,999.887159
25.57,1.029843,0.097468,88.124008,999.887183
25.58,1.029843,0.097468,88.124036,999.887207
25.59,1.029843,0.097468,88.124063,999.88723
25.6,1.029843,0.097468,88.12409,999.887253
25.61,1.029843,0.097468,88.124118,999.887275
25.62,1.029843,0.097468,88.124146,999.887297
25.63,1.029843,0.097468,88.124173,999.887318
25.64,1.029843,0.097468,88.124201,999.887339
25.65,1.029843,0.097468,88.124229,999.887359
25.66,1.029843,0.097468,88.124257,999.887379
25.67,1.029843,0.097468,88.124285,999.887398
25.68,1.029843,0.097468,88.124313,999.887417
25.69,1.029843,0.097468,88.124341,999.887435
25.7,1.029843,0.097468,88.124369,999.887452
25.71,1.029843,0.097468,88.124397,999.887469
25.72,1.029843,0.097468,88.124425,999.887485
25.73,1.029843,0.097468,88.124454,999.887501
25.74,1.029843,0.097468,88.124482,999.887516
25.75,1.029843,0.097468,88.124511,999.88753
25.76,1.029843,0.097468,88.12454,999.887544
25.77,1.029843,0.097468,88.124569,999.887557
25.78,1.029843,0.097468,88.124598,999.887569
25.79,1.029843,0.097468,88.124627,999.887581
25.8,1.029843,0.097468,88.124656,999.887592
25.81,1.029843,0.097468,88.124685,999.887602
25.82,1.029843,0.097468,88.124714,999.887612
25.83,1.029843,0.097468,88.124744,999.887621
25.84,1.029843,0.097468,88.124773,999.887629
25.85,1.029843,0.097468,88.124803,999.887637
25.86,1.029843,0.097468,88.124833,999.887645
25.87,1.029843,0.097468,88.124863,999.887651
25.88,1.029843,0.097468,88.124893,999.887657
25.89,1.029843,0.097468,88.124923,999.887663
25.9,1.029843,0.097468,88.124953,999.887668
25.91,1.029843,0.097468,88.124983,999.887673
25.92,1.029843,0.097468,88.125014,999.887677
25.93,1.029843,0.097468,88.125045,999.88768
25.94,1.029843,0.097468,88.125075,999.887683
25.95,1.029843,0.097468,88.125106,999.887686
25.96,1.029843,0.097468,88.125137,999.887688
25.97,1.029843,0.097468,88.125168,999.887689
25.98,1.029843,0.097468,88.125199,999.887691
25.99,1.029843,0.097468,88.12523,999.887691
26,1.029843,0.097468,88.125261,999.887692
26.01,1.029843,0.097468,88.125293,999.887692
26.02,1.029843,0.097468,88.125324,999.887692
26.03,1.029843,0.097468,88.125356,999.887691
26.04,1.029843,0.097468,88.125387,999.887691
26.05,1.029843,0.097468,88.125419,999.88769
26.06,1.029843,0.097468,88.125451,999.887689
26.07,1.029843,0.097468,88.125483,999.887687
26.08,1.029843,0.097468,88.125515,999.887686
26.09,1.029843,0.097468,88.125547,999.887684
26.1,1.029843,0.097468,88.125579,999.887682
26.11,1.029843,0.097468,88.125611,999.88768
26.12,1.029843,0.097468,88.125644,999.887678
26.13,1.029843,0.097468,88.125676,999.887676
26.14,1.029843,0.097468,88.125708,999.887674
26.15,1.029843,0.097468,88.125741,999.887671
26.16,1.029843,0.097468,88.125773,999.887669
26.17,1.029843,0.097468,88.125806,999.887667
26.18,1.029843,0.097468,88.125838,999.887665
26.19,1.029844,0.097468,88.125871,999.887663
26.2,1.029844,0.097468,88.125904,999.88766
26.21,1.029844,0.097468,88.125936,999.887659
26.22,1.029844,0.097468,88.125969,999.887657
26.23,1.029844,0.097468,88.126002,999.887655
26.24,1.029844,0.097468,88.126034,999.887653
26.25,1.029844,0.097468,88.126067,999.887652
26.26,1.029844,0.097468,88.1261,999.887651
26.27,1.029844,0.097468,88.126133,999.88765
26.28,1.029844,0.097468,88.126165,999.887649
26.29,1.029844,0.097468,88.126198,999.887648
26.3,1.029844,0.097468,88.126231,999.887648
26.31,1.029844,0.097468,88.126263,999.887647
26.32,1.029844,0.097468,88.126296,999.887648
26.33,1.029844,0.097468,88.126329,999.887648
26.34,1.029844,0.097468,88.126361,999.887649
26.35,1.029844,0.097468,88.126394,999.887649
26.36,1.029844,0.097468,88.126426,999.887651
26.37,1.029844,0.097468,88.126458,999.887652
26.38,1.029844,0.097468,88.126491,999.887654
26.39,1.029844,0.097468,88.126523,999.887656
26.4,1.029844,0.097468,88.126555,999.887659
26.41,1.029844,0.097468,88.126588,999.887662
26.42,1.029844,0.097468,88.12662,999.887665
26.43,1.029844,0.097468,88.126652,999.887668
26.44,1.029844,0.097468,88.126684,999.887672
26.45,1.029844,0.097468,88.126716,999.887676
26.46,1.029844,0.097468,88.126747,999.887681
26.47,1.029844,0.097468,88.126779,999.887686
26.48,1.029844,0.097468,88.126811,999.887691
26.49,1.029844,0.097468,88.126842,999.887697
26.5,1.029844,0.097468,88.126874,999.887703
26.51,1.029844,0.097468,88.126905,999.887709
26.52,1.029844,0.097468,88.126936,999.887716
26.53,1.029844,0.097468,88.126967,999.887723
26.54,1.029844,0.097468,88.126998,999.887731
26.55,1.029844,0.097468,88.127029,999.887739
26.56,1.029844,0.097468,88.12706,999.887747
26.57,1.029844,0.097468,88.127091,999.887756
26.58,1.029844,0.097468,88.127121,999.887765
26.59,1.029844,0.097468,88.127152,999.887774
26.6,1.029844,0.097468,88.127182,999.887784
26.61,1.029844,0.097468,88.127213,999.887794
26.62,1.029844,0.097468,88.127243,999.887804
26.63,1.029844,0.097468,88.127273,999.887815
26.64,1.029844,0.097468,88.127303,999.887826
26.65,1.029844,0.097468,88.127333,999.887838
26.66,1.029844,0.097468,88.127363,999.88785
26.67,1.029844,0.097468,88.127392,999.887862
26.68,1.029844,0.097468,88.127422,999.887875
26.69,1.029844,0.097468,88.127452,999.887888
26.7,1.029844,0.097468,88.127481,999.887901
26.71,1.029844,0.097468,88.12751,999.887915
26.72,1.029844,0.097468,88.127539,999.887929
26.73,1.029844,0.097468,88.127569,999.887943
26.74,1.029844,0.097468,88.127598,999.887957
26.75,1.029844,0.097468,88.127627,999.887972
26.76,1.029844,0.097468,88.127656,999.887987
26.77,1.029844,0.097468,88.127684,999.888003
26.78,1.029844,0.097468,88.127713,999.888019
26.79,1.029844,0.097468,88.127742,999.888035
26.8,1.029844,0.097468,88.12777,999.888051
26.81,1.029844,0.097468,88.127799,999.888068
26.82,1.029844,0.097468,88.127827,999.888085
26.83,1.029844,0.097468,88.127856,999.888102
26.84,1.029844,0.097468,88.127884,999.888119
26.85,1.029844,0.097468,88.127912,999.888137
26.86,1.029844,0.097468,88.127941,999.888155
26.87,1.029844,0.097468,88.127969,999.888173
26.88,1.029844,0.097468,88.127997,999.888191
26.89,1.029844,0.097468,88.128025,999.88821
26.9,1.029844,0.097468,88.128053,999.888228
26.91,1.029845,0.097468,88.128081,999.888247
26.92,1.029845,0.097468,88.128109,999.888266
26.93,1.029845,0.097468,88.128137,999.888286
26.94,1.029845,0.097468,88.128165,999.888305
26.95,1.029845,0.097468,88.128193,999.888325
26.96,1.029845,0.097468,88.128221,999.888344
26.97,1.029845,0.097468,88.128249,999.888364
26.98,1.029845,0.097468,88.128277,999.888384
26.99,1.029845,0.097468,88.128305,999.888404
27,1.029845,0.097468,88.128333,999.888424
27.01,1.029845,0.097468,88.128361,999.888444
27.02,1.029845,0.097468,88.128389,999.888464
27.03,1.029845,0.097468,88.128416,999.888485
27.04,1.029845,0.097468,88.128444,999.888505
27.05,1.029845,0.097468,88.128472,999.888525
27.06,1.029845,0.097468,88.1285,999.888545
27.07,1.029845,0.097468,88.128528,999.888566
27.08,1.029845,0.097468,88.128556,999.888586
27.09,1.029845,0.097468,88.128584,999.888606
27.1,1.029845,0.097468,88.128612,999.888627
27.11,1.029845,0.097468,88.12864,999.888647
27.12,1.029845,0.097468,88.128669,999.888667
27.13,1.029845,0.097468,88.128697,999.888687
27.14,1.029845,0.097468,88.128725,999.888707
27.15,1.029845,0.097468,88.128753,999.888726
27.16,1.029845,0.097468,88.128781,999.888746
27.17,1.029845,0.097468,88.128809,999.888766
27.18,1.029845,0.097468,88.128838,999.888785
27.19,1.029845,0.097468,88.128866,999.888804
27.2,1.029845,0.097468,88.128894,999.888823
27.21,1.029845,0.097468,88.128923,999.888842
27.22,1.029845,0.097468,88.128951,999.888861
27.23,1.029845,0.097468,88.12898,999.888879
27.24,1.029845,0.097468,88.129008,999.888897
27.25,1.029845,0.097468,88.129037,999.888915
27.26,1.029845,0.097468,88.129066,999.888933
27.27,1.029845,0.097468,88.129094,999.888951
27.28,1.029845,0.097468,88.129123,999.888968
27.29,1.029845,0.097468,88.129152,999.888985
27.3,1.029845,0.097468,88.129181,999.889001
27.31,1.029845,0.097468,88.129209,999.889018
27.32,1.029845,0.097468,88.129238,999.889034
27.33,1.029845,0.097468,88.129267,999.889049
27.34,1.029845,0.097468,88.129296,999.889065
27.35,1.029845,0.097468,88.129325,999.88908
27.36,1.029845,0.097468,88.129354,999.889095
27.37,1.029845,0.097468,88.129383,999.889109
27.38,1.029845,0.097468,88.129413,999.889123
27.39,1.029845,0.097468,88.129442,999.889137
27.4,1.029845,0.097468,88.129471,999.889151
27.41,1.029845,0.097468,88.1295,999.889164
27.42,1.029845,0.097468,88.129529,999.889177
27.43,1.029845,0.097468,88.129559,999.889189
27.44,1.029845,0.097468,88.129588,999.889201
27.45,1.029845,0.097468,88.129618,999.889213
27.46,1.029845,0.097468,88.129647,999.889224
27.47,1.029845,0.097468,88.129677,999.889235
27.48,1.029845,0.097468,88.129706,999.889246
27.49,1.029845,0.097468,88.129736,999.889257
27.5,1.029845,0.097468,88.129765,999.889267
27.51,1.029845,0.097468,88.129795,999.889277
27.52,1.029845,0.097468,88.129824,999.889286
27.53,1.029845,0.097468,88.129854,999.889295
27.54,1.029845,0.097468,88.129884,999.889304
27.55,1.029845,0.097468,88.129913,999.889313
27.56,1.029845,0.097468,88.129943,999.889321
27.57,1.029845,0.097468,88.129973,999.889329
27.58,1.029845,0.097468,88.130002,999.889337
27.59,1.029845,0.097468,88.130032,999.889345
27.6,1.029845,0.097468,88.130062,999.889352
27.61,1.029845,0.097468,88.130092,999.889359
27.62,1.029845,0.097468,88.130122,999.889366
27.63,1.029845,0.097468,88.130151,999.889373
27.64,1.029845,0.097468,88.130181,999.88938
27.65,1.029845,0.097468,88.130211,999.889386
27.66,1.029845,0.097468,88.130241,999.889392
27.67,1.029846,0.097468,88.130271,999.889398
27.68,1.029846,0.097468,88.130301,999.889404
27.69,1.029846,0.097468,88.13033,999.88941
27.7,1.029846,0.097468,88.13036,999.889416
27.71,1.029846,0.097468,88.13039,999.889422
27.72,1.029846,0.097468,88.13042,999.889427
27.73,1.029846,0.097468,88.13045,999.889433
27.74,1.029846,0.097468,88.13048,999.889439
27.75,1.029846,0.097468,88.130509,999.889444
27.76,1.029846,0.097468,88.130539,999.88945
27.77,1.029846,0.097468,88.130569,999.889455
27.78,1.029846,0.097468,88.130599,999.889461
27.79,1.029846,0.097468,88.130629,999.889467
27.8,1.029846,0.097468,88.130658,999.889472
27.81,1.029846,0.097468,88.130688,999.889478
27.82,1.029846,0.097468,88.130718,999.889484
27.83,1.029846,0.097468,88.130747,999.88949
27.84,1.029846,0.097468,88.130777,999.889496
27.85,1.029846,0.097468,88.130807,999.889502
27.86,1.029846,0.097468,88.130836,999.889509
27.87,1.029846,0.097468,88.130866,999.889515
27.88,1.029846,0.097468,88.130895,999.889522
27.89,1.029846,0.097468,88.130925,999.889529
27.9,1.029846,0.097468,88.130954,999.889536
27.91,1.029846,0.097468,88.130983,999.889543
27.92,1.029846,0.097468,88.131013,999.889551
27.93,1.029846,0.097468,88.131042,999.889559
27.94,1.029846,0.097468,88.131071,999.889567
27.95,1.029846,0.097468,88.1311,999.889575
27.96,1.029846,0.097468,88.13113,999.889583
27.97,1.029846,0.097468,88.131159,999.889592
27.98,1.029846,0.097468,88.131188,999.889601
27.99,1.029846,0.097468,88.131217,999.889611
28,1.029846,0.097468,88.131246,999.88962
28.01,1.029846,0.097468,88.131274,999.88963
28.02,1.029846,0.097468,88.131303,999.88964
28.03,1.029846,0.097468,88.131332,999.889651
28.04,1.029846,0.097468,88.131361,999.889662
28.05,1.029846,0.097468,88.131389,999.889673
28.06,1.029846,0.097468,88.131418,999.889684
28.07,1.029846,0.097468,88.131446,999.889696
28.08,1.029846,0.097468,88.131475,999.889708
28.09,1.029846,0.097468,88.131503,999.88972
28.1,1.029846,0.097468,88.131531,999.889733
28.11,1.029846,0.097468,88.131559,999.889746
28.12,1.029846,0.097468,88.131587,999.88976
28.13,1.029846,0.097468,88.131615,999.889773
28.14,1.029846,0.097468,88.131643,999.889787
28.15,1.029846,0.097468,88.131671,999.889801
28.16,1.029846,0.097468,88.131699,999.889816
28.17,1.029846,0.097468,88.131727,999.889831
28.18,1.029846,0.097468,88.131754,999.889846
28.19,1.029846,0.097468,88.131782,999.889861
28.2,1.029846,0.097468,88.131809,999.889877
28.21,1.029846,0.097468,88.131837,999.889893
28.22,1.029846,0.097468,88.131864,999.88991
28.23,1.029846,0.097468,88.131891,999.889926
28.24,1.029846,0.097468,88.131918,999.889943
28.25,1.029846,0.097468,88.131945,999.88996
28.26,1.029846,0.097468,88.131972,999.889978
28.27,1.029846,0.097468,88.131999,999.889995
28.28,1.029846,0.097468,88.132026,999.890013
28.29,1.029846,0.097468,88.132052,999.890031
28.3,1.029846,0.097468,88.132079,999.890049
28.31,1.029846,0.097468,88.132106,999.890068
28.32,1.029846,0.097468,88.132132,999.890087
28.33,1.029846,0.097468,88.132158,999.890105
28.34,1.029846,0.097468,88.132185,999.890125
28.35,1.029846,0.097468,88.132211,999.890144
28.36,1.029846,0.097468,88.132237,999.890163
28.37,1.029846,0.097468,88.132263,999.890183
28.38,1.029846,0.097468,88.132289,999.890203
28.39,1.029846,0.097468,88.132315,999.890223
28.4,1.029846,0.097468,88.132341,999.890243
28.41,1.029846,0.097468,88.132366,999.890263
28.42,1.029846,0.097468,88.132392,999.890283
28.43,1.029846,0.097468,88.132418,999.890304
28.44,1.029846,0.097468,88.132443,999.890324
28.45,1.029846,0.097468,88.132469,999.890345
28.46,1.029846,0.097468,88.132494,999.890366
28.47,1.029847,0.097468,88.132519,999.890386
28.48,1.029847,0.097468,88.132545,999.890407
28.49,1.029847,0.097468,88.13257,999.890428
28.5,1.029847,0.097468,88.132595,999.890449
28.51,1.029847,0.097468,88.13262,999.89047
28.52,1.029847,0.097468,88.132645,999.890491
28.53,1.029847,0.097468,88.13267,999.890512
28.54,1.029847,0.097468,88.132695,999.890533
28.55,1.029847,0.097468,88.13272,999.890555
28.56,1.029847,0.097468,88.132745,999.890576
28.57,1.029847,0.097468,88.13277,999.890597
28.58,1.029847,0.097468,88.132795,999.890618
28.59,1.029847,0.097468,88.13282,999.890639
28.6,1.029847,0.097468,88.132844,999.890661
28.61,1.029847,0.097468,88.132869,999.890682
28.62,1.029847,0.097468,88.132894,999.890703
28.63,1.029847,0.097468,88.132919,999.890724
28.64,1.029847,0.097468,88.132943,999.890745
28.65,1.029847,0.097468,88.132968,999.890766
28.66,1.029847,0.097468,88.132992,999.890787
28.67,1.029847,0.097468,88.133017,999.890808
28.68,1.029847,0.097468,88.133042,999.890829
28.69,1.029847,0.097468,88.133066,999.89085
28.7,1.029847,0.097468,88.133091,999.89087
28.71,1.029847,0.097468,88.133115,999.890891
28.72,1.029847,0.097468,88.13314,999.890912
28.73,1.029847,0.097468,88.133164,999.890932
28.74,1.029847,0.097468,88.133189,999.890953
28.75,1.029847,0.097468,88.133213,999.890973
28.76,1.029847,0.097468,88.133238,999.890994
28.77,1.029847,0.097468,88.133262,999.891014
28.78,1.029847,0.097468,88.133287,999.891034
28.79,1.029847,0.097468,88.133311,999.891054
28.8,1.029847,0.097468,88.133336,999.891074
28.81,1.029847,0.097468,88.13336,999.891094
28.82,1.029847,0.097468,88.133385,999.891113
28.83,1.029847,0.097468,88.133409,999.891133
28.84,1.029847,0.097468,88.133434,999.891153
28.85,1.029847,0.097468,88.133458,999.891172
28.86,1.029847,0.097468,88.133483,999.891191
28.87,1.029847,0.097468,88.133507,999.891211
28.88,1.029847,0.097468,88.133532,999.89123
28.89,1.029847,0.097468,88.133557,999.891249
28.9,1.029847,0.097468,88.133581,999.891267
28.91,1.029847,0.097468,88.133606,999.891286
28.92,1.029847,0.097468,88.13363,999.891305
28.93,1.029847,0.097468,88.133655,999.891323
28.94,1.029847,0.097468,88.133679,999.891342
28.95,1.029847,0.097468,88.133704,999.89136
28.96,1.029847,0.097468,88.133729,999.891378
28.97,1.029847,0.097468,88.133753,999.891396
28.98,1.029847,0.097468,88.133778,999.891414
28.99,1.029847,0.097468,88.133802,999.891431
29,1.029847,0.097468,88.133827,999.891449
29.01,1.029847,0.097468,88.133852,999.891466
29.02,1.029847,0.097468,88.133876,999.891484
29.03,1.029847,0.097468,88.133901,999.891501
29.04,1.029847,0.097468,88.133926,999.891518
29.05,1.029847,0.097468,88.13395,999.891535
29.06,1.029847,0.097468,88.133975,999.891552
29.07,1.029847,0.097468,88.134,999.891568
29.08,1.029847,0.097468,88.134024,999.891585
29.09,1.029847,0.097468,88.134049,999.891601
29.1,1.029847,0.097468,88.134073,999.891618
29.11,1.029847,0.097468,88.134098,999.891634
29.12,1.029847,0.097468,88.134123,999.89165
29.13,1.029847,0.097468,88.134147,999.891666
29.14,1.029847,0.097468,88.134172,999.891682
29.15,1.029847,0.097468,88.134196,999.891697
29.16,1.029847,0.097468,88.134221,999.891713
29.17,1.029847,0.097468,88.134246,999.891729
29.18,1.029847,0.097468,88.13427,999.891744
29.19,1.029847,0.097468,88.134295,999.891759
29.2,1.029847,0.097468,88.134319,999.891775
29.21,1.029847,0.097468,88.134344,999.89179
29.22,1.029847,0.097468,88.134368,999.891805
29.23,1.029847,0.097468,88.134392,999.89182
29.24,1.029847,0.097468,88.134417,999.891835
29.25,1.029847,0.097468,88.134441,999.89185
29.26,1.029847,0.097468,88.134466,999.891865
29.27,1.029847,0.097468,88.13449,999.891879
29.28,1.029847,0.097468,88.134514,999.891894
29.29,1.029847,0.097468,88.134538,999.891909
29.3,1.029847,0.097468,88.134563,999.891923
29.31,1.029848,0.097468,88.134587,999.891938
29.32,1.029848,0.097468,88.134611,999.891952
29.33,1.029848,0.097468,88.134635,999.891967
29.34,1.029848,0.097468,88.134659,999.891982
29.35,1.029848,0.097468,88.134683,999.891996
29.36,1.029848,0.097468,88.134707,999.892011
29.37,1.029848,0.097468,88.134731,999.892025
29.38,1.029848,0.097468,88.134755,999.89204
29.39,1.029848,0.097468,88.134779,999.892054
29.4,1.029848,0.097468,88.134803,999.892069
29.41,1.029848,0.097468,88.134826,999.892084
29.42,1.029848,0.097468,88.13485,999.892098
29.43,1.029848,0.097468,88.134874,999.892113
29.44,1.029848,0.097468,88.134897,999.892128
29.45,1.029848,0.097468,88.134921,999.892143
29.46,1.029848,0.097468,88.134944,999.892158
29.47,1.029848,0.097468,88.134968,999.892173
29.48,1.029848,0.097468,88.134991,999.892188
29.49,1.029848,0.097468,88.135015,999.892203
29.5,1.029848,0.097468,88.135038,999.892218
29.51,1.029848,0.097468,88.135061,999.892234
29.52,1.029848,0.097468,88.135084,999.892249
29.53,1.029848,0.097468,88.135107,999.892265
29.54,1.029848,0.097468,88.13513,999.892281
29.55,1.029848,0.097468,88.135153,999.892297
29.56,1.029848,0.097468,88.135176,999.892313
29.57,1.029848,0.097468,88.135199,999.892329
29.58,1.029848,0.097468,88.135222,999.892346
29.59,1.029848,0.097468,88.135245,999.892362
29.6,1.029848,0.097468,88.135268,999.892379
29.61,1.029848,0.097468,88.13529,999.892396
29.62,1.029848,0.097468,88.135313,999.892413
29.63,1.029848,0.097468,88.135335,999.89243
29.64,1.029848,0.097468,88.135358,999.892447
29.65,1.029848,0.097468,88.13538,999.892465
29.66,1.029848,0.097468,88.135403,999.892483
29.67,1.029848,0.097468,88.135425,999.892501
29.68,1.029848,0.097468,88.135447,999.892519
29.69,1.029848,0.097468,88.135469,999.892537
29.7,1.029848,0.097468,88.135492,999.892556
29.71,1.029848,0.097468,88.135514,999.892575
29.72,1.029848,0.097468,88.135536,999.892594
29.73,1.029848,0.097468,88.135558,999.892613
29.74,1.029848,0.097468,88.135579,999.892632
29.75,1.029848,0.097468,88.135601,999.892652
29.76,1.029848,0.097468,88.135623,999.892672
29.77,1.029848,0.097468,88.135645,999.892692
29.78,1.029848,0.097468,88.135666,999.892712
29.79,1.029848,0.097468,88.135688,999.892732
29.8,1.029848,0.097468,88.135709,999.892753
29.81,1.029848,0.097468,88.135731,999.892774
29.82,1.029848,0.097468,88.135752,999.892795
29.83,1.029848,0.097468,88.135774,999.892816
29.84,1.029848,0.097468,88.135795,999.892837
29.85,1.029848,0.097468,88.135816,999.892859
29.86,1.029848,0.097468,88.135837,999.892881
29.87,1.029848,0.097468,88.135858,999.892902
29.88,1.029848,0.097468,88.135879,999.892924
29.89,1.029848,0.097468,88.1359,999.892947
29.9,1.029848,0.097468,88.135921,999.892969
29.91,1.029848,0.097468,88.135942,999.892992
29.92,1.029848,0.097468,88.135963,999.893014
29.93,1.029848,0.097468,88.135984,999.893037
29.94,1.029848,0.097468,88.136005,999.89306
29.95,1.029848,0.097468,88.136025,999.893083
29.96,1.029848,0.097468,88.136046,999.893107
29.97,1.029848,0.097468,88.136066,999.89313
29.98,1.029848,0.097468,88.136087,999.893153
29.99,1.029848,0.097468,88.136107,999.893177
30,1.029848,0.097468,88.136128,999.893201
30.01,1.029848,0.097468,88.136148,999.893224
30.02,1.029848,0.097468,88.136168,999.893248
30.03,1.029848,0.097468,88.136189,999.893272
30.04,1.029848,0.097468,88.136209,999.893296
30.05,1.029848,0.097468,88.136229,999.89332
30.06,1.029848,0.097468,88.136249,999.893344
30.07,1.029848,0.097468,88.136269,999.893368
30.08,1.029848,0.097468,88.136289,999.893393
30.09,1.029848,0.097468,88.136309,999.893417
30.1,1.029848,0.097468,88.136329,999.893441
30.11,1.029848,0.097468,88.136349,999.893465
30.12,1.029848,0.097468,88.136369,999.89349
30.13,1.029848,0.097468,88.136389,999.893514
30.14,1.029848,0.097468,88.136408,999.893538
30.15,1.029848,0.097468,88.136428,999.893563
30.16,1.029848,0.097468,88.136448,999.893587
30.17,1.029848,0.097468,88.136467,999.893611
30.18,1.029848,0.097468,88.136487,999.893636
30.19,1.029848,0.097468,88.136507,999.89366
30.2,1.029849,0.097468,88.136526,999.893684
30.21,1.029849,0.097468,88.136546,999.893708
30.22,1.029849,0.097468,88.136565,999.893732
30.23,1.029849,0.097468,88.136585,999.893756
30.24,1.029849,0.097468,88.136604,999.89378
30.25,1.029849,0.097468,88.136624,999.893804
30.26,1.029849,0.097468,88.136643,999.893828
30.27,1.029849,0.097468,88.136663,999.893852
30.28,1.029849,0.097468,88.136682,999.893876
30.29,1.029849,0.097468,88.136701,999.8939
30.3,1.029849,0.097468,88.136721,999.893923
30.31,1.029849,0.097468,88.13674,999.893947
30.32,1.029849,0.097468,88.136759,999.89397
30.33,1.029849,0.097468,88.136778,999.893994
30.34,1.029849,0.097468,88.136798,999.894017
30.35,1.029849,0.097468,88.136817,999.89404
30.36,1.029849,0.097468,88.136836,999.894063
30.37,1.029849,0.097468,88.136855,999.894086
30.38,1.029849,0.097468,88.136874,999.894109
30.39,1.029849,0.097468,88.136894,999.894132
30.4,1.029849,0.097468,88.136913,999.894155
30.41,1.029849,0.097468,88.136932,999.894177
30.42,1.029849,0.097468,88.136951,999.8942
30.43,1.029849,0.097468,88.13697,999.894222
30.44,1.029849,0.097468,88.136989,999.894244
30.45,1.029849,0.097468,88.137008,999.894267
30.46,1.029849,0.097468,88.137028,999.894289
30.47,1.029849,0.097468,88.137047,999.894311
30.48,1.029849,0.097468,88.137066,999.894333
30.49,1.029849,0.097468,88.137085,999.894355
30.5,1.029849,0.097468,88.137104,999.894376
30.51,1.029849,0.097468,88.137123,999.894398
30.52,1.029849,0.097468,88.137142,999.89442
30.53,1.029849,0.097468,88.137161,999.894441
30.54,1.029849,0.097468,88.13718,999.894462
30.55,1.029849,0.097468,88.137199,999.894484
30.56,1.029849,0.097468,88.137218,999.894505
30.57,1.029849,0.097468,88.137238,999.894526
30.58,1.029849,0.097468,88.137257,999.894547
30.59,1.029849,0.097468,88.137276,999.894568
30.6,1.029849,0.097468,88.137295,999.894589
30.61,1.029849,0.097468,88.137314,999.89461
30.62,1.029849,0.097468,88.137333,999.894631
30.63,1.029849,0.097468,88.137352,999.894651
30.64,1.029849,0.097468,88.137371,999.894672
30.65,1.029849,0.097468,88.13739,999.894693
30.66,1.029849,0.097468,88.137409,999.894713
30.67,1.029849,0.097468,88.137428,999.894734
30.68,1.029849,0.097468,88.137447,999.894754
30.69,1.029849,0.097468,88.137466,999.894774
30.7,1.029849,0.097468,88.137485,999.894795
30.71,1.029849,0.097468,88.137504,999.894815
30.72,1.029849,0.097468,88.137523,999.894835
30.73,1.029849,0.097468,88.137542,999.894855
30.74,1.029849,0.097468,88.137561,999.894876
30.75,1.029849,0.097468,88.13758,999.894896
30.76,1.029849,0.097468,88.137599,999.894916
30.77,1.029849,0.097468,88.137618,999.894936
30.78,1.029849,0.097468,88.137637,999.894956
30.79,1.029849,0.097468,88.137656,999.894976
30.8,1.029849,0.097468,88.137675,999.894996
30.81,1.029849,0.097468,88.137694,999.895016
30.82,1.029849,0.097468,88.137713,999.895036
30.83,1.029849,0.097468,88.137732,999.895056
30.84,1.029849,0.097468,88.137751,999.895076
30.85,1.029849,0.097468,88.137769,999.895096
30.86,1.029849,0.097468,88.137788,999.895115
30.87,1.029849,0.097468,88.137807,999.895135
30.88,1.029849,0.097468,88.137826,999.895155
30.89,1.029849,0.097468,88.137845,999.895175
30.9,1.029849,0.097468,88.137863,999.895195
30.91,1.029849,0.097468,88.137882,999.895215
30.92,1.029849,0.097468,88.137901,999.895235
30.93,1.029849,0.097468,88.137919,999.895255
30.94,1.029849,0.097468,88.137938,999.895275
30.95,1.029849,0.097468,88.137957,999.895295
30.96,1.029849,0.097468,88.137975,999.895315
30.97,1.029849,0.097468,88.137994,999.895335
30.98,1.029849,0.097468,88.138012,999.895355
30.99,1.029849,0.097468,88.138031,999.895375
31,1.029849,0.097468,88.138049,999.895395
31.01,1.029849,0.097468,88.138068,999.895416
31.02,1.029849,0.097468,88.138086,999.895436
31.03,1.029849,0.097468,88.138104,999.895456
31.04,1.029849,0.097468,88.138123,999.895476
31.05,1.029849,0.097468,88.138141,999.895497
31.06,1.029849,0.097468,88.138159,999.895517
31.07,1.029849,0.097468,88.138178,999.895537
31.08,1.029849,0.097468,88.138196,999.895558
31.09,1.029849,0.097468,88.138214,999.895578
31.1,1.029849,0.097468,88.138232,999.895599
31.11,1.029849,0.097468,88.13825,999.89562
31.12,1.029849,0.097468,88.138268,999.89564
31.13,1.02985,0.097468,88.138286,999.895661
31.14,1.02985,0.097468,88.138304,999.895682
31.15,1.02985,0.097468,88.138322,999.895703
31.16,1.02985,0.097468,88.13834,999.895724
31.17,1.02985,0.097468,88.138358,999.895745
31.18,1.02985,0.097468,88.138376,999.895766
31.19,1.02985,0.097468,88.138393,999.895787
31.2,1.02985,0.097468,88.138411,999.895808
31.21,1.02985,0.097468,88.138429,999.89583
31.22,1.02985,0.097468,88.138446,999.895851
31.23,1.02985,0.097468,88.138464,999.895872
31.24,1.02985,0.097468,88.138481,999.895894
31.25,1.02985,0.097468,88.138499,999.895916
31.26,1.02985,0.097468,88.138516,999.895937
31.27,1.02985,0.097468,88.138534,999.895959
31.28,1.02985,0.097468,88.138551,999.895981
31.29,1.02985,0.097468,88.138569,999.896003
31.3,1.02985,0.097468,88.138586,999.896025
31.31,1.02985,0.097468,88.138603,999.896047
31.32,1.02985,0.097468,88.138621,999.896069
31.33,1.02985,0.097468,88.138638,999.896092
31.34,1.02985,0.097468,88.138655,999.896114
31.35,1.02985,0.097468,88.138672,999.896136
31.36,1.02985,0.097468,88.138689,999.896159
31.37,1.02985,0.097468,88.138706,999.896182
31.38,1.02985,0.097468,88.138723,999.896204
31.39,1.02985,0.097468,88.13874,999.896227
31.4,1.02985,0.097468,88.138757,999.89625
31.41,1.02985,0.097468,88.138774,999.896273
31.42,1.02985,0.097468,88.138791,999.896296
31.43,1.02985,0.097468,88.138808,999.89632
31.44,1.02985,0.097468,88.138825,999.896343
31.45,1.02985,0.097468,88.138841,999.896366
31.46,1.02985,0.097468,88.138858,999.89639
31.47,1.02985,0.097468,88.138875,999.896413
31.48,1.02985,0.097468,88.138892,999.896437
31.49,1.02985,0.097468,88.138908,999.896461
31.5,1.02985,0.097468,88.138925,999.896484
31.51,1.02985,0.097468,88.138942,999.896508
31.52,1.02985,0.097468,88.138958,999.896532
31.53,1.02985,0.097468,88.138975,999.896556
31.54,1.02985,0.097468,88.138991,999.89658
31.55,1.02985,0.097468,88.139008,999.896604
31.56,1.02985,0.097468,88.139024,999.896629
31.57,1.02985,0.097468,88.139041,999.896653
31.58,1.02985,0.097468,88.139057,999.896677
31.59,1.02985,0.097468,88.139074,999.896702
31.6,1.02985,0.097468,88.13909,999.896726
31.61,1.02985,0.097468,88.139106,999.89675
31.62,1.02985,0.097468,88.139123,999.896775
31.63,1.02985,0.097468,88.139139,999.8968
31.64,1.02985,0.097468,88.139155,999.896824
31.65,1.02985,0.097468,88.139172,999.896849
31.66,1.02985,0.097468,88.139188,999.896873
31.67,1.02985,0.097468,88.139204,999.896898
31.68,1.02985,0.097468,88.13922,999.896923
31.69,1.02985,0.097468,88.139237,999.896948
31.7,1.02985,0.097468,88.139253,999.896972
31.71,1.02985,0.097468,88.139269,999.896997
31.72,1.02985,0.097468,88.139285,999.897022
31.73,1.02985,0.097468,88.139301,999.897047
31.74,1.02985,0.097468,88.139318,999.897072
31.75,1.02985,0.097468,88.139334,999.897096
31.76,1.02985,0.097468,88.13935,999.897121
31.77,1.02985,0.097468,88.139366,999.897146
31.78,1.02985,0.097468,88.139382,999.897171
31.79,1.02985,0.097468,88.139398,999.897196
31.8,1.02985,0.097468,88.139414,999.89722
31.81,1.02985,0.097468,88.13943,999.897245
31.82,1.02985,0.097468,88.139446,999.89727
31.83,1.02985,0.097468,88.139462,999.897294
31.84,1.02985,0.097468,88.139478,999.897319
31.85,1.02985,0.097468,88.139494,999.897343
31.86,1.02985,0.097468,88.13951,999.897368
31.87,1.02985,0.097468,88.139526,999.897392
31.88,1.02985,0.097468,88.139542,999.897417
31.89,1.02985,0.097468,88.139558,999.897441
31.9,1.02985,0.097468,88.139574,999.897466
31.91,1.02985,0.097468,88.13959,999.89749
31.92,1.02985,0.097468,88.139606,999.897514
31.93,1.02985,0.097468,88.139622,999.897538
31.94,1.02985,0.097468,88.139638,999.897562
31.95,1.02985,0.097468,88.139654,999.897586
31.96,1.02985,0.097468,88.13967,999.89761
31.97,1.02985,0.097468,88.139686,999.897634
31.98,1.02985,0.097468,88.139702,999.897658
31.99,1.02985,0.097468,88.139718,999.897681
32,1.02985,0.097468,88.139734,999.897705
32.01,1.02985,0.097468,88.13975,999.897729
32.02,1.02985,0.097468,88.139766,999.897752
32.03,1.02985,0.097468,88.139782,999.897775
32.04,1.02985,0.097468,88.139798,999.897799
32.05,1.02985,0.097468,88.139814,999.897822
32.06,1.02985,0.097468,88.13983,999.897845
32.07,1.02985,0.097468,88.139846,999.897868
32.08,1.02985,0.097468,88.139862,999.897891
32.09,1.02985,0.097468,88.139877,999.897914
32.1,1.029851,0.097468,88.139893,999.897937
32.11,1.029851,0.097468,88.139909,999.89796
32.12,1.029851,0.097468,88.139925,999.897982
32.13,1.029851,0.097468,88.139941,999.898005
32.14,1.029851,0.097468,88.139957,999.898028
32.15,1.029851,0.097468,88.139973,999.89805
32.16,1.029851,0.097468,88.139989,999.898072
32.17,1.029851,0.097468,88.140005,999.898095
32.18,1.029851,0.097468,88.140021,999.898117
32.19,1.029851,0.097468,88.140037,999.898139
32.2,1.029851,0.097468,88.140053,999.898161
32.21,1.029851,0.097468,88.140069,999.898183
32.22,1.029851,0.097468,88.140084,999.898205
32.23,1.029851,0.097468,88.1401,999.898227
32.24,1.029851,0.097468,88.140116,999.898249
32.25,1.029851,0.097468,88.140132,999.898271
32.26,1.029851,0.097468,88.140148,999.898293
32.27,1.029851,0.097468,88.140164,999.898314
32.28,1.029851,0.097468,88.14018,999.898336
32.29,1.029851,0.097468,88.140196,999.898358
32.3,1.029851,0.097468,88.140212,999.898379
32.31,1.029851,0.097468,88.140228,999.898401
32.32,1.029851,0.097468,88.140244,999.898422
32.33,1.029851,0.097468,88.14026,999.898444
32.34,1.029851,0.097468,88.140275,999.898465
32.35,1.029851,0.097468,88.140291,999.898487
32.36,1.029851,0.097468,88.140307,999.898508
32.37,1.029851,0.097468,88.140323,999.898529
32.38,1.029851,0.097468,88.140339,999.898551
32.39,1.029851,0.097468,88.140355,999.898572
32.4,1.029851,0.097468,88.140371,999.898593
32.41,1.029851,0.097468,88.140387,999.898615
32.42,1.029851,0.097468,88.140403,999.898636
32.43,1.029851,0.097468,88.140418,999.898657
32.44,1.029851,0.097468,88.140434,999.898678
32.45,1.029851,0.097468,88.14045,999.8987
32.46,1.029851,0.097468,88.140466,999.898721
32.47,1.029851,0.097468,88.140482,999.898742
32.48,1.029851,0.097468,88.140498,999.898763
32.49,1.029851,0.097468,88.140514,999.898785
32.5,1.029851,0.097468,88.140529,999.898806
32.51,1.029851,0.097468,88.140545,999.898827
32.52,1.029851,0.097468,88.140561,999.898849
32.53,1.029851,0.097468,88.140577,999.89887
32.54,1.029851,0.097468,88.140593,999.898892
32.55,1.029851,0.097468,88.140608,999.898913
32.56,1.029851,0.097468,88.140624,999.898934
32.57,1.029851,0.097468,88.14064,999.898956
32.58,1.029851,0.097468,88.140656,999.898977
32.59,1.029851,0.097468,88.140672,999.898999
32.6,1.029851,0.097468,88.140687,999.89902
32.61,1.029851,0.097468,88.140703,999.899042
32.62,1.029851,0.097468,88.140719,999.899064
32.63,1.029851,0.097468,88.140734,999.899085
32.64,1.029851,0.097468,88.14075,999.899107
32.65,1.029851,0.097468,88.140766,999.899129
32.66,1.029851,0.097468,88.140781,999.89915
32.67,1.029851,0.097468,88.140797,999.899172
32.68,1.029851,0.097468,88.140813,999.899194
32.69,1.029851,0.097468,88.140828,999.899216
32.7,1.029851,0.097468,88.140844,999.899238
32.71,1.029851,0.097468,88.140859,999.89926
32.72,1.029851,0.097468,88.140875,999.899282
32.73,1.029851,0.097468,88.14089,999.899304
32.74,1.029851,0.097468,88.140906,999.899326
32.75,1.029851,0.097468,88.140921,999.899348
32.76,1.029851,0.097468,88.140937,999.89937
32.77,1.029851,0.097468,88.140952,999.899393
32.78,1.029851,0.097468,88.140968,999.899415
32.79,1.029851,0.097468,88.140983,999.899437
32.8,1.029851,0.097468,88.140998,999.89946
32.81,1.029851,0.097468,88.141014,999.899482
32.82,1.029851,0.097468,88.141029,999.899504
32.83,1.029851,0.097468,88.141044,999.899527
32.84,1.029851,0.097468,88.14106,999.899549
32.85,1.029851,0.097468,88.141075,999.899572
32.86,1.029851,0.097468,88.14109,999.899594
32.87,1.029851,0.097468,88.141106,999.899617
32.88,1.029851,0.097468,88.141121,999.89964
32.89,1.029851,0.097468,88.141136,999.899663
32.9,1.029851,0.097468,88.141151,999.899685
32.91,1.029851,0.097468,88.141166,999.899708
32.92,1.029851,0.097468,88.141181,999.899731
32.93,1.029851,0.097468,88.141197,999.899754
32.94,1.029851,0.097468,88.141212,999.899777
32.95,1.029851,0.097468,88.141227,999.8998
32.96,1.029851,0.097468,88.141242,999.899823
32.97,1.029851,0.097468,88.141257,999.899846
32.98,1.029851,0.097468,88.141272,999.899869
32.99,1.029851,0.097468,88.141287,999.899892
33,1.029851,0.097468,88.141302,999.899915
33.01,1.029851,0.097468,88.141317,999.899938
33.02,1.029851,0.097468,88.141332,999.899961
33.03,1.029851,0.097468,88.141347,999.899985
33.04,1.029851,0.097468,88.141362,999.900008
33.05,1.029851,0.097468,88.141376,999.900031
33.06,1.029851,0.097468,88.141391,999.900054
33.07,1.029851,0.097468,88.141406,999.900078
33.08,1.029851,0.097468,88.141421,999.900101
33.09,1.029851,0.097468,88.141436,999.900124
33.1,1.029851,0.097468,88.141451,999.900148
33.11,1.029851,0.097468,88.141466,999.900171
33.12,1.029852,0.097468,88.14148,999.900195
33.13,1.029852,0.097468,88.141495,999.900218
33.14,1.029852,0.097468,88.14151,999.900242
33.15,1.029852,0.097468,88.141525,999.900265
33.16,1.029852,0.097468,88.141539,999.900289
33.17,1.029852,0.097468,88.141554,999.900312
33.18,1.029852,0.097468,88.141569,999.900336
33.19,1.029852,0.097468,88.141584,999.900359
33.2,1.029852,0.097468,88.141598,999.900383
33.21,1.029852,0.097468,88.141613,999.900406
33.22,1.029852,0.097468,88.141628,999.90043
33.23,1.029852,0.097468,88.141642,999.900453
33.24,1.029852,0.097468,88.141657,999.900477
33.25,1.029852,0.097468,88.141672,999.900501
33.26,1.029852,0.097468,88.141686,999.900524
33.27,1.029852,0.097468,88.141701,999.900548
33.28,1.029852,0.097468,88.141716,999.900571
33.29,1.029852,0.097468,88.14173,999.900595
33.3,1.029852,0.097468,88.141745,999.900619
33.31,1.029852,0.097468,88.141759,999.900642
33.32,1.029852,0.097468,88.141774,999.900666
33.33,1.029852,0.097468,88.141789,999.900689
33.34,1.029852,0.097468,88.141803,999.900713
33.35,1.029852,0.097468,88.141818,999.900737
33.36,1.029852,0.097468,88.141832,999.90076
33.37,1.029852,0.097468,88.141847,999.900784
33.38,1.029852,0.097468,88.141862,999.900807
33.39,1.029852,0.097468,88.141876,999.900831
33.4,1.029852,0.097468,88.141891,999.900854
33.41,1.029852,0.097468,88.141905,999.900878
33.42,1.029852,0.097468,88.14192,999.900901
33.43,1.029852,0.097468,88.141935,999.900925
33.44,1.029852,0.097468,88.141949,999.900948
33.45,1.029852,0.097468,88.141964,999.900972
33.46,1.029852,0.097468,88.141978,999.900995
33.47,1.029852,0.097468,88.141993,999.901018
33.48,1.029852,0.097468,88.142008,999.901042
33.49,1.029852,0.097468,88.142022,999.901065
33.5,1.029852,0.097468,88.142037,999.901088
33.51,1.029852,0.097468,88.142051,999.901112
33.52,1.029852,0.097468,88.142066,999.901135
33.53,1.029852,0.097468,88.142081,999.901158
33.54,1.029852,0.097468,88.142095,999.901181
33.55,1.029852,0.097468,88.14211,999.901204
33.56,1.029852,0.097468,88.142124,999.901228
33.57,1.029852,0.097468,88.142139,999.901251
33.58,1.029852,0.097468,88.142153,999.901274
33.59,1.029852,0.097468,88.142168,999.901297
33.6,1.029852,0.097468,88.142183,999.901319
33.61,1.029852,0.097468,88.142197,999.901342
33.62,1.029852,0.097468,88.142212,999.901365
33.63,1.029852,0.097468,88.142226,999.901388
33.64,1.029852,0.097468,88.142241,999.901411
33.65,1.029852,0.097468,88.142256,999.901434
33.66,1.029852,0.097468,88.14227,999.901456
33.67,1.029852,0.097468,88.142285,999.901479
33.68,1.029852,0.097468,88.142299,999.901501
33.69,1.029852,0.097468,88.142314,999.901524
33.7,1.029852,0.097468,88.142329,999.901546
33.71,1.029852,0.097468,88.142343,999.901569
33.72,1.029852,0.097468,88.142358,999.901591
33.73,1.029852,0.097468,88.142372,999.901614
33.74,1.029852,0.097468,88.142387,999.901636
33.75,1.029852,0.097468,88.142402,999.901658
33.76,1.029852,0.097468,88.142416,999.90168
33.77,1.029852,0.097468,88.142431,999.901703
33.78,1.029852,0.097468,88.142445,999.901725
33.79,1.029852,0.097468,88.14246,999.901747
33.8,1.029852,0.097468,88.142475,999.901769
33.81,1.029852,0.097468,88.142489,999.901791
33.82,1.029852,0.097468,88.142504,999.901813
33.83,1.029852,0.097468,88.142518,999.901835
33.84,1.029852,0.097468,88.142533,999.901857
33.85,1.029852,0.097468,88.142547,999.901879
33.86,1.029852,0.097468,88.142562,999.9019
33.87,1.029852,0.097468,88.142577,999.901922
33.88,1.029852,0.097468,88.142591,999.901944
33.89,1.029852,0.097468,88.142606,999.901966
33.9,1.029852,0.097468,88.14262,999.901987
33.91,1.029852,0.097468,88.142635,999.902009
33.92,1.029852,0.097468,88.142649,999.902031
33.93,1.029852,0.097468,88.142664,999.902052
33.94,1.029852,0.097468,88.142679,999.902074
33.95,1.029852,0.097468,88.142693,999.902096
33.96,1.029852,0.097468,88.142708,999.902117
33.97,1.029852,0.097468,88.142722,999.902139
33.98,1.029852,0.097468,88.142737,999.90216
33.99,1.029852,0.097468,88.142751,999.902182
34,1.029852,0.097468,88.142766,999.902203
34.01,1.029852,0.097468,88.14278,999.902224
34.02,1.029852,0.097468,88.142795,999.902246
34.03,1.029852,0.097468,88.142809,999.902267
34.04,1.029852,0.097468,88.142824,999.902289
34.05,1.029852,0.097468,88.142838,999.90231
34.06,1.029852,0.097468,88.142853,999.902332
34.07,1.029852,0.097468,88.142867,999.902353
34.08,1.029852,0.097468,88.142882,999.902375
34.09,1.029852,0.097468,88.142896,999.902396
34.1,1.029852,0.097468,88.142911,999.902417
34.11,1.029852,0.097468,88.142925,999.902439
34.12,1.029852,0.097468,88.14294,999.90246
34.13,1.029852,0.097468,88.142954,999.902482
34.14,1.029852,0.097468,88.142968,999.902503
34.15,1.029852,0.097468,88.142983,999.902525
34.16,1.029852,0.097468,88.142997,999.902546
34.17,1.029852,0.097468,88.143012,999.902568
34.18,1.029852,0.097468,88.143026,999.902589
34.19,1.029852,0.097468,88.14304,999.902611
34.2,1.029852,0.097468,88.143055,999.902632
34.21,1.029853,0.097468,88.143069,999.902654
34.22,1.029853,0.097468,88.143083,999.902676
34.23,1.029853,0.097468,88.143098,999.902697
34.24,1.029853,0.097468,88.143112,999.902719
34.25,1.029853,0.097468,88.143126,999.902741
34.26,1.029853,0.097468,88.143141,999.902762
34.27,1.029853,0.097468,88.143155,999.902784
34.28,1.029853,0.097468,88.143169,999.902806
34.29,1.029853,0.097468,88.143184,999.902828
34.3,1.029853,0.097468,88.143198,999.902849
34.31,1.029853,0.097468,88.143212,999.902871
34.32,1.029853,0.097468,88.143226,999.902893
34.33,1.029853,0.097468,88.143241,999.902915
34.34,1.029853,0.097468,88.143255,999.902937
34.35,1.029853,0.097468,88.143269,999.902959
34.36,1.029853,0.097468,88.143283,999.902981
34.37,1.029853,0.097468,88.143297,999.903003
34.38,1.029853,0.097468,88.143312,999.903025
34.39,1.029853,0.097468,88.143326,999.903048
34.4,1.029853,0.097468,88.14334,999.90307
34.41,1.029853,0.097468,88.143354,999.903092
34.42,1.029853,0.097468,88.143368,999.903114
34.43,1.029853,0.097468,88.143382,999.903136
34.44,1.029853,0.097468,88.143396,999.903159
34.45,1.029853,0.097468,88.14341,999.903181
34.46,1.029853,0.097468,88.143424,999.903203
34.47,1.029853,0.097468,88.143438,999.903226
34.48,1.029853,0.097468,88.143452,999.903248
34.49,1.029853,0.097468,88.143466,999.903271
34.5,1.029853,0.097468,88.14348,999.903293
34.51,1.029853,0.097468,88.143494,999.903316
34.52,1.029853,0.097468,88.143508,999.903338
34.53,1.029853,0.097468,88.143522,999.903361
34.54,1.029853,0.097468,88.143536,999.903384
34.55,1.029853,0.097468,88.14355,999.903406
34.56,1.029853,0.097468,88.143564,999.903429
34.57,1.029853,0.097468,88.143578,999.903451
34.58,1.029853,0.097468,88.143592,999.903474
34.59,1.029853,0.097468,88.143606,999.903497
34.6,1.029853,0.097468,88.14362,999.90352
34.61,1.029853,0.097468,88.143634,999.903542
34.62,1.029853,0.097468,88.143647,999.903565
34.63,1.029853,0.097468,88.143661,999.903588
34.64,1.029853,0.097468,88.143675,999.903611
34.65,1.029853,0.097468,88.143689,999.903634
34.66,1.029853,0.097468,88.143703,999.903657
34.67,1.029853,0.097468,88.143716,999.903679
34.68,1.029853,0.097468,88.14373,999.903702
34.69,1.029853,0.097468,88.143744,999.903725
34.7,1.029853,0.097468,88.143758,999.903748
34.71,1.029853,0.097468,88.143771,999.903771
34.72,1.029853,0.097468,88.143785,999.903794
34.73,1.029853,0.097468,88.143799,999.903817
34.74,1.029853,0.097468,88.143812,999.90384
34.75,1.029853,0.097468,88.143826,999.903863
34.76,1.029853,0.097468,88.14384,999.903885
34.77,1.029853,0.097468,88.143853,999.903908
34.78,1.029853,0.097468,88.143867,999.903931
34.79,1.029853,0.097468,88.143881,999.903954
34.8,1.029853,0.097468,88.143894,999.903977
34.81,1.029853,0.097468,88.143908,999.904
34.82,1.029853,0.097468,88.143922,999.904023
34.83,1.029853,0.097468,88.143935,999.904046
34.84,1.029853,0.097468,88.143949,999.904069
34.85,1.029853,0.097468,88.143962,999.904092
34.86,1.029853,0.097468,88.143976,999.904115
34.87,1.029853,0.097468,88.143989,999.904138
34.88,1.029853,0.097468,88.144003,999.90416
34.89,1.029853,0.097468,88.144016,999.904183
34.9,1.029853,0.097468,88.14403,999.904206
34.91,1.029853,0.097468,88.144044,999.904229
34.92,1.029853,0.097468,88.144057,999.904252
34.93,1.029853,0.097468,88.144071,999.904275
34.94,1.029853,0.097468,88.144084,999.904297
34.95,1.029853,0.097468,88.144098,999.90432
34.96,1.029853,0.097468,88.144111,999.904343
34.97,1.029853,0.097468,88.144125,999.904366
34.98,1.029853,0.097468,88.144138,999.904389
34.99,1.029853,0.097468,88.144151,999.904411
35,1.029853,0.097468,88.144165,999.904434
35.01,1.029853,0.097468,88.144178,999.904457
35.02,1.029853,0.097468,88.144192,999.90448
35.03,1.029853,0.097468,88.144205,999.904502
35.04,1.029853,0.097468,88.144219,999.904525
35.05,1.029853,0.097468,88.144232,999.904548
35.06,1.029853,0.097468,88.144246,999.90457
35.07,1.029853,0.097468,88.144259,999.904593
35.08,1.029853,0.097468,88.144273,999.904615
35.09,1.029853,0.097468,88.144286,999.904638
35.1,1.029853,0.097468,88.144299,999.904661
35.11,1.029853,0.097468,88.144313,999.904683
35.12,1.029853,0.097468,88.144326,999.904706
35.13,1.029853,0.097468,88.14434,999.904728
35.14,1.029853,0.097468,88.144353,999.904751
35.15,1.029853,0.097468,88.144366,999.904773
35.16,1.029853,0.097468,88.14438,999.904796
35.17,1.029853,0.097468,88.144393,999.904818
35.18,1.029853,0.097468,88.144407,999.904841
35.19,1.029853,0.097468,88.14442,999.904863
35.2,1.029853,0.097468,88.144433,999.904885
35.21,1.029853,0.097468,88.144447,999.904908
35.22,1.029853,0.097468,88.14446,999.90493
35.23,1.029853,0.097468,88.144474,999.904952
35.24,1.029853,0.097468,88.144487,999.904975
35.25,1.029853,0.097468,88.1445,999.904997
35.26,1.029853,0.097468,88.144514,999.905019
35.27,1.029853,0.097468,88.144527,999.905042
35.28,1.029853,0.097468,88.14454,999.905064
35.29,1.029853,0.097468,88.144554,999.905086
35.3,1.029853,0.097468,88.144567,999.905108
35.31,1.029853,0.097468,88.14458,999.90513
35.32,1.029853,0.097469,88.144594,999.905153
35.33,1.029853,0.097469,88.144607,999.905175
35.34,1.029853,0.097469,88.14462,999.905197
35.35,1.029854,0.097469,88.144634,999.905219
35.36,1.029854,0.097469,88.144647,999.905241
35.37,1.029854,0.097469,88.14466,999.905263
35.38,1.029854,0.097469,88.144674,999.905285
35.39,1.029854,0.097469,88.144687,999.905307
35.4,1.029854,0.097469,88.1447,999.905329
35.41,1.029854,0.097469,88.144714,999.905351
35.42,1.029854,0.097469,88.144727,999.905373
35.43,1.029854,0.097469,88.14474,999.905395
35.44,1.029854,0.097469,88.144753,999.905417
35.45,1.029854,0.097469,88.144767,999.905439
35.46,1.029854,0.097469,88.14478,999.905461
35.47,1.029854,0.097469,88.144793,999.905483
35.48,1.029854,0.097469,88.144806,999.905505
35.49,1.029854,0.097469,88.14482,999.905527
35.5,1.029854,0.097469,88.144833,999.905549
35.51,1.029854,0.097469,88.144846,999.905571
35.52,1.029854,0.097469,88.144859,999.905593
35.53,1.029854,0.097469,88.144873,999.905615
35.54,1.029854,0.097469,88.144886,999.905636
35.55,1.029854,0.097469,88.144899,999.905658
35.56,1.029854,0.097469,88.144912,999.90568
35.57,1.029854,0.097469,88.144925,999.905702
35.58,1.029854,0.097469,88.144938,999.905724
35.59,1.029854,0.097469,88.144952,999.905746
35.6,1.029854,0.097469,88.144965,999.905767
35.61,1.029854,0.097469,88.144978,999.905789
35.62,1.029854,0.097469,88.144991,999.905811
35.63,1.029854,0.097469,88.145004,999.905833
35.64,1.029854,0.097469,88.145017,999.905855
35.65,1.029854,0.097469,88.14503,999.905876
35.66,1.029854,0.097469,88.145043,999.905898
35.67,1.029854,0.097469,88.145056,999.90592
35.68,1.029854,0.097469,88.14507,999.905942
35.69,1.029854,0.097469,88.145083,999.905964
35.7,1.029854,0.097469,88.145096,999.905985
35.71,1.029854,0.097469,88.145109,999.906007
35.72,1.029854,0.097469,88.145122,999.906029
35.73,1.029854,0.097469,88.145135,999.906051
35.74,1.029854,0.097469,88.145148,999.906073
35.75,1.029854,0.097469,88.145161,999.906095
35.76,1.029854,0.097469,88.145174,999.906116
35.77,1.029854,0.097469,88.145187,999.906138
35.78,1.029854,0.097469,88.1452,999.90616
35.79,1.029854,0.097469,88.145212,999.906182
35.8,1.029854,0.097469,88.145225,999.906204
35.81,1.029854,0.097469,88.145238,999.906226
35.82,1.029854,0.097469,88.145251,999.906248
35.83,1.029854,0.097469,88.145264,999.90627
35.84,1.029854,0.097469,88.145277,999.906291
35.85,1.029854,0.097469,88.14529,999.906313
35.86,1.029854,0.097469,88.145303,999.906335
35.87,1.029854,0.097469,88.145315,999.906357
35.88,1.029854,0.097469,88.145328,999.906379
35.89,1.029854,0.097469,88.145341,999.906401
35.9,1.029854,0.097469,88.145354,999.906423
35.91,1.029854,0.097469,88.145367,999.906445
35.92,1.029854,0.097469,88.145379,999.906467
35.93,1.029854,0.097469,88.145392,999.90649
35.94,1.029854,0.097469,88.145405,999.906512
35.95,1.029854,0.097469,88.145418,999.906534
35.96,1.029854,0.097469,88.14543,999.906556
35.97,1.029854,0.097469,88.145443,999.906578
35.98,1.029854,0.097469,88.145456,999.9066
35.99,1.029854,0.097469,88.145468,999.906622
36,1.029854,0.097469,88.145481,999.906645
36.01,1.029854,0.097469,88.145494,999.906667
36.02,1.029854,0.097469,88.145506,999.906689
36.03,1.029854,0.097469,88.145519,999.906711
36.04,1.029854,0.097469,88.145532,999.906734
36.05,1.029854,0.097469,88.145544,999.906756
36.06,1.029854,0.097469,88.145557,999.906778
36.07,1.029854,0.097469,88.145569,999.906801
36.08,1.029854,0.097469,88.145582,999.906823
36.09,1.029854,0.097469,88.145595,999.906846
36.1,1.029854,0.097469,88.145607,999.906868
36.11,1.029854,0.097469,88.14562,999.90689
36.12,1.029854,0.097469,88.145632,999.906913
36.13,1.029854,0.097469,88.145645,999.906935
36.14,1.029854,0.097469,88.145657,999.906958
36.15,1.029854,0.097469,88.14567,999.906981
36.16,1.029854,0.097469,88.145682,999.907003
36.17,1.029854,0.097469,88.145695,999.907026
36.18,1.029854,0.097469,88.145707,999.907048
36.19,1.029854,0.097469,88.145719,999.907071
36.2,1.029854,0.097469,88.145732,999.907093
36.21,1.029854,0.097469,88.145744,999.907116
36.22,1.029854,0.097469,88.145757,999.907139
36.23,1.029854,0.097469,88.145769,999.907161
36.24,1.029854,0.097469,88.145781,999.907184
36.25,1.029854,0.097469,88.145794,999.907207
36.26,1.029854,0.097469,88.145806,999.907229
36.27,1.029854,0.097469,88.145818,999.907252
36.28,1.029854,0.097469,88.145831,999.907275
36.29,1.029854,0.097469,88.145843,999.907298
36.3,1.029854,0.097469,88.145855,999.90732
36.31,1.029854,0.097469,88.145868,999.907343
36.32,1.029854,0.097469,88.14588,999.907366
36.33,1.029854,0.097469,88.145892,999.907389
36.34,1.029854,0.097469,88.145904,999.907411
36.35,1.029854,0.097469,88.145917,999.907434
36.36,1.029854,0.097469,88.145929,999.907457
36.37,1.029854,0.097469,88.145941,999.90748
36.38,1.029854,0.097469,88.145953,999.907502
36.39,1.029854,0.097469,88.145966,999.907525
36.4,1.029854,0.097469,88.145978,999.907548
36.41,1.029854,0.097469,88.14599,999.907571
36.42,1.029854,0.097469,88.146002,999.907594
36.43,1.029854,0.097469,88.146014,999.907616
36.44,1.029854,0.097469,88.146026,999.907639
36.45,1.029854,0.097469,88.146039,999.907662
36.46,1.029854,0.097469,88.146051,999.907685
36.47,1.029854,0.097469,88.146063,999.907707
36.48,1.029854,0.097469,88.146075,999.90773
36.49,1.029854,0.097469,88.146087,999.907753
36.5,1.029854,0.097469,88.146099,999.907776
36.51,1.029854,0.097469,88.146111,999.907798
36.52,1.029854,0.097469,88.146123,999.907821
36.53,1.029854,0.097469,88.146135,999.907844
36.54,1.029854,0.097469,88.146147,999.907866
36.55,1.029854,0.097469,88.14616,999.907889
36.56,1.029854,0.097469,88.146172,999.907912
36.57,1.029855,0.097469,88.146184,999.907934
36.58,1.029855,0.097469,88.146196,999.907957
36.59,1.029855,0.097469,88.146208,999.90798
36.6,1.029855,0.097469,88.14622,999.908002
36.61,1.029855,0.097469,88.146232,999.908025
36.62,1.029855,0.097469,88.146244,999.908048
36.63,1.029855,0.097469,88.146256,999.90807
36.64,1.029855,0.097469,88.146268,999.908093
36.65,1.029855,0.097469,88.14628,999.908115
36.66,1.029855,0.097469,88.146292,999.908138
36.67,1.029855,0.097469,88.146304,999.90816
36.68,1.029855,0.097469,88.146315,999.908183
36.69,1.029855,0.097469,88.146327,999.908205
36.7,1.029855,0.097469,88.146339,999.908228
36.71,1.029855,0.097469,88.146351,999.90825
36.72,1.029855,0.097469,88.146363,999.908273
36.73,1.029855,0.097469,88.146375,999.908295
36.74,1.029855,0.097469,88.146387,999.908318
36.75,1.029855,0.097469,88.146399,999.90834
36.76,1.029855,0.097469,88.146411,999.908362
36.77,1.029855,0.097469,88.146423,999.908385
36.78,1.029855,0.097469,88.146435,999.908407
36.79,1.029855,0.097469,88.146446,999.90843
36.8,1.029855,0.097469,88.146458,999.908452
36.81,1.029855,0.097469,88.14647,999.908474
36.82,1.029855,0.097469,88.146482,999.908497
36.83,1.029855,0.097469,88.146494,999.908519
36.84,1.029855,0.097469,88.146506,999.908541
36.85,1.029855,0.097469,88.146518,999.908563
36.86,1.029855,0.097469,88.146529,999.908586
36.87,1.029855,0.097469,88.146541,999.908608
36.88,1.029855,0.097469,88.146553,999.90863
36.89,1.029855,0.097469,88.146565,999.908652
36.9,1.029855,0.097469,88.146577,999.908675
36.91,1.029855,0.097469,88.146588,999.908697
36.92,1.029855,0.097469,88.1466,999.908719
36.93,1.029855,0.097469,88.146612,999.908741
36.94,1.029855,0.097469,88.146624,999.908763
36.95,1.029855,0.097469,88.146636,999.908786
36.96,1.029855,0.097469,88.146647,999.908808
36.97,1.029855,0.097469,88.146659,999.90883
36.98,1.029855,0.097469,88.146671,999.908852
36.99,1.029855,0.097469,88.146683,999.908874
37,1.029855,0.097469,88.146694,999.908896
37.01,1.029855,0.097469,88.146706,999.908918
37.02,1.029855,0.097469,88.146718,999.90894
37.03,1.029855,0.097469,88.14673,999.908963
37.04,1.029855,0.097469,88.146741,999.908985
37.05,1.029855,0.097469,88.146753,999.909007
37.06,1.029855,0.097469,88.146765,999.909029
37.07,1.029855,0.097469,88.146776,999.909051
37.08,1.029855,0.097469,88.146788,999.909073
37.09,1.029855,0.097469,88.1468,999.909095
37.1,1.029855,0.097469,88.146811,999.909117
37.11,1.029855,0.097469,88.146823,999.909139
37.12,1.029855,0.097469,88.146835,999.909161
37.13,1.029855,0.097469,88.146846,999.909183
37.14,1.029855,0.097469,88.146858,999.909206
37.15,1.029855,0.097469,88.14687,999.909228
37.16,1.029855,0.097469,88.146881,999.90925
37.17,1.029855,0.097469,88.146893,999.909272
37.18,1.029855,0.097469,88.146905,999.909294
37.19,1.029855,0.097469,88.146916,999.909316
37.2,1.029855,0.097469,88.146928,999.909338
37.21,1.029855,0.097469,88.146939,999.90936
37.22,1.029855,0.097469,88.146951,999.909382
37.23,1.029855,0.097469,88.146962,999.909404
37.24,1.029855,0.097469,88.146974,999.909426
37.25,1.029855,0.097469,88.146986,999.909448
37.26,1.029855,0.097469,88.146997,999.90947
37.27,1.029855,0.097469,88.147009,999.909493
37.28,1.029855,0.097469,88.14702,999.909515
37.29,1.029855,0.097469,88.147032,999.909537
37.3,1.029855,0.097469,88.147043,999.909559
37.31,1.029855,0.097469,88.147055,999.909581
37.32,1.029855,0.097469,88.147066,999.909603
37.33,1.029855,0.097469,88.147078,999.909625
37.34,1.029855,0.097469,88.147089,999.909647
37.35,1.029855,0.097469,88.1471,999.909669
37.36,1.029855,0.097469,88.147112,999.909691
37.37,1.029855,0.097469,88.147123,999.909714
37.38,1.029855,0.097469,88.147135,999.909736
37.39,1.029855,0.097469,88.147146,999.909758
37.4,1.029855,0.097469,88.147158,999.90978
37.41,1.029855,0.097469,88.147169,999.909802
37.42,1.029855,0.097469,88.14718,999.909824
37.43,1.029855,0.097469,88.147192,999.909846
37.44,1.029855,0.097469,88.147203,999.909868
37.45,1.029855,0.097469,88.147214,999.909891
37.46,1.029855,0.097469,88.147226,999.909913
37.47,1.029855,0.097469,88.147237,999.909935
37.48,1.029855,0.097469,88.147248,999.909957
37.49,1.029855,0.097469,88.14726,999.909979
37.5,1.029855,0.097469,88.147271,999.910002
37.51,1.029855,0.097469,88.147282,999.910024
37.52,1.029855,0.097469,88.147294,999.910046
37.53,1.029855,0.097469,88.147305,999.910068
37.54,1.029855,0.097469,88.147316,999.91009
37.55,1.029855,0.097469,88.147327,999.910113
37.56,1.029855,0.097469,88.147339,999.910135
37.57,1.029855,0.097469,88.14735,999.910157
37.58,1.029855,0.097469,88.147361,999.910179
37.59,1.029855,0.097469,88.147372,999.910202
37.6,1.029855,0.097469,88.147383,999.910224
37.61,1.029855,0.097469,88.147395,999.910246
37.62,1.029855,0.097469,88.147406,999.910268
37.63,1.029855,0.097469,88.147417,999.910291
37.64,1.029855,0.097469,88.147428,999.910313
37.65,1.029855,0.097469,88.147439,999.910335
37.66,1.029855,0.097469,88.14745,999.910358
37.67,1.029855,0.097469,88.147461,999.91038
37.68,1.029855,0.097469,88.147473,999.910402
37.69,1.029855,0.097469,88.147484,999.910425
37.7,1.029855,0.097469,88.147495,999.910447
37.71,1.029855,0.097469,88.147506,999.910469
37.72,1.029855,0.097469,88.147517,999.910492
37.73,1.029855,0.097469,88.147528,999.910514
37.74,1.029855,0.097469,88.147539,999.910536
37.75,1.029855,0.097469,88.14755,999.910559
37.76,1.029855,0.097469,88.147561,999.910581
37.77,1.029855,0.097469,88.147572,999.910604
37.78,1.029855,0.097469,88.147583,999.910626
37.79,1.029855,0.097469,88.147594,999.910648
37.8,1.029855,0.097469,88.147605,999.910671
37.81,1.029855,0.097469,88.147616,999.910693
37.82,1.029855,0.097469,88.147627,999.910716
37.83,1.029855,0.097469,88.147638,999.910738
37.84,1.029856,0.097469,88.147649,999.91076
37.85,1.029856,0.097469,88.14766,999.910783
37.86,1.029856,0.097469,88.147671,999.910805
37.87,1.029856,0.097469,88.147682,999.910828
37.88,1.029856,0.097469,88.147693,999.91085
37.89,1.029856,0.097469,88.147704,999.910873
37.9,1.029856,0.097469,88.147715,999.910895
37.91,1.029856,0.097469,88.147726,999.910918
37.92,1.029856,0.097469,88.147737,999.91094
37.93,1.029856,0.097469,88.147747,999.910962
37.94,1.029856,0.097469,88.147758,999.910985
37.95,1.029856,0.097469,88.147769,999.911007
37.96,1.029856,0.097469,88.14778,999.91103
37.97,1.029856,0.097469,88.147791,999.911052
37.98,1.029856,0.097469,88.147802,999.911075
37.99,1.029856,0.097469,88.147813,999.911097
38,1.029856,0.097469,88.147824,999.91112
38.01,1.029856,0.097469,88.147834,999.911142
38.02,1.029856,0.097469,88.147845,999.911165
38.03,1.029856,0.097469,88.147856,999.911187
38.04,1.029856,0.097469,88.147867,999.911209
38.05,1.029856,0.097469,88.147878,999.911232
38.06,1.029856,0.097469,88.147889,999.911254
38.07,1.029856,0.097469,88.147899,999.911277
38.08,1.029856,0.097469,88.14791,999.911299
38.09,1.029856,0.097469,88.147921,999.911322
38.1,1.029856,0.097469,88.147932,999.911344
38.11,1.029856,0.097469,88.147943,999.911366
38.12,1.029856,0.097469,88.147953,999.911389
38.13,1.029856,0.097469,88.147964,999.911411
38.14,1.029856,0.097469,88.147975,999.911434
38.15,1.029856,0.097469,88.147986,999.911456
38.16,1.029856,0.097469,88.147996,999.911478
38.17,1.029856,0.097469,88.148007,999.911501
38.18,1.029856,0.097469,88.148018,999.911523
38.19,1.029856,0.097469,88.148029,999.911545
38.2,1.029856,0.097469,88.148039,999.911568
38.21,1.029856,0.097469,88.14805,999.91159
38.22,1.029856,0.097469,88.148061,999.911612
38.23,1.029856,0.097469,88.148072,999.911635
38.24,1.029856,0.097469,88.148082,999.911657
38.25,1.029856,0.097469,88.148093,999.911679
38.26,1.029856,0.097469,88.148104,999.911701
38.27,1.029856,0.097469,88.148114,999.911724
38.28,1.029856,0.097469,88.148125,999.911746
38.29,1.029856,0.097469,88.148136,999.911768
38.3,1.029856,0.097469,88.148147,999.91179
38.31,1.029856,0.097469,88.148157,999.911812
38.32,1.029856,0.097469,88.148168,999.911835
38.33,1.029856,0.097469,88.148179,999.911857
38.34,1.029856,0.097469,88.148189,999.911879
38.35,1.029856,0.097469,88.1482,999.911901
38.36,1.029856,0.097469,88.148211,999.911923
38.37,1.029856,0.097469,88.148221,999.911945
38.38,1.029856,0.097469,88.148232,999.911967
38.39,1.029856,0.097469,88.148243,999.91199
38.4,1.029856,0.097469,88.148253,999.912012
38.41,1.029856,0.097469,88.148264,999.912034
38.42,1.029856,0.097469,88.148274,999.912056
38.43,1.029856,0.097469,88.148285,999.912078
38.44,1.029856,0.097469,88.148296,999.9121
38.45,1.029856,0.097469,88.148306,999.912122
38.46,1.029856,0.097469,88.148317,999.912144
38.47,1.029856,0.097469,88.148328,999.912166
38.48,1.029856,0.097469,88.148338,999.912188
38.49,1.029856,0.097469,88.148349,999.91221
38.5,1.029856,0.097469,88.148359,999.912232
38.51,1.029856,0.097469,88.14837,999.912254
38.52,1.029856,0.097469,88.148381,999.912276
38.53,1.029856,0.097469,88.148391,999.912298
38.54,1.029856,0.097469,88.148402,999.912319
38.55,1.029856,0.097469,88.148412,999.912341
38.56,1.029856,0.097469,88.148423,999.912363
38.57,1.029856,0.097469,88.148433,999.912385
38.58,1.029856,0.097469,88.148444,999.912407
38.59,1.029856,0.097469,88.148455,999.912429
38.6,1.029856,0.097469,88.148465,999.912451
38.61,1.029856,0.097469,88.148476,999.912473
38.62,1.029856,0.097469,88.148486,999.912494
38.63,1.029856,0.097469,88.148497,999.912516
38.64,1.029856,0.097469,88.148507,999.912538
38.65,1.029856,0.097469,88.148518,999.91256
38.66,1.029856,0.097469,88.148528,999.912582
38.67,1.029856,0.097469,88.148539,999.912604
38.68,1.029856,0.097469,88.148549,999.912625
38.69,1.029856,0.097469,88.14856,999.912647
38.7,1.029856,0.097469,88.14857,999.912669
38.71,1.029856,0.097469,88.148581,999.912691
38.72,1.029856,0.097469,88.148591,999.912713
38.73,1.029856,0.097469,88.148602,999.912734
38.74,1.029856,0.097469,88.148612,999.912756
38.75,1.029856,0.097469,88.148623,999.912778
38.76,1.029856,0.097469,88.148633,999.9128
38.77,1.029856,0.097469,88.148644,999.912822
38.78,1.029856,0.097469,88.148654,999.912843
38.79,1.029856,0.097469,88.148665,999.912865
38.8,1.029856,0.097469,88.148675,999.912887
38.81,1.029856,0.097469,88.148686,999.912909
38.82,1.029856,0.097469,88.148696,999.91293
38.83,1.029856,0.097469,88.148707,999.912952
38.84,1.029856,0.097469,88.148717,999.912974
38.85,1.029856,0.097469,88.148727,999.912996
38.86,1.029856,0.097469,88.148738,999.913017
38.87,1.029856,0.097469,88.148748,999.913039
38.88,1.029856,0.097469,88.148759,999.913061
38.89,1.029856,0.097469,88.148769,999.913083
38.9,1.029856,0.097469,88.14878,999.913104
38.91,1.029856,0.097469,88.14879,999.913126
38.92,1.029856,0.097469,88.1488,999.913148
38.93,1.029856,0.097469,88.148811,999.91317
38.94,1.029856,0.097469,88.148821,999.913192
38.95,1.029856,0.097469,88.148831,999.913213
38.96,1.029856,0.097469,88.148842,999.913235
38.97,1.029856,0.097469,88.148852,999.913257
38.98,1.029856,0.097469,88.148863,999.913279
38.99,1.029856,0.097469,88.148873,999.9133
39,1.029856,0.097469,88.148883,999.913322
39.01,1.029856,0.097469,88.148894,999.913344
39.02,1.029856,0.097469,88.148904,999.913366
39.03,1.029856,0.097469,88.148914,999.913388
39.04,1.029856,0.097469,88.148925,999.913409
39.05,1.029856,0.097469,88.148935,999.913431
39.06,1.029856,0.097469,88.148945,999.913453
39.07,1.029856,0.097469,88.148956,999.913475
39.08,1.029856,0.097469,88.148966,999.913497
39.09,1.029856,0.097469,88.148976,999.913518
39.1,1.029856,0.097469,88.148987,999.91354
39.11,1.029856,0.097469,88.148997,999.913562
39.12,1.029856,0.097469,88.149007,999.913584
39.13,1.029856,0.097469,88.149017,999.913605
39.14,1.029856,0.097469,88.149028,999.913627
39.15,1.029856,0.097469,88.149038,999.913649
39.16,1.029856,0.097469,88.149048,999.913671
39.17,1.029856,0.097469,88.149058,999.913693
39.18,1.029856,0.097469,88.149069,999.913714
39.19,1.029857,0.097469,88.149079,999.913736
39.2,1.029857,0.097469,88.149089,999.913758
39.21,1.029857,0.097469,88.149099,999.91378
39.22,1.029857,0.097469,88.14911,999.913802
39.23,1.029857,0.097469,88.14912,999.913824
39.24,1.029857,0.097469,88.14913,999.913845
39.25,1.029857,0.097469,88.14914,999.913867
39.26,1.029857,0.097469,88.149151,999.913889
39.27,1.029857,0.097469,88.149161,999.913911
39.28,1.029857,0.097469,88.149171,999.913933
39.29,1.029857,0.097469,88.149181,999.913954
39.3,1.029857,0.097469,88.149191,999.913976
39.31,1.029857,0.097469,88.149201,999.913998
39.32,1.029857,0.097469,88.149212,999.91402
39.33,1.029857,0.097469,88.149222,999.914042
39.34,1.029857,0.097469,88.149232,999.914063
39.35,1.029857,0.097469,88.149242,999.914085
39.36,1.029857,0.097469,88.149252,999.914107
39.37,1.029857,0.097469,88.149262,999.914129
39.38,1.029857,0.097469,88.149273,999.91415
39.39,1.029857,0.097469,88.149283,999.914172
39.4,1.029857,0.097469,88.149293,999.914194
39.41,1.029857,0.097469,88.149303,999.914216
39.42,1.029857,0.097469,88.149313,999.914238
39.43,1.029857,0.097469,88.149323,999.914259
39.44,1.029857,0.097469,88.149333,999.914281
39.45,1.029857,0.097469,88.149344,999.914303
39.46,1.029857,0.097469,88.149354,999.914325
39.47,1.029857,0.097469,88.149364,999.914346
39.48,1.029857,0.097469,88.149374,999.914368
39.49,1.029857,0.097469,88.149384,999.91439
39.5,1.029857,0.097469,88.149394,999.914412
39.51,1.029857,0.097469,88.149404,999.914433
39.52,1.029857,0.097469,88.149414,999.914455
39.53,1.029857,0.097469,88.149424,999.914477
39.54,1.029857,0.097469,88.149434,999.914499
39.55,1.029857,0.097469,88.149444,999.91452
39.56,1.029857,0.097469,88.149454,999.914542
39.57,1.029857,0.097469,88.149465,999.914564
39.58,1.029857,0.097469,88.149475,999.914586
39.59,1.029857,0.097469,88.149485,999.914607
39.6,1.029857,0.097469,88.149495,999.914629
39.61,1.029857,0.097469,88.149505,999.914651
39.62,1.029857,0.097469,88.149515,999.914672
39.63,1.029857,0.097469,88.149525,999.914694
39.64,1.029857,0.097469,88.149535,999.914716
39.65,1.029857,0.097469,88.149545,999.914737
39.66,1.029857,0.097469,88.149555,999.914759
39.67,1.029857,0.097469,88.149565,999.914781
39.68,1.029857,0.097469,88.149575,999.914802
39.69,1.029857,0.097469,88.149585,999.914824
39.7,1.029857,0.097469,88.149595,999.914846
39.71,1.029857,0.097469,88.149605,999.914867
39.72,1.029857,0.097469,88.149615,999.914889
39.73,1.029857,0.097469,88.149625,999.914911
39.74,1.029857,0.097469,88.149635,999.914932
39.75,1.029857,0.097469,88.149645,999.914954
39.76,1.029857,0.097469,88.149655,999.914975
39.77,1.029857,0.097469,88.149665,999.914997
39.78,1.029857,0.097469,88.149675,999.915019
39.79,1.029857,0.097469,88.149685,999.91504
39.8,1.029857,0.097469,88.149695,999.915062
39.81,1.029857,0.097469,88.149705,999.915083
39.82,1.029857,0.097469,88.149715,999.915105
39.83,1.029857,0.097469,88.149725,999.915126
39.84,1.029857,0.097469,88.149735,999.915148
39.85,1.029857,0.097469,88.149745,999.915169
39.86,1.029857,0.097469,88.149755,999.915191
39.87,1.029857,0.097469,88.149765,999.915212
39.88,1.029857,0.097469,88.149775,999.915234
39.89,1.029857,0.097469,88.149785,999.915255
39.9,1.029857,0.097469,88.149795,999.915277
39.91,1.029857,0.097469,88.149805,999.915298
39.92,1.029857,0.097469,88.149815,999.91532
39.93,1.029857,0.097469,88.149825,999.915341
39.94,1.029857,0.097469,88.149835,999.915363
39.95,1.029857,0.097469,88.149845,999.915384
39.96,1.029857,0.097469,88.149855,999.915406
39.97,1.029857,0.097469,88.149865,999.915427
39.98,1.029857,0.097469,88.149875,999.915448
39.99,1.029857,0.097469,88.149885,999.91547
40,1.029857,0.097469,88.149895,999.915491
40.01,1.029857,0.097469,88.149905,999.915513
40.02,1.029857,0.097469,88.149915,999.915534
40.03,1.029857,0.097469,88.149925,999.915555
40.04,1.029857,0.097469,88.149935,999.915577
40.05,1.029857,0.097469,88.149945,999.915598
40.06,1.029857,0.097469,88.149954,999.915619
40.07,1.029857,0.097469,88.149964,999.915641
40.08,1.029857,0.097469,88.149974,999.915662
40.09,1.029857,0.097469,88.149984,999.915683
40.1,1.029857,0.097469,88.149994,999.915704
40.11,1.029857,0.097469,88.150004,999.915726
40.12,1.029857,0.097469,88.150014,999.915747
40.13,1.029857,0.097469,88.150024,999.915768
40.14,1.029857,0.097469,88.150034,999.915789
40.15,1.029857,0.097469,88.150044,999.915811
40.16,1.029857,0.097469,88.150054,999.915832
40.17,1.029857,0.097469,88.150064,999.915853
40.18,1.029857,0.097469,88.150074,999.915874
40.19,1.029857,0.097469,88.150083,999.915896
40.2,1.029857,0.097469,88.150093,999.915917
40.21,1.029857,0.097469,88.150103,999.915938
40.22,1.029857,0.097469,88.150113,999.915959
40.23,1.029857,0.097469,88.150123,999.91598
40.24,1.029857,0.097469,88.150133,999.916001
40.25,1.029857,0.097469,88.150143,999.916023
40.26,1.029857,0.097469,88.150153,999.916044
40.27,1.029857,0.097469,88.150163,999.916065
40.28,1.029857,0.097469,88.150172,999.916086
40.29,1.029857,0.097469,88.150182,999.916107
40.3,1.029857,0.097469,88.150192,999.916128
40.31,1.029857,0.097469,88.150202,999.916149
40.32,1.029857,0.097469,88.150212,999.91617
40.33,1.029857,0.097469,88.150222,999.916192
40.34,1.029857,0.097469,88.150232,999.916213
40.35,1.029857,0.097469,88.150242,999.916234
40.36,1.029857,0.097469,88.150251,999.916255
40.37,1.029857,0.097469,88.150261,999.916276
40.38,1.029857,0.097469,88.150271,999.916297
40.39,1.029857,0.097469,88.150281,999.916318
40.4,1.029857,0.097469,88.150291,999.916339
40.41,1.029857,0.097469,88.150301,999.91636
40.42,1.029857,0.097469,88.15031,999.916381
40.43,1.029857,0.097469,88.15032,999.916402
40.44,1.029857,0.097469,88.15033,999.916423
40.45,1.029857,0.097469,88.15034,999.916444
40.46,1.029857,0.097469,88.15035,999.916466
40.47,1.029857,0.097469,88.15036,999.916487
40.48,1.029857,0.097469,88.150369,999.916508
40.49,1.029857,0.097469,88.150379,999.916529
40.5,1.029857,0.097469,88.150389,999.91655
40.51,1.029857,0.097469,88.150399,999.916571
40.52,1.029857,0.097469,88.150409,999.916592
40.53,1.029857,0.097469,88.150418,999.916613
40.54,1.029857,0.097469,88.150428,999.916634
40.55,1.029857,0.097469,88.150438,999.916655
40.56,1.029857,0.097469,88.150448,999.916676
40.57,1.029857,0.097469,88.150458,999.916697
40.58,1.029857,0.097469,88.150467,999.916718
40.59,1.029857,0.097469,88.150477,999.916739
40.6,1.029857,0.097469,88.150487,999.91676
40.61,1.029858,0.097469,88.150497,999.916781
40.62,1.029858,0.097469,88.150507,999.916802
40.63,1.029858,0.097469,88.150516,999.916823
40.64,1.029858,0.097469,88.150526,999.916844
40.65,1.029858,0.097469,88.150536,999.916865
40.66,1.029858,0.097469,88.150546,999.916886
40.67,1.029858,0.097469,88.150555,999.916907
40.68,1.029858,0.097469,88.150565,999.916928
40.69,1.029858,0.097469,88.150575,999.916949
40.7,1.029858,0.097469,88.150585,999.91697
40.71,1.029858,0.097469,88.150594,999.916991
40.72,1.029858,0.097469,88.150604,999.917012
40.73,1.029858,0.097469,88.150614,999.917033
40.74,1.029858,0.097469,88.150623,999.917055
40.75,1.029858,0.097469,88.150633,999.917076
40.76,1.029858,0.097469,88.150643,999.917097
40.77,1.029858,0.097469,88.150653,999.917118
40.78,1.029858,0.097469,88.150662,999.917139
40.79,1.029858,0.097469,88.150672,999.91716
40.8,1.029858,0.097469,88.150682,999.917181
40.81,1.029858,0.097469,88.150691,999.917202
40.82,1.029858,0.097469,88.150701,999.917223
40.83,1.029858,0.097469,88.150711,999.917244
40.84,1.029858,0.097469,88.15072,999.917265
40.85,1.029858,0.097469,88.15073,999.917286
40.86,1.029858,0.097469,88.15074,999.917307
40.87,1.029858,0.097469,88.15075,999.917328
40.88,1.029858,0.097469,88.150759,999.917349
40.89,1.029858,0.097469,88.150769,999.91737
40.9,1.029858,0.097469,88.150779,999.917391
40.91,1.029858,0.097469,88.150788,999.917412
40.92,1.029858,0.097469,88.150798,999.917433
40.93,1.029858,0.097469,88.150807,999.917454
40.94,1.029858,0.097469,88.150817,999.917475
40.95,1.029858,0.097469,88.150827,999.917496
40.96,1.029858,0.097469,88.150836,999.917517
40.97,1.029858,0.097469,88.150846,999.917538
40.98,1.029858,0.097469,88.150856,999.917559
40.99,1.029858,0.097469,88.150865,999.91758
41,1.029858,0.097469,88.150875,999.917601
41.01,1.029858,0.097469,88.150885,999.917622
41.02,1.029858,0.097469,88.150894,999.917643
41.03,1.029858,0.097469,88.150904,999.917663
41.04,1.029858,0.097469,88.150913,999.917684
41.05,1.029858,0.097469,88.150923,999.917705
41.06,1.029858,0.097469,88.150933,999.917726
41.07,1.029858,0.097469,88.150942,999.917747
41.08,1.029858,0.097469,88.150952,999.917768
41.09,1.029858,0.097469,88.150961,999.917789
41.1,1.029858,0.097469,88.150971,999.91781
41.11,1.029858,0.097469,88.150981,999.917831
41.12,1.029858,0.097469,88.15099,999.917852
41.13,1.029858,0.097469,88.151,999.917873
41.14,1.029858,0.097469,88.151009,999.917894
41.15,1.029858,0.097469,88.151019,999.917915
41.16,1.029858,0.097469,88.151029,999.917935
41.17,1.029858,0.097469,88.151038,999.917956
41.18,1.029858,0.097469,88.151048,999.917977
41.19,1.029858,0.097469,88.151057,999.917998
41.2,1.029858,0.097469,88.151067,999.918019
41.21,1.029858,0.097469,88.151076,999.91804
41.22,1.029858,0.097469,88.151086,999.918061
41.23,1.029858,0.097469,88.151096,999.918082
41.24,1.029858,0.097469,88.151105,999.918102
41.25,1.029858,0.097469,88.151115,999.918123
41.26,1.029858,0.097469,88.151124,999.918144
41.27,1.029858,0.097469,88.151134,999.918165
41.28,1.029858,0.097469,88.151143,999.918186
41.29,1.029858,0.097469,88.151153,999.918206
41.3,1.029858,0.097469,88.151162,999.918227
41.31,1.029858,0.097469,88.151172,999.918248
41.32,1.029858,0.097469,88.151181,999.918269
41.33,1.029858,0.097469,88.151191,999.91829
41.34,1.029858,0.097469,88.1512,999.91831
41.35,1.029858,0.097469,88.15121,999.918331
41.36,1.029858,0.097469,88.151219,999.918352
41.37,1.029858,0.097469,88.151229,999.918373
41.38,1.029858,0.097469,88.151238,999.918393
41.39,1.029858,0.097469,88.151248,999.918414
41.4,1.029858,0.097469,88.151258,999.918435
41.41,1.029858,0.097469,88.151267,999.918456
41.42,1.029858,0.097469,88.151277,999.918476
41.43,1.029858,0.097469,88.151286,999.918497
41.44,1.029858,0.097469,88.151296,999.918518
41.45,1.029858,0.097469,88.151305,999.918539
41.46,1.029858,0.097469,88.151314,999.918559
41.47,1.029858,0.097469,88.151324,999.91858
41.48,1.029858,0.097469,88.151333,999.918601
41.49,1.029858,0.097469,88.151343,999.918621
41.5,1.029858,0.097469,88.151352,999.918642
41.51,1.029858,0.097469,88.151362,999.918663
41.52,1.029858,0.097469,88.151371,999.918683
41.53,1.029858,0.097469,88.151381,999.918704
41.54,1.029858,0.097469,88.15139,999.918725
41.55,1.029858,0.097469,88.1514,999.918745
41.56,1.029858,0.097469,88.151409,999.918766
41.57,1.029858,0.097469,88.151419,999.918786
41.58,1.029858,0.097469,88.151428,999.918807
41.59,1.029858,0.097469,88.151438,999.918828
41.6,1.029858,0.097469,88.151447,999.918848
41.61,1.029858,0.097469,88.151457,999.918869
41.62,1.029858,0.097469,88.151466,999.918889
41.63,1.029858,0.097469,88.151475,999.91891
41.64,1.029858,0.097469,88.151485,999.918931
41.65,1.029858,0.097469,88.151494,999.918951
41.66,1.029858,0.097469,88.151504,999.918972
41.67,1.029858,0.097469,88.151513,999.918992
41.68,1.029858,0.097469,88.151523,999.919013
41.69,1.029858,0.097469,88.151532,999.919033
41.7,1.029858,0.097469,88.151541,999.919054
41.71,1.029858,0.097469,88.151551,999.919075
41.72,1.029858,0.097469,88.15156,999.919095
41.73,1.029858,0.097469,88.15157,999.919116
41.74,1.029858,0.097469,88.151579,999.919136
41.75,1.029858,0.097469,88.151589,999.919157
41.76,1.029858,0.097469,88.151598,999.919177
41.77,1.029858,0.097469,88.151607,999.919198
41.78,1.029858,0.097469,88.151617,999.919218
41.79,1.029858,0.097469,88.151626,999.919239
41.8,1.029858,0.097469,88.151636,999.919259
41.81,1.029858,0.097469,88.151645,999.91928
41.82,1.029858,0.097469,88.151654,999.9193
41.83,1.029858,0.097469,88.151664,999.919321
41.84,1.029858,0.097469,88.151673,999.919341
41.85,1.029858,0.097469,88.151682,999.919361
41.86,1.029858,0.097469,88.151692,999.919382
41.87,1.029858,0.097469,88.151701,999.919402
41.88,1.029858,0.097469,88.151711,999.919423
41.89,1.029858,0.097469,88.15172,999.919443
41.9,1.029858,0.097469,88.151729,999.919464
41.91,1.029858,0.097469,88.151739,999.919484
41.92,1.029858,0.097469,88.151748,999.919505
41.93,1.029858,0.097469,88.151757,999.919525
41.94,1.029858,0.097469,88.151767,999.919545
41.95,1.029858,0.097469,88.151776,999.919566
41.96,1.029858,0.097469,88.151785,999.919586
41.97,1.029858,0.097469,88.151795,999.919607
41.98,1.029858,0.097469,88.151804,999.919627
41.99,1.029858,0.097469,88.151813,999.919648
42,1.029858,0.097469,88.151823,999.919668
42.01,1.029858,0.097469,88.151832,999.919688
42.02,1.029858,0.09747,88.151841,999.919709
42.03,1.029858,0.09747,88.151851,999.919729
42.04,1.029858,0.09747,88.15186,999.91975
42.05,1.029858,0.09747,88.151869,999.91977
42.06,1.029858,0.09747,88.151878,999.91979
42.07,1.029858,0.09747,88.151888,999.919811
42.08,1.029858,0.09747,88.151897,999.919831
42.09,1.029858,0.09747,88.151906,999.919851
42.1,1.029858,0.09747,88.151916,999.919872
42.11,1.029858,0.09747,88.151925,999.919892
42.12,1.029859,0.09747,88.151934,999.919913
42.13,1.029859,0.09747,88.151943,999.919933
42.14,1.029859,0.09747,88.151953,999.919953
42.15,1.029859,0.09747,88.151962,999.919974
42.16,1.029859,0.09747,88.151971,999.919994
42.17,1.029859,0.09747,88.15198,999.920014
42.18,1.029859,0.09747,88.15199,999.920035
42.19,1.029859,0.09747,88.151999,999.920055
42.2,1.029859,0.09747,88.152008,999.920075
42.21,1.029859,0.09747,88.152017,999.920096
42.22,1.029859,0.09747,88.152027,999.920116
42.23,1.029859,0.09747,88.152036,999.920136
42.24,1.029859,0.09747,88.152045,999.920157
42.25,1.029859,0.09747,88.152054,999.920177
42.26,1.029859,0.09747,88.152063,999.920198
42.27,1.029859,0.09747,88.152073,999.920218
42.28,1.029859,0.09747,88.152082,999.920238
42.29,1.029859,0.09747,88.152091,999.920259
42.3,1.029859,0.09747,88.1521,999.920279
42.31,1.029859,0.09747,88.152109,999.920299
42.32,1.029859,0.09747,88.152119,999.92032
42.33,1.029859,0.09747,88.152128,999.92034
42.34,1.029859,0.09747,88.152137,999.92036
42.35,1.029859,0.09747,88.152146,999.920381
42.36,1.029859,0.09747,88.152155,999.920401
42.37,1.029859,0.09747,88.152164,999.920421
42.38,1.029859,0.09747,88.152174,999.920442
42.39,1.029859,0.09747,88.152183,999.920462
42.4,1.029859,0.09747,88.152192,999.920482
42.41,1.029859,0.09747,88.152201,999.920503
42.42,1.029859,0.09747,88.15221,999.920523
42.43,1.029859,0.09747,88.152219,999.920543
42.44,1.029859,0.09747,88.152228,999.920564
42.45,1.029859,0.09747,88.152238,999.920584
42.46,1.029859,0.09747,88.152247,999.920604
42.47,1.029859,0.09747,88.152256,999.920624
42.48,1.029859,0.09747,88.152265,999.920645
42.49,1.029859,0.09747,88.152274,999.920665
42.5,1.029859,0.09747,88.152283,999.920685
42.51,1.029859,0.09747,88.152292,999.920706
42.52,1.029859,0.09747,88.152301,999.920726
42.53,1.029859,0.09747,88.15231,999.920746
42.54,1.029859,0.09747,88.15232,999.920767
42.55,1.029859,0.09747,88.152329,999.920787
42.56,1.029859,0.09747,88.152338,999.920807
42.57,1.029859,0.09747,88.152347,999.920828
42.58,1.029859,0.09747,88.152356,999.920848
42.59,1.029859,0.09747,88.152365,999.920868
42.6,1.029859,0.09747,88.152374,999.920888
42.61,1.029859,0.09747,88.152383,999.920909
42.62,1.029859,0.09747,88.152392,999.920929
42.63,1.029859,0.09747,88.152401,999.920949
42.64,1.029859,0.09747,88.15241,999.92097
42.65,1.029859,0.09747,88.152419,999.92099
42.66,1.029859,0.09747,88.152428,999.92101
42.67,1.029859,0.09747,88.152437,999.92103
42.68,1.029859,0.09747,88.152446,999.921051
42.69,1.029859,0.09747,88.152455,999.921071
42.7,1.029859,0.09747,88.152464,999.921091
42.71,1.029859,0.09747,88.152473,999.921111
42.72,1.029859,0.09747,88.152482,999.921132
42.73,1.029859,0.09747,88.152491,999.921152
42.74,1.029859,0.09747,88.1525,999.921172
42.75,1.029859,0.09747,88.152509,999.921192
42.76,1.029859,0.09747,88.152518,999.921213
42.77,1.029859,0.09747,88.152527,999.921233
42.78,1.029859,0.09747,88.152536,999.921253
42.79,1.029859,0.09747,88.152545,999.921273
42.8,1.029859,0.09747,88.152554,999.921293
42.81,1.029859,0.09747,88.152563,999.921314
42.82,1.029859,0.09747,88.152572,999.921334
42.83,1.029859,0.09747,88.152581,999.921354
42.84,1.029859,0.09747,88.15259,999.921374
42.85,1.029859,0.09747,88.152599,999.921394
42.86,1.029859,0.09747,88.152608,999.921415
42.87,1.029859,0.09747,88.152617,999.921435
42.88,1.029859,0.09747,88.152626,999.921455
42.89,1.029859,0.09747,88.152635,999.921475
42.9,1.029859,0.09747,88.152644,999.921495
42.91,1.029859,0.09747,88.152653,999.921516
42.92,1.029859,0.09747,88.152662,999.921536
42.93,1.029859,0.09747,88.152671,999.921556
42.94,1.029859,0.09747,88.15268,999.921576
42.95,1.029859,0.09747,88.152689,999.921596
42.96,1.029859,0.09747,88.152697,999.921616
42.97,1.029859,0.09747,88.152706,999.921636
42.98,1.029859,0.09747,88.152715,999.921657
42.99,1.029859,0.09747,88.152724,999.921677
43,1.029859,0.09747,88.152733,999.921697
43.01,1.029859,0.09747,88.152742,999.921717
43.02,1.029859,0.09747,88.152751,999.921737
43.03,1.029859,0.09747,88.15276,999.921757
43.04,1.029859,0.09747,88.152769,999.921777
43.05,1.029859,0.09747,88.152777,999.921797
43.06,1.029859,0.09747,88.152786,999.921817
43.07,1.029859,0.09747,88.152795,999.921837
43.08,1.029859,0.09747,88.152804,999.921858
43.09,1.029859,0.09747,88.152813,999.921878
43.1,1.029859,0.09747,88.152822,999.921898
43.11,1.029859,0.09747,88.152831,999.921918
43.12,1.029859,0.09747,88.15284,999.921938
43.13,1.029859,0.09747,88.152848,999.921958
43.14,1.029859,0.09747,88.152857,999.921978
43.15,1.029859,0.09747,88.152866,999.921998
43.16,1.029859,0.09747,88.152875,999.922018
43.17,1.029859,0.09747,88.152884,999.922038
43.18,1.029859,0.09747,88.152893,999.922058
43.19,1.029859,0.09747,88.152901,999.922078
43.2,1.029859,0.09747,88.15291,999.922098
43.21,1.029859,0.09747,88.152919,999.922118
43.22,1.029859,0.09747,88.152928,999.922138
43.23,1.029859,0.09747,88.152937,999.922158
43.24,1.029859,0.09747,88.152945,999.922178
43.25,1.029859,0.09747,88.152954,999.922198
43.26,1.029859,0.09747,88.152963,999.922218
43.27,1.029859,0.09747,88.152972,999.922238
43.28,1.029859,0.09747,88.152981,999.922258
43.29,1.029859,0.09747,88.152989,999.922278
43.3,1.029859,0.09747,88.152998,999.922298
43.31,1.029859,0.09747,88.153007,999.922318
43.32,1.029859,0.09747,88.153016,999.922338
43.33,1.029859,0.09747,88.153024,999.922358
43.34,1.029859,0.09747,88.153033,999.922378
43.35,1.029859,0.09747,88.153042,999.922398
43.36,1.029859,0.09747,88.153051,999.922418
43.37,1.029859,0.09747,88.153059,999.922438
43.38,1.029859,0.09747,88.153068,999.922458
43.39,1.029859,0.09747,88.153077,999.922478
43.4,1.029859,0.09747,88.153086,999.922498
43.41,1.029859,0.09747,88.153094,999.922518
43.42,1.029859,0.09747,88.153103,999.922538
43.43,1.029859,0.09747,88.153112,999.922557
43.44,1.029859,0.09747,88.15312,999.922577
43.45,1.029859,0.09747,88.153129,999.922597
43.46,1.029859,0.09747,88.153138,999.922617
43.47,1.029859,0.09747,88.153147,999.922637
43.48,1.029859,0.09747,88.153155,999.922657
43.49,1.029859,0.09747,88.153164,999.922677
43.5,1.029859,0.09747,88.153173,999.922697
43.51,1.029859,0.09747,88.153181,999.922717
43.52,1.029859,0.09747,88.15319,999.922737
43.53,1.029859,0.09747,88.153199,999.922757
43.54,1.029859,0.09747,88.153207,999.922777
43.55,1.029859,0.09747,88.153216,999.922796
43.56,1.029859,0.09747,88.153225,999.922816
43.57,1.029859,0.09747,88.153233,999.922836
43.58,1.029859,0.09747,88.153242,999.922856
43.59,1.029859,0.09747,88.153251,999.922876
43.6,1.029859,0.09747,88.153259,999.922896
43.61,1.029859,0.09747,88.153268,999.922916
43.62,1.029859,0.09747,88.153276,999.922936
43.63,1.029859,0.09747,88.153285,999.922956
43.64,1.029859,0.09747,88.153294,999.922975
43.65,1.029859,0.09747,88.153302,999.922995
43.66,1.029859,0.09747,88.153311,999.923015
43.67,1.029859,0.09747,88.15332,999.923035
43.68,1.029859,0.09747,88.153328,999.923055
43.69,1.029859,0.09747,88.153337,999.923075
43.7,1.029859,0.09747,88.153345,999.923095
43.71,1.029859,0.09747,88.153354,999.923115
43.72,1.02986,0.09747,88.153363,999.923134
43.73,1.02986,0.09747,88.153371,999.923154
43.74,1.02986,0.09747,88.15338,999.923174
43.75,1.02986,0.09747,88.153388,999.923194
43.76,1.02986,0.09747,88.153397,999.923214
43.77,1.02986,0.09747,88.153405,999.923234
43.78,1.02986,0.09747,88.153414,999.923254
43.79,1.02986,0.09747,88.153422,999.923273
43.8,1.02986,0.09747,88.153431,999.923293
43.81,1.02986,0.09747,88.15344,999.923313
43.82,1.02986,0.09747,88.153448,999.923333
43.83,1.02986,0.09747,88.153457,999.923353
43.84,1.02986,0.09747,88.153465,999.923373
43.85,1.02986,0.09747,88.153474,999.923392
43.86,1.02986,0.09747,88.153482,999.923412
43.87,1.02986,0.09747,88.153491,999.923432
43.88,1.02986,0.09747,88.153499,999.923452
43.89,1.02986,0.09747,88.153508,999.923472
43.9,1.02986,0.09747,88.153516,999.923492
43.91,1.02986,0.09747,88.153525,999.923511
43.92,1.02986,0.09747,88.153533,999.923531
43.93,1.02986,0.09747,88.153542,999.923551
43.94,1.02986,0.09747,88.15355,999.923571
43.95,1.02986,0.09747,88.153559,999.923591
43.96,1.02986,0.09747,88.153567,999.92361
43.97,1.02986,0.09747,88.153575,999.92363
43.98,1.02986,0.09747,88.153584,999.92365
43.99,1.02986,0.09747,88.153592,999.92367
44,1.02986,0.09747,88.153601,999.92369
44.01,1.02986,0.09747,88.153609,999.923709
44.02,1.02986,0.09747,88.153618,999.923729
44.03,1.02986,0.09747,88.153626,999.923749
44.04,1.02986,0.09747,88.153635,999.923769
44.05,1.02986,0.09747,88.153643,999.923789
44.06,1.02986,0.09747,88.153651,999.923808
44.07,1.02986,0.09747,88.15366,999.923828
44.08,1.02986,0.09747,88.153668,999.923848
44.09,1.02986,0.09747,88.153677,999.923868
44.1,1.02986,0.09747,88.153685,999.923888
44.11,1.02986,0.09747,88.153693,999.923907
44.12,1.02986,0.09747,88.153702,999.923927
44.13,1.02986,0.09747,88.15371,999.923947
44.14,1.02986,0.09747,88.153719,999.923967
44.15,1.02986,0.09747,88.153727,999.923986
44.16,1.02986,0.09747,88.153735,999.924006
44.17,1.02986,0.09747,88.153744,999.924026
44.18,1.02986,0.09747,88.153752,999.924046
44.19,1.02986,0.09747,88.15376,999.924065
44.2,1.02986,0.09747,88.153769,999.924085
44.21,1.02986,0.09747,88.153777,999.924105
44.22,1.02986,0.09747,88.153785,999.924125
44.23,1.02986,0.09747,88.153794,999.924144
44.24,1.02986,0.09747,88.153802,999.924164
44.25,1.02986,0.09747,88.15381,999.924184
44.26,1.02986,0.09747,88.153819,999.924204
44.27,1.02986,0.09747,88.153827,999.924223
44.28,1.02986,0.09747,88.153835,999.924243
44.29,1.02986,0.09747,88.153844,999.924263
44.3,1.02986,0.09747,88.153852,999.924283
44.31,1.02986,0.09747,88.15386,999.924302
44.32,1.02986,0.09747,88.153869,999.924322
44.33,1.02986,0.09747,88.153877,999.924342
44.34,1.02986,0.09747,88.153885,999.924361
44.35,1.02986,0.09747,88.153893,999.924381
44.36,1.02986,0.09747,88.153902,999.924401
44.37,1.02986,0.09747,88.15391,999.924421
44.38,1.02986,0.09747,88.153918,999.92444
44.39,1.02986,0.09747,88.153927,999.92446
44.4,1.02986,0.09747,88.153935,999.92448
44.41,1.02986,0.09747,88.153943,999.924499
44.42,1.02986,0.09747,88.153951,999.924519
44.43,1.02986,0.09747,88.15396,999.924539
44.44,1.02986,0.09747,88.153968,999.924558
44.45,1.02986,0.09747,88.153976,999.924578
44.46,1.02986,0.09747,88.153984,999.924598
44.47,1.02986,0.09747,88.153992,999.924617
44.48,1.02986,0.09747,88.154001,999.924637
44.49,1.02986,0.09747,88.154009,999.924657
44.5,1.02986,0.09747,88.154017,999.924676
44.51,1.02986,0.09747,88.154025,999.924696
44.52,1.02986,0.09747,88.154034,999.924716
44.53,1.02986,0.09747,88.154042,999.924735
44.54,1.02986,0.09747,88.15405,999.924755
44.55,1.02986,0.09747,88.154058,999.924775
44.56,1.02986,0.09747,88.154066,999.924794
44.57,1.02986,0.09747,88.154075,999.924814
44.58,1.02986,0.09747,88.154083,999.924833
44.59,1.02986,0.09747,88.154091,999.924853
44.6,1.02986,0.09747,88.154099,999.924873
44.61,1.02986,0.09747,88.154107,999.924892
44.62,1.02986,0.09747,88.154115,999.924912
44.63,1.02986,0.09747,88.154124,999.924931
44.64,1.02986,0.09747,88.154132,999.924951
44.65,1.02986,0.09747,88.15414,999.924971
44.66,1.02986,0.09747,88.154148,999.92499
44.67,1.02986,0.09747,88.154156,999.92501
44.68,1.02986,0.09747,88.154164,999.925029
44.69,1.02986,0.09747,88.154172,999.925049
44.7,1.02986,0.09747,88.154181,999.925069
44.71,1.02986,0.09747,88.154189,999.925088
44.72,1.02986,0.09747,88.154197,999.925108
44.73,1.02986,0.09747,88.154205,999.925127
44.74,1.02986,0.09747,88.154213,999.925147
44.75,1.02986,0.09747,88.154221,999.925166
44.76,1.02986,0.09747,88.154229,999.925186
44.77,1.02986,0.09747,88.154237,999.925205
44.78,1.02986,0.09747,88.154245,999.925225
44.79,1.02986,0.09747,88.154254,999.925244
44.8,1.02986,0.09747,88.154262,999.925264
44.81,1.02986,0.09747,88.15427,999.925283
44.82,1.02986,0.09747,88.154278,999.925303
44.83,1.02986,0.09747,88.154286,999.925322
44.84,1.02986,0.09747,88.154294,999.925342
44.85,1.02986,0.09747,88.154302,999.925361
44.86,1.02986,0.09747,88.15431,999.925381
44.87,1.02986,0.09747,88.154318,999.9254
44.88,1.02986,0.09747,88.154326,999.92542
44.89,1.02986,0.09747,88.154334,999.925439
44.9,1.02986,0.09747,88.154342,999.925459
44.91,1.02986,0.09747,88.15435,999.925478
44.92,1.02986,0.09747,88.154358,999.925498
44.93,1.02986,0.09747,88.154366,999.925517
44.94,1.02986,0.09747,88.154374,999.925537
44.95,1.02986,0.09747,88.154382,999.925556
44.96,1.02986,0.09747,88.15439,999.925576
44.97,1.02986,0.09747,88.154398,999.925595
44.98,1.02986,0.09747,88.154406,999.925615
44.99,1.02986,0.09747,88.154415,999.925634
45,1.02986,0.09747,88.154423,999.925653
45.01,1.02986,0.09747,88.154431,999.925673
45.02,1.02986,0.09747,88.154438,999.925692
45.03,1.02986,0.09747,88.154446,999.925712
45.04,1.02986,0.09747,88.154454,999.925731
45.05,1.02986,0.09747,88.154462,999.925751
45.06,1.02986,0.09747,88.15447,999.92577
45.07,1.02986,0.09747,88.154478,999.92579
45.08,1.02986,0.09747,88.154486,999.925809
45.09,1.02986,0.09747,88.154494,999.925828
45.1,1.02986,0.09747,88.154502,999.925848
45.11,1.02986,0.09747,88.15451,999.925867
45.12,1.02986,0.09747,88.154518,999.925887
45.13,1.02986,0.09747,88.154526,999.925906
45.14,1.02986,0.09747,88.154534,999.925925
45.15,1.02986,0.09747,88.154542,999.925945
45.16,1.02986,0.09747,88.15455,999.925964
45.17,1.02986,0.09747,88.154558,999.925984
45.18,1.02986,0.09747,88.154566,999.926003
45.19,1.02986,0.09747,88.154574,999.926022
45.2,1.02986,0.09747,88.154582,999.926042
45.21,1.02986,0.09747,88.15459,999.926061
45.22,1.02986,0.09747,88.154597,999.92608
45.23,1.02986,0.09747,88.154605,999.9261
45.24,1.02986,0.09747,88.154613,999.926119
45.25,1.02986,0.09747,88.154621,999.926139
45.26,1.02986,0.09747,88.154629,999.926158
45.27,1.02986,0.09747,88.154637,999.926177
45.28,1.02986,0.09747,88.154645,999.926197
45.29,1.02986,0.09747,88.154653,999.926216
45.3,1.02986,0.09747,88.154661,999.926235
45.31,1.02986,0.09747,88.154668,999.926255
45.32,1.02986,0.09747,88.154676,999.926274
45.33,1.02986,0.09747,88.154684,999.926293
45.34,1.02986,0.09747,88.154692,999.926313
45.35,1.02986,0.09747,88.1547,999.926332
45.36,1.02986,0.09747,88.154708,999.926351
45.37,1.02986,0.09747,88.154716,999.926371
45.38,1.02986,0.09747,88.154723,999.92639
45.39,1.02986,0.09747,88.154731,999.926409
45.4,1.029861,0.09747,88.154739,999.926429
45.41,1.029861,0.09747,88.154747,999.926448
45.42,1.029861,0.09747,88.154755,999.926467
45.43,1.029861,0.09747,88.154763,999.926487
45.44,1.029861,0.09747,88.15477,999.926506
45.45,1.029861,0.09747,88.154778,999.926525
45.46,1.029861,0.09747,88.154786,999.926545
45.47,1.029861,0.09747,88.154794,999.926564
45.48,1.029861,0.09747,88.154802,999.926583
45.49,1.029861,0.09747,88.154809,999.926603
45.5,1.029861,0.09747,88.154817,999.926622
45.51,1.029861,0.09747,88.154825,999.926641
45.52,1.029861,0.09747,88.154833,999.92666
45.53,1.029861,0.09747,88.154841,999.92668
45.54,1.029861,0.09747,88.154848,999.926699
45.55,1.029861,0.09747,88.154856,999.926718
45.56,1.029861,0.09747,88.154864,999.926738
45.57,1.029861,0.09747,88.154872,999.926757
45.58,1.029861,0.09747,88.154879,999.926776
45.59,1.029861,0.09747,88.154887,999.926795
45.6,1.029861,0.09747,88.154895,999.926815
45.61,1.029861,0.09747,88.154903,999.926834
45.62,1.029861,0.09747,88.15491,999.926853
45.63,1.029861,0.09747,88.154918,999.926872
45.64,1.029861,0.09747,88.154926,999.926892
45.65,1.029861,0.09747,88.154934,999.926911
45.66,1.029861,0.09747,88.154941,999.92693
45.67,1.029861,0.09747,88.154949,999.926949
45.68,1.029861,0.09747,88.154957,999.926969
45.69,1.029861,0.09747,88.154964,999.926988
45.7,1.029861,0.09747,88.154972,999.927007
45.71,1.029861,0.09747,88.15498,999.927026
45.72,1.029861,0.09747,88.154988,999.927046
45.73,1.029861,0.09747,88.154995,999.927065
45.74,1.029861,0.09747,88.155003,999.927084
45.75,1.029861,0.09747,88.155011,999.927103
45.76,1.029861,0.09747,88.155018,999.927122
45.77,1.029861,0.09747,88.155026,999.927142
45.78,1.029861,0.09747,88.155034,999.927161
45.79,1.029861,0.09747,88.155041,999.92718
45.8,1.029861,0.09747,88.155049,999.927199
45.81,1.029861,0.09747,88.155057,999.927218
45.82,1.029861,0.09747,88.155064,999.927238
45.83,1.029861,0.09747,88.155072,999.927257
45.84,1.029861,0.09747,88.15508,999.927276
45.85,1.029861,0.09747,88.155087,999.927295
45.86,1.029861,0.09747,88.155095,999.927314
45.87,1.029861,0.09747,88.155103,999.927333
45.88,1.029861,0.09747,88.15511,999.927353
45.89,1.029861,0.09747,88.155118,999.927372
45.9,1.029861,0.09747,88.155125,999.927391
45.91,1.029861,0.09747,88.155133,999.92741
45.92,1.029861,0.09747,88.155141,999.927429
45.93,1.029861,0.09747,88.155148,999.927448
45.94,1.029861,0.09747,88.155156,999.927468
45.95,1.029861,0.09747,88.155164,999.927487
45.96,1.029861,0.09747,88.155171,999.927506
45.97,1.029861,0.09747,88.155179,999.927525
45.98,1.029861,0.09747,88.155186,999.927544
45.99,1.029861,0.09747,88.155194,999.927563
46,1.029861,0.09747,88.155202,999.927582
46.01,1.029861,0.09747,88.155209,999.927601
46.02,1.029861,0.09747,88.155217,999.92762
46.03,1.029861,0.09747,88.155224,999.92764
46.04,1.029861,0.09747,88.155232,999.927659
46.05,1.029861,0.09747,88.15524,999.927678
46.06,1.029861,0.09747,88.155247,999.927697
46.07,1.029861,0.09747,88.155255,999.927716
46.08,1.029861,0.09747,88.155262,999.927735
46.09,1.029861,0.09747,88.15527,999.927754
46.1,1.029861,0.09747,88.155277,999.927773
46.11,1.029861,0.09747,88.155285,999.927792
46.12,1.029861,0.09747,88.155292,999.927811
46.13,1.029861,0.09747,88.1553,999.92783
46.14,1.029861,0.09747,88.155308,999.927849
46.15,1.029861,0.09747,88.155315,999.927868
46.16,1.029861,0.09747,88.155323,999.927888
46.17,1.029861,0.09747,88.15533,999.927907
46.18,1.029861,0.09747,88.155338,999.927926
46.19,1.029861,0.09747,88.155345,999.927945
46.2,1.029861,0.09747,88.155353,999.927964
46.21,1.029861,0.09747,88.15536,999.927983
46.22,1.029861,0.09747,88.155368,999.928002
46.23,1.029861,0.09747,88.155375,999.928021
46.24,1.029861,0.09747,88.155383,999.92804
46.25,1.029861,0.09747,88.15539,999.928059
46.26,1.029861,0.09747,88.155398,999.928078
46.27,1.029861,0.09747,88.155405,999.928097
46.28,1.029861,0.09747,88.155413,999.928116
46.29,1.029861,0.09747,88.15542,999.928135
46.3,1.029861,0.09747,88.155428,999.928154
46.31,1.029861,0.09747,88.155435,999.928173
46.32,1.029861,0.09747,88.155443,999.928192
46.33,1.029861,0.09747,88.15545,999.928211
46.34,1.029861,0.09747,88.155458,999.92823
46.35,1.029861,0.09747,88.155465,999.928248
46.36,1.029861,0.09747,88.155473,999.928267
46.37,1.029861,0.09747,88.15548,999.928286
46.38,1.029861,0.09747,88.155488,999.928305
46.39,1.029861,0.09747,88.155495,999.928324
46.4,1.029861,0.09747,88.155503,999.928343
46.41,1.029861,0.09747,88.15551,999.928362
46.42,1.029861,0.09747,88.155517,999.928381
46.43,1.029861,0.09747,88.155525,999.9284
46.44,1.029861,0.09747,88.155532,999.928419
46.45,1.029861,0.09747,88.15554,999.928438
46.46,1.029861,0.09747,88.155547,999.928457
46.47,1.029861,0.09747,88.155555,999.928476
46.48,1.029861,0.09747,88.155562,999.928495
46.49,1.029861,0.09747,88.155569,999.928513
46.5,1.029861,0.09747,88.155577,999.928532
46.51,1.029861,0.09747,88.155584,999.928551
46.52,1.029861,0.09747,88.155592,999.92857
46.53,1.029861,0.09747,88.155599,999.928589
46.54,1.029861,0.09747,88.155607,999.928608
46.55,1.029861,0.09747,88.155614,999.928627
46.56,1.029861,0.09747,88.155621,999.928646
46.57,1.029861,0.09747,88.155629,999.928664
46.58,1.029861,0.09747,88.155636,999.928683
46.59,1.029861,0.09747,88.155644,999.928702
46.6,1.029861,0.09747,88.155651,999.928721
46.61,1.029861,0.09747,88.155658,999.92874
46.62,1.029861,0.09747,88.155666,999.928759
46.63,1.029861,0.09747,88.155673,999.928777
46.64,1.029861,0.09747,88.15568,999.928796
46.65,1.029861,0.09747,88.155688,999.928815
46.66,1.029861,0.09747,88.155695,999.928834
46.67,1.029861,0.09747,88.155703,999.928853
46.68,1.029861,0.09747,88.15571,999.928872
46.69,1.029861,0.09747,88.155717,999.92889
46.7,1.029861,0.09747,88.155725,999.928909
46.71,1.029861,0.09747,88.155732,999.928928
46.72,1.029861,0.09747,88.155739,999.928947
46.73,1.029861,0.09747,88.155747,999.928966
46.74,1.029861,0.09747,88.155754,999.928984
46.75,1.029861,0.09747,88.155761,999.929003
46.76,1.029861,0.09747,88.155769,999.929022
46.77,1.029861,0.09747,88.155776,999.929041
46.78,1.029861,0.09747,88.155783,999.92906
46.79,1.029861,0.09747,88.155791,999.929078
46.8,1.029861,0.09747,88.155798,999.929097
46.81,1.029861,0.09747,88.155805,999.929116
46.82,1.029861,0.09747,88.155813,999.929135
46.83,1.029861,0.09747,88.15582,999.929153
46.84,1.029861,0.09747,88.155827,999.929172
46.85,1.029861,0.09747,88.155835,999.929191
46.86,1.029861,0.09747,88.155842,999.92921
46.87,1.029861,0.09747,88.155849,999.929228
46.88,1.029861,0.09747,88.155857,999.929247
46.89,1.029861,0.09747,88.155864,999.929266
46.9,1.029861,0.09747,88.155871,999.929285
46.91,1.029861,0.09747,88.155878,999.929303
46.92,1.029861,0.09747,88.155886,999.929322
46.93,1.029861,0.09747,88.155893,999.929341
46.94,1.029861,0.09747,88.1559,999.929359
46.95,1.029861,0.09747,88.155908,999.929378
46.96,1.029861,0.09747,88.155915,999.929397
46.97,1.029861,0.09747,88.155922,999.929416
46.98,1.029861,0.09747,88.155929,999.929434
46.99,1.029861,0.09747,88.155937,999.929453
47,1.029861,0.09747,88.155944,999.929472
47.01,1.029861,0.09747,88.155951,999.92949
47.02,1.029861,0.09747,88.155958,999.929509
47.03,1.029861,0.09747,88.155966,999.929528
47.04,1.029861,0.09747,88.155973,999.929546
47.05,1.029861,0.09747,88.15598,999.929565
47.06,1.029861,0.09747,88.155987,999.929584
47.07,1.029861,0.09747,88.155995,999.929602
47.08,1.029861,0.09747,88.156002,999.929621
47.09,1.029861,0.09747,88.156009,999.92964
47.1,1.029861,0.09747,88.156016,999.929658
47.11,1.029861,0.09747,88.156023,999.929677
47.12,1.029861,0.09747,88.156031,999.929696
47.13,1.029861,0.09747,88.156038,999.929714
47.14,1.029861,0.09747,88.156045,999.929733
47.15,1.029861,0.09747,88.156052,999.929752
47.16,1.029861,0.09747,88.15606,999.92977
47.17,1.029861,0.09747,88.156067,999.929789
47.18,1.029862,0.09747,88.156074,999.929807
47.19,1.029862,0.09747,88.156081,999.929826
47.2,1.029862,0.09747,88.156088,999.929845
47.21,1.029862,0.09747,88.156096,999.929863
47.22,1.029862,0.09747,88.156103,999.929882
47.23,1.029862,0.09747,88.15611,999.9299
47.24,1.029862,0.09747,88.156117,999.929919
47.25,1.029862,0.09747,88.156124,999.929938
47.26,1.029862,0.09747,88.156131,999.929956
47.27,1.029862,0.09747,88.156139,999.929975
47.28,1.029862,0.09747,88.156146,999.929993
47.29,1.029862,0.09747,88.156153,999.930012
47.3,1.029862,0.09747,88.15616,999.930031
47.31,1.029862,0.09747,88.156167,999.930049
47.32,1.029862,0.09747,88.156175,999.930068
47.33,1.029862,0.09747,88.156182,999.930086
47.34,1.029862,0.09747,88.156189,999.930105
47.35,1.029862,0.09747,88.156196,999.930123
47.36,1.029862,0.09747,88.156203,999.930142
47.37,1.029862,0.09747,88.15621,999.93016
47.38,1.029862,0.09747,88.156217,999.930179
47.39,1.029862,0.09747,88.156225,999.930198
47.4,1.029862,0.09747,88.156232,999.930216
47.41,1.029862,0.09747,88.156239,999.930235
47.42,1.029862,0.09747,88.156246,999.930253
47.43,1.029862,0.09747,88.156253,999.930272
47.44,1.029862,0.09747,88.15626,999.93029
47.45,1.029862,0.09747,88.156267,999.930309
47.46,1.029862,0.09747,88.156274,999.930327
47.47,1.029862,0.09747,88.156282,999.930346
47.48,1.029862,0.09747,88.156289,999.930364
47.49,1.029862,0.09747,88.156296,999.930383
47.5,1.029862,0.09747,88.156303,999.930401
47.51,1.029862,0.09747,88.15631,999.93042
47.52,1.029862,0.09747,88.156317,999.930438
47.53,1.029862,0.09747,88.156324,999.930457
47.54,1.029862,0.09747,88.156331,999.930475
47.55,1.029862,0.09747,88.156338,999.930493
47.56,1.029862,0.09747,88.156346,999.930512
47.57,1.029862,0.09747,88.156353,999.93053
47.58,1.029862,0.09747,88.15636,999.930549
47.59,1.029862,0.09747,88.156367,999.930567
47.6,1.029862,0.09747,88.156374,999.930586
47.61,1.029862,0.09747,88.156381,999.930604
47.62,1.029862,0.09747,88.156388,999.930623
47.63,1.029862,0.09747,88.156395,999.930641
47.64,1.029862,0.09747,88.156402,999.930659
47.65,1.029862,0.09747,88.156409,999.930678
47.66,1.029862,0.09747,88.156416,999.930696
47.67,1.029862,0.09747,88.156423,999.930715
47.68,1.029862,0.09747,88.15643,999.930733
47.69,1.029862,0.09747,88.156437,999.930751
47.7,1.029862,0.09747,88.156445,999.93077
47.71,1.029862,0.09747,88.156452,999.930788
47.72,1.029862,0.09747,88.156459,999.930807
47.73,1.029862,0.09747,88.156466,999.930825
47.74,1.029862,0.09747,88.156473,999.930843
47.75,1.029862,0.09747,88.15648,999.930862
47.76,1.029862,0.09747,88.156487,999.93088
47.77,1.029862,0.09747,88.156494,999.930898
47.78,1.029862,0.09747,88.156501,999.930917
47.79,1.029862,0.09747,88.156508,999.930935
47.8,1.029862,0.09747,88.156515,999.930953
47.81,1.029862,0.09747,88.156522,999.930972
47.82,1.029862,0.09747,88.156529,999.93099
47.83,1.029862,0.09747,88.156536,999.931008
47.84,1.029862,0.09747,88.156543,999.931027
47.85,1.029862,0.09747,88.15655,999.931045
47.86,1.029862,0.09747,88.156557,999.931063
47.87,1.029862,0.09747,88.156564,999.931082
47.88,1.029862,0.09747,88.156571,999.9311
47.89,1.029862,0.09747,88.156578,999.931118
47.9,1.029862,0.09747,88.156585,999.931137
47.91,1.029862,0.09747,88.156592,999.931155
47.92,1.029862,0.09747,88.156599,999.931173
47.93,1.029862,0.09747,88.156606,999.931191
47.94,1.029862,0.09747,88.156613,999.93121
47.95,1.029862,0.09747,88.15662,999.931228
47.96,1.029862,0.09747,88.156627,999.931246
47.97,1.029862,0.09747,88.156634,999.931264
47.98,1.029862,0.09747,88.156641,999.931283
47.99,1.029862,0.09747,88.156648,999.931301
48,1.029862,0.09747,88.156655,999.931319
48.01,1.029862,0.09747,88.156662,999.931338
48.02,1.029862,0.09747,88.156669,999.931356
48.03,1.029862,0.09747,88.156676,999.931374
48.04,1.029862,0.09747,88.156683,999.931392
48.05,1.029862,0.09747,88.15669,999.93141
48.06,1.029862,0.09747,88.156697,999.931429
48.07,1.029862,0.09747,88.156704,999.931447
48.08,1.029862,0.09747,88.156711,999.931465
48.09,1.029862,0.09747,88.156718,999.931483
48.1,1.029862,0.09747,88.156725,999.931501
48.11,1.029862,0.09747,88.156732,999.93152
48.12,1.029862,0.09747,88.156738,999.931538
48.13,1.029862,0.09747,88.156745,999.931556
48.14,1.029862,0.09747,88.156752,999.931574
48.15,1.029862,0.09747,88.156759,999.931592
48.16,1.029862,0.09747,88.156766,999.931611
48.17,1.029862,0.09747,88.156773,999.931629
48.18,1.029862,0.09747,88.15678,999.931647
48.19,1.029862,0.09747,88.156787,999.931665
48.2,1.029862,0.09747,88.156794,999.931683
48.21,1.029862,0.09747,88.156801,999.931701
48.22,1.029862,0.09747,88.156808,999.93172
48.23,1.029862,0.09747,88.156815,999.931738
48.24,1.029862,0.09747,88.156822,999.931756
48.25,1.029862,0.09747,88.156829,999.931774
48.26,1.029862,0.09747,88.156835,999.931792
48.27,1.029862,0.09747,88.156842,999.93181
48.28,1.029862,0.09747,88.156849,999.931828
48.29,1.029862,0.09747,88.156856,999.931847
48.3,1.029862,0.09747,88.156863,999.931865
48.31,1.029862,0.09747,88.15687,999.931883
48.32,1.029862,0.09747,88.156877,999.931901
48.33,1.029862,0.09747,88.156884,999.931919
48.34,1.029862,0.09747,88.156891,999.931937
48.35,1.029862,0.09747,88.156898,999.931955
48.36,1.029862,0.09747,88.156904,999.931973
48.37,1.029862,0.09747,88.156911,999.931991
48.38,1.029862,0.09747,88.156918,999.932009
48.39,1.029862,0.09747,88.156925,999.932027
48.4,1.029862,0.09747,88.156932,999.932046
48.41,1.029862,0.09747,88.156939,999.932064
48.42,1.029862,0.09747,88.156946,999.932082
48.43,1.029862,0.09747,88.156953,999.9321
48.44,1.029862,0.09747,88.156959,999.932118
48.45,1.029862,0.09747,88.156966,999.932136
48.46,1.029862,0.09747,88.156973,999.932154
48.47,1.029862,0.09747,88.15698,999.932172
48.48,1.029862,0.09747,88.156987,999.93219
48.49,1.029862,0.09747,88.156994,999.932208
48.5,1.029862,0.09747,88.157,999.932226
48.51,1.029862,0.09747,88.157007,999.932244
48.52,1.029862,0.09747,88.157014,999.932262
48.53,1.029862,0.09747,88.157021,999.93228
48.54,1.029862,0.09747,88.157028,999.932298
48.55,1.029862,0.09747,88.157035,999.932316
48.56,1.029862,0.09747,88.157042,999.932334
48.57,1.029862,0.09747,88.157048,999.932352
48.58,1.029862,0.09747,88.157055,999.93237
48.59,1.029862,0.09747,88.157062,999.932388
48.6,1.029862,0.09747,88.157069,999.932406
48.61,1.029862,0.09747,88.157076,999.932424
48.62,1.029862,0.09747,88.157082,999.932442
48.63,1.029862,0.09747,88.157089,999.93246
48.64,1.029862,0.09747,88.157096,999.932478
48.65,1.029862,0.09747,88.157103,999.932496
48.66,1.029862,0.09747,88.15711,999.932514
48.67,1.029862,0.09747,88.157117,999.932532
48.68,1.029862,0.09747,88.157123,999.93255
48.69,1.029862,0.09747,88.15713,999.932568
48.7,1.029862,0.09747,88.157137,999.932586
48.71,1.029862,0.09747,88.157144,999.932604
48.72,1.029862,0.09747,88.157151,999.932622
48.73,1.029862,0.09747,88.157157,999.932639
48.74,1.029862,0.09747,88.157164,999.932657
48.75,1.029862,0.09747,88.157171,999.932675
48.76,1.029862,0.09747,88.157178,999.932693
48.77,1.029862,0.09747,88.157184,999.932711
48.78,1.029862,0.09747,88.157191,999.932729
48.79,1.029862,0.09747,88.157198,999.932747
48.8,1.029862,0.09747,88.157205,999.932765
48.81,1.029862,0.09747,88.157212,999.932783
48.82,1.029862,0.09747,88.157218,999.932801
48.83,1.029862,0.09747,88.157225,999.932819
48.84,1.029862,0.09747,88.157232,999.932836
48.85,1.029862,0.09747,88.157239,999.932854
48.86,1.029862,0.09747,88.157245,999.932872
48.87,1.029862,0.09747,88.157252,999.93289
48.88,1.029862,0.09747,88.157259,999.932908
48.89,1.029862,0.09747,88.157266,999.932926
48.9,1.029862,0.09747,88.157272,999.932944
48.91,1.029862,0.09747,88.157279,999.932962
48.92,1.029862,0.09747,88.157286,999.932979
48.93,1.029862,0.09747,88.157293,999.932997
48.94,1.029862,0.09747,88.157299,999.933015
48.95,1.029862,0.09747,88.157306,999.933033
48.96,1.029862,0.09747,88.157313,999.933051
48.97,1.029862,0.09747,88.15732,999.933069
48.98,1.029862,0.09747,88.157326,999.933086
48.99,1.029862,0.09747,88.157333,999.933104
49,1.029862,0.09747,88.15734,999.933122
49.01,1.029862,0.09747,88.157346,999.93314
49.02,1.029862,0.09747,88.157353,999.933158
49.03,1.029862,0.09747,88.15736,999.933175
49.04,1.029862,0.09747,88.157367,999.933193
49.05,1.029862,0.09747,88.157373,999.933211
49.06,1.029862,0.09747,88.15738,999.933229
49.07,1.029863,0.09747,88.157387,999.933247
49.08,1.029863,0.09747,88.157393,999.933264
49.09,1.029863,0.09747,88.1574,999.933282
49.1,1.029863,0.09747,88.157407,999.9333
49.11,1.029863,0.09747,88.157414,999.933318
49.12,1.029863,0.09747,88.15742,999.933335
49.13,1.029863,0.09747,88.157427,999.933353
49.14,1.029863,0.09747,88.157434,999.933371
49.15,1.029863,0.09747,88.15744,999.933389
49.16,1.029863,0.09747,88.157447,999.933406
49.17,1.029863,0.09747,88.157454,999.933424
49.18,1.029863,0.09747,88.15746,999.933442
49.19,1.029863,0.09747,88.157467,999.93346
49.2,1.029863,0.09747,88.157474,999.933477
49.21,1.029863,0.09747,88.15748,999.933495
49.22,1.029863,0.09747,88.157487,999.933513
49.23,1.029863,0.09747,88.157494,999.933531
49.24,1.029863,0.09747,88.1575,999.933548
49.25,1.029863,0.09747,88.157507,999.933566
49.26,1.029863,0.09747,88.157514,999.933584
49.27,1.029863,0.09747,88.15752,999.933601
49.28,1.029863,0.09747,88.157527,999.933619
49.29,1.029863,0.097471,88.157534,999.933637
49.3,1.029863,0.097471,88.15754,999.933654
49.31,1.029863,0.097471,88.157547,999.933672
49.32,1.029863,0.097471,88.157554,999.93369
49.33,1.029863,0.097471,88.15756,999.933707
49.34,1.029863,0.097471,88.157567,999.933725
49.35,1.029863,0.097471,88.157574,999.933743
49.36,1.029863,0.097471,88.15758,999.93376
49.37,1.029863,0.097471,88.157587,999.933778
49.38,1.029863,0.097471,88.157594,999.933796
49.39,1.029863,0.097471,88.1576,999.933813
49.4,1.029863,0.097471,88.157607,999.933831
49.41,1.029863,0.097471,88.157613,999.933848
49.42,1.029863,0.097471,88.15762,999.933866
49.43,1.029863,0.097471,88.157627,999.933884
49.44,1.029863,0.097471,88.157633,999.933901
49.45,1.029863,0.097471,88.15764,999.933919
49.46,1.029863,0.097471,88.157647,999.933937
49.47,1.029863,0.097471,88.157653,999.933954
49.48,1.029863,0.097471,88.15766,999.933972
49.49,1.029863,0.097471,88.157666,999.933989
49.5,1.029863,0.097471,88.157673,999.934007
49.51,1.029863,0.097471,88.15768,999.934025
49.52,1.029863,0.097471,88.157686,999.934042
49.53,1.029863,0.097471,88.157693,999.93406
49.54,1.029863,0.097471,88.157699,999.934077
49.55,1.029863,0.097471,88.157706,999.934095
49.56,1.029863,0.097471,88.157713,999.934112
49.57,1.029863,0.097471,88.157719,999.93413
49.58,1.029863,0.097471,88.157726,999.934147
49.59,1.029863,0.097471,88.157732,999.934165
49.6,1.029863,0.097471,88.157739,999.934183
49.61,1.029863,0.097471,88.157746,999.9342
49.62,1.029863,0.097471,88.157752,999.934218
49.63,1.029863,0.097471,88.157759,999.934235
49.64,1.029863,0.097471,88.157765,999.934253
49.65,1.029863,0.097471,88.157772,999.93427
49.66,1.029863,0.097471,88.157779,999.934288
49.67,1.029863,0.097471,88.157785,999.934305
49.68,1.029863,0.097471,88.157792,999.934323
49.69,1.029863,0.097471,88.157798,999.93434
49.7,1.029863,0.097471,88.157805,999.934358
49.71,1.029863,0.097471,88.157811,999.934375
49.72,1.029863,0.097471,88.157818,999.934393
49.73,1.029863,0.097471,88.157824,999.93441
49.74,1.029863,0.097471,88.157831,999.934428
49.75,1.029863,0.097471,88.157838,999.934445
49.76,1.029863,0.097471,88.157844,999.934463
49.77,1.029863,0.097471,88.157851,999.93448
49.78,1.029863,0.097471,88.157857,999.934497
49.79,1.029863,0.097471,88.157864,999.934515
49.8,1.029863,0.097471,88.15787,999.934532
49.81,1.029863,0.097471,88.157877,999.93455
49.82,1.029863,0.097471,88.157883,999.934567
49.83,1.029863,0.097471,88.15789,999.934585
49.84,1.029863,0.097471,88.157896,999.934602
49.85,1.029863,0.097471,88.157903,999.93462
49.86,1.029863,0.097471,88.15791,999.934637
49.87,1.029863,0.097471,88.157916,999.934654
49.88,1.029863,0.097471,88.157923,999.934672
49.89,1.029863,0.097471,88.157929,999.934689
49.9,1.029863,0.097471,88.157936,999.934707
49.91,1.029863,0.097471,88.157942,999.934724
49.92,1.029863,0.097471,88.157949,999.934741
49.93,1.029863,0.097471,88.157955,999.934759
49.94,1.029863,0.097471,88.157962,999.934776
49.95,1.029863,0.097471,88.157968,999.934794
49.96,1.029863,0.097471,88.157975,999.934811
49.97,1.029863,0.097471,88.157981,999.934828
49.98,1.029863,0.097471,88.157988,999.934846
49.99,1.029863,0.097471,88.157994,999.934863
50,1.029863,0.097471,88.158001,999.934881
