b:tnow in s,s:ut in p.u.,s:cur1 in p.u.,s:Q1 in Mvar,s:P1 in MW
0,1.0475,0.276458,146.158178,250
0.01,1.047375,0.277692,146.604383,251.19586
0.02,1.047374,0.277608,146.606261,251.09223
0.03,1.047373,0.277547,146.60465,251.019106
0.04,1.047371,0.277501,146.600805,250.965512
0.05,1.04737,0.277465,146.595571,250.924017
0.06,1.047368,0.277434,146.589486,250.889826
0.07,1.047367,0.277406,146.582898,250.859847
0.08,1.047367,0.27738,146.576029,250.832099
0.09,1.047366,0.277355,146.569023,250.805317
0.1,1.047366,0.27733,146.561976,250.778704
0.11,1.047365,0.277304,146.554947,250.751769
0.12,1.047365,0.277278,146.547978,250.724217
0.13,1.047366,0.277252,146.541094,250.695888
0.14,1.047366,0.277224,146.534312,250.666705
0.15,1.047366,0.277196,146.527642,250.63665
0.16,1.047367,0.277167,146.521091,250.605746
0.17,1.047367,0.277138,146.514662,250.57404
0.18,1.047368,0.277108,146.508357,250.541602
0.19,1.047369,0.277078,146.502177,250.508513
0.2,1.04737,0.277047,146.496122,250.474866
0.21,1.04737,0.277015,146.49019,250.440762
0.22,1.047371,0.276984,146.484381,250.406308
0.23,1.047373,0.276952,146.478693,250.371616
0.24,1.047374,0.276921,146.473127,250.336805
0.25,1.047375,0.276889,146.467679,250.301992
0.26,1.047376,0.276858,146.46235,250.267301
0.27,1.047377,0.276826,146.457139,250.232856
0.28,1.047378,0.276796,146.452043,250.198782
0.29,1.04738,0.276765,146.447062,250.165206
0.3,1.047381,0.276735,146.442194,250.132253
0.31,1.047383,0.276706,146.437439,250.100047
0.32,1.047384,0.276678,146.432794,250.068712
0.33,1.047386,0.27665,146.428259,250.038369
0.34,1.047387,0.276623,146.423832,250.009137
0.35,1.047389,0.276598,146.419511,249.981129
0.36,1.04739,0.276573,146.415294,249.954458
0.37,1.047392,0.27655,146.41118,249.929228
0.38,1.047394,0.276528,146.407166,249.905541
0.39,1.047396,0.276508,146.403249,249.88349
0.4,1.047397,0.276489,146.399429,249.863165
0.41,1.047399,0.276471,146.395702,249.844647
0.42,1.047401,0.276455,146.392065,249.828009
0.43,1.047403,0.276441,146.388517,249.813318
0.44,1.047405,0.276428,146.385055,249.80063
0.45,1.047407,0.276417,146.381676,249.789995
0.46,1.047409,0.276408,146.378378,249.781451
0.47,1.047411,0.276401,146.375159,249.775031
0.48,1.047413,0.276395,146.372016,249.770753
0.49,1.047415,0.276392,146.368948,249.768628
0.5,1.047417,0.27639,146.365951,249.768659
0.51,1.047419,0.276389,146.363026,249.770834
0.52,1.047421,0.276391,146.36017,249.775136
0.53,1.047423,0.276394,146.357382,249.781535
0.54,1.047424,0.2764,146.354662,249.789992
0.55,1.047426,0.276406,146.352009,249.800457
0.56,1.047428,0.276415,146.349423,249.812873
0.57,1.04743,0.276425,146.346904,249.82717
0.58,1.047432,0.276437,146.344453,249.843273
0.59,1.047434,0.27645,146.342071,249.861094
0.6,1.047436,0.276464,146.33976,249.880541
0.61,1.047438,0.27648,146.337521,249.901512
0.62,1.04744,0.276497,146.335357,249.923896
0.63,1.047442,0.276515,146.333271,249.947579
0.64,1.047443,0.276534,146.331266,249.972437
0.65,1.047445,0.276554,146.329345,249.998343
0.66,1.047447,0.276574,146.327513,250.025165
0.67,1.047448,0.276596,146.325774,250.052765
0.68,1.04745,0.276618,146.324132,250.081003
0.69,1.047452,0.27664,146.322593,250.109735
0.7,1.047453,0.276663,146.321163,250.138817
0.71,1.047454,0.276686,146.319846,250.168102
0.72,1.047456,0.27671,146.318649,250.197442
0.73,1.047457,0.276733,146.317579,250.226692
0.74,1.047458,0.276756,146.31664,250.255706
0.75,1.047459,0.276779,146.315839,250.284339
0.76,1.04746,0.276802,146.315184,250.312451
0.77,1.047461,0.276824,146.31468,250.339904
0.78,1.047462,0.276845,146.314334,250.366566
0.79,1.047463,0.276866,146.314152,250.392306
0.8,1.047464,0.276886,146.31414,250.417002
0.81,1.047464,0.276906,146.314305,250.440537
0.82,1.047465,0.276924,146.314653,250.462801
0.83,1.047465,0.276942,146.315189,250.483692
0.84,1.047465,0.276958,146.315918,250.503114
0.85,1.047466,0.276973,146.316846,250.520981
0.86,1.047466,0.276987,146.317977,250.537216
0.87,1.047466,0.276999,146.319315,250.551752
0.88,1.047466,0.277011,146.320864,250.564528
0.89,1.047466,0.277021,146.322627,250.575498
0.9,1.047465,0.277029,146.324606,250.584622
0.91,1.047465,0.277036,146.326805,250.591873
0.92,1.047465,0.277042,146.329224,250.597233
0.93,1.047464,0.277046,146.331863,250.600694
0.94,1.047464,0.277049,146.334724,250.602262
0.95,1.047463,0.27705,146.337805,250.601949
0.96,1.047462,0.27705,146.341106,250.59978
0.97,1.047462,0.277049,146.344624,250.595788
0.98,1.047461,0.277046,146.348357,250.59002
0.99,1.04746,0.277042,146.3523,250.582528
1,1.047459,0.277037,146.356452,250.573375
1.01,1.047458,0.27703,146.360805,250.562634
1.02,1.047457,0.277023,146.365355,250.550385
1.03,1.047456,0.277014,146.370096,250.536717
1.04,1.047454,0.277005,146.37502,250.521726
1.05,1.047453,0.276994,146.380121,250.505514
1.06,1.047452,0.276983,146.385389,250.488189
1.07,1.04745,0.27697,146.390817,250.469868
1.08,1.047449,0.276958,146.396394,250.450668
1.09,1.047448,0.276944,146.40211,250.430713
1.1,1.047446,0.276931,146.407956,250.410132
1.11,1.047445,0.276916,146.41392,250.389052
1.12,1.047443,0.276902,146.41999,250.367606
1.13,1.047442,0.276888,146.426155,250.345927
1.14,1.047441,0.276873,146.432403,250.324149
1.15,1.047439,0.276858,146.438721,250.302404
1.16,1.047438,0.276844,146.445096,250.280825
1.17,1.047436,0.27683,146.451516,250.259542
1.18,1.047435,0.276816,146.457967,250.238684
1.19,1.047434,0.276803,146.464436,250.218375
1.2,1.047432,0.27679,146.470909,250.198735
1.21,1.047431,0.276778,146.477374,250.179882
1.22,1.04743,0.276767,146.483817,250.161927
1.23,1.047429,0.276756,146.490225,250.144974
1.24,1.047427,0.276747,146.496585,250.129123
1.25,1.047426,0.276738,146.502883,250.114467
1.26,1.047425,0.27673,146.509108,250.101089
1.27,1.047424,0.276724,146.515247,250.089069
1.28,1.047423,0.276718,146.521288,250.078473
1.29,1.047422,0.276714,146.527218,250.069364
1.3,1.047421,0.27671,146.533028,250.061793
1.31,1.047421,0.276708,146.538706,250.055802
1.32,1.04742,0.276708,146.544242,250.051426
1.33,1.047419,0.276708,146.549625,250.048689
1.34,1.047419,0.27671,146.554848,250.047605
1.35,1.047418,0.276713,146.5599,250.04818
1.36,1.047418,0.276717,146.564774,250.050411
1.37,1.047417,0.276723,146.569463,250.054284
1.38,1.047417,0.27673,146.573959,250.059776
1.39,1.047417,0.276738,146.578256,250.066857
1.4,1.047417,0.276747,146.582349,250.075485
1.41,1.047416,0.276757,146.586232,250.085614
1.42,1.047416,0.276768,146.589903,250.097185
1.43,1.047416,0.276781,146.593356,250.110134
1.44,1.047417,0.276794,146.59659,250.124389
1.45,1.047417,0.276808,146.599601,250.139871
1.46,1.047417,0.276823,146.602389,250.156496
1.47,1.047417,0.276839,146.604953,250.174171
1.48,1.047418,0.276855,146.607292,250.192799
1.49,1.047418,0.276872,146.609407,250.21228
1.5,1.047418,0.27689,146.611299,250.232508
1.51,1.047419,0.276907,146.612969,250.253372
1.52,1.047419,0.276926,146.614421,250.27476
1.53,1.04742,0.276944,146.615656,250.296558
1.54,1.047421,0.276963,146.616678,250.318649
1.55,1.047421,0.276981,146.617491,250.340915
1.56,1.047422,0.277,146.6181,250.363238
1.57,1.047423,0.277018,146.618509,250.3855
1.58,1.047424,0.277036,146.618723,250.407584
1.59,1.047425,0.277054,146.618748,250.429373
1.6,1.047426,0.277071,146.61859,250.450755
1.61,1.047427,0.277088,146.618256,250.471619
1.62,1.047428,0.277104,146.617753,250.491856
1.63,1.047429,0.277119,146.617086,250.511364
1.64,1.04743,0.277134,146.616265,250.530041
1.65,1.047431,0.277148,146.615295,250.547794
1.66,1.047432,0.277161,146.614185,250.564533
1.67,1.047433,0.277173,146.612943,250.580174
1.68,1.047434,0.277184,146.611577,250.594639
1.69,1.047436,0.277194,146.610094,250.607858
1.7,1.047437,0.277202,146.608504,250.619767
1.71,1.047438,0.27721,146.606814,250.630307
1.72,1.047439,0.277216,146.605033,250.639431
1.73,1.047441,0.277221,146.603169,250.647094
1.74,1.047442,0.277225,146.60123,250.653263
1.75,1.047443,0.277228,146.599225,250.657911
1.76,1.047445,0.277229,146.597162,250.661019
1.77,1.047446,0.277229,146.595049,250.662578
1.78,1.047447,0.277227,146.592894,250.662583
1.79,1.047449,0.277225,146.590704,250.661041
1.8,1.04745,0.277221,146.588489,250.657964
1.81,1.047452,0.277216,146.586256,250.653373
1.82,1.047453,0.277209,146.584011,250.647297
1.83,1.047454,0.277201,146.581763,250.63977
1.84,1.047456,0.277193,146.579518,250.630836
1.85,1.047457,0.277183,146.577284,250.620544
1.86,1.047459,0.277172,146.575068,250.60895
1.87,1.04746,0.27716,146.572875,250.596116
1.88,1.047462,0.277147,146.570713,250.58211
1.89,1.047463,0.277133,146.568586,250.567005
1.9,1.047465,0.277118,146.566503,250.55088
1.91,1.047466,0.277103,146.564467,250.533818
1.92,1.047468,0.277086,146.562485,250.515904
1.93,1.047469,0.27707,146.560561,250.497231
1.94,1.047471,0.277052,146.558701,250.477892
1.95,1.047473,0.277035,146.55691,250.457982
1.96,1.047474,0.277017,146.555191,250.437602
1.97,1.047476,0.276998,146.55355,250.416849
1.98,1.047477,0.27698,146.55199,250.395827
1.99,1.047479,0.276961,146.550515,250.374636
2,1.047481,0.276943,146.549129,250.353378
2.01,1.047482,0.276924,146.547836,250.332156
2.02,1.047484,0.276906,146.546637,250.31107
2.03,1.047485,0.276888,146.545537,250.290218
2.04,1.047487,0.27687,146.544538,250.2697
2.05,1.047489,0.276852,146.543642,250.249608
2.06,1.04749,0.276836,146.542852,250.230037
2.07,1.047492,0.276819,146.54217,250.211075
2.08,1.047494,0.276803,146.541598,250.192808
2.09,1.047495,0.276788,146.541138,250.175318
2.1,1.047497,0.276774,146.54079,250.158681
2.11,1.047498,0.276761,146.540557,250.142972
2.12,1.0475,0.276748,146.54044,250.128257
2.13,1.047502,0.276736,146.54044,250.114601
2.14,1.047503,0.276726,146.540557,250.102059
2.15,1.047505,0.276716,146.540792,250.090683
2.16,1.047506,0.276707,146.541146,250.08052
2.17,1.047508,0.2767,146.541619,250.07161
2.18,1.047509,0.276693,146.542211,250.063985
2.19,1.047511,0.276688,146.542923,250.057674
2.2,1.047512,0.276684,146.543753,250.052697
2.21,1.047514,0.276681,146.544702,250.04907
2.22,1.047515,0.276679,146.54577,250.046802
2.23,1.047517,0.276679,146.546955,250.045894
2.24,1.047518,0.27668,146.548258,250.046343
2.25,1.047519,0.276681,146.549677,250.048139
2.26,1.047521,0.276684,146.551211,250.051267
2.27,1.047522,0.276688,146.552859,250.055703
2.28,1.047523,0.276694,146.55462,250.061422
2.29,1.047524,0.2767,146.556493,250.068389
2.3,1.047525,0.276707,146.558477,250.076567
2.31,1.047526,0.276716,146.560568,250.085912
2.32,1.047527,0.276725,146.562767,250.096376
2.33,1.047528,0.276736,146.565071,250.107907
2.34,1.047529,0.276747,146.567478,250.120448
2.35,1.04753,0.276759,146.569986,250.133938
2.36,1.047531,0.276772,146.572593,250.148313
2.37,1.047532,0.276785,146.575296,250.163505
2.38,1.047533,0.2768,146.578095,250.179445
2.39,1.047533,0.276815,146.580985,250.196058
2.4,1.047534,0.27683,146.583964,250.21327
2.41,1.047535,0.276846,146.587031,250.231005
2.42,1.047535,0.276862,146.590182,250.249183
2.43,1.047535,0.276879,146.593414,250.267725
2.44,1.047536,0.276896,146.596725,250.286552
2.45,1.047536,0.276913,146.600111,250.305583
2.46,1.047536,0.276931,146.60357,250.324737
2.47,1.047537,0.276948,146.607099,250.343935
2.48,1.047537,0.276966,146.610695,250.363098
2.49,1.047537,0.276983,146.614354,250.382148
2.5,1.047537,0.277,146.618074,250.401007
2.51,1.047537,0.277017,146.621851,250.419602
2.52,1.047537,0.277034,146.625681,250.43786
2.53,1.047537,0.277051,146.629562,250.455711
2.54,1.047537,0.277067,146.633491,250.473086
2.55,1.047536,0.277083,146.637463,250.489922
2.56,1.047536,0.277098,146.641477,250.506157
2.57,1.047536,0.277113,146.645527,250.521734
2.58,1.047536,0.277128,146.649611,250.536597
2.59,1.047535,0.277141,146.653726,250.550697
2.6,1.047535,0.277154,146.657868,250.563987
2.61,1.047534,0.277167,146.662033,250.576426
2.62,1.047534,0.277178,146.666219,250.587975
2.63,1.047533,0.277189,146.670422,250.598601
2.64,1.047533,0.2772,146.674639,250.608276
2.65,1.047532,0.277209,146.678866,250.616975
2.66,1.047531,0.277217,146.6831,250.624678
2.67,1.047531,0.277225,146.687338,250.631372
2.68,1.04753,0.277232,146.691577,250.637045
2.69,1.047529,0.277238,146.695812,250.641693
2.7,1.047528,0.277243,146.700042,250.645315
2.71,1.047528,0.277248,146.704263,250.647914
2.72,1.047527,0.277251,146.708472,250.6495
2.73,1.047526,0.277254,146.712665,250.650085
2.74,1.047525,0.277256,146.71684,250.649686
2.75,1.047524,0.277257,146.720994,250.648325
2.76,1.047524,0.277257,146.725123,250.646027
2.77,1.047523,0.277257,146.729225,250.642821
2.78,1.047522,0.277256,146.733297,250.638741
2.79,1.047521,0.277254,146.737336,250.633823
2.8,1.04752,0.277251,146.741339,250.628107
2.81,1.047519,0.277248,146.745303,250.621636
2.82,1.047519,0.277244,146.749226,250.614456
2.83,1.047518,0.27724,146.753105,250.606615
2.84,1.047517,0.277235,146.756938,250.598164
2.85,1.047516,0.27723,146.760721,250.589157
2.86,1.047516,0.277224,146.764452,250.579647
2.87,1.047515,0.277218,146.768128,250.569692
2.88,1.047514,0.277211,146.771748,250.559349
2.89,1.047514,0.277204,146.775308,250.548676
2.9,1.047513,0.277197,146.778807,250.537734
2.91,1.047512,0.27719,146.782241,250.526582
2.92,1.047512,0.277182,146.78561,250.51528
2.93,1.047511,0.277174,146.788909,250.503888
2.94,1.047511,0.277167,146.792138,250.492467
2.95,1.04751,0.277159,146.795293,250.481074
2.96,1.04751,0.277151,146.798374,250.469769
2.97,1.047509,0.277144,146.801377,250.458609
2.98,1.047509,0.277136,146.804301,250.447648
2.99,1.047509,0.277129,146.807144,250.436941
3,1.047508,0.277122,146.809904,250.42654
3.01,1.047508,0.277115,146.81258,250.416496
3.02,1.047508,0.277108,146.815169,250.406855
3.03,1.047508,0.277102,146.817669,250.397664
3.04,1.047508,0.277096,146.82008,250.388964
3.05,1.047508,0.27709,146.8224,250.380796
3.06,1.047507,0.277085,146.824627,250.373196
3.07,1.047507,0.27708,146.826761,250.366197
3.08,1.047507,0.277076,146.828799,250.35983
3.09,1.047508,0.277072,146.830741,250.354122
3.1,1.047508,0.277069,146.832585,250.349096
3.11,1.047508,0.277066,146.834332,250.344771
3.12,1.047508,0.277064,146.835979,250.341165
3.13,1.047508,0.277062,146.837527,250.338289
3.14,1.047509,0.277061,146.838975,250.336152
3.15,1.047509,0.27706,146.840322,250.33476
3.16,1.047509,0.27706,146.841568,250.334113
3.17,1.04751,0.277061,146.842714,250.334209
3.18,1.04751,0.277062,146.843758,250.335043
3.19,1.04751,0.277064,146.844702,250.336605
3.2,1.047511,0.277066,146.845545,250.338881
3.21,1.047511,0.277069,146.846289,250.341855
3.22,1.047512,0.277072,146.846933,250.345508
3.23,1.047513,0.277075,146.847479,250.349816
3.24,1.047513,0.277079,146.847927,250.354754
3.25,1.047514,0.277084,146.848278,250.360291
3.26,1.047514,0.277089,146.848535,250.366398
3.27,1.047515,0.277094,146.848698,250.373038
3.28,1.047516,0.2771,146.848769,250.380176
3.29,1.047517,0.277106,146.848751,250.387772
3.3,1.047517,0.277113,146.848644,250.395785
3.31,1.047518,0.277119,146.848451,250.404173
3.32,1.047519,0.277126,146.848175,250.412891
3.33,1.04752,0.277133,146.847818,250.421894
3.34,1.047521,0.27714,146.847382,250.431134
3.35,1.047521,0.277147,146.846871,250.440563
3.36,1.047522,0.277155,146.846288,250.450134
3.37,1.047523,0.277162,146.845635,250.459797
3.38,1.047524,0.27717,146.844917,250.469503
3.39,1.047525,0.277177,146.844136,250.479203
3.4,1.047526,0.277184,146.843296,250.488849
3.41,1.047527,0.277192,146.842401,250.498391
3.42,1.047527,0.277199,146.841455,250.507783
3.43,1.047528,0.277205,146.840462,250.516979
3.44,1.047529,0.277212,146.839425,250.525932
3.45,1.04753,0.277218,146.838349,250.534599
3.46,1.047531,0.277225,146.837239,250.542939
3.47,1.047532,0.27723,146.836098,250.550909
3.48,1.047533,0.277236,146.834931,250.558473
3.49,1.047534,0.277241,146.833742,250.565594
3.5,1.047534,0.277246,146.832536,250.572239
3.51,1.047535,0.27725,146.831318,250.578375
3.52,1.047536,0.277254,146.830092,250.583975
3.53,1.047537,0.277257,146.828862,250.589013
3.54,1.047538,0.27726,146.827633,250.593466
3.55,1.047539,0.277262,146.82641,250.597314
3.56,1.047539,0.277264,146.825198,250.600541
3.57,1.04754,0.277265,146.823999,250.603132
3.58,1.047541,0.277266,146.82282,250.605079
3.59,1.047542,0.277266,146.821665,250.606374
3.6,1.047542,0.277266,146.820537,250.607014
3.61,1.047543,0.277266,146.819441,250.606997
3.62,1.047544,0.277264,146.81838,250.606328
3.63,1.047545,0.277263,146.81736,250.605013
3.64,1.047545,0.27726,146.816383,250.60306
3.65,1.047546,0.277258,146.815454,250.600484
3.66,1.047547,0.277254,146.814576,250.5973
3.67,1.047547,0.277251,146.813752,250.593526
3.68,1.047548,0.277247,146.812986,250.589186
3.69,1.047548,0.277242,146.81228,250.584303
3.7,1.047549,0.277237,146.811638,250.578905
3.71,1.047549,0.277232,146.811062,250.573023
3.72,1.04755,0.277226,146.810555,250.566688
3.73,1.047551,0.27722,146.810119,250.559936
3.74,1.047551,0.277214,146.809756,250.552802
3.75,1.047551,0.277208,146.809468,250.545327
3.76,1.047552,0.277201,146.809256,250.53755
3.77,1.047552,0.277194,146.809122,250.529513
3.78,1.047553,0.277187,146.809068,250.52126
3.79,1.047553,0.27718,146.809093,250.512834
3.8,1.047553,0.277173,146.8092,250.504281
3.81,1.047554,0.277166,146.809388,250.495647
3.82,1.047554,0.277159,146.809657,250.486978
3.83,1.047554,0.277152,146.810009,250.478319
3.84,1.047555,0.277145,146.810442,250.469718
3.85,1.047555,0.277138,146.810956,250.461221
3.86,1.047555,0.277132,146.811551,250.452873
3.87,1.047555,0.277125,146.812226,250.444719
3.88,1.047556,0.277119,146.81298,250.436803
3.89,1.047556,0.277113,146.813812,250.429168
3.9,1.047556,0.277107,146.81472,250.421855
3.91,1.047556,0.277102,146.815703,250.414904
3.92,1.047556,0.277097,146.816759,250.408354
3.93,1.047556,0.277093,146.817886,250.40224
3.94,1.047557,0.277089,146.819083,250.396597
3.95,1.047557,0.277085,146.820347,250.391457
3.96,1.047557,0.277082,146.821675,250.386849
3.97,1.047557,0.277079,146.823065,250.3828
3.98,1.047557,0.277077,146.824515,250.379335
3.99,1.047557,0.277075,146.826022,250.376474
4,1.047557,0.277074,146.827583,250.374237
4.01,1.047557,0.277074,146.829195,250.372639
4.02,1.047557,0.277074,146.830855,250.371693
4.03,1.047557,0.277074,146.832561,250.371408
4.04,1.047557,0.277075,146.834308,250.371791
4.05,1.047556,0.277077,146.836095,250.372845
4.06,1.047556,0.27708,146.837917,250.374569
4.07,1.047556,0.277082,146.839771,250.376961
4.08,1.047556,0.277086,146.841655,250.380015
4.09,1.047556,0.27709,146.843565,250.383721
4.1,1.047556,0.277095,146.845497,250.388066
4.11,1.047555,0.2771,146.847449,250.393035
4.12,1.047555,0.277105,146.849418,250.398611
4.13,1.047555,0.277111,146.851399,250.404771
4.14,1.047555,0.277118,146.853391,250.411493
4.15,1.047554,0.277125,146.855389,250.418748
4.16,1.047554,0.277132,146.857392,250.42651
4.17,1.047554,0.27714,146.859395,250.434746
4.18,1.047554,0.277148,146.861396,250.443424
4.19,1.047553,0.277157,146.863392,250.452507
4.2,1.047553,0.277166,146.86538,250.461959
4.21,1.047552,0.277175,146.867358,250.471742
4.22,1.047552,0.277184,146.869323,250.481814
4.23,1.047552,0.277194,146.871272,250.492135
4.24,1.047551,0.277203,146.873203,250.502662
4.25,1.047551,0.277213,146.875114,250.513351
4.26,1.04755,0.277223,146.877001,250.52416
4.27,1.04755,0.277233,146.878864,250.535043
4.28,1.047549,0.277243,146.8807,250.545956
4.29,1.047549,0.277253,146.882506,250.556855
4.3,1.047548,0.277263,146.884282,250.567695
4.31,1.047548,0.277273,146.886025,250.578432
4.32,1.047547,0.277283,146.887734,250.589023
4.33,1.047547,0.277292,146.889407,250.599425
4.34,1.047546,0.277301,146.891042,250.609598
4.35,1.047546,0.27731,146.892639,250.619501
4.36,1.047545,0.277319,146.894195,250.629095
4.37,1.047545,0.277328,146.89571,250.638343
4.38,1.047544,0.277336,146.897182,250.64721
4.39,1.047544,0.277344,146.89861,250.655662
4.4,1.047543,0.277351,146.899994,250.663667
4.41,1.047542,0.277358,146.901333,250.671198
4.42,1.047542,0.277365,146.902625,250.678225
4.43,1.047541,0.277371,146.90387,250.684726
4.44,1.047541,0.277376,146.905067,250.690677
4.45,1.04754,0.277382,146.906215,250.69606
4.46,1.047539,0.277386,146.907315,250.700859
4.47,1.047539,0.27739,146.908365,250.705058
4.48,1.047538,0.277394,146.909366,250.708648
4.49,1.047538,0.277397,146.910316,250.71162
4.5,1.047537,0.2774,146.911215,250.713969
4.51,1.047536,0.277402,146.912064,250.715691
4.52,1.047536,0.277403,146.912861,250.716789
4.53,1.047535,0.277404,146.913607,250.717265
4.54,1.047535,0.277404,146.914301,250.717125
4.55,1.047534,0.277404,146.914944,250.716378
4.56,1.047534,0.277403,146.915534,250.715035
4.57,1.047533,0.277402,146.916073,250.713112
4.58,1.047532,0.277401,146.91656,250.710624
4.59,1.047532,0.277398,146.916995,250.707591
4.6,1.047532,0.277396,146.917377,250.704035
4.61,1.047531,0.277393,146.917708,250.699979
4.62,1.047531,0.277389,146.917987,250.69545
4.63,1.04753,0.277385,146.918214,250.690474
4.64,1.04753,0.277381,146.91839,250.685083
4.65,1.047529,0.277377,146.918513,250.679306
4.66,1.047529,0.277372,146.918586,250.673178
4.67,1.047529,0.277366,146.918607,250.666732
4.68,1.047528,0.277361,146.918576,250.660003
4.69,1.047528,0.277355,146.918495,250.653028
4.7,1.047528,0.277349,146.918364,250.645844
4.71,1.047527,0.277343,146.918181,250.638488
4.72,1.047527,0.277337,146.917949,250.630999
4.73,1.047527,0.277331,146.917667,250.623415
4.74,1.047527,0.277324,146.917335,250.615775
4.75,1.047527,0.277318,146.916955,250.608116
4.76,1.047526,0.277311,146.916526,250.600476
4.77,1.047526,0.277305,146.916048,250.592894
4.78,1.047526,0.277299,146.915523,250.585407
4.79,1.047526,0.277292,146.914951,250.578049
4.8,1.047526,0.277286,146.914332,250.570856
4.81,1.047526,0.27728,146.913667,250.563862
4.82,1.047526,0.277274,146.912956,250.557099
4.83,1.047526,0.277268,146.912201,250.5506
4.84,1.047526,0.277263,146.911403,250.544392
4.85,1.047526,0.277258,146.910561,250.538504
4.86,1.047527,0.277253,146.909676,250.532962
4.87,1.047527,0.277248,146.908751,250.52779
4.88,1.047527,0.277243,146.907785,250.52301
4.89,1.047527,0.277239,146.906779,250.518642
4.9,1.047527,0.277235,146.905736,250.514704
4.91,1.047527,0.277232,146.904655,250.51121
4.92,1.047528,0.277229,146.903538,250.508174
4.93,1.047528,0.277226,146.902386,250.505608
4.94,1.047528,0.277224,146.901201,250.503518
4.95,1.047528,0.277222,146.899984,250.501912
4.96,1.047529,0.27722,146.898736,250.500793
4.97,1.047529,0.277219,146.89746,250.500162
4.98,1.047529,0.277218,146.896155,250.500018
4.99,1.04753,0.277218,146.894825,250.500357
5,1.04753,0.277218,146.89347,250.501174
5.01,1.047531,0.277218,146.892092,250.50246
5.02,1.047531,0.277219,146.890694,250.504206
5.03,1.047531,0.27722,146.889276,250.506398
5.04,1.047532,0.277221,146.887842,250.509023
5.05,1.047532,0.277223,146.886391,250.512064
5.06,1.047533,0.277225,146.884928,250.515503
5.07,1.047533,0.277227,146.883453,250.519319
5.08,1.047533,0.27723,146.881969,250.523492
5.09,1.047534,0.277232,146.880477,250.527999
5.1,1.047534,0.277236,146.878981,250.532814
5.11,1.047535,0.277239,146.877481,250.537913
5.12,1.047535,0.277243,146.87598,250.543268
5.13,1.047535,0.277246,146.87448,250.548852
5.14,1.047536,0.27725,146.872983,250.554637
5.15,1.047536,0.277254,146.871492,250.560593
5.16,1.047536,0.277259,146.870009,250.56669
5.17,1.047537,0.277263,146.868535,250.572899
5.18,1.047537,0.277267,146.867073,250.57919
5.19,1.047537,0.277272,146.865625,250.585532
5.2,1.047538,0.277276,146.864193,250.591895
5.21,1.047538,0.277281,146.86278,250.59825
5.22,1.047538,0.277285,146.861386,250.604566
5.23,1.047539,0.277289,146.860015,250.610815
5.24,1.047539,0.277294,146.858669,250.616969
5.25,1.047539,0.277298,146.857349,250.623
5.26,1.047539,0.277302,146.856056,250.628883
5.27,1.04754,0.277306,146.854794,250.63459
5.28,1.04754,0.27731,146.853564,250.640099
5.29,1.04754,0.277314,146.852367,250.645387
5.3,1.04754,0.277317,146.851206,250.650431
5.31,1.04754,0.277321,146.850081,250.655212
5.32,1.04754,0.277324,146.848995,250.659711
5.33,1.04754,0.277327,146.847948,250.663913
5.34,1.04754,0.27733,146.846942,250.6678
5.35,1.04754,0.277332,146.845979,250.671361
5.36,1.04754,0.277334,146.845059,250.674585
5.37,1.04754,0.277336,146.844184,250.67746
5.38,1.04754,0.277338,146.843354,250.67998
5.39,1.04754,0.277339,146.842571,250.682139
5.4,1.04754,0.277341,146.841835,250.683933
5.41,1.04754,0.277341,146.841147,250.685361
5.42,1.04754,0.277342,146.840507,250.686422
5.43,1.04754,0.277342,146.839916,250.687118
5.44,1.04754,0.277342,146.839375,250.687453
5.45,1.047539,0.277342,146.838882,250.687434
5.46,1.047539,0.277342,146.838439,250.687067
5.47,1.047539,0.277341,146.838046,250.686362
5.48,1.047539,0.27734,146.837702,250.685329
5.49,1.047539,0.277339,146.837408,250.683982
5.5,1.047538,0.277337,146.837162,250.682334
5.51,1.047538,0.277336,146.836965,250.680401
5.52,1.047538,0.277334,146.836816,250.678201
5.53,1.047537,0.277332,146.836714,250.67575
5.54,1.047537,0.27733,146.836658,250.67307
5.55,1.047537,0.277328,146.836648,250.670179
5.56,1.047536,0.277325,146.836683,250.667099
5.57,1.047536,0.277323,146.836761,250.663854
5.58,1.047535,0.27732,146.836882,250.660465
5.59,1.047535,0.277317,146.837043,250.656956
5.6,1.047535,0.277315,146.837245,250.653352
5.61,1.047534,0.277312,146.837485,250.649676
5.62,1.047534,0.277309,146.837762,250.645953
5.63,1.047533,0.277306,146.838074,250.642208
5.64,1.047533,0.277303,146.83842,250.638466
5.65,1.047532,0.277301,146.838798,250.63475
5.66,1.047532,0.277298,146.839206,250.631086
5.67,1.047531,0.277295,146.839642,250.627497
5.68,1.047531,0.277293,146.840105,250.624006
5.69,1.04753,0.27729,146.840592,250.620636
5.7,1.04753,0.277288,146.841101,250.617409
5.71,1.047529,0.277286,146.841631,250.614346
5.72,1.047529,0.277284,146.842179,250.611467
5.73,1.047528,0.277282,146.842743,250.608791
5.74,1.047528,0.277281,146.843322,250.606337
5.75,1.047527,0.277279,146.843912,250.604121
5.76,1.047527,0.277278,146.844513,250.602158
5.77,1.047526,0.277277,146.845121,250.600463
5.78,1.047526,0.277276,146.845734,250.599049
5.79,1.047525,0.277276,146.846351,250.597926
5.8,1.047525,0.277276,146.84697,250.597105
5.81,1.047524,0.277276,146.847587,250.596592
5.82,1.047524,0.277276,146.848202,250.596396
5.83,1.047523,0.277276,146.848812,250.596521
5.84,1.047523,0.277277,146.849415,250.59697
5.85,1.047522,0.277278,146.850009,250.597745
5.86,1.047522,0.277279,146.850591,250.598846
5.87,1.047521,0.277281,146.851162,250.600271
5.88,1.047521,0.277283,146.851717,250.602017
5.89,1.04752,0.277285,146.852256,250.60408
5.9,1.04752,0.277287,146.852777,250.606452
5.91,1.047519,0.27729,146.853277,250.609125
5.92,1.047519,0.277293,146.853757,250.612091
5.93,1.047518,0.277296,146.854213,250.615339
5.94,1.047518,0.277299,146.854644,250.618856
5.95,1.047518,0.277302,146.85505,250.622628
5.96,1.047517,0.277306,146.855429,250.626642
5.97,1.047517,0.27731,146.855778,250.63088
5.98,1.047516,0.277314,146.856099,250.635327
5.99,1.047516,0.277318,146.856388,250.639964
6,1.047515,0.277322,146.856646,250.644772
6.01,1.047515,0.277326,146.856871,250.649732
6.02,1.047514,0.277331,146.857062,250.654823
6.03,1.047514,0.277335,146.857219,250.660024
6.04,1.047514,0.27734,146.857341,250.665315
6.05,1.047513,0.277344,146.857428,250.670672
6.06,1.047513,0.277349,146.857478,250.676075
6.07,1.047512,0.277353,146.857492,250.6815
6.08,1.047512,0.277358,146.857469,250.686925
6.09,1.047511,0.277363,146.85741,250.692329
6.1,1.047511,0.277367,146.857313,250.697688
6.11,1.047511,0.277371,146.857179,250.702982
6.12,1.04751,0.277376,146.857008,250.708188
6.13,1.04751,0.27738,146.8568,250.713285
6.14,1.04751,0.277384,146.856554,250.718253
6.15,1.047509,0.277388,146.856272,250.723072
6.16,1.047509,0.277392,146.855954,250.727723
6.17,1.047508,0.277395,146.8556,250.732187
6.18,1.047508,0.277399,146.85521,250.736447
6.19,1.047508,0.277402,146.854785,250.740487
6.2,1.047507,0.277405,146.854325,250.744291
6.21,1.047507,0.277408,146.853832,250.747846
6.22,1.047507,0.27741,146.853305,250.751137
6.23,1.047507,0.277413,146.852746,250.754153
6.24,1.047506,0.277415,146.852155,250.756884
6.25,1.047506,0.277416,146.851533,250.759321
6.26,1.047506,0.277418,146.850882,250.761456
6.27,1.047505,0.277419,146.850201,250.763282
6.28,1.047505,0.27742,146.849492,250.764795
6.29,1.047505,0.277421,146.848757,250.765991
6.3,1.047505,0.277421,146.847994,250.766869
6.31,1.047504,0.277421,146.847207,250.767427
6.32,1.047504,0.277421,146.846396,250.767667
6.33,1.047504,0.277421,146.845562,250.76759
6.34,1.047504,0.27742,146.844706,250.767202
6.35,1.047503,0.277419,146.843829,250.766506
6.36,1.047503,0.277418,146.842932,250.76551
6.37,1.047503,0.277417,146.842016,250.764222
6.38,1.047503,0.277415,146.841084,250.76265
6.39,1.047503,0.277413,146.840134,250.760805
6.4,1.047502,0.277411,146.83917,250.7587
6.41,1.047502,0.277408,146.838191,250.756345
6.42,1.047502,0.277406,146.8372,250.753756
6.43,1.047502,0.277403,146.836196,250.750948
6.44,1.047502,0.2774,146.835181,250.747935
6.45,1.047502,0.277397,146.834157,250.744735
6.46,1.047502,0.277394,146.833124,250.741364
6.47,1.047501,0.27739,146.832083,250.737842
6.48,1.047501,0.277387,146.831035,250.734186
6.49,1.047501,0.277383,146.829982,250.730415
6.5,1.047501,0.27738,146.828924,250.72655
6.51,1.047501,0.277376,146.827862,250.72261
6.52,1.047501,0.277372,146.826798,250.718615
6.53,1.047501,0.277368,146.825731,250.714584
6.54,1.047501,0.277364,146.824663,250.71054
6.55,1.047501,0.277361,146.823596,250.706501
6.56,1.047501,0.277357,146.822529,250.702487
6.57,1.047501,0.277353,146.821463,250.698519
6.58,1.047501,0.277349,146.8204,250.694616
6.59,1.047501,0.277346,146.81934,250.690796
6.6,1.047501,0.277342,146.818283,250.687079
6.61,1.047501,0.277339,146.817231,250.683482
6.62,1.047501,0.277335,146.816185,250.680023
6.63,1.047501,0.277332,146.815144,250.676718
6.64,1.047501,0.277329,146.81411,250.673583
6.65,1.047501,0.277326,146.813084,250.670632
6.66,1.047501,0.277323,146.812065,250.66788
6.67,1.047501,0.277321,146.811054,250.665339
6.68,1.047502,0.277318,146.810053,250.663022
6.69,1.047502,0.277316,146.809061,250.660939
6.7,1.047502,0.277314,146.80808,250.6591
6.71,1.047502,0.277312,146.807109,250.657512
6.72,1.047502,0.277311,146.80615,250.656184
6.73,1.047502,0.277309,146.805202,250.655122
6.74,1.047502,0.277308,146.804267,250.65433
6.75,1.047502,0.277307,146.803344,250.653811
6.76,1.047502,0.277307,146.802435,250.653569
6.77,1.047502,0.277306,146.80154,250.653603
6.78,1.047503,0.277306,146.800658,250.653914
6.79,1.047503,0.277306,146.799792,250.6545
6.8,1.047503,0.277306,146.79894,250.655358
6.81,1.047503,0.277307,146.798104,250.656484
6.82,1.047503,0.277307,146.797285,250.657874
6.83,1.047503,0.277308,146.796481,250.65952
6.84,1.047503,0.277309,146.795695,250.661416
6.85,1.047503,0.277311,146.794925,250.663553
6.86,1.047503,0.277312,146.794174,250.665921
6.87,1.047503,0.277314,146.793441,250.66851
6.88,1.047504,0.277316,146.792726,250.671308
6.89,1.047504,0.277318,146.79203,250.674303
6.9,1.047504,0.27732,146.791354,250.677483
6.91,1.047504,0.277323,146.790697,250.680833
6.92,1.047504,0.277325,146.790061,250.68434
6.93,1.047504,0.277328,146.789445,250.687987
6.94,1.047504,0.277331,146.78885,250.69176
6.95,1.047504,0.277334,146.788277,250.695643
6.96,1.047504,0.277337,146.787725,250.69962
6.97,1.047504,0.27734,146.787195,250.703674
6.98,1.047504,0.277343,146.786687,250.707788
6.99,1.047504,0.277346,146.786202,250.711946
7,1.047504,0.27735,146.78574,250.716131
7.01,1.047504,0.277353,146.785301,250.720326
7.02,1.047504,0.277356,146.784886,250.724515
7.03,1.047504,0.277359,146.784495,250.728681
7.04,1.047504,0.277363,146.784127,250.732808
7.05,1.047504,0.277366,146.783784,250.736881
7.06,1.047504,0.277369,146.783465,250.740884
7.07,1.047504,0.277372,146.783171,250.744803
7.08,1.047503,0.277375,146.782902,250.748623
7.09,1.047503,0.277378,146.782657,250.752331
7.1,1.047503,0.277381,146.782438,250.755914
7.11,1.047503,0.277384,146.782243,250.759359
7.12,1.047503,0.277386,146.782074,250.762656
7.13,1.047503,0.277389,146.78193,250.765794
7.14,1.047503,0.277391,146.78181,250.768763
7.15,1.047502,0.277394,146.781716,250.771555
7.16,1.047502,0.277396,146.781646,250.774161
7.17,1.047502,0.277398,146.781602,250.776577
7.18,1.047502,0.2774,146.781581,250.778794
7.19,1.047502,0.277401,146.781585,250.78081
7.2,1.047501,0.277403,146.781613,250.782619
7.21,1.047501,0.277404,146.781665,250.784221
7.22,1.047501,0.277406,146.781739,250.785612
7.23,1.047501,0.277407,146.781837,250.786793
7.24,1.0475,0.277408,146.781958,250.787764
7.25,1.0475,0.277408,146.7821,250.788527
7.26,1.0475,0.277409,146.782264,250.789084
7.27,1.047499,0.27741,146.782448,250.789439
7.28,1.047499,0.27741,146.782653,250.789597
7.29,1.047499,0.27741,146.782878,250.789562
7.3,1.047498,0.27741,146.783122,250.789341
7.31,1.047498,0.27741,146.783383,250.788942
7.32,1.047498,0.27741,146.783663,250.788373
7.33,1.047498,0.277409,146.783958,250.787641
7.34,1.047497,0.277409,146.78427,250.786757
7.35,1.047497,0.277408,146.784596,250.785732
7.36,1.047497,0.277408,146.784937,250.784574
7.37,1.047496,0.277407,146.78529,250.783297
7.38,1.047496,0.277406,146.785655,250.781912
7.39,1.047496,0.277405,146.786032,250.78043
7.4,1.047495,0.277404,146.786418,250.778865
7.41,1.047495,0.277403,146.786813,250.77723
7.42,1.047495,0.277402,146.787216,250.775537
7.43,1.047494,0.277401,146.787625,250.773799
7.44,1.047494,0.277399,146.78804,250.772031
7.45,1.047494,0.277398,146.78846,250.770245
7.46,1.047493,0.277397,146.788882,250.768454
7.47,1.047493,0.277396,146.789307,250.766672
7.48,1.047493,0.277395,146.789732,250.764913
7.49,1.047492,0.277394,146.790157,250.763187
7.5,1.047492,0.277392,146.790581,250.761509
7.51,1.047492,0.277391,146.791002,250.75989
7.52,1.047491,0.27739,146.791419,250.758341
7.53,1.047491,0.277389,146.791831,250.756874
7.54,1.047491,0.277389,146.792237,250.7555
7.55,1.047491,0.277388,146.792636,250.754229
7.56,1.04749,0.277387,146.793026,250.753069
7.57,1.04749,0.277386,146.793407,250.75203
7.58,1.04749,0.277386,146.793777,250.751121
7.59,1.04749,0.277386,146.794136,250.750347
7.6,1.047489,0.277385,146.794482,250.749716
7.61,1.047489,0.277385,146.794815,250.749233
7.62,1.047489,0.277385,146.795133,250.748904
7.63,1.047489,0.277385,146.795436,250.748732
7.64,1.047489,0.277385,146.795723,250.748721
7.65,1.047488,0.277386,146.795992,250.748873
7.66,1.047488,0.277386,146.796244,250.749189
7.67,1.047488,0.277387,146.796477,250.74967
7.68,1.047488,0.277387,146.796692,250.750315
7.69,1.047488,0.277388,146.796886,250.751124
7.7,1.047488,0.277389,146.79706,250.752094
7.71,1.047488,0.27739,146.797214,250.753223
7.72,1.047487,0.277391,146.797346,250.754507
7.73,1.047487,0.277392,146.797456,250.755941
7.74,1.047487,0.277394,146.797545,250.75752
7.75,1.047487,0.277395,146.797611,250.759238
7.76,1.047487,0.277397,146.797655,250.761089
7.77,1.047487,0.277398,146.797676,250.763064
7.78,1.047487,0.2774,146.797675,250.765157
7.79,1.047487,0.277402,146.797651,250.767358
7.8,1.047487,0.277404,146.797604,250.769659
7.81,1.047487,0.277406,146.797535,250.772049
7.82,1.047487,0.277408,146.797443,250.774519
7.83,1.047487,0.27741,146.797329,250.777059
7.84,1.047487,0.277412,146.797194,250.779657
7.85,1.047487,0.277414,146.797037,250.782303
7.86,1.047487,0.277416,146.796858,250.784986
7.87,1.047487,0.277418,146.79666,250.787693
7.88,1.047487,0.27742,146.79644,250.790415
7.89,1.047487,0.277423,146.796202,250.793138
7.9,1.047487,0.277425,146.795944,250.795853
7.91,1.047487,0.277427,146.795668,250.798547
7.92,1.047487,0.277429,146.795374,250.801209
7.93,1.047487,0.277431,146.795063,250.803828
7.94,1.047487,0.277433,146.794736,250.806393
7.95,1.047487,0.277435,146.794393,250.808895
7.96,1.047487,0.277436,146.794036,250.811321
7.97,1.047487,0.277438,146.793666,250.813664
7.98,1.047487,0.27744,146.793283,250.815913
7.99,1.047487,0.277441,146.792887,250.81806
8,1.047488,0.277443,146.792482,250.820096
8.01,1.047488,0.277444,146.792066,250.822014
8.02,1.047488,0.277445,146.791641,250.823807
8.03,1.047488,0.277447,146.791209,250.825467
8.04,1.047488,0.277448,146.79077,250.82699
8.05,1.047488,0.277448,146.790325,250.82837
8.06,1.047488,0.277449,146.789875,250.829603
8.07,1.047488,0.27745,146.789422,250.830685
8.08,1.047488,0.27745,146.788966,250.831613
8.09,1.047489,0.277451,146.788508,250.832385
8.1,1.047489,0.277451,146.78805,250.833
8.11,1.047489,0.277451,146.787593,250.833457
8.12,1.047489,0.277451,146.787137,250.833756
8.13,1.047489,0.277451,146.786683,250.833899
8.14,1.047489,0.277451,146.786233,250.833887
8.15,1.047489,0.27745,146.785788,250.833722
8.16,1.047489,0.27745,146.785348,250.833408
8.17,1.04749,0.277449,146.784914,250.832949
8.18,1.04749,0.277448,146.784488,250.832349
8.19,1.04749,0.277448,146.78407,250.831614
8.2,1.04749,0.277447,146.783661,250.830749
8.21,1.04749,0.277446,146.783261,250.829762
8.22,1.04749,0.277445,146.782873,250.828658
8.23,1.04749,0.277443,146.782496,250.827447
8.24,1.04749,0.277442,146.782131,250.826136
8.25,1.047491,0.277441,146.781778,250.824734
8.26,1.047491,0.277439,146.78144,250.82325
8.27,1.047491,0.277438,146.781115,250.821693
8.28,1.047491,0.277436,146.780805,250.820073
8.29,1.047491,0.277435,146.78051,250.818401
8.3,1.047491,0.277433,146.78023,250.816686
8.31,1.047491,0.277431,146.779967,250.814938
8.32,1.047492,0.27743,146.779721,250.81317
8.33,1.047492,0.277428,146.779491,250.811391
8.34,1.047492,0.277427,146.779278,250.809611
8.35,1.047492,0.277425,146.779083,250.807842
8.36,1.047492,0.277423,146.778906,250.806094
8.37,1.047492,0.277422,146.778747,250.804378
8.38,1.047492,0.27742,146.778606,250.802704
8.39,1.047493,0.277419,146.778483,250.801081
8.4,1.047493,0.277418,146.778379,250.799521
8.41,1.047493,0.277416,146.778293,250.798031
8.42,1.047493,0.277415,146.778226,250.796622
8.43,1.047493,0.277414,146.778177,250.795302
8.44,1.047493,0.277413,146.778147,250.794079
8.45,1.047493,0.277412,146.778135,250.792961
8.46,1.047494,0.277411,146.778142,250.791956
8.47,1.047494,0.27741,146.778167,250.791069
8.48,1.047494,0.27741,146.77821,250.790308
8.49,1.047494,0.277409,146.77827,250.789678
8.5,1.047494,0.277409,146.778349,250.789184
8.51,1.047494,0.277408,146.778445,250.78883
8.52,1.047494,0.277408,146.778558,250.788619
8.53,1.047495,0.277408,146.778688,250.788556
8.54,1.047495,0.277408,146.778835,250.788641
8.55,1.047495,0.277409,146.778998,250.788877
8.56,1.047495,0.277409,146.779178,250.789264
8.57,1.047495,0.27741,146.779373,250.789804
8.58,1.047495,0.27741,146.779583,250.790494
8.59,1.047495,0.277411,146.779809,250.791335
8.6,1.047495,0.277412,146.780049,250.792324
8.61,1.047496,0.277413,146.780304,250.793459
8.62,1.047496,0.277414,146.780572,250.794736
8.63,1.047496,0.277415,146.780855,250.796152
8.64,1.047496,0.277417,146.78115,250.797703
8.65,1.047496,0.277418,146.781458,250.799383
8.66,1.047496,0.27742,146.781779,250.801187
8.67,1.047496,0.277422,146.782111,250.803109
8.68,1.047496,0.277423,146.782456,250.805142
8.69,1.047496,0.277425,146.782811,250.80728
8.7,1.047496,0.277427,146.783178,250.809515
8.71,1.047496,0.277429,146.783555,250.811838
8.72,1.047496,0.277432,146.783942,250.814243
8.73,1.047496,0.277434,146.784338,250.816719
8.74,1.047497,0.277436,146.784745,250.81926
8.75,1.047497,0.277438,146.78516,250.821854
8.76,1.047497,0.277441,146.785583,250.824495
8.77,1.047497,0.277443,146.786015,250.827171
8.78,1.047497,0.277446,146.786455,250.829874
8.79,1.047497,0.277448,146.786902,250.832594
8.8,1.047497,0.27745,146.787357,250.835322
8.81,1.047497,0.277453,146.787818,250.838048
8.82,1.047497,0.277455,146.788286,250.840763
8.83,1.047497,0.277458,146.78876,250.843458
8.84,1.047497,0.27746,146.78924,250.846123
8.85,1.047497,0.277463,146.789726,250.84875
8.86,1.047497,0.277465,146.790217,250.85133
8.87,1.047497,0.277467,146.790712,250.853856
8.88,1.047497,0.27747,146.791213,250.856318
8.89,1.047497,0.277472,146.791717,250.858709
8.9,1.047497,0.277474,146.792226,250.861022
8.91,1.047497,0.277476,146.792738,250.86325
8.92,1.047497,0.277478,146.793254,250.865387
8.93,1.047497,0.27748,146.793773,250.867427
8.94,1.047497,0.277482,146.794295,250.869364
8.95,1.047497,0.277484,146.79482,250.871193
8.96,1.047497,0.277485,146.795347,250.872911
8.97,1.047497,0.277487,146.795875,250.874513
8.98,1.047497,0.277488,146.796406,250.875996
8.99,1.047496,0.27749,146.796938,250.877358
9,1.047496,0.277491,146.797471,250.878595
9.01,1.047496,0.277492,146.798005,250.879708
9.02,1.047496,0.277493,146.79854,250.880694
9.03,1.047496,0.277494,146.799075,250.881554
9.04,1.047496,0.277495,146.79961,250.882288
9.05,1.047496,0.277496,146.800144,250.882897
9.06,1.047496,0.277497,146.800679,250.883382
9.07,1.047496,0.277497,146.801212,250.883745
9.08,1.047496,0.277498,146.801744,250.883988
9.09,1.047496,0.277498,146.802274,250.884116
9.1,1.047496,0.277498,146.802803,250.88413
9.11,1.047496,0.277499,146.803329,250.884036
9.12,1.047496,0.277499,146.803854,250.883838
9.13,1.047496,0.277499,146.804375,250.88354
9.14,1.047496,0.277499,146.804893,250.883149
9.15,1.047496,0.277498,146.805408,250.882669
9.16,1.047496,0.277498,146.805919,250.882107
9.17,1.047496,0.277498,146.806426,250.881469
9.18,1.047496,0.277498,146.806929,250.880763
9.19,1.047496,0.277497,146.807427,250.879994
9.2,1.047496,0.277497,146.80792,250.87917
9.21,1.047496,0.277496,146.808408,250.878299
9.22,1.047496,0.277496,146.80889,250.877387
9.23,1.047496,0.277495,146.809366,250.876443
9.24,1.047496,0.277495,146.809836,250.875473
9.25,1.047496,0.277494,146.810299,250.874486
9.26,1.047496,0.277493,146.810755,250.87349
9.27,1.047496,0.277493,146.811204,250.872491
9.28,1.047496,0.277492,146.811645,250.871497
9.29,1.047496,0.277492,146.812078,250.870516
9.3,1.047496,0.277491,146.812504,250.869555
9.31,1.047496,0.277491,146.812921,250.868621
9.32,1.047496,0.27749,146.813329,250.86772
9.33,1.047496,0.277489,146.813728,250.86686
9.34,1.047496,0.277489,146.814118,250.866047
9.35,1.047496,0.277488,146.814499,250.865286
9.36,1.047496,0.277488,146.81487,250.864584
9.37,1.047496,0.277488,146.815231,250.863945
9.38,1.047496,0.277487,146.815582,250.863375
9.39,1.047496,0.277487,146.815923,250.862877
9.4,1.047496,0.277487,146.816254,250.862457
9.41,1.047496,0.277487,146.816574,250.862118
9.42,1.047496,0.277487,146.816883,250.861863
9.43,1.047496,0.277487,146.817182,250.861694
9.44,1.047497,0.277487,146.81747,250.861615
9.45,1.047497,0.277487,146.817747,250.861626
9.46,1.047497,0.277487,146.818013,250.86173
9.47,1.047497,0.277487,146.818269,250.861927
9.48,1.047497,0.277488,146.818513,250.862217
9.49,1.047497,0.277488,146.818747,250.8626
9.5,1.047497,0.277488,146.818969,250.863076
9.51,1.047497,0.277489,146.819181,250.863644
9.52,1.047498,0.27749,146.819383,250.864302
9.53,1.047498,0.27749,146.819574,250.865049
9.54,1.047498,0.277491,146.819754,250.865881
9.55,1.047498,0.277492,146.819925,250.866796
9.56,1.047498,0.277493,146.820085,250.867791
9.57,1.047498,0.277494,146.820236,250.868862
9.58,1.047499,0.277494,146.820377,250.870005
9.59,1.047499,0.277495,146.820509,250.871217
9.6,1.047499,0.277497,146.820633,250.872492
9.61,1.047499,0.277498,146.820747,250.873825
9.62,1.047499,0.277499,146.820853,250.875212
9.63,1.047499,0.2775,146.820952,250.876647
9.64,1.0475,0.277501,146.821043,250.878124
9.65,1.0475,0.277502,146.821126,250.879639
9.66,1.0475,0.277504,146.821203,250.881184
9.67,1.0475,0.277505,146.821274,250.882754
9.68,1.0475,0.277506,146.821339,250.884343
9.69,1.047501,0.277508,146.821399,250.885945
9.7,1.047501,0.277509,146.821454,250.887553
9.71,1.047501,0.27751,146.821504,250.889162
9.72,1.047501,0.277511,146.821551,250.890766
9.73,1.047501,0.277513,146.821594,250.892358
9.74,1.047502,0.277514,146.821635,250.893932
9.75,1.047502,0.277515,146.821673,250.895484
9.76,1.047502,0.277516,146.82171,250.897007
9.77,1.047502,0.277518,146.821745,250.898496
9.78,1.047502,0.277519,146.82178,250.899945
9.79,1.047502,0.27752,146.821815,250.901351
9.8,1.047503,0.277521,146.821851,250.902707
9.81,1.047503,0.277522,146.821887,250.904011
9.82,1.047503,0.277523,146.821926,250.905256
9.83,1.047503,0.277524,146.821966,250.906441
9.84,1.047503,0.277525,146.822009,250.907562
9.85,1.047504,0.277526,146.822056,250.908615
9.86,1.047504,0.277527,146.822106,250.909597
9.87,1.047504,0.277527,146.822161,250.910507
9.88,1.047504,0.277528,146.82222,250.911343
9.89,1.047504,0.277529,146.822285,250.912102
9.9,1.047504,0.277529,146.822356,250.912785
9.91,1.047505,0.27753,146.822433,250.91339
9.92,1.047505,0.27753,146.822517,250.913916
9.93,1.047505,0.27753,146.822608,250.914365
9.94,1.047505,0.277531,146.822707,250.914736
9.95,1.047505,0.277531,146.822814,250.915031
9.96,1.047505,0.277531,146.822929,250.91525
9.97,1.047506,0.277531,146.823053,250.915396
9.98,1.047506,0.277531,146.823186,250.91547
9.99,1.047506,0.277531,146.823329,250.915476
10,1.047506,0.277531,146.823481,250.915415
10.01,1.047506,0.277531,146.823643,250.91529
10.02,1.047506,0.277531,146.823815,250.915106
10.03,1.047506,0.277531,146.823998,250.914867
10.04,1.047507,0.277531,146.824191,250.914575
10.05,1.047507,0.277531,146.824395,250.914235
10.06,1.047507,0.27753,146.82461,250.913852
10.07,1.047507,0.27753,146.824835,250.91343
10.08,1.047507,0.27753,146.825072,250.912975
10.09,1.047507,0.27753,146.82532,250.912491
10.1,1.047507,0.277529,146.825579,250.911983
10.11,1.047507,0.277529,146.825848,250.911457
10.12,1.047507,0.277529,146.826129,250.910918
10.13,1.047508,0.277528,146.826421,250.910372
10.14,1.047508,0.277528,146.826723,250.909824
10.15,1.047508,0.277528,146.827037,250.909279
10.16,1.047508,0.277527,146.827361,250.908743
10.17,1.047508,0.277527,146.827695,250.908222
10.18,1.047508,0.277527,146.828039,250.907719
10.19,1.047508,0.277526,146.828394,250.907242
10.2,1.047508,0.277526,146.828758,250.906794
10.21,1.047508,0.277526,146.829132,250.906381
10.22,1.047508,0.277526,146.829515,250.906007
10.23,1.047508,0.277526,146.829907,250.905676
10.24,1.047509,0.277526,146.830307,250.905394
10.25,1.047509,0.277526,146.830716,250.905164
10.26,1.047509,0.277526,146.831133,250.904991
10.27,1.047509,0.277526,146.831557,250.904876
10.28,1.047509,0.277526,146.831989,250.904824
10.29,1.047509,0.277526,146.832427,250.904838
10.3,1.047509,0.277526,146.832872,250.90492
10.31,1.047509,0.277527,146.833322,250.905072
10.32,1.047509,0.277527,146.833778,250.905297
10.33,1.047509,0.277528,146.83424,250.905595
10.34,1.047509,0.277528,146.834706,250.905969
10.35,1.047509,0.277529,146.835176,250.906418
10.36,1.047509,0.277529,146.83565,250.906944
10.37,1.047509,0.27753,146.836127,250.907546
10.38,1.047509,0.277531,146.836608,250.908224
10.39,1.047509,0.277532,146.83709,250.908978
10.4,1.047509,0.277533,146.837575,250.909807
10.41,1.047509,0.277534,146.838061,250.910708
10.42,1.04751,0.277535,146.838549,250.911682
10.43,1.04751,0.277536,146.839037,250.912724
10.44,1.04751,0.277537,146.839525,250.913834
10.45,1.04751,0.277538,146.840014,250.915009
10.46,1.04751,0.277539,146.840501,250.916245
10.47,1.04751,0.277541,146.840988,250.917539
10.48,1.04751,0.277542,146.841473,250.918888
10.49,1.04751,0.277543,146.841957,250.920289
10.5,1.04751,0.277545,146.842438,250.921736
10.51,1.04751,0.277546,146.842917,250.923227
10.52,1.04751,0.277548,146.843392,250.924756
10.53,1.04751,0.277549,146.843865,250.926318
10.54,1.04751,0.277551,146.844334,250.927911
10.55,1.04751,0.277552,146.844799,250.929527
10.56,1.04751,0.277554,146.84526,250.931164
10.57,1.04751,0.277555,146.845716,250.932815
10.58,1.04751,0.277557,146.846168,250.934475
10.59,1.04751,0.277559,146.846614,250.93614
10.6,1.04751,0.27756,146.847056,250.937804
10.61,1.04751,0.277562,146.847491,250.939463
10.62,1.04751,0.277563,146.847921,250.94111
10.63,1.04751,0.277565,146.848345,250.942743
10.64,1.04751,0.277566,146.848763,250.944354
10.65,1.04751,0.277568,146.849175,250.945941
10.66,1.04751,0.277569,146.84958,250.947497
10.67,1.04751,0.277571,146.849978,250.94902
10.68,1.04751,0.277572,146.85037,250.950503
10.69,1.04751,0.277574,146.850754,250.951944
10.7,1.04751,0.277575,146.851132,250.953338
10.71,1.04751,0.277576,146.851503,250.954682
10.72,1.04751,0.277577,146.851866,250.955973
10.73,1.04751,0.277579,146.852222,250.957206
10.74,1.04751,0.27758,146.852571,250.95838
10.75,1.04751,0.277581,146.852913,250.959491
10.76,1.04751,0.277582,146.853247,250.960538
10.77,1.04751,0.277583,146.853574,250.961518
10.78,1.04751,0.277584,146.853893,250.96243
10.79,1.04751,0.277585,146.854205,250.963273
10.8,1.04751,0.277585,146.854509,250.964044
10.81,1.04751,0.277586,146.854806,250.964744
10.82,1.04751,0.277587,146.855096,250.965372
10.83,1.04751,0.277587,146.855378,250.965928
10.84,1.04751,0.277588,146.855653,250.966413
10.85,1.04751,0.277588,146.85592,250.966826
10.86,1.04751,0.277589,146.85618,250.96717
10.87,1.04751,0.277589,146.856433,250.967444
10.88,1.04751,0.277589,146.856679,250.96765
10.89,1.04751,0.27759,146.856918,250.967791
10.9,1.04751,0.27759,146.857149,250.967868
10.91,1.04751,0.27759,146.857374,250.967884
10.92,1.04751,0.27759,146.857592,250.967841
10.93,1.04751,0.27759,146.857803,250.967742
10.94,1.04751,0.27759,146.858007,250.96759
10.95,1.04751,0.27759,146.858204,250.967389
10.96,1.04751,0.27759,146.858395,250.967142
10.97,1.04751,0.27759,146.85858,250.966852
10.98,1.04751,0.277589,146.858757,250.966523
10.99,1.04751,0.277589,146.858929,250.966161
11,1.04751,0.277589,146.859094,250.965767
11.01,1.04751,0.277589,146.859253,250.965347
11.02,1.04751,0.277588,146.859406,250.964905
11.03,1.04751,0.277588,146.859553,250.964446
11.04,1.04751,0.277588,146.859694,250.963973
11.05,1.04751,0.277587,146.859829,250.963491
11.06,1.04751,0.277587,146.859958,250.963005
11.07,1.047511,0.277587,146.860082,250.962518
11.08,1.047511,0.277586,146.8602,250.962036
11.09,1.047511,0.277586,146.860312,250.961562
11.1,1.047511,0.277586,146.860419,250.961101
11.11,1.047511,0.277585,146.860521,250.960656
11.12,1.047511,0.277585,146.860618,250.960232
11.13,1.047511,0.277585,146.860709,250.959833
11.14,1.047511,0.277584,146.860796,250.959462
11.15,1.047511,0.277584,146.860877,250.959122
11.16,1.047511,0.277584,146.860954,250.958818
11.17,1.047511,0.277584,146.861026,250.958551
11.18,1.047511,0.277584,146.861094,250.958326
11.19,1.047511,0.277583,146.861157,250.958145
11.2,1.047511,0.277583,146.861215,250.95801
11.21,1.047511,0.277583,146.86127,250.957923
11.22,1.047511,0.277583,146.86132,250.957887
11.23,1.047512,0.277583,146.861366,250.957903
11.24,1.047512,0.277583,146.861409,250.957973
11.25,1.047512,0.277583,146.861447,250.958098
11.26,1.047512,0.277584,146.861482,250.958278
11.27,1.047512,0.277584,146.861514,250.958515
11.28,1.047512,0.277584,146.861542,250.958808
11.29,1.047512,0.277584,146.861567,250.959158
11.3,1.047512,0.277585,146.861589,250.959565
11.31,1.047512,0.277585,146.861608,250.960028
11.32,1.047512,0.277585,146.861624,250.960547
11.33,1.047512,0.277586,146.861637,250.96112
11.34,1.047512,0.277586,146.861649,250.961746
11.35,1.047513,0.277587,146.861657,250.962424
11.36,1.047513,0.277587,146.861664,250.963153
11.37,1.047513,0.277588,146.861669,250.963929
11.38,1.047513,0.277589,146.861673,250.964752
11.39,1.047513,0.277589,146.861674,250.965619
11.4,1.047513,0.27759,146.861675,250.966527
11.41,1.047513,0.277591,146.861674,250.967473
11.42,1.047513,0.277592,146.861672,250.968455
11.43,1.047513,0.277592,146.86167,250.96947
11.44,1.047513,0.277593,146.861666,250.970515
11.45,1.047513,0.277594,146.861663,250.971586
11.46,1.047514,0.277595,146.861659,250.972681
11.47,1.047514,0.277596,146.861656,250.973795
11.48,1.047514,0.277597,146.861652,250.974926
11.49,1.047514,0.277598,146.86165,250.97607
11.5,1.047514,0.277599,146.861647,250.977223
11.51,1.047514,0.2776,146.861646,250.978381
11.52,1.047514,0.277601,146.861646,250.979543
11.53,1.047514,0.277601,146.861647,250.980703
11.54,1.047514,0.277602,146.861649,250.981859
11.55,1.047514,0.277603,146.861653,250.983007
11.56,1.047514,0.277604,146.861659,250.984144
11.57,1.047514,0.277605,146.861668,250.985266
11.58,1.047514,0.277606,146.861678,250.986371
11.59,1.047514,0.277607,146.861691,250.987456
11.6,1.047514,0.277608,146.861706,250.988518
11.61,1.047514,0.277609,146.861724,250.989554
11.62,1.047514,0.27761,146.861745,250.990561
11.63,1.047514,0.27761,146.861769,250.991538
11.64,1.047515,0.277611,146.861797,250.992482
11.65,1.047515,0.277612,146.861828,250.993391
11.66,1.047515,0.277613,146.861862,250.994264
11.67,1.047515,0.277613,146.8619,250.995098
11.68,1.047515,0.277614,146.861942,250.995893
11.69,1.047515,0.277615,146.861988,250.996647
11.7,1.047515,0.277615,146.862037,250.997359
11.71,1.047515,0.277616,146.862091,250.99803
11.72,1.047515,0.277616,146.862149,250.998657
11.73,1.047515,0.277617,146.862211,250.999242
11.74,1.047515,0.277617,146.862277,250.999783
11.75,1.047515,0.277618,146.862348,251.000282
11.76,1.047515,0.277618,146.862423,251.000738
11.77,1.047515,0.277619,146.862502,251.001153
11.78,1.047515,0.277619,146.862586,251.001526
11.79,1.047515,0.277619,146.862674,251.00186
11.8,1.047515,0.27762,146.862766,251.002155
11.81,1.047515,0.27762,146.862863,251.002413
11.82,1.047515,0.27762,146.862964,251.002636
11.83,1.047515,0.27762,146.863069,251.002824
11.84,1.047515,0.27762,146.863178,251.002981
11.85,1.047515,0.277621,146.863291,251.003108
11.86,1.047515,0.277621,146.863408,251.003208
11.87,1.047515,0.277621,146.863529,251.003283
11.88,1.047514,0.277621,146.863654,251.003335
11.89,1.047514,0.277621,146.863782,251.003367
11.9,1.047514,0.277621,146.863913,251.003382
11.91,1.047514,0.277621,146.864048,251.003382
11.92,1.047514,0.277621,146.864186,251.00337
11.93,1.047514,0.277621,146.864327,251.003349
11.94,1.047514,0.277621,146.86447,251.003322
11.95,1.047514,0.277621,146.864616,251.003292
11.96,1.047514,0.277622,146.864764,251.003262
11.97,1.047514,0.277622,146.864914,251.003234
11.98,1.047514,0.277622,146.865067,251.003211
11.99,1.047514,0.277622,146.86522,251.003196
12,1.047514,0.277622,146.865376,251.003193
12.01,1.047514,0.277622,146.865532,251.003202
12.02,1.047514,0.277622,146.865689,251.003228
12.03,1.047514,0.277622,146.865847,251.003273
12.04,1.047514,0.277622,146.866005,251.003338
12.05,1.047514,0.277622,146.866164,251.003427
12.06,1.047514,0.277623,146.866322,251.003541
12.07,1.047514,0.277623,146.86648,251.003682
12.08,1.047514,0.277623,146.866637,251.003852
12.09,1.047514,0.277623,146.866793,251.004053
12.1,1.047513,0.277624,146.866948,251.004286
12.11,1.047513,0.277624,146.867102,251.004553
12.12,1.047513,0.277624,146.867254,251.004855
12.13,1.047513,0.277625,146.867404,251.005192
12.14,1.047513,0.277625,146.867551,251.005566
12.15,1.047513,0.277625,146.867696,251.005976
12.16,1.047513,0.277626,146.867838,251.006425
12.17,1.047513,0.277626,146.867978,251.00691
12.18,1.047513,0.277627,146.868114,251.007434
12.19,1.047513,0.277627,146.868246,251.007995
12.2,1.047513,0.277628,146.868375,251.008592
12.21,1.047513,0.277629,146.8685,251.009227
12.22,1.047513,0.277629,146.868621,251.009897
12.23,1.047513,0.27763,146.868737,251.010602
12.24,1.047513,0.277631,146.868849,251.011341
12.25,1.047513,0.277631,146.868956,251.012112
12.26,1.047513,0.277632,146.869059,251.012914
12.27,1.047513,0.277633,146.869156,251.013745
12.28,1.047512,0.277633,146.869248,251.014604
12.29,1.047512,0.277634,146.869335,251.015489
12.3,1.047512,0.277635,146.869416,251.016397
12.31,1.047512,0.277636,146.869491,251.017327
12.32,1.047512,0.277637,146.869561,251.018277
12.33,1.047512,0.277638,146.869625,251.019244
12.34,1.047512,0.277638,146.869683,251.020225
12.35,1.047512,0.277639,146.869736,251.021218
12.36,1.047512,0.27764,146.869782,251.022222
12.37,1.047512,0.277641,146.869822,251.023232
12.38,1.047512,0.277642,146.869856,251.024247
12.39,1.047512,0.277643,146.869884,251.025264
12.4,1.047512,0.277644,146.869905,251.02628
12.41,1.047512,0.277644,146.869921,251.027292
12.42,1.047512,0.277645,146.86993,251.028299
12.43,1.047512,0.277646,146.869933,251.029297
12.44,1.047512,0.277647,146.86993,251.030284
12.45,1.047512,0.277648,146.869922,251.031257
12.46,1.047512,0.277649,146.869907,251.032214
12.47,1.047512,0.277649,146.869886,251.033153
12.48,1.047512,0.27765,146.869859,251.034072
12.49,1.047512,0.277651,146.869826,251.034968
12.5,1.047511,0.277652,146.869788,251.035839
12.51,1.047511,0.277652,146.869744,251.036683
12.52,1.047511,0.277653,146.869695,251.0375
12.53,1.047511,0.277653,146.86964,251.038286
12.54,1.047511,0.277654,146.86958,251.03904
12.55,1.047511,0.277655,146.869515,251.039762
12.56,1.047511,0.277655,146.869445,251.040449
12.57,1.047511,0.277656,146.86937,251.041102
12.58,1.047511,0.277656,146.86929,251.041718
12.59,1.047511,0.277657,146.869205,251.042298
12.6,1.047511,0.277657,146.869117,251.04284
12.61,1.047511,0.277657,146.869024,251.043346
12.62,1.047511,0.277658,146.868927,251.043813
12.63,1.047511,0.277658,146.868825,251.044242
12.64,1.047511,0.277658,146.868721,251.044634
12.65,1.047511,0.277659,146.868612,251.044989
12.66,1.047511,0.277659,146.8685,251.045307
12.67,1.047511,0.277659,146.868385,251.04559
12.68,1.047511,0.277659,146.868267,251.045837
12.69,1.047511,0.277659,146.868146,251.04605
12.7,1.047511,0.277659,146.868022,251.046229
12.71,1.047511,0.277659,146.867896,251.046378
12.72,1.047511,0.27766,146.867767,251.046496
12.73,1.047511,0.27766,146.867636,251.046585
12.74,1.047511,0.27766,146.867503,251.046647
12.75,1.047511,0.277659,146.867368,251.046684
12.76,1.047511,0.277659,146.867231,251.046698
12.77,1.047511,0.277659,146.867092,251.046691
12.78,1.047511,0.277659,146.866953,251.046665
12.79,1.047511,0.277659,146.866811,251.046622
12.8,1.047511,0.277659,146.866669,251.046564
12.81,1.047511,0.277659,146.866526,251.046494
12.82,1.047511,0.277659,146.866382,251.046414
12.83,1.04751,0.277659,146.866237,251.046326
12.84,1.04751,0.277659,146.866092,251.046234
12.85,1.04751,0.277658,146.865946,251.046138
12.86,1.04751,0.277658,146.865799,251.046042
12.87,1.04751,0.277658,146.865653,251.045948
12.88,1.04751,0.277658,146.865507,251.045859
12.89,1.04751,0.277658,146.86536,251.045777
12.9,1.04751,0.277658,146.865214,251.045703
12.91,1.04751,0.277658,146.865068,251.045641
12.92,1.04751,0.277657,146.864922,251.045593
12.93,1.04751,0.277657,146.864776,251.04556
12.94,1.04751,0.277657,146.864632,251.045545
12.95,1.04751,0.277657,146.864487,251.04555
12.96,1.04751,0.277657,146.864344,251.045576
12.97,1.04751,0.277657,146.864201,251.045625
12.98,1.04751,0.277657,146.864059,251.0457
12.99,1.04751,0.277657,146.863918,251.0458
13,1.04751,0.277657,146.863778,251.045928
13.01,1.04751,0.277657,146.863639,251.046085
13.02,1.04751,0.277657,146.863501,251.046272
13.03,1.04751,0.277658,146.863364,251.04649
13.04,1.04751,0.277658,146.863229,251.04674
13.05,1.04751,0.277658,146.863094,251.047022
13.06,1.04751,0.277658,146.862961,251.047336
13.07,1.04751,0.277658,146.86283,251.047684
13.08,1.04751,0.277658,146.8627,251.048066
13.09,1.04751,0.277659,146.862571,251.04848
13.1,1.04751,0.277659,146.862444,251.048928
13.11,1.04751,0.277659,146.862318,251.049409
13.12,1.04751,0.27766,146.862194,251.049922
13.13,1.04751,0.27766,146.862071,251.050467
13.14,1.04751,0.277661,146.86195,251.051044
13.15,1.04751,0.277661,146.861831,251.051651
13.16,1.04751,0.277662,146.861713,251.052288
13.17,1.04751,0.277662,146.861598,251.052953
13.18,1.04751,0.277663,146.861483,251.053645
13.19,1.04751,0.277663,146.861371,251.054362
13.2,1.04751,0.277664,146.861261,251.055105
13.21,1.04751,0.277664,146.861152,251.05587
13.22,1.04751,0.277665,146.861045,251.056656
13.23,1.04751,0.277665,146.86094,251.057462
13.24,1.04751,0.277666,146.860837,251.058285
13.25,1.04751,0.277667,146.860736,251.059125
13.26,1.04751,0.277667,146.860637,251.059978
13.27,1.04751,0.277668,146.86054,251.060843
13.28,1.04751,0.277669,146.860444,251.061719
13.29,1.04751,0.277669,146.860351,251.062602
13.3,1.04751,0.27767,146.86026,251.063491
13.31,1.04751,0.277671,146.86017,251.064385
13.32,1.04751,0.277672,146.860083,251.06528
13.33,1.04751,0.277672,146.859998,251.066175
13.34,1.04751,0.277673,146.859915,251.067068
13.35,1.04751,0.277674,146.859834,251.067957
13.36,1.04751,0.277674,146.859755,251.06884
13.37,1.047509,0.277675,146.859678,251.069715
13.38,1.047509,0.277676,146.859603,251.07058
13.39,1.047509,0.277676,146.85953,251.071434
13.4,1.047509,0.277677,146.859459,251.072275
13.41,1.047509,0.277678,146.859391,251.073101
13.42,1.047509,0.277678,146.859324,251.073911
13.43,1.047509,0.277679,146.859259,251.074703
13.44,1.047509,0.27768,146.859197,251.075476
13.45,1.047509,0.27768,146.859136,251.076229
13.46,1.047509,0.277681,146.859078,251.07696
13.47,1.047509,0.277681,146.859021,251.077669
13.48,1.047509,0.277682,146.858966,251.078355
13.49,1.047509,0.277683,146.858914,251.079017
13.5,1.047509,0.277683,146.858863,251.079654
13.51,1.047509,0.277684,146.858814,251.080267
13.52,1.047509,0.277684,146.858766,251.080853
13.53,1.047509,0.277684,146.858721,251.081414
13.54,1.047509,0.277685,146.858677,251.081949
13.55,1.047509,0.277685,146.858635,251.082458
13.56,1.047508,0.277686,146.858594,251.082942
13.57,1.047508,0.277686,146.858555,251.0834
13.58,1.047508,0.277686,146.858518,251.083832
13.59,1.047508,0.277687,146.858482,251.08424
13.6,1.047508,0.277687,146.858447,251.084624
13.61,1.047508,0.277687,146.858413,251.084985
13.62,1.047508,0.277688,146.858381,251.085323
13.63,1.047508,0.277688,146.85835,251.085639
13.64,1.047508,0.277688,146.858319,251.085935
13.65,1.047508,0.277688,146.85829,251.086211
13.66,1.047508,0.277689,146.858262,251.086469
13.67,1.047508,0.277689,146.858234,251.08671
13.68,1.047508,0.277689,146.858207,251.086935
13.69,1.047508,0.277689,146.85818,251.087146
13.7,1.047507,0.277689,146.858154,251.087344
13.71,1.047507,0.27769,146.858129,251.087531
13.72,1.047507,0.27769,146.858103,251.087708
13.73,1.047507,0.27769,146.858078,251.087876
13.74,1.047507,0.27769,146.858052,251.088038
13.75,1.047507,0.27769,146.858027,251.088194
13.76,1.047507,0.27769,146.858001,251.088348
13.77,1.047507,0.27769,146.857975,251.088499
13.78,1.047507,0.277691,146.857949,251.08865
13.79,1.047507,0.277691,146.857921,251.088803
13.8,1.047507,0.277691,146.857894,251.088958
13.81,1.047507,0.277691,146.857865,251.089118
13.82,1.047507,0.277691,146.857836,251.089283
13.83,1.047507,0.277691,146.857805,251.089457
13.84,1.047507,0.277691,146.857774,251.089638
13.85,1.047506,0.277692,146.857741,251.08983
13.86,1.047506,0.277692,146.857707,251.090034
13.87,1.047506,0.277692,146.857671,251.09025
13.88,1.047506,0.277692,146.857634,251.090479
13.89,1.047506,0.277692,146.857595,251.090723
13.9,1.047506,0.277692,146.857554,251.090983
13.91,1.047506,0.277693,146.857511,251.09126
13.92,1.047506,0.277693,146.857467,251.091553
13.93,1.047506,0.277693,146.85742,251.091865
13.94,1.047506,0.277693,146.857372,251.092195
13.95,1.047506,0.277694,146.857321,251.092544
13.96,1.047506,0.277694,146.857267,251.092912
13.97,1.047506,0.277694,146.857212,251.0933
13.98,1.047506,0.277695,146.857154,251.093708
13.99,1.047506,0.277695,146.857094,251.094135
14,1.047506,0.277695,146.857031,251.094582
14.01,1.047506,0.277696,146.856965,251.095049
14.02,1.047506,0.277696,146.856897,251.095535
14.03,1.047506,0.277696,146.856826,251.096039
14.04,1.047505,0.277697,146.856753,251.096563
14.05,1.047505,0.277697,146.856677,251.097104
14.06,1.047505,0.277698,146.856598,251.097662
14.07,1.047505,0.277698,146.856517,251.098236
14.08,1.047505,0.277699,146.856432,251.098827
14.09,1.047505,0.277699,146.856346,251.099432
14.1,1.047505,0.2777,146.856256,251.100051
14.11,1.047505,0.2777,146.856164,251.100682
14.12,1.047505,0.277701,146.856069,251.101325
14.13,1.047505,0.277701,146.855971,251.101979
14.14,1.047505,0.277702,146.855871,251.102642
14.15,1.047505,0.277702,146.855769,251.103313
14.16,1.047505,0.277703,146.855663,251.103991
14.17,1.047505,0.277703,146.855556,251.104674
14.18,1.047505,0.277704,146.855446,251.105361
14.19,1.047505,0.277704,146.855334,251.106051
14.2,1.047505,0.277705,146.85522,251.106742
14.21,1.047505,0.277705,146.855103,251.107433
14.22,1.047505,0.277706,146.854985,251.108123
14.23,1.047505,0.277706,146.854864,251.10881
14.24,1.047505,0.277707,146.854742,251.109493
14.25,1.047505,0.277707,146.854618,251.11017
14.26,1.047505,0.277708,146.854492,251.110841
14.27,1.047505,0.277708,146.854365,251.111504
14.28,1.047505,0.277709,146.854236,251.112158
14.29,1.047505,0.277709,146.854106,251.112802
14.3,1.047505,0.27771,146.853975,251.113434
14.31,1.047505,0.27771,146.853843,251.114054
14.32,1.047505,0.27771,146.85371,251.11466
14.33,1.047505,0.277711,146.853576,251.115252
14.34,1.047505,0.277711,146.853441,251.11583
14.35,1.047505,0.277712,146.853306,251.116391
14.36,1.047505,0.277712,146.85317,251.116936
14.37,1.047505,0.277712,146.853035,251.117463
14.38,1.047505,0.277713,146.852898,251.117973
14.39,1.047505,0.277713,146.852762,251.118465
14.4,1.047505,0.277714,146.852626,251.118939
14.41,1.047505,0.277714,146.85249,251.119394
14.42,1.047505,0.277714,146.852355,251.119831
14.43,1.047505,0.277714,146.85222,251.120248
14.44,1.047505,0.277715,146.852086,251.120647
14.45,1.047505,0.277715,146.851952,251.121028
14.46,1.047505,0.277715,146.851819,251.12139
14.47,1.047505,0.277715,146.851687,251.121734
14.48,1.047504,0.277716,146.851557,251.122061
14.49,1.047504,0.277716,146.851427,251.122371
14.5,1.047504,0.277716,146.851299,251.122664
14.51,1.047504,0.277716,146.851172,251.122941
14.52,1.047504,0.277716,146.851047,251.123203
14.53,1.047504,0.277716,146.850923,251.123451
14.54,1.047504,0.277717,146.850801,251.123685
14.55,1.047504,0.277717,146.850681,251.123907
14.56,1.047504,0.277717,146.850563,251.124117
14.57,1.047504,0.277717,146.850446,251.124317
14.58,1.047504,0.277717,146.850332,251.124507
14.59,1.047504,0.277717,146.85022,251.124689
14.6,1.047504,0.277717,146.85011,251.124864
14.61,1.047504,0.277717,146.850002,251.125033
14.62,1.047504,0.277717,146.849897,251.125198
14.63,1.047504,0.277718,146.849794,251.125359
14.64,1.047504,0.277718,146.849693,251.125518
14.65,1.047504,0.277718,146.849595,251.125676
14.66,1.047504,0.277718,146.849499,251.125835
14.67,1.047504,0.277718,146.849406,251.125995
14.68,1.047504,0.277718,146.849316,251.126159
14.69,1.047504,0.277718,146.849227,251.126326
14.7,1.047504,0.277718,146.849142,251.126499
14.71,1.047504,0.277718,146.849059,251.126679
14.72,1.047504,0.277718,146.848979,251.126866
14.73,1.047504,0.277719,146.848901,251.127062
14.74,1.047504,0.277719,146.848826,251.127268
14.75,1.047504,0.277719,146.848753,251.127485
14.76,1.047504,0.277719,146.848683,251.127714
14.77,1.047504,0.277719,146.848616,251.127956
14.78,1.047504,0.277719,146.848551,251.128212
14.79,1.047504,0.27772,146.848488,251.128482
14.8,1.047504,0.27772,146.848429,251.128767
14.81,1.047504,0.27772,146.848371,251.129068
14.82,1.047504,0.27772,146.848316,251.129385
14.83,1.047504,0.27772,146.848264,251.129719
14.84,1.047504,0.277721,146.848214,251.130071
14.85,1.047504,0.277721,146.848166,251.13044
14.86,1.047504,0.277721,146.84812,251.130826
14.87,1.047504,0.277722,146.848077,251.131231
14.88,1.047504,0.277722,146.848036,251.131654
14.89,1.047504,0.277722,146.847997,251.132095
14.9,1.047504,0.277723,146.847961,251.132554
14.91,1.047504,0.277723,146.847926,251.133031
14.92,1.047504,0.277723,146.847893,251.133525
14.93,1.047504,0.277724,146.847862,251.134036
14.94,1.047504,0.277724,146.847834,251.134565
14.95,1.047504,0.277725,146.847807,251.135109
14.96,1.047504,0.277725,146.847782,251.13567
14.97,1.047504,0.277726,146.847758,251.136245
14.98,1.047504,0.277726,146.847736,251.136835
14.99,1.047504,0.277727,146.847716,251.137438
15,1.047504,0.277727,146.847698,251.138055
15.01,1.047504,0.277728,146.847681,251.138683
15.02,1.047504,0.277728,146.847665,251.139323
15.03,1.047504,0.277729,146.847651,251.139972
15.04,1.047504,0.277729,146.847639,251.140631
15.05,1.047504,0.27773,146.847627,251.141298
15.06,1.047504,0.27773,146.847617,251.141971
15.07,1.047504,0.277731,146.847608,251.142651
15.08,1.047504,0.277731,146.8476,251.143335
15.09,1.047504,0.277732,146.847594,251.144023
15.1,1.047504,0.277733,146.847588,251.144714
15.11,1.047504,0.277733,146.847584,251.145406
15.12,1.047504,0.277734,146.84758,251.146098
15.13,1.047504,0.277734,146.847577,251.146789
15.14,1.047504,0.277735,146.847576,251.147478
15.15,1.047504,0.277735,146.847575,251.148164
15.16,1.047504,0.277736,146.847574,251.148846
15.17,1.047504,0.277737,146.847575,251.149523
15.18,1.047504,0.277737,146.847576,251.150193
15.19,1.047504,0.277738,146.847578,251.150856
15.2,1.047504,0.277738,146.847581,251.15151
15.21,1.047504,0.277739,146.847584,251.152155
15.22,1.047504,0.277739,146.847588,251.15279
15.23,1.047504,0.27774,146.847593,251.153415
15.24,1.047504,0.27774,146.847597,251.154027
15.25,1.047504,0.277741,146.847603,251.154628
15.26,1.047504,0.277741,146.847608,251.155215
15.27,1.047504,0.277742,146.847614,251.155789
15.28,1.047503,0.277742,146.847621,251.156348
15.29,1.047503,0.277743,146.847628,251.156894
15.3,1.047503,0.277743,146.847635,251.157424
15.31,1.047503,0.277744,146.847642,251.157939
15.32,1.047503,0.277744,146.84765,251.158439
15.33,1.047503,0.277744,146.847658,251.158923
15.34,1.047503,0.277745,146.847666,251.159392
15.35,1.047503,0.277745,146.847674,251.159845
15.36,1.047503,0.277746,146.847682,251.160283
15.37,1.047503,0.277746,146.84769,251.160705
15.38,1.047503,0.277746,146.847699,251.161112
15.39,1.047503,0.277747,146.847707,251.161504
15.4,1.047503,0.277747,146.847715,251.161881
15.41,1.047503,0.277747,146.847724,251.162244
15.42,1.047503,0.277748,146.847732,251.162593
15.43,1.047503,0.277748,146.84774,251.162929
15.44,1.047503,0.277748,146.847748,251.163252
15.45,1.047503,0.277748,146.847756,251.163563
15.46,1.047503,0.277749,146.847764,251.163863
15.47,1.047503,0.277749,146.847772,251.164152
15.48,1.047503,0.277749,146.847779,251.164431
15.49,1.047503,0.277749,146.847786,251.164701
15.5,1.047503,0.27775,146.847793,251.164962
15.51,1.047503,0.27775,146.847799,251.165217
15.52,1.047503,0.27775,146.847805,251.165464
15.53,1.047503,0.27775,146.847811,251.165706
15.54,1.047503,0.27775,146.847816,251.165943
15.55,1.047503,0.277751,146.847821,251.166177
15.56,1.047503,0.277751,146.847825,251.166407
15.57,1.047503,0.277751,146.847829,251.166636
15.58,1.047503,0.277751,146.847832,251.166863
15.59,1.047503,0.277751,146.847835,251.167091
15.6,1.047503,0.277752,146.847837,251.167319
15.61,1.047503,0.277752,146.847839,251.167549
15.62,1.047503,0.277752,146.84784,251.167782
15.63,1.047503,0.277752,146.84784,251.168018
15.64,1.047503,0.277752,146.84784,251.168259
15.65,1.047503,0.277752,146.847839,251.168505
15.66,1.047503,0.277753,146.847838,251.168756
15.67,1.047503,0.277753,146.847835,251.169015
15.68,1.047503,0.277753,146.847832,251.16928
15.69,1.047503,0.277753,146.847829,251.169554
15.7,1.047503,0.277754,146.847824,251.169836
15.71,1.047503,0.277754,146.847819,251.170127
15.72,1.047503,0.277754,146.847813,251.170428
15.73,1.047503,0.277754,146.847806,251.170739
15.74,1.047503,0.277755,146.847799,251.17106
15.75,1.047503,0.277755,146.84779,251.171392
15.76,1.047503,0.277755,146.847781,251.171735
15.77,1.047503,0.277755,146.847771,251.17209
15.78,1.047503,0.277756,146.847761,251.172455
15.79,1.047503,0.277756,146.847749,251.172833
15.8,1.047503,0.277756,146.847737,251.173221
15.81,1.047503,0.277757,146.847725,251.173621
15.82,1.047503,0.277757,146.847711,251.174033
15.83,1.047503,0.277757,146.847697,251.174456
15.84,1.047503,0.277758,146.847682,251.17489
15.85,1.047503,0.277758,146.847667,251.175335
15.86,1.047503,0.277758,146.84765,251.17579
15.87,1.047503,0.277759,146.847634,251.176256
15.88,1.047503,0.277759,146.847616,251.176731
15.89,1.047503,0.277759,146.847599,251.177216
15.9,1.047503,0.27776,146.84758,251.17771
15.91,1.047503,0.27776,146.847562,251.178212
15.92,1.047503,0.277761,146.847542,251.178721
15.93,1.047503,0.277761,146.847523,251.179238
15.94,1.047503,0.277762,146.847503,251.179762
15.95,1.047503,0.277762,146.847483,251.180291
15.96,1.047503,0.277762,146.847462,251.180825
15.97,1.047503,0.277763,146.847442,251.181364
15.98,1.047503,0.277763,146.847421,251.181907
15.99,1.047503,0.277764,146.8474,251.182452
16,1.047504,0.277764,146.84738,251.183
16.01,1.047504,0.277765,146.847359,251.18355
16.02,1.047504,0.277765,146.847338,251.1841
16.03,1.047504,0.277765,146.847318,251.18465
16.04,1.047504,0.277766,146.847297,251.1852
16.05,1.047504,0.277766,146.847277,251.185748
16.06,1.047504,0.277767,146.847258,251.186294
16.07,1.047504,0.277767,146.847238,251.186837
16.08,1.047504,0.277768,146.847219,251.187376
16.09,1.047504,0.277768,146.847201,251.187911
16.1,1.047504,0.277768,146.847183,251.188442
16.11,1.047504,0.277769,146.847166,251.188967
16.12,1.047504,0.277769,146.84715,251.189485
16.13,1.047504,0.27777,146.847134,251.189998
16.14,1.047504,0.27777,146.847119,251.190503
16.15,1.047504,0.27777,146.847105,251.191001
16.16,1.047504,0.277771,146.847092,251.191491
16.17,1.047504,0.277771,146.84708,251.191972
16.18,1.047504,0.277772,146.847069,251.192445
16.19,1.047504,0.277772,146.84706,251.192909
16.2,1.047504,0.277772,146.847051,251.193364
16.21,1.047504,0.277773,146.847043,251.19381
16.22,1.047504,0.277773,146.847037,251.194246
16.23,1.047504,0.277773,146.847032,251.194672
16.24,1.047504,0.277774,146.847029,251.195089
16.25,1.047504,0.277774,146.847027,251.195497
16.26,1.047504,0.277774,146.847026,251.195895
16.27,1.047504,0.277775,146.847027,251.196284
16.28,1.047504,0.277775,146.847029,251.196663
16.29,1.047504,0.277775,146.847033,251.197033
16.3,1.047504,0.277776,146.847039,251.197395
16.31,1.047504,0.277776,146.847046,251.197748
16.32,1.047504,0.277776,146.847054,251.198093
16.33,1.047504,0.277776,146.847065,251.19843
16.34,1.047504,0.277777,146.847077,251.19876
16.35,1.047504,0.277777,146.84709,251.199083
16.36,1.047504,0.277777,146.847106,251.1994
16.37,1.047504,0.277778,146.847123,251.199711
16.38,1.047504,0.277778,146.847141,251.200016
16.39,1.047504,0.277778,146.847162,251.200317
16.4,1.047504,0.277778,146.847184,251.200613
16.41,1.047504,0.277779,146.847207,251.200906
16.42,1.047504,0.277779,146.847233,251.201197
16.43,1.047504,0.277779,146.84726,251.201484
16.44,1.047504,0.277779,146.847289,251.20177
16.45,1.047504,0.277779,146.847319,251.202056
16.46,1.047505,0.27778,146.847351,251.20234
16.47,1.047505,0.27778,146.847384,251.202625
16.48,1.047505,0.27778,146.847419,251.202912
16.49,1.047505,0.27778,146.847456,251.203199
16.5,1.047505,0.277781,146.847494,251.203489
16.51,1.047505,0.277781,146.847533,251.203782
16.52,1.047505,0.277781,146.847574,251.204079
16.53,1.047505,0.277782,146.847616,251.204379
16.54,1.047505,0.277782,146.84766,251.204684
16.55,1.047505,0.277782,146.847704,251.204995
16.56,1.047505,0.277782,146.84775,251.205311
16.57,1.047505,0.277783,146.847797,251.205633
16.58,1.047505,0.277783,146.847846,251.205962
16.59,1.047505,0.277783,146.847895,251.206298
16.6,1.047505,0.277784,146.847946,251.206641
16.61,1.047505,0.277784,146.847997,251.206992
16.62,1.047505,0.277784,146.848049,251.207352
16.63,1.047505,0.277784,146.848102,251.207719
16.64,1.047505,0.277785,146.848156,251.208096
16.65,1.047505,0.277785,146.848211,251.208481
16.66,1.047505,0.277785,146.848266,251.208874
16.67,1.047505,0.277786,146.848322,251.209277
16.68,1.047505,0.277786,146.848379,251.209689
16.69,1.047505,0.277787,146.848436,251.21011
16.7,1.047505,0.277787,146.848493,251.21054
16.71,1.047505,0.277787,146.848551,251.210979
16.72,1.047505,0.277788,146.848609,251.211427
16.73,1.047505,0.277788,146.848667,251.211883
16.74,1.047505,0.277789,146.848726,251.212348
16.75,1.047505,0.277789,146.848785,251.212821
16.76,1.047505,0.277789,146.848844,251.213301
16.77,1.047505,0.27779,146.848903,251.21379
16.78,1.047505,0.27779,146.848962,251.214285
16.79,1.047505,0.277791,146.84902,251.214787
16.8,1.047505,0.277791,146.849079,251.215296
16.81,1.047505,0.277792,146.849138,251.21581
16.82,1.047505,0.277792,146.849196,251.21633
16.83,1.047505,0.277792,146.849254,251.216855
16.84,1.047505,0.277793,146.849312,251.217384
16.85,1.047505,0.277793,146.84937,251.217917
16.86,1.047505,0.277794,146.849427,251.218453
16.87,1.047505,0.277794,146.849484,251.218992
16.88,1.047505,0.277795,146.84954,251.219533
16.89,1.047505,0.277795,146.849596,251.220075
16.9,1.047505,0.277796,146.849651,251.220618
16.91,1.047505,0.277796,146.849706,251.221162
16.92,1.047505,0.277797,146.84976,251.221705
16.93,1.047505,0.277797,146.849813,251.222247
16.94,1.047505,0.277798,146.849866,251.222787
16.95,1.047505,0.277798,146.849918,251.223325
16.96,1.047505,0.277799,146.84997,251.223861
16.97,1.047505,0.277799,146.850021,251.224393
16.98,1.047505,0.277799,146.850071,251.224921
16.99,1.047505,0.2778,146.850121,251.225445
17,1.047505,0.2778,146.850169,251.225963
17.01,1.047505,0.277801,146.850217,251.226477
17.02,1.047505,0.277801,146.850264,251.226984
17.03,1.047505,0.277802,146.850311,251.227485
17.04,1.047505,0.277802,146.850356,251.227979
17.05,1.047505,0.277803,146.850401,251.228466
17.06,1.047505,0.277803,146.850445,251.228946
17.07,1.047505,0.277803,146.850489,251.229418
17.08,1.047505,0.277804,146.850531,251.229882
17.09,1.047505,0.277804,146.850573,251.230338
17.1,1.047505,0.277805,146.850614,251.230785
17.11,1.047505,0.277805,146.850654,251.231224
17.12,1.047505,0.277805,146.850693,251.231653
17.13,1.047505,0.277806,146.850732,251.232075
17.14,1.047505,0.277806,146.850769,251.232487
17.15,1.047505,0.277806,146.850806,251.23289
17.16,1.047506,0.277807,146.850843,251.233285
17.17,1.047506,0.277807,146.850878,251.233671
17.18,1.047506,0.277807,146.850913,251.234048
17.19,1.047506,0.277808,146.850947,251.234417
17.2,1.047506,0.277808,146.85098,251.234778
17.21,1.047506,0.277808,146.851012,251.23513
17.22,1.047506,0.277809,146.851044,251.235475
17.23,1.047506,0.277809,146.851075,251.235813
17.24,1.047506,0.277809,146.851106,251.236143
17.25,1.047506,0.277809,146.851135,251.236467
17.26,1.047506,0.27781,146.851165,251.236784
17.27,1.047506,0.27781,146.851193,251.237095
17.28,1.047506,0.27781,146.851221,251.237401
17.29,1.047506,0.27781,146.851248,251.237702
17.3,1.047506,0.277811,146.851274,251.237998
17.31,1.047506,0.277811,146.8513,251.23829
17.32,1.047506,0.277811,146.851326,251.238578
17.33,1.047506,0.277811,146.85135,251.238863
17.34,1.047506,0.277812,146.851375,251.239146
17.35,1.047506,0.277812,146.851398,251.239426
17.36,1.047506,0.277812,146.851421,251.239705
17.37,1.047506,0.277812,146.851444,251.239984
17.38,1.047506,0.277813,146.851466,251.240261
17.39,1.047506,0.277813,146.851487,251.240539
17.4,1.047506,0.277813,146.851508,251.240818
17.41,1.047506,0.277813,146.851529,251.241097
17.42,1.047506,0.277814,146.851549,251.241378
17.43,1.047506,0.277814,146.851568,251.241662
17.44,1.047506,0.277814,146.851587,251.241948
17.45,1.047506,0.277814,146.851606,251.242237
17.46,1.047506,0.277815,146.851624,251.24253
17.47,1.047506,0.277815,146.851642,251.242827
17.48,1.047506,0.277815,146.851659,251.243128
17.49,1.047506,0.277815,146.851676,251.243434
17.5,1.047506,0.277816,146.851693,251.243745
17.51,1.047506,0.277816,146.851709,251.244061
17.52,1.047506,0.277816,146.851725,251.244384
17.53,1.047506,0.277816,146.85174,251.244712
17.54,1.047506,0.277817,146.851755,251.245046
17.55,1.047506,0.277817,146.85177,251.245387
17.56,1.047506,0.277817,146.851785,251.245735
17.57,1.047506,0.277817,146.851799,251.246089
17.58,1.047506,0.277818,146.851813,251.24645
17.59,1.047506,0.277818,146.851826,251.246818
17.6,1.047506,0.277818,146.85184,251.247193
17.61,1.047506,0.277819,146.851853,251.247575
17.62,1.047506,0.277819,146.851866,251.247964
17.63,1.047506,0.277819,146.851878,251.24836
17.64,1.047507,0.27782,146.851891,251.248762
17.65,1.047507,0.27782,146.851903,251.249172
17.66,1.047507,0.27782,146.851915,251.249587
17.67,1.047507,0.277821,146.851927,251.250009
17.68,1.047507,0.277821,146.851939,251.250438
17.69,1.047507,0.277821,146.851951,251.250872
17.7,1.047507,0.277822,146.851962,251.251311
17.71,1.047507,0.277822,146.851974,251.251756
17.72,1.047507,0.277822,146.851985,251.252206
17.73,1.047507,0.277823,146.851997,251.25266
17.74,1.047507,0.277823,146.852008,251.253119
17.75,1.047507,0.277824,146.852019,251.253582
17.76,1.047507,0.277824,146.85203,251.254048
17.77,1.047507,0.277824,146.852042,251.254517
17.78,1.047507,0.277825,146.852053,251.25499
17.79,1.047507,0.277825,146.852064,251.255464
17.8,1.047507,0.277826,146.852076,251.25594
17.81,1.047507,0.277826,146.852087,251.256418
17.82,1.047507,0.277826,146.852099,251.256897
17.83,1.047507,0.277827,146.852111,251.257376
17.84,1.047507,0.277827,146.852123,251.257856
17.85,1.047507,0.277828,146.852135,251.258335
17.86,1.047507,0.277828,146.852147,251.258814
17.87,1.047507,0.277828,146.85216,251.259292
17.88,1.047507,0.277829,146.852172,251.259768
17.89,1.047507,0.277829,146.852185,251.260242
17.9,1.047507,0.277829,146.852198,251.260714
17.91,1.047507,0.27783,146.852212,251.261183
17.92,1.047507,0.27783,146.852225,251.261649
17.93,1.047507,0.277831,146.852239,251.262112
17.94,1.047507,0.277831,146.852254,251.262571
17.95,1.047507,0.277831,146.852268,251.263027
17.96,1.047507,0.277832,146.852283,251.263478
17.97,1.047507,0.277832,146.852298,251.263925
17.98,1.047507,0.277833,146.852314,251.264367
17.99,1.047507,0.277833,146.85233,251.264804
18,1.047507,0.277833,146.852346,251.265237
18.01,1.047507,0.277834,146.852362,251.265664
18.02,1.047507,0.277834,146.852379,251.266086
18.03,1.047507,0.277834,146.852397,251.266502
18.04,1.047507,0.277835,146.852414,251.266914
18.05,1.047507,0.277835,146.852433,251.267319
18.06,1.047507,0.277835,146.852451,251.26772
18.07,1.047507,0.277836,146.85247,251.268115
18.08,1.047507,0.277836,146.852489,251.268504
18.09,1.047507,0.277836,146.852508,251.268889
18.1,1.047507,0.277837,146.852528,251.269268
18.11,1.047507,0.277837,146.852549,251.269642
18.12,1.047507,0.277837,146.852569,251.270011
18.13,1.047507,0.277838,146.85259,251.270375
18.14,1.047507,0.277838,146.852611,251.270735
18.15,1.047507,0.277838,146.852633,251.271091
18.16,1.047507,0.277838,146.852654,251.271443
18.17,1.047508,0.277839,146.852677,251.27179
18.18,1.047508,0.277839,146.852699,251.272135
18.19,1.047508,0.277839,146.852721,251.272475
18.2,1.047508,0.27784,146.852744,251.272814
18.21,1.047508,0.27784,146.852767,251.273149
18.22,1.047508,0.27784,146.85279,251.273482
18.23,1.047508,0.27784,146.852814,251.273813
18.24,1.047508,0.277841,146.852837,251.274143
18.25,1.047508,0.277841,146.85286,251.274471
18.26,1.047508,0.277841,146.852884,251.274798
18.27,1.047508,0.277842,146.852908,251.275125
18.28,1.047508,0.277842,146.852931,251.275452
18.29,1.047508,0.277842,146.852955,251.275778
18.3,1.047508,0.277842,146.852978,251.276105
18.31,1.047508,0.277843,146.853002,251.276433
18.32,1.047508,0.277843,146.853025,251.276763
18.33,1.047508,0.277843,146.853048,251.277093
18.34,1.047508,0.277844,146.853072,251.277425
18.35,1.047508,0.277844,146.853094,251.27776
18.36,1.047508,0.277844,146.853117,251.278097
18.37,1.047508,0.277844,146.853139,251.278436
18.38,1.047508,0.277845,146.853161,251.278779
18.39,1.047508,0.277845,146.853183,251.279124
18.4,1.047508,0.277845,146.853204,251.279473
18.41,1.047508,0.277846,146.853225,251.279826
18.42,1.047508,0.277846,146.853246,251.280182
18.43,1.047508,0.277846,146.853266,251.280542
18.44,1.047508,0.277847,146.853285,251.280907
18.45,1.047508,0.277847,146.853304,251.281275
18.46,1.047508,0.277847,146.853323,251.281648
18.47,1.047508,0.277847,146.85334,251.282025
18.48,1.047508,0.277848,146.853357,251.282407
18.49,1.047508,0.277848,146.853374,251.282793
18.5,1.047508,0.277848,146.85339,251.283183
18.51,1.047508,0.277849,146.853405,251.283578
18.52,1.047508,0.277849,146.853419,251.283977
18.53,1.047508,0.277849,146.853433,251.284381
18.54,1.047508,0.27785,146.853446,251.284788
18.55,1.047508,0.27785,146.853457,251.2852
18.56,1.047508,0.27785,146.853469,251.285616
18.57,1.047508,0.277851,146.853479,251.286036
18.58,1.047508,0.277851,146.853488,251.286459
18.59,1.047508,0.277852,146.853497,251.286886
18.6,1.047508,0.277852,146.853504,251.287316
18.61,1.047508,0.277852,146.853511,251.287749
18.62,1.047508,0.277853,146.853517,251.288185
18.63,1.047508,0.277853,146.853522,251.288623
18.64,1.047508,0.277853,146.853525,251.289064
18.65,1.047508,0.277854,146.853528,251.289506
18.66,1.047508,0.277854,146.85353,251.28995
18.67,1.047508,0.277854,146.853531,251.290396
18.68,1.047508,0.277855,146.853531,251.290843
18.69,1.047508,0.277855,146.85353,251.29129
18.7,1.047508,0.277856,146.853527,251.291738
18.71,1.047508,0.277856,146.853524,251.292186
18.72,1.047508,0.277856,146.85352,251.292634
18.73,1.047508,0.277857,146.853515,251.293082
18.74,1.047508,0.277857,146.853509,251.293528
18.75,1.047508,0.277857,146.853502,251.293974
18.76,1.047508,0.277858,146.853494,251.294418
18.77,1.047508,0.277858,146.853485,251.29486
18.78,1.047508,0.277858,146.853475,251.2953
18.79,1.047508,0.277859,146.853464,251.295738
18.8,1.047508,0.277859,146.853452,251.296174
18.81,1.047508,0.277859,146.853439,251.296606
18.82,1.047508,0.27786,146.853425,251.297036
18.83,1.047508,0.27786,146.853411,251.297462
18.84,1.047508,0.277861,146.853395,251.297885
18.85,1.047508,0.277861,146.853379,251.298304
18.86,1.047508,0.277861,146.853362,251.298719
18.87,1.047508,0.277862,146.853343,251.29913
18.88,1.047508,0.277862,146.853325,251.299537
18.89,1.047508,0.277862,146.853305,251.29994
18.9,1.047508,0.277862,146.853284,251.300338
18.91,1.047508,0.277863,146.853263,251.300732
18.92,1.047508,0.277863,146.853241,251.301121
18.93,1.047508,0.277863,146.853219,251.301506
18.94,1.047508,0.277864,146.853195,251.301886
18.95,1.047508,0.277864,146.853171,251.302261
18.96,1.047508,0.277864,146.853147,251.302632
18.97,1.047508,0.277865,146.853121,251.302998
18.98,1.047508,0.277865,146.853096,251.30336
18.99,1.047508,0.277865,146.853069,251.303717
19,1.047508,0.277865,146.853042,251.30407
19.01,1.047508,0.277866,146.853015,251.304419
19.02,1.047508,0.277866,146.852986,251.304764
19.03,1.047508,0.277866,146.852958,251.305105
19.04,1.047508,0.277866,146.852929,251.305442
19.05,1.047508,0.277867,146.852899,251.305776
19.06,1.047508,0.277867,146.85287,251.306107
19.07,1.047508,0.277867,146.852839,251.306434
19.08,1.047508,0.277868,146.852809,251.306759
19.09,1.047508,0.277868,146.852777,251.307081
19.1,1.047508,0.277868,146.852746,251.307401
19.11,1.047508,0.277868,146.852714,251.307719
19.12,1.047508,0.277869,146.852682,251.308034
19.13,1.047508,0.277869,146.85265,251.308349
19.14,1.047508,0.277869,146.852617,251.308662
19.15,1.047508,0.277869,146.852584,251.308974
19.16,1.047508,0.277869,146.852551,251.309286
19.17,1.047508,0.27787,146.852518,251.309597
19.18,1.047508,0.27787,146.852484,251.309909
19.19,1.047508,0.27787,146.852451,251.31022
19.2,1.047508,0.27787,146.852417,251.310532
19.21,1.047508,0.277871,146.852382,251.310845
19.22,1.047508,0.277871,146.852348,251.311159
19.23,1.047508,0.277871,146.852314,251.311474
19.24,1.047508,0.277871,146.852279,251.311791
19.25,1.047508,0.277872,146.852244,251.31211
19.26,1.047508,0.277872,146.85221,251.312431
19.27,1.047508,0.277872,146.852175,251.312754
19.28,1.047508,0.277872,146.852139,251.31308
19.29,1.047508,0.277873,146.852104,251.313409
19.3,1.047508,0.277873,146.852069,251.313741
19.31,1.047508,0.277873,146.852034,251.314076
19.32,1.047508,0.277873,146.851998,251.314414
19.33,1.047508,0.277874,146.851963,251.314756
19.34,1.047508,0.277874,146.851927,251.315101
19.35,1.047508,0.277874,146.851892,251.31545
19.36,1.047508,0.277874,146.851856,251.315803
19.37,1.047508,0.277875,146.85182,251.31616
19.38,1.047508,0.277875,146.851784,251.31652
19.39,1.047508,0.277875,146.851749,251.316885
19.4,1.047508,0.277876,146.851713,251.317253
19.41,1.047508,0.277876,146.851677,251.317626
19.42,1.047508,0.277876,146.851641,251.318003
19.43,1.047508,0.277876,146.851605,251.318383
19.44,1.047508,0.277877,146.851569,251.318767
19.45,1.047508,0.277877,146.851533,251.319156
19.46,1.047508,0.277877,146.851497,251.319547
19.47,1.047508,0.277878,146.85146,251.319943
19.48,1.047508,0.277878,146.851424,251.320342
19.49,1.047508,0.277878,146.851388,251.320744
19.5,1.047508,0.277879,146.851352,251.32115
19.51,1.047508,0.277879,146.851316,251.321558
19.52,1.047508,0.277879,146.851279,251.32197
19.53,1.047508,0.27788,146.851243,251.322384
19.54,1.047508,0.27788,146.851207,251.322801
19.55,1.047508,0.27788,146.85117,251.323219
19.56,1.047508,0.277881,146.851134,251.32364
19.57,1.047508,0.277881,146.851097,251.324063
19.58,1.047508,0.277881,146.851061,251.324487
19.59,1.047508,0.277882,146.851025,251.324913
19.6,1.047508,0.277882,146.850988,251.325339
19.61,1.047508,0.277882,146.850952,251.325767
19.62,1.047508,0.277883,146.850915,251.326195
19.63,1.047508,0.277883,146.850878,251.326623
19.64,1.047508,0.277883,146.850842,251.327052
19.65,1.047508,0.277884,146.850805,251.32748
19.66,1.047508,0.277884,146.850769,251.327908
19.67,1.047508,0.277884,146.850732,251.328335
19.68,1.047508,0.277885,146.850695,251.328761
19.69,1.047508,0.277885,146.850658,251.329187
19.7,1.047508,0.277885,146.850622,251.329611
19.71,1.047508,0.277886,146.850585,251.330033
19.72,1.047508,0.277886,146.850548,251.330453
19.73,1.047508,0.277886,146.850511,251.330872
19.74,1.047508,0.277887,146.850474,251.331289
19.75,1.047508,0.277887,146.850437,251.331703
19.76,1.047508,0.277887,146.8504,251.332114
19.77,1.047508,0.277888,146.850363,251.332523
19.78,1.047508,0.277888,146.850326,251.33293
19.79,1.047508,0.277888,146.850288,251.333333
19.8,1.047508,0.277889,146.850251,251.333734
19.81,1.047508,0.277889,146.850214,251.334131
19.82,1.047508,0.277889,146.850176,251.334525
19.83,1.047508,0.277889,146.850139,251.334916
19.84,1.047508,0.27789,146.850101,251.335304
19.85,1.047508,0.27789,146.850064,251.335688
19.86,1.047508,0.27789,146.850026,251.336069
19.87,1.047508,0.277891,146.849988,251.336447
19.88,1.047508,0.277891,146.84995,251.336821
19.89,1.047508,0.277891,146.849912,251.337192
19.9,1.047508,0.277892,146.849874,251.33756
19.91,1.047508,0.277892,146.849836,251.337925
19.92,1.047508,0.277892,146.849797,251.338287
19.93,1.047508,0.277892,146.849759,251.338646
19.94,1.047508,0.277893,146.84972,251.339001
19.95,1.047508,0.277893,146.849681,251.339354
19.96,1.047508,0.277893,146.849642,251.339705
19.97,1.047508,0.277893,146.849603,251.340053
19.98,1.047508,0.277894,146.849563,251.340398
19.99,1.047508,0.277894,146.849524,251.340741
20,1.047508,0.277894,146.849484,251.341082
20.01,1.047508,0.277895,146.849444,251.341422
20.02,1.047508,0.277895,146.849404,251.341759
20.03,1.047508,0.277895,146.849363,251.342095
20.04,1.047508,0.277895,146.849323,251.34243
20.05,1.047508,0.277896,146.849282,251.342764
20.06,1.047508,0.277896,146.849241,251.343096
20.07,1.047508,0.277896,146.849199,251.343428
20.08,1.047508,0.277896,146.849157,251.34376
20.09,1.047508,0.277897,146.849115,251.344091
20.1,1.047508,0.277897,146.849073,251.344422
20.11,1.047508,0.277897,146.84903,251.344752
20.12,1.047508,0.277897,146.848987,251.345084
20.13,1.047508,0.277898,146.848944,251.345415
20.14,1.047508,0.277898,146.8489,251.345747
20.15,1.047508,0.277898,146.848856,251.34608
20.16,1.047508,0.277898,146.848812,251.346414
20.17,1.047508,0.277899,146.848767,251.346749
20.18,1.047508,0.277899,146.848721,251.347086
20.19,1.047508,0.277899,146.848676,251.347424
20.2,1.047508,0.277899,146.84863,251.347763
20.21,1.047508,0.2779,146.848583,251.348104
20.22,1.047507,0.2779,146.848536,251.348447
20.23,1.047507,0.2779,146.848489,251.348792
20.24,1.047507,0.2779,146.848441,251.349139
20.25,1.047507,0.277901,146.848393,251.349488
20.26,1.047507,0.277901,146.848344,251.349839
20.27,1.047507,0.277901,146.848295,251.350192
20.28,1.047507,0.277902,146.848246,251.350548
20.29,1.047507,0.277902,146.848195,251.350906
20.3,1.047507,0.277902,146.848145,251.351266
20.31,1.047507,0.277902,146.848094,251.351629
20.32,1.047507,0.277903,146.848042,251.351994
20.33,1.047507,0.277903,146.84799,251.352361
20.34,1.047507,0.277903,146.847938,251.352731
20.35,1.047507,0.277904,146.847885,251.353102
20.36,1.047507,0.277904,146.847831,251.353476
20.37,1.047507,0.277904,146.847777,251.353852
20.38,1.047507,0.277904,146.847723,251.354231
20.39,1.047507,0.277905,146.847668,251.354611
20.4,1.047507,0.277905,146.847613,251.354993
20.41,1.047507,0.277905,146.847557,251.355376
20.42,1.047507,0.277906,146.8475,251.355762
20.43,1.047507,0.277906,146.847444,251.356149
20.44,1.047507,0.277906,146.847386,251.356537
20.45,1.047507,0.277906,146.847329,251.356926
20.46,1.047507,0.277907,146.847271,251.357317
20.47,1.047507,0.277907,146.847212,251.357709
20.48,1.047507,0.277907,146.847153,251.358101
20.49,1.047507,0.277908,146.847094,251.358494
20.5,1.047507,0.277908,146.847034,251.358887
20.51,1.047507,0.277908,146.846974,251.359281
20.52,1.047507,0.277908,146.846913,251.359675
20.53,1.047507,0.277909,146.846852,251.360068
20.54,1.047507,0.277909,146.846791,251.360462
20.55,1.047507,0.277909,146.846729,251.360855
20.56,1.047507,0.27791,146.846668,251.361248
20.57,1.047507,0.27791,146.846605,251.36164
20.58,1.047507,0.27791,146.846543,251.362031
20.59,1.047507,0.277911,146.84648,251.362421
20.6,1.047507,0.277911,146.846417,251.36281
20.61,1.047507,0.277911,146.846354,251.363198
20.62,1.047507,0.277911,146.84629,251.363584
20.63,1.047507,0.277912,146.846227,251.363969
20.64,1.047507,0.277912,146.846163,251.364352
20.65,1.047507,0.277912,146.846099,251.364734
20.66,1.047507,0.277913,146.846034,251.365113
20.67,1.047507,0.277913,146.84597,251.365491
20.68,1.047507,0.277913,146.845906,251.365866
20.69,1.047507,0.277913,146.845841,251.366239
20.7,1.047507,0.277914,146.845776,251.366611
20.71,1.047507,0.277914,146.845712,251.36698
20.72,1.047507,0.277914,146.845647,251.367346
20.73,1.047507,0.277915,146.845582,251.367711
20.74,1.047507,0.277915,146.845517,251.368073
20.75,1.047507,0.277915,146.845452,251.368433
20.76,1.047507,0.277915,146.845387,251.36879
20.77,1.047507,0.277916,146.845323,251.369145
20.78,1.047507,0.277916,146.845258,251.369498
20.79,1.047507,0.277916,146.845193,251.369849
20.8,1.047507,0.277916,146.845128,251.370197
20.81,1.047507,0.277917,146.845064,251.370543
20.82,1.047507,0.277917,146.845,251.370888
20.83,1.047507,0.277917,146.844935,251.37123
20.84,1.047507,0.277917,146.844871,251.37157
20.85,1.047507,0.277918,146.844807,251.371909
20.86,1.047507,0.277918,146.844743,251.372246
20.87,1.047507,0.277918,146.84468,251.372581
20.88,1.047507,0.277918,146.844616,251.372915
20.89,1.047507,0.277919,146.844553,251.373247
20.9,1.047507,0.277919,146.84449,251.373578
20.91,1.047507,0.277919,146.844427,251.373909
20.92,1.047507,0.277919,146.844364,251.374238
20.93,1.047507,0.27792,146.844302,251.374566
20.94,1.047507,0.27792,146.844239,251.374894
20.95,1.047507,0.27792,146.844177,251.375222
20.96,1.047507,0.27792,146.844116,251.375549
20.97,1.047507,0.277921,146.844054,251.375875
20.98,1.047507,0.277921,146.843993,251.376202
20.99,1.047507,0.277921,146.843932,251.376529
21,1.047507,0.277921,146.843871,251.376856
21.01,1.047507,0.277922,146.843811,251.377184
21.02,1.047507,0.277922,146.84375,251.377512
21.03,1.047507,0.277922,146.843691,251.377841
21.04,1.047507,0.277922,146.843631,251.378171
21.05,1.047507,0.277923,146.843571,251.378501
21.06,1.047507,0.277923,146.843512,251.378833
21.07,1.047507,0.277923,146.843454,251.379166
21.08,1.047507,0.277923,146.843395,251.379501
21.09,1.047507,0.277924,146.843337,251.379837
21.1,1.047507,0.277924,146.843279,251.380174
21.11,1.047507,0.277924,146.843221,251.380513
21.12,1.047507,0.277924,146.843163,251.380854
21.13,1.047507,0.277925,146.843106,251.381197
21.14,1.047507,0.277925,146.843049,251.381541
21.15,1.047507,0.277925,146.842992,251.381887
21.16,1.047507,0.277925,146.842936,251.382236
21.17,1.047507,0.277926,146.84288,251.382586
21.18,1.047507,0.277926,146.842823,251.382939
21.19,1.047507,0.277926,146.842768,251.383294
21.2,1.047507,0.277926,146.842712,251.38365
21.21,1.047507,0.277927,146.842657,251.384009
21.22,1.047507,0.277927,146.842602,251.38437
21.23,1.047507,0.277927,146.842547,251.384733
21.24,1.047507,0.277927,146.842492,251.385098
21.25,1.047507,0.277928,146.842437,251.385464
21.26,1.047507,0.277928,146.842383,251.385833
21.27,1.047507,0.277928,146.842329,251.386204
21.28,1.047507,0.277929,146.842275,251.386576
21.29,1.047507,0.277929,146.842221,251.38695
21.3,1.047507,0.277929,146.842167,251.387326
21.31,1.047507,0.277929,146.842114,251.387704
21.32,1.047507,0.27793,146.84206,251.388082
21.33,1.047507,0.27793,146.842007,251.388463
21.34,1.047507,0.27793,146.841954,251.388844
21.35,1.047507,0.277931,146.841901,251.389226
21.36,1.047507,0.277931,146.841849,251.38961
21.37,1.047507,0.277931,146.841796,251.389994
21.38,1.047507,0.277931,146.841743,251.390379
21.39,1.047507,0.277932,146.841691,251.390765
21.4,1.047507,0.277932,146.841639,251.391151
21.41,1.047507,0.277932,146.841586,251.391537
21.42,1.047506,0.277933,146.841534,251.391924
21.43,1.047506,0.277933,146.841482,251.392311
21.44,1.047506,0.277933,146.84143,251.392697
21.45,1.047506,0.277934,146.841379,251.393084
21.46,1.047506,0.277934,146.841327,251.39347
21.47,1.047506,0.277934,146.841275,251.393855
21.48,1.047506,0.277934,146.841224,251.39424
21.49,1.047506,0.277935,146.841172,251.394624
21.5,1.047506,0.277935,146.841121,251.395007
21.51,1.047506,0.277935,146.841069,251.39539
21.52,1.047506,0.277936,146.841018,251.395771
21.53,1.047506,0.277936,146.840967,251.39615
21.54,1.047506,0.277936,146.840915,251.396529
21.55,1.047506,0.277936,146.840864,251.396906
21.56,1.047506,0.277937,146.840813,251.397282
21.57,1.047506,0.277937,146.840762,251.397656
21.58,1.047506,0.277937,146.840711,251.398028
21.59,1.047506,0.277938,146.84066,251.398398
21.6,1.047506,0.277938,146.840609,251.398767
21.61,1.047506,0.277938,146.840558,251.399134
21.62,1.047506,0.277938,146.840507,251.399499
21.63,1.047506,0.277939,146.840457,251.399862
21.64,1.047506,0.277939,146.840406,251.400223
21.65,1.047506,0.277939,146.840355,251.400582
21.66,1.047506,0.27794,146.840304,251.400939
21.67,1.047506,0.27794,146.840254,251.401294
21.68,1.047506,0.27794,146.840203,251.401647
21.69,1.047506,0.27794,146.840153,251.401998
21.7,1.047506,0.277941,146.840102,251.402347
21.71,1.047506,0.277941,146.840051,251.402695
21.72,1.047506,0.277941,146.840001,251.40304
21.73,1.047506,0.277941,146.83995,251.403384
21.74,1.047506,0.277942,146.8399,251.403725
21.75,1.047506,0.277942,146.83985,251.404065
21.76,1.047506,0.277942,146.839799,251.404404
21.77,1.047506,0.277942,146.839749,251.404741
21.78,1.047506,0.277943,146.839698,251.405076
21.79,1.047506,0.277943,146.839648,251.40541
21.8,1.047506,0.277943,146.839598,251.405743
21.81,1.047506,0.277943,146.839547,251.406074
21.82,1.047506,0.277944,146.839497,251.406405
21.83,1.047506,0.277944,146.839447,251.406734
21.84,1.047506,0.277944,146.839396,251.407063
21.85,1.047506,0.277944,146.839346,251.407391
21.86,1.047506,0.277945,146.839296,251.407718
21.87,1.047506,0.277945,146.839246,251.408044
21.88,1.047506,0.277945,146.839195,251.40837
21.89,1.047506,0.277945,146.839145,251.408696
21.9,1.047506,0.277946,146.839095,251.409022
21.91,1.047506,0.277946,146.839045,251.409348
21.92,1.047506,0.277946,146.838995,251.409673
21.93,1.047506,0.277946,146.838944,251.409999
21.94,1.047506,0.277947,146.838894,251.410325
21.95,1.047506,0.277947,146.838844,251.410651
21.96,1.047506,0.277947,146.838794,251.410978
21.97,1.047506,0.277947,146.838744,251.411306
21.98,1.047506,0.277948,146.838694,251.411634
21.99,1.047506,0.277948,146.838644,251.411963
22,1.047506,0.277948,146.838593,251.412292
22.01,1.047506,0.277948,146.838543,251.412623
22.02,1.047506,0.277949,146.838493,251.412954
22.03,1.047506,0.277949,146.838443,251.413287
22.04,1.047506,0.277949,146.838393,251.41362
22.05,1.047506,0.277949,146.838343,251.413955
22.06,1.047506,0.27795,146.838293,251.414291
22.07,1.047506,0.27795,146.838243,251.414629
22.08,1.047506,0.27795,146.838193,251.414967
22.09,1.047506,0.27795,146.838143,251.415307
22.1,1.047506,0.277951,146.838093,251.415648
22.11,1.047506,0.277951,146.838044,251.415991
22.12,1.047506,0.277951,146.837994,251.416335
22.13,1.047506,0.277952,146.837944,251.41668
22.14,1.047506,0.277952,146.837894,251.417027
22.15,1.047506,0.277952,146.837844,251.417374
22.16,1.047506,0.277952,146.837795,251.417724
22.17,1.047506,0.277953,146.837745,251.418074
22.18,1.047506,0.277953,146.837696,251.418426
22.19,1.047506,0.277953,146.837646,251.418779
22.2,1.047506,0.277953,146.837597,251.419133
22.21,1.047506,0.277954,146.837548,251.419488
22.22,1.047506,0.277954,146.837498,251.419844
22.23,1.047506,0.277954,146.837449,251.420201
22.24,1.047506,0.277954,146.8374,251.420559
22.25,1.047506,0.277955,146.837351,251.420918
22.26,1.047506,0.277955,146.837302,251.421278
22.27,1.047506,0.277955,146.837254,251.421638
22.28,1.047506,0.277956,146.837205,251.421999
22.29,1.047506,0.277956,146.837157,251.42236
22.3,1.047506,0.277956,146.837108,251.422722
22.31,1.047506,0.277956,146.83706,251.423084
22.32,1.047506,0.277957,146.837012,251.423446
22.33,1.047506,0.277957,146.836964,251.423808
22.34,1.047506,0.277957,146.836916,251.424171
22.35,1.047506,0.277957,146.836869,251.424533
22.36,1.047506,0.277958,146.836821,251.424895
22.37,1.047506,0.277958,146.836774,251.425257
22.38,1.047506,0.277958,146.836727,251.425619
22.39,1.047506,0.277959,146.83668,251.42598
22.4,1.047506,0.277959,146.836634,251.426341
22.41,1.047506,0.277959,146.836587,251.426702
22.42,1.047506,0.277959,146.836541,251.427061
22.43,1.047506,0.27796,146.836495,251.42742
22.44,1.047506,0.27796,146.83645,251.427778
22.45,1.047506,0.27796,146.836404,251.428135
22.46,1.047506,0.27796,146.836359,251.428492
22.47,1.047506,0.277961,146.836314,251.428847
22.48,1.047506,0.277961,146.83627,251.429201
22.49,1.047506,0.277961,146.836225,251.429555
22.5,1.047506,0.277962,146.836181,251.429907
22.51,1.047506,0.277962,146.836137,251.430258
22.52,1.047506,0.277962,146.836094,251.430608
22.53,1.047506,0.277962,146.836051,251.430956
22.54,1.047506,0.277963,146.836008,251.431304
22.55,1.047506,0.277963,146.835965,251.43165
22.56,1.047506,0.277963,146.835923,251.431995
22.57,1.047506,0.277963,146.835881,251.432339
22.58,1.047506,0.277964,146.83584,251.432681
22.59,1.047506,0.277964,146.835798,251.433022
22.6,1.047506,0.277964,146.835758,251.433362
22.61,1.047506,0.277964,146.835717,251.433701
22.62,1.047506,0.277965,146.835677,251.434039
22.63,1.047506,0.277965,146.835637,251.434376
22.64,1.047506,0.277965,146.835597,251.434711
22.65,1.047506,0.277966,146.835558,251.435046
22.66,1.047506,0.277966,146.835519,251.435379
22.67,1.047506,0.277966,146.835481,251.435712
22.68,1.047506,0.277966,146.835443,251.436044
22.69,1.047506,0.277967,146.835405,251.436375
22.7,1.047506,0.277967,146.835367,251.436705
22.71,1.047506,0.277967,146.83533,251.437035
22.72,1.047506,0.277967,146.835294,251.437364
22.73,1.047506,0.277968,146.835257,251.437692
22.74,1.047506,0.277968,146.835221,251.43802
22.75,1.047506,0.277968,146.835186,251.438348
22.76,1.047506,0.277968,146.83515,251.438675
22.77,1.047506,0.277969,146.835115,251.439002
22.78,1.047506,0.277969,146.835081,251.439329
22.79,1.047506,0.277969,146.835046,251.439656
22.8,1.047506,0.277969,146.835012,251.439983
22.81,1.047506,0.27797,146.834979,251.44031
22.82,1.047506,0.27797,146.834945,251.440637
22.83,1.047506,0.27797,146.834912,251.440964
22.84,1.047506,0.27797,146.834879,251.441292
22.85,1.047506,0.277971,146.834847,251.44162
22.86,1.047506,0.277971,146.834815,251.441948
22.87,1.047506,0.277971,146.834783,251.442278
22.88,1.047506,0.277971,146.834751,251.442607
22.89,1.047506,0.277972,146.83472,251.442938
22.9,1.047506,0.277972,146.834689,251.443269
22.91,1.047506,0.277972,146.834658,251.4436
22.92,1.047506,0.277972,146.834628,251.443933
22.93,1.047506,0.277973,146.834598,251.444266
22.94,1.047506,0.277973,146.834568,251.4446
22.95,1.047506,0.277973,146.834538,251.444936
22.96,1.047506,0.277973,146.834509,251.445272
22.97,1.047506,0.277974,146.834479,251.445609
22.98,1.047506,0.277974,146.83445,251.445947
22.99,1.047506,0.277974,146.834421,251.446286
23,1.047506,0.277975,146.834393,251.446626
23.01,1.047506,0.277975,146.834364,251.446967
23.02,1.047506,0.277975,146.834336,251.447309
23.03,1.047506,0.277975,146.834308,251.447652
23.04,1.047506,0.277976,146.83428,251.447996
23.05,1.047506,0.277976,146.834252,251.448341
23.06,1.047506,0.277976,146.834225,251.448686
23.07,1.047506,0.277976,146.834198,251.449033
23.08,1.047506,0.277977,146.83417,251.44938
23.09,1.047506,0.277977,146.834143,251.449729
23.1,1.047506,0.277977,146.834116,251.450078
23.11,1.047506,0.277978,146.834089,251.450428
23.12,1.047506,0.277978,146.834063,251.450778
23.13,1.047506,0.277978,146.834036,251.451129
23.14,1.047506,0.277978,146.83401,251.451481
23.15,1.047506,0.277979,146.833983,251.451833
23.16,1.047506,0.277979,146.833957,251.452186
23.17,1.047506,0.277979,146.833931,251.452539
23.18,1.047506,0.277979,146.833905,251.452892
23.19,1.047506,0.27798,146.833879,251.453246
23.2,1.047506,0.27798,146.833853,251.453599
23.21,1.047506,0.27798,146.833828,251.453953
23.22,1.047506,0.277981,146.833802,251.454307
23.23,1.047506,0.277981,146.833776,251.454661
23.24,1.047506,0.277981,146.833751,251.455014
23.25,1.047506,0.277981,146.833725,251.455368
23.26,1.047506,0.277982,146.8337,251.455721
23.27,1.047506,0.277982,146.833675,251.456074
23.28,1.047506,0.277982,146.833649,251.456426
23.29,1.047506,0.277983,146.833624,251.456778
23.3,1.047506,0.277983,146.833599,251.457129
23.31,1.047506,0.277983,146.833574,251.45748
23.32,1.047506,0.277983,146.833549,251.45783
23.33,1.047506,0.277984,146.833524,251.458179
23.34,1.047506,0.277984,146.8335,251.458528
23.35,1.047506,0.277984,146.833475,251.458875
23.36,1.047506,0.277984,146.83345,251.459222
23.37,1.047506,0.277985,146.833425,251.459568
23.38,1.047506,0.277985,146.833401,251.459913
23.39,1.047506,0.277985,146.833376,251.460256
23.4,1.047506,0.277986,146.833352,251.460599
23.41,1.047506,0.277986,146.833327,251.460941
23.42,1.047506,0.277986,146.833303,251.461282
23.43,1.047506,0.277986,146.833279,251.461621
23.44,1.047506,0.277987,146.833254,251.46196
23.45,1.047506,0.277987,146.83323,251.462297
23.46,1.047506,0.277987,146.833206,251.462633
23.47,1.047506,0.277987,146.833182,251.462968
23.48,1.047506,0.277988,146.833158,251.463302
23.49,1.047506,0.277988,146.833134,251.463635
23.5,1.047506,0.277988,146.833111,251.463966
23.51,1.047506,0.277988,146.833087,251.464297
23.52,1.047506,0.277989,146.833063,251.464626
23.53,1.047506,0.277989,146.83304,251.464955
23.54,1.047506,0.277989,146.833016,251.465282
23.55,1.047506,0.277989,146.832993,251.465609
23.56,1.047506,0.27799,146.832969,251.465934
23.57,1.047506,0.27799,146.832946,251.466259
23.58,1.047506,0.27799,146.832923,251.466583
23.59,1.047506,0.277991,146.8329,251.466906
23.6,1.047506,0.277991,146.832877,251.467228
23.61,1.047506,0.277991,146.832854,251.46755
23.62,1.047506,0.277991,146.832831,251.467871
23.63,1.047506,0.277992,146.832809,251.468191
23.64,1.047506,0.277992,146.832786,251.468511
23.65,1.047506,0.277992,146.832764,251.468831
23.66,1.047506,0.277992,146.832741,251.46915
23.67,1.047506,0.277993,146.832719,251.469469
23.68,1.047506,0.277993,146.832697,251.469787
23.69,1.047506,0.277993,146.832675,251.470106
23.7,1.047506,0.277993,146.832653,251.470424
23.71,1.047506,0.277994,146.832631,251.470742
23.72,1.047506,0.277994,146.832609,251.471061
23.73,1.047506,0.277994,146.832587,251.471379
23.74,1.047506,0.277994,146.832566,251.471697
23.75,1.047506,0.277995,146.832544,251.472016
23.76,1.047506,0.277995,146.832523,251.472335
23.77,1.047506,0.277995,146.832502,251.472654
23.78,1.047506,0.277995,146.832481,251.472974
23.79,1.047506,0.277996,146.83246,251.473294
23.8,1.047506,0.277996,146.832439,251.473614
23.81,1.047506,0.277996,146.832418,251.473935
23.82,1.047506,0.277996,146.832398,251.474257
23.83,1.047506,0.277997,146.832377,251.474579
23.84,1.047506,0.277997,146.832357,251.474902
23.85,1.047506,0.277997,146.832337,251.475226
23.86,1.047506,0.277997,146.832316,251.47555
23.87,1.047506,0.277998,146.832297,251.475875
23.88,1.047506,0.277998,146.832277,251.4762
23.89,1.047506,0.277998,146.832257,251.476527
23.9,1.047506,0.277998,146.832237,251.476854
23.91,1.047506,0.277999,146.832218,251.477182
23.92,1.047506,0.277999,146.832199,251.47751
23.93,1.047506,0.277999,146.832179,251.47784
23.94,1.047506,0.277999,146.83216,251.47817
23.95,1.047506,0.278,146.832141,251.478501
23.96,1.047506,0.278,146.832123,251.478833
23.97,1.047506,0.278,146.832104,251.479165
23.98,1.047506,0.278,146.832085,251.479498
23.99,1.047506,0.278001,146.832067,251.479832
24,1.047506,0.278001,146.832049,251.480167
24.01,1.047506,0.278001,146.832031,251.480502
24.02,1.047506,0.278002,146.832013,251.480838
24.03,1.047506,0.278002,146.831995,251.481174
24.04,1.047506,0.278002,146.831977,251.481511
24.05,1.047506,0.278002,146.83196,251.481849
24.06,1.047506,0.278003,146.831942,251.482186
24.07,1.047506,0.278003,146.831925,251.482525
24.08,1.047506,0.278003,146.831908,251.482863
24.09,1.047506,0.278003,146.831891,251.483202
24.1,1.047506,0.278004,146.831874,251.483541
24.11,1.047506,0.278004,146.831858,251.483881
24.12,1.047506,0.278004,146.831841,251.48422
24.13,1.047506,0.278005,146.831825,251.48456
24.14,1.047506,0.278005,146.831809,251.4849
24.15,1.047506,0.278005,146.831793,251.48524
24.16,1.047506,0.278005,146.831777,251.485579
24.17,1.047506,0.278006,146.831761,251.485919
24.18,1.047506,0.278006,146.831745,251.486258
24.19,1.047506,0.278006,146.83173,251.486597
24.2,1.047506,0.278006,146.831715,251.486936
24.21,1.047506,0.278007,146.8317,251.487275
24.22,1.047506,0.278007,146.831685,251.487613
24.23,1.047506,0.278007,146.83167,251.487951
24.24,1.047506,0.278007,146.831656,251.488288
24.25,1.047506,0.278008,146.831641,251.488625
24.26,1.047506,0.278008,146.831627,251.488962
24.27,1.047506,0.278008,146.831613,251.489298
24.28,1.047506,0.278009,146.831599,251.489633
24.29,1.047506,0.278009,146.831585,251.489968
24.3,1.047506,0.278009,146.831572,251.490302
24.31,1.047506,0.278009,146.831558,251.490635
24.32,1.047506,0.27801,146.831545,251.490968
24.33,1.047506,0.27801,146.831532,251.4913
24.34,1.047506,0.27801,146.831519,251.491631
24.35,1.047506,0.27801,146.831506,251.491962
24.36,1.047506,0.278011,146.831494,251.492291
24.37,1.047506,0.278011,146.831481,251.49262
24.38,1.047506,0.278011,146.831469,251.492949
24.39,1.047506,0.278011,146.831457,251.493276
24.4,1.047506,0.278012,146.831445,251.493603
24.41,1.047506,0.278012,146.831433,251.493929
24.42,1.047506,0.278012,146.831421,251.494255
24.43,1.047506,0.278013,146.83141,251.494579
24.44,1.047506,0.278013,146.831399,251.494903
24.45,1.047506,0.278013,146.831387,251.495227
24.46,1.047506,0.278013,146.831376,251.495549
24.47,1.047506,0.278014,146.831365,251.495872
24.48,1.047506,0.278014,146.831355,251.496193
24.49,1.047506,0.278014,146.831344,251.496514
24.5,1.047506,0.278014,146.831333,251.496834
24.51,1.047506,0.278015,146.831323,251.497154
24.52,1.047506,0.278015,146.831313,251.497474
24.53,1.047506,0.278015,146.831303,251.497793
24.54,1.047506,0.278015,146.831293,251.498112
24.55,1.047506,0.278016,146.831283,251.49843
24.56,1.047506,0.278016,146.831273,251.498748
24.57,1.047506,0.278016,146.831263,251.499066
24.58,1.047506,0.278016,146.831254,251.499384
24.59,1.047506,0.278017,146.831244,251.499702
24.6,1.047506,0.278017,146.831235,251.500019
24.61,1.047506,0.278017,146.831225,251.500336
24.62,1.047506,0.278017,146.831216,251.500654
24.63,1.047506,0.278018,146.831207,251.500971
24.64,1.047506,0.278018,146.831198,251.501288
24.65,1.047506,0.278018,146.831189,251.501606
24.66,1.047506,0.278018,146.83118,251.501923
24.67,1.047506,0.278019,146.831171,251.502241
24.68,1.047506,0.278019,146.831162,251.502559
24.69,1.047506,0.278019,146.831154,251.502877
24.7,1.047506,0.278019,146.831145,251.503196
24.71,1.047506,0.27802,146.831136,251.503514
24.72,1.047506,0.27802,146.831128,251.503833
24.73,1.047506,0.27802,146.831119,251.504153
24.74,1.047506,0.278021,146.831111,251.504473
24.75,1.047506,0.278021,146.831102,251.504793
24.76,1.047506,0.278021,146.831093,251.505113
24.77,1.047506,0.278021,146.831085,251.505434
24.78,1.047506,0.278022,146.831076,251.505756
24.79,1.047506,0.278022,146.831068,251.506078
24.8,1.047506,0.278022,146.83106,251.5064
24.81,1.047506,0.278022,146.831051,251.506723
24.82,1.047506,0.278023,146.831043,251.507046
24.83,1.047506,0.278023,146.831034,251.507369
24.84,1.047506,0.278023,146.831026,251.507693
24.85,1.047506,0.278023,146.831017,251.508018
24.86,1.047506,0.278024,146.831009,251.508343
24.87,1.047506,0.278024,146.831,251.508668
24.88,1.047506,0.278024,146.830992,251.508994
24.89,1.047506,0.278024,146.830983,251.50932
24.9,1.047506,0.278025,146.830974,251.509647
24.91,1.047506,0.278025,146.830966,251.509974
24.92,1.047506,0.278025,146.830957,251.510301
24.93,1.047506,0.278026,146.830948,251.510628
24.94,1.047506,0.278026,146.83094,251.510956
24.95,1.047506,0.278026,146.830931,251.511284
24.96,1.047506,0.278026,146.830922,251.511612
24.97,1.047506,0.278027,146.830913,251.51194
24.98,1.047506,0.278027,146.830904,251.512269
24.99,1.047506,0.278027,146.830895,251.512597
25,1.047506,0.278027,146.830886,251.512926
25.01,1.047506,0.278028,146.830877,251.513255
25.02,1.047506,0.278028,146.830868,251.513583
25.03,1.047506,0.278028,146.830859,251.513912
25.04,1.047506,0.278028,146.83085,251.51424
25.05,1.047506,0.278029,146.83084,251.514569
25.06,1.047506,0.278029,146.830831,251.514897
25.07,1.047506,0.278029,146.830822,251.515225
25.08,1.047506,0.278029,146.830812,251.515552
25.09,1.047506,0.27803,146.830803,251.51588
25.1,1.047506,0.27803,146.830793,251.516207
25.11,1.047506,0.27803,146.830784,251.516534
25.12,1.047506,0.278031,146.830774,251.51686
25.13,1.047506,0.278031,146.830765,251.517186
25.14,1.047506,0.278031,146.830755,251.517512
25.15,1.047506,0.278031,146.830745,251.517837
25.16,1.047506,0.278032,146.830736,251.518162
25.17,1.047506,0.278032,146.830726,251.518486
25.18,1.047506,0.278032,146.830716,251.518809
25.19,1.047506,0.278032,146.830706,251.519132
25.2,1.047506,0.278033,146.830697,251.519455
25.21,1.047506,0.278033,146.830687,251.519777
25.22,1.047506,0.278033,146.830677,251.520098
25.23,1.047506,0.278033,146.830667,251.520419
25.24,1.047506,0.278034,146.830657,251.520739
25.25,1.047506,0.278034,146.830647,251.521058
25.26,1.047506,0.278034,146.830637,251.521377
25.27,1.047506,0.278034,146.830627,251.521695
25.28,1.047506,0.278035,146.830617,251.522013
25.29,1.047506,0.278035,146.830607,251.52233
25.3,1.047506,0.278035,146.830597,251.522646
25.31,1.047506,0.278035,146.830587,251.522962
25.32,1.047506,0.278036,146.830577,251.523277
25.33,1.047506,0.278036,146.830567,251.523592
25.34,1.047506,0.278036,146.830557,251.523906
25.35,1.047506,0.278036,146.830547,251.524219
25.36,1.047506,0.278037,146.830537,251.524532
25.37,1.047506,0.278037,146.830527,251.524845
25.38,1.047506,0.278037,146.830517,251.525157
25.39,1.047506,0.278037,146.830507,251.525469
25.4,1.047506,0.278038,146.830497,251.52578
25.41,1.047506,0.278038,146.830487,251.526091
25.42,1.047506,0.278038,146.830477,251.526402
25.43,1.047506,0.278038,146.830467,251.526712
25.44,1.047506,0.278039,146.830457,251.527022
25.45,1.047506,0.278039,146.830447,251.527331
25.46,1.047506,0.278039,146.830437,251.527641
25.47,1.047506,0.278039,146.830427,251.52795
25.48,1.047506,0.27804,146.830418,251.528259
25.49,1.047506,0.27804,146.830408,251.528569
25.5,1.047506,0.27804,146.830398,251.528878
25.51,1.047506,0.27804,146.830388,251.529187
25.52,1.047506,0.278041,146.830378,251.529495
25.53,1.047506,0.278041,146.830369,251.529804
25.54,1.047506,0.278041,146.830359,251.530114
25.55,1.047506,0.278041,146.830349,251.530423
25.56,1.047506,0.278042,146.83034,251.530732
25.57,1.047506,0.278042,146.83033,251.531041
25.58,1.047506,0.278042,146.830321,251.531351
25.59,1.047506,0.278042,146.830311,251.531661
25.6,1.047506,0.278043,146.830302,251.531971
25.61,1.047506,0.278043,146.830292,251.532281
25.62,1.047506,0.278043,146.830283,251.532592
25.63,1.047506,0.278043,146.830273,251.532903
25.64,1.047506,0.278044,146.830264,251.533214
25.65,1.047506,0.278044,146.830255,251.533526
25.66,1.047506,0.278044,146.830245,251.533838
25.67,1.047506,0.278044,146.830236,251.53415
25.68,1.047506,0.278045,146.830227,251.534463
25.69,1.047506,0.278045,146.830218,251.534776
25.7,1.047507,0.278045,146.830208,251.53509
25.71,1.047507,0.278046,146.830199,251.535403
25.72,1.047507,0.278046,146.83019,251.535718
25.73,1.047507,0.278046,146.830181,251.536033
25.74,1.047507,0.278046,146.830172,251.536348
25.75,1.047507,0.278047,146.830163,251.536663
25.76,1.047507,0.278047,146.830154,251.536979
25.77,1.047507,0.278047,146.830145,251.537296
25.78,1.047507,0.278047,146.830136,251.537612
25.79,1.047507,0.278048,146.830127,251.537929
25.8,1.047507,0.278048,146.830118,251.538247
25.81,1.047507,0.278048,146.830109,251.538564
25.82,1.047507,0.278048,146.8301,251.538882
25.83,1.047507,0.278049,146.830091,251.539201
25.84,1.047507,0.278049,146.830082,251.539519
25.85,1.047507,0.278049,146.830073,251.539838
25.86,1.047507,0.278049,146.830064,251.540157
25.87,1.047507,0.27805,146.830055,251.540476
25.88,1.047507,0.27805,146.830046,251.540796
25.89,1.047507,0.27805,146.830038,251.541115
25.9,1.047507,0.27805,146.830029,251.541435
25.91,1.047507,0.278051,146.83002,251.541755
25.92,1.047507,0.278051,146.830011,251.542075
25.93,1.047507,0.278051,146.830002,251.542394
25.94,1.047507,0.278051,146.829994,251.542714
25.95,1.047507,0.278052,146.829985,251.543034
25.96,1.047507,0.278052,146.829976,251.543354
25.97,1.047507,0.278052,146.829967,251.543673
25.98,1.047507,0.278052,146.829959,251.543993
25.99,1.047507,0.278053,146.82995,251.544312
26,1.047507,0.278053,146.829941,251.544631
26.01,1.047507,0.278053,146.829932,251.54495
26.02,1.047507,0.278053,146.829924,251.545269
26.03,1.047507,0.278054,146.829915,251.545587
26.04,1.047507,0.278054,146.829906,251.545905
26.05,1.047507,0.278054,146.829897,251.546223
26.06,1.047507,0.278055,146.829889,251.54654
26.07,1.047507,0.278055,146.82988,251.546857
26.08,1.047507,0.278055,146.829871,251.547174
26.09,1.047507,0.278055,146.829862,251.54749
26.1,1.047507,0.278056,146.829854,251.547806
26.11,1.047507,0.278056,146.829845,251.548122
26.12,1.047507,0.278056,146.829836,251.548437
26.13,1.047507,0.278056,146.829827,251.548751
26.14,1.047507,0.278057,146.829818,251.549065
26.15,1.047507,0.278057,146.82981,251.549379
26.16,1.047507,0.278057,146.829801,251.549692
26.17,1.047507,0.278057,146.829792,251.550005
26.18,1.047507,0.278058,146.829783,251.550317
26.19,1.047507,0.278058,146.829774,251.550629
26.2,1.047507,0.278058,146.829765,251.55094
26.21,1.047507,0.278058,146.829756,251.551251
26.22,1.047507,0.278059,146.829747,251.551561
26.23,1.047507,0.278059,146.829738,251.551871
26.24,1.047507,0.278059,146.829729,251.55218
26.25,1.047507,0.278059,146.82972,251.552489
26.26,1.047507,0.27806,146.829711,251.552797
26.27,1.047507,0.27806,146.829702,251.553106
26.28,1.047507,0.27806,146.829693,251.553413
26.29,1.047507,0.27806,146.829684,251.553721
26.3,1.047507,0.278061,146.829675,251.554028
26.31,1.047507,0.278061,146.829666,251.554334
26.32,1.047507,0.278061,146.829657,251.55464
26.33,1.047507,0.278061,146.829647,251.554946
26.34,1.047507,0.278062,146.829638,251.555252
26.35,1.047507,0.278062,146.829629,251.555558
26.36,1.047507,0.278062,146.829619,251.555863
26.37,1.047507,0.278062,146.82961,251.556168
26.38,1.047507,0.278063,146.829601,251.556472
26.39,1.047507,0.278063,146.829591,251.556777
26.4,1.047507,0.278063,146.829582,251.557082
26.41,1.047507,0.278063,146.829572,251.557386
26.42,1.047507,0.278064,146.829562,251.55769
26.43,1.047507,0.278064,146.829553,251.557994
26.44,1.047507,0.278064,146.829543,251.558299
26.45,1.047507,0.278064,146.829533,251.558603
26.46,1.047507,0.278065,146.829523,251.558907
26.47,1.047507,0.278065,146.829514,251.559211
26.48,1.047507,0.278065,146.829504,251.559515
26.49,1.047507,0.278065,146.829494,251.559819
26.5,1.047507,0.278066,146.829484,251.560124
26.51,1.047507,0.278066,146.829473,251.560428
26.52,1.047507,0.278066,146.829463,251.560733
26.53,1.047507,0.278066,146.829453,251.561038
26.54,1.047507,0.278066,146.829443,251.561342
26.55,1.047507,0.278067,146.829432,251.561647
26.56,1.047507,0.278067,146.829422,251.561953
26.57,1.047507,0.278067,146.829411,251.562258
26.58,1.047507,0.278067,146.829401,251.562563
26.59,1.047507,0.278068,146.82939,251.562869
26.6,1.047507,0.278068,146.82938,251.563175
26.61,1.047507,0.278068,146.829369,251.563481
26.62,1.047507,0.278068,146.829358,251.563788
26.63,1.047507,0.278069,146.829347,251.564094
26.64,1.047507,0.278069,146.829336,251.564401
26.65,1.047507,0.278069,146.829325,251.564708
26.66,1.047507,0.278069,146.829314,251.565015
26.67,1.047507,0.27807,146.829303,251.565323
26.68,1.047507,0.27807,146.829291,251.56563
26.69,1.047507,0.27807,146.82928,251.565938
26.7,1.047507,0.27807,146.829269,251.566246
26.71,1.047507,0.278071,146.829257,251.566554
26.72,1.047507,0.278071,146.829246,251.566863
26.73,1.047507,0.278071,146.829234,251.567171
26.74,1.047507,0.278071,146.829222,251.56748
26.75,1.047507,0.278072,146.82921,251.567788
26.76,1.047507,0.278072,146.829199,251.568097
26.77,1.047507,0.278072,146.829187,251.568406
26.78,1.047507,0.278072,146.829175,251.568715
26.79,1.047507,0.278073,146.829163,251.569024
26.8,1.047507,0.278073,146.829151,251.569333
26.81,1.047507,0.278073,146.829139,251.569642
26.82,1.047507,0.278073,146.829126,251.569951
26.83,1.047507,0.278074,146.829114,251.57026
26.84,1.047507,0.278074,146.829102,251.570569
26.85,1.047507,0.278074,146.829089,251.570877
26.86,1.047507,0.278074,146.829077,251.571186
26.87,1.047507,0.278075,146.829064,251.571495
26.88,1.047507,0.278075,146.829052,251.571803
26.89,1.047507,0.278075,146.829039,251.572112
26.9,1.047507,0.278075,146.829027,251.57242
26.91,1.047507,0.278076,146.829014,251.572728
26.92,1.047507,0.278076,146.829001,251.573036
26.93,1.047507,0.278076,146.828988,251.573343
26.94,1.047507,0.278076,146.828976,251.573651
26.95,1.047507,0.278077,146.828963,251.573958
26.96,1.047507,0.278077,146.82895,251.574265
26.97,1.047507,0.278077,146.828937,251.574571
26.98,1.047507,0.278077,146.828924,251.574878
26.99,1.047507,0.278078,146.828911,251.575184
27,1.047507,0.278078,146.828898,251.575489
27.01,1.047507,0.278078,146.828885,251.575795
27.02,1.047507,0.278078,146.828872,251.5761
27.03,1.047507,0.278079,146.828859,251.576404
27.04,1.047507,0.278079,146.828845,251.576709
27.05,1.047507,0.278079,146.828832,251.577013
27.06,1.047507,0.278079,146.828819,251.577316
27.07,1.047507,0.27808,146.828806,251.57762
27.08,1.047507,0.27808,146.828793,251.577923
27.09,1.047507,0.27808,146.82878,251.578225
27.1,1.047507,0.27808,146.828766,251.578527
27.11,1.047507,0.278081,146.828753,251.578829
27.12,1.047507,0.278081,146.82874,251.579131
27.13,1.047507,0.278081,146.828727,251.579432
27.14,1.047507,0.278081,146.828713,251.579733
27.15,1.047507,0.278082,146.8287,251.580034
27.16,1.047507,0.278082,146.828687,251.580334
27.17,1.047507,0.278082,146.828674,251.580634
27.18,1.047507,0.278082,146.82866,251.580934
27.19,1.047507,0.278083,146.828647,251.581234
27.2,1.047507,0.278083,146.828634,251.581533
27.21,1.047507,0.278083,146.828621,251.581832
27.22,1.047507,0.278083,146.828607,251.582131
27.23,1.047507,0.278083,146.828594,251.58243
27.24,1.047507,0.278084,146.828581,251.582728
27.25,1.047507,0.278084,146.828568,251.583027
27.26,1.047507,0.278084,146.828554,251.583325
27.27,1.047507,0.278084,146.828541,251.583623
27.28,1.047507,0.278085,146.828528,251.583921
27.29,1.047507,0.278085,146.828515,251.584219
27.3,1.047507,0.278085,146.828502,251.584516
27.31,1.047507,0.278085,146.828488,251.584814
27.32,1.047507,0.278086,146.828475,251.585112
27.33,1.047507,0.278086,146.828462,251.585409
27.34,1.047507,0.278086,146.828449,251.585707
27.35,1.047507,0.278086,146.828436,251.586005
27.36,1.047507,0.278087,146.828423,251.586302
27.37,1.047507,0.278087,146.82841,251.5866
27.38,1.047507,0.278087,146.828396,251.586898
27.39,1.047507,0.278087,146.828383,251.587196
27.4,1.047507,0.278088,146.82837,251.587494
27.41,1.047507,0.278088,146.828357,251.587792
27.42,1.047507,0.278088,146.828344,251.58809
27.43,1.047507,0.278088,146.828331,251.588388
27.44,1.047507,0.278088,146.828318,251.588687
27.45,1.047507,0.278089,146.828305,251.588985
27.46,1.047507,0.278089,146.828292,251.589284
27.47,1.047507,0.278089,146.828279,251.589583
27.48,1.047507,0.278089,146.828266,251.589882
27.49,1.047507,0.27809,146.828253,251.590181
27.5,1.047507,0.27809,146.82824,251.590481
27.51,1.047507,0.27809,146.828227,251.590781
27.52,1.047507,0.27809,146.828214,251.59108
27.53,1.047507,0.278091,146.828201,251.59138
27.54,1.047507,0.278091,146.828187,251.59168
27.55,1.047507,0.278091,146.828174,251.591981
27.56,1.047507,0.278091,146.828161,251.592281
27.57,1.047507,0.278092,146.828148,251.592582
27.58,1.047507,0.278092,146.828135,251.592883
27.59,1.047507,0.278092,146.828122,251.593183
27.6,1.047507,0.278092,146.828109,251.593485
27.61,1.047507,0.278093,146.828096,251.593786
27.62,1.047507,0.278093,146.828083,251.594087
27.63,1.047507,0.278093,146.82807,251.594389
27.64,1.047507,0.278093,146.828057,251.59469
27.65,1.047507,0.278094,146.828044,251.594992
27.66,1.047507,0.278094,146.82803,251.595293
27.67,1.047507,0.278094,146.828017,251.595595
27.68,1.047507,0.278094,146.828004,251.595897
27.69,1.047507,0.278095,146.827991,251.596199
27.7,1.047507,0.278095,146.827978,251.596501
27.71,1.047507,0.278095,146.827965,251.596802
27.72,1.047507,0.278095,146.827951,251.597104
27.73,1.047507,0.278096,146.827938,251.597406
27.74,1.047507,0.278096,146.827925,251.597708
27.75,1.047507,0.278096,146.827912,251.598009
27.76,1.047507,0.278096,146.827898,251.598311
27.77,1.047507,0.278096,146.827885,251.598612
27.78,1.047507,0.278097,146.827872,251.598914
27.79,1.047507,0.278097,146.827858,251.599215
27.8,1.047507,0.278097,146.827845,251.599516
27.81,1.047507,0.278097,146.827832,251.599817
27.82,1.047507,0.278098,146.827818,251.600118
27.83,1.047507,0.278098,146.827805,251.600418
27.84,1.047507,0.278098,146.827791,251.600719
27.85,1.047507,0.278098,146.827778,251.601019
27.86,1.047507,0.278099,146.827765,251.601318
27.87,1.047507,0.278099,146.827751,251.601618
27.88,1.047507,0.278099,146.827737,251.601917
27.89,1.047507,0.278099,146.827724,251.602217
27.9,1.047507,0.2781,146.82771,251.602515
27.91,1.047507,0.2781,146.827697,251.602814
27.92,1.047507,0.2781,146.827683,251.603112
27.93,1.047507,0.2781,146.82767,251.60341
27.94,1.047507,0.278101,146.827656,251.603708
27.95,1.047507,0.278101,146.827642,251.604005
27.96,1.047507,0.278101,146.827629,251.604302
27.97,1.047507,0.278101,146.827615,251.604599
27.98,1.047507,0.278102,146.827601,251.604895
27.99,1.047507,0.278102,146.827587,251.605191
28,1.047507,0.278102,146.827574,251.605487
28.01,1.047507,0.278102,146.82756,251.605783
28.02,1.047507,0.278102,146.827546,251.606078
28.03,1.047507,0.278103,146.827532,251.606373
28.04,1.047507,0.278103,146.827518,251.606667
28.05,1.047507,0.278103,146.827504,251.606962
28.06,1.047507,0.278103,146.82749,251.607256
28.07,1.047507,0.278104,146.827477,251.607549
28.08,1.047507,0.278104,146.827463,251.607843
28.09,1.047507,0.278104,146.827449,251.608136
28.1,1.047507,0.278104,146.827435,251.608429
28.11,1.047507,0.278105,146.827421,251.608722
28.12,1.047507,0.278105,146.827407,251.609014
28.13,1.047507,0.278105,146.827393,251.609307
28.14,1.047507,0.278105,146.827378,251.609599
28.15,1.047507,0.278106,146.827364,251.609891
28.16,1.047507,0.278106,146.82735,251.610182
28.17,1.047507,0.278106,146.827336,251.610474
28.18,1.047507,0.278106,146.827322,251.610765
28.19,1.047507,0.278106,146.827308,251.611057
28.2,1.047507,0.278107,146.827294,251.611348
28.21,1.047507,0.278107,146.82728,251.611639
28.22,1.047507,0.278107,146.827265,251.61193
28.23,1.047507,0.278107,146.827251,251.612221
28.24,1.047507,0.278108,146.827237,251.612512
28.25,1.047507,0.278108,146.827223,251.612803
28.26,1.047507,0.278108,146.827208,251.613093
28.27,1.047507,0.278108,146.827194,251.613384
28.28,1.047507,0.278109,146.82718,251.613675
28.29,1.047507,0.278109,146.827165,251.613966
28.3,1.047507,0.278109,146.827151,251.614256
28.31,1.047507,0.278109,146.827137,251.614547
28.32,1.047507,0.27811,146.827122,251.614838
28.33,1.047507,0.27811,146.827108,251.615129
28.34,1.047507,0.27811,146.827093,251.61542
28.35,1.047507,0.27811,146.827079,251.615711
28.36,1.047507,0.27811,146.827065,251.616002
28.37,1.047507,0.278111,146.82705,251.616293
28.38,1.047507,0.278111,146.827036,251.616584
28.39,1.047507,0.278111,146.827021,251.616876
28.4,1.047507,0.278111,146.827007,251.617167
28.41,1.047507,0.278112,146.826992,251.617458
28.42,1.047507,0.278112,146.826978,251.61775
28.43,1.047507,0.278112,146.826963,251.618042
28.44,1.047507,0.278112,146.826949,251.618333
28.45,1.047507,0.278113,146.826934,251.618625
28.46,1.047507,0.278113,146.82692,251.618917
28.47,1.047507,0.278113,146.826905,251.619209
28.48,1.047507,0.278113,146.82689,251.619502
28.49,1.047507,0.278113,146.826876,251.619794
28.5,1.047507,0.278114,146.826861,251.620086
28.51,1.047507,0.278114,146.826847,251.620379
28.52,1.047507,0.278114,146.826832,251.620671
28.53,1.047507,0.278114,146.826818,251.620964
28.54,1.047507,0.278115,146.826803,251.621256
28.55,1.047507,0.278115,146.826788,251.621549
28.56,1.047507,0.278115,146.826774,251.621842
28.57,1.047507,0.278115,146.826759,251.622134
28.58,1.047507,0.278116,146.826745,251.622427
28.59,1.047507,0.278116,146.82673,251.62272
28.6,1.047507,0.278116,146.826716,251.623013
28.61,1.047507,0.278116,146.826701,251.623305
28.62,1.047507,0.278117,146.826686,251.623598
28.63,1.047507,0.278117,146.826672,251.623891
28.64,1.047507,0.278117,146.826657,251.624183
28.65,1.047507,0.278117,146.826643,251.624476
28.66,1.047507,0.278117,146.826628,251.624769
28.67,1.047507,0.278118,146.826614,251.625061
28.68,1.047507,0.278118,146.826599,251.625354
28.69,1.047507,0.278118,146.826585,251.625646
28.7,1.047507,0.278118,146.82657,251.625938
28.71,1.047507,0.278119,146.826556,251.62623
28.72,1.047507,0.278119,146.826541,251.626522
28.73,1.047507,0.278119,146.826527,251.626814
28.74,1.047507,0.278119,146.826512,251.627106
28.75,1.047507,0.27812,146.826498,251.627397
28.76,1.047507,0.27812,146.826483,251.627689
28.77,1.047507,0.27812,146.826469,251.62798
28.78,1.047507,0.27812,146.826455,251.628271
28.79,1.047507,0.278121,146.82644,251.628562
28.8,1.047507,0.278121,146.826426,251.628853
28.81,1.047507,0.278121,146.826412,251.629143
28.82,1.047507,0.278121,146.826398,251.629433
28.83,1.047507,0.278121,146.826383,251.629723
28.84,1.047507,0.278122,146.826369,251.630013
28.85,1.047507,0.278122,146.826355,251.630303
28.86,1.047507,0.278122,146.826341,251.630592
28.87,1.047507,0.278122,146.826327,251.630882
28.88,1.047507,0.278123,146.826313,251.631171
28.89,1.047506,0.278123,146.826298,251.631459
28.9,1.047506,0.278123,146.826284,251.631748
28.91,1.047506,0.278123,146.82627,251.632036
28.92,1.047506,0.278124,146.826256,251.632325
28.93,1.047506,0.278124,146.826243,251.632613
28.94,1.047506,0.278124,146.826229,251.6329
28.95,1.047506,0.278124,146.826215,251.633188
28.96,1.047506,0.278124,146.826201,251.633475
28.97,1.047506,0.278125,146.826187,251.633762
28.98,1.047506,0.278125,146.826173,251.634049
28.99,1.047506,0.278125,146.826159,251.634336
29,1.047506,0.278125,146.826146,251.634623
29.01,1.047506,0.278126,146.826132,251.634909
29.02,1.047506,0.278126,146.826118,251.635195
29.03,1.047506,0.278126,146.826105,251.635482
29.04,1.047506,0.278126,146.826091,251.635767
29.05,1.047506,0.278127,146.826078,251.636053
29.06,1.047506,0.278127,146.826064,251.636339
29.07,1.047506,0.278127,146.826051,251.636625
29.08,1.047506,0.278127,146.826037,251.63691
29.09,1.047506,0.278127,146.826024,251.637196
29.1,1.047506,0.278128,146.82601,251.637481
29.11,1.047506,0.278128,146.825997,251.637766
29.12,1.047506,0.278128,146.825984,251.638052
29.13,1.047506,0.278128,146.82597,251.638337
29.14,1.047506,0.278129,146.825957,251.638622
29.15,1.047506,0.278129,146.825944,251.638907
29.16,1.047506,0.278129,146.825931,251.639192
29.17,1.047506,0.278129,146.825917,251.639477
29.18,1.047506,0.278129,146.825904,251.639762
29.19,1.047506,0.27813,146.825891,251.640047
29.2,1.047506,0.27813,146.825878,251.640332
29.21,1.047506,0.27813,146.825865,251.640617
29.22,1.047506,0.27813,146.825852,251.640902
29.23,1.047506,0.278131,146.825839,251.641187
29.24,1.047506,0.278131,146.825826,251.641472
29.25,1.047506,0.278131,146.825813,251.641757
29.26,1.047506,0.278131,146.8258,251.642042
29.27,1.047506,0.278132,146.825787,251.642327
29.28,1.047506,0.278132,146.825774,251.642613
29.29,1.047506,0.278132,146.825761,251.642898
29.3,1.047506,0.278132,146.825748,251.643183
29.31,1.047506,0.278132,146.825735,251.643468
29.32,1.047506,0.278133,146.825722,251.643754
29.33,1.047506,0.278133,146.825709,251.644039
29.34,1.047506,0.278133,146.825697,251.644325
29.35,1.047506,0.278133,146.825684,251.64461
29.36,1.047506,0.278134,146.825671,251.644896
29.37,1.047506,0.278134,146.825658,251.645182
29.38,1.047506,0.278134,146.825645,251.645467
29.39,1.047506,0.278134,146.825633,251.645753
29.4,1.047506,0.278135,146.82562,251.646039
29.41,1.047506,0.278135,146.825607,251.646325
29.42,1.047506,0.278135,146.825594,251.64661
29.43,1.047506,0.278135,146.825582,251.646896
29.44,1.047506,0.278135,146.825569,251.647182
29.45,1.047506,0.278136,146.825556,251.647468
29.46,1.047506,0.278136,146.825543,251.647754
29.47,1.047506,0.278136,146.825531,251.64804
29.48,1.047506,0.278136,146.825518,251.648326
29.49,1.047506,0.278137,146.825505,251.648611
29.5,1.047506,0.278137,146.825493,251.648897
29.51,1.047506,0.278137,146.82548,251.649183
29.52,1.047506,0.278137,146.825467,251.649469
29.53,1.047506,0.278138,146.825455,251.649754
29.54,1.047506,0.278138,146.825442,251.65004
29.55,1.047506,0.278138,146.825429,251.650325
29.56,1.047506,0.278138,146.825417,251.650611
29.57,1.047506,0.278138,146.825404,251.650896
29.58,1.047506,0.278139,146.825392,251.651181
29.59,1.047506,0.278139,146.825379,251.651466
29.6,1.047506,0.278139,146.825366,251.651751
29.61,1.047506,0.278139,146.825354,251.652036
29.62,1.047506,0.27814,146.825341,251.652321
29.63,1.047506,0.27814,146.825328,251.652605
29.64,1.047506,0.27814,146.825316,251.65289
29.65,1.047506,0.27814,146.825303,251.653174
29.66,1.047506,0.27814,146.825291,251.653458
29.67,1.047506,0.278141,146.825278,251.653742
29.68,1.047506,0.278141,146.825265,251.654026
29.69,1.047506,0.278141,146.825253,251.65431
29.7,1.047506,0.278141,146.82524,251.654593
29.71,1.047506,0.278142,146.825228,251.654876
29.72,1.047506,0.278142,146.825215,251.655159
29.73,1.047506,0.278142,146.825203,251.655442
29.74,1.047506,0.278142,146.82519,251.655725
29.75,1.047506,0.278143,146.825178,251.656007
29.76,1.047506,0.278143,146.825165,251.65629
29.77,1.047506,0.278143,146.825152,251.656572
29.78,1.047506,0.278143,146.82514,251.656854
29.79,1.047506,0.278143,146.825127,251.657135
29.8,1.047506,0.278144,146.825115,251.657417
29.81,1.047506,0.278144,146.825102,251.657698
29.82,1.047506,0.278144,146.82509,251.657979
29.83,1.047506,0.278144,146.825077,251.65826
29.84,1.047506,0.278145,146.825065,251.658541
29.85,1.047506,0.278145,146.825052,251.658821
29.86,1.047506,0.278145,146.82504,251.659101
29.87,1.047506,0.278145,146.825028,251.659382
29.88,1.047506,0.278145,146.825015,251.659662
29.89,1.047506,0.278146,146.825003,251.659941
29.9,1.047506,0.278146,146.82499,251.660221
29.91,1.047506,0.278146,146.824978,251.6605
29.92,1.047506,0.278146,146.824966,251.66078
29.93,1.047506,0.278147,146.824953,251.661059
29.94,1.047506,0.278147,146.824941,251.661338
29.95,1.047506,0.278147,146.824928,251.661617
29.96,1.047506,0.278147,146.824916,251.661896
29.97,1.047506,0.278147,146.824904,251.662174
29.98,1.047506,0.278148,146.824892,251.662453
29.99,1.047506,0.278148,146.824879,251.662731
30,1.047506,0.278148,146.824867,251.66301
30.01,1.047506,0.278148,146.824855,251.663288
30.02,1.047506,0.278149,146.824842,251.663566
30.03,1.047506,0.278149,146.82483,251.663844
30.04,1.047506,0.278149,146.824818,251.664122
30.05,1.047506,0.278149,146.824806,251.6644
30.06,1.047506,0.27815,146.824794,251.664678
30.07,1.047506,0.27815,146.824781,251.664956
30.08,1.047506,0.27815,146.824769,251.665234
30.09,1.047506,0.27815,146.824757,251.665512
30.1,1.047506,0.27815,146.824745,251.66579
30.11,1.047506,0.278151,146.824733,251.666068
30.12,1.047506,0.278151,146.824721,251.666346
30.13,1.047506,0.278151,146.824709,251.666624
30.14,1.047506,0.278151,146.824697,251.666902
30.15,1.047506,0.278152,146.824685,251.667179
30.16,1.047506,0.278152,146.824673,251.667457
30.17,1.047506,0.278152,146.824661,251.667735
30.18,1.047506,0.278152,146.824649,251.668013
30.19,1.047506,0.278152,146.824637,251.668291
30.2,1.047506,0.278153,146.824625,251.668569
30.21,1.047506,0.278153,146.824613,251.668847
30.22,1.047506,0.278153,146.824601,251.669125
30.23,1.047506,0.278153,146.824589,251.669403
30.24,1.047506,0.278154,146.824577,251.669681
30.25,1.047506,0.278154,146.824566,251.669959
30.26,1.047506,0.278154,146.824554,251.670237
30.27,1.047506,0.278154,146.824542,251.670516
30.28,1.047506,0.278154,146.82453,251.670794
30.29,1.047506,0.278155,146.824518,251.671072
30.3,1.047506,0.278155,146.824507,251.67135
30.31,1.047506,0.278155,146.824495,251.671629
30.32,1.047506,0.278155,146.824483,251.671907
30.33,1.047506,0.278156,146.824471,251.672185
30.34,1.047506,0.278156,146.82446,251.672464
30.35,1.047506,0.278156,146.824448,251.672742
30.36,1.047506,0.278156,146.824436,251.67302
30.37,1.047506,0.278156,146.824425,251.673299
30.38,1.047506,0.278157,146.824413,251.673577
30.39,1.047506,0.278157,146.824402,251.673855
30.4,1.047506,0.278157,146.82439,251.674133
30.41,1.047506,0.278157,146.824379,251.674412
30.42,1.047506,0.278158,146.824367,251.67469
30.43,1.047506,0.278158,146.824356,251.674968
30.44,1.047506,0.278158,146.824344,251.675246
30.45,1.047506,0.278158,146.824333,251.675524
30.46,1.047506,0.278158,146.824321,251.675802
30.47,1.047506,0.278159,146.82431,251.67608
30.48,1.047506,0.278159,146.824298,251.676358
30.49,1.047506,0.278159,146.824287,251.676636
30.5,1.047506,0.278159,146.824276,251.676914
30.51,1.047506,0.27816,146.824264,251.677191
30.52,1.047506,0.27816,146.824253,251.677469
30.53,1.047506,0.27816,146.824242,251.677746
30.54,1.047506,0.27816,146.824231,251.678023
30.55,1.047506,0.27816,146.824219,251.678301
30.56,1.047506,0.278161,146.824208,251.678578
30.57,1.047506,0.278161,146.824197,251.678855
30.58,1.047506,0.278161,146.824186,251.679132
30.59,1.047506,0.278161,146.824175,251.679408
30.6,1.047506,0.278162,146.824163,251.679685
30.61,1.047506,0.278162,146.824152,251.679961
30.62,1.047506,0.278162,146.824141,251.680238
30.63,1.047506,0.278162,146.82413,251.680514
30.64,1.047506,0.278162,146.824119,251.68079
30.65,1.047506,0.278163,146.824108,251.681066
30.66,1.047506,0.278163,146.824097,251.681341
30.67,1.047506,0.278163,146.824086,251.681617
30.68,1.047506,0.278163,146.824075,251.681892
30.69,1.047506,0.278164,146.824064,251.682167
30.7,1.047506,0.278164,146.824053,251.682443
30.71,1.047506,0.278164,146.824042,251.682717
30.72,1.047506,0.278164,146.824031,251.682992
30.73,1.047506,0.278164,146.82402,251.683267
30.74,1.047506,0.278165,146.82401,251.683541
30.75,1.047506,0.278165,146.823999,251.683816
30.76,1.047506,0.278165,146.823988,251.68409
30.77,1.047506,0.278165,146.823977,251.684364
30.78,1.047506,0.278166,146.823966,251.684638
30.79,1.047506,0.278166,146.823955,251.684911
30.8,1.047506,0.278166,146.823945,251.685185
30.81,1.047506,0.278166,146.823934,251.685459
30.82,1.047506,0.278166,146.823923,251.685732
30.83,1.047506,0.278167,146.823912,251.686005
30.84,1.047506,0.278167,146.823902,251.686278
30.85,1.047506,0.278167,146.823891,251.686551
30.86,1.047506,0.278167,146.82388,251.686824
30.87,1.047506,0.278168,146.82387,251.687097
30.88,1.047506,0.278168,146.823859,251.68737
30.89,1.047507,0.278168,146.823848,251.687642
30.9,1.047507,0.278168,146.823838,251.687915
30.91,1.047507,0.278168,146.823827,251.688187
30.92,1.047507,0.278169,146.823816,251.688459
30.93,1.047507,0.278169,146.823806,251.688732
30.94,1.047507,0.278169,146.823795,251.689004
30.95,1.047507,0.278169,146.823785,251.689276
30.96,1.047507,0.27817,146.823774,251.689548
30.97,1.047507,0.27817,146.823763,251.68982
30.98,1.047507,0.27817,146.823753,251.690092
30.99,1.047507,0.27817,146.823742,251.690364
31,1.047507,0.27817,146.823732,251.690636
31.01,1.047507,0.278171,146.823721,251.690908
31.02,1.047507,0.278171,146.823711,251.69118
31.03,1.047507,0.278171,146.8237,251.691451
31.04,1.047507,0.278171,146.82369,251.691723
31.05,1.047507,0.278171,146.823679,251.691995
31.06,1.047507,0.278172,146.823668,251.692267
31.07,1.047507,0.278172,146.823658,251.692538
31.08,1.047507,0.278172,146.823647,251.69281
31.09,1.047507,0.278172,146.823637,251.693082
31.1,1.047507,0.278173,146.823626,251.693353
31.11,1.047507,0.278173,146.823616,251.693625
31.12,1.047507,0.278173,146.823605,251.693897
31.13,1.047507,0.278173,146.823595,251.694168
31.14,1.047507,0.278173,146.823584,251.69444
31.15,1.047507,0.278174,146.823573,251.694712
31.16,1.047507,0.278174,146.823563,251.694983
31.17,1.047507,0.278174,146.823552,251.695255
31.18,1.047507,0.278174,146.823542,251.695527
31.19,1.047507,0.278175,146.823531,251.695798
31.2,1.047507,0.278175,146.823521,251.69607
31.21,1.047507,0.278175,146.82351,251.696341
31.22,1.047507,0.278175,146.823499,251.696613
31.23,1.047507,0.278175,146.823489,251.696884
31.24,1.047507,0.278176,146.823478,251.697156
31.25,1.047507,0.278176,146.823468,251.697427
31.26,1.047507,0.278176,146.823457,251.697699
31.27,1.047507,0.278176,146.823446,251.69797
31.28,1.047507,0.278177,146.823436,251.698241
31.29,1.047507,0.278177,146.823425,251.698513
31.3,1.047507,0.278177,146.823414,251.698784
31.31,1.047507,0.278177,146.823404,251.699055
31.32,1.047507,0.278177,146.823393,251.699326
31.33,1.047507,0.278178,146.823382,251.699597
31.34,1.047507,0.278178,146.823372,251.699868
31.35,1.047507,0.278178,146.823361,251.700139
31.36,1.047507,0.278178,146.82335,251.70041
31.37,1.047507,0.278178,146.82334,251.700681
31.38,1.047507,0.278179,146.823329,251.700952
31.39,1.047507,0.278179,146.823318,251.701223
31.4,1.047507,0.278179,146.823307,251.701493
31.41,1.047507,0.278179,146.823297,251.701764
31.42,1.047507,0.27818,146.823286,251.702034
31.43,1.047507,0.27818,146.823275,251.702304
31.44,1.047507,0.27818,146.823264,251.702574
31.45,1.047507,0.27818,146.823254,251.702844
31.46,1.047507,0.27818,146.823243,251.703114
31.47,1.047507,0.278181,146.823232,251.703384
31.48,1.047507,0.278181,146.823221,251.703654
31.49,1.047507,0.278181,146.82321,251.703923
31.5,1.047507,0.278181,146.823199,251.704193
31.51,1.047507,0.278182,146.823189,251.704462
31.52,1.047507,0.278182,146.823178,251.704731
31.53,1.047507,0.278182,146.823167,251.705
31.54,1.047507,0.278182,146.823156,251.705269
31.55,1.047507,0.278182,146.823145,251.705538
31.56,1.047507,0.278183,146.823134,251.705807
31.57,1.047507,0.278183,146.823124,251.706075
31.58,1.047507,0.278183,146.823113,251.706344
31.59,1.047507,0.278183,146.823102,251.706612
31.6,1.047507,0.278183,146.823091,251.70688
31.61,1.047507,0.278184,146.82308,251.707148
31.62,1.047507,0.278184,146.823069,251.707416
31.63,1.047507,0.278184,146.823058,251.707684
31.64,1.047507,0.278184,146.823047,251.707951
31.65,1.047507,0.278185,146.823036,251.708219
31.66,1.047507,0.278185,146.823026,251.708486
31.67,1.047507,0.278185,146.823015,251.708753
31.68,1.047507,0.278185,146.823004,251.70902
31.69,1.047507,0.278185,146.822993,251.709287
31.7,1.047507,0.278186,146.822982,251.709554
31.71,1.047507,0.278186,146.822971,251.709821
31.72,1.047507,0.278186,146.82296,251.710087
31.73,1.047507,0.278186,146.822949,251.710354
31.74,1.047507,0.278186,146.822938,251.71062
31.75,1.047507,0.278187,146.822927,251.710887
31.76,1.047507,0.278187,146.822916,251.711153
31.77,1.047507,0.278187,146.822905,251.711419
31.78,1.047507,0.278187,146.822894,251.711685
31.79,1.047507,0.278188,146.822883,251.711951
31.8,1.047507,0.278188,146.822873,251.712217
31.81,1.047507,0.278188,146.822862,251.712483
31.82,1.047507,0.278188,146.822851,251.712748
31.83,1.047507,0.278188,146.82284,251.713014
31.84,1.047507,0.278189,146.822829,251.71328
31.85,1.047507,0.278189,146.822818,251.713545
31.86,1.047507,0.278189,146.822807,251.713811
31.87,1.047507,0.278189,146.822796,251.714076
31.88,1.047507,0.278189,146.822785,251.714342
31.89,1.047507,0.27819,146.822774,251.714607
31.9,1.047507,0.27819,146.822763,251.714872
31.91,1.047507,0.27819,146.822752,251.715138
31.92,1.047507,0.27819,146.822741,251.715403
31.93,1.047507,0.278191,146.82273,251.715668
31.94,1.047507,0.278191,146.822719,251.715933
31.95,1.047507,0.278191,146.822708,251.716198
31.96,1.047507,0.278191,146.822697,251.716464
31.97,1.047507,0.278191,146.822686,251.716729
31.98,1.047507,0.278192,146.822675,251.716994
31.99,1.047507,0.278192,146.822664,251.717259
32,1.047507,0.278192,146.822653,251.717524
32.01,1.047507,0.278192,146.822642,251.717789
32.02,1.047507,0.278192,146.822631,251.718054
32.03,1.047507,0.278193,146.82262,251.718319
32.04,1.047507,0.278193,146.822609,251.718584
32.05,1.047507,0.278193,146.822598,251.718849
32.06,1.047507,0.278193,146.822587,251.719114
32.07,1.047507,0.278193,146.822576,251.719379
32.08,1.047507,0.278194,146.822564,251.719644
32.09,1.047507,0.278194,146.822553,251.719909
32.1,1.047507,0.278194,146.822542,251.720174
32.11,1.047507,0.278194,146.822531,251.720439
32.12,1.047507,0.278195,146.82252,251.720704
32.13,1.047507,0.278195,146.822509,251.720969
32.14,1.047507,0.278195,146.822498,251.721234
32.15,1.047507,0.278195,146.822487,251.721499
32.16,1.047507,0.278195,146.822476,251.721764
32.17,1.047507,0.278196,146.822465,251.722028
32.18,1.047507,0.278196,146.822453,251.722293
32.19,1.047507,0.278196,146.822442,251.722558
32.2,1.047507,0.278196,146.822431,251.722822
32.21,1.047507,0.278196,146.82242,251.723087
32.22,1.047507,0.278197,146.822409,251.723352
32.23,1.047507,0.278197,146.822398,251.723616
32.24,1.047507,0.278197,146.822386,251.723881
32.25,1.047507,0.278197,146.822375,251.724145
32.26,1.047507,0.278198,146.822364,251.724409
32.27,1.047507,0.278198,146.822353,251.724674
32.28,1.047507,0.278198,146.822342,251.724938
32.29,1.047507,0.278198,146.82233,251.725202
32.3,1.047507,0.278198,146.822319,251.725466
32.31,1.047507,0.278199,146.822308,251.72573
32.32,1.047507,0.278199,146.822296,251.725994
32.33,1.047507,0.278199,146.822285,251.726258
32.34,1.047507,0.278199,146.822274,251.726521
32.35,1.047507,0.278199,146.822263,251.726785
32.36,1.047507,0.2782,146.822251,251.727048
32.37,1.047507,0.2782,146.82224,251.727312
32.38,1.047507,0.2782,146.822229,251.727575
32.39,1.047507,0.2782,146.822217,251.727838
32.4,1.047507,0.278201,146.822206,251.728101
32.41,1.047507,0.278201,146.822194,251.728364
32.42,1.047507,0.278201,146.822183,251.728627
32.43,1.047507,0.278201,146.822172,251.72889
32.44,1.047507,0.278201,146.82216,251.729153
32.45,1.047507,0.278202,146.822149,251.729415
32.46,1.047507,0.278202,146.822137,251.729678
32.47,1.047507,0.278202,146.822126,251.72994
32.48,1.047507,0.278202,146.822114,251.730202
32.49,1.047507,0.278202,146.822103,251.730464
32.5,1.047507,0.278203,146.822091,251.730726
32.51,1.047507,0.278203,146.82208,251.730988
32.52,1.047507,0.278203,146.822068,251.73125
32.53,1.047507,0.278203,146.822057,251.731511
32.54,1.047507,0.278203,146.822045,251.731773
32.55,1.047507,0.278204,146.822033,251.732034
32.56,1.047507,0.278204,146.822022,251.732295
32.57,1.047507,0.278204,146.82201,251.732556
32.58,1.047507,0.278204,146.821999,251.732817
32.59,1.047507,0.278204,146.821987,251.733078
32.6,1.047507,0.278205,146.821975,251.733339
32.61,1.047507,0.278205,146.821964,251.7336
32.62,1.047507,0.278205,146.821952,251.73386
32.63,1.047507,0.278205,146.82194,251.734121
32.64,1.047507,0.278206,146.821928,251.734381
32.65,1.047507,0.278206,146.821917,251.734641
32.66,1.047507,0.278206,146.821905,251.734901
32.67,1.047507,0.278206,146.821893,251.735161
32.68,1.047507,0.278206,146.821881,251.735421
32.69,1.047507,0.278207,146.821869,251.735681
32.7,1.047507,0.278207,146.821857,251.735941
32.71,1.047507,0.278207,146.821846,251.736201
32.72,1.047507,0.278207,146.821834,251.736461
32.73,1.047507,0.278207,146.821822,251.73672
32.74,1.047507,0.278208,146.82181,251.73698
32.75,1.047507,0.278208,146.821798,251.737239
32.76,1.047507,0.278208,146.821786,251.737498
32.77,1.047507,0.278208,146.821774,251.737758
32.78,1.047507,0.278208,146.821762,251.738017
32.79,1.047507,0.278209,146.82175,251.738276
32.8,1.047507,0.278209,146.821738,251.738535
32.81,1.047507,0.278209,146.821726,251.738794
32.82,1.047507,0.278209,146.821714,251.739054
32.83,1.047507,0.278209,146.821701,251.739313
32.84,1.047507,0.27821,146.821689,251.739571
32.85,1.047507,0.27821,146.821677,251.73983
32.86,1.047507,0.27821,146.821665,251.740089
32.87,1.047507,0.27821,146.821653,251.740348
32.88,1.047507,0.278211,146.82164,251.740607
32.89,1.047507,0.278211,146.821628,251.740866
32.9,1.047507,0.278211,146.821616,251.741124
32.91,1.047507,0.278211,146.821604,251.741383
32.92,1.047507,0.278211,146.821591,251.741642
32.93,1.047507,0.278212,146.821579,251.7419
32.94,1.047507,0.278212,146.821567,251.742159
32.95,1.047507,0.278212,146.821554,251.742417
32.96,1.047507,0.278212,146.821542,251.742676
32.97,1.047507,0.278212,146.821529,251.742934
32.98,1.047507,0.278213,146.821517,251.743193
32.99,1.047507,0.278213,146.821504,251.743451
33,1.047507,0.278213,146.821492,251.74371
33.01,1.047507,0.278213,146.821479,251.743968
33.02,1.047507,0.278213,146.821467,251.744226
33.03,1.047507,0.278214,146.821454,251.744484
33.04,1.047507,0.278214,146.821442,251.744743
33.05,1.047507,0.278214,146.821429,251.745001
33.06,1.047507,0.278214,146.821416,251.745259
33.07,1.047507,0.278214,146.821404,251.745517
33.08,1.047507,0.278215,146.821391,251.745775
33.09,1.047507,0.278215,146.821378,251.746033
33.1,1.047507,0.278215,146.821365,251.746291
33.11,1.047507,0.278215,146.821353,251.746549
33.12,1.047507,0.278215,146.82134,251.746807
33.13,1.047507,0.278216,146.821327,251.747064
33.14,1.047507,0.278216,146.821314,251.747322
33.15,1.047507,0.278216,146.821301,251.74758
33.16,1.047507,0.278216,146.821289,251.747837
33.17,1.047507,0.278217,146.821276,251.748095
33.18,1.047507,0.278217,146.821263,251.748352
33.19,1.047507,0.278217,146.82125,251.74861
33.2,1.047507,0.278217,146.821237,251.748867
33.21,1.047507,0.278217,146.821224,251.749124
33.22,1.047507,0.278218,146.821211,251.749381
33.23,1.047507,0.278218,146.821198,251.749638
33.24,1.047507,0.278218,146.821185,251.749895
33.25,1.047507,0.278218,146.821172,251.750152
33.26,1.047507,0.278218,146.821159,251.750409
33.27,1.047507,0.278219,146.821146,251.750666
33.28,1.047507,0.278219,146.821132,251.750922
33.29,1.047507,0.278219,146.821119,251.751179
33.3,1.047507,0.278219,146.821106,251.751435
33.31,1.047507,0.278219,146.821093,251.751692
33.32,1.047507,0.27822,146.82108,251.751948
33.33,1.047507,0.27822,146.821067,251.752204
33.34,1.047507,0.27822,146.821053,251.75246
33.35,1.047507,0.27822,146.82104,251.752716
33.36,1.047507,0.27822,146.821027,251.752972
33.37,1.047507,0.278221,146.821014,251.753228
33.38,1.047507,0.278221,146.821,251.753483
33.39,1.047507,0.278221,146.820987,251.753739
33.4,1.047507,0.278221,146.820974,251.753994
33.41,1.047507,0.278221,146.82096,251.75425
33.42,1.047507,0.278222,146.820947,251.754505
33.43,1.047507,0.278222,146.820934,251.75476
33.44,1.047507,0.278222,146.82092,251.755015
33.45,1.047507,0.278222,146.820907,251.75527
33.46,1.047507,0.278222,146.820893,251.755525
33.47,1.047507,0.278223,146.82088,251.75578
33.48,1.047507,0.278223,146.820866,251.756034
33.49,1.047507,0.278223,146.820853,251.756289
33.5,1.047507,0.278223,146.820839,251.756543
33.51,1.047507,0.278223,146.820826,251.756798
33.52,1.047507,0.278224,146.820812,251.757052
33.53,1.047507,0.278224,146.820799,251.757306
33.54,1.047507,0.278224,146.820785,251.75756
33.55,1.047507,0.278224,146.820772,251.757814
33.56,1.047507,0.278224,146.820758,251.758068
33.57,1.047507,0.278225,146.820745,251.758322
33.58,1.047507,0.278225,146.820731,251.758576
33.59,1.047507,0.278225,146.820717,251.75883
33.6,1.047507,0.278225,146.820704,251.759083
33.61,1.047507,0.278226,146.82069,251.759337
33.62,1.047507,0.278226,146.820676,251.75959
33.63,1.047507,0.278226,146.820663,251.759844
33.64,1.047507,0.278226,146.820649,251.760097
33.65,1.047507,0.278226,146.820635,251.760351
33.66,1.047507,0.278227,146.820622,251.760604
33.67,1.047507,0.278227,146.820608,251.760857
33.68,1.047507,0.278227,146.820594,251.76111
33.69,1.047507,0.278227,146.82058,251.761363
33.7,1.047507,0.278227,146.820567,251.761616
33.71,1.047507,0.278228,146.820553,251.761869
33.72,1.047507,0.278228,146.820539,251.762122
33.73,1.047507,0.278228,146.820525,251.762375
33.74,1.047507,0.278228,146.820511,251.762628
33.75,1.047507,0.278228,146.820498,251.762881
33.76,1.047507,0.278229,146.820484,251.763134
33.77,1.047507,0.278229,146.82047,251.763387
33.78,1.047507,0.278229,146.820456,251.763639
33.79,1.047507,0.278229,146.820442,251.763892
33.8,1.047507,0.278229,146.820428,251.764145
33.81,1.047507,0.27823,146.820414,251.764397
33.82,1.047507,0.27823,146.8204,251.76465
33.83,1.047507,0.27823,146.820386,251.764902
33.84,1.047507,0.27823,146.820372,251.765155
33.85,1.047507,0.27823,146.820358,251.765407
33.86,1.047507,0.278231,146.820344,251.765659
33.87,1.047507,0.278231,146.82033,251.765912
33.88,1.047507,0.278231,146.820316,251.766164
33.89,1.047507,0.278231,146.820302,251.766416
33.9,1.047507,0.278231,146.820288,251.766669
33.91,1.047507,0.278232,146.820274,251.766921
33.92,1.047507,0.278232,146.82026,251.767173
33.93,1.047507,0.278232,146.820246,251.767425
33.94,1.047507,0.278232,146.820232,251.767677
33.95,1.047507,0.278232,146.820217,251.767929
33.96,1.047507,0.278233,146.820203,251.768181
33.97,1.047507,0.278233,146.820189,251.768433
33.98,1.047507,0.278233,146.820175,251.768685
33.99,1.047507,0.278233,146.820161,251.768937
34,1.047507,0.278233,146.820146,251.769188
34.01,1.047507,0.278234,146.820132,251.76944
34.02,1.047507,0.278234,146.820118,251.769692
34.03,1.047507,0.278234,146.820104,251.769943
34.04,1.047507,0.278234,146.820089,251.770195
34.05,1.047507,0.278234,146.820075,251.770446
34.06,1.047507,0.278235,146.820061,251.770698
34.07,1.047507,0.278235,146.820046,251.770949
34.08,1.047507,0.278235,146.820032,251.7712
34.09,1.047507,0.278235,146.820018,251.771452
34.1,1.047507,0.278235,146.820003,251.771703
34.11,1.047507,0.278236,146.819989,251.771954
34.12,1.047507,0.278236,146.819974,251.772205
34.13,1.047507,0.278236,146.81996,251.772456
34.14,1.047507,0.278236,146.819946,251.772706
34.15,1.047507,0.278236,146.819931,251.772957
34.16,1.047507,0.278237,146.819917,251.773208
34.17,1.047507,0.278237,146.819902,251.773458
34.18,1.047507,0.278237,146.819888,251.773709
34.19,1.047507,0.278237,146.819873,251.773959
34.2,1.047507,0.278237,146.819858,251.77421
34.21,1.047507,0.278238,146.819844,251.77446
34.22,1.047507,0.278238,146.819829,251.77471
34.23,1.047507,0.278238,146.819815,251.77496
34.24,1.047507,0.278238,146.8198,251.77521
34.25,1.047507,0.278238,146.819785,251.77546
34.26,1.047507,0.278239,146.819771,251.775709
34.27,1.047507,0.278239,146.819756,251.775959
34.28,1.047507,0.278239,146.819741,251.776209
34.29,1.047507,0.278239,146.819727,251.776458
34.3,1.047507,0.278239,146.819712,251.776707
34.31,1.047507,0.27824,146.819697,251.776957
34.32,1.047507,0.27824,146.819682,251.777206
34.33,1.047507,0.27824,146.819668,251.777455
34.34,1.047507,0.27824,146.819653,251.777704
34.35,1.047507,0.27824,146.819638,251.777953
34.36,1.047507,0.278241,146.819623,251.778202
34.37,1.047507,0.278241,146.819609,251.77845
34.38,1.047507,0.278241,146.819594,251.778699
34.39,1.047507,0.278241,146.819579,251.778947
34.4,1.047507,0.278241,146.819564,251.779196
34.41,1.047507,0.278242,146.819549,251.779444
34.42,1.047507,0.278242,146.819534,251.779692
34.43,1.047507,0.278242,146.819519,251.779941
34.44,1.047507,0.278242,146.819504,251.780189
34.45,1.047507,0.278242,146.819489,251.780437
34.46,1.047507,0.278243,146.819474,251.780685
34.47,1.047507,0.278243,146.81946,251.780932
34.48,1.047507,0.278243,146.819445,251.78118
34.49,1.047507,0.278243,146.81943,251.781428
34.5,1.047507,0.278243,146.819415,251.781675
34.51,1.047507,0.278244,146.8194,251.781923
34.52,1.047507,0.278244,146.819385,251.782171
34.53,1.047507,0.278244,146.81937,251.782418
34.54,1.047507,0.278244,146.819354,251.782665
34.55,1.047507,0.278244,146.819339,251.782912
34.56,1.047507,0.278244,146.819324,251.78316
34.57,1.047507,0.278245,146.819309,251.783407
34.58,1.047507,0.278245,146.819294,251.783654
34.59,1.047507,0.278245,146.819279,251.783901
34.6,1.047507,0.278245,146.819264,251.784148
34.61,1.047507,0.278245,146.819249,251.784395
34.62,1.047507,0.278246,146.819234,251.784642
34.63,1.047507,0.278246,146.819218,251.784888
34.64,1.047507,0.278246,146.819203,251.785135
34.65,1.047507,0.278246,146.819188,251.785382
34.66,1.047507,0.278246,146.819173,251.785628
34.67,1.047507,0.278247,146.819158,251.785875
34.68,1.047507,0.278247,146.819142,251.786122
34.69,1.047507,0.278247,146.819127,251.786368
34.7,1.047507,0.278247,146.819112,251.786615
34.71,1.047507,0.278247,146.819097,251.786861
34.72,1.047507,0.278248,146.819082,251.787107
34.73,1.047507,0.278248,146.819066,251.787354
34.74,1.047507,0.278248,146.819051,251.7876
34.75,1.047507,0.278248,146.819036,251.787846
34.76,1.047507,0.278248,146.81902,251.788092
34.77,1.047507,0.278249,146.819005,251.788338
34.78,1.047507,0.278249,146.81899,251.788584
34.79,1.047507,0.278249,146.818974,251.78883
34.8,1.047507,0.278249,146.818959,251.789076
34.81,1.047507,0.278249,146.818944,251.789322
34.82,1.047507,0.27825,146.818928,251.789568
34.83,1.047507,0.27825,146.818913,251.789814
34.84,1.047507,0.27825,146.818898,251.79006
34.85,1.047507,0.27825,146.818882,251.790306
34.86,1.047507,0.27825,146.818867,251.790551
34.87,1.047507,0.278251,146.818852,251.790797
34.88,1.047507,0.278251,146.818836,251.791043
34.89,1.047507,0.278251,146.818821,251.791288
34.9,1.047507,0.278251,146.818805,251.791534
34.91,1.047507,0.278251,146.81879,251.791779
34.92,1.047507,0.278252,146.818775,251.792025
34.93,1.047507,0.278252,146.818759,251.79227
34.94,1.047507,0.278252,146.818744,251.792515
34.95,1.047507,0.278252,146.818728,251.79276
34.96,1.047507,0.278252,146.818713,251.793006
34.97,1.047507,0.278253,146.818697,251.793251
34.98,1.047507,0.278253,146.818682,251.793496
34.99,1.047507,0.278253,146.818667,251.793741
35,1.047507,0.278253,146.818651,251.793986
35.01,1.047507,0.278253,146.818636,251.79423
35.02,1.047507,0.278253,146.81862,251.794475
35.03,1.047507,0.278254,146.818605,251.79472
35.04,1.047507,0.278254,146.818589,251.794964
35.05,1.047507,0.278254,146.818574,251.795209
35.06,1.047507,0.278254,146.818558,251.795453
35.07,1.047507,0.278254,146.818543,251.795698
35.08,1.047507,0.278255,146.818527,251.795942
35.09,1.047507,0.278255,146.818512,251.796186
35.1,1.047507,0.278255,146.818496,251.796431
35.11,1.047507,0.278255,146.818481,251.796675
35.12,1.047507,0.278255,146.818465,251.796919
35.13,1.047507,0.278256,146.81845,251.797163
35.14,1.047507,0.278256,146.818434,251.797406
35.15,1.047507,0.278256,146.818419,251.79765
35.16,1.047507,0.278256,146.818403,251.797894
35.17,1.047507,0.278256,146.818388,251.798137
35.18,1.047507,0.278257,146.818372,251.798381
35.19,1.047507,0.278257,146.818357,251.798624
35.2,1.047507,0.278257,146.818341,251.798868
35.21,1.047507,0.278257,146.818326,251.799111
35.22,1.047507,0.278257,146.81831,251.799354
35.23,1.047507,0.278258,146.818295,251.799597
35.24,1.047507,0.278258,146.818279,251.79984
35.25,1.047507,0.278258,146.818264,251.800083
35.26,1.047507,0.278258,146.818248,251.800326
35.27,1.047507,0.278258,146.818233,251.800569
35.28,1.047507,0.278259,146.818217,251.800812
35.29,1.047507,0.278259,146.818202,251.801054
35.3,1.047507,0.278259,146.818186,251.801297
35.31,1.047507,0.278259,146.818171,251.801539
35.32,1.047507,0.278259,146.818155,251.801782
35.33,1.047507,0.278259,146.818139,251.802024
35.34,1.047507,0.27826,146.818124,251.802266
35.35,1.047507,0.27826,146.818108,251.802508
35.36,1.047507,0.27826,146.818093,251.80275
35.37,1.047507,0.27826,146.818077,251.802992
35.38,1.047507,0.27826,146.818062,251.803234
35.39,1.047507,0.278261,146.818046,251.803476
35.4,1.047507,0.278261,146.818031,251.803718
35.41,1.047507,0.278261,146.818015,251.80396
35.42,1.047507,0.278261,146.818,251.804201
35.43,1.047507,0.278261,146.817984,251.804443
35.44,1.047507,0.278262,146.817969,251.804684
35.45,1.047507,0.278262,146.817953,251.804926
35.46,1.047507,0.278262,146.817938,251.805167
35.47,1.047507,0.278262,146.817923,251.805409
35.48,1.047507,0.278262,146.817907,251.80565
35.49,1.047507,0.278263,146.817892,251.805891
35.5,1.047507,0.278263,146.817876,251.806132
35.51,1.047507,0.278263,146.817861,251.806373
35.52,1.047507,0.278263,146.817845,251.806615
35.53,1.047507,0.278263,146.81783,251.806856
35.54,1.047507,0.278264,146.817814,251.807097
35.55,1.047507,0.278264,146.817799,251.807337
35.56,1.047507,0.278264,146.817783,251.807578
35.57,1.047507,0.278264,146.817768,251.807819
35.58,1.047507,0.278264,146.817752,251.80806
35.59,1.047507,0.278264,146.817737,251.8083
35.6,1.047507,0.278265,146.817721,251.808541
35.61,1.047507,0.278265,146.817706,251.808782
35.62,1.047507,0.278265,146.81769,251.809022
35.63,1.047507,0.278265,146.817675,251.809263
35.64,1.047507,0.278265,146.81766,251.809503
35.65,1.047507,0.278266,146.817644,251.809744
35.66,1.047507,0.278266,146.817629,251.809984
35.67,1.047507,0.278266,146.817613,251.810224
35.68,1.047507,0.278266,146.817598,251.810464
35.69,1.047507,0.278266,146.817582,251.810705
35.7,1.047507,0.278267,146.817567,251.810945
35.71,1.047507,0.278267,146.817551,251.811185
35.72,1.047507,0.278267,146.817536,251.811425
35.73,1.047507,0.278267,146.817521,251.811665
35.74,1.047507,0.278267,146.817505,251.811905
35.75,1.047507,0.278268,146.81749,251.812145
35.76,1.047507,0.278268,146.817474,251.812384
35.77,1.047507,0.278268,146.817459,251.812624
35.78,1.047507,0.278268,146.817443,251.812864
35.79,1.047507,0.278268,146.817428,251.813104
35.8,1.047507,0.278268,146.817413,251.813343
35.81,1.047507,0.278269,146.817397,251.813583
35.82,1.047507,0.278269,146.817382,251.813822
35.83,1.047507,0.278269,146.817366,251.814062
35.84,1.047507,0.278269,146.817351,251.814301
35.85,1.047507,0.278269,146.817336,251.81454
35.86,1.047507,0.27827,146.81732,251.814779
35.87,1.047507,0.27827,146.817305,251.815019
35.88,1.047507,0.27827,146.817289,251.815258
35.89,1.047507,0.27827,146.817274,251.815497
35.9,1.047507,0.27827,146.817259,251.815736
35.91,1.047507,0.278271,146.817243,251.815975
35.92,1.047507,0.278271,146.817228,251.816213
35.93,1.047507,0.278271,146.817213,251.816452
35.94,1.047507,0.278271,146.817197,251.816691
35.95,1.047507,0.278271,146.817182,251.81693
35.96,1.047507,0.278272,146.817166,251.817168
35.97,1.047507,0.278272,146.817151,251.817407
35.98,1.047507,0.278272,146.817136,251.817645
35.99,1.047507,0.278272,146.81712,251.817883
36,1.047507,0.278272,146.817105,251.818122
36.01,1.047507,0.278272,146.81709,251.81836
36.02,1.047507,0.278273,146.817074,251.818598
36.03,1.047507,0.278273,146.817059,251.818836
36.04,1.047507,0.278273,146.817044,251.819074
36.05,1.047507,0.278273,146.817029,251.819312
36.06,1.047507,0.278273,146.817013,251.819549
36.07,1.047507,0.278274,146.816998,251.819787
36.08,1.047507,0.278274,146.816983,251.820025
36.09,1.047507,0.278274,146.816967,251.820262
36.1,1.047507,0.278274,146.816952,251.8205
36.11,1.047507,0.278274,146.816937,251.820737
36.12,1.047507,0.278275,146.816922,251.820974
36.13,1.047507,0.278275,146.816906,251.821212
36.14,1.047507,0.278275,146.816891,251.821449
36.15,1.047507,0.278275,146.816876,251.821686
36.16,1.047507,0.278275,146.816861,251.821923
36.17,1.047507,0.278275,146.816845,251.82216
36.18,1.047507,0.278276,146.81683,251.822397
36.19,1.047507,0.278276,146.816815,251.822633
36.2,1.047507,0.278276,146.8168,251.82287
36.21,1.047507,0.278276,146.816785,251.823107
36.22,1.047507,0.278276,146.816769,251.823343
36.23,1.047507,0.278277,146.816754,251.82358
36.24,1.047507,0.278277,146.816739,251.823816
36.25,1.047507,0.278277,146.816724,251.824052
36.26,1.047507,0.278277,146.816709,251.824288
36.27,1.047507,0.278277,146.816694,251.824525
36.28,1.047507,0.278278,146.816678,251.824761
36.29,1.047507,0.278278,146.816663,251.824997
36.3,1.047507,0.278278,146.816648,251.825233
36.31,1.047507,0.278278,146.816633,251.825469
36.32,1.047507,0.278278,146.816618,251.825705
36.33,1.047507,0.278278,146.816603,251.82594
36.34,1.047507,0.278279,146.816588,251.826176
36.35,1.047507,0.278279,146.816573,251.826412
36.36,1.047507,0.278279,146.816558,251.826647
36.37,1.047507,0.278279,146.816543,251.826883
36.38,1.047507,0.278279,146.816528,251.827118
36.39,1.047507,0.27828,146.816513,251.827354
36.4,1.047507,0.27828,146.816498,251.827589
36.41,1.047507,0.27828,146.816483,251.827824
36.42,1.047507,0.27828,146.816468,251.82806
36.43,1.047507,0.27828,146.816453,251.828295
36.44,1.047507,0.278281,146.816438,251.82853
36.45,1.047507,0.278281,146.816423,251.828765
36.46,1.047507,0.278281,146.816408,251.829
36.47,1.047507,0.278281,146.816393,251.829235
36.48,1.047507,0.278281,146.816378,251.82947
36.49,1.047507,0.278281,146.816363,251.829705
36.5,1.047507,0.278282,146.816348,251.829939
36.51,1.047507,0.278282,146.816333,251.830174
36.52,1.047507,0.278282,146.816318,251.830409
36.53,1.047507,0.278282,146.816303,251.830644
36.54,1.047507,0.278282,146.816288,251.830878
36.55,1.047507,0.278283,146.816274,251.831113
36.56,1.047507,0.278283,146.816259,251.831347
36.57,1.047507,0.278283,146.816244,251.831582
36.58,1.047507,0.278283,146.816229,251.831816
36.59,1.047507,0.278283,146.816214,251.83205
36.6,1.047507,0.278284,146.8162,251.832285
36.61,1.047507,0.278284,146.816185,251.832519
36.62,1.047507,0.278284,146.81617,251.832753
36.63,1.047507,0.278284,146.816155,251.832987
36.64,1.047507,0.278284,146.816141,251.833221
36.65,1.047507,0.278284,146.816126,251.833455
36.66,1.047507,0.278285,146.816111,251.833689
36.67,1.047507,0.278285,146.816096,251.833923
36.68,1.047507,0.278285,146.816082,251.834157
36.69,1.047507,0.278285,146.816067,251.834391
36.7,1.047507,0.278285,146.816052,251.834625
36.71,1.047507,0.278286,146.816038,251.834859
36.72,1.047507,0.278286,146.816023,251.835092
36.73,1.047507,0.278286,146.816009,251.835326
36.74,1.047507,0.278286,146.815994,251.835559
36.75,1.047507,0.278286,146.815979,251.835793
36.76,1.047507,0.278286,146.815965,251.836026
36.77,1.047507,0.278287,146.81595,251.83626
36.78,1.047507,0.278287,146.815936,251.836493
36.79,1.047507,0.278287,146.815921,251.836726
36.8,1.047507,0.278287,146.815907,251.836959
36.81,1.047507,0.278287,146.815892,251.837192
36.82,1.047507,0.278288,146.815878,251.837426
36.83,1.047507,0.278288,146.815863,251.837659
36.84,1.047507,0.278288,146.815849,251.837891
36.85,1.047507,0.278288,146.815834,251.838124
36.86,1.047507,0.278288,146.81582,251.838357
36.87,1.047507,0.278289,146.815805,251.83859
36.88,1.047507,0.278289,146.815791,251.838822
36.89,1.047507,0.278289,146.815777,251.839055
36.9,1.047507,0.278289,146.815762,251.839288
36.91,1.047507,0.278289,146.815748,251.83952
36.92,1.047507,0.278289,146.815734,251.839752
36.93,1.047507,0.27829,146.815719,251.839985
36.94,1.047507,0.27829,146.815705,251.840217
36.95,1.047507,0.27829,146.815691,251.840449
36.96,1.047507,0.27829,146.815676,251.840681
36.97,1.047507,0.27829,146.815662,251.840913
36.98,1.047507,0.278291,146.815648,251.841145
36.99,1.047507,0.278291,146.815634,251.841377
37,1.047507,0.278291,146.815619,251.841609
37.01,1.047507,0.278291,146.815605,251.84184
37.02,1.047507,0.278291,146.815591,251.842072
37.03,1.047507,0.278291,146.815577,251.842304
37.04,1.047507,0.278292,146.815563,251.842535
37.05,1.047507,0.278292,146.815548,251.842767
37.06,1.047507,0.278292,146.815534,251.842998
37.07,1.047507,0.278292,146.81552,251.843229
37.08,1.047507,0.278292,146.815506,251.843461
37.09,1.047507,0.278293,146.815492,251.843692
37.1,1.047507,0.278293,146.815478,251.843923
37.11,1.047507,0.278293,146.815464,251.844154
37.12,1.047507,0.278293,146.81545,251.844385
37.13,1.047507,0.278293,146.815436,251.844616
37.14,1.047507,0.278294,146.815422,251.844846
37.15,1.047507,0.278294,146.815408,251.845077
37.16,1.047507,0.278294,146.815394,251.845308
37.17,1.047507,0.278294,146.81538,251.845538
37.18,1.047507,0.278294,146.815366,251.845769
37.19,1.047507,0.278294,146.815352,251.845999
37.2,1.047507,0.278295,146.815338,251.84623
37.21,1.047507,0.278295,146.815324,251.84646
37.22,1.047507,0.278295,146.81531,251.84669
37.23,1.047507,0.278295,146.815296,251.846921
37.24,1.047507,0.278295,146.815283,251.847151
37.25,1.047507,0.278296,146.815269,251.847381
37.26,1.047507,0.278296,146.815255,251.847611
37.27,1.047507,0.278296,146.815241,251.847841
37.28,1.047507,0.278296,146.815227,251.848071
37.29,1.047507,0.278296,146.815214,251.8483
37.3,1.047507,0.278296,146.8152,251.84853
37.31,1.047507,0.278297,146.815186,251.84876
37.32,1.047507,0.278297,146.815172,251.84899
37.33,1.047507,0.278297,146.815159,251.849219
37.34,1.047507,0.278297,146.815145,251.849449
37.35,1.047507,0.278297,146.815131,251.849678
37.36,1.047507,0.278298,146.815118,251.849908
37.37,1.047507,0.278298,146.815104,251.850137
37.38,1.047507,0.278298,146.81509,251.850366
37.39,1.047507,0.278298,146.815077,251.850596
37.4,1.047507,0.278298,146.815063,251.850825
37.41,1.047507,0.278298,146.815049,251.851054
37.42,1.047507,0.278299,146.815036,251.851283
37.43,1.047507,0.278299,146.815022,251.851512
37.44,1.047507,0.278299,146.815009,251.851741
37.45,1.047507,0.278299,146.814995,251.85197
37.46,1.047507,0.278299,146.814982,251.852199
37.47,1.047507,0.2783,146.814968,251.852428
37.48,1.047507,0.2783,146.814955,251.852657
37.49,1.047507,0.2783,146.814941,251.852885
37.5,1.047507,0.2783,146.814928,251.853114
37.51,1.047507,0.2783,146.814914,251.853343
37.52,1.047507,0.2783,146.814901,251.853571
37.53,1.047507,0.278301,146.814887,251.8538
37.54,1.047507,0.278301,146.814874,251.854028
37.55,1.047507,0.278301,146.814861,251.854257
37.56,1.047507,0.278301,146.814847,251.854485
37.57,1.047507,0.278301,146.814834,251.854713
37.58,1.047507,0.278302,146.814821,251.854941
37.59,1.047507,0.278302,146.814807,251.85517
37.6,1.047507,0.278302,146.814794,251.855398
37.61,1.047507,0.278302,146.814781,251.855626
37.62,1.047507,0.278302,146.814767,251.855854
37.63,1.047507,0.278302,146.814754,251.856082
37.64,1.047507,0.278303,146.814741,251.85631
37.65,1.047507,0.278303,146.814728,251.856537
37.66,1.047507,0.278303,146.814714,251.856765
37.67,1.047507,0.278303,146.814701,251.856993
37.68,1.047507,0.278303,146.814688,251.85722
37.69,1.047507,0.278304,146.814675,251.857448
37.7,1.047507,0.278304,146.814662,251.857675
37.71,1.047507,0.278304,146.814648,251.857903
37.72,1.047507,0.278304,146.814635,251.85813
37.73,1.047507,0.278304,146.814622,251.858358
37.74,1.047507,0.278304,146.814609,251.858585
37.75,1.047507,0.278305,146.814596,251.858812
37.76,1.047507,0.278305,146.814583,251.859039
37.77,1.047507,0.278305,146.81457,251.859266
37.78,1.047507,0.278305,146.814557,251.859493
37.79,1.047507,0.278305,146.814544,251.85972
37.8,1.047507,0.278306,146.814531,251.859947
37.81,1.047507,0.278306,146.814518,251.860174
37.82,1.047507,0.278306,146.814505,251.860401
37.83,1.047507,0.278306,146.814492,251.860627
37.84,1.047507,0.278306,146.814479,251.860854
37.85,1.047507,0.278306,146.814466,251.86108
37.86,1.047507,0.278307,146.814453,251.861307
37.87,1.047507,0.278307,146.81444,251.861533
37.88,1.047507,0.278307,146.814427,251.861759
37.89,1.047507,0.278307,146.814414,251.861986
37.9,1.047507,0.278307,146.814401,251.862212
37.91,1.047507,0.278308,146.814389,251.862438
37.92,1.047507,0.278308,146.814376,251.862664
37.93,1.047507,0.278308,146.814363,251.86289
37.94,1.047507,0.278308,146.81435,251.863116
37.95,1.047507,0.278308,146.814337,251.863342
37.96,1.047507,0.278308,146.814325,251.863568
37.97,1.047507,0.278309,146.814312,251.863793
37.98,1.047507,0.278309,146.814299,251.864019
37.99,1.047507,0.278309,146.814286,251.864244
38,1.047507,0.278309,146.814274,251.86447
38.01,1.047507,0.278309,146.814261,251.864695
38.02,1.047507,0.27831,146.814248,251.864921
38.03,1.047507,0.27831,146.814236,251.865146
38.04,1.047507,0.27831,146.814223,251.865371
38.05,1.047507,0.27831,146.814211,251.865596
38.06,1.047507,0.27831,146.814198,251.865822
38.07,1.047507,0.27831,146.814185,251.866047
38.08,1.047507,0.278311,146.814173,251.866272
38.09,1.047507,0.278311,146.81416,251.866496
38.1,1.047507,0.278311,146.814148,251.866721
38.11,1.047507,0.278311,146.814135,251.866946
38.12,1.047507,0.278311,146.814123,251.867171
38.13,1.047507,0.278311,146.81411,251.867396
38.14,1.047507,0.278312,146.814098,251.86762
38.15,1.047507,0.278312,146.814085,251.867845
38.16,1.047507,0.278312,146.814073,251.868069
38.17,1.047507,0.278312,146.81406,251.868294
38.18,1.047507,0.278312,146.814048,251.868518
38.19,1.047507,0.278313,146.814036,251.868742
38.2,1.047507,0.278313,146.814023,251.868967
38.21,1.047507,0.278313,146.814011,251.869191
38.22,1.047507,0.278313,146.813999,251.869415
38.23,1.047507,0.278313,146.813986,251.869639
38.24,1.047507,0.278313,146.813974,251.869863
38.25,1.047507,0.278314,146.813962,251.870087
38.26,1.047507,0.278314,146.813949,251.870311
38.27,1.047507,0.278314,146.813937,251.870535
38.28,1.047507,0.278314,146.813925,251.870759
38.29,1.047507,0.278314,146.813913,251.870982
38.3,1.047507,0.278315,146.8139,251.871206
38.31,1.047507,0.278315,146.813888,251.87143
38.32,1.047507,0.278315,146.813876,251.871653
38.33,1.047507,0.278315,146.813864,251.871877
38.34,1.047507,0.278315,146.813852,251.8721
38.35,1.047507,0.278315,146.81384,251.872324
38.36,1.047507,0.278316,146.813828,251.872547
38.37,1.047507,0.278316,146.813815,251.872771
38.38,1.047507,0.278316,146.813803,251.872994
38.39,1.047507,0.278316,146.813791,251.873217
38.4,1.047507,0.278316,146.813779,251.87344
38.41,1.047507,0.278316,146.813767,251.873663
38.42,1.047507,0.278317,146.813755,251.873886
38.43,1.047507,0.278317,146.813743,251.874109
38.44,1.047507,0.278317,146.813731,251.874332
38.45,1.047507,0.278317,146.813719,251.874555
38.46,1.047507,0.278317,146.813707,251.874778
38.47,1.047507,0.278318,146.813695,251.875001
38.48,1.047507,0.278318,146.813683,251.875224
38.49,1.047507,0.278318,146.813671,251.875446
38.5,1.047507,0.278318,146.81366,251.875669
38.51,1.047507,0.278318,146.813648,251.875891
38.52,1.047507,0.278318,146.813636,251.876114
38.53,1.047507,0.278319,146.813624,251.876336
38.54,1.047507,0.278319,146.813612,251.876559
38.55,1.047507,0.278319,146.8136,251.876781
38.56,1.047507,0.278319,146.813588,251.877003
38.57,1.047507,0.278319,146.813577,251.877226
38.58,1.047507,0.27832,146.813565,251.877448
38.59,1.047507,0.27832,146.813553,251.87767
38.6,1.047507,0.27832,146.813541,251.877892
38.61,1.047507,0.27832,146.81353,251.878114
38.62,1.047507,0.27832,146.813518,251.878336
38.63,1.047507,0.27832,146.813506,251.878558
38.64,1.047507,0.278321,146.813495,251.87878
38.65,1.047507,0.278321,146.813483,251.879001
38.66,1.047507,0.278321,146.813471,251.879223
38.67,1.047507,0.278321,146.81346,251.879445
38.68,1.047507,0.278321,146.813448,251.879666
38.69,1.047507,0.278321,146.813436,251.879888
38.7,1.047507,0.278322,146.813425,251.880109
38.71,1.047507,0.278322,146.813413,251.88033
38.72,1.047507,0.278322,146.813402,251.880552
38.73,1.047507,0.278322,146.81339,251.880773
38.74,1.047507,0.278322,146.813378,251.880994
38.75,1.047507,0.278323,146.813367,251.881215
38.76,1.047507,0.278323,146.813355,251.881436
38.77,1.047507,0.278323,146.813344,251.881657
38.78,1.047507,0.278323,146.813332,251.881878
38.79,1.047507,0.278323,146.813321,251.882099
38.8,1.047507,0.278323,146.81331,251.88232
38.81,1.047507,0.278324,146.813298,251.88254
38.82,1.047507,0.278324,146.813287,251.882761
38.83,1.047507,0.278324,146.813275,251.882982
38.84,1.047507,0.278324,146.813264,251.883202
38.85,1.047507,0.278324,146.813252,251.883422
38.86,1.047507,0.278324,146.813241,251.883643
38.87,1.047507,0.278325,146.81323,251.883863
38.88,1.047507,0.278325,146.813218,251.884083
38.89,1.047507,0.278325,146.813207,251.884304
38.9,1.047507,0.278325,146.813196,251.884524
38.91,1.047507,0.278325,146.813184,251.884744
38.92,1.047507,0.278326,146.813173,251.884964
38.93,1.047507,0.278326,146.813162,251.885184
38.94,1.047507,0.278326,146.81315,251.885403
38.95,1.047507,0.278326,146.813139,251.885623
38.96,1.047507,0.278326,146.813128,251.885843
38.97,1.047507,0.278326,146.813117,251.886063
38.98,1.047507,0.278327,146.813105,251.886282
38.99,1.047507,0.278327,146.813094,251.886502
39,1.047507,0.278327,146.813083,251.886721
39.01,1.047507,0.278327,146.813072,251.886941
39.02,1.047507,0.278327,146.813061,251.88716
39.03,1.047507,0.278327,146.81305,251.887379
39.04,1.047507,0.278328,146.813038,251.887599
39.05,1.047507,0.278328,146.813027,251.887818
39.06,1.047507,0.278328,146.813016,251.888037
39.07,1.047507,0.278328,146.813005,251.888256
39.08,1.047507,0.278328,146.812994,251.888475
39.09,1.047507,0.278328,146.812983,251.888694
39.1,1.047507,0.278329,146.812972,251.888913
39.11,1.047507,0.278329,146.812961,251.889132
39.12,1.047507,0.278329,146.81295,251.88935
39.13,1.047507,0.278329,146.812939,251.889569
39.14,1.047507,0.278329,146.812928,251.889788
39.15,1.047507,0.27833,146.812917,251.890006
39.16,1.047507,0.27833,146.812906,251.890225
39.17,1.047507,0.27833,146.812895,251.890443
39.18,1.047507,0.27833,146.812884,251.890662
39.19,1.047507,0.27833,146.812873,251.89088
39.2,1.047507,0.27833,146.812862,251.891099
39.21,1.047507,0.278331,146.812851,251.891317
39.22,1.047507,0.278331,146.81284,251.891535
39.23,1.047507,0.278331,146.812829,251.891753
39.24,1.047507,0.278331,146.812818,251.891971
39.25,1.047507,0.278331,146.812807,251.892189
39.26,1.047507,0.278331,146.812796,251.892407
39.27,1.047507,0.278332,146.812785,251.892625
39.28,1.047507,0.278332,146.812775,251.892843
39.29,1.047507,0.278332,146.812764,251.893061
39.3,1.047507,0.278332,146.812753,251.893279
39.31,1.047507,0.278332,146.812742,251.893497
39.32,1.047507,0.278333,146.812731,251.893714
39.33,1.047507,0.278333,146.81272,251.893932
39.34,1.047507,0.278333,146.81271,251.894149
39.35,1.047507,0.278333,146.812699,251.894367
39.36,1.047507,0.278333,146.812688,251.894584
39.37,1.047507,0.278333,146.812677,251.894802
39.38,1.047507,0.278334,146.812667,251.895019
39.39,1.047507,0.278334,146.812656,251.895236
39.4,1.047507,0.278334,146.812645,251.895454
39.41,1.047507,0.278334,146.812634,251.895671
39.42,1.047507,0.278334,146.812624,251.895888
39.43,1.047507,0.278334,146.812613,251.896105
39.44,1.047507,0.278335,146.812602,251.896322
39.45,1.047507,0.278335,146.812592,251.896539
39.46,1.047507,0.278335,146.812581,251.896756
39.47,1.047507,0.278335,146.81257,251.896973
39.48,1.047507,0.278335,146.81256,251.897189
39.49,1.047507,0.278335,146.812549,251.897406
39.5,1.047507,0.278336,146.812538,251.897623
39.51,1.047507,0.278336,146.812528,251.897839
39.52,1.047507,0.278336,146.812517,251.898056
39.53,1.047507,0.278336,146.812507,251.898272
39.54,1.047507,0.278336,146.812496,251.898489
39.55,1.047507,0.278337,146.812485,251.898705
39.56,1.047507,0.278337,146.812475,251.898921
39.57,1.047507,0.278337,146.812464,251.899138
39.58,1.047507,0.278337,146.812454,251.899354
39.59,1.047507,0.278337,146.812443,251.89957
39.6,1.047507,0.278337,146.812433,251.899786
39.61,1.047507,0.278338,146.812422,251.900002
39.62,1.047507,0.278338,146.812412,251.900218
39.63,1.047507,0.278338,146.812401,251.900434
39.64,1.047507,0.278338,146.812391,251.90065
39.65,1.047507,0.278338,146.81238,251.900865
39.66,1.047507,0.278338,146.81237,251.901081
39.67,1.047507,0.278339,146.812359,251.901297
39.68,1.047507,0.278339,146.812349,251.901512
39.69,1.047507,0.278339,146.812339,251.901728
39.7,1.047507,0.278339,146.812328,251.901943
39.71,1.047507,0.278339,146.812318,251.902158
39.72,1.047507,0.278339,146.812307,251.902374
39.73,1.047507,0.27834,146.812297,251.902589
39.74,1.047507,0.27834,146.812287,251.902804
39.75,1.047507,0.27834,146.812276,251.903019
39.76,1.047507,0.27834,146.812266,251.903234
39.77,1.047507,0.27834,146.812256,251.903449
39.78,1.047507,0.27834,146.812245,251.903664
39.79,1.047507,0.278341,146.812235,251.903879
39.8,1.047507,0.278341,146.812225,251.904094
39.81,1.047507,0.278341,146.812214,251.904309
39.82,1.047507,0.278341,146.812204,251.904523
39.83,1.047507,0.278341,146.812194,251.904738
39.84,1.047507,0.278342,146.812183,251.904953
39.85,1.047507,0.278342,146.812173,251.905167
39.86,1.047507,0.278342,146.812163,251.905382
39.87,1.047507,0.278342,146.812153,251.905596
39.88,1.047507,0.278342,146.812142,251.90581
39.89,1.047507,0.278342,146.812132,251.906025
39.9,1.047507,0.278343,146.812122,251.906239
39.91,1.047507,0.278343,146.812112,251.906453
39.92,1.047507,0.278343,146.812102,251.906667
39.93,1.047507,0.278343,146.812091,251.906881
39.94,1.047507,0.278343,146.812081,251.907095
39.95,1.047507,0.278343,146.812071,251.907309
39.96,1.047507,0.278344,146.812061,251.907523
39.97,1.047507,0.278344,146.812051,251.907737
39.98,1.047507,0.278344,146.812041,251.90795
39.99,1.047507,0.278344,146.81203,251.908164
40,1.047507,0.278344,146.81202,251.908378
40.01,1.047507,0.278344,146.81201,251.908591
40.02,1.047507,0.278345,146.812,251.908805
40.03,1.047507,0.278345,146.81199,251.909018
40.04,1.047507,0.278345,146.81198,251.909232
40.05,1.047507,0.278345,146.81197,251.909445
40.06,1.047507,0.278345,146.81196,251.909658
40.07,1.047507,0.278345,146.81195,251.909872
40.08,1.047507,0.278346,146.81194,251.910085
40.09,1.047507,0.278346,146.81193,251.910298
40.1,1.047507,0.278346,146.81192,251.910511
40.11,1.047507,0.278346,146.81191,251.910724
40.12,1.047507,0.278346,146.8119,251.910937
40.13,1.047507,0.278346,146.81189,251.91115
40.14,1.047507,0.278347,146.81188,251.911363
40.15,1.047507,0.278347,146.81187,251.911576
40.16,1.047507,0.278347,146.81186,251.911789
40.17,1.047507,0.278347,146.81185,251.912001
40.18,1.047507,0.278347,146.81184,251.912214
40.19,1.047507,0.278348,146.81183,251.912427
40.2,1.047507,0.278348,146.81182,251.912639
40.21,1.047507,0.278348,146.81181,251.912852
40.22,1.047507,0.278348,146.8118,251.913064
40.23,1.047507,0.278348,146.81179,251.913276
40.24,1.047507,0.278348,146.81178,251.913489
40.25,1.047507,0.278349,146.81177,251.913701
40.26,1.047507,0.278349,146.81176,251.913913
40.27,1.047507,0.278349,146.81175,251.914125
40.28,1.047507,0.278349,146.81174,251.914338
40.29,1.047507,0.278349,146.811731,251.91455
40.3,1.047507,0.278349,146.811721,251.914762
40.31,1.047507,0.27835,146.811711,251.914974
40.32,1.047507,0.27835,146.811701,251.915185
40.33,1.047507,0.27835,146.811691,251.915397
40.34,1.047507,0.27835,146.811681,251.915609
40.35,1.047507,0.27835,146.811671,251.915821
40.36,1.047507,0.27835,146.811662,251.916032
40.37,1.047507,0.278351,146.811652,251.916244
40.38,1.047507,0.278351,146.811642,251.916456
40.39,1.047507,0.278351,146.811632,251.916667
40.4,1.047507,0.278351,146.811622,251.916879
40.41,1.047507,0.278351,146.811612,251.91709
40.42,1.047507,0.278351,146.811603,251.917301
40.43,1.047507,0.278352,146.811593,251.917513
40.44,1.047507,0.278352,146.811583,251.917724
40.45,1.047507,0.278352,146.811573,251.917935
40.46,1.047507,0.278352,146.811564,251.918146
40.47,1.047507,0.278352,146.811554,251.918357
40.48,1.047507,0.278352,146.811544,251.918568
40.49,1.047507,0.278353,146.811534,251.918779
40.5,1.047507,0.278353,146.811525,251.91899
40.51,1.047507,0.278353,146.811515,251.919201
40.52,1.047507,0.278353,146.811505,251.919411
40.53,1.047507,0.278353,146.811495,251.919622
40.54,1.047507,0.278353,146.811486,251.919833
40.55,1.047507,0.278354,146.811476,251.920043
40.56,1.047507,0.278354,146.811466,251.920254
40.57,1.047507,0.278354,146.811457,251.920464
40.58,1.047507,0.278354,146.811447,251.920674
40.59,1.047507,0.278354,146.811437,251.920885
40.6,1.047507,0.278354,146.811428,251.921095
40.61,1.047507,0.278355,146.811418,251.921305
40.62,1.047507,0.278355,146.811408,251.921515
40.63,1.047507,0.278355,146.811399,251.921725
40.64,1.047507,0.278355,146.811389,251.921935
40.65,1.047507,0.278355,146.811379,251.922145
40.66,1.047507,0.278355,146.81137,251.922355
40.67,1.047507,0.278356,146.81136,251.922565
40.68,1.047507,0.278356,146.81135,251.922775
40.69,1.047507,0.278356,146.811341,251.922985
40.7,1.047507,0.278356,146.811331,251.923194
40.71,1.047507,0.278356,146.811321,251.923404
40.72,1.047507,0.278356,146.811312,251.923613
40.73,1.047507,0.278357,146.811302,251.923823
40.74,1.047507,0.278357,146.811293,251.924032
40.75,1.047507,0.278357,146.811283,251.924242
40.76,1.047507,0.278357,146.811273,251.924451
40.77,1.047507,0.278357,146.811264,251.92466
40.78,1.047507,0.278357,146.811254,251.924869
40.79,1.047507,0.278358,146.811245,251.925078
40.8,1.047507,0.278358,146.811235,251.925287
40.81,1.047507,0.278358,146.811226,251.925496
40.82,1.047507,0.278358,146.811216,251.925705
40.83,1.047507,0.278358,146.811207,251.925914
40.84,1.047507,0.278358,146.811197,251.926123
40.85,1.047507,0.278359,146.811187,251.926332
40.86,1.047507,0.278359,146.811178,251.926541
40.87,1.047507,0.278359,146.811168,251.926749
40.88,1.047507,0.278359,146.811159,251.926958
40.89,1.047507,0.278359,146.811149,251.927166
40.9,1.047507,0.278359,146.81114,251.927375
40.91,1.047507,0.27836,146.81113,251.927583
40.92,1.047507,0.27836,146.811121,251.927792
40.93,1.047507,0.27836,146.811111,251.928
40.94,1.047507,0.27836,146.811102,251.928208
40.95,1.047507,0.27836,146.811092,251.928417
40.96,1.047507,0.27836,146.811083,251.928625
40.97,1.047507,0.278361,146.811073,251.928833
40.98,1.047507,0.278361,146.811064,251.929041
40.99,1.047507,0.278361,146.811054,251.929249
41,1.047507,0.278361,146.811045,251.929457
41.01,1.047507,0.278361,146.811036,251.929665
41.02,1.047507,0.278362,146.811026,251.929873
41.03,1.047507,0.278362,146.811017,251.93008
41.04,1.047507,0.278362,146.811007,251.930288
41.05,1.047507,0.278362,146.810998,251.930496
41.06,1.047507,0.278362,146.810988,251.930703
41.07,1.047507,0.278362,146.810979,251.930911
41.08,1.047507,0.278363,146.81097,251.931119
41.09,1.047507,0.278363,146.81096,251.931326
41.1,1.047507,0.278363,146.810951,251.931533
41.11,1.047507,0.278363,146.810941,251.931741
41.12,1.047507,0.278363,146.810932,251.931948
41.13,1.047507,0.278363,146.810922,251.932155
41.14,1.047507,0.278363,146.810913,251.932363
41.15,1.047507,0.278364,146.810904,251.93257
41.16,1.047507,0.278364,146.810894,251.932777
41.17,1.047507,0.278364,146.810885,251.932984
41.18,1.047507,0.278364,146.810876,251.933191
41.19,1.047507,0.278364,146.810866,251.933398
41.2,1.047507,0.278364,146.810857,251.933605
41.21,1.047507,0.278365,146.810847,251.933811
41.22,1.047507,0.278365,146.810838,251.934018
41.23,1.047507,0.278365,146.810829,251.934225
41.24,1.047507,0.278365,146.810819,251.934432
41.25,1.047507,0.278365,146.81081,251.934638
41.26,1.047507,0.278365,146.810801,251.934845
41.27,1.047507,0.278366,146.810791,251.935051
41.28,1.047507,0.278366,146.810782,251.935258
41.29,1.047507,0.278366,146.810773,251.935464
41.3,1.047507,0.278366,146.810763,251.93567
41.31,1.047507,0.278366,146.810754,251.935877
41.32,1.047507,0.278366,146.810745,251.936083
41.33,1.047507,0.278367,146.810735,251.936289
41.34,1.047507,0.278367,146.810726,251.936495
41.35,1.047507,0.278367,146.810717,251.936701
41.36,1.047507,0.278367,146.810708,251.936907
41.37,1.047507,0.278367,146.810698,251.937113
41.38,1.047507,0.278367,146.810689,251.937319
41.39,1.047507,0.278368,146.81068,251.937525
41.4,1.047507,0.278368,146.81067,251.937731
41.41,1.047507,0.278368,146.810661,251.937936
41.42,1.047507,0.278368,146.810652,251.938142
41.43,1.047507,0.278368,146.810643,251.938348
41.44,1.047507,0.278368,146.810633,251.938553
41.45,1.047507,0.278369,146.810624,251.938759
41.46,1.047507,0.278369,146.810615,251.938964
41.47,1.047507,0.278369,146.810606,251.939169
41.48,1.047507,0.278369,146.810596,251.939375
41.49,1.047507,0.278369,146.810587,251.93958
41.5,1.047507,0.278369,146.810578,251.939785
41.51,1.047507,0.27837,146.810569,251.93999
41.52,1.047507,0.27837,146.810559,251.940195
41.53,1.047507,0.27837,146.81055,251.9404
41.54,1.047507,0.27837,146.810541,251.940605
41.55,1.047507,0.27837,146.810532,251.94081
41.56,1.047507,0.27837,146.810523,251.941015
41.57,1.047507,0.278371,146.810513,251.94122
41.58,1.047507,0.278371,146.810504,251.941425
41.59,1.047507,0.278371,146.810495,251.941629
41.6,1.047507,0.278371,146.810486,251.941834
41.61,1.047507,0.278371,146.810477,251.942038
41.62,1.047507,0.278371,146.810467,251.942243
41.63,1.047507,0.278372,146.810458,251.942447
41.64,1.047507,0.278372,146.810449,251.942652
41.65,1.047507,0.278372,146.81044,251.942856
41.66,1.047507,0.278372,146.810431,251.94306
41.67,1.047507,0.278372,146.810422,251.943265
41.68,1.047507,0.278372,146.810412,251.943469
41.69,1.047507,0.278373,146.810403,251.943673
41.7,1.047507,0.278373,146.810394,251.943877
41.71,1.047507,0.278373,146.810385,251.944081
41.72,1.047507,0.278373,146.810376,251.944285
41.73,1.047507,0.278373,146.810367,251.944489
41.74,1.047507,0.278373,146.810357,251.944693
41.75,1.047507,0.278374,146.810348,251.944896
41.76,1.047507,0.278374,146.810339,251.9451
41.77,1.047507,0.278374,146.81033,251.945304
41.78,1.047507,0.278374,146.810321,251.945507
41.79,1.047507,0.278374,146.810312,251.945711
41.8,1.047507,0.278374,146.810303,251.945914
41.81,1.047507,0.278375,146.810294,251.946118
41.82,1.047507,0.278375,146.810284,251.946321
41.83,1.047507,0.278375,146.810275,251.946525
41.84,1.047507,0.278375,146.810266,251.946728
41.85,1.047507,0.278375,146.810257,251.946931
41.86,1.047507,0.278375,146.810248,251.947134
41.87,1.047507,0.278376,146.810239,251.947337
41.88,1.047507,0.278376,146.81023,251.94754
41.89,1.047507,0.278376,146.810221,251.947743
41.9,1.047507,0.278376,146.810212,251.947946
41.91,1.047507,0.278376,146.810203,251.948149
41.92,1.047507,0.278376,146.810193,251.948352
41.93,1.047507,0.278377,146.810184,251.948555
41.94,1.047507,0.278377,146.810175,251.948758
41.95,1.047507,0.278377,146.810166,251.94896
41.96,1.047507,0.278377,146.810157,251.949163
41.97,1.047507,0.278377,146.810148,251.949366
41.98,1.047507,0.278377,146.810139,251.949568
41.99,1.047507,0.278377,146.81013,251.949771
42,1.047507,0.278378,146.810121,251.949973
42.01,1.047507,0.278378,146.810112,251.950176
42.02,1.047507,0.278378,146.810103,251.950378
42.03,1.047507,0.278378,146.810094,251.95058
42.04,1.047507,0.278378,146.810085,251.950782
42.05,1.047507,0.278378,146.810076,251.950984
42.06,1.047507,0.278379,146.810067,251.951187
42.07,1.047507,0.278379,146.810058,251.951389
42.08,1.047507,0.278379,146.810049,251.951591
42.09,1.047507,0.278379,146.810039,251.951793
42.1,1.047507,0.278379,146.81003,251.951995
42.11,1.047507,0.278379,146.810021,251.952196
42.12,1.047507,0.27838,146.810012,251.952398
42.13,1.047507,0.27838,146.810003,251.9526
42.14,1.047507,0.27838,146.809994,251.952802
42.15,1.047507,0.27838,146.809985,251.953003
42.16,1.047507,0.27838,146.809976,251.953205
42.17,1.047507,0.27838,146.809967,251.953406
42.18,1.047507,0.278381,146.809958,251.953608
42.19,1.047507,0.278381,146.809949,251.953809
42.2,1.047507,0.278381,146.80994,251.954011
42.21,1.047507,0.278381,146.809931,251.954212
42.22,1.047507,0.278381,146.809922,251.954413
42.23,1.047507,0.278381,146.809913,251.954614
42.24,1.047507,0.278382,146.809904,251.954815
42.25,1.047507,0.278382,146.809895,251.955016
42.26,1.047507,0.278382,146.809886,251.955218
42.27,1.047507,0.278382,146.809877,251.955418
42.28,1.047507,0.278382,146.809868,251.955619
42.29,1.047507,0.278382,146.809859,251.95582
42.3,1.047507,0.278382,146.80985,251.956021
42.31,1.047507,0.278383,146.809841,251.956222
42.32,1.047507,0.278383,146.809832,251.956423
42.33,1.047507,0.278383,146.809823,251.956623
42.34,1.047507,0.278383,146.809815,251.956824
42.35,1.047507,0.278383,146.809806,251.957024
42.36,1.047507,0.278383,146.809797,251.957225
42.37,1.047507,0.278384,146.809788,251.957425
42.38,1.047507,0.278384,146.809779,251.957626
42.39,1.047507,0.278384,146.80977,251.957826
42.4,1.047507,0.278384,146.809761,251.958026
42.41,1.047507,0.278384,146.809752,251.958226
42.42,1.047507,0.278384,146.809743,251.958426
42.43,1.047507,0.278385,146.809734,251.958626
42.44,1.047507,0.278385,146.809725,251.958827
42.45,1.047507,0.278385,146.809716,251.959026
42.46,1.047507,0.278385,146.809707,251.959226
42.47,1.047507,0.278385,146.809698,251.959426
42.48,1.047507,0.278385,146.809689,251.959626
42.49,1.047507,0.278386,146.80968,251.959826
42.5,1.047507,0.278386,146.809671,251.960025
42.51,1.047507,0.278386,146.809662,251.960225
42.52,1.047507,0.278386,146.809653,251.960425
42.53,1.047507,0.278386,146.809645,251.960624
42.54,1.047507,0.278386,146.809636,251.960824
42.55,1.047507,0.278387,146.809627,251.961023
42.56,1.047507,0.278387,146.809618,251.961222
42.57,1.047507,0.278387,146.809609,251.961422
42.58,1.047507,0.278387,146.8096,251.961621
42.59,1.047507,0.278387,146.809591,251.96182
42.6,1.047507,0.278387,146.809582,251.962019
42.61,1.047507,0.278387,146.809573,251.962218
42.62,1.047507,0.278388,146.809564,251.962417
42.63,1.047507,0.278388,146.809555,251.962616
42.64,1.047507,0.278388,146.809547,251.962815
42.65,1.047507,0.278388,146.809538,251.963014
42.66,1.047507,0.278388,146.809529,251.963213
42.67,1.047507,0.278388,146.80952,251.963412
42.68,1.047507,0.278389,146.809511,251.963611
42.69,1.047507,0.278389,146.809502,251.963809
42.7,1.047507,0.278389,146.809493,251.964008
42.71,1.047507,0.278389,146.809484,251.964206
42.72,1.047507,0.278389,146.809475,251.964405
42.73,1.047507,0.278389,146.809467,251.964603
42.74,1.047507,0.27839,146.809458,251.964802
42.75,1.047507,0.27839,146.809449,251.965
42.76,1.047507,0.27839,146.80944,251.965198
42.77,1.047507,0.27839,146.809431,251.965397
42.78,1.047507,0.27839,146.809422,251.965595
42.79,1.047507,0.27839,146.809413,251.965793
42.8,1.047507,0.278391,146.809405,251.965991
42.81,1.047507,0.278391,146.809396,251.966189
42.82,1.047507,0.278391,146.809387,251.966387
42.83,1.047507,0.278391,146.809378,251.966585
42.84,1.047507,0.278391,146.809369,251.966783
42.85,1.047507,0.278391,146.80936,251.966981
42.86,1.047507,0.278391,146.809351,251.967178
42.87,1.047507,0.278392,146.809343,251.967376
42.88,1.047507,0.278392,146.809334,251.967574
42.89,1.047507,0.278392,146.809325,251.967771
42.9,1.047507,0.278392,146.809316,251.967969
42.91,1.047507,0.278392,146.809307,251.968166
42.92,1.047507,0.278392,146.809298,251.968364
42.93,1.047507,0.278393,146.80929,251.968561
42.94,1.047507,0.278393,146.809281,251.968759
42.95,1.047507,0.278393,146.809272,251.968956
42.96,1.047507,0.278393,146.809263,251.969153
42.97,1.047507,0.278393,146.809254,251.96935
42.98,1.047507,0.278393,146.809246,251.969547
42.99,1.047507,0.278394,146.809237,251.969744
43,1.047507,0.278394,146.809228,251.969942
43.01,1.047507,0.278394,146.809219,251.970138
43.02,1.047507,0.278394,146.80921,251.970335
43.03,1.047507,0.278394,146.809201,251.970532
43.04,1.047507,0.278394,146.809193,251.970729
43.05,1.047507,0.278394,146.809184,251.970926
43.06,1.047507,0.278395,146.809175,251.971123
43.07,1.047507,0.278395,146.809166,251.971319
43.08,1.047507,0.278395,146.809157,251.971516
43.09,1.047507,0.278395,146.809149,251.971712
43.1,1.047507,0.278395,146.80914,251.971909
43.11,1.047507,0.278395,146.809131,251.972105
43.12,1.047507,0.278396,146.809122,251.972302
43.13,1.047507,0.278396,146.809114,251.972498
43.14,1.047507,0.278396,146.809105,251.972694
43.15,1.047507,0.278396,146.809096,251.972891
43.16,1.047507,0.278396,146.809087,251.973087
43.17,1.047507,0.278396,146.809078,251.973283
43.18,1.047507,0.278397,146.80907,251.973479
43.19,1.047507,0.278397,146.809061,251.973675
43.2,1.047507,0.278397,146.809052,251.973871
43.21,1.047507,0.278397,146.809043,251.974067
43.22,1.047507,0.278397,146.809035,251.974263
43.23,1.047507,0.278397,146.809026,251.974459
43.24,1.047507,0.278397,146.809017,251.974655
43.25,1.047507,0.278398,146.809008,251.97485
43.26,1.047507,0.278398,146.809,251.975046
43.27,1.047507,0.278398,146.808991,251.975241
43.28,1.047507,0.278398,146.808982,251.975437
43.29,1.047507,0.278398,146.808973,251.975633
43.3,1.047507,0.278398,146.808965,251.975828
43.31,1.047507,0.278399,146.808956,251.976023
43.32,1.047507,0.278399,146.808947,251.976219
43.33,1.047507,0.278399,146.808938,251.976414
43.34,1.047507,0.278399,146.80893,251.976609
43.35,1.047507,0.278399,146.808921,251.976804
43.36,1.047507,0.278399,146.808912,251.976999
43.37,1.047507,0.2784,146.808903,251.977195
43.38,1.047507,0.2784,146.808895,251.97739
43.39,1.047507,0.2784,146.808886,251.977584
43.4,1.047507,0.2784,146.808877,251.977779
43.41,1.047507,0.2784,146.808869,251.977974
43.42,1.047507,0.2784,146.80886,251.978169
43.43,1.047507,0.2784,146.808851,251.978364
43.44,1.047507,0.278401,146.808842,251.978558
43.45,1.047507,0.278401,146.808834,251.978753
43.46,1.047507,0.278401,146.808825,251.978948
43.47,1.047507,0.278401,146.808816,251.979142
43.48,1.047507,0.278401,146.808807,251.979337
43.49,1.047507,0.278401,146.808799,251.979531
43.5,1.047507,0.278402,146.80879,251.979725
43.51,1.047507,0.278402,146.808781,251.97992
43.52,1.047507,0.278402,146.808773,251.980114
43.53,1.047507,0.278402,146.808764,251.980308
43.54,1.047507,0.278402,146.808755,251.980502
43.55,1.047507,0.278402,146.808747,251.980696
43.56,1.047507,0.278402,146.808738,251.98089
43.57,1.047507,0.278403,146.808729,251.981084
43.58,1.047507,0.278403,146.80872,251.981278
43.59,1.047507,0.278403,146.808712,251.981472
43.6,1.047507,0.278403,146.808703,251.981666
43.61,1.047507,0.278403,146.808694,251.98186
43.62,1.047507,0.278403,146.808686,251.982054
43.63,1.047507,0.278404,146.808677,251.982247
43.64,1.047507,0.278404,146.808668,251.982441
43.65,1.047507,0.278404,146.80866,251.982635
43.66,1.047507,0.278404,146.808651,251.982828
43.67,1.047507,0.278404,146.808642,251.983022
43.68,1.047507,0.278404,146.808634,251.983215
43.69,1.047507,0.278404,146.808625,251.983408
43.7,1.047507,0.278405,146.808616,251.983602
43.71,1.047507,0.278405,146.808608,251.983795
43.72,1.047507,0.278405,146.808599,251.983988
43.73,1.047507,0.278405,146.80859,251.984181
43.74,1.047507,0.278405,146.808582,251.984374
43.75,1.047507,0.278405,146.808573,251.984567
43.76,1.047507,0.278406,146.808564,251.98476
43.77,1.047507,0.278406,146.808556,251.984953
43.78,1.047507,0.278406,146.808547,251.985146
43.79,1.047507,0.278406,146.808538,251.985339
43.8,1.047507,0.278406,146.80853,251.985532
43.81,1.047507,0.278406,146.808521,251.985725
43.82,1.047507,0.278407,146.808512,251.985917
43.83,1.047507,0.278407,146.808504,251.98611
43.84,1.047507,0.278407,146.808495,251.986303
43.85,1.047507,0.278407,146.808486,251.986495
43.86,1.047507,0.278407,146.808478,251.986688
43.87,1.047507,0.278407,146.808469,251.98688
43.88,1.047507,0.278407,146.808461,251.987073
43.89,1.047507,0.278408,146.808452,251.987265
43.9,1.047507,0.278408,146.808443,251.987457
43.91,1.047507,0.278408,146.808435,251.98765
43.92,1.047507,0.278408,146.808426,251.987842
43.93,1.047507,0.278408,146.808417,251.988034
43.94,1.047507,0.278408,146.808409,251.988226
43.95,1.047507,0.278409,146.8084,251.988418
43.96,1.047507,0.278409,146.808391,251.98861
43.97,1.047507,0.278409,146.808383,251.988802
43.98,1.047507,0.278409,146.808374,251.988994
43.99,1.047507,0.278409,146.808366,251.989186
44,1.047507,0.278409,146.808357,251.989377
44.01,1.047507,0.278409,146.808348,251.989569
44.02,1.047507,0.27841,146.80834,251.989761
44.03,1.047507,0.27841,146.808331,251.989952
44.04,1.047507,0.27841,146.808322,251.990144
44.05,1.047507,0.27841,146.808314,251.990336
44.06,1.047507,0.27841,146.808305,251.990527
44.07,1.047507,0.27841,146.808297,251.990718
44.08,1.047507,0.278411,146.808288,251.99091
44.09,1.047507,0.278411,146.808279,251.991101
44.1,1.047507,0.278411,146.808271,251.991292
44.11,1.047507,0.278411,146.808262,251.991484
44.12,1.047507,0.278411,146.808254,251.991675
44.13,1.047507,0.278411,146.808245,251.991866
44.14,1.047507,0.278411,146.808236,251.992057
44.15,1.047507,0.278412,146.808228,251.992248
44.16,1.047507,0.278412,146.808219,251.992439
44.17,1.047507,0.278412,146.808211,251.99263
44.18,1.047507,0.278412,146.808202,251.99282
44.19,1.047507,0.278412,146.808193,251.993011
44.2,1.047507,0.278412,146.808185,251.993202
44.21,1.047507,0.278413,146.808176,251.993393
44.22,1.047507,0.278413,146.808168,251.993583
44.23,1.047507,0.278413,146.808159,251.993774
44.24,1.047507,0.278413,146.80815,251.993964
44.25,1.047507,0.278413,146.808142,251.994155
44.26,1.047507,0.278413,146.808133,251.994345
44.27,1.047507,0.278413,146.808125,251.994536
44.28,1.047507,0.278414,146.808116,251.994726
44.29,1.047507,0.278414,146.808107,251.994916
44.3,1.047507,0.278414,146.808099,251.995106
44.31,1.047507,0.278414,146.80809,251.995297
44.32,1.047507,0.278414,146.808082,251.995487
44.33,1.047507,0.278414,146.808073,251.995677
44.34,1.047507,0.278414,146.808065,251.995867
44.35,1.047507,0.278415,146.808056,251.996057
44.36,1.047507,0.278415,146.808047,251.996247
44.37,1.047507,0.278415,146.808039,251.996436
44.38,1.047507,0.278415,146.80803,251.996626
44.39,1.047507,0.278415,146.808022,251.996816
44.4,1.047507,0.278415,146.808013,251.997006
44.41,1.047507,0.278416,146.808005,251.997195
44.42,1.047507,0.278416,146.807996,251.997385
44.43,1.047507,0.278416,146.807987,251.997574
44.44,1.047507,0.278416,146.807979,251.997764
44.45,1.047507,0.278416,146.80797,251.997953
44.46,1.047507,0.278416,146.807962,251.998143
44.47,1.047507,0.278416,146.807953,251.998332
44.48,1.047507,0.278417,146.807945,251.998521
44.49,1.047507,0.278417,146.807936,251.998711
44.5,1.047507,0.278417,146.807928,251.9989
44.51,1.047507,0.278417,146.807919,251.999089
44.52,1.047507,0.278417,146.80791,251.999278
44.53,1.047507,0.278417,146.807902,251.999467
44.54,1.047507,0.278418,146.807893,251.999656
44.55,1.047507,0.278418,146.807885,251.999845
44.56,1.047507,0.278418,146.807876,252.000034
44.57,1.047507,0.278418,146.807868,252.000223
44.58,1.047507,0.278418,146.807859,252.000411
44.59,1.047507,0.278418,146.807851,252.0006
44.6,1.047507,0.278418,146.807842,252.000789
44.61,1.047507,0.278419,146.807834,252.000977
44.62,1.047507,0.278419,146.807825,252.001166
44.63,1.047507,0.278419,146.807816,252.001355
44.64,1.047507,0.278419,146.807808,252.001543
44.65,1.047507,0.278419,146.807799,252.001731
44.66,1.047507,0.278419,146.807791,252.00192
44.67,1.047507,0.27842,146.807782,252.002108
44.68,1.047507,0.27842,146.807774,252.002296
44.69,1.047507,0.27842,146.807765,252.002485
44.7,1.047507,0.27842,146.807757,252.002673
44.71,1.047507,0.27842,146.807748,252.002861
44.72,1.047507,0.27842,146.80774,252.003049
44.73,1.047507,0.27842,146.807731,252.003237
44.74,1.047507,0.278421,146.807723,252.003425
44.75,1.047507,0.278421,146.807714,252.003613
44.76,1.047507,0.278421,146.807706,252.003801
44.77,1.047507,0.278421,146.807697,252.003989
44.78,1.047507,0.278421,146.807689,252.004176
44.79,1.047507,0.278421,146.80768,252.004364
44.8,1.047507,0.278421,146.807672,252.004552
44.81,1.047507,0.278422,146.807663,252.004739
44.82,1.047507,0.278422,146.807654,252.004927
44.83,1.047507,0.278422,146.807646,252.005115
44.84,1.047507,0.278422,146.807637,252.005302
44.85,1.047507,0.278422,146.807629,252.005489
44.86,1.047507,0.278422,146.80762,252.005677
44.87,1.047507,0.278423,146.807612,252.005864
44.88,1.047507,0.278423,146.807603,252.006051
44.89,1.047507,0.278423,146.807595,252.006239
44.9,1.047507,0.278423,146.807586,252.006426
44.91,1.047507,0.278423,146.807578,252.006613
44.92,1.047507,0.278423,146.807569,252.0068
44.93,1.047507,0.278423,146.807561,252.006987
44.94,1.047507,0.278424,146.807552,252.007174
44.95,1.047507,0.278424,146.807544,252.007361
44.96,1.047507,0.278424,146.807535,252.007548
44.97,1.047507,0.278424,146.807527,252.007735
44.98,1.047507,0.278424,146.807518,252.007921
44.99,1.047507,0.278424,146.80751,252.008108
45,1.047507,0.278424,146.807501,252.008295
45.01,1.047507,0.278425,146.807493,252.008481
45.02,1.047507,0.278425,146.807484,252.008668
45.03,1.047507,0.278425,146.807476,252.008854
45.04,1.047507,0.278425,146.807467,252.009041
45.05,1.047507,0.278425,146.807459,252.009227
45.06,1.047507,0.278425,146.80745,252.009414
45.07,1.047507,0.278426,146.807442,252.0096
45.08,1.047507,0.278426,146.807433,252.009786
45.09,1.047507,0.278426,146.807425,252.009972
45.1,1.047507,0.278426,146.807416,252.010159
45.11,1.047507,0.278426,146.807408,252.010345
45.12,1.047507,0.278426,146.807399,252.010531
45.13,1.047507,0.278426,146.807391,252.010717
45.14,1.047507,0.278427,146.807383,252.010903
45.15,1.047507,0.278427,146.807374,252.011089
45.16,1.047507,0.278427,146.807366,252.011274
45.17,1.047507,0.278427,146.807357,252.01146
45.18,1.047507,0.278427,146.807349,252.011646
45.19,1.047507,0.278427,146.80734,252.011832
45.2,1.047507,0.278427,146.807332,252.012017
45.21,1.047507,0.278428,146.807323,252.012203
45.22,1.047507,0.278428,146.807315,252.012388
45.23,1.047507,0.278428,146.807306,252.012574
45.24,1.047507,0.278428,146.807298,252.012759
45.25,1.047507,0.278428,146.807289,252.012945
45.26,1.047507,0.278428,146.807281,252.01313
45.27,1.047507,0.278429,146.807272,252.013315
45.28,1.047507,0.278429,146.807264,252.013501
45.29,1.047507,0.278429,146.807255,252.013686
45.3,1.047507,0.278429,146.807247,252.013871
45.31,1.047507,0.278429,146.807238,252.014056
45.32,1.047507,0.278429,146.80723,252.014241
45.33,1.047507,0.278429,146.807221,252.014426
45.34,1.047507,0.27843,146.807213,252.014611
45.35,1.047507,0.27843,146.807204,252.014796
45.36,1.047507,0.27843,146.807196,252.014981
45.37,1.047507,0.27843,146.807188,252.015166
45.38,1.047507,0.27843,146.807179,252.01535
45.39,1.047507,0.27843,146.807171,252.015535
45.4,1.047507,0.27843,146.807162,252.01572
45.41,1.047507,0.278431,146.807154,252.015904
45.42,1.047507,0.278431,146.807145,252.016089
45.43,1.047507,0.278431,146.807137,252.016273
45.44,1.047507,0.278431,146.807128,252.016458
45.45,1.047507,0.278431,146.80712,252.016642
45.46,1.047507,0.278431,146.807111,252.016826
45.47,1.047507,0.278431,146.807103,252.017011
45.48,1.047507,0.278432,146.807094,252.017195
45.49,1.047507,0.278432,146.807086,252.017379
45.5,1.047507,0.278432,146.807077,252.017563
45.51,1.047507,0.278432,146.807069,252.017747
45.52,1.047507,0.278432,146.807061,252.017931
45.53,1.047507,0.278432,146.807052,252.018115
45.54,1.047507,0.278433,146.807044,252.018299
45.55,1.047507,0.278433,146.807035,252.018483
45.56,1.047507,0.278433,146.807027,252.018667
45.57,1.047507,0.278433,146.807018,252.018851
45.58,1.047507,0.278433,146.80701,252.019035
45.59,1.047507,0.278433,146.807001,252.019218
45.6,1.047507,0.278433,146.806993,252.019402
45.61,1.047507,0.278434,146.806984,252.019586
45.62,1.047507,0.278434,146.806976,252.019769
45.63,1.047507,0.278434,146.806967,252.019953
45.64,1.047507,0.278434,146.806959,252.020136
45.65,1.047507,0.278434,146.806951,252.020319
45.66,1.047507,0.278434,146.806942,252.020503
45.67,1.047507,0.278434,146.806934,252.020686
45.68,1.047507,0.278435,146.806925,252.020869
45.69,1.047507,0.278435,146.806917,252.021053
45.7,1.047507,0.278435,146.806908,252.021236
45.71,1.047507,0.278435,146.8069,252.021419
45.72,1.047507,0.278435,146.806891,252.021602
45.73,1.047507,0.278435,146.806883,252.021785
45.74,1.047507,0.278435,146.806874,252.021968
45.75,1.047507,0.278436,146.806866,252.022151
45.76,1.047507,0.278436,146.806858,252.022334
45.77,1.047507,0.278436,146.806849,252.022517
45.78,1.047507,0.278436,146.806841,252.022699
45.79,1.047507,0.278436,146.806832,252.022882
45.8,1.047507,0.278436,146.806824,252.023065
45.81,1.047507,0.278436,146.806815,252.023247
45.82,1.047507,0.278437,146.806807,252.02343
45.83,1.047507,0.278437,146.806798,252.023612
45.84,1.047507,0.278437,146.80679,252.023795
45.85,1.047507,0.278437,146.806781,252.023977
45.86,1.047507,0.278437,146.806773,252.02416
45.87,1.047507,0.278437,146.806765,252.024342
45.88,1.047507,0.278437,146.806756,252.024524
45.89,1.047507,0.278438,146.806748,252.024706
45.9,1.047507,0.278438,146.806739,252.024889
45.91,1.047507,0.278438,146.806731,252.025071
45.92,1.047507,0.278438,146.806722,252.025253
45.93,1.047507,0.278438,146.806714,252.025435
45.94,1.047507,0.278438,146.806705,252.025617
45.95,1.047507,0.278439,146.806697,252.025799
45.96,1.047507,0.278439,146.806688,252.025981
45.97,1.047507,0.278439,146.80668,252.026162
45.98,1.047507,0.278439,146.806672,252.026344
45.99,1.047507,0.278439,146.806663,252.026526
46,1.047507,0.278439,146.806655,252.026708
46.01,1.047507,0.278439,146.806646,252.026889
46.02,1.047507,0.27844,146.806638,252.027071
46.03,1.047507,0.27844,146.806629,252.027252
46.04,1.047507,0.27844,146.806621,252.027434
46.05,1.047507,0.27844,146.806612,252.027615
46.06,1.047507,0.27844,146.806604,252.027797
46.07,1.047507,0.27844,146.806596,252.027978
46.08,1.047507,0.27844,146.806587,252.028159
46.09,1.047507,0.278441,146.806579,252.028341
46.1,1.047507,0.278441,146.80657,252.028522
46.11,1.047507,0.278441,146.806562,252.028703
46.12,1.047507,0.278441,146.806553,252.028884
46.13,1.047507,0.278441,146.806545,252.029065
46.14,1.047507,0.278441,146.806536,252.029246
46.15,1.047507,0.278441,146.806528,252.029427
46.16,1.047507,0.278442,146.806519,252.029608
46.17,1.047507,0.278442,146.806511,252.029789
46.18,1.047507,0.278442,146.806503,252.029969
46.19,1.047507,0.278442,146.806494,252.03015
46.2,1.047507,0.278442,146.806486,252.030331
46.21,1.047507,0.278442,146.806477,252.030511
46.22,1.047507,0.278442,146.806469,252.030692
46.23,1.047507,0.278443,146.80646,252.030873
46.24,1.047507,0.278443,146.806452,252.031053
46.25,1.047507,0.278443,146.806443,252.031234
46.26,1.047507,0.278443,146.806435,252.031414
46.27,1.047507,0.278443,146.806427,252.031594
46.28,1.047507,0.278443,146.806418,252.031775
46.29,1.047507,0.278443,146.80641,252.031955
46.3,1.047507,0.278444,146.806401,252.032135
46.31,1.047507,0.278444,146.806393,252.032315
46.32,1.047507,0.278444,146.806384,252.032495
46.33,1.047507,0.278444,146.806376,252.032675
46.34,1.047507,0.278444,146.806367,252.032855
46.35,1.047507,0.278444,146.806359,252.033035
46.36,1.047507,0.278444,146.806351,252.033215
46.37,1.047507,0.278445,146.806342,252.033395
46.38,1.047507,0.278445,146.806334,252.033575
46.39,1.047507,0.278445,146.806325,252.033755
46.4,1.047507,0.278445,146.806317,252.033934
46.41,1.047507,0.278445,146.806308,252.034114
46.42,1.047507,0.278445,146.8063,252.034294
46.43,1.047507,0.278445,146.806291,252.034473
46.44,1.047507,0.278446,146.806283,252.034653
46.45,1.047507,0.278446,146.806275,252.034832
46.46,1.047507,0.278446,146.806266,252.035012
46.47,1.047507,0.278446,146.806258,252.035191
46.48,1.047507,0.278446,146.806249,252.035371
46.49,1.047507,0.278446,146.806241,252.03555
46.5,1.047507,0.278446,146.806232,252.035729
46.51,1.047507,0.278447,146.806224,252.035908
46.52,1.047507,0.278447,146.806215,252.036087
46.53,1.047507,0.278447,146.806207,252.036266
46.54,1.047507,0.278447,146.806199,252.036446
46.55,1.047507,0.278447,146.80619,252.036625
46.56,1.047507,0.278447,146.806182,252.036803
46.57,1.047507,0.278447,146.806173,252.036982
46.58,1.047507,0.278448,146.806165,252.037161
46.59,1.047507,0.278448,146.806156,252.03734
46.6,1.047507,0.278448,146.806148,252.037519
46.61,1.047507,0.278448,146.806139,252.037698
46.62,1.047507,0.278448,146.806131,252.037876
46.63,1.047507,0.278448,146.806122,252.038055
46.64,1.047507,0.278448,146.806114,252.038233
46.65,1.047507,0.278449,146.806106,252.038412
46.66,1.047507,0.278449,146.806097,252.03859
46.67,1.047507,0.278449,146.806089,252.038769
46.68,1.047507,0.278449,146.80608,252.038947
46.69,1.047507,0.278449,146.806072,252.039126
46.7,1.047507,0.278449,146.806063,252.039304
46.71,1.047507,0.278449,146.806055,252.039482
46.72,1.047507,0.27845,146.806046,252.03966
46.73,1.047507,0.27845,146.806038,252.039838
46.74,1.047507,0.27845,146.80603,252.040016
46.75,1.047507,0.27845,146.806021,252.040194
46.76,1.047507,0.27845,146.806013,252.040372
46.77,1.047507,0.27845,146.806004,252.04055
46.78,1.047507,0.27845,146.805996,252.040728
46.79,1.047507,0.278451,146.805987,252.040906
46.8,1.047507,0.278451,146.805979,252.041084
46.81,1.047507,0.278451,146.80597,252.041262
46.82,1.047507,0.278451,146.805962,252.041439
46.83,1.047507,0.278451,146.805953,252.041617
46.84,1.047507,0.278451,146.805945,252.041795
46.85,1.047507,0.278451,146.805937,252.041972
46.86,1.047507,0.278452,146.805928,252.04215
46.87,1.047507,0.278452,146.80592,252.042327
46.88,1.047507,0.278452,146.805911,252.042505
46.89,1.047507,0.278452,146.805903,252.042682
46.9,1.047507,0.278452,146.805894,252.042859
46.91,1.047507,0.278452,146.805886,252.043037
46.92,1.047507,0.278452,146.805877,252.043214
46.93,1.047507,0.278453,146.805869,252.043391
46.94,1.047507,0.278453,146.80586,252.043568
46.95,1.047507,0.278453,146.805852,252.043745
46.96,1.047507,0.278453,146.805844,252.043922
46.97,1.047507,0.278453,146.805835,252.044099
46.98,1.047507,0.278453,146.805827,252.044276
46.99,1.047507,0.278453,146.805818,252.044453
47,1.047507,0.278454,146.80581,252.04463
47.01,1.047507,0.278454,146.805801,252.044807
47.02,1.047507,0.278454,146.805793,252.044983
47.03,1.047507,0.278454,146.805784,252.04516
47.04,1.047507,0.278454,146.805776,252.045337
47.05,1.047507,0.278454,146.805767,252.045513
47.06,1.047507,0.278454,146.805759,252.04569
47.07,1.047507,0.278455,146.805751,252.045866
47.08,1.047507,0.278455,146.805742,252.046043
47.09,1.047507,0.278455,146.805734,252.046219
47.1,1.047507,0.278455,146.805725,252.046395
47.11,1.047507,0.278455,146.805717,252.046572
47.12,1.047507,0.278455,146.805708,252.046748
47.13,1.047507,0.278455,146.8057,252.046924
47.14,1.047507,0.278456,146.805691,252.0471
47.15,1.047507,0.278456,146.805683,252.047276
47.16,1.047507,0.278456,146.805674,252.047453
47.17,1.047507,0.278456,146.805666,252.047629
47.18,1.047507,0.278456,146.805657,252.047805
47.19,1.047507,0.278456,146.805649,252.04798
47.2,1.047507,0.278456,146.805641,252.048156
47.21,1.047507,0.278457,146.805632,252.048332
47.22,1.047507,0.278457,146.805624,252.048508
47.23,1.047507,0.278457,146.805615,252.048684
47.24,1.047507,0.278457,146.805607,252.048859
47.25,1.047507,0.278457,146.805598,252.049035
47.26,1.047507,0.278457,146.80559,252.049211
47.27,1.047507,0.278457,146.805581,252.049386
47.28,1.047507,0.278458,146.805573,252.049562
47.29,1.047507,0.278458,146.805564,252.049737
47.3,1.047507,0.278458,146.805556,252.049912
47.31,1.047507,0.278458,146.805547,252.050088
47.32,1.047507,0.278458,146.805539,252.050263
47.33,1.047507,0.278458,146.80553,252.050438
47.34,1.047507,0.278458,146.805522,252.050614
47.35,1.047507,0.278459,146.805514,252.050789
47.36,1.047507,0.278459,146.805505,252.050964
47.37,1.047507,0.278459,146.805497,252.051139
47.38,1.047507,0.278459,146.805488,252.051314
47.39,1.047507,0.278459,146.80548,252.051489
47.4,1.047507,0.278459,146.805471,252.051664
47.41,1.047507,0.278459,146.805463,252.051839
47.42,1.047507,0.27846,146.805454,252.052014
47.43,1.047507,0.27846,146.805446,252.052188
47.44,1.047507,0.27846,146.805437,252.052363
47.45,1.047507,0.27846,146.805429,252.052538
47.46,1.047507,0.27846,146.80542,252.052713
47.47,1.047507,0.27846,146.805412,252.052887
47.48,1.047507,0.27846,146.805403,252.053062
47.49,1.047507,0.278461,146.805395,252.053236
47.5,1.047507,0.278461,146.805387,252.053411
47.51,1.047507,0.278461,146.805378,252.053585
47.52,1.047507,0.278461,146.80537,252.053759
47.53,1.047507,0.278461,146.805361,252.053934
47.54,1.047507,0.278461,146.805353,252.054108
47.55,1.047507,0.278461,146.805344,252.054282
47.56,1.047507,0.278461,146.805336,252.054456
47.57,1.047507,0.278462,146.805327,252.054631
47.58,1.047507,0.278462,146.805319,252.054805
47.59,1.047507,0.278462,146.80531,252.054979
47.6,1.047507,0.278462,146.805302,252.055153
47.61,1.047507,0.278462,146.805293,252.055327
47.62,1.047507,0.278462,146.805285,252.055501
47.63,1.047507,0.278462,146.805276,252.055674
47.64,1.047507,0.278463,146.805268,252.055848
47.65,1.047507,0.278463,146.805259,252.056022
47.66,1.047507,0.278463,146.805251,252.056196
47.67,1.047507,0.278463,146.805242,252.056369
47.68,1.047507,0.278463,146.805234,252.056543
47.69,1.047507,0.278463,146.805226,252.056717
47.7,1.047507,0.278463,146.805217,252.05689
47.71,1.047507,0.278464,146.805209,252.057064
47.72,1.047507,0.278464,146.8052,252.057237
47.73,1.047507,0.278464,146.805192,252.05741
47.74,1.047507,0.278464,146.805183,252.057584
47.75,1.047507,0.278464,146.805175,252.057757
47.76,1.047507,0.278464,146.805166,252.05793
47.77,1.047507,0.278464,146.805158,252.058103
47.78,1.047507,0.278465,146.805149,252.058277
47.79,1.047507,0.278465,146.805141,252.05845
47.8,1.047507,0.278465,146.805132,252.058623
47.81,1.047507,0.278465,146.805124,252.058796
47.82,1.047507,0.278465,146.805115,252.058969
47.83,1.047507,0.278465,146.805107,252.059142
47.84,1.047507,0.278465,146.805098,252.059315
47.85,1.047507,0.278466,146.80509,252.059487
47.86,1.047507,0.278466,146.805081,252.05966
47.87,1.047507,0.278466,146.805073,252.059833
47.88,1.047507,0.278466,146.805065,252.060006
47.89,1.047507,0.278466,146.805056,252.060178
47.9,1.047507,0.278466,146.805048,252.060351
47.91,1.047507,0.278466,146.805039,252.060523
47.92,1.047507,0.278466,146.805031,252.060696
47.93,1.047507,0.278467,146.805022,252.060868
47.94,1.047507,0.278467,146.805014,252.061041
47.95,1.047507,0.278467,146.805005,252.061213
47.96,1.047507,0.278467,146.804997,252.061385
47.97,1.047507,0.278467,146.804988,252.061558
47.98,1.047507,0.278467,146.80498,252.06173
47.99,1.047507,0.278467,146.804971,252.061902
48,1.047507,0.278468,146.804963,252.062074
48.01,1.047507,0.278468,146.804954,252.062246
48.02,1.047507,0.278468,146.804946,252.062418
48.03,1.047507,0.278468,146.804937,252.06259
48.04,1.047507,0.278468,146.804929,252.062762
48.05,1.047507,0.278468,146.80492,252.062934
48.06,1.047507,0.278468,146.804912,252.063106
48.07,1.047507,0.278469,146.804903,252.063278
48.08,1.047507,0.278469,146.804895,252.063449
48.09,1.047507,0.278469,146.804887,252.063621
48.1,1.047507,0.278469,146.804878,252.063793
48.11,1.047507,0.278469,146.80487,252.063964
48.12,1.047507,0.278469,146.804861,252.064136
48.13,1.047507,0.278469,146.804853,252.064307
48.14,1.047507,0.27847,146.804844,252.064479
48.15,1.047507,0.27847,146.804836,252.06465
48.16,1.047507,0.27847,146.804827,252.064822
48.17,1.047507,0.27847,146.804819,252.064993
48.18,1.047507,0.27847,146.80481,252.065164
48.19,1.047507,0.27847,146.804802,252.065335
48.2,1.047507,0.27847,146.804793,252.065507
48.21,1.047507,0.27847,146.804785,252.065678
48.22,1.047507,0.278471,146.804776,252.065849
48.23,1.047507,0.278471,146.804768,252.06602
48.24,1.047507,0.278471,146.804759,252.066191
48.25,1.047507,0.278471,146.804751,252.066362
48.26,1.047507,0.278471,146.804742,252.066533
48.27,1.047507,0.278471,146.804734,252.066704
48.28,1.047507,0.278471,146.804725,252.066875
48.29,1.047507,0.278472,146.804717,252.067045
48.3,1.047507,0.278472,146.804709,252.067216
48.31,1.047507,0.278472,146.8047,252.067387
48.32,1.047507,0.278472,146.804692,252.067557
48.33,1.047507,0.278472,146.804683,252.067728
48.34,1.047507,0.278472,146.804675,252.067899
48.35,1.047507,0.278472,146.804666,252.068069
48.36,1.047507,0.278473,146.804658,252.068239
48.37,1.047507,0.278473,146.804649,252.06841
48.38,1.047507,0.278473,146.804641,252.06858
48.39,1.047507,0.278473,146.804632,252.068751
48.4,1.047507,0.278473,146.804624,252.068921
48.41,1.047507,0.278473,146.804615,252.069091
48.42,1.047507,0.278473,146.804607,252.069261
48.43,1.047507,0.278473,146.804598,252.069431
48.44,1.047507,0.278474,146.80459,252.069601
48.45,1.047507,0.278474,146.804581,252.069772
48.46,1.047507,0.278474,146.804573,252.069942
48.47,1.047507,0.278474,146.804565,252.070111
48.48,1.047507,0.278474,146.804556,252.070281
48.49,1.047507,0.278474,146.804548,252.070451
48.5,1.047507,0.278474,146.804539,252.070621
48.51,1.047507,0.278475,146.804531,252.070791
48.52,1.047507,0.278475,146.804522,252.070961
48.53,1.047507,0.278475,146.804514,252.07113
48.54,1.047507,0.278475,146.804505,252.0713
48.55,1.047507,0.278475,146.804497,252.071469
48.56,1.047507,0.278475,146.804488,252.071639
48.57,1.047507,0.278475,146.80448,252.071808
48.58,1.047507,0.278476,146.804471,252.071978
48.59,1.047507,0.278476,146.804463,252.072147
48.6,1.047507,0.278476,146.804454,252.072317
48.61,1.047507,0.278476,146.804446,252.072486
48.62,1.047507,0.278476,146.804438,252.072655
48.63,1.047507,0.278476,146.804429,252.072824
48.64,1.047507,0.278476,146.804421,252.072994
48.65,1.047507,0.278476,146.804412,252.073163
48.66,1.047507,0.278477,146.804404,252.073332
48.67,1.047507,0.278477,146.804395,252.073501
48.68,1.047507,0.278477,146.804387,252.07367
48.69,1.047507,0.278477,146.804378,252.073839
48.7,1.047507,0.278477,146.80437,252.074008
48.71,1.047507,0.278477,146.804361,252.074177
48.72,1.047507,0.278477,146.804353,252.074345
48.73,1.047507,0.278478,146.804344,252.074514
48.74,1.047507,0.278478,146.804336,252.074683
48.75,1.047507,0.278478,146.804327,252.074852
48.76,1.047507,0.278478,146.804319,252.07502
48.77,1.047507,0.278478,146.804311,252.075189
48.78,1.047507,0.278478,146.804302,252.075357
48.79,1.047507,0.278478,146.804294,252.075526
48.8,1.047507,0.278479,146.804285,252.075694
48.81,1.047507,0.278479,146.804277,252.075863
48.82,1.047507,0.278479,146.804268,252.076031
48.83,1.047507,0.278479,146.80426,252.076199
48.84,1.047507,0.278479,146.804251,252.076367
48.85,1.047507,0.278479,146.804243,252.076536
48.86,1.047507,0.278479,146.804234,252.076704
48.87,1.047507,0.278479,146.804226,252.076872
48.88,1.047507,0.27848,146.804218,252.07704
48.89,1.047507,0.27848,146.804209,252.077208
48.9,1.047507,0.27848,146.804201,252.077376
48.91,1.047507,0.27848,146.804192,252.077544
48.92,1.047507,0.27848,146.804184,252.077712
48.93,1.047507,0.27848,146.804175,252.07788
48.94,1.047507,0.27848,146.804167,252.078048
48.95,1.047507,0.278481,146.804158,252.078215
48.96,1.047507,0.278481,146.80415,252.078383
48.97,1.047507,0.278481,146.804142,252.078551
48.98,1.047507,0.278481,146.804133,252.078718
48.99,1.047507,0.278481,146.804125,252.078886
49,1.047507,0.278481,146.804116,252.079053
49.01,1.047507,0.278481,146.804108,252.079221
49.02,1.047507,0.278481,146.804099,252.079388
49.03,1.047507,0.278482,146.804091,252.079556
49.04,1.047507,0.278482,146.804082,252.079723
49.05,1.047507,0.278482,146.804074,252.07989
49.06,1.047507,0.278482,146.804066,252.080058
49.07,1.047507,0.278482,146.804057,252.080225
49.08,1.047507,0.278482,146.804049,252.080392
49.09,1.047507,0.278482,146.80404,252.080559
49.1,1.047507,0.278483,146.804032,252.080726
49.11,1.047507,0.278483,146.804023,252.080893
49.12,1.047507,0.278483,146.804015,252.08106
49.13,1.047507,0.278483,146.804007,252.081227
49.14,1.047507,0.278483,146.803998,252.081394
49.15,1.047507,0.278483,146.80399,252.081561
49.16,1.047507,0.278483,146.803981,252.081728
49.17,1.047507,0.278483,146.803973,252.081895
49.18,1.047507,0.278484,146.803964,252.082061
49.19,1.047507,0.278484,146.803956,252.082228
49.2,1.047507,0.278484,146.803948,252.082395
49.21,1.047507,0.278484,146.803939,252.082561
49.22,1.047507,0.278484,146.803931,252.082728
49.23,1.047507,0.278484,146.803922,252.082894
49.24,1.047507,0.278484,146.803914,252.083061
49.25,1.047507,0.278485,146.803905,252.083227
49.26,1.047507,0.278485,146.803897,252.083393
49.27,1.047507,0.278485,146.803889,252.08356
49.28,1.047507,0.278485,146.80388,252.083726
49.29,1.047507,0.278485,146.803872,252.083892
49.3,1.047507,0.278485,146.803863,252.084058
49.31,1.047507,0.278485,146.803855,252.084225
49.32,1.047507,0.278485,146.803847,252.084391
49.33,1.047507,0.278486,146.803838,252.084557
49.34,1.047507,0.278486,146.80383,252.084723
49.35,1.047507,0.278486,146.803821,252.084889
49.36,1.047507,0.278486,146.803813,252.085055
49.37,1.047507,0.278486,146.803804,252.08522
49.38,1.047507,0.278486,146.803796,252.085386
49.39,1.047507,0.278486,146.803788,252.085552
49.4,1.047507,0.278487,146.803779,252.085718
49.41,1.047507,0.278487,146.803771,252.085883
49.42,1.047507,0.278487,146.803762,252.086049
49.43,1.047507,0.278487,146.803754,252.086215
49.44,1.047507,0.278487,146.803746,252.08638
49.45,1.047507,0.278487,146.803737,252.086546
49.46,1.047507,0.278487,146.803729,252.086711
49.47,1.047507,0.278487,146.80372,252.086877
49.48,1.047507,0.278488,146.803712,252.087042
49.49,1.047507,0.278488,146.803704,252.087207
49.5,1.047507,0.278488,146.803695,252.087373
49.51,1.047507,0.278488,146.803687,252.087538
49.52,1.047507,0.278488,146.803679,252.087703
49.53,1.047507,0.278488,146.80367,252.087868
49.54,1.047507,0.278488,146.803662,252.088033
49.55,1.047507,0.278489,146.803653,252.088198
49.56,1.047507,0.278489,146.803645,252.088363
49.57,1.047507,0.278489,146.803637,252.088528
49.58,1.047507,0.278489,146.803628,252.088693
49.59,1.047507,0.278489,146.80362,252.088858
49.6,1.047507,0.278489,146.803611,252.089023
49.61,1.047507,0.278489,146.803603,252.089188
49.62,1.047507,0.278489,146.803595,252.089353
49.63,1.047507,0.27849,146.803586,252.089517
49.64,1.047507,0.27849,146.803578,252.089682
49.65,1.047507,0.27849,146.80357,252.089847
49.66,1.047507,0.27849,146.803561,252.090011
49.67,1.047507,0.27849,146.803553,252.090176
49.68,1.047507,0.27849,146.803545,252.09034
49.69,1.047507,0.27849,146.803536,252.090505
49.7,1.047507,0.27849,146.803528,252.090669
49.71,1.047507,0.278491,146.803519,252.090833
49.72,1.047507,0.278491,146.803511,252.090998
49.73,1.047507,0.278491,146.803503,252.091162
49.74,1.047507,0.278491,146.803494,252.091326
49.75,1.047507,0.278491,146.803486,252.09149
49.76,1.047507,0.278491,146.803478,252.091654
49.77,1.047507,0.278491,146.803469,252.091819
49.78,1.047507,0.278492,146.803461,252.091983
49.79,1.047507,0.278492,146.803453,252.092147
49.8,1.047507,0.278492,146.803444,252.09231
49.81,1.047507,0.278492,146.803436,252.092474
49.82,1.047507,0.278492,146.803428,252.092638
49.83,1.047507,0.278492,146.803419,252.092802
49.84,1.047507,0.278492,146.803411,252.092966
49.85,1.047507,0.278492,146.803403,252.09313
49.86,1.047507,0.278493,146.803394,252.093293
49.87,1.047507,0.278493,146.803386,252.093457
49.88,1.047507,0.278493,146.803378,252.09362
49.89,1.047507,0.278493,146.803369,252.093784
49.9,1.047507,0.278493,146.803361,252.093948
49.91,1.047507,0.278493,146.803353,252.094111
49.92,1.047507,0.278493,146.803344,252.094274
49.93,1.047507,0.278494,146.803336,252.094438
49.94,1.047507,0.278494,146.803328,252.094601
49.95,1.047507,0.278494,146.803319,252.094764
49.96,1.047507,0.278494,146.803311,252.094928
49.97,1.047507,0.278494,146.803303,252.095091
49.98,1.047507,0.278494,146.803294,252.095254
49.99,1.047507,0.278494,146.803286,252.095417
50,1.047507,0.278494,146.803278,252.09558
