b:tnow in s,s:ut in p.u.,s:cur1 in p.u.,s:Q1 in Mvar,s:P1 in MW
0,0.982,0.81069,198.251784,520.811072
0.01,0.981828,0.811537,198.415781,521.267674
0.02,0.981827,0.811516,198.40814,521.253695
0.03,0.981824,0.811497,198.399307,521.241975
0.04,0.981822,0.811481,198.390294,521.231829
0.05,0.98182,0.811465,198.381644,521.222826
0.06,0.981819,0.811451,198.373598,521.214691
0.07,0.981818,0.811438,198.366238,521.207237
0.08,0.981817,0.811426,198.359558,521.200328
0.09,0.981817,0.811414,198.353511,521.193858
0.1,0.981817,0.811403,198.348033,521.187741
0.11,0.981817,0.811392,198.343057,521.181906
0.12,0.981818,0.811382,198.338515,521.17629
0.13,0.981818,0.811372,198.334349,521.17084
0.14,0.981819,0.811362,198.330502,521.16551
0.15,0.98182,0.811352,198.32693,521.16026
0.16,0.981821,0.811343,198.323589,521.155054
0.17,0.981822,0.811333,198.320446,521.149862
0.18,0.981823,0.811324,198.317471,521.144659
0.19,0.981824,0.811314,198.314639,521.139423
0.2,0.981826,0.811304,198.311927,521.134135
0.21,0.981827,0.811295,198.309319,521.12878
0.22,0.981828,0.811285,198.3068,521.123346
0.23,0.98183,0.811275,198.304356,521.117823
0.24,0.981831,0.811265,198.301978,521.112205
0.25,0.981833,0.811254,198.299658,521.106486
0.26,0.981835,0.811244,198.297387,521.100663
0.27,0.981836,0.811233,198.29516,521.094736
0.28,0.981838,0.811222,198.292974,521.088707
0.29,0.98184,0.811211,198.290825,521.082576
0.3,0.981842,0.8112,198.288709,521.07635
0.31,0.981844,0.811189,198.286626,521.070033
0.32,0.981846,0.811177,198.284574,521.063633
0.33,0.981848,0.811166,198.282553,521.057157
0.34,0.981851,0.811154,198.280562,521.050616
0.35,0.981853,0.811142,198.278601,521.04402
0.36,0.981855,0.81113,198.276671,521.037381
0.37,0.981858,0.811118,198.274773,521.030712
0.38,0.98186,0.811106,198.272908,521.024025
0.39,0.981863,0.811094,198.271077,521.017335
0.4,0.981865,0.811082,198.269282,521.010657
0.41,0.981868,0.81107,198.267524,521.004007
0.42,0.98187,0.811058,198.265805,520.997399
0.43,0.981873,0.811046,198.264127,520.990852
0.44,0.981876,0.811034,198.262492,520.984381
0.45,0.981879,0.811022,198.260902,520.978004
0.46,0.981881,0.81101,198.259358,520.971738
0.47,0.981884,0.810999,198.257862,520.9656
0.48,0.981887,0.810988,198.256418,520.959607
0.49,0.981889,0.810977,198.255025,520.953777
0.5,0.981892,0.810966,198.253688,520.948126
0.51,0.981895,0.810956,198.252406,520.942672
0.52,0.981898,0.810946,198.251183,520.93743
0.53,0.9819,0.810936,198.250019,520.932416
0.54,0.981903,0.810927,198.248917,520.927647
0.55,0.981906,0.810918,198.247878,520.923136
0.56,0.981908,0.81091,198.246904,520.918898
0.57,0.981911,0.810902,198.245996,520.914946
0.58,0.981913,0.810895,198.245155,520.911292
0.59,0.981916,0.810888,198.244382,520.907949
0.6,0.981918,0.810881,198.24368,520.904928
0.61,0.98192,0.810875,198.243047,520.902237
0.62,0.981922,0.81087,198.242486,520.899886
0.63,0.981924,0.810865,198.241997,520.897881
0.64,0.981926,0.810861,198.241581,520.896231
0.65,0.981928,0.810858,198.241238,520.894939
0.66,0.98193,0.810855,198.240968,520.894011
0.67,0.981932,0.810853,198.240771,520.893449
0.68,0.981933,0.810851,198.240647,520.893254
0.69,0.981935,0.81085,198.240597,520.893428
0.7,0.981936,0.81085,198.24062,520.893969
0.71,0.981937,0.81085,198.240715,520.894875
0.72,0.981939,0.810851,198.240882,520.896143
0.73,0.98194,0.810852,198.24112,520.897769
0.74,0.98194,0.810854,198.241428,520.899746
0.75,0.981941,0.810857,198.241806,520.902069
0.76,0.981942,0.810861,198.242251,520.904728
0.77,0.981942,0.810864,198.242763,520.907715
0.78,0.981942,0.810869,198.24334,520.91102
0.79,0.981943,0.810874,198.243981,520.914631
0.8,0.981943,0.81088,198.244684,520.918536
0.81,0.981943,0.810886,198.245447,520.922722
0.82,0.981942,0.810893,198.246268,520.927175
0.83,0.981942,0.8109,198.247146,520.93188
0.84,0.981942,0.810907,198.248077,520.936821
0.85,0.981941,0.810915,198.249061,520.941983
0.86,0.98194,0.810924,198.250094,520.947348
0.87,0.981939,0.810933,198.251174,520.9529
0.88,0.981938,0.810942,198.252298,520.95862
0.89,0.981937,0.810951,198.253464,520.96449
0.9,0.981936,0.810961,198.25467,520.970491
0.91,0.981934,0.810971,198.255912,520.976606
0.92,0.981933,0.810982,198.257188,520.982815
0.93,0.981931,0.810992,198.258495,520.989099
0.94,0.98193,0.811003,198.259831,520.995439
0.95,0.981928,0.811014,198.261191,521.001817
0.96,0.981926,0.811025,198.262574,521.008213
0.97,0.981924,0.811036,198.263976,521.01461
0.98,0.981922,0.811047,198.265395,521.020989
0.99,0.98192,0.811058,198.266828,521.027333
1,0.981918,0.811069,198.268271,521.033623
1.01,0.981915,0.81108,198.269722,521.039844
1.02,0.981913,0.811091,198.271178,521.045978
1.03,0.981911,0.811102,198.272635,521.052011
1.04,0.981908,0.811113,198.274092,521.057926
1.05,0.981906,0.811124,198.275546,521.063711
1.06,0.981903,0.811134,198.276993,521.06935
1.07,0.981901,0.811144,198.278431,521.074832
1.08,0.981898,0.811155,198.279858,521.080145
1.09,0.981895,0.811164,198.28127,521.085277
1.1,0.981893,0.811174,198.282666,521.090219
1.11,0.98189,0.811183,198.284042,521.09496
1.12,0.981888,0.811192,198.285397,521.099493
1.13,0.981885,0.811201,198.286729,521.103811
1.14,0.981883,0.811209,198.288035,521.107907
1.15,0.98188,0.811217,198.289313,521.111776
1.16,0.981877,0.811225,198.290561,521.115413
1.17,0.981875,0.811232,198.291778,521.118815
1.18,0.981873,0.811239,198.292961,521.121979
1.19,0.98187,0.811246,198.29411,521.124904
1.2,0.981868,0.811252,198.295222,521.12759
1.21,0.981865,0.811258,198.296297,521.130036
1.22,0.981863,0.811263,198.297332,521.132245
1.23,0.981861,0.811268,198.298327,521.134217
1.24,0.981859,0.811273,198.299281,521.135957
1.25,0.981857,0.811277,198.300193,521.137468
1.26,0.981855,0.811281,198.301061,521.138754
1.27,0.981853,0.811284,198.301886,521.139822
1.28,0.981851,0.811287,198.302667,521.140676
1.29,0.981849,0.81129,198.303403,521.141324
1.3,0.981848,0.811293,198.304094,521.141773
1.31,0.981846,0.811295,198.30474,521.142032
1.32,0.981845,0.811296,198.305341,521.142108
1.33,0.981843,0.811297,198.305896,521.14201
1.34,0.981842,0.811298,198.306406,521.141748
1.35,0.981841,0.811299,198.306872,521.141332
1.36,0.98184,0.8113,198.307292,521.140771
1.37,0.981838,0.8113,198.307669,521.140077
1.38,0.981838,0.811299,198.308002,521.139258
1.39,0.981837,0.811299,198.308291,521.138327
1.4,0.981836,0.811298,198.308538,521.137294
1.41,0.981835,0.811298,198.308744,521.13617
1.42,0.981835,0.811296,198.308909,521.134966
1.43,0.981834,0.811295,198.309034,521.133693
1.44,0.981834,0.811294,198.30912,521.132362
1.45,0.981834,0.811292,198.309168,521.130982
1.46,0.981833,0.81129,198.30918,521.129565
1.47,0.981833,0.811288,198.309156,521.128122
1.48,0.981833,0.811286,198.309098,521.126661
1.49,0.981833,0.811284,198.309007,521.125193
1.5,0.981834,0.811282,198.308884,521.123727
1.51,0.981834,0.81128,198.308731,521.122272
1.52,0.981834,0.811278,198.308548,521.120837
1.53,0.981834,0.811275,198.308338,521.119429
1.54,0.981835,0.811273,198.308101,521.118057
1.55,0.981835,0.81127,198.30784,521.116727
1.56,0.981836,0.811268,198.307555,521.115446
1.57,0.981837,0.811266,198.307248,521.11422
1.58,0.981837,0.811263,198.30692,521.113054
1.59,0.981838,0.811261,198.306573,521.111954
1.6,0.981839,0.811259,198.306209,521.110924
1.61,0.98184,0.811257,198.305828,521.109967
1.62,0.981841,0.811254,198.305431,521.109086
1.63,0.981842,0.811252,198.305022,521.108284
1.64,0.981843,0.81125,198.3046,521.107563
1.65,0.981844,0.811248,198.304167,521.106924
1.66,0.981845,0.811246,198.303724,521.106367
1.67,0.981846,0.811244,198.303273,521.105893
1.68,0.981847,0.811243,198.302816,521.105501
1.69,0.981849,0.811241,198.302352,521.10519
1.7,0.98185,0.811239,198.301883,521.104957
1.71,0.981851,0.811238,198.301412,521.104802
1.72,0.981852,0.811237,198.300937,521.10472
1.73,0.981854,0.811235,198.300462,521.104709
1.74,0.981855,0.811234,198.299987,521.104765
1.75,0.981856,0.811233,198.299512,521.104883
1.76,0.981858,0.811232,198.29904,521.105059
1.77,0.981859,0.81123,198.29857,521.105288
1.78,0.981861,0.811229,198.298104,521.105564
1.79,0.981862,0.811228,198.297643,521.105882
1.8,0.981863,0.811228,198.297188,521.106235
1.81,0.981865,0.811227,198.29674,521.106617
1.82,0.981866,0.811226,198.296299,521.107022
1.83,0.981868,0.811225,198.295866,521.107443
1.84,0.981869,0.811224,198.295442,521.107874
1.85,0.981871,0.811223,198.295028,521.108306
1.86,0.981872,0.811222,198.294625,521.108733
1.87,0.981874,0.811222,198.294233,521.109149
1.88,0.981875,0.811221,198.293853,521.109545
1.89,0.981877,0.81122,198.293486,521.109916
1.9,0.981878,0.811219,198.293133,521.110254
1.91,0.981879,0.811218,198.292794,521.110553
1.92,0.981881,0.811217,198.29247,521.110806
1.93,0.981882,0.811216,198.292161,521.111006
1.94,0.981884,0.811215,198.291869,521.111149
1.95,0.981885,0.811213,198.291593,521.111228
1.96,0.981887,0.811212,198.291336,521.111238
1.97,0.981888,0.811211,198.291096,521.111173
1.98,0.98189,0.811209,198.290876,521.111029
1.99,0.981891,0.811208,198.290675,521.110803
2,0.981892,0.811206,198.290494,521.11049
2.01,0.981894,0.811204,198.290335,521.110086
2.02,0.981895,0.811202,198.290197,521.10959
2.03,0.981897,0.8112,198.290081,521.108999
2.04,0.981898,0.811198,198.289989,521.108312
2.05,0.981899,0.811196,198.28992,521.107527
2.06,0.981901,0.811193,198.289876,521.106643
2.07,0.981902,0.811191,198.289857,521.105662
2.08,0.981904,0.811188,198.289864,521.104583
2.09,0.981905,0.811186,198.289897,521.103408
2.1,0.981906,0.811183,198.289958,521.102139
2.11,0.981908,0.81118,198.290047,521.100779
2.12,0.981909,0.811177,198.290164,521.09933
2.13,0.98191,0.811174,198.290311,521.097796
2.14,0.981912,0.811171,198.290487,521.096182
2.15,0.981913,0.811167,198.290694,521.094492
2.16,0.981914,0.811164,198.290933,521.092732
2.17,0.981916,0.811161,198.291204,521.090908
2.18,0.981917,0.811157,198.291507,521.089027
2.19,0.981918,0.811154,198.291844,521.087095
2.2,0.981919,0.81115,198.292214,521.085121
2.21,0.98192,0.811147,198.292619,521.083112
2.22,0.981922,0.811143,198.293058,521.081076
2.23,0.981923,0.81114,198.293533,521.079023
2.24,0.981924,0.811136,198.294044,521.076961
2.25,0.981925,0.811133,198.294591,521.074901
2.26,0.981926,0.811129,198.295175,521.072851
2.27,0.981927,0.811126,198.295796,521.070822
2.28,0.981928,0.811123,198.296454,521.068823
2.29,0.981929,0.81112,198.297149,521.066867
2.3,0.98193,0.811117,198.297883,521.064961
2.31,0.981931,0.811114,198.298654,521.063118
2.32,0.981932,0.811111,198.299462,521.061348
2.33,0.981933,0.811109,198.300309,521.059661
2.34,0.981933,0.811106,198.301193,521.058067
2.35,0.981934,0.811104,198.302115,521.056577
2.36,0.981935,0.811102,198.303075,521.0552
2.37,0.981935,0.811101,198.304071,521.053947
2.38,0.981936,0.811099,198.305104,521.052827
2.39,0.981936,0.811098,198.306174,521.051849
2.4,0.981937,0.811097,198.307279,521.051022
2.41,0.981937,0.811096,198.308419,521.050355
2.42,0.981938,0.811096,198.309594,521.049855
2.43,0.981938,0.811096,198.310803,521.04953
2.44,0.981938,0.811096,198.312044,521.049386
2.45,0.981938,0.811097,198.313317,521.04943
2.46,0.981938,0.811098,198.314621,521.049668
2.47,0.981938,0.811099,198.315955,521.050105
2.48,0.981938,0.811101,198.317318,521.050744
2.49,0.981938,0.811103,198.318708,521.05159
2.5,0.981938,0.811105,198.320124,521.052646
2.51,0.981938,0.811108,198.321565,521.053914
2.52,0.981938,0.811111,198.323029,521.055394
2.53,0.981937,0.811114,198.324515,521.057088
2.54,0.981937,0.811118,198.326021,521.058996
2.55,0.981936,0.811122,198.327546,521.061116
2.56,0.981936,0.811126,198.329087,521.063447
2.57,0.981935,0.811131,198.330643,521.065986
2.58,0.981934,0.811136,198.332212,521.068729
2.59,0.981934,0.811142,198.333792,521.071672
2.6,0.981933,0.811147,198.335382,521.07481
2.61,0.981932,0.811153,198.336979,521.078138
2.62,0.981931,0.81116,198.338582,521.081648
2.63,0.98193,0.811166,198.340188,521.085333
2.64,0.981929,0.811173,198.341795,521.089185
2.65,0.981928,0.811181,198.343402,521.093195
2.66,0.981927,0.811188,198.345006,521.097354
2.67,0.981925,0.811196,198.346605,521.101651
2.68,0.981924,0.811204,198.348197,521.106076
2.69,0.981923,0.811212,198.349781,521.110617
2.7,0.981921,0.81122,198.351353,521.115262
2.71,0.98192,0.811228,198.352913,521.12
2.72,0.981919,0.811237,198.354458,521.124818
2.73,0.981917,0.811246,198.355986,521.129701
2.74,0.981916,0.811254,198.357495,521.134637
2.75,0.981914,0.811263,198.358984,521.139613
2.76,0.981912,0.811272,198.36045,521.144613
2.77,0.981911,0.811281,198.361892,521.149624
2.78,0.981909,0.81129,198.363308,521.154632
2.79,0.981908,0.811299,198.364697,521.159621
2.8,0.981906,0.811307,198.366057,521.164579
2.81,0.981905,0.811316,198.367386,521.16949
2.82,0.981903,0.811325,198.368683,521.174341
2.83,0.981901,0.811333,198.369947,521.179117
2.84,0.9819,0.811341,198.371176,521.183805
2.85,0.981898,0.81135,198.372369,521.18839
2.86,0.981897,0.811358,198.373526,521.192861
2.87,0.981895,0.811365,198.374645,521.197203
2.88,0.981893,0.811373,198.375726,521.201405
2.89,0.981892,0.81138,198.376767,521.205455
2.9,0.981891,0.811387,198.377769,521.209342
2.91,0.981889,0.811394,198.37873,521.213054
2.92,0.981888,0.8114,198.37965,521.216582
2.93,0.981886,0.811406,198.380528,521.219916
2.94,0.981885,0.811412,198.381366,521.223047
2.95,0.981884,0.811418,198.382162,521.225968
2.96,0.981883,0.811423,198.382916,521.228671
2.97,0.981881,0.811427,198.383629,521.231149
2.98,0.98188,0.811432,198.384301,521.233397
2.99,0.981879,0.811435,198.384932,521.235411
3,0.981878,0.811439,198.385522,521.237186
3.01,0.981878,0.811442,198.386073,521.238719
3.02,0.981877,0.811445,198.386584,521.240008
3.03,0.981876,0.811447,198.387057,521.241052
3.04,0.981875,0.811449,198.387492,521.24185
3.05,0.981875,0.81145,198.38789,521.242403
3.06,0.981874,0.811451,198.388252,521.242713
3.07,0.981874,0.811452,198.38858,521.242781
3.08,0.981873,0.811452,198.388874,521.24261
3.09,0.981873,0.811452,198.389136,521.242206
3.1,0.981873,0.811452,198.389367,521.241571
3.11,0.981873,0.811451,198.389568,521.240713
3.12,0.981873,0.811449,198.389741,521.239638
3.13,0.981873,0.811448,198.389888,521.238352
3.14,0.981873,0.811446,198.390009,521.236863
3.15,0.981873,0.811443,198.390106,521.235181
3.16,0.981873,0.81144,198.390182,521.233314
3.17,0.981874,0.811437,198.390237,521.231272
3.18,0.981874,0.811434,198.390273,521.229065
3.19,0.981874,0.811431,198.390293,521.226705
3.2,0.981875,0.811427,198.390297,521.224203
3.21,0.981876,0.811423,198.390287,521.22157
3.22,0.981876,0.811418,198.390266,521.218818
3.23,0.981877,0.811414,198.390235,521.215961
3.24,0.981878,0.811409,198.390195,521.21301
3.25,0.981879,0.811404,198.390149,521.209978
3.26,0.98188,0.811399,198.390097,521.20688
3.27,0.981881,0.811394,198.390042,521.203727
3.28,0.981882,0.811389,198.389985,521.200533
3.29,0.981883,0.811384,198.389929,521.197311
3.3,0.981884,0.811378,198.389873,521.194074
3.31,0.981885,0.811373,198.389821,521.190836
3.32,0.981886,0.811367,198.389773,521.187608
3.33,0.981887,0.811362,198.389731,521.184405
3.34,0.981889,0.811357,198.389696,521.181237
3.35,0.98189,0.811351,198.389669,521.178117
3.36,0.981891,0.811346,198.389653,521.175057
3.37,0.981893,0.811341,198.389647,521.172068
3.38,0.981894,0.811336,198.389654,521.16916
3.39,0.981895,0.811331,198.389673,521.166344
3.4,0.981897,0.811326,198.389707,521.16363
3.41,0.981898,0.811321,198.389756,521.161027
3.42,0.981899,0.811317,198.389821,521.158544
3.43,0.981901,0.811313,198.389902,521.156187
3.44,0.981902,0.811308,198.390001,521.153966
3.45,0.981904,0.811305,198.390119,521.151886
3.46,0.981905,0.811301,198.390254,521.149953
3.47,0.981906,0.811297,198.390409,521.148173
3.48,0.981908,0.811294,198.390583,521.14655
3.49,0.981909,0.811291,198.390778,521.145089
3.5,0.98191,0.811288,198.390992,521.143791
3.51,0.981912,0.811286,198.391227,521.14266
3.52,0.981913,0.811284,198.391482,521.141696
3.53,0.981914,0.811282,198.391758,521.140902
3.54,0.981915,0.81128,198.392054,521.140277
3.55,0.981917,0.811279,198.392371,521.13982
3.56,0.981918,0.811277,198.392709,521.13953
3.57,0.981919,0.811277,198.393067,521.139406
3.58,0.98192,0.811276,198.393444,521.139445
3.59,0.981921,0.811276,198.393842,521.139643
3.6,0.981922,0.811275,198.394259,521.139996
3.61,0.981923,0.811276,198.394695,521.140501
3.62,0.981924,0.811276,198.39515,521.141152
3.63,0.981925,0.811276,198.395623,521.141943
3.64,0.981926,0.811277,198.396114,521.14287
3.65,0.981926,0.811278,198.396623,521.143924
3.66,0.981927,0.81128,198.397148,521.1451
3.67,0.981928,0.811281,198.397689,521.146389
3.68,0.981928,0.811283,198.398247,521.147785
3.69,0.981929,0.811285,198.398819,521.14928
3.7,0.98193,0.811287,198.399406,521.150865
3.71,0.98193,0.811289,198.400007,521.152532
3.72,0.981931,0.811291,198.400622,521.154272
3.73,0.981931,0.811293,198.401249,521.156077
3.74,0.981931,0.811296,198.401889,521.157939
3.75,0.981932,0.811298,198.40254,521.159848
3.76,0.981932,0.811301,198.403202,521.161795
3.77,0.981933,0.811304,198.403875,521.163772
3.78,0.981933,0.811307,198.404558,521.165771
3.79,0.981933,0.81131,198.40525,521.167782
3.8,0.981933,0.811313,198.405951,521.169797
3.81,0.981933,0.811316,198.40666,521.171809
3.82,0.981933,0.811319,198.407377,521.17381
3.83,0.981934,0.811322,198.408102,521.175791
3.84,0.981934,0.811325,198.408834,521.177746
3.85,0.981934,0.811328,198.409572,521.179668
3.86,0.981934,0.811331,198.410317,521.18155
3.87,0.981934,0.811333,198.411067,521.183385
3.88,0.981934,0.811336,198.411823,521.185169
3.89,0.981934,0.811339,198.412584,521.186896
3.9,0.981933,0.811342,198.41335,521.188561
3.91,0.981933,0.811344,198.414121,521.19016
3.92,0.981933,0.811347,198.414897,521.191689
3.93,0.981933,0.81135,198.415676,521.193144
3.94,0.981933,0.811352,198.41646,521.194524
3.95,0.981933,0.811354,198.417248,521.195825
3.96,0.981933,0.811356,198.41804,521.197045
3.97,0.981932,0.811359,198.418836,521.198184
3.98,0.981932,0.811361,198.419635,521.199241
3.99,0.981932,0.811363,198.420439,521.200216
4,0.981932,0.811364,198.421245,521.201108
4.01,0.981932,0.811366,198.422056,521.20192
4.02,0.981931,0.811368,198.42287,521.202651
4.03,0.981931,0.811369,198.423688,521.203305
4.04,0.981931,0.811371,198.42451,521.203883
4.05,0.981931,0.811372,198.425335,521.204388
4.06,0.98193,0.811373,198.426165,521.204823
4.07,0.98193,0.811374,198.426998,521.205192
4.08,0.98193,0.811375,198.427834,521.205498
4.09,0.981929,0.811376,198.428675,521.205747
4.1,0.981929,0.811377,198.42952,521.205942
4.11,0.981929,0.811378,198.430368,521.206088
4.12,0.981929,0.811379,198.431221,521.206191
4.13,0.981928,0.81138,198.432077,521.206256
4.14,0.981928,0.811381,198.432937,521.206289
4.15,0.981928,0.811381,198.433801,521.206295
4.16,0.981927,0.811382,198.434669,521.206281
4.17,0.981927,0.811383,198.435541,521.206252
4.18,0.981927,0.811383,198.436416,521.206214
4.19,0.981926,0.811384,198.437295,521.206173
4.2,0.981926,0.811385,198.438177,521.206137
4.21,0.981926,0.811385,198.439062,521.206109
4.22,0.981925,0.811386,198.439951,521.206098
4.23,0.981925,0.811387,198.440841,521.206107
4.24,0.981925,0.811388,198.441735,521.206144
4.25,0.981924,0.811389,198.44263,521.206214
4.26,0.981924,0.811389,198.443528,521.206322
4.27,0.981923,0.81139,198.444426,521.206472
4.28,0.981923,0.811392,198.445326,521.206671
4.29,0.981923,0.811393,198.446226,521.206923
4.3,0.981922,0.811394,198.447126,521.207232
4.31,0.981922,0.811395,198.448026,521.207601
4.32,0.981921,0.811397,198.448925,521.208035
4.33,0.981921,0.811398,198.449822,521.208537
4.34,0.981921,0.8114,198.450717,521.209109
4.35,0.98192,0.811401,198.451609,521.209754
4.36,0.98192,0.811403,198.452498,521.210473
4.37,0.981919,0.811405,198.453383,521.21127
4.38,0.981919,0.811407,198.454263,521.212144
4.39,0.981918,0.811409,198.455137,521.213096
4.4,0.981918,0.811412,198.456005,521.214127
4.41,0.981917,0.811414,198.456865,521.215235
4.42,0.981917,0.811416,198.457718,521.216422
4.43,0.981916,0.811419,198.458562,521.217685
4.44,0.981916,0.811422,198.459397,521.219022
4.45,0.981915,0.811424,198.460221,521.220432
4.46,0.981915,0.811427,198.461034,521.221913
4.47,0.981914,0.81143,198.461835,521.223461
4.48,0.981914,0.811433,198.462623,521.225072
4.49,0.981913,0.811436,198.463397,521.226744
4.5,0.981913,0.81144,198.464157,521.228473
4.51,0.981912,0.811443,198.464902,521.230253
4.52,0.981911,0.811446,198.465631,521.232079
4.53,0.981911,0.81145,198.466343,521.233948
4.54,0.98191,0.811453,198.467038,521.235853
4.55,0.98191,0.811456,198.467714,521.237789
4.56,0.981909,0.81146,198.468372,521.23975
4.57,0.981909,0.811463,198.46901,521.241729
4.58,0.981908,0.811467,198.469628,521.243721
4.59,0.981908,0.81147,198.470226,521.245718
4.6,0.981907,0.811474,198.470802,521.247715
4.61,0.981907,0.811477,198.471356,521.249704
4.62,0.981906,0.81148,198.471888,521.251679
4.63,0.981906,0.811484,198.472398,521.253633
4.64,0.981906,0.811487,198.472885,521.255559
4.65,0.981905,0.81149,198.473349,521.25745
4.66,0.981905,0.811493,198.47379,521.2593
4.67,0.981904,0.811496,198.474207,521.261102
4.68,0.981904,0.811499,198.4746,521.262849
4.69,0.981904,0.811502,198.47497,521.264535
4.7,0.981903,0.811504,198.475316,521.266154
4.71,0.981903,0.811507,198.475639,521.2677
4.72,0.981903,0.811509,198.475938,521.269167
4.73,0.981903,0.811511,198.476214,521.270549
4.74,0.981903,0.811513,198.476467,521.271842
4.75,0.981902,0.811515,198.476698,521.273041
4.76,0.981902,0.811517,198.476906,521.274141
4.77,0.981902,0.811518,198.477093,521.275138
4.78,0.981902,0.81152,198.477258,521.276029
4.79,0.981902,0.811521,198.477403,521.276809
4.8,0.981902,0.811522,198.477528,521.277476
4.81,0.981902,0.811523,198.477634,521.278027
4.82,0.981902,0.811523,198.477721,521.278461
4.83,0.981902,0.811523,198.47779,521.278775
4.84,0.981903,0.811524,198.477843,521.278969
4.85,0.981903,0.811524,198.47788,521.279042
4.86,0.981903,0.811523,198.477902,521.278993
4.87,0.981903,0.811523,198.47791,521.278824
4.88,0.981904,0.811522,198.477905,521.278534
4.89,0.981904,0.811521,198.477888,521.278125
4.9,0.981904,0.81152,198.477861,521.277598
4.91,0.981905,0.811519,198.477824,521.276957
4.92,0.981905,0.811518,198.477778,521.276202
4.93,0.981906,0.811516,198.477726,521.275339
4.94,0.981906,0.811514,198.477667,521.274369
4.95,0.981907,0.811512,198.477604,521.273297
4.96,0.981907,0.81151,198.477537,521.272127
4.97,0.981908,0.811508,198.477468,521.270864
4.98,0.981909,0.811505,198.477399,521.269513
4.99,0.981909,0.811503,198.477329,521.26808
5,0.98191,0.8115,198.477261,521.26657
5.01,0.981911,0.811497,198.477195,521.264989
5.02,0.981912,0.811495,198.477134,521.263345
5.03,0.981912,0.811492,198.477078,521.261642
5.04,0.981913,0.811488,198.477028,521.259889
5.05,0.981914,0.811485,198.476985,521.258093
5.06,0.981915,0.811482,198.476951,521.25626
5.07,0.981916,0.811479,198.476927,521.254397
5.08,0.981917,0.811476,198.476914,521.252514
5.09,0.981917,0.811472,198.476912,521.250616
5.1,0.981918,0.811469,198.476923,521.248712
5.11,0.981919,0.811466,198.476948,521.246809
5.12,0.98192,0.811462,198.476988,521.244915
5.13,0.981921,0.811459,198.477043,521.243038
5.14,0.981922,0.811456,198.477113,521.241185
5.15,0.981923,0.811453,198.477201,521.239363
5.16,0.981924,0.81145,198.477307,521.23758
5.17,0.981924,0.811447,198.47743,521.235843
5.18,0.981925,0.811444,198.477572,521.234159
5.19,0.981926,0.811441,198.477734,521.232534
5.2,0.981927,0.811438,198.477914,521.230976
5.21,0.981928,0.811436,198.478115,521.229489
5.22,0.981929,0.811433,198.478336,521.228081
5.23,0.981929,0.811431,198.478577,521.226757
5.24,0.98193,0.811429,198.478839,521.225522
5.25,0.981931,0.811427,198.479121,521.224381
5.26,0.981932,0.811425,198.479424,521.223338
5.27,0.981932,0.811423,198.479748,521.222399
5.28,0.981933,0.811422,198.480092,521.221566
5.29,0.981934,0.81142,198.480456,521.220842
5.3,0.981934,0.811419,198.48084,521.220232
5.31,0.981935,0.811418,198.481244,521.219736
5.32,0.981935,0.811417,198.481667,521.219358
5.33,0.981936,0.811417,198.48211,521.219099
5.34,0.981936,0.811417,198.482571,521.218959
5.35,0.981937,0.811416,198.483049,521.21894
5.36,0.981937,0.811417,198.483545,521.219042
5.37,0.981938,0.811417,198.484058,521.219265
5.38,0.981938,0.811417,198.484587,521.219607
5.39,0.981938,0.811418,198.485132,521.220068
5.4,0.981938,0.811419,198.485691,521.220646
5.41,0.981939,0.81142,198.486264,521.221338
5.42,0.981939,0.811421,198.48685,521.222144
5.43,0.981939,0.811423,198.487449,521.223059
5.44,0.981939,0.811424,198.488059,521.224081
5.45,0.981939,0.811426,198.48868,521.225206
5.46,0.981939,0.811428,198.48931,521.226429
5.47,0.981939,0.81143,198.489949,521.227748
5.48,0.981939,0.811432,198.490596,521.229156
5.49,0.981939,0.811435,198.49125,521.23065
5.5,0.981939,0.811437,198.49191,521.232223
5.51,0.981939,0.81144,198.492575,521.233871
5.52,0.981939,0.811443,198.493245,521.235588
5.53,0.981938,0.811446,198.493917,521.237368
5.54,0.981938,0.811449,198.494593,521.239204
5.55,0.981938,0.811452,198.495269,521.241092
5.56,0.981937,0.811455,198.495946,521.243024
5.57,0.981937,0.811459,198.496623,521.244994
5.58,0.981937,0.811462,198.4973,521.246996
5.59,0.981936,0.811465,198.497974,521.249023
5.6,0.981936,0.811469,198.498645,521.251069
5.61,0.981936,0.811472,198.499314,521.253127
5.62,0.981935,0.811476,198.499978,521.255191
5.63,0.981935,0.811479,198.500637,521.257255
5.64,0.981934,0.811483,198.501291,521.259311
5.65,0.981934,0.811486,198.501939,521.261355
5.66,0.981933,0.81149,198.50258,521.26338
5.67,0.981933,0.811493,198.503214,521.26538
5.68,0.981932,0.811497,198.503841,521.267349
5.69,0.981932,0.8115,198.504459,521.269283
5.7,0.981931,0.811504,198.505069,521.271176
5.71,0.981931,0.811507,198.50567,521.273023
5.72,0.98193,0.81151,198.506262,521.274819
5.73,0.981929,0.811513,198.506844,521.27656
5.74,0.981929,0.811516,198.507417,521.278243
5.75,0.981928,0.811519,198.507979,521.279862
5.76,0.981928,0.811522,198.508532,521.281416
5.77,0.981927,0.811525,198.509074,521.2829
5.78,0.981927,0.811527,198.509605,521.284312
5.79,0.981926,0.81153,198.510127,521.285649
5.8,0.981926,0.811532,198.510638,521.28691
5.81,0.981925,0.811535,198.511138,521.288094
5.82,0.981925,0.811537,198.511628,521.289197
5.83,0.981924,0.811539,198.512108,521.290221
5.84,0.981924,0.811541,198.512577,521.291163
5.85,0.981923,0.811543,198.513036,521.292025
5.86,0.981923,0.811544,198.513486,521.292805
5.87,0.981922,0.811546,198.513926,521.293505
5.88,0.981922,0.811547,198.514356,521.294126
5.89,0.981921,0.811549,198.514777,521.294668
5.9,0.981921,0.81155,198.515189,521.295133
5.91,0.981921,0.811551,198.515592,521.295523
5.92,0.98192,0.811552,198.515987,521.295841
5.93,0.98192,0.811553,198.516373,521.296087
5.94,0.981919,0.811553,198.516752,521.296266
5.95,0.981919,0.811554,198.517122,521.296379
5.96,0.981919,0.811555,198.517486,521.296431
5.97,0.981918,0.811555,198.517842,521.296424
5.98,0.981918,0.811555,198.518192,521.296363
5.99,0.981918,0.811556,198.518536,521.29625
6,0.981918,0.811556,198.518873,521.296089
6.01,0.981917,0.811556,198.519204,521.295885
6.02,0.981917,0.811556,198.51953,521.295642
6.03,0.981917,0.811556,198.519851,521.295364
6.04,0.981917,0.811556,198.520166,521.295055
6.05,0.981917,0.811556,198.520477,521.29472
6.06,0.981916,0.811555,198.520783,521.294363
6.07,0.981916,0.811555,198.521085,521.293987
6.08,0.981916,0.811555,198.521383,521.293598
6.09,0.981916,0.811555,198.521676,521.2932
6.1,0.981916,0.811554,198.521966,521.292797
6.11,0.981916,0.811554,198.522252,521.292394
6.12,0.981916,0.811554,198.522535,521.291993
6.13,0.981916,0.811553,198.522814,521.291599
6.14,0.981916,0.811553,198.52309,521.291216
6.15,0.981916,0.811553,198.523363,521.290847
6.16,0.981915,0.811552,198.523632,521.290496
6.17,0.981915,0.811552,198.523898,521.290166
6.18,0.981915,0.811552,198.524161,521.28986
6.19,0.981915,0.811552,198.524421,521.289581
6.2,0.981915,0.811551,198.524677,521.289331
6.21,0.981915,0.811551,198.52493,521.289113
6.22,0.981915,0.811551,198.525179,521.288929
6.23,0.981915,0.811551,198.525425,521.28878
6.24,0.981915,0.811551,198.525667,521.288669
6.25,0.981915,0.811551,198.525906,521.288596
6.26,0.981915,0.811551,198.52614,521.288563
6.27,0.981915,0.811551,198.526371,521.288569
6.28,0.981915,0.811551,198.526597,521.288617
6.29,0.981916,0.811552,198.526819,521.288705
6.3,0.981916,0.811552,198.527037,521.288835
6.31,0.981916,0.811552,198.52725,521.289004
6.32,0.981916,0.811552,198.527457,521.289214
6.33,0.981916,0.811553,198.52766,521.289463
6.34,0.981916,0.811553,198.527858,521.289749
6.35,0.981916,0.811554,198.52805,521.290072
6.36,0.981916,0.811554,198.528236,521.290431
6.37,0.981916,0.811555,198.528417,521.290822
6.38,0.981916,0.811555,198.528592,521.291244
6.39,0.981916,0.811556,198.528761,521.291696
6.4,0.981916,0.811557,198.528923,521.292174
6.41,0.981916,0.811557,198.529079,521.292676
6.42,0.981916,0.811558,198.529229,521.293199
6.43,0.981916,0.811559,198.529372,521.293741
6.44,0.981917,0.81156,198.529508,521.294298
6.45,0.981917,0.81156,198.529638,521.294868
6.46,0.981917,0.811561,198.529761,521.295446
6.47,0.981917,0.811562,198.529878,521.296031
6.48,0.981917,0.811563,198.529987,521.296619
6.49,0.981917,0.811564,198.53009,521.297206
6.5,0.981917,0.811564,198.530186,521.297789
6.51,0.981917,0.811565,198.530275,521.298365
6.52,0.981917,0.811566,198.530358,521.29893
6.53,0.981918,0.811566,198.530435,521.299482
6.54,0.981918,0.811567,198.530505,521.300018
6.55,0.981918,0.811568,198.53057,521.300533
6.56,0.981918,0.811568,198.530628,521.301025
6.57,0.981918,0.811569,198.530681,521.301492
6.58,0.981918,0.811569,198.530729,521.301931
6.59,0.981919,0.81157,198.530771,521.302338
6.6,0.981919,0.81157,198.530809,521.302712
6.61,0.981919,0.81157,198.530842,521.30305
6.62,0.981919,0.81157,198.530871,521.30335
6.63,0.981919,0.811571,198.530897,521.303611
6.64,0.98192,0.811571,198.530919,521.30383
6.65,0.98192,0.811571,198.530939,521.304007
6.66,0.98192,0.811571,198.530956,521.30414
6.67,0.98192,0.811571,198.530971,521.304227
6.68,0.981921,0.811571,198.530985,521.304269
6.69,0.981921,0.81157,198.530997,521.304265
6.7,0.981921,0.81157,198.53101,521.304214
6.71,0.981922,0.81157,198.531022,521.304116
6.72,0.981922,0.811569,198.531035,521.303973
6.73,0.981922,0.811569,198.531049,521.303783
6.74,0.981922,0.811568,198.531065,521.303549
6.75,0.981923,0.811568,198.531083,521.30327
6.76,0.981923,0.811567,198.531104,521.302948
6.77,0.981923,0.811566,198.531128,521.302585
6.78,0.981924,0.811565,198.531156,521.302183
6.79,0.981924,0.811564,198.531189,521.301743
6.8,0.981924,0.811564,198.531226,521.301266
6.81,0.981925,0.811563,198.531269,521.300757
6.82,0.981925,0.811562,198.531319,521.300217
6.83,0.981925,0.811561,198.531374,521.299649
6.84,0.981926,0.81156,198.531437,521.299055
6.85,0.981926,0.811558,198.531507,521.29844
6.86,0.981926,0.811557,198.531585,521.297805
6.87,0.981927,0.811556,198.531672,521.297155
6.88,0.981927,0.811555,198.531767,521.296492
6.89,0.981927,0.811554,198.531871,521.295821
6.9,0.981928,0.811553,198.531985,521.295145
6.91,0.981928,0.811552,198.532109,521.294467
6.92,0.981928,0.811551,198.532243,521.293791
6.93,0.981929,0.81155,198.532387,521.293122
6.94,0.981929,0.811548,198.532542,521.292462
6.95,0.981929,0.811547,198.532708,521.291815
6.96,0.98193,0.811546,198.532885,521.291186
6.97,0.98193,0.811545,198.533073,521.290578
6.98,0.98193,0.811545,198.533272,521.289994
6.99,0.98193,0.811544,198.533483,521.289438
7,0.981931,0.811543,198.533705,521.288914
7.01,0.981931,0.811542,198.533938,521.288424
7.02,0.981931,0.811541,198.534183,521.287973
7.03,0.981931,0.811541,198.534439,521.287562
7.04,0.981931,0.81154,198.534705,521.287196
7.05,0.981932,0.81154,198.534983,521.286877
7.06,0.981932,0.81154,198.535272,521.286607
7.07,0.981932,0.811539,198.53557,521.286389
7.08,0.981932,0.811539,198.535879,521.286225
7.09,0.981932,0.811539,198.536198,521.286116
7.1,0.981932,0.811539,198.536527,521.286066
7.11,0.981932,0.811539,198.536865,521.286075
7.12,0.981932,0.81154,198.537211,521.286145
7.13,0.981932,0.81154,198.537566,521.286276
7.14,0.981932,0.81154,198.537929,521.28647
7.15,0.981932,0.811541,198.538299,521.286727
7.16,0.981932,0.811542,198.538676,521.287047
7.17,0.981932,0.811542,198.539059,521.28743
7.18,0.981932,0.811543,198.539448,521.287876
7.19,0.981932,0.811544,198.539843,521.288385
7.2,0.981932,0.811545,198.540242,521.288956
7.21,0.981932,0.811546,198.540645,521.289588
7.22,0.981932,0.811548,198.541052,521.290279
7.23,0.981931,0.811549,198.541461,521.291029
7.24,0.981931,0.811551,198.541873,521.291835
7.25,0.981931,0.811552,198.542286,521.292695
7.26,0.981931,0.811554,198.5427,521.293608
7.27,0.981931,0.811555,198.543115,521.294571
7.28,0.98193,0.811557,198.543529,521.295581
7.29,0.98193,0.811559,198.543942,521.296636
7.3,0.98193,0.811561,198.544353,521.297732
7.31,0.981929,0.811563,198.544762,521.298867
7.32,0.981929,0.811565,198.545168,521.300038
7.33,0.981929,0.811567,198.54557,521.30124
7.34,0.981929,0.811569,198.545969,521.30247
7.35,0.981928,0.811572,198.546362,521.303725
7.36,0.981928,0.811574,198.546751,521.305002
7.37,0.981927,0.811576,198.547133,521.306295
7.38,0.981927,0.811578,198.54751,521.307602
7.39,0.981927,0.811581,198.547879,521.308918
7.4,0.981926,0.811583,198.548241,521.310239
7.41,0.981926,0.811585,198.548596,521.311562
7.42,0.981926,0.811588,198.548942,521.312883
7.43,0.981925,0.81159,198.549279,521.314197
7.44,0.981925,0.811592,198.549608,521.315501
7.45,0.981924,0.811594,198.549927,521.316791
7.46,0.981924,0.811597,198.550237,521.318063
7.47,0.981924,0.811599,198.550537,521.319313
7.48,0.981923,0.811601,198.550827,521.320539
7.49,0.981923,0.811603,198.551107,521.321735
7.5,0.981923,0.811605,198.551376,521.3229
7.51,0.981922,0.811607,198.551635,521.32403
7.52,0.981922,0.811609,198.551882,521.325121
7.53,0.981921,0.811611,198.552119,521.326171
7.54,0.981921,0.811612,198.552345,521.327178
7.55,0.981921,0.811614,198.552561,521.328138
7.56,0.98192,0.811616,198.552765,521.329049
7.57,0.98192,0.811617,198.552959,521.32991
7.58,0.98192,0.811619,198.553142,521.330718
7.59,0.98192,0.81162,198.553314,521.331471
7.6,0.981919,0.811621,198.553476,521.332169
7.61,0.981919,0.811622,198.553628,521.332809
7.62,0.981919,0.811624,198.553769,521.333392
7.63,0.981919,0.811625,198.553901,521.333915
7.64,0.981918,0.811625,198.554023,521.334379
7.65,0.981918,0.811626,198.554136,521.334783
7.66,0.981918,0.811627,198.554239,521.335127
7.67,0.981918,0.811627,198.554334,521.335411
7.68,0.981918,0.811628,198.554421,521.335636
7.69,0.981917,0.811628,198.554499,521.335802
7.7,0.981917,0.811629,198.554569,521.33591
7.71,0.981917,0.811629,198.554632,521.335961
7.72,0.981917,0.811629,198.554689,521.335957
7.73,0.981917,0.811629,198.554738,521.335898
7.74,0.981917,0.811629,198.554781,521.335787
7.75,0.981917,0.811629,198.554819,521.335625
7.76,0.981917,0.811628,198.554851,521.335414
7.77,0.981917,0.811628,198.554878,521.335156
7.78,0.981917,0.811628,198.5549,521.334854
7.79,0.981917,0.811627,198.554918,521.334511
7.8,0.981917,0.811627,198.554933,521.334128
7.81,0.981917,0.811626,198.554944,521.333709
7.82,0.981917,0.811625,198.554952,521.333256
7.83,0.981917,0.811625,198.554957,521.332772
7.84,0.981917,0.811624,198.554961,521.33226
7.85,0.981917,0.811623,198.554962,521.331724
7.86,0.981918,0.811622,198.554962,521.331166
7.87,0.981918,0.811621,198.554961,521.330589
7.88,0.981918,0.81162,198.554959,521.329997
7.89,0.981918,0.811619,198.554956,521.329393
7.9,0.981918,0.811618,198.554954,521.32878
7.91,0.981918,0.811617,198.554951,521.328161
7.92,0.981919,0.811616,198.554949,521.327539
7.93,0.981919,0.811615,198.554948,521.326917
7.94,0.981919,0.811614,198.554947,521.326299
7.95,0.981919,0.811613,198.554948,521.325686
7.96,0.981919,0.811612,198.55495,521.325083
7.97,0.98192,0.811611,198.554953,521.324491
7.98,0.98192,0.81161,198.554959,521.323914
7.99,0.98192,0.811609,198.554966,521.323354
8,0.98192,0.811609,198.554975,521.322813
8.01,0.98192,0.811608,198.554986,521.322294
8.02,0.981921,0.811607,198.554999,521.321798
8.03,0.981921,0.811606,198.555014,521.321329
8.04,0.981921,0.811605,198.555032,521.320886
8.05,0.981921,0.811604,198.555052,521.320473
8.06,0.981922,0.811604,198.555074,521.320091
8.07,0.981922,0.811603,198.555099,521.31974
8.08,0.981922,0.811602,198.555126,521.319423
8.09,0.981922,0.811602,198.555155,521.319139
8.1,0.981923,0.811601,198.555187,521.318891
8.11,0.981923,0.811601,198.555221,521.318678
8.12,0.981923,0.811601,198.555256,521.318501
8.13,0.981923,0.8116,198.555295,521.31836
8.14,0.981924,0.8116,198.555335,521.318255
8.15,0.981924,0.8116,198.555377,521.318186
8.16,0.981924,0.811599,198.55542,521.318153
8.17,0.981924,0.811599,198.555466,521.318155
8.18,0.981924,0.811599,198.555513,521.318193
8.19,0.981925,0.811599,198.555562,521.318264
8.2,0.981925,0.811599,198.555612,521.318368
8.21,0.981925,0.811599,198.555663,521.318504
8.22,0.981925,0.811599,198.555715,521.318671
8.23,0.981925,0.811599,198.555769,521.318867
8.24,0.981926,0.8116,198.555823,521.319092
8.25,0.981926,0.8116,198.555878,521.319343
8.26,0.981926,0.8116,198.555934,521.319618
8.27,0.981926,0.8116,198.55599,521.319917
8.28,0.981926,0.811601,198.556047,521.320237
8.29,0.981926,0.811601,198.556104,521.320577
8.3,0.981926,0.811601,198.556162,521.320933
8.31,0.981927,0.811602,198.556219,521.321305
8.32,0.981927,0.811602,198.556277,521.321691
8.33,0.981927,0.811603,198.556335,521.322088
8.34,0.981927,0.811603,198.556393,521.322493
8.35,0.981927,0.811604,198.556451,521.322906
8.36,0.981927,0.811604,198.556509,521.323325
8.37,0.981927,0.811605,198.556567,521.323746
8.38,0.981927,0.811605,198.556625,521.324167
8.39,0.981928,0.811606,198.556682,521.324588
8.4,0.981928,0.811606,198.55674,521.325006
8.41,0.981928,0.811607,198.556797,521.325419
8.42,0.981928,0.811607,198.556855,521.325826
8.43,0.981928,0.811608,198.556912,521.326224
8.44,0.981928,0.811608,198.55697,521.326611
8.45,0.981928,0.811609,198.557028,521.326987
8.46,0.981928,0.811609,198.557086,521.32735
8.47,0.981928,0.81161,198.557144,521.327699
8.48,0.981928,0.81161,198.557203,521.328032
8.49,0.981928,0.81161,198.557262,521.328348
8.5,0.981929,0.811611,198.557322,521.328646
8.51,0.981929,0.811611,198.557383,521.328925
8.52,0.981929,0.811612,198.557444,521.329185
8.53,0.981929,0.811612,198.557507,521.329425
8.54,0.981929,0.811612,198.557571,521.329644
8.55,0.981929,0.811612,198.557636,521.329842
8.56,0.981929,0.811613,198.557702,521.330019
8.57,0.981929,0.811613,198.55777,521.330175
8.58,0.981929,0.811613,198.55784,521.33031
8.59,0.981929,0.811613,198.557912,521.330424
8.6,0.981929,0.811613,198.557985,521.330517
8.61,0.981929,0.811613,198.558061,521.33059
8.62,0.981929,0.811613,198.55814,521.330644
8.63,0.981929,0.811613,198.55822,521.330679
8.64,0.981929,0.811613,198.558304,521.330696
8.65,0.981929,0.811613,198.55839,521.330696
8.66,0.981929,0.811613,198.558479,521.33068
8.67,0.981929,0.811613,198.55857,521.330649
8.68,0.98193,0.811613,198.558665,521.330604
8.69,0.98193,0.811613,198.558764,521.330547
8.7,0.98193,0.811613,198.558865,521.33048
8.71,0.98193,0.811613,198.55897,521.330403
8.72,0.98193,0.811613,198.559078,521.330318
8.73,0.98193,0.811613,198.55919,521.330227
8.74,0.98193,0.811613,198.559305,521.330131
8.75,0.98193,0.811613,198.559424,521.330032
8.76,0.98193,0.811613,198.559546,521.329932
8.77,0.98193,0.811613,198.559672,521.329832
8.78,0.98193,0.811613,198.559802,521.329734
8.79,0.98193,0.811613,198.559935,521.32964
8.8,0.98193,0.811613,198.560071,521.329552
8.81,0.98193,0.811613,198.560211,521.329471
8.82,0.98193,0.811613,198.560354,521.329399
8.83,0.98193,0.811613,198.560501,521.329337
8.84,0.98193,0.811613,198.560651,521.329287
8.85,0.98193,0.811613,198.560803,521.329251
8.86,0.98193,0.811613,198.560959,521.329229
8.87,0.981929,0.811613,198.561117,521.329224
8.88,0.981929,0.811613,198.561278,521.329237
8.89,0.981929,0.811613,198.561441,521.329268
8.9,0.981929,0.811613,198.561606,521.329319
8.91,0.981929,0.811614,198.561773,521.329391
8.92,0.981929,0.811614,198.561942,521.329485
8.93,0.981929,0.811614,198.562113,521.329601
8.94,0.981929,0.811615,198.562284,521.329741
8.95,0.981929,0.811615,198.562457,521.329904
8.96,0.981929,0.811615,198.56263,521.330092
8.97,0.981929,0.811616,198.562804,521.330304
8.98,0.981929,0.811616,198.562978,521.330542
8.99,0.981928,0.811617,198.563152,521.330804
9,0.981928,0.811617,198.563325,521.33109
9.01,0.981928,0.811618,198.563498,521.331402
9.02,0.981928,0.811619,198.56367,521.331737
9.03,0.981928,0.811619,198.56384,521.332097
9.04,0.981928,0.81162,198.564009,521.33248
9.05,0.981928,0.811621,198.564175,521.332885
9.06,0.981928,0.811622,198.56434,521.333312
9.07,0.981927,0.811622,198.564502,521.33376
9.08,0.981927,0.811623,198.564661,521.334228
9.09,0.981927,0.811624,198.564817,521.334715
9.1,0.981927,0.811625,198.564969,521.335219
9.11,0.981927,0.811626,198.565118,521.335739
9.12,0.981927,0.811627,198.565263,521.336274
9.13,0.981926,0.811628,198.565403,521.336822
9.14,0.981926,0.811629,198.565539,521.337381
9.15,0.981926,0.81163,198.56567,521.337951
9.16,0.981926,0.811631,198.565796,521.338528
9.17,0.981926,0.811632,198.565917,521.339113
9.18,0.981926,0.811633,198.566032,521.339701
9.19,0.981925,0.811634,198.566142,521.340293
9.2,0.981925,0.811635,198.566246,521.340885
9.21,0.981925,0.811636,198.566344,521.341477
9.22,0.981925,0.811637,198.566436,521.342065
9.23,0.981925,0.811638,198.566521,521.342649
9.24,0.981925,0.811639,198.5666,521.343226
9.25,0.981925,0.81164,198.566673,521.343794
9.26,0.981924,0.81164,198.566739,521.344351
9.27,0.981924,0.811641,198.566799,521.344897
9.28,0.981924,0.811642,198.566852,521.345428
9.29,0.981924,0.811643,198.566898,521.345943
9.3,0.981924,0.811644,198.566938,521.34644
9.31,0.981924,0.811645,198.566971,521.346918
9.32,0.981924,0.811645,198.566998,521.347376
9.33,0.981924,0.811646,198.567018,521.347811
9.34,0.981924,0.811647,198.567031,521.348222
9.35,0.981923,0.811647,198.567038,521.348608
9.36,0.981923,0.811648,198.567039,521.348968
9.37,0.981923,0.811648,198.567034,521.3493
9.38,0.981923,0.811649,198.567023,521.349604
9.39,0.981923,0.811649,198.567006,521.349878
9.4,0.981923,0.81165,198.566984,521.350123
9.41,0.981923,0.81165,198.566956,521.350337
9.42,0.981923,0.81165,198.566923,521.350519
9.43,0.981923,0.81165,198.566885,521.35067
9.44,0.981923,0.81165,198.566842,521.350789
9.45,0.981923,0.811651,198.566794,521.350875
9.46,0.981923,0.811651,198.566743,521.350929
9.47,0.981923,0.811651,198.566687,521.350951
9.48,0.981923,0.81165,198.566628,521.350941
9.49,0.981923,0.81165,198.566565,521.3509
9.5,0.981923,0.81165,198.566499,521.350827
9.51,0.981923,0.81165,198.566431,521.350724
9.52,0.981923,0.81165,198.566359,521.350591
9.53,0.981923,0.811649,198.566286,521.350428
9.54,0.981924,0.811649,198.566211,521.350238
9.55,0.981924,0.811649,198.566134,521.350021
9.56,0.981924,0.811648,198.566055,521.349777
9.57,0.981924,0.811648,198.565976,521.349509
9.58,0.981924,0.811647,198.565896,521.349217
9.59,0.981924,0.811646,198.565816,521.348903
9.6,0.981924,0.811646,198.565735,521.348569
9.61,0.981924,0.811645,198.565655,521.348216
9.62,0.981925,0.811645,198.565575,521.347845
9.63,0.981925,0.811644,198.565496,521.347459
9.64,0.981925,0.811643,198.565418,521.347058
9.65,0.981925,0.811642,198.565341,521.346646
9.66,0.981925,0.811642,198.565266,521.346223
9.67,0.981925,0.811641,198.565192,521.345792
9.68,0.981925,0.81164,198.565121,521.345354
9.69,0.981926,0.811639,198.565052,521.344911
9.7,0.981926,0.811639,198.564985,521.344465
9.71,0.981926,0.811638,198.564921,521.344019
9.72,0.981926,0.811637,198.564859,521.343573
9.73,0.981926,0.811636,198.564801,521.34313
9.74,0.981927,0.811635,198.564746,521.342691
9.75,0.981927,0.811635,198.564694,521.342259
9.76,0.981927,0.811634,198.564646,521.341835
9.77,0.981927,0.811633,198.564601,521.34142
9.78,0.981927,0.811632,198.564559,521.341017
9.79,0.981928,0.811632,198.564522,521.340627
9.8,0.981928,0.811631,198.564488,521.340252
9.81,0.981928,0.81163,198.564458,521.339892
9.82,0.981928,0.81163,198.564432,521.33955
9.83,0.981928,0.811629,198.564409,521.339227
9.84,0.981928,0.811629,198.564391,521.338923
9.85,0.981929,0.811628,198.564377,521.33864
9.86,0.981929,0.811628,198.564366,521.338379
9.87,0.981929,0.811627,198.564359,521.338141
9.88,0.981929,0.811627,198.564356,521.337927
9.89,0.981929,0.811626,198.564357,521.337737
9.9,0.981929,0.811626,198.564361,521.337572
9.91,0.981929,0.811626,198.564369,521.337432
9.92,0.98193,0.811625,198.56438,521.337318
9.93,0.98193,0.811625,198.564395,521.337231
9.94,0.98193,0.811625,198.564413,521.337169
9.95,0.98193,0.811625,198.564434,521.337134
9.96,0.98193,0.811625,198.564458,521.337125
9.97,0.98193,0.811625,198.564485,521.337142
9.98,0.98193,0.811625,198.564515,521.337186
9.99,0.98193,0.811625,198.564548,521.337254
10,0.98193,0.811625,198.564583,521.337348
10.01,0.981931,0.811625,198.56462,521.337466
10.02,0.981931,0.811625,198.564659,521.337608
10.03,0.981931,0.811625,198.564701,521.337773
10.04,0.981931,0.811626,198.564744,521.33796
10.05,0.981931,0.811626,198.564789,521.338168
10.06,0.981931,0.811626,198.564835,521.338398
10.07,0.981931,0.811626,198.564883,521.338646
10.08,0.981931,0.811627,198.564932,521.338913
10.09,0.981931,0.811627,198.564982,521.339196
10.1,0.981931,0.811628,198.565033,521.339496
10.11,0.981931,0.811628,198.565085,521.339811
10.12,0.981931,0.811629,198.565137,521.340138
10.13,0.981931,0.811629,198.56519,521.340478
10.14,0.981931,0.81163,198.565243,521.340829
10.15,0.981931,0.81163,198.565296,521.341188
10.16,0.981931,0.811631,198.565349,521.341556
10.17,0.981931,0.811631,198.565402,521.34193
10.18,0.981931,0.811632,198.565455,521.34231
10.19,0.981931,0.811632,198.565508,521.342693
10.2,0.981931,0.811633,198.565561,521.343079
10.21,0.981931,0.811634,198.565613,521.343465
10.22,0.981931,0.811634,198.565664,521.343852
10.23,0.981931,0.811635,198.565715,521.344236
10.24,0.98193,0.811635,198.565765,521.344618
10.25,0.98193,0.811636,198.565814,521.344996
10.26,0.98193,0.811637,198.565863,521.345369
10.27,0.98193,0.811637,198.56591,521.345735
10.28,0.98193,0.811638,198.565957,521.346094
10.29,0.98193,0.811638,198.566003,521.346444
10.3,0.98193,0.811639,198.566048,521.346785
10.31,0.98193,0.811639,198.566092,521.347115
10.32,0.98193,0.81164,198.566135,521.347434
10.33,0.98193,0.81164,198.566177,521.347742
10.34,0.98193,0.811641,198.566219,521.348037
10.35,0.98193,0.811641,198.566259,521.348318
10.36,0.98193,0.811642,198.566298,521.348586
10.37,0.98193,0.811642,198.566337,521.34884
10.38,0.981929,0.811643,198.566374,521.349079
10.39,0.981929,0.811643,198.566411,521.349304
10.4,0.981929,0.811643,198.566447,521.349513
10.41,0.981929,0.811644,198.566483,521.349707
10.42,0.981929,0.811644,198.566517,521.349887
10.43,0.981929,0.811644,198.566551,521.350051
10.44,0.981929,0.811645,198.566584,521.3502
10.45,0.981929,0.811645,198.566617,521.350334
10.46,0.981929,0.811645,198.566649,521.350453
10.47,0.981929,0.811645,198.566681,521.350558
10.48,0.981929,0.811645,198.566712,521.350649
10.49,0.981929,0.811646,198.566743,521.350727
10.5,0.981929,0.811646,198.566774,521.350792
10.51,0.981929,0.811646,198.566804,521.350844
10.52,0.981928,0.811646,198.566835,521.350885
10.53,0.981928,0.811646,198.566864,521.350914
10.54,0.981928,0.811646,198.566894,521.350933
10.55,0.981928,0.811646,198.566924,521.350943
10.56,0.981928,0.811646,198.566953,521.350943
10.57,0.981928,0.811647,198.566983,521.350935
10.58,0.981928,0.811647,198.567012,521.35092
10.59,0.981928,0.811647,198.567042,521.350899
10.6,0.981928,0.811647,198.567071,521.350872
10.61,0.981928,0.811647,198.567101,521.350841
10.62,0.981928,0.811647,198.56713,521.350806
10.63,0.981928,0.811647,198.567159,521.350768
10.64,0.981928,0.811647,198.567189,521.350728
10.65,0.981928,0.811647,198.567218,521.350687
10.66,0.981928,0.811647,198.567247,521.350645
10.67,0.981927,0.811647,198.567277,521.350605
10.68,0.981927,0.811647,198.567306,521.350565
10.69,0.981927,0.811647,198.567335,521.350528
10.7,0.981927,0.811647,198.567363,521.350494
10.71,0.981927,0.811647,198.567392,521.350463
10.72,0.981927,0.811647,198.56742,521.350437
10.73,0.981927,0.811647,198.567448,521.350416
10.74,0.981927,0.811647,198.567475,521.350401
10.75,0.981927,0.811647,198.567502,521.350391
10.76,0.981927,0.811647,198.567528,521.350389
10.77,0.981927,0.811647,198.567554,521.350393
10.78,0.981927,0.811647,198.567579,521.350405
10.79,0.981927,0.811647,198.567603,521.350425
10.8,0.981927,0.811647,198.567626,521.350453
10.81,0.981927,0.811647,198.567648,521.350489
10.82,0.981927,0.811648,198.56767,521.350534
10.83,0.981927,0.811648,198.56769,521.350587
10.84,0.981927,0.811648,198.567708,521.350649
10.85,0.981927,0.811648,198.567726,521.35072
10.86,0.981926,0.811648,198.567742,521.350799
10.87,0.981926,0.811648,198.567756,521.350887
10.88,0.981926,0.811648,198.567769,521.350983
10.89,0.981926,0.811649,198.56778,521.351086
10.9,0.981926,0.811649,198.567789,521.351198
10.91,0.981926,0.811649,198.567797,521.351317
10.92,0.981926,0.811649,198.567802,521.351442
10.93,0.981926,0.811649,198.567806,521.351574
10.94,0.981926,0.81165,198.567807,521.351712
10.95,0.981926,0.81165,198.567806,521.351855
10.96,0.981926,0.81165,198.567803,521.352003
10.97,0.981926,0.81165,198.567798,521.352155
10.98,0.981926,0.811651,198.56779,521.35231
10.99,0.981926,0.811651,198.56778,521.352469
11,0.981926,0.811651,198.567767,521.352629
11.01,0.981926,0.811651,198.567752,521.352791
11.02,0.981926,0.811652,198.567735,521.352953
11.03,0.981926,0.811652,198.567715,521.353116
11.04,0.981926,0.811652,198.567692,521.353277
11.05,0.981926,0.811652,198.567667,521.353437
11.06,0.981926,0.811652,198.56764,521.353594
11.07,0.981926,0.811653,198.56761,521.353748
11.08,0.981926,0.811653,198.567577,521.353898
11.09,0.981926,0.811653,198.567542,521.354043
11.1,0.981926,0.811653,198.567505,521.354183
11.11,0.981926,0.811653,198.567465,521.354316
11.12,0.981926,0.811654,198.567423,521.354443
11.13,0.981926,0.811654,198.567378,521.354562
11.14,0.981926,0.811654,198.567332,521.354673
11.15,0.981926,0.811654,198.567283,521.354775
11.16,0.981926,0.811654,198.567233,521.354868
11.17,0.981926,0.811654,198.56718,521.354951
11.18,0.981926,0.811654,198.567126,521.355024
11.19,0.981926,0.811654,198.56707,521.355085
11.2,0.981926,0.811654,198.567012,521.355136
11.21,0.981926,0.811654,198.566953,521.355175
11.22,0.981926,0.811654,198.566893,521.355203
11.23,0.981926,0.811654,198.566831,521.355218
11.24,0.981926,0.811654,198.566768,521.355222
11.25,0.981926,0.811654,198.566704,521.355213
11.26,0.981926,0.811654,198.56664,521.355191
11.27,0.981926,0.811654,198.566575,521.355158
11.28,0.981926,0.811654,198.566509,521.355111
11.29,0.981926,0.811653,198.566443,521.355053
11.3,0.981926,0.811653,198.566377,521.354983
11.31,0.981926,0.811653,198.566311,521.354901
11.32,0.981926,0.811653,198.566245,521.354807
11.33,0.981926,0.811653,198.566179,521.354702
11.34,0.981926,0.811652,198.566114,521.354587
11.35,0.981927,0.811652,198.56605,521.354461
11.36,0.981927,0.811652,198.565986,521.354325
11.37,0.981927,0.811652,198.565923,521.354179
11.38,0.981927,0.811651,198.565861,521.354025
11.39,0.981927,0.811651,198.5658,521.353863
11.4,0.981927,0.811651,198.565741,521.353693
11.41,0.981927,0.81165,198.565683,521.353516
11.42,0.981927,0.81165,198.565627,521.353333
11.43,0.981927,0.81165,198.565573,521.353145
11.44,0.981927,0.811649,198.56552,521.352952
11.45,0.981927,0.811649,198.56547,521.352756
11.46,0.981927,0.811649,198.565422,521.352556
11.47,0.981927,0.811648,198.565375,521.352355
11.48,0.981928,0.811648,198.565332,521.352152
11.49,0.981928,0.811647,198.56529,521.351948
11.5,0.981928,0.811647,198.565252,521.351746
11.51,0.981928,0.811647,198.565215,521.351544
11.52,0.981928,0.811646,198.565182,521.351345
11.53,0.981928,0.811646,198.565151,521.351149
11.54,0.981928,0.811646,198.565123,521.350957
11.55,0.981928,0.811645,198.565098,521.350769
11.56,0.981928,0.811645,198.565075,521.350587
11.57,0.981928,0.811645,198.565056,521.350412
11.58,0.981928,0.811644,198.565039,521.350244
11.59,0.981928,0.811644,198.565025,521.350083
11.6,0.981928,0.811644,198.565014,521.349931
11.61,0.981928,0.811644,198.565006,521.349788
11.62,0.981928,0.811643,198.565001,521.349655
11.63,0.981929,0.811643,198.564999,521.349533
11.64,0.981929,0.811643,198.564999,521.349422
11.65,0.981929,0.811643,198.565002,521.349322
11.66,0.981929,0.811643,198.565008,521.349234
11.67,0.981929,0.811643,198.565016,521.349159
11.68,0.981929,0.811643,198.565027,521.349096
11.69,0.981929,0.811642,198.565041,521.349047
11.7,0.981929,0.811642,198.565057,521.349011
11.71,0.981929,0.811642,198.565075,521.348988
11.72,0.981929,0.811642,198.565095,521.34898
11.73,0.981929,0.811642,198.565117,521.348985
11.74,0.981929,0.811642,198.565142,521.349004
11.75,0.981929,0.811642,198.565168,521.349037
11.76,0.981929,0.811643,198.565196,521.349083
11.77,0.981929,0.811643,198.565226,521.349144
11.78,0.981929,0.811643,198.565257,521.349217
11.79,0.981929,0.811643,198.56529,521.349304
11.8,0.981929,0.811643,198.565324,521.349405
11.81,0.981929,0.811643,198.565359,521.349517
11.82,0.981929,0.811644,198.565396,521.349642
11.83,0.981929,0.811644,198.565433,521.349779
11.84,0.981929,0.811644,198.565471,521.349928
11.85,0.981929,0.811644,198.565509,521.350087
11.86,0.981928,0.811645,198.565548,521.350257
11.87,0.981928,0.811645,198.565587,521.350436
11.88,0.981928,0.811645,198.565627,521.350625
11.89,0.981928,0.811646,198.565667,521.350822
11.9,0.981928,0.811646,198.565706,521.351027
11.91,0.981928,0.811646,198.565746,521.35124
11.92,0.981928,0.811647,198.565785,521.351458
11.93,0.981928,0.811647,198.565824,521.351683
11.94,0.981928,0.811647,198.565863,521.351912
11.95,0.981928,0.811648,198.565901,521.352145
11.96,0.981928,0.811648,198.565938,521.352382
11.97,0.981928,0.811649,198.565975,521.352622
11.98,0.981928,0.811649,198.56601,521.352863
11.99,0.981928,0.811649,198.566045,521.353106
12,0.981927,0.81165,198.566079,521.353348
12.01,0.981927,0.81165,198.566111,521.353591
12.02,0.981927,0.811651,198.566142,521.353831
12.03,0.981927,0.811651,198.566173,521.35407
12.04,0.981927,0.811651,198.566201,521.354306
12.05,0.981927,0.811652,198.566229,521.354539
12.06,0.981927,0.811652,198.566255,521.354768
12.07,0.981927,0.811653,198.566279,521.354991
12.08,0.981927,0.811653,198.566303,521.355209
12.09,0.981927,0.811653,198.566324,521.355422
12.1,0.981927,0.811654,198.566344,521.355627
12.11,0.981927,0.811654,198.566363,521.355825
12.12,0.981926,0.811654,198.56638,521.356016
12.13,0.981926,0.811655,198.566395,521.356198
12.14,0.981926,0.811655,198.566409,521.356372
12.15,0.981926,0.811655,198.566422,521.356537
12.16,0.981926,0.811656,198.566433,521.356693
12.17,0.981926,0.811656,198.566442,521.356838
12.18,0.981926,0.811656,198.56645,521.356974
12.19,0.981926,0.811656,198.566456,521.3571
12.2,0.981926,0.811657,198.566461,521.357216
12.21,0.981926,0.811657,198.566465,521.357321
12.22,0.981926,0.811657,198.566467,521.357415
12.23,0.981926,0.811657,198.566468,521.357499
12.24,0.981926,0.811657,198.566468,521.357573
12.25,0.981926,0.811658,198.566466,521.357636
12.26,0.981925,0.811658,198.566463,521.357688
12.27,0.981925,0.811658,198.56646,521.35773
12.28,0.981925,0.811658,198.566455,521.357762
12.29,0.981925,0.811658,198.566449,521.357784
12.3,0.981925,0.811658,198.566442,521.357797
12.31,0.981925,0.811658,198.566434,521.3578
12.32,0.981925,0.811658,198.566426,521.357793
12.33,0.981925,0.811658,198.566416,521.357778
12.34,0.981925,0.811658,198.566406,521.357755
12.35,0.981925,0.811658,198.566395,521.357723
12.36,0.981925,0.811658,198.566384,521.357684
12.37,0.981925,0.811658,198.566372,521.357638
12.38,0.981925,0.811658,198.56636,521.357585
12.39,0.981925,0.811658,198.566347,521.357525
12.4,0.981925,0.811658,198.566334,521.35746
12.41,0.981925,0.811658,198.56632,521.35739
12.42,0.981925,0.811658,198.566306,521.357315
12.43,0.981925,0.811657,198.566292,521.357235
12.44,0.981925,0.811657,198.566278,521.357152
12.45,0.981925,0.811657,198.566263,521.357066
12.46,0.981925,0.811657,198.566249,521.356977
12.47,0.981925,0.811657,198.566234,521.356886
12.48,0.981925,0.811657,198.566219,521.356794
12.49,0.981925,0.811657,198.566204,521.3567
12.5,0.981925,0.811657,198.566189,521.356606
12.51,0.981925,0.811656,198.566174,521.356511
12.52,0.981925,0.811656,198.56616,521.356417
12.53,0.981925,0.811656,198.566145,521.356324
12.54,0.981925,0.811656,198.56613,521.356232
12.55,0.981925,0.811656,198.566115,521.356142
12.56,0.981925,0.811656,198.566101,521.356053
12.57,0.981925,0.811656,198.566086,521.355968
12.58,0.981925,0.811656,198.566072,521.355885
12.59,0.981925,0.811655,198.566058,521.355805
12.6,0.981925,0.811655,198.566043,521.355728
12.61,0.981925,0.811655,198.566029,521.355655
12.62,0.981925,0.811655,198.566015,521.355586
12.63,0.981925,0.811655,198.566001,521.355521
12.64,0.981925,0.811655,198.565987,521.355461
12.65,0.981925,0.811655,198.565973,521.355404
12.66,0.981925,0.811655,198.565959,521.355353
12.67,0.981925,0.811655,198.565944,521.355306
12.68,0.981925,0.811655,198.56593,521.355264
12.69,0.981925,0.811654,198.565916,521.355226
12.7,0.981925,0.811654,198.565902,521.355193
12.71,0.981925,0.811654,198.565888,521.355165
12.72,0.981925,0.811654,198.565874,521.355142
12.73,0.981925,0.811654,198.565859,521.355123
12.74,0.981925,0.811654,198.565845,521.355108
12.75,0.981925,0.811654,198.56583,521.355098
12.76,0.981925,0.811654,198.565815,521.355092
12.77,0.981925,0.811654,198.5658,521.355089
12.78,0.981925,0.811654,198.565785,521.355091
12.79,0.981925,0.811654,198.565769,521.355096
12.8,0.981925,0.811654,198.565753,521.355104
12.81,0.981925,0.811654,198.565738,521.355116
12.82,0.981925,0.811654,198.565721,521.35513
12.83,0.981925,0.811654,198.565705,521.355146
12.84,0.981925,0.811654,198.565688,521.355165
12.85,0.981925,0.811654,198.565672,521.355185
12.86,0.981925,0.811654,198.565655,521.355207
12.87,0.981925,0.811654,198.565637,521.35523
12.88,0.981925,0.811654,198.56562,521.355254
12.89,0.981925,0.811654,198.565602,521.355279
12.9,0.981925,0.811654,198.565584,521.355304
12.91,0.981925,0.811654,198.565566,521.355329
12.92,0.981925,0.811654,198.565547,521.355353
12.93,0.981925,0.811654,198.565529,521.355377
12.94,0.981925,0.811654,198.56551,521.3554
12.95,0.981925,0.811654,198.565492,521.355421
12.96,0.981925,0.811654,198.565473,521.355441
12.97,0.981925,0.811654,198.565454,521.355459
12.98,0.981925,0.811654,198.565435,521.355475
12.99,0.981925,0.811654,198.565416,521.355489
13,0.981925,0.811654,198.565398,521.3555
13.01,0.981925,0.811654,198.565379,521.355509
13.02,0.981926,0.811654,198.565361,521.355514
13.03,0.981926,0.811654,198.565342,521.355517
13.04,0.981926,0.811654,198.565324,521.355516
13.05,0.981926,0.811654,198.565307,521.355512
13.06,0.981926,0.811654,198.565289,521.355505
13.07,0.981926,0.811654,198.565272,521.355494
13.08,0.981926,0.811654,198.565256,521.35548
13.09,0.981926,0.811654,198.565239,521.355462
13.1,0.981926,0.811654,198.565224,521.35544
13.11,0.981926,0.811654,198.565209,521.355416
13.12,0.981926,0.811654,198.565195,521.355387
13.13,0.981926,0.811654,198.565181,521.355355
13.14,0.981926,0.811653,198.565168,521.35532
13.15,0.981926,0.811653,198.565156,521.355282
13.16,0.981926,0.811653,198.565145,521.355241
13.17,0.981926,0.811653,198.565135,521.355197
13.18,0.981926,0.811653,198.565126,521.35515
13.19,0.981926,0.811653,198.565117,521.355101
13.2,0.981926,0.811653,198.56511,521.355049
13.21,0.981926,0.811653,198.565104,521.354996
13.22,0.981926,0.811653,198.565099,521.35494
13.23,0.981926,0.811653,198.565095,521.354883
13.24,0.981926,0.811653,198.565092,521.354825
13.25,0.981926,0.811652,198.565091,521.354766
13.26,0.981926,0.811652,198.565091,521.354706
13.27,0.981926,0.811652,198.565092,521.354646
13.28,0.981926,0.811652,198.565094,521.354586
13.29,0.981926,0.811652,198.565098,521.354526
13.3,0.981926,0.811652,198.565103,521.354467
13.31,0.981926,0.811652,198.565109,521.354409
13.32,0.981926,0.811652,198.565117,521.354352
13.33,0.981926,0.811652,198.565126,521.354296
13.34,0.981926,0.811652,198.565137,521.354243
13.35,0.981926,0.811652,198.565149,521.354191
13.36,0.981926,0.811651,198.565162,521.354143
13.37,0.981926,0.811651,198.565176,521.354097
13.38,0.981926,0.811651,198.565192,521.354054
13.39,0.981926,0.811651,198.565209,521.354014
13.4,0.981926,0.811651,198.565228,521.353978
13.41,0.981926,0.811651,198.565247,521.353946
13.42,0.981926,0.811651,198.565268,521.353918
13.43,0.981926,0.811651,198.56529,521.353895
13.44,0.981926,0.811651,198.565313,521.353876
13.45,0.981926,0.811651,198.565338,521.353861
13.46,0.981926,0.811651,198.565363,521.353852
13.47,0.981926,0.811651,198.565389,521.353848
13.48,0.981926,0.811651,198.565417,521.353848
13.49,0.981926,0.811651,198.565445,521.353854
13.5,0.981926,0.811651,198.565474,521.353866
13.51,0.981926,0.811651,198.565503,521.353882
13.52,0.981926,0.811651,198.565534,521.353904
13.53,0.981926,0.811651,198.565565,521.353932
13.54,0.981926,0.811652,198.565596,521.353965
13.55,0.981926,0.811652,198.565628,521.354003
13.56,0.981926,0.811652,198.565661,521.354046
13.57,0.981926,0.811652,198.565694,521.354095
13.58,0.981926,0.811652,198.565727,521.354148
13.59,0.981926,0.811652,198.56576,521.354207
13.6,0.981926,0.811652,198.565794,521.35427
13.61,0.981926,0.811652,198.565827,521.354338
13.62,0.981926,0.811652,198.565861,521.354411
13.63,0.981926,0.811653,198.565894,521.354487
13.64,0.981926,0.811653,198.565927,521.354567
13.65,0.981926,0.811653,198.565961,521.354651
13.66,0.981926,0.811653,198.565993,521.354739
13.67,0.981926,0.811653,198.566026,521.354829
13.68,0.981926,0.811653,198.566057,521.354923
13.69,0.981926,0.811654,198.566089,521.355018
13.7,0.981926,0.811654,198.56612,521.355116
13.71,0.981926,0.811654,198.56615,521.355216
13.72,0.981926,0.811654,198.566179,521.355317
13.73,0.981926,0.811654,198.566208,521.35542
13.74,0.981925,0.811655,198.566236,521.355523
13.75,0.981925,0.811655,198.566263,521.355626
13.76,0.981925,0.811655,198.566289,521.35573
13.77,0.981925,0.811655,198.566314,521.355833
13.78,0.981925,0.811655,198.566338,521.355935
13.79,0.981925,0.811655,198.566361,521.356036
13.8,0.981925,0.811656,198.566383,521.356136
13.81,0.981925,0.811656,198.566404,521.356234
13.82,0.981925,0.811656,198.566424,521.35633
13.83,0.981925,0.811656,198.566443,521.356423
13.84,0.981925,0.811656,198.56646,521.356514
13.85,0.981925,0.811656,198.566476,521.356601
13.86,0.981925,0.811657,198.566492,521.356685
13.87,0.981925,0.811657,198.566505,521.356765
13.88,0.981925,0.811657,198.566518,521.356842
13.89,0.981925,0.811657,198.56653,521.356913
13.9,0.981925,0.811657,198.56654,521.356981
13.91,0.981925,0.811657,198.566549,521.357043
13.92,0.981925,0.811657,198.566557,521.357101
13.93,0.981925,0.811657,198.566564,521.357153
13.94,0.981925,0.811658,198.566569,521.3572
13.95,0.981925,0.811658,198.566574,521.357242
13.96,0.981925,0.811658,198.566577,521.357278
13.97,0.981925,0.811658,198.56658,521.357308
13.98,0.981925,0.811658,198.566581,521.357332
13.99,0.981925,0.811658,198.566581,521.357351
14,0.981925,0.811658,198.56658,521.357363
14.01,0.981925,0.811658,198.566579,521.35737
14.02,0.981925,0.811658,198.566576,521.357371
14.03,0.981925,0.811658,198.566573,521.357366
14.04,0.981925,0.811658,198.566569,521.357355
14.05,0.981925,0.811658,198.566564,521.357338
14.06,0.981925,0.811658,198.566558,521.357315
14.07,0.981925,0.811658,198.566552,521.357287
14.08,0.981925,0.811658,198.566545,521.357253
14.09,0.981925,0.811658,198.566537,521.357215
14.1,0.981925,0.811658,198.566529,521.357171
14.11,0.981925,0.811658,198.566521,521.357122
14.12,0.981925,0.811657,198.566512,521.357068
14.13,0.981925,0.811657,198.566502,521.35701
14.14,0.981925,0.811657,198.566493,521.356947
14.15,0.981925,0.811657,198.566483,521.35688
14.16,0.981925,0.811657,198.566473,521.35681
14.17,0.981925,0.811657,198.566463,521.356736
14.18,0.981925,0.811657,198.566452,521.356659
14.19,0.981925,0.811657,198.566442,521.356578
14.2,0.981925,0.811656,198.566432,521.356495
14.21,0.981925,0.811656,198.566421,521.35641
14.22,0.981925,0.811656,198.566411,521.356323
14.23,0.981925,0.811656,198.566401,521.356234
14.24,0.981925,0.811656,198.566391,521.356143
14.25,0.981925,0.811656,198.566381,521.356051
14.26,0.981925,0.811656,198.566372,521.355959
14.27,0.981925,0.811655,198.566363,521.355865
14.28,0.981925,0.811655,198.566354,521.355772
14.29,0.981925,0.811655,198.566345,521.355679
14.3,0.981925,0.811655,198.566337,521.355586
14.31,0.981925,0.811655,198.566329,521.355493
14.32,0.981925,0.811655,198.566321,521.355402
14.33,0.981925,0.811654,198.566314,521.355311
14.34,0.981925,0.811654,198.566308,521.355223
14.35,0.981925,0.811654,198.566302,521.355135
14.36,0.981925,0.811654,198.566296,521.35505
14.37,0.981925,0.811654,198.566291,521.354967
14.38,0.981926,0.811654,198.566286,521.354886
14.39,0.981926,0.811654,198.566282,521.354808
14.4,0.981926,0.811653,198.566278,521.354732
14.41,0.981926,0.811653,198.566275,521.354659
14.42,0.981926,0.811653,198.566273,521.354589
14.43,0.981926,0.811653,198.56627,521.354523
14.44,0.981926,0.811653,198.566269,521.354459
14.45,0.981926,0.811653,198.566268,521.354399
14.46,0.981926,0.811653,198.566267,521.354343
14.47,0.981926,0.811653,198.566267,521.35429
14.48,0.981926,0.811652,198.566267,521.35424
14.49,0.981926,0.811652,198.566268,521.354194
14.5,0.981926,0.811652,198.56627,521.354152
14.51,0.981926,0.811652,198.566271,521.354113
14.52,0.981926,0.811652,198.566273,521.354077
14.53,0.981926,0.811652,198.566276,521.354046
14.54,0.981926,0.811652,198.566279,521.354017
14.55,0.981926,0.811652,198.566282,521.353993
14.56,0.981926,0.811652,198.566286,521.353971
14.57,0.981926,0.811652,198.56629,521.353953
14.58,0.981926,0.811652,198.566295,521.353938
14.59,0.981926,0.811652,198.566299,521.353926
14.6,0.981926,0.811652,198.566304,521.353916
14.61,0.981926,0.811652,198.56631,521.35391
14.62,0.981926,0.811652,198.566315,521.353906
14.63,0.981926,0.811652,198.566321,521.353905
14.64,0.981926,0.811652,198.566327,521.353906
14.65,0.981926,0.811652,198.566333,521.353909
14.66,0.981926,0.811652,198.56634,521.353914
14.67,0.981926,0.811652,198.566346,521.353921
14.68,0.981927,0.811652,198.566353,521.353929
14.69,0.981927,0.811652,198.56636,521.353939
14.7,0.981927,0.811652,198.566367,521.35395
14.71,0.981927,0.811652,198.566374,521.353962
14.72,0.981927,0.811652,198.566382,521.353976
14.73,0.981927,0.811652,198.566389,521.353989
14.74,0.981927,0.811652,198.566397,521.354004
14.75,0.981927,0.811652,198.566404,521.354018
14.76,0.981927,0.811652,198.566412,521.354033
14.77,0.981927,0.811652,198.56642,521.354048
14.78,0.981927,0.811652,198.566428,521.354063
14.79,0.981927,0.811652,198.566436,521.354077
14.8,0.981927,0.811652,198.566444,521.354091
14.81,0.981927,0.811652,198.566453,521.354104
14.82,0.981927,0.811652,198.566461,521.354117
14.83,0.981927,0.811652,198.566469,521.354128
14.84,0.981927,0.811652,198.566478,521.354139
14.85,0.981927,0.811652,198.566487,521.354149
14.86,0.981927,0.811652,198.566495,521.354157
14.87,0.981927,0.811652,198.566504,521.354165
14.88,0.981927,0.811652,198.566513,521.354171
14.89,0.981927,0.811652,198.566522,521.354175
14.9,0.981927,0.811652,198.566532,521.354178
14.91,0.981927,0.811652,198.566541,521.35418
14.92,0.981927,0.811652,198.566551,521.354181
14.93,0.981927,0.811652,198.56656,521.354179
14.94,0.981927,0.811652,198.56657,521.354177
14.95,0.981927,0.811652,198.56658,521.354173
14.96,0.981927,0.811652,198.56659,521.354167
14.97,0.981927,0.811652,198.566601,521.35416
14.98,0.981927,0.811652,198.566612,521.354152
14.99,0.981927,0.811652,198.566622,521.354142
15,0.981927,0.811652,198.566633,521.354131
15.01,0.981927,0.811652,198.566645,521.354119
15.02,0.981927,0.811652,198.566656,521.354106
15.03,0.981927,0.811651,198.566668,521.354091
15.04,0.981927,0.811651,198.56668,521.354076
15.05,0.981927,0.811651,198.566692,521.35406
15.06,0.981927,0.811651,198.566705,521.354043
15.07,0.981927,0.811651,198.566717,521.354026
15.08,0.981927,0.811651,198.56673,521.354008
15.09,0.981927,0.811651,198.566744,521.353989
15.1,0.981927,0.811651,198.566757,521.353971
15.11,0.981927,0.811651,198.566771,521.353952
15.12,0.981927,0.811651,198.566785,521.353933
15.13,0.981927,0.811651,198.566799,521.353914
15.14,0.981927,0.811651,198.566813,521.353896
15.15,0.981927,0.811651,198.566828,521.353878
15.16,0.981927,0.811651,198.566843,521.35386
15.17,0.981927,0.811651,198.566858,521.353843
15.18,0.981927,0.811651,198.566873,521.353826
15.19,0.981927,0.811651,198.566888,521.353811
15.2,0.981927,0.811651,198.566904,521.353796
15.21,0.981927,0.811651,198.566919,521.353782
15.22,0.981927,0.811651,198.566935,521.353769
15.23,0.981927,0.811651,198.566951,521.353758
15.24,0.981927,0.811651,198.566967,521.353748
15.25,0.981927,0.811651,198.566983,521.353739
15.26,0.981927,0.811651,198.566999,521.353731
15.27,0.981927,0.811651,198.567015,521.353725
15.28,0.981927,0.811651,198.567031,521.35372
15.29,0.981927,0.811651,198.567046,521.353717
15.3,0.981927,0.811651,198.567062,521.353716
15.31,0.981927,0.811651,198.567078,521.353716
15.32,0.981927,0.811651,198.567094,521.353717
15.33,0.981927,0.811651,198.567109,521.353721
15.34,0.981927,0.811651,198.567125,521.353725
15.35,0.981927,0.811651,198.56714,521.353732
15.36,0.981927,0.811651,198.567154,521.353739
15.37,0.981927,0.811651,198.567169,521.353749
15.38,0.981927,0.811651,198.567183,521.353759
15.39,0.981927,0.811651,198.567197,521.353771
15.4,0.981927,0.811651,198.567211,521.353785
15.41,0.981927,0.811651,198.567224,521.353799
15.42,0.981927,0.811651,198.567237,521.353815
15.43,0.981927,0.811651,198.567249,521.353832
15.44,0.981927,0.811651,198.567261,521.353849
15.45,0.981927,0.811651,198.567272,521.353868
15.46,0.981927,0.811651,198.567283,521.353887
15.47,0.981927,0.811651,198.567293,521.353906
15.48,0.981927,0.811651,198.567303,521.353926
15.49,0.981927,0.811652,198.567312,521.353947
15.5,0.981927,0.811652,198.56732,521.353967
15.51,0.981927,0.811652,198.567328,521.353988
15.52,0.981927,0.811652,198.567335,521.354008
15.53,0.981927,0.811652,198.567342,521.354028
15.54,0.981927,0.811652,198.567347,521.354048
15.55,0.981927,0.811652,198.567353,521.354067
15.56,0.981927,0.811652,198.567357,521.354085
15.57,0.981927,0.811652,198.567361,521.354102
15.58,0.981927,0.811652,198.567363,521.354119
15.59,0.981927,0.811652,198.567366,521.354134
15.6,0.981927,0.811652,198.567367,521.354148
15.61,0.981927,0.811652,198.567368,521.35416
15.62,0.981927,0.811652,198.567368,521.354171
15.63,0.981927,0.811652,198.567367,521.35418
15.64,0.981927,0.811652,198.567365,521.354187
15.65,0.981927,0.811652,198.567363,521.354192
15.66,0.981927,0.811652,198.56736,521.354196
15.67,0.981927,0.811652,198.567356,521.354197
15.68,0.981927,0.811652,198.567351,521.354195
15.69,0.981927,0.811652,198.567346,521.354191
15.7,0.981927,0.811652,198.56734,521.354185
15.71,0.981927,0.811652,198.567334,521.354176
15.72,0.981927,0.811652,198.567327,521.354165
15.73,0.981927,0.811652,198.567319,521.354151
15.74,0.981927,0.811652,198.567311,521.354134
15.75,0.981927,0.811652,198.567302,521.354115
15.76,0.981927,0.811652,198.567292,521.354092
15.77,0.981927,0.811651,198.567282,521.354067
15.78,0.981927,0.811651,198.567271,521.35404
15.79,0.981928,0.811651,198.56726,521.354009
15.8,0.981928,0.811651,198.567249,521.353976
15.81,0.981928,0.811651,198.567237,521.35394
15.82,0.981928,0.811651,198.567225,521.353901
15.83,0.981928,0.811651,198.567212,521.35386
15.84,0.981928,0.811651,198.567199,521.353816
15.85,0.981928,0.811651,198.567186,521.35377
15.86,0.981928,0.811651,198.567172,521.353721
15.87,0.981928,0.811651,198.567158,521.35367
15.88,0.981928,0.811651,198.567144,521.353617
15.89,0.981928,0.81165,198.56713,521.353562
15.9,0.981928,0.81165,198.567116,521.353504
15.91,0.981928,0.81165,198.567102,521.353445
15.92,0.981928,0.81165,198.567087,521.353384
15.93,0.981928,0.81165,198.567073,521.353322
15.94,0.981928,0.81165,198.567058,521.353258
15.95,0.981928,0.81165,198.567044,521.353193
15.96,0.981928,0.81165,198.567029,521.353126
15.97,0.981928,0.811649,198.567015,521.353059
15.98,0.981928,0.811649,198.567001,521.352991
15.99,0.981928,0.811649,198.566987,521.352922
16,0.981928,0.811649,198.566973,521.352853
16.01,0.981928,0.811649,198.566959,521.352783
16.02,0.981928,0.811649,198.566946,521.352713
16.03,0.981928,0.811649,198.566933,521.352643
16.04,0.981928,0.811649,198.56692,521.352574
16.05,0.981928,0.811648,198.566907,521.352504
16.06,0.981928,0.811648,198.566895,521.352436
16.07,0.981928,0.811648,198.566883,521.352367
16.08,0.981928,0.811648,198.566871,521.3523
16.09,0.981929,0.811648,198.56686,521.352233
16.1,0.981929,0.811648,198.566849,521.352168
16.11,0.981929,0.811648,198.566838,521.352104
16.12,0.981929,0.811648,198.566828,521.352041
16.13,0.981929,0.811647,198.566818,521.35198
16.14,0.981929,0.811647,198.566808,521.35192
16.15,0.981929,0.811647,198.566799,521.351862
16.16,0.981929,0.811647,198.56679,521.351806
16.17,0.981929,0.811647,198.566782,521.351752
16.18,0.981929,0.811647,198.566774,521.3517
16.19,0.981929,0.811647,198.566766,521.35165
16.2,0.981929,0.811647,198.566759,521.351603
16.21,0.981929,0.811647,198.566752,521.351557
16.22,0.981929,0.811646,198.566746,521.351514
16.23,0.981929,0.811646,198.56674,521.351473
16.24,0.981929,0.811646,198.566734,521.351435
16.25,0.981929,0.811646,198.566728,521.351399
16.26,0.981929,0.811646,198.566723,521.351366
16.27,0.981929,0.811646,198.566719,521.351335
16.28,0.981929,0.811646,198.566714,521.351306
16.29,0.981929,0.811646,198.56671,521.35128
16.3,0.981929,0.811646,198.566706,521.351256
16.31,0.981929,0.811646,198.566702,521.351235
16.32,0.981929,0.811646,198.566699,521.351216
16.33,0.981929,0.811646,198.566695,521.351199
16.34,0.981929,0.811646,198.566692,521.351184
16.35,0.981929,0.811646,198.566689,521.351172
16.36,0.981929,0.811646,198.566687,521.351162
16.37,0.981929,0.811646,198.566684,521.351153
16.38,0.981929,0.811646,198.566682,521.351147
16.39,0.981929,0.811646,198.566679,521.351143
16.4,0.981929,0.811646,198.566677,521.35114
16.41,0.981929,0.811646,198.566675,521.351139
16.42,0.981929,0.811646,198.566673,521.351139
16.43,0.981929,0.811646,198.56667,521.351141
16.44,0.981929,0.811646,198.566668,521.351144
16.45,0.981929,0.811646,198.566666,521.351149
16.46,0.981929,0.811646,198.566664,521.351154
16.47,0.981929,0.811646,198.566662,521.351161
16.48,0.981929,0.811646,198.566659,521.351168
16.49,0.981929,0.811646,198.566657,521.351176
16.5,0.981929,0.811646,198.566654,521.351184
16.51,0.98193,0.811646,198.566652,521.351193
16.52,0.98193,0.811646,198.566649,521.351203
16.53,0.98193,0.811646,198.566646,521.351212
16.54,0.98193,0.811646,198.566643,521.351222
16.55,0.98193,0.811646,198.56664,521.351231
16.56,0.98193,0.811646,198.566637,521.351241
16.57,0.98193,0.811646,198.566633,521.35125
16.58,0.98193,0.811646,198.566629,521.351258
16.59,0.98193,0.811646,198.566625,521.351267
16.6,0.98193,0.811646,198.566621,521.351274
16.61,0.98193,0.811646,198.566617,521.351281
16.62,0.98193,0.811646,198.566612,521.351287
16.63,0.98193,0.811646,198.566607,521.351293
16.64,0.98193,0.811646,198.566602,521.351297
16.65,0.98193,0.811646,198.566597,521.351301
16.66,0.98193,0.811646,198.566591,521.351303
16.67,0.98193,0.811646,198.566585,521.351305
16.68,0.98193,0.811646,198.566579,521.351305
16.69,0.98193,0.811646,198.566573,521.351304
16.7,0.98193,0.811646,198.566566,521.351301
16.71,0.98193,0.811646,198.56656,521.351298
16.72,0.98193,0.811646,198.566553,521.351293
16.73,0.98193,0.811646,198.566545,521.351286
16.74,0.98193,0.811645,198.566538,521.351279
16.75,0.98193,0.811645,198.56653,521.35127
16.76,0.98193,0.811645,198.566522,521.35126
16.77,0.98193,0.811645,198.566514,521.351248
16.78,0.98193,0.811645,198.566505,521.351235
16.79,0.98193,0.811645,198.566497,521.351221
16.8,0.98193,0.811645,198.566488,521.351206
16.81,0.98193,0.811645,198.566478,521.351189
16.82,0.98193,0.811645,198.566469,521.351171
16.83,0.98193,0.811645,198.56646,521.351152
16.84,0.98193,0.811645,198.56645,521.351132
16.85,0.98193,0.811645,198.56644,521.351111
16.86,0.98193,0.811645,198.56643,521.351089
16.87,0.98193,0.811645,198.566419,521.351066
16.88,0.98193,0.811645,198.566409,521.351042
16.89,0.98193,0.811645,198.566398,521.351017
16.9,0.98193,0.811645,198.566387,521.350992
16.91,0.98193,0.811645,198.566376,521.350966
16.92,0.98193,0.811645,198.566365,521.350939
16.93,0.98193,0.811645,198.566353,521.350912
16.94,0.98193,0.811645,198.566342,521.350884
16.95,0.98193,0.811645,198.56633,521.350856
16.96,0.98193,0.811645,198.566318,521.350828
16.97,0.98193,0.811645,198.566306,521.350799
16.98,0.98193,0.811645,198.566294,521.35077
16.99,0.98193,0.811645,198.566281,521.350741
17,0.98193,0.811644,198.566269,521.350712
17.01,0.98193,0.811644,198.566256,521.350683
17.02,0.98193,0.811644,198.566243,521.350655
17.03,0.98193,0.811644,198.566229,521.350626
17.04,0.98193,0.811644,198.566216,521.350597
17.05,0.98193,0.811644,198.566202,521.350569
17.06,0.98193,0.811644,198.566189,521.350541
17.07,0.98193,0.811644,198.566175,521.350514
17.08,0.98193,0.811644,198.56616,521.350487
17.09,0.98193,0.811644,198.566146,521.35046
17.1,0.98193,0.811644,198.566131,521.350433
17.11,0.98193,0.811644,198.566117,521.350408
17.12,0.98193,0.811644,198.566102,521.350382
17.13,0.98193,0.811644,198.566086,521.350357
17.14,0.98193,0.811644,198.566071,521.350333
17.15,0.98193,0.811644,198.566055,521.350309
17.16,0.98193,0.811644,198.566039,521.350286
17.17,0.98193,0.811644,198.566023,521.350263
17.18,0.98193,0.811644,198.566006,521.350241
17.19,0.98193,0.811644,198.565989,521.350219
17.2,0.98193,0.811644,198.565972,521.350198
17.21,0.98193,0.811643,198.565955,521.350177
17.22,0.98193,0.811643,198.565937,521.350156
17.23,0.98193,0.811643,198.565919,521.350136
17.24,0.98193,0.811643,198.565901,521.350116
17.25,0.98193,0.811643,198.565882,521.350097
17.26,0.98193,0.811643,198.565863,521.350078
17.27,0.98193,0.811643,198.565844,521.350059
17.28,0.98193,0.811643,198.565824,521.35004
17.29,0.98193,0.811643,198.565804,521.350021
17.3,0.98193,0.811643,198.565784,521.350003
17.31,0.98193,0.811643,198.565764,521.349984
17.32,0.98193,0.811643,198.565743,521.349966
17.33,0.98193,0.811643,198.565721,521.349947
17.34,0.98193,0.811643,198.5657,521.349928
17.35,0.98193,0.811643,198.565678,521.349909
17.36,0.98193,0.811643,198.565656,521.34989
17.37,0.98193,0.811643,198.565633,521.34987
17.38,0.98193,0.811643,198.56561,521.34985
17.39,0.98193,0.811643,198.565587,521.349829
17.4,0.98193,0.811643,198.565563,521.349808
17.41,0.98193,0.811643,198.56554,521.349786
17.42,0.98193,0.811643,198.565515,521.349764
17.43,0.98193,0.811642,198.565491,521.34974
17.44,0.98193,0.811642,198.565466,521.349717
17.45,0.98193,0.811642,198.565441,521.349692
17.46,0.98193,0.811642,198.565416,521.349666
17.47,0.98193,0.811642,198.56539,521.34964
17.48,0.98193,0.811642,198.565364,521.349613
17.49,0.98193,0.811642,198.565338,521.349584
17.5,0.98193,0.811642,198.565312,521.349555
17.51,0.98193,0.811642,198.565285,521.349525
17.52,0.98193,0.811642,198.565258,521.349494
17.53,0.98193,0.811642,198.565231,521.349461
17.54,0.98193,0.811642,198.565204,521.349428
17.55,0.98193,0.811642,198.565176,521.349394
17.56,0.98193,0.811642,198.565149,521.349358
17.57,0.98193,0.811642,198.565121,521.349322
17.58,0.98193,0.811641,198.565093,521.349284
17.59,0.98193,0.811641,198.565065,521.349246
17.6,0.98193,0.811641,198.565037,521.349206
17.61,0.98193,0.811641,198.565009,521.349166
17.62,0.98193,0.811641,198.564981,521.349124
17.63,0.98193,0.811641,198.564953,521.349082
17.64,0.98193,0.811641,198.564925,521.349038
17.65,0.98193,0.811641,198.564896,521.348994
17.66,0.98193,0.811641,198.564868,521.348949
17.67,0.98193,0.811641,198.56484,521.348904
17.68,0.98193,0.811641,198.564811,521.348857
17.69,0.98193,0.811641,198.564783,521.34881
17.7,0.981931,0.81164,198.564755,521.348763
17.71,0.981931,0.81164,198.564727,521.348715
17.72,0.981931,0.81164,198.564699,521.348666
17.73,0.981931,0.81164,198.564671,521.348618
17.74,0.981931,0.81164,198.564643,521.348569
17.75,0.981931,0.81164,198.564616,521.348519
17.76,0.981931,0.81164,198.564588,521.34847
17.77,0.981931,0.81164,198.564561,521.34842
17.78,0.981931,0.81164,198.564534,521.348371
17.79,0.981931,0.81164,198.564507,521.348322
17.8,0.981931,0.811639,198.56448,521.348273
17.81,0.981931,0.811639,198.564454,521.348224
17.82,0.981931,0.811639,198.564427,521.348175
17.83,0.981931,0.811639,198.564401,521.348127
17.84,0.981931,0.811639,198.564375,521.34808
17.85,0.981931,0.811639,198.564349,521.348033
17.86,0.981931,0.811639,198.564324,521.347986
17.87,0.981931,0.811639,198.564299,521.347941
17.88,0.981931,0.811639,198.564274,521.347896
17.89,0.981931,0.811639,198.564249,521.347852
17.9,0.981931,0.811639,198.564224,521.347809
17.91,0.981931,0.811639,198.5642,521.347767
17.92,0.981931,0.811638,198.564176,521.347726
17.93,0.981931,0.811638,198.564152,521.347686
17.94,0.981931,0.811638,198.564128,521.347647
17.95,0.981931,0.811638,198.564105,521.34761
17.96,0.981931,0.811638,198.564082,521.347574
17.97,0.981931,0.811638,198.564059,521.347539
17.98,0.981931,0.811638,198.564036,521.347505
17.99,0.981931,0.811638,198.564013,521.347472
18,0.981931,0.811638,198.563991,521.347441
18.01,0.981931,0.811638,198.563969,521.347412
18.02,0.981931,0.811638,198.563947,521.347383
18.03,0.981931,0.811638,198.563925,521.347356
18.04,0.981931,0.811638,198.563903,521.347331
18.05,0.981931,0.811638,198.563882,521.347307
18.06,0.981931,0.811638,198.56386,521.347284
18.07,0.981931,0.811638,198.563839,521.347262
18.08,0.981931,0.811637,198.563818,521.347242
18.09,0.981931,0.811637,198.563796,521.347223
18.1,0.981931,0.811637,198.563775,521.347205
18.11,0.981931,0.811637,198.563754,521.347189
18.12,0.981931,0.811637,198.563733,521.347173
18.13,0.981931,0.811637,198.563712,521.347159
18.14,0.981931,0.811637,198.563692,521.347146
18.15,0.981931,0.811637,198.563671,521.347134
18.16,0.981931,0.811637,198.56365,521.347123
18.17,0.981931,0.811637,198.563629,521.347113
18.18,0.981931,0.811637,198.563608,521.347104
18.19,0.981931,0.811637,198.563587,521.347095
18.2,0.981931,0.811637,198.563566,521.347087
18.21,0.981931,0.811637,198.563545,521.34708
18.22,0.981931,0.811637,198.563523,521.347073
18.23,0.981931,0.811637,198.563502,521.347067
18.24,0.981931,0.811637,198.563481,521.347062
18.25,0.981931,0.811637,198.563459,521.347056
18.26,0.981931,0.811637,198.563437,521.347051
18.27,0.981931,0.811637,198.563415,521.347046
18.28,0.981931,0.811637,198.563393,521.347041
18.29,0.981931,0.811637,198.563371,521.347036
18.3,0.981931,0.811637,198.563349,521.347032
18.31,0.981931,0.811637,198.563326,521.347027
18.32,0.981931,0.811637,198.563303,521.347021
18.33,0.981931,0.811637,198.56328,521.347016
18.34,0.981931,0.811637,198.563257,521.34701
18.35,0.981931,0.811637,198.563234,521.347003
18.36,0.981931,0.811637,198.56321,521.346997
18.37,0.981931,0.811637,198.563186,521.346989
18.38,0.981931,0.811637,198.563162,521.346981
18.39,0.981931,0.811637,198.563138,521.346972
18.4,0.981931,0.811637,198.563113,521.346963
18.41,0.981931,0.811637,198.563088,521.346953
18.42,0.981931,0.811637,198.563063,521.346942
18.43,0.981931,0.811637,198.563038,521.34693
18.44,0.981931,0.811637,198.563012,521.346917
18.45,0.981931,0.811637,198.562987,521.346903
18.46,0.981931,0.811637,198.56296,521.346888
18.47,0.981931,0.811637,198.562934,521.346872
18.48,0.981931,0.811637,198.562908,521.346855
18.49,0.981931,0.811637,198.562881,521.346837
18.5,0.981931,0.811637,198.562854,521.346818
18.51,0.981931,0.811637,198.562827,521.346797
18.52,0.981931,0.811636,198.562799,521.346776
18.53,0.981931,0.811636,198.562772,521.346753
18.54,0.981931,0.811636,198.562744,521.34673
18.55,0.981931,0.811636,198.562716,521.346705
18.56,0.981931,0.811636,198.562687,521.346679
18.57,0.981931,0.811636,198.562659,521.346652
18.58,0.981931,0.811636,198.56263,521.346624
18.59,0.981931,0.811636,198.562601,521.346595
18.6,0.981931,0.811636,198.562572,521.346565
18.61,0.981931,0.811636,198.562543,521.346534
18.62,0.981931,0.811636,198.562514,521.346502
18.63,0.981931,0.811636,198.562484,521.346469
18.64,0.981931,0.811636,198.562454,521.346436
18.65,0.981931,0.811636,198.562425,521.346401
18.66,0.981931,0.811636,198.562395,521.346366
18.67,0.981931,0.811636,198.562364,521.34633
18.68,0.981931,0.811636,198.562334,521.346293
18.69,0.981931,0.811636,198.562304,521.346255
18.7,0.981931,0.811635,198.562274,521.346217
18.71,0.981931,0.811635,198.562243,521.346179
18.72,0.981931,0.811635,198.562212,521.34614
18.73,0.981931,0.811635,198.562182,521.3461
18.74,0.981931,0.811635,198.562151,521.34606
18.75,0.981931,0.811635,198.56212,521.34602
18.76,0.981931,0.811635,198.562089,521.34598
18.77,0.981931,0.811635,198.562058,521.345939
18.78,0.981931,0.811635,198.562027,521.345898
18.79,0.981931,0.811635,198.561996,521.345857
18.8,0.981931,0.811635,198.561965,521.345816
18.81,0.981931,0.811635,198.561934,521.345775
18.82,0.981931,0.811635,198.561903,521.345734
18.83,0.981931,0.811635,198.561871,521.345693
18.84,0.981931,0.811634,198.56184,521.345652
18.85,0.981931,0.811634,198.561809,521.345611
18.86,0.981931,0.811634,198.561778,521.345571
18.87,0.981931,0.811634,198.561746,521.345531
18.88,0.981931,0.811634,198.561715,521.345491
18.89,0.981931,0.811634,198.561683,521.345451
18.9,0.981931,0.811634,198.561652,521.345412
18.91,0.981931,0.811634,198.561621,521.345373
18.92,0.981931,0.811634,198.561589,521.345335
18.93,0.981931,0.811634,198.561558,521.345296
18.94,0.981931,0.811634,198.561526,521.345259
18.95,0.981931,0.811634,198.561495,521.345222
18.96,0.981931,0.811634,198.561463,521.345185
18.97,0.981931,0.811634,198.561432,521.345148
18.98,0.981931,0.811633,198.5614,521.345113
18.99,0.981931,0.811633,198.561369,521.345077
19,0.981931,0.811633,198.561337,521.345042
19.01,0.981931,0.811633,198.561306,521.345008
19.02,0.981931,0.811633,198.561274,521.344974
19.03,0.981931,0.811633,198.561243,521.34494
19.04,0.981931,0.811633,198.561211,521.344907
19.05,0.981931,0.811633,198.561179,521.344874
19.06,0.981931,0.811633,198.561148,521.344842
19.07,0.981931,0.811633,198.561116,521.34481
19.08,0.981931,0.811633,198.561085,521.344778
19.09,0.981931,0.811633,198.561053,521.344747
19.1,0.981931,0.811633,198.561021,521.344716
19.11,0.981931,0.811633,198.560989,521.344686
19.12,0.981931,0.811633,198.560958,521.344655
19.13,0.981931,0.811633,198.560926,521.344625
19.14,0.981931,0.811632,198.560894,521.344595
19.15,0.981931,0.811632,198.560862,521.344565
19.16,0.981931,0.811632,198.56083,521.344535
19.17,0.981931,0.811632,198.560799,521.344506
19.18,0.981931,0.811632,198.560767,521.344476
19.19,0.981931,0.811632,198.560735,521.344447
19.2,0.981931,0.811632,198.560703,521.344417
19.21,0.981931,0.811632,198.560671,521.344388
19.22,0.981931,0.811632,198.560639,521.344358
19.23,0.981931,0.811632,198.560607,521.344328
19.24,0.981931,0.811632,198.560575,521.344299
19.25,0.981931,0.811632,198.560543,521.344269
19.26,0.981931,0.811632,198.560511,521.344238
19.27,0.981931,0.811632,198.56048,521.344208
19.28,0.981931,0.811632,198.560448,521.344177
19.29,0.981931,0.811632,198.560416,521.344147
19.3,0.981931,0.811632,198.560384,521.344116
19.31,0.981931,0.811631,198.560352,521.344084
19.32,0.981931,0.811631,198.56032,521.344052
19.33,0.981931,0.811631,198.560288,521.34402
19.34,0.981931,0.811631,198.560257,521.343988
19.35,0.981931,0.811631,198.560225,521.343955
19.36,0.981931,0.811631,198.560193,521.343922
19.37,0.981931,0.811631,198.560162,521.343889
19.38,0.981931,0.811631,198.56013,521.343855
19.39,0.981931,0.811631,198.560099,521.343821
19.4,0.981931,0.811631,198.560067,521.343787
19.41,0.981931,0.811631,198.560036,521.343752
19.42,0.981931,0.811631,198.560005,521.343717
19.43,0.981931,0.811631,198.559973,521.343682
19.44,0.981931,0.811631,198.559942,521.343646
19.45,0.981931,0.811631,198.559911,521.34361
19.46,0.981931,0.811631,198.55988,521.343574
19.47,0.981931,0.81163,198.55985,521.343537
19.48,0.981931,0.81163,198.559819,521.3435
19.49,0.981931,0.81163,198.559788,521.343463
19.5,0.981931,0.81163,198.559758,521.343426
19.51,0.981931,0.81163,198.559728,521.343389
19.52,0.981931,0.81163,198.559698,521.343351
19.53,0.981931,0.81163,198.559668,521.343314
19.54,0.981931,0.81163,198.559638,521.343276
19.55,0.981931,0.81163,198.559608,521.343239
19.56,0.981931,0.81163,198.559578,521.343201
19.57,0.981931,0.81163,198.559549,521.343163
19.58,0.981931,0.81163,198.55952,521.343126
19.59,0.981931,0.81163,198.55949,521.343088
19.6,0.981931,0.81163,198.559461,521.343051
19.61,0.981931,0.811629,198.559433,521.343014
19.62,0.981931,0.811629,198.559404,521.342977
19.63,0.981931,0.811629,198.559375,521.342941
19.64,0.981931,0.811629,198.559347,521.342904
19.65,0.981931,0.811629,198.559319,521.342868
19.66,0.981931,0.811629,198.559291,521.342832
19.67,0.981931,0.811629,198.559263,521.342797
19.68,0.981931,0.811629,198.559235,521.342762
19.69,0.981931,0.811629,198.559207,521.342727
19.7,0.981931,0.811629,198.55918,521.342693
19.71,0.981931,0.811629,198.559153,521.34266
19.72,0.981931,0.811629,198.559126,521.342627
19.73,0.981931,0.811629,198.559099,521.342594
19.74,0.981931,0.811629,198.559072,521.342562
19.75,0.981931,0.811629,198.559045,521.34253
19.76,0.981931,0.811629,198.559018,521.342499
19.77,0.981931,0.811629,198.558992,521.342469
19.78,0.981931,0.811628,198.558965,521.342439
19.79,0.981931,0.811628,198.558939,521.34241
19.8,0.981931,0.811628,198.558913,521.342382
19.81,0.981931,0.811628,198.558887,521.342354
19.82,0.981931,0.811628,198.558861,521.342326
19.83,0.981931,0.811628,198.558835,521.342299
19.84,0.981931,0.811628,198.558809,521.342273
19.85,0.981931,0.811628,198.558783,521.342248
19.86,0.981931,0.811628,198.558758,521.342223
19.87,0.981931,0.811628,198.558732,521.342198
19.88,0.981931,0.811628,198.558706,521.342174
19.89,0.981931,0.811628,198.558681,521.342151
19.9,0.981931,0.811628,198.558655,521.342128
19.91,0.981931,0.811628,198.55863,521.342105
19.92,0.981931,0.811628,198.558604,521.342083
19.93,0.981931,0.811628,198.558579,521.342062
19.94,0.981931,0.811628,198.558553,521.342041
19.95,0.981931,0.811628,198.558528,521.34202
19.96,0.981931,0.811628,198.558502,521.341999
19.97,0.981931,0.811628,198.558476,521.341979
19.98,0.981931,0.811628,198.558451,521.341959
19.99,0.981931,0.811628,198.558425,521.341939
20,0.981931,0.811628,198.558399,521.34192
20.01,0.981931,0.811628,198.558374,521.3419
20.02,0.981931,0.811628,198.558348,521.341881
20.03,0.981931,0.811627,198.558322,521.341861
20.04,0.981931,0.811627,198.558296,521.341842
20.05,0.981931,0.811627,198.55827,521.341823
20.06,0.981931,0.811627,198.558244,521.341803
20.07,0.981931,0.811627,198.558218,521.341784
20.08,0.981931,0.811627,198.558192,521.341764
20.09,0.981931,0.811627,198.558165,521.341744
20.1,0.981931,0.811627,198.558139,521.341724
20.11,0.981931,0.811627,198.558112,521.341703
20.12,0.981931,0.811627,198.558085,521.341682
20.13,0.981931,0.811627,198.558059,521.341661
20.14,0.981931,0.811627,198.558032,521.34164
20.15,0.981931,0.811627,198.558005,521.341618
20.16,0.981931,0.811627,198.557978,521.341595
20.17,0.981931,0.811627,198.557951,521.341572
20.18,0.981931,0.811627,198.557923,521.341549
20.19,0.981931,0.811627,198.557896,521.341525
20.2,0.981931,0.811627,198.557868,521.3415
20.21,0.981931,0.811627,198.557841,521.341475
20.22,0.981931,0.811627,198.557813,521.341449
20.23,0.981931,0.811627,198.557785,521.341422
20.24,0.981931,0.811627,198.557757,521.341395
20.25,0.981931,0.811627,198.557729,521.341367
20.26,0.981931,0.811627,198.557701,521.341338
20.27,0.981931,0.811626,198.557673,521.341309
20.28,0.981931,0.811626,198.557644,521.341279
20.29,0.981931,0.811626,198.557616,521.341248
20.3,0.981931,0.811626,198.557588,521.341217
20.31,0.981931,0.811626,198.557559,521.341185
20.32,0.981931,0.811626,198.557531,521.341152
20.33,0.981931,0.811626,198.557502,521.341119
20.34,0.981931,0.811626,198.557473,521.341084
20.35,0.981931,0.811626,198.557444,521.34105
20.36,0.981931,0.811626,198.557416,521.341014
20.37,0.981931,0.811626,198.557387,521.340978
20.38,0.981931,0.811626,198.557358,521.340941
20.39,0.981931,0.811626,198.557329,521.340904
20.4,0.981931,0.811626,198.5573,521.340866
20.41,0.981931,0.811626,198.557271,521.340827
20.42,0.981931,0.811626,198.557242,521.340788
20.43,0.981931,0.811626,198.557214,521.340748
20.44,0.981931,0.811625,198.557185,521.340708
20.45,0.981931,0.811625,198.557156,521.340668
20.46,0.981931,0.811625,198.557127,521.340627
20.47,0.981931,0.811625,198.557098,521.340586
20.48,0.981931,0.811625,198.557069,521.340544
20.49,0.981931,0.811625,198.557041,521.340502
20.5,0.981931,0.811625,198.557012,521.34046
20.51,0.981931,0.811625,198.556983,521.340418
20.52,0.981931,0.811625,198.556955,521.340375
20.53,0.981931,0.811625,198.556926,521.340332
20.54,0.981931,0.811625,198.556898,521.340289
20.55,0.981931,0.811625,198.556869,521.340246
20.56,0.981931,0.811625,198.556841,521.340203
20.57,0.981931,0.811624,198.556813,521.34016
20.58,0.981931,0.811624,198.556785,521.340118
20.59,0.981931,0.811624,198.556757,521.340075
20.6,0.981931,0.811624,198.556729,521.340032
20.61,0.981931,0.811624,198.556701,521.339989
20.62,0.981931,0.811624,198.556673,521.339947
20.63,0.981931,0.811624,198.556645,521.339904
20.64,0.981931,0.811624,198.556618,521.339862
20.65,0.981931,0.811624,198.556591,521.339821
20.66,0.981931,0.811624,198.556563,521.339779
20.67,0.981931,0.811624,198.556536,521.339738
20.68,0.981931,0.811624,198.556509,521.339697
20.69,0.981931,0.811624,198.556482,521.339657
20.7,0.981931,0.811624,198.556455,521.339616
20.71,0.981931,0.811623,198.556428,521.339577
20.72,0.981931,0.811623,198.556402,521.339537
20.73,0.981931,0.811623,198.556375,521.339498
20.74,0.981931,0.811623,198.556349,521.33946
20.75,0.981931,0.811623,198.556323,521.339422
20.76,0.981931,0.811623,198.556296,521.339384
20.77,0.981931,0.811623,198.55627,521.339347
20.78,0.981931,0.811623,198.556244,521.33931
20.79,0.981931,0.811623,198.556219,521.339274
20.8,0.981931,0.811623,198.556193,521.339238
20.81,0.981931,0.811623,198.556167,521.339203
20.82,0.981931,0.811623,198.556142,521.339168
20.83,0.981931,0.811623,198.556117,521.339134
20.84,0.981931,0.811623,198.556091,521.3391
20.85,0.981931,0.811623,198.556066,521.339066
20.86,0.981931,0.811622,198.556041,521.339033
20.87,0.981931,0.811622,198.556016,521.339
20.88,0.981931,0.811622,198.555991,521.338968
20.89,0.981931,0.811622,198.555966,521.338936
20.9,0.981931,0.811622,198.555942,521.338904
20.91,0.981931,0.811622,198.555917,521.338873
20.92,0.981931,0.811622,198.555893,521.338842
20.93,0.981931,0.811622,198.555868,521.338811
20.94,0.981931,0.811622,198.555844,521.33878
20.95,0.981931,0.811622,198.55582,521.33875
20.96,0.981931,0.811622,198.555795,521.33872
20.97,0.981931,0.811622,198.555771,521.33869
20.98,0.981931,0.811622,198.555747,521.338661
20.99,0.981931,0.811622,198.555723,521.338631
21,0.981931,0.811622,198.5557,521.338602
21.01,0.981931,0.811622,198.555676,521.338573
21.02,0.981931,0.811622,198.555652,521.338543
21.03,0.981931,0.811622,198.555628,521.338514
21.04,0.981931,0.811621,198.555605,521.338485
21.05,0.981931,0.811621,198.555581,521.338456
21.06,0.981931,0.811621,198.555558,521.338427
21.07,0.981931,0.811621,198.555534,521.338398
21.08,0.981931,0.811621,198.555511,521.338369
21.09,0.981931,0.811621,198.555488,521.33834
21.1,0.981931,0.811621,198.555465,521.33831
21.11,0.981931,0.811621,198.555441,521.338281
21.12,0.981931,0.811621,198.555418,521.338251
21.13,0.981931,0.811621,198.555395,521.338222
21.14,0.981931,0.811621,198.555372,521.338192
21.15,0.981931,0.811621,198.55535,521.338162
21.16,0.981931,0.811621,198.555327,521.338132
21.17,0.981931,0.811621,198.555304,521.338101
21.18,0.981931,0.811621,198.555281,521.338071
21.19,0.981931,0.811621,198.555259,521.33804
21.2,0.981931,0.811621,198.555236,521.338009
21.21,0.981931,0.811621,198.555214,521.337978
21.22,0.981931,0.81162,198.555191,521.337947
21.23,0.981931,0.81162,198.555169,521.337915
21.24,0.981931,0.81162,198.555147,521.337883
21.25,0.981931,0.81162,198.555124,521.337852
21.26,0.981931,0.81162,198.555102,521.337819
21.27,0.981931,0.81162,198.55508,521.337787
21.28,0.981931,0.81162,198.555058,521.337755
21.29,0.981931,0.81162,198.555036,521.337722
21.3,0.981931,0.81162,198.555014,521.337689
21.31,0.981931,0.81162,198.554993,521.337656
21.32,0.981931,0.81162,198.554971,521.337623
21.33,0.981931,0.81162,198.554949,521.33759
21.34,0.981931,0.81162,198.554928,521.337556
21.35,0.981931,0.81162,198.554906,521.337523
21.36,0.981931,0.81162,198.554885,521.337489
21.37,0.981931,0.81162,198.554864,521.337455
21.38,0.981931,0.81162,198.554843,521.337421
21.39,0.981931,0.81162,198.554821,521.337388
21.4,0.981931,0.811619,198.5548,521.337354
21.41,0.981931,0.811619,198.554779,521.33732
21.42,0.981931,0.811619,198.554758,521.337286
21.43,0.981931,0.811619,198.554738,521.337252
21.44,0.981931,0.811619,198.554717,521.337218
21.45,0.981931,0.811619,198.554696,521.337184
21.46,0.981931,0.811619,198.554675,521.33715
21.47,0.981931,0.811619,198.554655,521.337117
21.48,0.981931,0.811619,198.554634,521.337083
21.49,0.981931,0.811619,198.554614,521.33705
21.5,0.981931,0.811619,198.554594,521.337016
21.51,0.981931,0.811619,198.554573,521.336983
21.52,0.981931,0.811619,198.554553,521.33695
21.53,0.981931,0.811619,198.554533,521.336917
21.54,0.981931,0.811619,198.554513,521.336884
21.55,0.981931,0.811619,198.554493,521.336852
21.56,0.981931,0.811619,198.554473,521.336819
21.57,0.981931,0.811619,198.554453,521.336787
21.58,0.981931,0.811618,198.554433,521.336755
21.59,0.981931,0.811618,198.554413,521.336723
21.6,0.981931,0.811618,198.554394,521.336692
21.61,0.981931,0.811618,198.554374,521.33666
21.62,0.981931,0.811618,198.554354,521.336629
21.63,0.981931,0.811618,198.554334,521.336598
21.64,0.981931,0.811618,198.554315,521.336567
21.65,0.981931,0.811618,198.554295,521.336537
21.66,0.981931,0.811618,198.554276,521.336506
21.67,0.981931,0.811618,198.554256,521.336476
21.68,0.981931,0.811618,198.554236,521.336446
21.69,0.981931,0.811618,198.554217,521.336416
21.7,0.981931,0.811618,198.554197,521.336386
21.71,0.981931,0.811618,198.554178,521.336357
21.72,0.981931,0.811618,198.554158,521.336328
21.73,0.981931,0.811618,198.554139,521.336298
21.74,0.981931,0.811618,198.554119,521.336269
21.75,0.981931,0.811618,198.5541,521.33624
21.76,0.981931,0.811618,198.55408,521.336211
21.77,0.981931,0.811617,198.554061,521.336183
21.78,0.981931,0.811617,198.554041,521.336154
21.79,0.981931,0.811617,198.554021,521.336125
21.8,0.981931,0.811617,198.554002,521.336096
21.81,0.981931,0.811617,198.553982,521.336068
21.82,0.981931,0.811617,198.553962,521.336039
21.83,0.981931,0.811617,198.553943,521.33601
21.84,0.981931,0.811617,198.553923,521.335982
21.85,0.981931,0.811617,198.553903,521.335953
21.86,0.981931,0.811617,198.553883,521.335924
21.87,0.981931,0.811617,198.553864,521.335895
21.88,0.981931,0.811617,198.553844,521.335866
21.89,0.981931,0.811617,198.553824,521.335836
21.9,0.981931,0.811617,198.553804,521.335807
21.91,0.981931,0.811617,198.553784,521.335777
21.92,0.981931,0.811617,198.553764,521.335747
21.93,0.981931,0.811617,198.553744,521.335717
21.94,0.981931,0.811617,198.553724,521.335687
21.95,0.981931,0.811617,198.553704,521.335656
21.96,0.981931,0.811616,198.553684,521.335626
21.97,0.981931,0.811616,198.553664,521.335595
21.98,0.981931,0.811616,198.553643,521.335563
21.99,0.981931,0.811616,198.553623,521.335531
22,0.981931,0.811616,198.553603,521.335499
22.01,0.981931,0.811616,198.553583,521.335467
22.02,0.981931,0.811616,198.553562,521.335435
22.03,0.981931,0.811616,198.553542,521.335402
22.04,0.981931,0.811616,198.553522,521.335368
22.05,0.981931,0.811616,198.553501,521.335335
22.06,0.981931,0.811616,198.553481,521.335301
22.07,0.981931,0.811616,198.553461,521.335266
22.08,0.981931,0.811616,198.55344,521.335231
22.09,0.981931,0.811616,198.55342,521.335196
22.1,0.981931,0.811616,198.553399,521.335161
22.11,0.981931,0.811616,198.553379,521.335125
22.12,0.981931,0.811616,198.553359,521.335089
22.13,0.981931,0.811615,198.553338,521.335053
22.14,0.981931,0.811615,198.553318,521.335016
22.15,0.981931,0.811615,198.553298,521.334979
22.16,0.981931,0.811615,198.553277,521.334942
22.17,0.981931,0.811615,198.553257,521.334904
22.18,0.981931,0.811615,198.553237,521.334866
22.19,0.981931,0.811615,198.553216,521.334828
22.2,0.981931,0.811615,198.553196,521.33479
22.21,0.981931,0.811615,198.553176,521.334751
22.22,0.981931,0.811615,198.553156,521.334712
22.23,0.981931,0.811615,198.553136,521.334673
22.24,0.981931,0.811615,198.553116,521.334634
22.25,0.981931,0.811615,198.553096,521.334595
22.26,0.981931,0.811615,198.553076,521.334556
22.27,0.981931,0.811615,198.553056,521.334516
22.28,0.981931,0.811614,198.553036,521.334476
22.29,0.981931,0.811614,198.553017,521.334437
22.3,0.981931,0.811614,198.552997,521.334397
22.31,0.981931,0.811614,198.552978,521.334357
22.32,0.981931,0.811614,198.552958,521.334317
22.33,0.981931,0.811614,198.552939,521.334277
22.34,0.981931,0.811614,198.552919,521.334238
22.35,0.981931,0.811614,198.5529,521.334198
22.36,0.981931,0.811614,198.552881,521.334158
22.37,0.981931,0.811614,198.552862,521.334119
22.38,0.981931,0.811614,198.552843,521.334079
22.39,0.981931,0.811614,198.552824,521.33404
22.4,0.981931,0.811614,198.552805,521.334001
22.41,0.981931,0.811614,198.552787,521.333962
22.42,0.981931,0.811613,198.552768,521.333923
22.43,0.981931,0.811613,198.552749,521.333885
22.44,0.981931,0.811613,198.552731,521.333847
22.45,0.981931,0.811613,198.552713,521.333809
22.46,0.981931,0.811613,198.552695,521.333771
22.47,0.981931,0.811613,198.552676,521.333733
22.48,0.981931,0.811613,198.552658,521.333696
22.49,0.981931,0.811613,198.55264,521.333659
22.5,0.981931,0.811613,198.552622,521.333622
22.51,0.981931,0.811613,198.552605,521.333586
22.52,0.981931,0.811613,198.552587,521.33355
22.53,0.981931,0.811613,198.552569,521.333514
22.54,0.981931,0.811613,198.552552,521.333479
22.55,0.981931,0.811613,198.552534,521.333444
22.56,0.981931,0.811613,198.552517,521.333409
22.57,0.981931,0.811612,198.5525,521.333375
22.58,0.981931,0.811612,198.552483,521.333341
22.59,0.981931,0.811612,198.552466,521.333307
22.6,0.981931,0.811612,198.552449,521.333274
22.61,0.981931,0.811612,198.552432,521.333241
22.62,0.981931,0.811612,198.552415,521.333208
22.63,0.981931,0.811612,198.552398,521.333175
22.64,0.981931,0.811612,198.552381,521.333143
22.65,0.981931,0.811612,198.552364,521.333111
22.66,0.981931,0.811612,198.552348,521.33308
22.67,0.981931,0.811612,198.552331,521.333048
22.68,0.981931,0.811612,198.552315,521.333017
22.69,0.981931,0.811612,198.552298,521.332987
22.7,0.981931,0.811612,198.552282,521.332956
22.71,0.981931,0.811612,198.552265,521.332926
22.72,0.981931,0.811612,198.552249,521.332895
22.73,0.981931,0.811612,198.552233,521.332865
22.74,0.981931,0.811612,198.552216,521.332836
22.75,0.981931,0.811611,198.5522,521.332806
22.76,0.981931,0.811611,198.552184,521.332776
22.77,0.981931,0.811611,198.552168,521.332747
22.78,0.981931,0.811611,198.552151,521.332718
22.79,0.981931,0.811611,198.552135,521.332689
22.8,0.981931,0.811611,198.552119,521.332659
22.81,0.981931,0.811611,198.552103,521.33263
22.82,0.981931,0.811611,198.552087,521.332601
22.83,0.981931,0.811611,198.552071,521.332572
22.84,0.981931,0.811611,198.552055,521.332543
22.85,0.981931,0.811611,198.552039,521.332514
22.86,0.981931,0.811611,198.552023,521.332485
22.87,0.981931,0.811611,198.552007,521.332456
22.88,0.981932,0.811611,198.551991,521.332427
22.89,0.981932,0.811611,198.551975,521.332398
22.9,0.981932,0.811611,198.551959,521.332368
22.91,0.981932,0.811611,198.551943,521.332339
22.92,0.981932,0.811611,198.551927,521.332309
22.93,0.981932,0.811611,198.551911,521.33228
22.94,0.981932,0.81161,198.551895,521.33225
22.95,0.981932,0.81161,198.551879,521.33222
22.96,0.981932,0.81161,198.551863,521.33219
22.97,0.981932,0.81161,198.551847,521.332159
22.98,0.981932,0.81161,198.551831,521.332129
22.99,0.981932,0.81161,198.551814,521.332098
23,0.981932,0.81161,198.551798,521.332067
23.01,0.981932,0.81161,198.551782,521.332036
23.02,0.981932,0.81161,198.551766,521.332005
23.03,0.981932,0.81161,198.55175,521.331974
23.04,0.981932,0.81161,198.551734,521.331942
23.05,0.981932,0.81161,198.551718,521.331911
23.06,0.981932,0.81161,198.551702,521.331879
23.07,0.981932,0.81161,198.551686,521.331846
23.08,0.981932,0.81161,198.55167,521.331814
23.09,0.981932,0.81161,198.551654,521.331782
23.1,0.981932,0.81161,198.551638,521.331749
23.11,0.981932,0.81161,198.551622,521.331716
23.12,0.981932,0.811609,198.551606,521.331683
23.13,0.981932,0.811609,198.55159,521.33165
23.14,0.981932,0.811609,198.551574,521.331616
23.15,0.981932,0.811609,198.551558,521.331583
23.16,0.981932,0.811609,198.551542,521.331549
23.17,0.981932,0.811609,198.551526,521.331515
23.18,0.981932,0.811609,198.551509,521.331481
23.19,0.981932,0.811609,198.551493,521.331447
23.2,0.981932,0.811609,198.551477,521.331413
23.21,0.981932,0.811609,198.551461,521.331379
23.22,0.981932,0.811609,198.551445,521.331345
23.23,0.981932,0.811609,198.551429,521.33131
23.24,0.981932,0.811609,198.551413,521.331276
23.25,0.981932,0.811609,198.551397,521.331241
23.26,0.981932,0.811609,198.551381,521.331207
23.27,0.981932,0.811609,198.551365,521.331172
23.28,0.981932,0.811609,198.551349,521.331137
23.29,0.981932,0.811608,198.551333,521.331103
23.3,0.981932,0.811608,198.551317,521.331068
23.31,0.981932,0.811608,198.551301,521.331034
23.32,0.981932,0.811608,198.551285,521.330999
23.33,0.981932,0.811608,198.551269,521.330964
23.34,0.981932,0.811608,198.551253,521.33093
23.35,0.981932,0.811608,198.551237,521.330895
23.36,0.981932,0.811608,198.551221,521.330861
23.37,0.981932,0.811608,198.551205,521.330826
23.38,0.981932,0.811608,198.551189,521.330792
23.39,0.981932,0.811608,198.551173,521.330758
23.4,0.981932,0.811608,198.551157,521.330723
23.41,0.981932,0.811608,198.551141,521.330689
23.42,0.981932,0.811608,198.551125,521.330655
23.43,0.981932,0.811608,198.551109,521.330621
23.44,0.981932,0.811608,198.551093,521.330587
23.45,0.981932,0.811608,198.551077,521.330554
23.46,0.981932,0.811607,198.551061,521.33052
23.47,0.981932,0.811607,198.551045,521.330486
23.48,0.981932,0.811607,198.551029,521.330453
23.49,0.981932,0.811607,198.551013,521.330419
23.5,0.981932,0.811607,198.550997,521.330386
23.51,0.981932,0.811607,198.550981,521.330353
23.52,0.981932,0.811607,198.550965,521.33032
23.53,0.981932,0.811607,198.550948,521.330287
23.54,0.981932,0.811607,198.550932,521.330254
23.55,0.981932,0.811607,198.550916,521.330221
23.56,0.981932,0.811607,198.5509,521.330188
23.57,0.981932,0.811607,198.550884,521.330155
23.58,0.981932,0.811607,198.550868,521.330122
23.59,0.981932,0.811607,198.550852,521.330089
23.6,0.981932,0.811607,198.550835,521.330057
23.61,0.981932,0.811607,198.550819,521.330024
23.62,0.981932,0.811607,198.550803,521.329991
23.63,0.981932,0.811606,198.550787,521.329959
23.64,0.981932,0.811606,198.55077,521.329926
23.65,0.981932,0.811606,198.550754,521.329894
23.66,0.981932,0.811606,198.550738,521.329861
23.67,0.981932,0.811606,198.550721,521.329828
23.68,0.981932,0.811606,198.550705,521.329796
23.69,0.981932,0.811606,198.550688,521.329763
23.7,0.981932,0.811606,198.550672,521.32973
23.71,0.981932,0.811606,198.550656,521.329698
23.72,0.981932,0.811606,198.550639,521.329665
23.73,0.981932,0.811606,198.550623,521.329632
23.74,0.981932,0.811606,198.550606,521.329599
23.75,0.981932,0.811606,198.55059,521.329566
23.76,0.981932,0.811606,198.550573,521.329533
23.77,0.981932,0.811606,198.550557,521.329499
23.78,0.981932,0.811606,198.55054,521.329466
23.79,0.981932,0.811606,198.550523,521.329433
23.8,0.981932,0.811605,198.550507,521.329399
23.81,0.981932,0.811605,198.55049,521.329365
23.82,0.981932,0.811605,198.550474,521.329332
23.83,0.981932,0.811605,198.550457,521.329298
23.84,0.981932,0.811605,198.55044,521.329264
23.85,0.981932,0.811605,198.550424,521.329229
23.86,0.981932,0.811605,198.550407,521.329195
23.87,0.981932,0.811605,198.55039,521.329161
23.88,0.981932,0.811605,198.550374,521.329126
23.89,0.981932,0.811605,198.550357,521.329091
23.9,0.981932,0.811605,198.55034,521.329057
23.91,0.981932,0.811605,198.550324,521.329022
23.92,0.981932,0.811605,198.550307,521.328987
23.93,0.981932,0.811605,198.55029,521.328951
23.94,0.981932,0.811605,198.550274,521.328916
23.95,0.981932,0.811605,198.550257,521.328881
23.96,0.981932,0.811604,198.55024,521.328845
23.97,0.981932,0.811604,198.550224,521.32881
23.98,0.981932,0.811604,198.550207,521.328774
23.99,0.981932,0.811604,198.550191,521.328738
24,0.981932,0.811604,198.550174,521.328702
24.01,0.981932,0.811604,198.550157,521.328666
24.02,0.981932,0.811604,198.550141,521.32863
24.03,0.981932,0.811604,198.550124,521.328594
24.04,0.981932,0.811604,198.550108,521.328558
24.05,0.981932,0.811604,198.550091,521.328522
24.06,0.981932,0.811604,198.550075,521.328486
24.07,0.981932,0.811604,198.550059,521.328449
24.08,0.981932,0.811604,198.550042,521.328413
24.09,0.981932,0.811604,198.550026,521.328377
24.1,0.981932,0.811604,198.55001,521.328341
24.11,0.981932,0.811604,198.549993,521.328305
24.12,0.981932,0.811603,198.549977,521.328269
24.13,0.981932,0.811603,198.549961,521.328232
24.14,0.981932,0.811603,198.549945,521.328196
24.15,0.981932,0.811603,198.549929,521.328161
24.16,0.981932,0.811603,198.549912,521.328125
24.17,0.981932,0.811603,198.549896,521.328089
24.18,0.981932,0.811603,198.54988,521.328053
24.19,0.981932,0.811603,198.549864,521.328018
24.2,0.981932,0.811603,198.549848,521.327982
24.21,0.981932,0.811603,198.549832,521.327947
24.22,0.981932,0.811603,198.549816,521.327911
24.23,0.981932,0.811603,198.549801,521.327876
24.24,0.981932,0.811603,198.549785,521.327841
24.25,0.981932,0.811603,198.549769,521.327807
24.26,0.981932,0.811603,198.549753,521.327772
24.27,0.981932,0.811603,198.549737,521.327737
24.28,0.981932,0.811602,198.549722,521.327703
24.29,0.981932,0.811602,198.549706,521.327669
24.3,0.981932,0.811602,198.54969,521.327635
24.31,0.981932,0.811602,198.549675,521.327601
24.32,0.981932,0.811602,198.549659,521.327568
24.33,0.981932,0.811602,198.549643,521.327534
24.34,0.981932,0.811602,198.549628,521.327501
24.35,0.981932,0.811602,198.549612,521.327468
24.36,0.981932,0.811602,198.549597,521.327435
24.37,0.981932,0.811602,198.549581,521.327402
24.38,0.981932,0.811602,198.549566,521.32737
24.39,0.981932,0.811602,198.54955,521.327337
24.4,0.981932,0.811602,198.549535,521.327305
24.41,0.981932,0.811602,198.549519,521.327273
24.42,0.981932,0.811602,198.549504,521.327241
24.43,0.981932,0.811602,198.549488,521.327209
24.44,0.981932,0.811602,198.549473,521.327178
24.45,0.981932,0.811601,198.549458,521.327146
24.46,0.981932,0.811601,198.549442,521.327115
24.47,0.981932,0.811601,198.549427,521.327084
24.48,0.981932,0.811601,198.549411,521.327053
24.49,0.981932,0.811601,198.549396,521.327022
24.5,0.981932,0.811601,198.54938,521.326991
24.51,0.981933,0.811601,198.549365,521.32696
24.52,0.981933,0.811601,198.549349,521.32693
24.53,0.981933,0.811601,198.549334,521.326899
24.54,0.981933,0.811601,198.549318,521.326869
24.55,0.981933,0.811601,198.549303,521.326838
24.56,0.981933,0.811601,198.549287,521.326808
24.57,0.981933,0.811601,198.549272,521.326778
24.58,0.981933,0.811601,198.549256,521.326747
24.59,0.981933,0.811601,198.549241,521.326717
24.6,0.981933,0.811601,198.549225,521.326687
24.61,0.981933,0.811601,198.549209,521.326656
24.62,0.981933,0.811601,198.549194,521.326626
24.63,0.981933,0.811601,198.549178,521.326596
24.64,0.981933,0.8116,198.549162,521.326565
24.65,0.981933,0.8116,198.549146,521.326535
24.66,0.981933,0.8116,198.549131,521.326504
24.67,0.981933,0.8116,198.549115,521.326474
24.68,0.981933,0.8116,198.549099,521.326443
24.69,0.981933,0.8116,198.549083,521.326412
24.7,0.981933,0.8116,198.549067,521.326381
24.71,0.981933,0.8116,198.549051,521.32635
24.72,0.981933,0.8116,198.549035,521.326319
24.73,0.981933,0.8116,198.549019,521.326288
24.74,0.981933,0.8116,198.549003,521.326257
24.75,0.981933,0.8116,198.548987,521.326226
24.76,0.981933,0.8116,198.548971,521.326194
24.77,0.981933,0.8116,198.548955,521.326162
24.78,0.981933,0.8116,198.548938,521.326131
24.79,0.981933,0.8116,198.548922,521.326099
24.8,0.981933,0.8116,198.548906,521.326067
24.81,0.981933,0.8116,198.54889,521.326034
24.82,0.981933,0.811599,198.548873,521.326002
24.83,0.981933,0.811599,198.548857,521.32597
24.84,0.981933,0.811599,198.548841,521.325937
24.85,0.981933,0.811599,198.548824,521.325904
24.86,0.981933,0.811599,198.548808,521.325871
24.87,0.981933,0.811599,198.548791,521.325838
24.88,0.981933,0.811599,198.548775,521.325805
24.89,0.981933,0.811599,198.548758,521.325771
24.9,0.981933,0.811599,198.548742,521.325738
24.91,0.981933,0.811599,198.548725,521.325704
24.92,0.981933,0.811599,198.548708,521.32567
24.93,0.981933,0.811599,198.548692,521.325636
24.94,0.981933,0.811599,198.548675,521.325602
24.95,0.981933,0.811599,198.548658,521.325568
24.96,0.981933,0.811599,198.548642,521.325534
24.97,0.981933,0.811599,198.548625,521.3255
24.98,0.981933,0.811599,198.548608,521.325465
24.99,0.981933,0.811599,198.548591,521.325431
25,0.981933,0.811598,198.548575,521.325396
25.01,0.981933,0.811598,198.548558,521.325361
25.02,0.981933,0.811598,198.548541,521.325326
25.03,0.981933,0.811598,198.548524,521.325292
25.04,0.981933,0.811598,198.548507,521.325257
25.05,0.981933,0.811598,198.548491,521.325222
25.06,0.981933,0.811598,198.548474,521.325187
25.07,0.981933,0.811598,198.548457,521.325152
25.08,0.981933,0.811598,198.54844,521.325117
25.09,0.981933,0.811598,198.548423,521.325082
25.1,0.981933,0.811598,198.548406,521.325047
25.11,0.981933,0.811598,198.548389,521.325011
25.12,0.981933,0.811598,198.548372,521.324976
25.13,0.981933,0.811598,198.548356,521.324941
25.14,0.981933,0.811598,198.548339,521.324906
25.15,0.981933,0.811598,198.548322,521.324871
25.16,0.981933,0.811597,198.548305,521.324836
25.17,0.981933,0.811597,198.548288,521.324801
25.18,0.981933,0.811597,198.548271,521.324766
25.19,0.981933,0.811597,198.548254,521.324732
25.2,0.981933,0.811597,198.548237,521.324697
25.21,0.981933,0.811597,198.54822,521.324662
25.22,0.981933,0.811597,198.548203,521.324627
25.23,0.981933,0.811597,198.548186,521.324593
25.24,0.981933,0.811597,198.548169,521.324558
25.25,0.981933,0.811597,198.548152,521.324524
25.26,0.981933,0.811597,198.548135,521.324489
25.27,0.981933,0.811597,198.548118,521.324455
25.28,0.981933,0.811597,198.548101,521.324421
25.29,0.981933,0.811597,198.548084,521.324387
25.3,0.981933,0.811597,198.548067,521.324353
25.31,0.981933,0.811597,198.54805,521.324319
25.32,0.981933,0.811597,198.548033,521.324285
25.33,0.981933,0.811596,198.548016,521.324251
25.34,0.981933,0.811596,198.547999,521.324217
25.35,0.981933,0.811596,198.547982,521.324183
25.36,0.981933,0.811596,198.547965,521.32415
25.37,0.981933,0.811596,198.547948,521.324116
25.38,0.981933,0.811596,198.547931,521.324083
25.39,0.981933,0.811596,198.547914,521.324049
25.4,0.981933,0.811596,198.547897,521.324016
25.41,0.981933,0.811596,198.54788,521.323983
25.42,0.981933,0.811596,198.547863,521.323949
25.43,0.981933,0.811596,198.547846,521.323916
25.44,0.981933,0.811596,198.547829,521.323883
25.45,0.981933,0.811596,198.547812,521.32385
25.46,0.981933,0.811596,198.547794,521.323817
25.47,0.981933,0.811596,198.547777,521.323784
25.48,0.981933,0.811596,198.54776,521.323751
25.49,0.981933,0.811596,198.547743,521.323718
25.5,0.981933,0.811595,198.547726,521.323685
25.51,0.981933,0.811595,198.547709,521.323652
25.52,0.981933,0.811595,198.547692,521.323619
25.53,0.981933,0.811595,198.547675,521.323586
25.54,0.981933,0.811595,198.547657,521.323553
25.55,0.981933,0.811595,198.54764,521.323521
25.56,0.981933,0.811595,198.547623,521.323488
25.57,0.981933,0.811595,198.547606,521.323455
25.58,0.981933,0.811595,198.547589,521.323422
25.59,0.981933,0.811595,198.547572,521.323389
25.6,0.981933,0.811595,198.547554,521.323356
25.61,0.981933,0.811595,198.547537,521.323323
25.62,0.981933,0.811595,198.54752,521.32329
25.63,0.981933,0.811595,198.547503,521.323257
25.64,0.981933,0.811595,198.547486,521.323224
25.65,0.981933,0.811595,198.547468,521.32319
25.66,0.981933,0.811595,198.547451,521.323157
25.67,0.981933,0.811594,198.547434,521.323124
25.68,0.981933,0.811594,198.547417,521.323091
25.69,0.981933,0.811594,198.5474,521.323058
25.7,0.981933,0.811594,198.547382,521.323024
25.71,0.981933,0.811594,198.547365,521.322991
25.72,0.981933,0.811594,198.547348,521.322957
25.73,0.981933,0.811594,198.547331,521.322924
25.74,0.981933,0.811594,198.547314,521.32289
25.75,0.981933,0.811594,198.547296,521.322857
25.76,0.981933,0.811594,198.547279,521.322823
25.77,0.981933,0.811594,198.547262,521.32279
25.78,0.981933,0.811594,198.547245,521.322756
25.79,0.981933,0.811594,198.547228,521.322722
25.8,0.981933,0.811594,198.54721,521.322689
25.81,0.981933,0.811594,198.547193,521.322655
25.82,0.981933,0.811594,198.547176,521.322621
25.83,0.981933,0.811594,198.547159,521.322587
25.84,0.981933,0.811593,198.547142,521.322553
25.85,0.981933,0.811593,198.547125,521.32252
25.86,0.981933,0.811593,198.547107,521.322486
25.87,0.981933,0.811593,198.54709,521.322452
25.88,0.981933,0.811593,198.547073,521.322418
25.89,0.981933,0.811593,198.547056,521.322384
25.9,0.981933,0.811593,198.547039,521.32235
25.91,0.981933,0.811593,198.547022,521.322316
25.92,0.981933,0.811593,198.547005,521.322283
25.93,0.981933,0.811593,198.546988,521.322249
25.94,0.981933,0.811593,198.546971,521.322215
25.95,0.981933,0.811593,198.546954,521.322181
25.96,0.981933,0.811593,198.546937,521.322147
25.97,0.981933,0.811593,198.54692,521.322114
25.98,0.981933,0.811593,198.546903,521.32208
25.99,0.981933,0.811593,198.546886,521.322046
26,0.981933,0.811593,198.546869,521.322013
26.01,0.981933,0.811593,198.546852,521.321979
26.02,0.981933,0.811592,198.546835,521.321946
26.03,0.981933,0.811592,198.546818,521.321912
26.04,0.981933,0.811592,198.546801,521.321879
26.05,0.981933,0.811592,198.546784,521.321846
26.06,0.981933,0.811592,198.546767,521.321813
26.07,0.981933,0.811592,198.54675,521.32178
26.08,0.981933,0.811592,198.546733,521.321746
26.09,0.981933,0.811592,198.546716,521.321713
26.1,0.981933,0.811592,198.546699,521.321681
26.11,0.981933,0.811592,198.546682,521.321648
26.12,0.981933,0.811592,198.546665,521.321615
26.13,0.981933,0.811592,198.546649,521.321582
26.14,0.981933,0.811592,198.546632,521.32155
26.15,0.981933,0.811592,198.546615,521.321517
26.16,0.981933,0.811592,198.546598,521.321485
26.17,0.981933,0.811592,198.546581,521.321452
26.18,0.981933,0.811592,198.546564,521.32142
26.19,0.981933,0.811591,198.546547,521.321388
26.2,0.981933,0.811591,198.54653,521.321355
26.21,0.981933,0.811591,198.546513,521.321323
26.22,0.981933,0.811591,198.546497,521.321291
26.23,0.981933,0.811591,198.54648,521.321259
26.24,0.981933,0.811591,198.546463,521.321227
26.25,0.981933,0.811591,198.546446,521.321195
26.26,0.981933,0.811591,198.546429,521.321164
26.27,0.981933,0.811591,198.546412,521.321132
26.28,0.981933,0.811591,198.546395,521.3211
26.29,0.981933,0.811591,198.546378,521.321069
26.3,0.981933,0.811591,198.546361,521.321037
26.31,0.981933,0.811591,198.546344,521.321005
26.32,0.981933,0.811591,198.546327,521.320974
26.33,0.981933,0.811591,198.54631,521.320942
26.34,0.981933,0.811591,198.546293,521.320911
26.35,0.981933,0.811591,198.546276,521.320879
26.36,0.981933,0.811591,198.546259,521.320847
26.37,0.981933,0.811591,198.546242,521.320816
26.38,0.981933,0.81159,198.546225,521.320784
26.39,0.981933,0.81159,198.546207,521.320753
26.4,0.981933,0.81159,198.54619,521.320721
26.41,0.981933,0.81159,198.546173,521.32069
26.42,0.981933,0.81159,198.546156,521.320658
26.43,0.981933,0.81159,198.546139,521.320626
26.44,0.981933,0.81159,198.546122,521.320595
26.45,0.981933,0.81159,198.546104,521.320563
26.46,0.981933,0.81159,198.546087,521.320531
26.47,0.981933,0.81159,198.54607,521.320499
26.48,0.981933,0.81159,198.546053,521.320467
26.49,0.981933,0.81159,198.546035,521.320435
26.5,0.981933,0.81159,198.546018,521.320403
26.51,0.981933,0.81159,198.546001,521.320371
26.52,0.981933,0.81159,198.545983,521.320339
26.53,0.981933,0.81159,198.545966,521.320307
26.54,0.981933,0.81159,198.545949,521.320275
26.55,0.981933,0.81159,198.545931,521.320242
26.56,0.981933,0.811589,198.545914,521.32021
26.57,0.981933,0.811589,198.545896,521.320177
26.58,0.981933,0.811589,198.545879,521.320145
26.59,0.981933,0.811589,198.545861,521.320112
26.6,0.981933,0.811589,198.545844,521.320079
26.61,0.981933,0.811589,198.545826,521.320046
26.62,0.981933,0.811589,198.545809,521.320014
26.63,0.981933,0.811589,198.545791,521.319981
26.64,0.981933,0.811589,198.545774,521.319947
26.65,0.981933,0.811589,198.545756,521.319914
26.66,0.981933,0.811589,198.545739,521.319881
26.67,0.981933,0.811589,198.545721,521.319848
26.68,0.981933,0.811589,198.545703,521.319814
26.69,0.981933,0.811589,198.545686,521.319781
26.7,0.981933,0.811589,198.545668,521.319747
26.71,0.981933,0.811589,198.545651,521.319713
26.72,0.981933,0.811589,198.545633,521.31968
26.73,0.981933,0.811589,198.545615,521.319646
26.74,0.981933,0.811588,198.545598,521.319612
26.75,0.981933,0.811588,198.54558,521.319578
26.76,0.981933,0.811588,198.545563,521.319544
26.77,0.981933,0.811588,198.545545,521.31951
26.78,0.981933,0.811588,198.545527,521.319476
26.79,0.981933,0.811588,198.54551,521.319442
26.8,0.981933,0.811588,198.545492,521.319408
26.81,0.981933,0.811588,198.545475,521.319374
26.82,0.981933,0.811588,198.545457,521.31934
26.83,0.981933,0.811588,198.545439,521.319305
26.84,0.981933,0.811588,198.545422,521.319271
26.85,0.981933,0.811588,198.545404,521.319237
26.86,0.981933,0.811588,198.545387,521.319203
26.87,0.981933,0.811588,198.545369,521.319168
26.88,0.981933,0.811588,198.545351,521.319134
26.89,0.981933,0.811588,198.545334,521.3191
26.9,0.981933,0.811588,198.545316,521.319066
26.91,0.981933,0.811587,198.545299,521.319032
26.92,0.981934,0.811587,198.545281,521.318997
26.93,0.981934,0.811587,198.545264,521.318963
26.94,0.981934,0.811587,198.545246,521.318929
26.95,0.981934,0.811587,198.545229,521.318895
26.96,0.981934,0.811587,198.545211,521.318861
26.97,0.981934,0.811587,198.545194,521.318827
26.98,0.981934,0.811587,198.545176,521.318793
26.99,0.981934,0.811587,198.545159,521.318759
27,0.981934,0.811587,198.545142,521.318725
27.01,0.981934,0.811587,198.545124,521.318691
27.02,0.981934,0.811587,198.545107,521.318658
27.03,0.981934,0.811587,198.545089,521.318624
27.04,0.981934,0.811587,198.545072,521.31859
27.05,0.981934,0.811587,198.545055,521.318557
27.06,0.981934,0.811587,198.545037,521.318523
27.07,0.981934,0.811587,198.54502,521.31849
27.08,0.981934,0.811586,198.545003,521.318456
27.09,0.981934,0.811586,198.544985,521.318423
27.1,0.981934,0.811586,198.544968,521.31839
27.11,0.981934,0.811586,198.544951,521.318357
27.12,0.981934,0.811586,198.544934,521.318323
27.13,0.981934,0.811586,198.544916,521.31829
27.14,0.981934,0.811586,198.544899,521.318257
27.15,0.981934,0.811586,198.544882,521.318225
27.16,0.981934,0.811586,198.544865,521.318192
27.17,0.981934,0.811586,198.544847,521.318159
27.18,0.981934,0.811586,198.54483,521.318126
27.19,0.981934,0.811586,198.544813,521.318094
27.2,0.981934,0.811586,198.544796,521.318061
27.21,0.981934,0.811586,198.544779,521.318028
27.22,0.981934,0.811586,198.544762,521.317996
27.23,0.981934,0.811586,198.544744,521.317963
27.24,0.981934,0.811586,198.544727,521.317931
27.25,0.981934,0.811586,198.54471,521.317899
27.26,0.981934,0.811585,198.544693,521.317866
27.27,0.981934,0.811585,198.544676,521.317834
27.28,0.981934,0.811585,198.544659,521.317802
27.29,0.981934,0.811585,198.544642,521.31777
27.3,0.981934,0.811585,198.544625,521.317738
27.31,0.981934,0.811585,198.544608,521.317705
27.32,0.981934,0.811585,198.544591,521.317673
27.33,0.981934,0.811585,198.544573,521.317641
27.34,0.981934,0.811585,198.544556,521.317609
27.35,0.981934,0.811585,198.544539,521.317577
27.36,0.981934,0.811585,198.544522,521.317545
27.37,0.981934,0.811585,198.544505,521.317513
27.38,0.981934,0.811585,198.544488,521.317481
27.39,0.981934,0.811585,198.544471,521.317449
27.4,0.981934,0.811585,198.544454,521.317417
27.41,0.981934,0.811585,198.544437,521.317385
27.42,0.981934,0.811585,198.54442,521.317353
27.43,0.981934,0.811585,198.544403,521.317321
27.44,0.981934,0.811584,198.544386,521.317289
27.45,0.981934,0.811584,198.544369,521.317257
27.46,0.981934,0.811584,198.544352,521.317225
27.47,0.981934,0.811584,198.544335,521.317192
27.48,0.981934,0.811584,198.544318,521.31716
27.49,0.981934,0.811584,198.544302,521.317128
27.5,0.981934,0.811584,198.544285,521.317096
27.51,0.981934,0.811584,198.544268,521.317064
27.52,0.981934,0.811584,198.544251,521.317032
27.53,0.981934,0.811584,198.544234,521.316999
27.54,0.981934,0.811584,198.544217,521.316967
27.55,0.981934,0.811584,198.5442,521.316935
27.56,0.981934,0.811584,198.544183,521.316902
27.57,0.981934,0.811584,198.544166,521.31687
27.58,0.981934,0.811584,198.544149,521.316838
27.59,0.981934,0.811584,198.544132,521.316805
27.6,0.981934,0.811584,198.544116,521.316773
27.61,0.981934,0.811584,198.544099,521.316741
27.62,0.981934,0.811583,198.544082,521.316708
27.63,0.981934,0.811583,198.544065,521.316676
27.64,0.981934,0.811583,198.544048,521.316643
27.65,0.981934,0.811583,198.544031,521.316611
27.66,0.981934,0.811583,198.544015,521.316578
27.67,0.981934,0.811583,198.543998,521.316546
27.68,0.981934,0.811583,198.543981,521.316513
27.69,0.981934,0.811583,198.543964,521.31648
27.7,0.981934,0.811583,198.543948,521.316448
27.71,0.981934,0.811583,198.543931,521.316415
27.72,0.981934,0.811583,198.543914,521.316383
27.73,0.981934,0.811583,198.543897,521.31635
27.74,0.981934,0.811583,198.543881,521.316317
27.75,0.981934,0.811583,198.543864,521.316285
27.76,0.981934,0.811583,198.543847,521.316252
27.77,0.981934,0.811583,198.54383,521.31622
27.78,0.981934,0.811583,198.543814,521.316187
27.79,0.981934,0.811583,198.543797,521.316154
27.8,0.981934,0.811582,198.54378,521.316122
27.81,0.981934,0.811582,198.543764,521.316089
27.82,0.981934,0.811582,198.543747,521.316057
27.83,0.981934,0.811582,198.543731,521.316024
27.84,0.981934,0.811582,198.543714,521.315992
27.85,0.981934,0.811582,198.543697,521.315959
27.86,0.981934,0.811582,198.543681,521.315927
27.87,0.981934,0.811582,198.543664,521.315894
27.88,0.981934,0.811582,198.543647,521.315862
27.89,0.981934,0.811582,198.543631,521.31583
27.9,0.981934,0.811582,198.543614,521.315797
27.91,0.981934,0.811582,198.543598,521.315765
27.92,0.981934,0.811582,198.543581,521.315733
27.93,0.981934,0.811582,198.543565,521.3157
27.94,0.981934,0.811582,198.543548,521.315668
27.95,0.981934,0.811582,198.543532,521.315636
27.96,0.981934,0.811582,198.543515,521.315604
27.97,0.981934,0.811582,198.543498,521.315571
27.98,0.981934,0.811582,198.543482,521.315539
27.99,0.981934,0.811581,198.543465,521.315507
28,0.981934,0.811581,198.543449,521.315475
28.01,0.981934,0.811581,198.543432,521.315443
28.02,0.981934,0.811581,198.543416,521.315411
28.03,0.981934,0.811581,198.543399,521.315379
28.04,0.981934,0.811581,198.543383,521.315347
28.05,0.981934,0.811581,198.543366,521.315315
28.06,0.981934,0.811581,198.54335,521.315283
28.07,0.981934,0.811581,198.543333,521.315251
28.08,0.981934,0.811581,198.543317,521.315219
28.09,0.981934,0.811581,198.5433,521.315188
28.1,0.981934,0.811581,198.543284,521.315156
28.11,0.981934,0.811581,198.543268,521.315124
28.12,0.981934,0.811581,198.543251,521.315092
28.13,0.981934,0.811581,198.543235,521.31506
28.14,0.981934,0.811581,198.543218,521.315028
28.15,0.981934,0.811581,198.543202,521.314997
28.16,0.981934,0.811581,198.543185,521.314965
28.17,0.981934,0.81158,198.543169,521.314933
28.18,0.981934,0.81158,198.543152,521.314901
28.19,0.981934,0.81158,198.543136,521.314869
28.2,0.981934,0.81158,198.543119,521.314838
28.21,0.981934,0.81158,198.543103,521.314806
28.22,0.981934,0.81158,198.543086,521.314774
28.23,0.981934,0.81158,198.54307,521.314742
28.24,0.981934,0.81158,198.543053,521.31471
28.25,0.981934,0.81158,198.543037,521.314678
28.26,0.981934,0.81158,198.543021,521.314646
28.27,0.981934,0.81158,198.543004,521.314614
28.28,0.981934,0.81158,198.542988,521.314582
28.29,0.981934,0.81158,198.542971,521.31455
28.3,0.981934,0.81158,198.542955,521.314518
28.31,0.981934,0.81158,198.542938,521.314486
28.32,0.981934,0.81158,198.542922,521.314454
28.33,0.981934,0.81158,198.542905,521.314422
28.34,0.981934,0.81158,198.542889,521.31439
28.35,0.981934,0.81158,198.542872,521.314358
28.36,0.981934,0.811579,198.542856,521.314326
28.37,0.981934,0.811579,198.54284,521.314294
28.38,0.981934,0.811579,198.542823,521.314261
28.39,0.981934,0.811579,198.542807,521.314229
28.4,0.981934,0.811579,198.54279,521.314197
28.41,0.981934,0.811579,198.542774,521.314164
28.42,0.981934,0.811579,198.542757,521.314132
28.43,0.981934,0.811579,198.542741,521.3141
28.44,0.981934,0.811579,198.542725,521.314067
28.45,0.981934,0.811579,198.542708,521.314035
28.46,0.981934,0.811579,198.542692,521.314002
28.47,0.981934,0.811579,198.542675,521.31397
28.48,0.981934,0.811579,198.542659,521.313937
28.49,0.981934,0.811579,198.542643,521.313904
28.5,0.981934,0.811579,198.542626,521.313872
28.51,0.981934,0.811579,198.54261,521.313839
28.52,0.981934,0.811579,198.542594,521.313807
28.53,0.981934,0.811579,198.542577,521.313774
28.54,0.981934,0.811578,198.542561,521.313741
28.55,0.981934,0.811578,198.542545,521.313708
28.56,0.981934,0.811578,198.542529,521.313676
28.57,0.981934,0.811578,198.542512,521.313643
28.58,0.981934,0.811578,198.542496,521.31361
28.59,0.981934,0.811578,198.54248,521.313577
28.6,0.981934,0.811578,198.542464,521.313545
28.61,0.981934,0.811578,198.542447,521.313512
28.62,0.981934,0.811578,198.542431,521.313479
28.63,0.981934,0.811578,198.542415,521.313446
28.64,0.981934,0.811578,198.542399,521.313414
28.65,0.981934,0.811578,198.542383,521.313381
28.66,0.981934,0.811578,198.542367,521.313348
28.67,0.981934,0.811578,198.54235,521.313315
28.68,0.981934,0.811578,198.542334,521.313283
28.69,0.981934,0.811578,198.542318,521.31325
28.7,0.981934,0.811578,198.542302,521.313217
28.71,0.981934,0.811578,198.542286,521.313184
28.72,0.981934,0.811577,198.54227,521.313152
28.73,0.981934,0.811577,198.542254,521.313119
28.74,0.981934,0.811577,198.542238,521.313087
28.75,0.981934,0.811577,198.542222,521.313054
28.76,0.981934,0.811577,198.542206,521.313022
28.77,0.981934,0.811577,198.54219,521.312989
28.78,0.981934,0.811577,198.542174,521.312957
28.79,0.981934,0.811577,198.542158,521.312924
28.8,0.981934,0.811577,198.542142,521.312892
28.81,0.981934,0.811577,198.542127,521.31286
28.82,0.981934,0.811577,198.542111,521.312827
28.83,0.981934,0.811577,198.542095,521.312795
28.84,0.981934,0.811577,198.542079,521.312763
28.85,0.981934,0.811577,198.542063,521.312731
28.86,0.981934,0.811577,198.542048,521.312699
28.87,0.981934,0.811577,198.542032,521.312667
28.88,0.981934,0.811577,198.542016,521.312635
28.89,0.981934,0.811577,198.542,521.312603
28.9,0.981934,0.811576,198.541985,521.312571
28.91,0.981934,0.811576,198.541969,521.312539
28.92,0.981934,0.811576,198.541953,521.312507
28.93,0.981934,0.811576,198.541938,521.312475
28.94,0.981934,0.811576,198.541922,521.312444
28.95,0.981934,0.811576,198.541906,521.312412
28.96,0.981934,0.811576,198.541891,521.31238
28.97,0.981934,0.811576,198.541875,521.312349
28.98,0.981934,0.811576,198.541859,521.312317
28.99,0.981934,0.811576,198.541844,521.312286
29,0.981934,0.811576,198.541828,521.312254
29.01,0.981934,0.811576,198.541813,521.312223
29.02,0.981934,0.811576,198.541797,521.312191
29.03,0.981934,0.811576,198.541782,521.31216
29.04,0.981934,0.811576,198.541766,521.312129
29.05,0.981934,0.811576,198.541751,521.312097
29.06,0.981934,0.811576,198.541735,521.312066
29.07,0.981934,0.811576,198.54172,521.312035
29.08,0.981934,0.811575,198.541704,521.312004
29.09,0.981934,0.811575,198.541689,521.311972
29.1,0.981934,0.811575,198.541673,521.311941
29.11,0.981934,0.811575,198.541658,521.31191
29.12,0.981934,0.811575,198.541642,521.311879
29.13,0.981934,0.811575,198.541627,521.311848
29.14,0.981934,0.811575,198.541611,521.311817
29.15,0.981934,0.811575,198.541596,521.311785
29.16,0.981934,0.811575,198.54158,521.311754
29.17,0.981934,0.811575,198.541565,521.311723
29.18,0.981934,0.811575,198.54155,521.311692
29.19,0.981934,0.811575,198.541534,521.311661
29.2,0.981934,0.811575,198.541519,521.31163
29.21,0.981934,0.811575,198.541503,521.311599
29.22,0.981934,0.811575,198.541488,521.311568
29.23,0.981934,0.811575,198.541473,521.311536
29.24,0.981934,0.811575,198.541457,521.311505
29.25,0.981934,0.811575,198.541442,521.311474
29.26,0.981934,0.811575,198.541427,521.311443
29.27,0.981934,0.811574,198.541411,521.311412
29.28,0.981934,0.811574,198.541396,521.311381
29.29,0.981934,0.811574,198.541381,521.311349
29.3,0.981934,0.811574,198.541365,521.311318
29.31,0.981934,0.811574,198.54135,521.311287
29.32,0.981934,0.811574,198.541335,521.311256
29.33,0.981934,0.811574,198.541319,521.311224
29.34,0.981934,0.811574,198.541304,521.311193
29.35,0.981934,0.811574,198.541289,521.311162
29.36,0.981934,0.811574,198.541273,521.31113
29.37,0.981934,0.811574,198.541258,521.311099
29.38,0.981934,0.811574,198.541243,521.311068
29.39,0.981934,0.811574,198.541228,521.311036
29.4,0.981934,0.811574,198.541212,521.311005
29.41,0.981934,0.811574,198.541197,521.310973
29.42,0.981934,0.811574,198.541182,521.310942
29.43,0.981934,0.811574,198.541167,521.310911
29.44,0.981934,0.811574,198.541151,521.310879
29.45,0.981934,0.811574,198.541136,521.310848
29.46,0.981934,0.811573,198.541121,521.310816
29.47,0.981934,0.811573,198.541106,521.310784
29.48,0.981934,0.811573,198.54109,521.310753
29.49,0.981934,0.811573,198.541075,521.310721
29.5,0.981934,0.811573,198.54106,521.31069
29.51,0.981934,0.811573,198.541045,521.310658
29.52,0.981934,0.811573,198.54103,521.310627
29.53,0.981934,0.811573,198.541014,521.310595
29.54,0.981934,0.811573,198.540999,521.310563
29.55,0.981934,0.811573,198.540984,521.310532
29.56,0.981934,0.811573,198.540969,521.3105
29.57,0.981934,0.811573,198.540954,521.310469
29.58,0.981934,0.811573,198.540938,521.310437
29.59,0.981934,0.811573,198.540923,521.310405
29.6,0.981934,0.811573,198.540908,521.310374
29.61,0.981934,0.811573,198.540893,521.310342
29.62,0.981934,0.811573,198.540878,521.31031
29.63,0.981934,0.811573,198.540863,521.310279
29.64,0.981934,0.811573,198.540848,521.310247
29.65,0.981934,0.811572,198.540833,521.310216
29.66,0.981934,0.811572,198.540818,521.310184
29.67,0.981934,0.811572,198.540802,521.310152
29.68,0.981934,0.811572,198.540787,521.310121
29.69,0.981934,0.811572,198.540772,521.310089
29.7,0.981934,0.811572,198.540757,521.310058
29.71,0.981934,0.811572,198.540742,521.310026
29.72,0.981934,0.811572,198.540727,521.309995
29.73,0.981934,0.811572,198.540712,521.309963
29.74,0.981934,0.811572,198.540697,521.309932
29.75,0.981934,0.811572,198.540682,521.3099
29.76,0.981934,0.811572,198.540667,521.309869
29.77,0.981934,0.811572,198.540652,521.309837
29.78,0.981934,0.811572,198.540637,521.309806
29.79,0.981934,0.811572,198.540622,521.309775
29.8,0.981934,0.811572,198.540607,521.309743
29.81,0.981934,0.811572,198.540592,521.309712
29.82,0.981934,0.811572,198.540577,521.309681
29.83,0.981934,0.811571,198.540562,521.309649
29.84,0.981934,0.811571,198.540547,521.309618
29.85,0.981934,0.811571,198.540532,521.309587
29.86,0.981934,0.811571,198.540517,521.309555
29.87,0.981934,0.811571,198.540502,521.309524
29.88,0.981934,0.811571,198.540487,521.309493
29.89,0.981934,0.811571,198.540472,521.309462
29.9,0.981934,0.811571,198.540457,521.30943
29.91,0.981934,0.811571,198.540442,521.309399
29.92,0.981934,0.811571,198.540427,521.309368
29.93,0.981934,0.811571,198.540412,521.309337
29.94,0.981934,0.811571,198.540398,521.309306
29.95,0.981934,0.811571,198.540383,521.309275
29.96,0.981934,0.811571,198.540368,521.309243
29.97,0.981934,0.811571,198.540353,521.309212
29.98,0.981934,0.811571,198.540338,521.309181
29.99,0.981934,0.811571,198.540323,521.30915
30,0.981934,0.811571,198.540308,521.309119
30.01,0.981934,0.811571,198.540293,521.309088
30.02,0.981934,0.81157,198.540278,521.309057
30.03,0.981935,0.81157,198.540263,521.309026
30.04,0.981935,0.81157,198.540249,521.308994
30.05,0.981935,0.81157,198.540234,521.308963
30.06,0.981935,0.81157,198.540219,521.308932
30.07,0.981935,0.81157,198.540204,521.308901
30.08,0.981935,0.81157,198.540189,521.30887
30.09,0.981935,0.81157,198.540174,521.308839
30.1,0.981935,0.81157,198.540159,521.308808
30.11,0.981935,0.81157,198.540145,521.308777
30.12,0.981935,0.81157,198.54013,521.308746
30.13,0.981935,0.81157,198.540115,521.308715
30.14,0.981935,0.81157,198.5401,521.308683
30.15,0.981935,0.81157,198.540085,521.308652
30.16,0.981935,0.81157,198.54007,521.308621
30.17,0.981935,0.81157,198.540056,521.30859
30.18,0.981935,0.81157,198.540041,521.308559
30.19,0.981935,0.81157,198.540026,521.308528
30.2,0.981935,0.81157,198.540011,521.308497
30.21,0.981935,0.811569,198.539997,521.308465
30.22,0.981935,0.811569,198.539982,521.308434
30.23,0.981935,0.811569,198.539967,521.308403
30.24,0.981935,0.811569,198.539952,521.308372
30.25,0.981935,0.811569,198.539937,521.308341
30.26,0.981935,0.811569,198.539923,521.308309
30.27,0.981935,0.811569,198.539908,521.308278
30.28,0.981935,0.811569,198.539893,521.308247
30.29,0.981935,0.811569,198.539879,521.308216
30.3,0.981935,0.811569,198.539864,521.308185
30.31,0.981935,0.811569,198.539849,521.308153
30.32,0.981935,0.811569,198.539834,521.308122
30.33,0.981935,0.811569,198.53982,521.308091
30.34,0.981935,0.811569,198.539805,521.30806
30.35,0.981935,0.811569,198.53979,521.308028
30.36,0.981935,0.811569,198.539776,521.307997
30.37,0.981935,0.811569,198.539761,521.307966
30.38,0.981935,0.811569,198.539746,521.307935
30.39,0.981935,0.811569,198.539732,521.307903
30.4,0.981935,0.811568,198.539717,521.307872
30.41,0.981935,0.811568,198.539702,521.307841
30.42,0.981935,0.811568,198.539688,521.30781
30.43,0.981935,0.811568,198.539673,521.307779
30.44,0.981935,0.811568,198.539659,521.307747
30.45,0.981935,0.811568,198.539644,521.307716
30.46,0.981935,0.811568,198.53963,521.307685
30.47,0.981935,0.811568,198.539615,521.307654
30.48,0.981935,0.811568,198.5396,521.307623
30.49,0.981935,0.811568,198.539586,521.307592
30.5,0.981935,0.811568,198.539571,521.307561
30.51,0.981935,0.811568,198.539557,521.30753
30.52,0.981935,0.811568,198.539542,521.307499
30.53,0.981935,0.811568,198.539528,521.307467
30.54,0.981935,0.811568,198.539513,521.307436
30.55,0.981935,0.811568,198.539499,521.307405
30.56,0.981935,0.811568,198.539484,521.307374
30.57,0.981935,0.811568,198.53947,521.307344
30.58,0.981935,0.811567,198.539455,521.307313
30.59,0.981935,0.811567,198.539441,521.307282
30.6,0.981935,0.811567,198.539427,521.307251
30.61,0.981935,0.811567,198.539412,521.30722
30.62,0.981935,0.811567,198.539398,521.307189
30.63,0.981935,0.811567,198.539383,521.307158
30.64,0.981935,0.811567,198.539369,521.307128
30.65,0.981935,0.811567,198.539354,521.307097
30.66,0.981935,0.811567,198.53934,521.307066
30.67,0.981935,0.811567,198.539326,521.307035
30.68,0.981935,0.811567,198.539311,521.307005
30.69,0.981935,0.811567,198.539297,521.306974
30.7,0.981935,0.811567,198.539283,521.306943
30.71,0.981935,0.811567,198.539268,521.306913
30.72,0.981935,0.811567,198.539254,521.306882
30.73,0.981935,0.811567,198.53924,521.306852
30.74,0.981935,0.811567,198.539225,521.306821
30.75,0.981935,0.811567,198.539211,521.306791
30.76,0.981935,0.811567,198.539197,521.30676
30.77,0.981935,0.811567,198.539182,521.30673
30.78,0.981935,0.811566,198.539168,521.306699
30.79,0.981935,0.811566,198.539154,521.306669
30.8,0.981935,0.811566,198.539139,521.306639
30.81,0.981935,0.811566,198.539125,521.306608
30.82,0.981935,0.811566,198.539111,521.306578
30.83,0.981935,0.811566,198.539096,521.306548
30.84,0.981935,0.811566,198.539082,521.306517
30.85,0.981935,0.811566,198.539068,521.306487
30.86,0.981935,0.811566,198.539053,521.306457
30.87,0.981935,0.811566,198.539039,521.306426
30.88,0.981935,0.811566,198.539025,521.306396
30.89,0.981935,0.811566,198.539011,521.306366
30.9,0.981935,0.811566,198.538996,521.306336
30.91,0.981935,0.811566,198.538982,521.306305
30.92,0.981935,0.811566,198.538968,521.306275
30.93,0.981935,0.811566,198.538954,521.306245
30.94,0.981935,0.811566,198.538939,521.306215
30.95,0.981935,0.811566,198.538925,521.306185
30.96,0.981935,0.811566,198.538911,521.306154
30.97,0.981935,0.811565,198.538896,521.306124
30.98,0.981935,0.811565,198.538882,521.306094
30.99,0.981935,0.811565,198.538868,521.306064
31,0.981935,0.811565,198.538854,521.306033
31.01,0.981935,0.811565,198.538839,521.306003
31.02,0.981935,0.811565,198.538825,521.305973
31.03,0.981935,0.811565,198.538811,521.305943
31.04,0.981935,0.811565,198.538797,521.305912
31.05,0.981935,0.811565,198.538782,521.305882
31.06,0.981935,0.811565,198.538768,521.305852
31.07,0.981935,0.811565,198.538754,521.305822
31.08,0.981935,0.811565,198.538739,521.305791
31.09,0.981935,0.811565,198.538725,521.305761
31.1,0.981935,0.811565,198.538711,521.305731
31.11,0.981935,0.811565,198.538697,521.305701
31.12,0.981935,0.811565,198.538682,521.30567
31.13,0.981935,0.811565,198.538668,521.30564
31.14,0.981935,0.811565,198.538654,521.30561
31.15,0.981935,0.811565,198.53864,521.305579
31.16,0.981935,0.811564,198.538625,521.305549
31.17,0.981935,0.811564,198.538611,521.305518
31.18,0.981935,0.811564,198.538597,521.305488
31.19,0.981935,0.811564,198.538582,521.305458
31.2,0.981935,0.811564,198.538568,521.305427
31.21,0.981935,0.811564,198.538554,521.305397
31.22,0.981935,0.811564,198.53854,521.305366
31.23,0.981935,0.811564,198.538525,521.305336
31.24,0.981935,0.811564,198.538511,521.305305
31.25,0.981935,0.811564,198.538497,521.305275
31.26,0.981935,0.811564,198.538483,521.305245
31.27,0.981935,0.811564,198.538468,521.305214
31.28,0.981935,0.811564,198.538454,521.305184
31.29,0.981935,0.811564,198.53844,521.305153
31.3,0.981935,0.811564,198.538426,521.305123
31.31,0.981935,0.811564,198.538411,521.305092
31.32,0.981935,0.811564,198.538397,521.305062
31.33,0.981935,0.811564,198.538383,521.305031
31.34,0.981935,0.811564,198.538369,521.305
31.35,0.981935,0.811564,198.538354,521.30497
31.36,0.981935,0.811563,198.53834,521.304939
31.37,0.981935,0.811563,198.538326,521.304909
31.38,0.981935,0.811563,198.538312,521.304878
31.39,0.981935,0.811563,198.538297,521.304848
31.4,0.981935,0.811563,198.538283,521.304817
31.41,0.981935,0.811563,198.538269,521.304787
31.42,0.981935,0.811563,198.538255,521.304756
31.43,0.981935,0.811563,198.53824,521.304726
31.44,0.981935,0.811563,198.538226,521.304695
31.45,0.981935,0.811563,198.538212,521.304665
31.46,0.981935,0.811563,198.538198,521.304634
31.47,0.981935,0.811563,198.538184,521.304604
31.48,0.981935,0.811563,198.538169,521.304574
31.49,0.981935,0.811563,198.538155,521.304543
31.5,0.981935,0.811563,198.538141,521.304513
31.51,0.981935,0.811563,198.538127,521.304482
31.52,0.981935,0.811563,198.538113,521.304452
31.53,0.981935,0.811563,198.538098,521.304422
31.54,0.981935,0.811563,198.538084,521.304391
31.55,0.981935,0.811562,198.53807,521.304361
31.56,0.981935,0.811562,198.538056,521.30433
31.57,0.981935,0.811562,198.538042,521.3043
31.58,0.981935,0.811562,198.538027,521.30427
31.59,0.981935,0.811562,198.538013,521.304239
31.6,0.981935,0.811562,198.537999,521.304209
31.61,0.981935,0.811562,198.537985,521.304179
31.62,0.981935,0.811562,198.537971,521.304149
31.63,0.981935,0.811562,198.537957,521.304118
31.64,0.981935,0.811562,198.537942,521.304088
31.65,0.981935,0.811562,198.537928,521.304058
31.66,0.981935,0.811562,198.537914,521.304028
31.67,0.981935,0.811562,198.5379,521.303998
31.68,0.981935,0.811562,198.537886,521.303968
31.69,0.981935,0.811562,198.537872,521.303937
31.7,0.981935,0.811562,198.537858,521.303907
31.71,0.981935,0.811562,198.537843,521.303877
31.72,0.981935,0.811562,198.537829,521.303847
31.73,0.981935,0.811562,198.537815,521.303817
31.74,0.981935,0.811561,198.537801,521.303787
31.75,0.981935,0.811561,198.537787,521.303757
31.76,0.981935,0.811561,198.537773,521.303727
31.77,0.981935,0.811561,198.537759,521.303697
31.78,0.981935,0.811561,198.537745,521.303667
31.79,0.981935,0.811561,198.53773,521.303637
31.8,0.981935,0.811561,198.537716,521.303607
31.81,0.981935,0.811561,198.537702,521.303577
31.82,0.981935,0.811561,198.537688,521.303547
31.83,0.981935,0.811561,198.537674,521.303517
31.84,0.981935,0.811561,198.53766,521.303487
31.85,0.981935,0.811561,198.537646,521.303457
31.86,0.981935,0.811561,198.537632,521.303427
31.87,0.981935,0.811561,198.537618,521.303397
31.88,0.981935,0.811561,198.537603,521.303367
31.89,0.981935,0.811561,198.537589,521.303337
31.9,0.981935,0.811561,198.537575,521.303307
31.91,0.981935,0.811561,198.537561,521.303278
31.92,0.981935,0.811561,198.537547,521.303248
31.93,0.981935,0.811561,198.537533,521.303218
31.94,0.981935,0.81156,198.537519,521.303188
31.95,0.981935,0.81156,198.537505,521.303158
31.96,0.981935,0.81156,198.537491,521.303128
31.97,0.981935,0.81156,198.537477,521.303098
31.98,0.981935,0.81156,198.537463,521.303068
31.99,0.981935,0.81156,198.537448,521.303038
32,0.981935,0.81156,198.537434,521.303009
32.01,0.981935,0.81156,198.53742,521.302979
32.02,0.981935,0.81156,198.537406,521.302949
32.03,0.981935,0.81156,198.537392,521.302919
32.04,0.981935,0.81156,198.537378,521.302889
32.05,0.981935,0.81156,198.537364,521.302859
32.06,0.981935,0.81156,198.53735,521.302829
32.07,0.981935,0.81156,198.537336,521.302799
32.08,0.981935,0.81156,198.537322,521.30277
32.09,0.981935,0.81156,198.537308,521.30274
32.1,0.981935,0.81156,198.537294,521.30271
32.11,0.981935,0.81156,198.53728,521.30268
32.12,0.981935,0.81156,198.537266,521.30265
32.13,0.981935,0.811559,198.537252,521.30262
32.14,0.981935,0.811559,198.537238,521.30259
32.15,0.981935,0.811559,198.537224,521.302561
32.16,0.981935,0.811559,198.53721,521.302531
32.17,0.981935,0.811559,198.537196,521.302501
32.18,0.981935,0.811559,198.537182,521.302471
32.19,0.981935,0.811559,198.537167,521.302441
32.2,0.981935,0.811559,198.537153,521.302411
32.21,0.981935,0.811559,198.537139,521.302382
32.22,0.981935,0.811559,198.537125,521.302352
32.23,0.981935,0.811559,198.537111,521.302322
32.24,0.981935,0.811559,198.537097,521.302292
32.25,0.981935,0.811559,198.537083,521.302262
32.26,0.981935,0.811559,198.537069,521.302233
32.27,0.981935,0.811559,198.537055,521.302203
32.28,0.981935,0.811559,198.537041,521.302173
32.29,0.981935,0.811559,198.537027,521.302143
32.3,0.981935,0.811559,198.537013,521.302114
32.31,0.981935,0.811559,198.536999,521.302084
32.32,0.981935,0.811559,198.536986,521.302054
32.33,0.981935,0.811558,198.536972,521.302024
32.34,0.981935,0.811558,198.536958,521.301995
32.35,0.981935,0.811558,198.536944,521.301965
32.36,0.981935,0.811558,198.53693,521.301935
32.37,0.981935,0.811558,198.536916,521.301906
32.38,0.981935,0.811558,198.536902,521.301876
32.39,0.981935,0.811558,198.536888,521.301846
32.4,0.981935,0.811558,198.536874,521.301817
32.41,0.981935,0.811558,198.53686,521.301787
32.42,0.981935,0.811558,198.536846,521.301758
32.43,0.981935,0.811558,198.536832,521.301728
32.44,0.981935,0.811558,198.536818,521.301698
32.45,0.981935,0.811558,198.536804,521.301669
32.46,0.981935,0.811558,198.53679,521.301639
32.47,0.981935,0.811558,198.536776,521.30161
32.48,0.981935,0.811558,198.536762,521.30158
32.49,0.981935,0.811558,198.536748,521.301551
32.5,0.981935,0.811558,198.536734,521.301521
32.51,0.981935,0.811558,198.53672,521.301492
32.52,0.981935,0.811558,198.536706,521.301462
32.53,0.981935,0.811557,198.536693,521.301433
32.54,0.981935,0.811557,198.536679,521.301404
32.55,0.981935,0.811557,198.536665,521.301374
32.56,0.981935,0.811557,198.536651,521.301345
32.57,0.981935,0.811557,198.536637,521.301315
32.58,0.981935,0.811557,198.536623,521.301286
32.59,0.981935,0.811557,198.536609,521.301257
32.6,0.981935,0.811557,198.536595,521.301227
32.61,0.981935,0.811557,198.536581,521.301198
32.62,0.981935,0.811557,198.536567,521.301169
32.63,0.981935,0.811557,198.536553,521.301139
32.64,0.981935,0.811557,198.536539,521.30111
32.65,0.981935,0.811557,198.536525,521.301081
32.66,0.981935,0.811557,198.536511,521.301051
32.67,0.981935,0.811557,198.536498,521.301022
32.68,0.981935,0.811557,198.536484,521.300993
32.69,0.981935,0.811557,198.53647,521.300963
32.7,0.981935,0.811557,198.536456,521.300934
32.71,0.981935,0.811557,198.536442,521.300905
32.72,0.981936,0.811557,198.536428,521.300876
32.73,0.981936,0.811556,198.536414,521.300846
32.74,0.981936,0.811556,198.5364,521.300817
32.75,0.981936,0.811556,198.536386,521.300788
32.76,0.981936,0.811556,198.536372,521.300759
32.77,0.981936,0.811556,198.536358,521.300729
32.78,0.981936,0.811556,198.536344,521.3007
32.79,0.981936,0.811556,198.53633,521.300671
32.8,0.981936,0.811556,198.536316,521.300641
32.81,0.981936,0.811556,198.536303,521.300612
32.82,0.981936,0.811556,198.536289,521.300583
32.83,0.981936,0.811556,198.536275,521.300554
32.84,0.981936,0.811556,198.536261,521.300524
32.85,0.981936,0.811556,198.536247,521.300495
32.86,0.981936,0.811556,198.536233,521.300466
32.87,0.981936,0.811556,198.536219,521.300437
32.88,0.981936,0.811556,198.536205,521.300407
32.89,0.981936,0.811556,198.536191,521.300378
32.9,0.981936,0.811556,198.536177,521.300349
32.91,0.981936,0.811556,198.536163,521.300319
32.92,0.981936,0.811556,198.536149,521.30029
32.93,0.981936,0.811555,198.536135,521.300261
32.94,0.981936,0.811555,198.536121,521.300232
32.95,0.981936,0.811555,198.536107,521.300202
32.96,0.981936,0.811555,198.536094,521.300173
32.97,0.981936,0.811555,198.53608,521.300144
32.98,0.981936,0.811555,198.536066,521.300114
32.99,0.981936,0.811555,198.536052,521.300085
33,0.981936,0.811555,198.536038,521.300056
33.01,0.981936,0.811555,198.536024,521.300026
33.02,0.981936,0.811555,198.53601,521.299997
33.03,0.981936,0.811555,198.535996,521.299968
33.04,0.981936,0.811555,198.535982,521.299938
33.05,0.981936,0.811555,198.535968,521.299909
33.06,0.981936,0.811555,198.535954,521.29988
33.07,0.981936,0.811555,198.53594,521.29985
33.08,0.981936,0.811555,198.535926,521.299821
33.09,0.981936,0.811555,198.535912,521.299792
33.1,0.981936,0.811555,198.535899,521.299762
33.11,0.981936,0.811555,198.535885,521.299733
33.12,0.981936,0.811555,198.535871,521.299704
33.13,0.981936,0.811554,198.535857,521.299675
33.14,0.981936,0.811554,198.535843,521.299645
33.15,0.981936,0.811554,198.535829,521.299616
33.16,0.981936,0.811554,198.535815,521.299587
33.17,0.981936,0.811554,198.535801,521.299557
33.18,0.981936,0.811554,198.535787,521.299528
33.19,0.981936,0.811554,198.535773,521.299499
33.2,0.981936,0.811554,198.53576,521.299469
33.21,0.981936,0.811554,198.535746,521.29944
33.22,0.981936,0.811554,198.535732,521.299411
33.23,0.981936,0.811554,198.535718,521.299382
33.24,0.981936,0.811554,198.535704,521.299352
33.25,0.981936,0.811554,198.53569,521.299323
33.26,0.981936,0.811554,198.535676,521.299294
33.27,0.981936,0.811554,198.535662,521.299265
33.28,0.981936,0.811554,198.535649,521.299235
33.29,0.981936,0.811554,198.535635,521.299206
33.3,0.981936,0.811554,198.535621,521.299177
33.31,0.981936,0.811554,198.535607,521.299148
33.32,0.981936,0.811554,198.535593,521.299119
33.33,0.981936,0.811553,198.535579,521.29909
33.34,0.981936,0.811553,198.535565,521.29906
33.35,0.981936,0.811553,198.535552,521.299031
33.36,0.981936,0.811553,198.535538,521.299002
33.37,0.981936,0.811553,198.535524,521.298973
33.38,0.981936,0.811553,198.53551,521.298944
33.39,0.981936,0.811553,198.535496,521.298915
33.4,0.981936,0.811553,198.535482,521.298886
33.41,0.981936,0.811553,198.535469,521.298857
33.42,0.981936,0.811553,198.535455,521.298828
33.43,0.981936,0.811553,198.535441,521.298799
33.44,0.981936,0.811553,198.535427,521.29877
33.45,0.981936,0.811553,198.535413,521.298741
33.46,0.981936,0.811553,198.5354,521.298712
33.47,0.981936,0.811553,198.535386,521.298683
33.48,0.981936,0.811553,198.535372,521.298654
33.49,0.981936,0.811553,198.535358,521.298625
33.5,0.981936,0.811553,198.535344,521.298596
33.51,0.981936,0.811553,198.535331,521.298567
33.52,0.981936,0.811553,198.535317,521.298538
33.53,0.981936,0.811553,198.535303,521.29851
33.54,0.981936,0.811552,198.535289,521.298481
33.55,0.981936,0.811552,198.535276,521.298452
33.56,0.981936,0.811552,198.535262,521.298423
33.57,0.981936,0.811552,198.535248,521.298394
33.58,0.981936,0.811552,198.535234,521.298365
33.59,0.981936,0.811552,198.53522,521.298337
33.6,0.981936,0.811552,198.535207,521.298308
33.61,0.981936,0.811552,198.535193,521.298279
33.62,0.981936,0.811552,198.535179,521.29825
33.63,0.981936,0.811552,198.535165,521.298221
33.64,0.981936,0.811552,198.535152,521.298193
33.65,0.981936,0.811552,198.535138,521.298164
33.66,0.981936,0.811552,198.535124,521.298135
33.67,0.981936,0.811552,198.53511,521.298107
33.68,0.981936,0.811552,198.535097,521.298078
33.69,0.981936,0.811552,198.535083,521.298049
33.7,0.981936,0.811552,198.535069,521.29802
33.71,0.981936,0.811552,198.535056,521.297992
33.72,0.981936,0.811552,198.535042,521.297963
33.73,0.981936,0.811552,198.535028,521.297934
33.74,0.981936,0.811551,198.535014,521.297906
33.75,0.981936,0.811551,198.535001,521.297877
33.76,0.981936,0.811551,198.534987,521.297848
33.77,0.981936,0.811551,198.534973,521.29782
33.78,0.981936,0.811551,198.53496,521.297791
33.79,0.981936,0.811551,198.534946,521.297762
33.8,0.981936,0.811551,198.534932,521.297734
33.81,0.981936,0.811551,198.534918,521.297705
33.82,0.981936,0.811551,198.534905,521.297676
33.83,0.981936,0.811551,198.534891,521.297648
33.84,0.981936,0.811551,198.534877,521.297619
33.85,0.981936,0.811551,198.534864,521.29759
33.86,0.981936,0.811551,198.53485,521.297562
33.87,0.981936,0.811551,198.534836,521.297533
33.88,0.981936,0.811551,198.534823,521.297504
33.89,0.981936,0.811551,198.534809,521.297476
33.9,0.981936,0.811551,198.534795,521.297447
33.91,0.981936,0.811551,198.534782,521.297419
33.92,0.981936,0.811551,198.534768,521.29739
33.93,0.981936,0.811551,198.534754,521.297361
33.94,0.981936,0.811551,198.534741,521.297333
33.95,0.981936,0.81155,198.534727,521.297304
33.96,0.981936,0.81155,198.534713,521.297275
33.97,0.981936,0.81155,198.5347,521.297247
33.98,0.981936,0.81155,198.534686,521.297218
33.99,0.981936,0.81155,198.534672,521.29719
34,0.981936,0.81155,198.534659,521.297161
34.01,0.981936,0.81155,198.534645,521.297132
34.02,0.981936,0.81155,198.534631,521.297104
34.03,0.981936,0.81155,198.534618,521.297075
34.04,0.981936,0.81155,198.534604,521.297047
34.05,0.981936,0.81155,198.53459,521.297018
34.06,0.981936,0.81155,198.534577,521.29699
34.07,0.981936,0.81155,198.534563,521.296961
34.08,0.981936,0.81155,198.53455,521.296932
34.09,0.981936,0.81155,198.534536,521.296904
34.1,0.981936,0.81155,198.534522,521.296875
34.11,0.981936,0.81155,198.534509,521.296847
34.12,0.981936,0.81155,198.534495,521.296818
34.13,0.981936,0.81155,198.534482,521.29679
34.14,0.981936,0.81155,198.534468,521.296761
34.15,0.981936,0.811549,198.534454,521.296733
34.16,0.981936,0.811549,198.534441,521.296704
34.17,0.981936,0.811549,198.534427,521.296676
34.18,0.981936,0.811549,198.534414,521.296647
34.19,0.981936,0.811549,198.5344,521.296619
34.2,0.981936,0.811549,198.534386,521.29659
34.21,0.981936,0.811549,198.534373,521.296562
34.22,0.981936,0.811549,198.534359,521.296533
34.23,0.981936,0.811549,198.534346,521.296505
34.24,0.981936,0.811549,198.534332,521.296477
34.25,0.981936,0.811549,198.534319,521.296448
34.26,0.981936,0.811549,198.534305,521.29642
34.27,0.981936,0.811549,198.534291,521.296391
34.28,0.981936,0.811549,198.534278,521.296363
34.29,0.981936,0.811549,198.534264,521.296335
34.3,0.981936,0.811549,198.534251,521.296306
34.31,0.981936,0.811549,198.534237,521.296278
34.32,0.981936,0.811549,198.534224,521.296249
34.33,0.981936,0.811549,198.53421,521.296221
34.34,0.981936,0.811549,198.534197,521.296193
34.35,0.981936,0.811549,198.534183,521.296164
34.36,0.981936,0.811548,198.53417,521.296136
34.37,0.981936,0.811548,198.534156,521.296108
34.38,0.981936,0.811548,198.534143,521.296079
34.39,0.981936,0.811548,198.534129,521.296051
34.4,0.981936,0.811548,198.534115,521.296023
34.41,0.981936,0.811548,198.534102,521.295995
34.42,0.981936,0.811548,198.534088,521.295966
34.43,0.981936,0.811548,198.534075,521.295938
34.44,0.981936,0.811548,198.534061,521.29591
34.45,0.981936,0.811548,198.534048,521.295882
34.46,0.981936,0.811548,198.534034,521.295853
34.47,0.981936,0.811548,198.534021,521.295825
34.48,0.981936,0.811548,198.534007,521.295797
34.49,0.981936,0.811548,198.533994,521.295769
34.5,0.981936,0.811548,198.53398,521.29574
34.51,0.981936,0.811548,198.533967,521.295712
34.52,0.981936,0.811548,198.533953,521.295684
34.53,0.981936,0.811548,198.53394,521.295656
34.54,0.981936,0.811548,198.533927,521.295628
34.55,0.981936,0.811548,198.533913,521.295599
34.56,0.981936,0.811548,198.5339,521.295571
34.57,0.981936,0.811547,198.533886,521.295543
34.58,0.981936,0.811547,198.533873,521.295515
34.59,0.981936,0.811547,198.533859,521.295487
34.6,0.981936,0.811547,198.533846,521.295458
34.61,0.981936,0.811547,198.533832,521.29543
34.62,0.981936,0.811547,198.533819,521.295402
34.63,0.981936,0.811547,198.533805,521.295374
34.64,0.981936,0.811547,198.533792,521.295346
34.65,0.981936,0.811547,198.533778,521.295318
34.66,0.981936,0.811547,198.533765,521.295289
34.67,0.981936,0.811547,198.533752,521.295261
34.68,0.981936,0.811547,198.533738,521.295233
34.69,0.981936,0.811547,198.533725,521.295205
34.7,0.981936,0.811547,198.533711,521.295177
34.71,0.981936,0.811547,198.533698,521.295149
34.72,0.981936,0.811547,198.533684,521.295121
34.73,0.981936,0.811547,198.533671,521.295092
34.74,0.981936,0.811547,198.533658,521.295064
34.75,0.981936,0.811547,198.533644,521.295036
34.76,0.981936,0.811547,198.533631,521.295008
34.77,0.981936,0.811547,198.533617,521.29498
34.78,0.981936,0.811546,198.533604,521.294952
34.79,0.981936,0.811546,198.533591,521.294924
34.8,0.981936,0.811546,198.533577,521.294895
34.81,0.981936,0.811546,198.533564,521.294867
34.82,0.981936,0.811546,198.53355,521.294839
34.83,0.981936,0.811546,198.533537,521.294811
34.84,0.981936,0.811546,198.533524,521.294783
34.85,0.981936,0.811546,198.53351,521.294755
34.86,0.981936,0.811546,198.533497,521.294727
34.87,0.981936,0.811546,198.533484,521.294699
34.88,0.981936,0.811546,198.53347,521.294671
34.89,0.981936,0.811546,198.533457,521.294642
34.9,0.981936,0.811546,198.533443,521.294614
34.91,0.981936,0.811546,198.53343,521.294586
34.92,0.981936,0.811546,198.533417,521.294558
34.93,0.981936,0.811546,198.533403,521.29453
34.94,0.981936,0.811546,198.53339,521.294502
34.95,0.981936,0.811546,198.533377,521.294474
34.96,0.981936,0.811546,198.533363,521.294446
34.97,0.981936,0.811546,198.53335,521.294418
34.98,0.981936,0.811546,198.533337,521.29439
34.99,0.981936,0.811545,198.533324,521.294362
35,0.981936,0.811545,198.53331,521.294334
35.01,0.981936,0.811545,198.533297,521.294306
35.02,0.981936,0.811545,198.533284,521.294278
35.03,0.981936,0.811545,198.53327,521.29425
35.04,0.981936,0.811545,198.533257,521.294222
35.05,0.981936,0.811545,198.533244,521.294194
35.06,0.981936,0.811545,198.533231,521.294166
35.07,0.981936,0.811545,198.533217,521.294138
35.08,0.981936,0.811545,198.533204,521.29411
35.09,0.981936,0.811545,198.533191,521.294082
35.1,0.981936,0.811545,198.533178,521.294054
35.11,0.981936,0.811545,198.533164,521.294026
35.12,0.981936,0.811545,198.533151,521.293998
35.13,0.981936,0.811545,198.533138,521.293971
35.14,0.981936,0.811545,198.533125,521.293943
35.15,0.981936,0.811545,198.533111,521.293915
35.16,0.981936,0.811545,198.533098,521.293887
35.17,0.981936,0.811545,198.533085,521.293859
35.18,0.981936,0.811545,198.533072,521.293831
35.19,0.981936,0.811545,198.533059,521.293803
35.2,0.981936,0.811544,198.533045,521.293776
35.21,0.981936,0.811544,198.533032,521.293748
35.22,0.981936,0.811544,198.533019,521.29372
35.23,0.981936,0.811544,198.533006,521.293692
35.24,0.981936,0.811544,198.532993,521.293665
35.25,0.981936,0.811544,198.53298,521.293637
35.26,0.981936,0.811544,198.532966,521.293609
35.27,0.981936,0.811544,198.532953,521.293581
35.28,0.981936,0.811544,198.53294,521.293554
35.29,0.981936,0.811544,198.532927,521.293526
35.3,0.981936,0.811544,198.532914,521.293498
35.31,0.981936,0.811544,198.532901,521.293471
35.32,0.981936,0.811544,198.532888,521.293443
35.33,0.981936,0.811544,198.532874,521.293415
35.34,0.981936,0.811544,198.532861,521.293388
35.35,0.981936,0.811544,198.532848,521.29336
35.36,0.981936,0.811544,198.532835,521.293332
35.37,0.981936,0.811544,198.532822,521.293305
35.38,0.981936,0.811544,198.532809,521.293277
35.39,0.981936,0.811544,198.532796,521.293249
35.4,0.981936,0.811544,198.532783,521.293222
35.41,0.981936,0.811544,198.53277,521.293194
35.42,0.981936,0.811543,198.532756,521.293167
35.43,0.981936,0.811543,198.532743,521.293139
35.44,0.981936,0.811543,198.53273,521.293111
35.45,0.981936,0.811543,198.532717,521.293084
35.46,0.981936,0.811543,198.532704,521.293056
35.47,0.981936,0.811543,198.532691,521.293029
35.48,0.981936,0.811543,198.532678,521.293001
35.49,0.981936,0.811543,198.532665,521.292974
35.5,0.981936,0.811543,198.532652,521.292946
35.51,0.981936,0.811543,198.532639,521.292919
35.52,0.981936,0.811543,198.532626,521.292891
35.53,0.981936,0.811543,198.532613,521.292864
35.54,0.981936,0.811543,198.5326,521.292836
35.55,0.981936,0.811543,198.532587,521.292809
35.56,0.981936,0.811543,198.532574,521.292781
35.57,0.981936,0.811543,198.532561,521.292754
35.58,0.981936,0.811543,198.532548,521.292726
35.59,0.981936,0.811543,198.532535,521.292699
35.6,0.981936,0.811543,198.532522,521.292671
35.61,0.981936,0.811543,198.532509,521.292644
35.62,0.981936,0.811543,198.532496,521.292616
35.63,0.981936,0.811542,198.532483,521.292589
35.64,0.981936,0.811542,198.53247,521.292561
35.65,0.981936,0.811542,198.532457,521.292534
35.66,0.981936,0.811542,198.532444,521.292506
35.67,0.981936,0.811542,198.532431,521.292479
35.68,0.981936,0.811542,198.532418,521.292451
35.69,0.981936,0.811542,198.532405,521.292424
35.7,0.981936,0.811542,198.532392,521.292397
35.71,0.981936,0.811542,198.532379,521.292369
35.72,0.981936,0.811542,198.532366,521.292342
35.73,0.981936,0.811542,198.532353,521.292314
35.74,0.981936,0.811542,198.53234,521.292287
35.75,0.981936,0.811542,198.532327,521.292259
35.76,0.981936,0.811542,198.532314,521.292232
35.77,0.981936,0.811542,198.532301,521.292205
35.78,0.981936,0.811542,198.532288,521.292177
35.79,0.981936,0.811542,198.532275,521.29215
35.8,0.981936,0.811542,198.532263,521.292122
35.81,0.981936,0.811542,198.53225,521.292095
35.82,0.981936,0.811542,198.532237,521.292067
35.83,0.981936,0.811542,198.532224,521.29204
35.84,0.981936,0.811542,198.532211,521.292013
35.85,0.981936,0.811541,198.532198,521.291985
35.86,0.981936,0.811541,198.532185,521.291958
35.87,0.981936,0.811541,198.532172,521.291931
35.88,0.981936,0.811541,198.532159,521.291903
35.89,0.981936,0.811541,198.532146,521.291876
35.9,0.981936,0.811541,198.532134,521.291848
35.91,0.981936,0.811541,198.532121,521.291821
35.92,0.981936,0.811541,198.532108,521.291794
35.93,0.981936,0.811541,198.532095,521.291766
35.94,0.981936,0.811541,198.532082,521.291739
35.95,0.981936,0.811541,198.532069,521.291712
35.96,0.981936,0.811541,198.532056,521.291684
35.97,0.981936,0.811541,198.532044,521.291657
35.98,0.981937,0.811541,198.532031,521.29163
35.99,0.981937,0.811541,198.532018,521.291602
36,0.981937,0.811541,198.532005,521.291575
36.01,0.981937,0.811541,198.531992,521.291548
36.02,0.981937,0.811541,198.531979,521.291521
36.03,0.981937,0.811541,198.531967,521.291493
36.04,0.981937,0.811541,198.531954,521.291466
36.05,0.981937,0.811541,198.531941,521.291439
36.06,0.981937,0.81154,198.531928,521.291412
36.07,0.981937,0.81154,198.531915,521.291384
36.08,0.981937,0.81154,198.531903,521.291357
36.09,0.981937,0.81154,198.53189,521.29133
36.1,0.981937,0.81154,198.531877,521.291303
36.11,0.981937,0.81154,198.531864,521.291275
36.12,0.981937,0.81154,198.531852,521.291248
36.13,0.981937,0.81154,198.531839,521.291221
36.14,0.981937,0.81154,198.531826,521.291194
36.15,0.981937,0.81154,198.531813,521.291167
36.16,0.981937,0.81154,198.531801,521.29114
36.17,0.981937,0.81154,198.531788,521.291112
36.18,0.981937,0.81154,198.531775,521.291085
36.19,0.981937,0.81154,198.531762,521.291058
36.2,0.981937,0.81154,198.53175,521.291031
36.21,0.981937,0.81154,198.531737,521.291004
36.22,0.981937,0.81154,198.531724,521.290977
36.23,0.981937,0.81154,198.531711,521.29095
36.24,0.981937,0.81154,198.531699,521.290922
36.25,0.981937,0.81154,198.531686,521.290895
36.26,0.981937,0.81154,198.531673,521.290868
36.27,0.981937,0.81154,198.531661,521.290841
36.28,0.981937,0.811539,198.531648,521.290814
36.29,0.981937,0.811539,198.531635,521.290787
36.3,0.981937,0.811539,198.531623,521.29076
36.31,0.981937,0.811539,198.53161,521.290733
36.32,0.981937,0.811539,198.531597,521.290706
36.33,0.981937,0.811539,198.531585,521.290679
36.34,0.981937,0.811539,198.531572,521.290652
36.35,0.981937,0.811539,198.531559,521.290625
36.36,0.981937,0.811539,198.531547,521.290598
36.37,0.981937,0.811539,198.531534,521.290571
36.38,0.981937,0.811539,198.531521,521.290544
36.39,0.981937,0.811539,198.531509,521.290517
36.4,0.981937,0.811539,198.531496,521.29049
36.41,0.981937,0.811539,198.531483,521.290463
36.42,0.981937,0.811539,198.531471,521.290436
36.43,0.981937,0.811539,198.531458,521.290409
36.44,0.981937,0.811539,198.531445,521.290382
36.45,0.981937,0.811539,198.531433,521.290355
36.46,0.981937,0.811539,198.53142,521.290328
36.47,0.981937,0.811539,198.531408,521.290301
36.48,0.981937,0.811539,198.531395,521.290274
36.49,0.981937,0.811539,198.531382,521.290247
36.5,0.981937,0.811538,198.53137,521.29022
36.51,0.981937,0.811538,198.531357,521.290193
36.52,0.981937,0.811538,198.531345,521.290166
36.53,0.981937,0.811538,198.531332,521.290139
36.54,0.981937,0.811538,198.53132,521.290112
36.55,0.981937,0.811538,198.531307,521.290085
36.56,0.981937,0.811538,198.531294,521.290058
36.57,0.981937,0.811538,198.531282,521.290032
36.58,0.981937,0.811538,198.531269,521.290005
36.59,0.981937,0.811538,198.531257,521.289978
36.6,0.981937,0.811538,198.531244,521.289951
36.61,0.981937,0.811538,198.531232,521.289924
36.62,0.981937,0.811538,198.531219,521.289897
36.63,0.981937,0.811538,198.531207,521.28987
36.64,0.981937,0.811538,198.531194,521.289843
36.65,0.981937,0.811538,198.531182,521.289817
36.66,0.981937,0.811538,198.531169,521.28979
36.67,0.981937,0.811538,198.531157,521.289763
36.68,0.981937,0.811538,198.531144,521.289736
36.69,0.981937,0.811538,198.531132,521.289709
36.7,0.981937,0.811538,198.531119,521.289682
36.71,0.981937,0.811538,198.531107,521.289655
36.72,0.981937,0.811537,198.531094,521.289629
36.73,0.981937,0.811537,198.531082,521.289602
36.74,0.981937,0.811537,198.531069,521.289575
36.75,0.981937,0.811537,198.531057,521.289548
36.76,0.981937,0.811537,198.531044,521.289521
36.77,0.981937,0.811537,198.531032,521.289495
36.78,0.981937,0.811537,198.531019,521.289468
36.79,0.981937,0.811537,198.531007,521.289441
36.8,0.981937,0.811537,198.530995,521.289414
36.81,0.981937,0.811537,198.530982,521.289388
36.82,0.981937,0.811537,198.53097,521.289361
36.83,0.981937,0.811537,198.530957,521.289334
36.84,0.981937,0.811537,198.530945,521.289307
36.85,0.981937,0.811537,198.530932,521.289281
36.86,0.981937,0.811537,198.53092,521.289254
36.87,0.981937,0.811537,198.530908,521.289227
36.88,0.981937,0.811537,198.530895,521.289201
36.89,0.981937,0.811537,198.530883,521.289174
36.9,0.981937,0.811537,198.53087,521.289147
36.91,0.981937,0.811537,198.530858,521.289121
36.92,0.981937,0.811537,198.530846,521.289094
36.93,0.981937,0.811537,198.530833,521.289067
36.94,0.981937,0.811536,198.530821,521.289041
36.95,0.981937,0.811536,198.530809,521.289014
36.96,0.981937,0.811536,198.530796,521.288987
36.97,0.981937,0.811536,198.530784,521.288961
36.98,0.981937,0.811536,198.530772,521.288934
36.99,0.981937,0.811536,198.530759,521.288907
37,0.981937,0.811536,198.530747,521.288881
37.01,0.981937,0.811536,198.530735,521.288854
37.02,0.981937,0.811536,198.530722,521.288828
37.03,0.981937,0.811536,198.53071,521.288801
37.04,0.981937,0.811536,198.530698,521.288775
37.05,0.981937,0.811536,198.530685,521.288748
37.06,0.981937,0.811536,198.530673,521.288722
37.07,0.981937,0.811536,198.530661,521.288695
37.08,0.981937,0.811536,198.530648,521.288668
37.09,0.981937,0.811536,198.530636,521.288642
37.1,0.981937,0.811536,198.530624,521.288615
37.11,0.981937,0.811536,198.530611,521.288589
37.12,0.981937,0.811536,198.530599,521.288562
37.13,0.981937,0.811536,198.530587,521.288536
37.14,0.981937,0.811536,198.530575,521.288509
37.15,0.981937,0.811536,198.530562,521.288483
37.16,0.981937,0.811535,198.53055,521.288457
37.17,0.981937,0.811535,198.530538,521.28843
37.18,0.981937,0.811535,198.530526,521.288404
37.19,0.981937,0.811535,198.530513,521.288377
37.2,0.981937,0.811535,198.530501,521.288351
37.21,0.981937,0.811535,198.530489,521.288324
37.22,0.981937,0.811535,198.530477,521.288298
37.23,0.981937,0.811535,198.530464,521.288272
37.24,0.981937,0.811535,198.530452,521.288245
37.25,0.981937,0.811535,198.53044,521.288219
37.26,0.981937,0.811535,198.530428,521.288192
37.27,0.981937,0.811535,198.530416,521.288166
37.28,0.981937,0.811535,198.530403,521.28814
37.29,0.981937,0.811535,198.530391,521.288113
37.3,0.981937,0.811535,198.530379,521.288087
37.31,0.981937,0.811535,198.530367,521.288061
37.32,0.981937,0.811535,198.530355,521.288034
37.33,0.981937,0.811535,198.530342,521.288008
37.34,0.981937,0.811535,198.53033,521.287981
37.35,0.981937,0.811535,198.530318,521.287955
37.36,0.981937,0.811535,198.530306,521.287929
37.37,0.981937,0.811535,198.530294,521.287902
37.38,0.981937,0.811535,198.530281,521.287876
37.39,0.981937,0.811534,198.530269,521.28785
37.4,0.981937,0.811534,198.530257,521.287823
37.41,0.981937,0.811534,198.530245,521.287797
37.42,0.981937,0.811534,198.530233,521.287771
37.43,0.981937,0.811534,198.530221,521.287745
37.44,0.981937,0.811534,198.530209,521.287718
37.45,0.981937,0.811534,198.530196,521.287692
37.46,0.981937,0.811534,198.530184,521.287666
37.47,0.981937,0.811534,198.530172,521.287639
37.48,0.981937,0.811534,198.53016,521.287613
37.49,0.981937,0.811534,198.530148,521.287587
37.5,0.981937,0.811534,198.530136,521.287561
37.51,0.981937,0.811534,198.530124,521.287534
37.52,0.981937,0.811534,198.530111,521.287508
37.53,0.981937,0.811534,198.530099,521.287482
37.54,0.981937,0.811534,198.530087,521.287455
37.55,0.981937,0.811534,198.530075,521.287429
37.56,0.981937,0.811534,198.530063,521.287403
37.57,0.981937,0.811534,198.530051,521.287377
37.58,0.981937,0.811534,198.530039,521.28735
37.59,0.981937,0.811534,198.530027,521.287324
37.6,0.981937,0.811534,198.530015,521.287298
37.61,0.981937,0.811533,198.530003,521.287272
37.62,0.981937,0.811533,198.529991,521.287246
37.63,0.981937,0.811533,198.529979,521.287219
37.64,0.981937,0.811533,198.529966,521.287193
37.65,0.981937,0.811533,198.529954,521.287167
37.66,0.981937,0.811533,198.529942,521.287141
37.67,0.981937,0.811533,198.52993,521.287115
37.68,0.981937,0.811533,198.529918,521.287088
37.69,0.981937,0.811533,198.529906,521.287062
37.7,0.981937,0.811533,198.529894,521.287036
37.71,0.981937,0.811533,198.529882,521.28701
37.72,0.981937,0.811533,198.52987,521.286984
37.73,0.981937,0.811533,198.529858,521.286958
37.74,0.981937,0.811533,198.529846,521.286931
37.75,0.981937,0.811533,198.529834,521.286905
37.76,0.981937,0.811533,198.529822,521.286879
37.77,0.981937,0.811533,198.52981,521.286853
37.78,0.981937,0.811533,198.529798,521.286827
37.79,0.981937,0.811533,198.529786,521.286801
37.8,0.981937,0.811533,198.529774,521.286775
37.81,0.981937,0.811533,198.529762,521.286749
37.82,0.981937,0.811533,198.52975,521.286722
37.83,0.981937,0.811533,198.529738,521.286696
37.84,0.981937,0.811532,198.529726,521.28667
37.85,0.981937,0.811532,198.529714,521.286644
37.86,0.981937,0.811532,198.529702,521.286618
37.87,0.981937,0.811532,198.52969,521.286592
37.88,0.981937,0.811532,198.529678,521.286566
37.89,0.981937,0.811532,198.529666,521.28654
37.9,0.981937,0.811532,198.529654,521.286514
37.91,0.981937,0.811532,198.529642,521.286488
37.92,0.981937,0.811532,198.52963,521.286462
37.93,0.981937,0.811532,198.529618,521.286436
37.94,0.981937,0.811532,198.529607,521.28641
37.95,0.981937,0.811532,198.529595,521.286384
37.96,0.981937,0.811532,198.529583,521.286358
37.97,0.981937,0.811532,198.529571,521.286332
37.98,0.981937,0.811532,198.529559,521.286306
37.99,0.981937,0.811532,198.529547,521.28628
38,0.981937,0.811532,198.529535,521.286254
38.01,0.981937,0.811532,198.529523,521.286228
38.02,0.981937,0.811532,198.529511,521.286202
38.03,0.981937,0.811532,198.529499,521.286176
38.04,0.981937,0.811532,198.529487,521.28615
38.05,0.981937,0.811532,198.529476,521.286124
38.06,0.981937,0.811532,198.529464,521.286099
38.07,0.981937,0.811531,198.529452,521.286073
38.08,0.981937,0.811531,198.52944,521.286047
38.09,0.981937,0.811531,198.529428,521.286021
38.1,0.981937,0.811531,198.529416,521.285995
38.11,0.981937,0.811531,198.529404,521.285969
38.12,0.981937,0.811531,198.529392,521.285943
38.13,0.981937,0.811531,198.529381,521.285917
38.14,0.981937,0.811531,198.529369,521.285892
38.15,0.981937,0.811531,198.529357,521.285866
38.16,0.981937,0.811531,198.529345,521.28584
38.17,0.981937,0.811531,198.529333,521.285814
38.18,0.981937,0.811531,198.529321,521.285788
38.19,0.981937,0.811531,198.52931,521.285762
38.2,0.981937,0.811531,198.529298,521.285737
38.21,0.981937,0.811531,198.529286,521.285711
38.22,0.981937,0.811531,198.529274,521.285685
38.23,0.981937,0.811531,198.529262,521.285659
38.24,0.981937,0.811531,198.52925,521.285633
38.25,0.981937,0.811531,198.529239,521.285608
38.26,0.981937,0.811531,198.529227,521.285582
38.27,0.981937,0.811531,198.529215,521.285556
38.28,0.981937,0.811531,198.529203,521.28553
38.29,0.981937,0.811531,198.529191,521.285505
38.3,0.981937,0.81153,198.52918,521.285479
38.31,0.981937,0.81153,198.529168,521.285453
38.32,0.981937,0.81153,198.529156,521.285427
38.33,0.981937,0.81153,198.529144,521.285402
38.34,0.981937,0.81153,198.529132,521.285376
38.35,0.981937,0.81153,198.529121,521.28535
38.36,0.981937,0.81153,198.529109,521.285324
38.37,0.981937,0.81153,198.529097,521.285299
38.38,0.981937,0.81153,198.529085,521.285273
38.39,0.981937,0.81153,198.529074,521.285247
38.4,0.981937,0.81153,198.529062,521.285222
38.41,0.981937,0.81153,198.52905,521.285196
38.42,0.981937,0.81153,198.529038,521.28517
38.43,0.981937,0.81153,198.529027,521.285145
38.44,0.981937,0.81153,198.529015,521.285119
38.45,0.981937,0.81153,198.529003,521.285093
38.46,0.981937,0.81153,198.528992,521.285068
38.47,0.981937,0.81153,198.52898,521.285042
38.48,0.981937,0.81153,198.528968,521.285016
38.49,0.981937,0.81153,198.528956,521.284991
38.5,0.981937,0.81153,198.528945,521.284965
38.51,0.981937,0.81153,198.528933,521.284939
38.52,0.981937,0.81153,198.528921,521.284914
38.53,0.981937,0.811529,198.52891,521.284888
38.54,0.981937,0.811529,198.528898,521.284863
38.55,0.981937,0.811529,198.528886,521.284837
38.56,0.981937,0.811529,198.528874,521.284811
38.57,0.981937,0.811529,198.528863,521.284786
38.58,0.981937,0.811529,198.528851,521.28476
38.59,0.981937,0.811529,198.528839,521.284735
38.6,0.981937,0.811529,198.528828,521.284709
38.61,0.981937,0.811529,198.528816,521.284684
38.62,0.981937,0.811529,198.528804,521.284658
38.63,0.981937,0.811529,198.528793,521.284632
38.64,0.981937,0.811529,198.528781,521.284607
38.65,0.981937,0.811529,198.52877,521.284581
38.66,0.981937,0.811529,198.528758,521.284556
38.67,0.981937,0.811529,198.528746,521.28453
38.68,0.981937,0.811529,198.528735,521.284505
38.69,0.981937,0.811529,198.528723,521.284479
38.7,0.981937,0.811529,198.528711,521.284454
38.71,0.981937,0.811529,198.5287,521.284428
38.72,0.981937,0.811529,198.528688,521.284403
38.73,0.981937,0.811529,198.528676,521.284377
38.74,0.981937,0.811529,198.528665,521.284352
38.75,0.981937,0.811529,198.528653,521.284326
38.76,0.981937,0.811528,198.528642,521.284301
38.77,0.981937,0.811528,198.52863,521.284276
38.78,0.981937,0.811528,198.528618,521.28425
38.79,0.981937,0.811528,198.528607,521.284225
38.8,0.981937,0.811528,198.528595,521.284199
38.81,0.981937,0.811528,198.528584,521.284174
38.82,0.981937,0.811528,198.528572,521.284148
38.83,0.981937,0.811528,198.52856,521.284123
38.84,0.981937,0.811528,198.528549,521.284098
38.85,0.981937,0.811528,198.528537,521.284072
38.86,0.981937,0.811528,198.528526,521.284047
38.87,0.981937,0.811528,198.528514,521.284021
38.88,0.981937,0.811528,198.528503,521.283996
38.89,0.981937,0.811528,198.528491,521.283971
38.9,0.981937,0.811528,198.528479,521.283945
38.91,0.981937,0.811528,198.528468,521.28392
38.92,0.981937,0.811528,198.528456,521.283895
38.93,0.981937,0.811528,198.528445,521.283869
38.94,0.981937,0.811528,198.528433,521.283844
38.95,0.981937,0.811528,198.528422,521.283819
38.96,0.981937,0.811528,198.52841,521.283793
38.97,0.981937,0.811528,198.528399,521.283768
38.98,0.981937,0.811528,198.528387,521.283743
38.99,0.981937,0.811527,198.528376,521.283717
39,0.981937,0.811527,198.528364,521.283692
39.01,0.981937,0.811527,198.528353,521.283667
39.02,0.981937,0.811527,198.528341,521.283642
39.03,0.981937,0.811527,198.52833,521.283616
39.04,0.981937,0.811527,198.528318,521.283591
39.05,0.981937,0.811527,198.528307,521.283566
39.06,0.981937,0.811527,198.528295,521.283541
39.07,0.981937,0.811527,198.528283,521.283515
39.08,0.981937,0.811527,198.528272,521.28349
39.09,0.981937,0.811527,198.528261,521.283465
39.1,0.981937,0.811527,198.528249,521.28344
39.11,0.981937,0.811527,198.528238,521.283414
39.12,0.981937,0.811527,198.528226,521.283389
39.13,0.981937,0.811527,198.528215,521.283364
39.14,0.981937,0.811527,198.528203,521.283339
39.15,0.981937,0.811527,198.528192,521.283314
39.16,0.981937,0.811527,198.52818,521.283288
39.17,0.981937,0.811527,198.528169,521.283263
39.18,0.981937,0.811527,198.528157,521.283238
39.19,0.981937,0.811527,198.528146,521.283213
39.2,0.981937,0.811527,198.528134,521.283188
39.21,0.981937,0.811527,198.528123,521.283162
39.22,0.981937,0.811527,198.528111,521.283137
39.23,0.981937,0.811526,198.5281,521.283112
39.24,0.981937,0.811526,198.528088,521.283087
39.25,0.981937,0.811526,198.528077,521.283062
39.26,0.981937,0.811526,198.528066,521.283037
39.27,0.981937,0.811526,198.528054,521.283012
39.28,0.981937,0.811526,198.528043,521.282986
39.29,0.981937,0.811526,198.528031,521.282961
39.3,0.981937,0.811526,198.52802,521.282936
39.31,0.981937,0.811526,198.528008,521.282911
39.32,0.981937,0.811526,198.527997,521.282886
39.33,0.981937,0.811526,198.527986,521.282861
39.34,0.981937,0.811526,198.527974,521.282836
39.35,0.981937,0.811526,198.527963,521.282811
39.36,0.981937,0.811526,198.527951,521.282786
39.37,0.981937,0.811526,198.52794,521.28276
39.38,0.981937,0.811526,198.527929,521.282735
39.39,0.981937,0.811526,198.527917,521.28271
39.4,0.981937,0.811526,198.527906,521.282685
39.41,0.981937,0.811526,198.527894,521.28266
39.42,0.981937,0.811526,198.527883,521.282635
39.43,0.981937,0.811526,198.527872,521.28261
39.44,0.981937,0.811526,198.52786,521.282585
39.45,0.981937,0.811526,198.527849,521.28256
39.46,0.981937,0.811525,198.527838,521.282535
39.47,0.981938,0.811525,198.527826,521.28251
39.48,0.981938,0.811525,198.527815,521.282485
39.49,0.981938,0.811525,198.527803,521.28246
39.5,0.981938,0.811525,198.527792,521.282435
39.51,0.981938,0.811525,198.527781,521.28241
39.52,0.981938,0.811525,198.527769,521.282385
39.53,0.981938,0.811525,198.527758,521.28236
39.54,0.981938,0.811525,198.527747,521.282335
39.55,0.981938,0.811525,198.527735,521.28231
39.56,0.981938,0.811525,198.527724,521.282285
39.57,0.981938,0.811525,198.527713,521.28226
39.58,0.981938,0.811525,198.527701,521.282235
39.59,0.981938,0.811525,198.52769,521.28221
39.6,0.981938,0.811525,198.527679,521.282185
39.61,0.981938,0.811525,198.527667,521.28216
39.62,0.981938,0.811525,198.527656,521.282135
39.63,0.981938,0.811525,198.527645,521.28211
39.64,0.981938,0.811525,198.527634,521.282085
39.65,0.981938,0.811525,198.527622,521.28206
39.66,0.981938,0.811525,198.527611,521.282036
39.67,0.981938,0.811525,198.5276,521.282011
39.68,0.981938,0.811525,198.527588,521.281986
39.69,0.981938,0.811525,198.527577,521.281961
39.7,0.981938,0.811524,198.527566,521.281936
39.71,0.981938,0.811524,198.527555,521.281911
39.72,0.981938,0.811524,198.527543,521.281886
39.73,0.981938,0.811524,198.527532,521.281861
39.74,0.981938,0.811524,198.527521,521.281837
39.75,0.981938,0.811524,198.527509,521.281812
39.76,0.981938,0.811524,198.527498,521.281787
39.77,0.981938,0.811524,198.527487,521.281762
39.78,0.981938,0.811524,198.527476,521.281737
39.79,0.981938,0.811524,198.527464,521.281712
39.8,0.981938,0.811524,198.527453,521.281688
39.81,0.981938,0.811524,198.527442,521.281663
39.82,0.981938,0.811524,198.527431,521.281638
39.83,0.981938,0.811524,198.527419,521.281613
39.84,0.981938,0.811524,198.527408,521.281588
39.85,0.981938,0.811524,198.527397,521.281564
39.86,0.981938,0.811524,198.527386,521.281539
39.87,0.981938,0.811524,198.527375,521.281514
39.88,0.981938,0.811524,198.527363,521.281489
39.89,0.981938,0.811524,198.527352,521.281465
39.9,0.981938,0.811524,198.527341,521.28144
39.91,0.981938,0.811524,198.52733,521.281415
39.92,0.981938,0.811524,198.527318,521.281391
39.93,0.981938,0.811524,198.527307,521.281366
39.94,0.981938,0.811523,198.527296,521.281341
39.95,0.981938,0.811523,198.527285,521.281316
39.96,0.981938,0.811523,198.527274,521.281292
39.97,0.981938,0.811523,198.527262,521.281267
39.98,0.981938,0.811523,198.527251,521.281242
39.99,0.981938,0.811523,198.52724,521.281218
40,0.981938,0.811523,198.527229,521.281193
40.01,0.981938,0.811523,198.527218,521.281168
40.02,0.981938,0.811523,198.527207,521.281144
40.03,0.981938,0.811523,198.527195,521.281119
40.04,0.981938,0.811523,198.527184,521.281094
40.05,0.981938,0.811523,198.527173,521.28107
40.06,0.981938,0.811523,198.527162,521.281045
40.07,0.981938,0.811523,198.527151,521.281021
40.08,0.981938,0.811523,198.52714,521.280996
40.09,0.981938,0.811523,198.527128,521.280971
40.1,0.981938,0.811523,198.527117,521.280947
40.11,0.981938,0.811523,198.527106,521.280922
40.12,0.981938,0.811523,198.527095,521.280897
40.13,0.981938,0.811523,198.527084,521.280873
40.14,0.981938,0.811523,198.527073,521.280848
40.15,0.981938,0.811523,198.527062,521.280824
40.16,0.981938,0.811523,198.527051,521.280799
40.17,0.981938,0.811523,198.527039,521.280775
40.18,0.981938,0.811522,198.527028,521.28075
40.19,0.981938,0.811522,198.527017,521.280725
40.2,0.981938,0.811522,198.527006,521.280701
40.21,0.981938,0.811522,198.526995,521.280676
40.22,0.981938,0.811522,198.526984,521.280652
40.23,0.981938,0.811522,198.526973,521.280627
40.24,0.981938,0.811522,198.526962,521.280603
40.25,0.981938,0.811522,198.526951,521.280578
40.26,0.981938,0.811522,198.526939,521.280554
40.27,0.981938,0.811522,198.526928,521.280529
40.28,0.981938,0.811522,198.526917,521.280505
40.29,0.981938,0.811522,198.526906,521.28048
40.3,0.981938,0.811522,198.526895,521.280456
40.31,0.981938,0.811522,198.526884,521.280431
40.32,0.981938,0.811522,198.526873,521.280407
40.33,0.981938,0.811522,198.526862,521.280382
40.34,0.981938,0.811522,198.526851,521.280358
40.35,0.981938,0.811522,198.52684,521.280333
40.36,0.981938,0.811522,198.526829,521.280309
40.37,0.981938,0.811522,198.526818,521.280284
40.38,0.981938,0.811522,198.526807,521.28026
40.39,0.981938,0.811522,198.526796,521.280236
40.4,0.981938,0.811522,198.526784,521.280211
40.41,0.981938,0.811522,198.526773,521.280187
40.42,0.981938,0.811521,198.526762,521.280162
40.43,0.981938,0.811521,198.526751,521.280138
40.44,0.981938,0.811521,198.52674,521.280113
40.45,0.981938,0.811521,198.526729,521.280089
40.46,0.981938,0.811521,198.526718,521.280065
40.47,0.981938,0.811521,198.526707,521.28004
40.48,0.981938,0.811521,198.526696,521.280016
40.49,0.981938,0.811521,198.526685,521.279992
40.5,0.981938,0.811521,198.526674,521.279967
40.51,0.981938,0.811521,198.526663,521.279943
40.52,0.981938,0.811521,198.526652,521.279918
40.53,0.981938,0.811521,198.526641,521.279894
40.54,0.981938,0.811521,198.52663,521.27987
40.55,0.981938,0.811521,198.526619,521.279845
40.56,0.981938,0.811521,198.526608,521.279821
40.57,0.981938,0.811521,198.526597,521.279797
40.58,0.981938,0.811521,198.526586,521.279772
40.59,0.981938,0.811521,198.526575,521.279748
40.6,0.981938,0.811521,198.526564,521.279724
40.61,0.981938,0.811521,198.526553,521.279699
40.62,0.981938,0.811521,198.526542,521.279675
40.63,0.981938,0.811521,198.526531,521.279651
40.64,0.981938,0.811521,198.52652,521.279627
40.65,0.981938,0.811521,198.526509,521.279602
40.66,0.981938,0.811521,198.526498,521.279578
40.67,0.981938,0.81152,198.526488,521.279554
40.68,0.981938,0.81152,198.526477,521.27953
40.69,0.981938,0.81152,198.526466,521.279505
40.7,0.981938,0.81152,198.526455,521.279481
40.71,0.981938,0.81152,198.526444,521.279457
40.72,0.981938,0.81152,198.526433,521.279433
40.73,0.981938,0.81152,198.526422,521.279408
40.74,0.981938,0.81152,198.526411,521.279384
40.75,0.981938,0.81152,198.5264,521.27936
40.76,0.981938,0.81152,198.526389,521.279336
40.77,0.981938,0.81152,198.526378,521.279312
40.78,0.981938,0.81152,198.526367,521.279287
40.79,0.981938,0.81152,198.526356,521.279263
40.8,0.981938,0.81152,198.526345,521.279239
40.81,0.981938,0.81152,198.526334,521.279215
40.82,0.981938,0.81152,198.526324,521.279191
40.83,0.981938,0.81152,198.526313,521.279166
40.84,0.981938,0.81152,198.526302,521.279142
40.85,0.981938,0.81152,198.526291,521.279118
40.86,0.981938,0.81152,198.52628,521.279094
40.87,0.981938,0.81152,198.526269,521.27907
40.88,0.981938,0.81152,198.526258,521.279046
40.89,0.981938,0.81152,198.526247,521.279022
40.9,0.981938,0.81152,198.526236,521.278998
40.91,0.981938,0.811519,198.526226,521.278973
40.92,0.981938,0.811519,198.526215,521.278949
40.93,0.981938,0.811519,198.526204,521.278925
40.94,0.981938,0.811519,198.526193,521.278901
40.95,0.981938,0.811519,198.526182,521.278877
40.96,0.981938,0.811519,198.526171,521.278853
40.97,0.981938,0.811519,198.52616,521.278829
40.98,0.981938,0.811519,198.526149,521.278805
40.99,0.981938,0.811519,198.526139,521.278781
41,0.981938,0.811519,198.526128,521.278757
41.01,0.981938,0.811519,198.526117,521.278733
41.02,0.981938,0.811519,198.526106,521.278708
41.03,0.981938,0.811519,198.526095,521.278684
41.04,0.981938,0.811519,198.526084,521.27866
41.05,0.981938,0.811519,198.526074,521.278636
41.06,0.981938,0.811519,198.526063,521.278612
41.07,0.981938,0.811519,198.526052,521.278588
41.08,0.981938,0.811519,198.526041,521.278564
41.09,0.981938,0.811519,198.52603,521.27854
41.1,0.981938,0.811519,198.526019,521.278516
41.11,0.981938,0.811519,198.526009,521.278492
41.12,0.981938,0.811519,198.525998,521.278468
41.13,0.981938,0.811519,198.525987,521.278444
41.14,0.981938,0.811519,198.525976,521.27842
41.15,0.981938,0.811519,198.525965,521.278396
41.16,0.981938,0.811518,198.525955,521.278372
41.17,0.981938,0.811518,198.525944,521.278348
41.18,0.981938,0.811518,198.525933,521.278324
41.19,0.981938,0.811518,198.525922,521.2783
41.2,0.981938,0.811518,198.525912,521.278277
41.21,0.981938,0.811518,198.525901,521.278253
41.22,0.981938,0.811518,198.52589,521.278229
41.23,0.981938,0.811518,198.525879,521.278205
41.24,0.981938,0.811518,198.525868,521.278181
41.25,0.981938,0.811518,198.525858,521.278157
41.26,0.981938,0.811518,198.525847,521.278133
41.27,0.981938,0.811518,198.525836,521.278109
41.28,0.981938,0.811518,198.525825,521.278085
41.29,0.981938,0.811518,198.525815,521.278061
41.3,0.981938,0.811518,198.525804,521.278037
41.31,0.981938,0.811518,198.525793,521.278013
41.32,0.981938,0.811518,198.525782,521.27799
41.33,0.981938,0.811518,198.525772,521.277966
41.34,0.981938,0.811518,198.525761,521.277942
41.35,0.981938,0.811518,198.52575,521.277918
41.36,0.981938,0.811518,198.525739,521.277894
41.37,0.981938,0.811518,198.525729,521.27787
41.38,0.981938,0.811518,198.525718,521.277846
41.39,0.981938,0.811518,198.525707,521.277823
41.4,0.981938,0.811518,198.525697,521.277799
41.41,0.981938,0.811517,198.525686,521.277775
41.42,0.981938,0.811517,198.525675,521.277751
41.43,0.981938,0.811517,198.525664,521.277727
41.44,0.981938,0.811517,198.525654,521.277704
41.45,0.981938,0.811517,198.525643,521.27768
41.46,0.981938,0.811517,198.525632,521.277656
41.47,0.981938,0.811517,198.525622,521.277632
41.48,0.981938,0.811517,198.525611,521.277608
41.49,0.981938,0.811517,198.5256,521.277585
41.5,0.981938,0.811517,198.52559,521.277561
41.51,0.981938,0.811517,198.525579,521.277537
41.52,0.981938,0.811517,198.525568,521.277513
41.53,0.981938,0.811517,198.525558,521.27749
41.54,0.981938,0.811517,198.525547,521.277466
41.55,0.981938,0.811517,198.525536,521.277442
41.56,0.981938,0.811517,198.525526,521.277418
41.57,0.981938,0.811517,198.525515,521.277395
41.58,0.981938,0.811517,198.525504,521.277371
41.59,0.981938,0.811517,198.525494,521.277347
41.6,0.981938,0.811517,198.525483,521.277324
41.61,0.981938,0.811517,198.525472,521.2773
41.62,0.981938,0.811517,198.525462,521.277276
41.63,0.981938,0.811517,198.525451,521.277253
41.64,0.981938,0.811517,198.525441,521.277229
41.65,0.981938,0.811517,198.52543,521.277205
41.66,0.981938,0.811516,198.525419,521.277182
41.67,0.981938,0.811516,198.525409,521.277158
41.68,0.981938,0.811516,198.525398,521.277134
41.69,0.981938,0.811516,198.525387,521.277111
41.7,0.981938,0.811516,198.525377,521.277087
41.71,0.981938,0.811516,198.525366,521.277063
41.72,0.981938,0.811516,198.525356,521.27704
41.73,0.981938,0.811516,198.525345,521.277016
41.74,0.981938,0.811516,198.525334,521.276993
41.75,0.981938,0.811516,198.525324,521.276969
41.76,0.981938,0.811516,198.525313,521.276945
41.77,0.981938,0.811516,198.525303,521.276922
41.78,0.981938,0.811516,198.525292,521.276898
41.79,0.981938,0.811516,198.525281,521.276875
41.8,0.981938,0.811516,198.525271,521.276851
41.81,0.981938,0.811516,198.52526,521.276828
41.82,0.981938,0.811516,198.52525,521.276804
41.83,0.981938,0.811516,198.525239,521.27678
41.84,0.981938,0.811516,198.525229,521.276757
41.85,0.981938,0.811516,198.525218,521.276733
41.86,0.981938,0.811516,198.525208,521.27671
41.87,0.981938,0.811516,198.525197,521.276686
41.88,0.981938,0.811516,198.525186,521.276663
41.89,0.981938,0.811516,198.525176,521.276639
41.9,0.981938,0.811516,198.525165,521.276616
41.91,0.981938,0.811515,198.525155,521.276592
41.92,0.981938,0.811515,198.525144,521.276569
41.93,0.981938,0.811515,198.525134,521.276545
41.94,0.981938,0.811515,198.525123,521.276522
41.95,0.981938,0.811515,198.525113,521.276498
41.96,0.981938,0.811515,198.525102,521.276475
41.97,0.981938,0.811515,198.525092,521.276451
41.98,0.981938,0.811515,198.525081,521.276428
41.99,0.981938,0.811515,198.525071,521.276404
42,0.981938,0.811515,198.52506,521.276381
42.01,0.981938,0.811515,198.52505,521.276358
42.02,0.981938,0.811515,198.525039,521.276334
42.03,0.981938,0.811515,198.525029,521.276311
42.04,0.981938,0.811515,198.525018,521.276287
42.05,0.981938,0.811515,198.525008,521.276264
42.06,0.981938,0.811515,198.524997,521.27624
42.07,0.981938,0.811515,198.524987,521.276217
42.08,0.981938,0.811515,198.524976,521.276194
42.09,0.981938,0.811515,198.524966,521.27617
42.1,0.981938,0.811515,198.524955,521.276147
42.11,0.981938,0.811515,198.524945,521.276123
42.12,0.981938,0.811515,198.524934,521.2761
42.13,0.981938,0.811515,198.524924,521.276077
42.14,0.981938,0.811515,198.524913,521.276053
42.15,0.981938,0.811515,198.524903,521.27603
42.16,0.981938,0.811515,198.524892,521.276006
42.17,0.981938,0.811514,198.524882,521.275983
42.18,0.981938,0.811514,198.524871,521.27596
42.19,0.981938,0.811514,198.524861,521.275936
42.2,0.981938,0.811514,198.524851,521.275913
42.21,0.981938,0.811514,198.52484,521.27589
42.22,0.981938,0.811514,198.52483,521.275866
42.23,0.981938,0.811514,198.524819,521.275843
42.24,0.981938,0.811514,198.524809,521.27582
42.25,0.981938,0.811514,198.524798,521.275796
42.26,0.981938,0.811514,198.524788,521.275773
42.27,0.981938,0.811514,198.524778,521.27575
42.28,0.981938,0.811514,198.524767,521.275727
42.29,0.981938,0.811514,198.524757,521.275703
42.3,0.981938,0.811514,198.524746,521.27568
42.31,0.981938,0.811514,198.524736,521.275657
42.32,0.981938,0.811514,198.524725,521.275633
42.33,0.981938,0.811514,198.524715,521.27561
42.34,0.981938,0.811514,198.524705,521.275587
42.35,0.981938,0.811514,198.524694,521.275564
42.36,0.981938,0.811514,198.524684,521.27554
42.37,0.981938,0.811514,198.524673,521.275517
42.38,0.981938,0.811514,198.524663,521.275494
42.39,0.981938,0.811514,198.524653,521.275471
42.4,0.981938,0.811514,198.524642,521.275448
42.41,0.981938,0.811514,198.524632,521.275424
42.42,0.981938,0.811513,198.524622,521.275401
42.43,0.981938,0.811513,198.524611,521.275378
42.44,0.981938,0.811513,198.524601,521.275355
42.45,0.981938,0.811513,198.52459,521.275332
42.46,0.981938,0.811513,198.52458,521.275308
42.47,0.981938,0.811513,198.52457,521.275285
42.48,0.981938,0.811513,198.524559,521.275262
42.49,0.981938,0.811513,198.524549,521.275239
42.5,0.981938,0.811513,198.524539,521.275216
42.51,0.981938,0.811513,198.524528,521.275193
42.52,0.981938,0.811513,198.524518,521.275169
42.53,0.981938,0.811513,198.524508,521.275146
42.54,0.981938,0.811513,198.524497,521.275123
42.55,0.981938,0.811513,198.524487,521.2751
42.56,0.981938,0.811513,198.524477,521.275077
42.57,0.981938,0.811513,198.524466,521.275054
42.58,0.981938,0.811513,198.524456,521.275031
42.59,0.981938,0.811513,198.524446,521.275008
42.6,0.981938,0.811513,198.524435,521.274984
42.61,0.981938,0.811513,198.524425,521.274961
42.62,0.981938,0.811513,198.524415,521.274938
42.63,0.981938,0.811513,198.524405,521.274915
42.64,0.981938,0.811513,198.524394,521.274892
42.65,0.981938,0.811513,198.524384,521.274869
42.66,0.981938,0.811513,198.524374,521.274846
42.67,0.981938,0.811513,198.524363,521.274823
42.68,0.981938,0.811512,198.524353,521.2748
42.69,0.981938,0.811512,198.524343,521.274777
42.7,0.981938,0.811512,198.524332,521.274754
42.71,0.981938,0.811512,198.524322,521.274731
42.72,0.981938,0.811512,198.524312,521.274708
42.73,0.981938,0.811512,198.524302,521.274685
42.74,0.981938,0.811512,198.524291,521.274662
42.75,0.981938,0.811512,198.524281,521.274639
42.76,0.981938,0.811512,198.524271,521.274616
42.77,0.981938,0.811512,198.524261,521.274593
42.78,0.981938,0.811512,198.52425,521.27457
42.79,0.981938,0.811512,198.52424,521.274547
42.8,0.981938,0.811512,198.52423,521.274524
42.81,0.981938,0.811512,198.52422,521.274501
42.82,0.981938,0.811512,198.524209,521.274478
42.83,0.981938,0.811512,198.524199,521.274455
42.84,0.981938,0.811512,198.524189,521.274432
42.85,0.981938,0.811512,198.524179,521.274409
42.86,0.981938,0.811512,198.524168,521.274386
42.87,0.981938,0.811512,198.524158,521.274363
42.88,0.981938,0.811512,198.524148,521.27434
42.89,0.981938,0.811512,198.524138,521.274317
42.9,0.981938,0.811512,198.524128,521.274294
42.91,0.981938,0.811512,198.524117,521.274271
42.92,0.981938,0.811512,198.524107,521.274248
42.93,0.981938,0.811512,198.524097,521.274226
42.94,0.981938,0.811511,198.524087,521.274203
42.95,0.981938,0.811511,198.524077,521.27418
42.96,0.981938,0.811511,198.524066,521.274157
42.97,0.981938,0.811511,198.524056,521.274134
42.98,0.981938,0.811511,198.524046,521.274111
42.99,0.981938,0.811511,198.524036,521.274088
43,0.981938,0.811511,198.524026,521.274065
43.01,0.981938,0.811511,198.524015,521.274043
43.02,0.981938,0.811511,198.524005,521.27402
43.03,0.981938,0.811511,198.523995,521.273997
43.04,0.981938,0.811511,198.523985,521.273974
43.05,0.981938,0.811511,198.523975,521.273951
43.06,0.981938,0.811511,198.523965,521.273928
43.07,0.981938,0.811511,198.523954,521.273905
43.08,0.981938,0.811511,198.523944,521.273883
43.09,0.981938,0.811511,198.523934,521.27386
43.1,0.981938,0.811511,198.523924,521.273837
43.11,0.981938,0.811511,198.523914,521.273814
43.12,0.981938,0.811511,198.523904,521.273791
43.13,0.981938,0.811511,198.523893,521.273769
43.14,0.981938,0.811511,198.523883,521.273746
43.15,0.981938,0.811511,198.523873,521.273723
43.16,0.981938,0.811511,198.523863,521.2737
43.17,0.981938,0.811511,198.523853,521.273678
43.18,0.981938,0.811511,198.523843,521.273655
43.19,0.981938,0.811511,198.523833,521.273632
43.2,0.981938,0.81151,198.523823,521.273609
43.21,0.981938,0.81151,198.523812,521.273587
43.22,0.981938,0.81151,198.523802,521.273564
43.23,0.981938,0.81151,198.523792,521.273541
43.24,0.981938,0.81151,198.523782,521.273518
43.25,0.981938,0.81151,198.523772,521.273496
43.26,0.981938,0.81151,198.523762,521.273473
43.27,0.981938,0.81151,198.523752,521.27345
43.28,0.981938,0.81151,198.523742,521.273428
43.29,0.981938,0.81151,198.523732,521.273405
43.3,0.981938,0.81151,198.523722,521.273382
43.31,0.981938,0.81151,198.523711,521.27336
43.32,0.981938,0.81151,198.523701,521.273337
43.33,0.981938,0.81151,198.523691,521.273314
43.34,0.981939,0.81151,198.523681,521.273292
43.35,0.981939,0.81151,198.523671,521.273269
43.36,0.981939,0.81151,198.523661,521.273246
43.37,0.981939,0.81151,198.523651,521.273224
43.38,0.981939,0.81151,198.523641,521.273201
43.39,0.981939,0.81151,198.523631,521.273178
43.4,0.981939,0.81151,198.523621,521.273156
43.41,0.981939,0.81151,198.523611,521.273133
43.42,0.981939,0.81151,198.523601,521.273111
43.43,0.981939,0.81151,198.523591,521.273088
43.44,0.981939,0.81151,198.523581,521.273065
43.45,0.981939,0.81151,198.523571,521.273043
43.46,0.981939,0.811509,198.523561,521.27302
43.47,0.981939,0.811509,198.523551,521.272998
43.48,0.981939,0.811509,198.523541,521.272975
43.49,0.981939,0.811509,198.523531,521.272953
43.5,0.981939,0.811509,198.52352,521.27293
43.51,0.981939,0.811509,198.52351,521.272907
43.52,0.981939,0.811509,198.5235,521.272885
43.53,0.981939,0.811509,198.52349,521.272862
43.54,0.981939,0.811509,198.52348,521.27284
43.55,0.981939,0.811509,198.52347,521.272817
43.56,0.981939,0.811509,198.52346,521.272795
43.57,0.981939,0.811509,198.52345,521.272772
43.58,0.981939,0.811509,198.52344,521.27275
43.59,0.981939,0.811509,198.52343,521.272727
43.6,0.981939,0.811509,198.52342,521.272705
43.61,0.981939,0.811509,198.52341,521.272682
43.62,0.981939,0.811509,198.5234,521.27266
43.63,0.981939,0.811509,198.52339,521.272637
43.64,0.981939,0.811509,198.52338,521.272615
43.65,0.981939,0.811509,198.52337,521.272592
43.66,0.981939,0.811509,198.523361,521.27257
43.67,0.981939,0.811509,198.523351,521.272547
43.68,0.981939,0.811509,198.523341,521.272525
43.69,0.981939,0.811509,198.523331,521.272502
43.7,0.981939,0.811509,198.523321,521.27248
43.71,0.981939,0.811509,198.523311,521.272458
43.72,0.981939,0.811509,198.523301,521.272435
43.73,0.981939,0.811508,198.523291,521.272413
43.74,0.981939,0.811508,198.523281,521.27239
43.75,0.981939,0.811508,198.523271,521.272368
43.76,0.981939,0.811508,198.523261,521.272345
43.77,0.981939,0.811508,198.523251,521.272323
43.78,0.981939,0.811508,198.523241,521.272301
43.79,0.981939,0.811508,198.523231,521.272278
43.8,0.981939,0.811508,198.523221,521.272256
43.81,0.981939,0.811508,198.523211,521.272233
43.82,0.981939,0.811508,198.523201,521.272211
43.83,0.981939,0.811508,198.523191,521.272189
43.84,0.981939,0.811508,198.523181,521.272166
43.85,0.981939,0.811508,198.523172,521.272144
43.86,0.981939,0.811508,198.523162,521.272122
43.87,0.981939,0.811508,198.523152,521.272099
43.88,0.981939,0.811508,198.523142,521.272077
43.89,0.981939,0.811508,198.523132,521.272055
43.9,0.981939,0.811508,198.523122,521.272032
43.91,0.981939,0.811508,198.523112,521.27201
43.92,0.981939,0.811508,198.523102,521.271988
43.93,0.981939,0.811508,198.523092,521.271965
43.94,0.981939,0.811508,198.523082,521.271943
43.95,0.981939,0.811508,198.523072,521.271921
43.96,0.981939,0.811508,198.523063,521.271898
43.97,0.981939,0.811508,198.523053,521.271876
43.98,0.981939,0.811508,198.523043,521.271854
43.99,0.981939,0.811507,198.523033,521.271832
44,0.981939,0.811507,198.523023,521.271809
44.01,0.981939,0.811507,198.523013,521.271787
44.02,0.981939,0.811507,198.523003,521.271765
44.03,0.981939,0.811507,198.522993,521.271742
44.04,0.981939,0.811507,198.522984,521.27172
44.05,0.981939,0.811507,198.522974,521.271698
44.06,0.981939,0.811507,198.522964,521.271676
44.07,0.981939,0.811507,198.522954,521.271653
44.08,0.981939,0.811507,198.522944,521.271631
44.09,0.981939,0.811507,198.522934,521.271609
44.1,0.981939,0.811507,198.522924,521.271587
44.11,0.981939,0.811507,198.522915,521.271565
44.12,0.981939,0.811507,198.522905,521.271542
44.13,0.981939,0.811507,198.522895,521.27152
44.14,0.981939,0.811507,198.522885,521.271498
44.15,0.981939,0.811507,198.522875,521.271476
44.16,0.981939,0.811507,198.522865,521.271454
44.17,0.981939,0.811507,198.522856,521.271431
44.18,0.981939,0.811507,198.522846,521.271409
44.19,0.981939,0.811507,198.522836,521.271387
44.2,0.981939,0.811507,198.522826,521.271365
44.21,0.981939,0.811507,198.522816,521.271343
44.22,0.981939,0.811507,198.522807,521.271321
44.23,0.981939,0.811507,198.522797,521.271299
44.24,0.981939,0.811507,198.522787,521.271276
44.25,0.981939,0.811507,198.522777,521.271254
44.26,0.981939,0.811506,198.522767,521.271232
44.27,0.981939,0.811506,198.522758,521.27121
44.28,0.981939,0.811506,198.522748,521.271188
44.29,0.981939,0.811506,198.522738,521.271166
44.3,0.981939,0.811506,198.522728,521.271144
44.31,0.981939,0.811506,198.522718,521.271122
44.32,0.981939,0.811506,198.522709,521.2711
44.33,0.981939,0.811506,198.522699,521.271077
44.34,0.981939,0.811506,198.522689,521.271055
44.35,0.981939,0.811506,198.522679,521.271033
44.36,0.981939,0.811506,198.522669,521.271011
44.37,0.981939,0.811506,198.52266,521.270989
44.38,0.981939,0.811506,198.52265,521.270967
44.39,0.981939,0.811506,198.52264,521.270945
44.4,0.981939,0.811506,198.52263,521.270923
44.41,0.981939,0.811506,198.522621,521.270901
44.42,0.981939,0.811506,198.522611,521.270879
44.43,0.981939,0.811506,198.522601,521.270857
44.44,0.981939,0.811506,198.522591,521.270835
44.45,0.981939,0.811506,198.522582,521.270813
44.46,0.981939,0.811506,198.522572,521.270791
44.47,0.981939,0.811506,198.522562,521.270769
44.48,0.981939,0.811506,198.522552,521.270747
44.49,0.981939,0.811506,198.522543,521.270725
44.5,0.981939,0.811506,198.522533,521.270703
44.51,0.981939,0.811506,198.522523,521.270681
44.52,0.981939,0.811506,198.522514,521.270659
44.53,0.981939,0.811505,198.522504,521.270637
44.54,0.981939,0.811505,198.522494,521.270615
44.55,0.981939,0.811505,198.522484,521.270593
44.56,0.981939,0.811505,198.522475,521.270571
44.57,0.981939,0.811505,198.522465,521.270549
44.58,0.981939,0.811505,198.522455,521.270527
44.59,0.981939,0.811505,198.522446,521.270505
44.6,0.981939,0.811505,198.522436,521.270483
44.61,0.981939,0.811505,198.522426,521.270462
44.62,0.981939,0.811505,198.522416,521.27044
44.63,0.981939,0.811505,198.522407,521.270418
44.64,0.981939,0.811505,198.522397,521.270396
44.65,0.981939,0.811505,198.522387,521.270374
44.66,0.981939,0.811505,198.522378,521.270352
44.67,0.981939,0.811505,198.522368,521.27033
44.68,0.981939,0.811505,198.522358,521.270308
44.69,0.981939,0.811505,198.522349,521.270286
44.7,0.981939,0.811505,198.522339,521.270265
44.71,0.981939,0.811505,198.522329,521.270243
44.72,0.981939,0.811505,198.52232,521.270221
44.73,0.981939,0.811505,198.52231,521.270199
44.74,0.981939,0.811505,198.5223,521.270177
44.75,0.981939,0.811505,198.522291,521.270155
44.76,0.981939,0.811505,198.522281,521.270133
44.77,0.981939,0.811505,198.522271,521.270112
44.78,0.981939,0.811505,198.522262,521.27009
44.79,0.981939,0.811505,198.522252,521.270068
44.8,0.981939,0.811504,198.522242,521.270046
44.81,0.981939,0.811504,198.522233,521.270024
44.82,0.981939,0.811504,198.522223,521.270003
44.83,0.981939,0.811504,198.522213,521.269981
44.84,0.981939,0.811504,198.522204,521.269959
44.85,0.981939,0.811504,198.522194,521.269937
44.86,0.981939,0.811504,198.522184,521.269915
44.87,0.981939,0.811504,198.522175,521.269894
44.88,0.981939,0.811504,198.522165,521.269872
44.89,0.981939,0.811504,198.522156,521.26985
44.9,0.981939,0.811504,198.522146,521.269828
44.91,0.981939,0.811504,198.522136,521.269807
44.92,0.981939,0.811504,198.522127,521.269785
44.93,0.981939,0.811504,198.522117,521.269763
44.94,0.981939,0.811504,198.522107,521.269741
44.95,0.981939,0.811504,198.522098,521.26972
44.96,0.981939,0.811504,198.522088,521.269698
44.97,0.981939,0.811504,198.522079,521.269676
44.98,0.981939,0.811504,198.522069,521.269655
44.99,0.981939,0.811504,198.522059,521.269633
45,0.981939,0.811504,198.52205,521.269611
45.01,0.981939,0.811504,198.52204,521.269589
45.02,0.981939,0.811504,198.522031,521.269568
45.03,0.981939,0.811504,198.522021,521.269546
45.04,0.981939,0.811504,198.522011,521.269524
45.05,0.981939,0.811504,198.522002,521.269503
45.06,0.981939,0.811504,198.521992,521.269481
45.07,0.981939,0.811504,198.521983,521.269459
45.08,0.981939,0.811503,198.521973,521.269438
45.09,0.981939,0.811503,198.521964,521.269416
45.1,0.981939,0.811503,198.521954,521.269395
45.11,0.981939,0.811503,198.521944,521.269373
45.12,0.981939,0.811503,198.521935,521.269351
45.13,0.981939,0.811503,198.521925,521.26933
45.14,0.981939,0.811503,198.521916,521.269308
45.15,0.981939,0.811503,198.521906,521.269286
45.16,0.981939,0.811503,198.521897,521.269265
45.17,0.981939,0.811503,198.521887,521.269243
45.18,0.981939,0.811503,198.521878,521.269222
45.19,0.981939,0.811503,198.521868,521.2692
45.2,0.981939,0.811503,198.521858,521.269178
45.21,0.981939,0.811503,198.521849,521.269157
45.22,0.981939,0.811503,198.521839,521.269135
45.23,0.981939,0.811503,198.52183,521.269114
45.24,0.981939,0.811503,198.52182,521.269092
45.25,0.981939,0.811503,198.521811,521.269071
45.26,0.981939,0.811503,198.521801,521.269049
45.27,0.981939,0.811503,198.521792,521.269028
45.28,0.981939,0.811503,198.521782,521.269006
45.29,0.981939,0.811503,198.521773,521.268985
45.3,0.981939,0.811503,198.521763,521.268963
45.31,0.981939,0.811503,198.521754,521.268941
45.32,0.981939,0.811503,198.521744,521.26892
45.33,0.981939,0.811503,198.521735,521.268898
45.34,0.981939,0.811503,198.521725,521.268877
45.35,0.981939,0.811502,198.521716,521.268855
45.36,0.981939,0.811502,198.521706,521.268834
45.37,0.981939,0.811502,198.521697,521.268812
45.38,0.981939,0.811502,198.521687,521.268791
45.39,0.981939,0.811502,198.521678,521.26877
45.4,0.981939,0.811502,198.521668,521.268748
45.41,0.981939,0.811502,198.521659,521.268727
45.42,0.981939,0.811502,198.521649,521.268705
45.43,0.981939,0.811502,198.52164,521.268684
45.44,0.981939,0.811502,198.52163,521.268662
45.45,0.981939,0.811502,198.521621,521.268641
45.46,0.981939,0.811502,198.521611,521.268619
45.47,0.981939,0.811502,198.521602,521.268598
45.48,0.981939,0.811502,198.521592,521.268577
45.49,0.981939,0.811502,198.521583,521.268555
45.5,0.981939,0.811502,198.521573,521.268534
45.51,0.981939,0.811502,198.521564,521.268512
45.52,0.981939,0.811502,198.521554,521.268491
45.53,0.981939,0.811502,198.521545,521.26847
45.54,0.981939,0.811502,198.521535,521.268448
45.55,0.981939,0.811502,198.521526,521.268427
45.56,0.981939,0.811502,198.521516,521.268405
45.57,0.981939,0.811502,198.521507,521.268384
45.58,0.981939,0.811502,198.521498,521.268363
45.59,0.981939,0.811502,198.521488,521.268341
45.6,0.981939,0.811502,198.521479,521.26832
45.61,0.981939,0.811502,198.521469,521.268299
45.62,0.981939,0.811502,198.52146,521.268277
45.63,0.981939,0.811501,198.52145,521.268256
45.64,0.981939,0.811501,198.521441,521.268235
45.65,0.981939,0.811501,198.521431,521.268213
45.66,0.981939,0.811501,198.521422,521.268192
45.67,0.981939,0.811501,198.521413,521.268171
45.68,0.981939,0.811501,198.521403,521.268149
45.69,0.981939,0.811501,198.521394,521.268128
45.7,0.981939,0.811501,198.521384,521.268107
45.71,0.981939,0.811501,198.521375,521.268085
45.72,0.981939,0.811501,198.521365,521.268064
45.73,0.981939,0.811501,198.521356,521.268043
45.74,0.981939,0.811501,198.521347,521.268022
45.75,0.981939,0.811501,198.521337,521.268
45.76,0.981939,0.811501,198.521328,521.267979
45.77,0.981939,0.811501,198.521318,521.267958
45.78,0.981939,0.811501,198.521309,521.267936
45.79,0.981939,0.811501,198.5213,521.267915
45.8,0.981939,0.811501,198.52129,521.267894
45.81,0.981939,0.811501,198.521281,521.267873
45.82,0.981939,0.811501,198.521271,521.267851
45.83,0.981939,0.811501,198.521262,521.26783
45.84,0.981939,0.811501,198.521253,521.267809
45.85,0.981939,0.811501,198.521243,521.267788
45.86,0.981939,0.811501,198.521234,521.267767
45.87,0.981939,0.811501,198.521224,521.267745
45.88,0.981939,0.811501,198.521215,521.267724
45.89,0.981939,0.811501,198.521206,521.267703
45.9,0.981939,0.811501,198.521196,521.267682
45.91,0.981939,0.8115,198.521187,521.267661
45.92,0.981939,0.8115,198.521178,521.267639
45.93,0.981939,0.8115,198.521168,521.267618
45.94,0.981939,0.8115,198.521159,521.267597
45.95,0.981939,0.8115,198.521149,521.267576
45.96,0.981939,0.8115,198.52114,521.267555
45.97,0.981939,0.8115,198.521131,521.267534
45.98,0.981939,0.8115,198.521121,521.267512
45.99,0.981939,0.8115,198.521112,521.267491
46,0.981939,0.8115,198.521103,521.26747
46.01,0.981939,0.8115,198.521093,521.267449
46.02,0.981939,0.8115,198.521084,521.267428
46.03,0.981939,0.8115,198.521075,521.267407
46.04,0.981939,0.8115,198.521065,521.267386
46.05,0.981939,0.8115,198.521056,521.267365
46.06,0.981939,0.8115,198.521047,521.267344
46.07,0.981939,0.8115,198.521037,521.267322
46.08,0.981939,0.8115,198.521028,521.267301
46.09,0.981939,0.8115,198.521019,521.26728
46.1,0.981939,0.8115,198.521009,521.267259
46.11,0.981939,0.8115,198.521,521.267238
46.12,0.981939,0.8115,198.520991,521.267217
46.13,0.981939,0.8115,198.520981,521.267196
46.14,0.981939,0.8115,198.520972,521.267175
46.15,0.981939,0.8115,198.520963,521.267154
46.16,0.981939,0.8115,198.520953,521.267133
46.17,0.981939,0.8115,198.520944,521.267112
46.18,0.981939,0.8115,198.520935,521.267091
46.19,0.981939,0.811499,198.520925,521.26707
46.2,0.981939,0.811499,198.520916,521.267049
46.21,0.981939,0.811499,198.520907,521.267028
46.22,0.981939,0.811499,198.520898,521.267007
46.23,0.981939,0.811499,198.520888,521.266986
46.24,0.981939,0.811499,198.520879,521.266965
46.25,0.981939,0.811499,198.52087,521.266944
46.26,0.981939,0.811499,198.52086,521.266923
46.27,0.981939,0.811499,198.520851,521.266902
46.28,0.981939,0.811499,198.520842,521.266881
46.29,0.981939,0.811499,198.520833,521.26686
46.3,0.981939,0.811499,198.520823,521.266839
46.31,0.981939,0.811499,198.520814,521.266818
46.32,0.981939,0.811499,198.520805,521.266797
46.33,0.981939,0.811499,198.520795,521.266776
46.34,0.981939,0.811499,198.520786,521.266755
46.35,0.981939,0.811499,198.520777,521.266734
46.36,0.981939,0.811499,198.520768,521.266713
46.37,0.981939,0.811499,198.520758,521.266692
46.38,0.981939,0.811499,198.520749,521.266671
46.39,0.981939,0.811499,198.52074,521.26665
46.4,0.981939,0.811499,198.520731,521.26663
46.41,0.981939,0.811499,198.520721,521.266609
46.42,0.981939,0.811499,198.520712,521.266588
46.43,0.981939,0.811499,198.520703,521.266567
46.44,0.981939,0.811499,198.520694,521.266546
46.45,0.981939,0.811499,198.520684,521.266525
46.46,0.981939,0.811499,198.520675,521.266504
46.47,0.981939,0.811499,198.520666,521.266483
46.48,0.981939,0.811498,198.520657,521.266463
46.49,0.981939,0.811498,198.520647,521.266442
46.5,0.981939,0.811498,198.520638,521.266421
46.51,0.981939,0.811498,198.520629,521.2664
46.52,0.981939,0.811498,198.52062,521.266379
46.53,0.981939,0.811498,198.52061,521.266358
46.54,0.981939,0.811498,198.520601,521.266337
46.55,0.981939,0.811498,198.520592,521.266317
46.56,0.981939,0.811498,198.520583,521.266296
46.57,0.981939,0.811498,198.520573,521.266275
46.58,0.981939,0.811498,198.520564,521.266254
46.59,0.981939,0.811498,198.520555,521.266233
46.6,0.981939,0.811498,198.520546,521.266213
46.61,0.981939,0.811498,198.520537,521.266192
46.62,0.981939,0.811498,198.520527,521.266171
46.63,0.981939,0.811498,198.520518,521.26615
46.64,0.981939,0.811498,198.520509,521.266129
46.65,0.981939,0.811498,198.5205,521.266109
46.66,0.981939,0.811498,198.520491,521.266088
46.67,0.981939,0.811498,198.520481,521.266067
46.68,0.981939,0.811498,198.520472,521.266046
46.69,0.981939,0.811498,198.520463,521.266026
46.7,0.981939,0.811498,198.520454,521.266005
46.71,0.981939,0.811498,198.520445,521.265984
46.72,0.981939,0.811498,198.520435,521.265963
46.73,0.981939,0.811498,198.520426,521.265943
46.74,0.981939,0.811498,198.520417,521.265922
46.75,0.981939,0.811498,198.520408,521.265901
46.76,0.981939,0.811498,198.520399,521.265881
46.77,0.981939,0.811497,198.52039,521.26586
46.78,0.981939,0.811497,198.52038,521.265839
46.79,0.981939,0.811497,198.520371,521.265818
46.8,0.981939,0.811497,198.520362,521.265798
46.81,0.981939,0.811497,198.520353,521.265777
46.82,0.981939,0.811497,198.520344,521.265756
46.83,0.981939,0.811497,198.520335,521.265736
46.84,0.981939,0.811497,198.520325,521.265715
46.85,0.981939,0.811497,198.520316,521.265694
46.86,0.981939,0.811497,198.520307,521.265674
46.87,0.981939,0.811497,198.520298,521.265653
46.88,0.981939,0.811497,198.520289,521.265632
46.89,0.981939,0.811497,198.52028,521.265612
46.9,0.981939,0.811497,198.52027,521.265591
46.91,0.981939,0.811497,198.520261,521.265571
46.92,0.981939,0.811497,198.520252,521.26555
46.93,0.981939,0.811497,198.520243,521.265529
46.94,0.981939,0.811497,198.520234,521.265509
46.95,0.981939,0.811497,198.520225,521.265488
46.96,0.981939,0.811497,198.520216,521.265467
46.97,0.981939,0.811497,198.520206,521.265447
46.98,0.981939,0.811497,198.520197,521.265426
46.99,0.981939,0.811497,198.520188,521.265406
47,0.981939,0.811497,198.520179,521.265385
47.01,0.981939,0.811497,198.52017,521.265365
47.02,0.981939,0.811497,198.520161,521.265344
47.03,0.981939,0.811497,198.520152,521.265323
47.04,0.981939,0.811497,198.520143,521.265303
47.05,0.981939,0.811496,198.520133,521.265282
47.06,0.981939,0.811496,198.520124,521.265262
47.07,0.981939,0.811496,198.520115,521.265241
47.08,0.981939,0.811496,198.520106,521.265221
47.09,0.981939,0.811496,198.520097,521.2652
47.1,0.981939,0.811496,198.520088,521.26518
47.11,0.981939,0.811496,198.520079,521.265159
47.12,0.981939,0.811496,198.52007,521.265139
47.13,0.981939,0.811496,198.520061,521.265118
47.14,0.981939,0.811496,198.520052,521.265098
47.15,0.981939,0.811496,198.520042,521.265077
47.16,0.981939,0.811496,198.520033,521.265057
47.17,0.981939,0.811496,198.520024,521.265036
47.18,0.981939,0.811496,198.520015,521.265016
47.19,0.981939,0.811496,198.520006,521.264995
47.2,0.981939,0.811496,198.519997,521.264975
47.21,0.981939,0.811496,198.519988,521.264954
47.22,0.981939,0.811496,198.519979,521.264934
47.23,0.981939,0.811496,198.51997,521.264913
47.24,0.981939,0.811496,198.519961,521.264893
47.25,0.981939,0.811496,198.519952,521.264872
47.26,0.981939,0.811496,198.519943,521.264852
47.27,0.981939,0.811496,198.519934,521.264832
47.28,0.981939,0.811496,198.519924,521.264811
47.29,0.981939,0.811496,198.519915,521.264791
47.3,0.981939,0.811496,198.519906,521.26477
47.31,0.981939,0.811496,198.519897,521.26475
47.32,0.981939,0.811496,198.519888,521.264729
47.33,0.981939,0.811496,198.519879,521.264709
47.34,0.981939,0.811495,198.51987,521.264689
47.35,0.981939,0.811495,198.519861,521.264668
47.36,0.981939,0.811495,198.519852,521.264648
47.37,0.981939,0.811495,198.519843,521.264628
47.38,0.981939,0.811495,198.519834,521.264607
47.39,0.981939,0.811495,198.519825,521.264587
47.4,0.981939,0.811495,198.519816,521.264566
47.41,0.981939,0.811495,198.519807,521.264546
47.42,0.981939,0.811495,198.519798,521.264526
47.43,0.981939,0.811495,198.519789,521.264505
47.44,0.981939,0.811495,198.51978,521.264485
47.45,0.981939,0.811495,198.519771,521.264465
47.46,0.981939,0.811495,198.519762,521.264444
47.47,0.981939,0.811495,198.519753,521.264424
47.48,0.981939,0.811495,198.519744,521.264404
47.49,0.981939,0.811495,198.519735,521.264383
47.5,0.981939,0.811495,198.519726,521.264363
47.51,0.981939,0.811495,198.519717,521.264343
47.52,0.981939,0.811495,198.519708,521.264322
47.53,0.981939,0.811495,198.519699,521.264302
47.54,0.981939,0.811495,198.51969,521.264282
47.55,0.981939,0.811495,198.519681,521.264262
47.56,0.981939,0.811495,198.519672,521.264241
47.57,0.981939,0.811495,198.519663,521.264221
47.58,0.981939,0.811495,198.519654,521.264201
47.59,0.981939,0.811495,198.519645,521.264181
47.6,0.98194,0.811495,198.519636,521.26416
47.61,0.98194,0.811495,198.519627,521.26414
47.62,0.98194,0.811495,198.519618,521.26412
47.63,0.98194,0.811495,198.519609,521.2641
47.64,0.98194,0.811494,198.5196,521.264079
47.65,0.98194,0.811494,198.519591,521.264059
47.66,0.98194,0.811494,198.519582,521.264039
47.67,0.98194,0.811494,198.519573,521.264019
47.68,0.98194,0.811494,198.519564,521.263998
47.69,0.98194,0.811494,198.519555,521.263978
47.7,0.98194,0.811494,198.519546,521.263958
47.71,0.98194,0.811494,198.519537,521.263938
47.72,0.98194,0.811494,198.519528,521.263918
47.73,0.98194,0.811494,198.519519,521.263897
47.74,0.98194,0.811494,198.51951,521.263877
47.75,0.98194,0.811494,198.519501,521.263857
47.76,0.98194,0.811494,198.519492,521.263837
47.77,0.98194,0.811494,198.519483,521.263817
47.78,0.98194,0.811494,198.519474,521.263797
47.79,0.98194,0.811494,198.519465,521.263776
47.8,0.98194,0.811494,198.519456,521.263756
47.81,0.98194,0.811494,198.519447,521.263736
47.82,0.98194,0.811494,198.519438,521.263716
47.83,0.98194,0.811494,198.519429,521.263696
47.84,0.98194,0.811494,198.51942,521.263676
47.85,0.98194,0.811494,198.519411,521.263656
47.86,0.98194,0.811494,198.519403,521.263636
47.87,0.98194,0.811494,198.519394,521.263615
47.88,0.98194,0.811494,198.519385,521.263595
47.89,0.98194,0.811494,198.519376,521.263575
47.9,0.98194,0.811494,198.519367,521.263555
47.91,0.98194,0.811494,198.519358,521.263535
47.92,0.98194,0.811494,198.519349,521.263515
47.93,0.98194,0.811493,198.51934,521.263495
47.94,0.98194,0.811493,198.519331,521.263475
47.95,0.98194,0.811493,198.519322,521.263455
47.96,0.98194,0.811493,198.519313,521.263435
47.97,0.98194,0.811493,198.519304,521.263415
47.98,0.98194,0.811493,198.519295,521.263395
47.99,0.98194,0.811493,198.519287,521.263375
48,0.98194,0.811493,198.519278,521.263355
48.01,0.98194,0.811493,198.519269,521.263334
48.02,0.98194,0.811493,198.51926,521.263314
48.03,0.98194,0.811493,198.519251,521.263294
48.04,0.98194,0.811493,198.519242,521.263274
48.05,0.98194,0.811493,198.519233,521.263254
48.06,0.98194,0.811493,198.519224,521.263234
48.07,0.98194,0.811493,198.519215,521.263214
48.08,0.98194,0.811493,198.519206,521.263194
48.09,0.98194,0.811493,198.519198,521.263174
48.1,0.98194,0.811493,198.519189,521.263154
48.11,0.98194,0.811493,198.51918,521.263134
48.12,0.98194,0.811493,198.519171,521.263114
48.13,0.98194,0.811493,198.519162,521.263094
48.14,0.98194,0.811493,198.519153,521.263075
48.15,0.98194,0.811493,198.519144,521.263055
48.16,0.98194,0.811493,198.519135,521.263035
48.17,0.98194,0.811493,198.519127,521.263015
48.18,0.98194,0.811493,198.519118,521.262995
48.19,0.98194,0.811493,198.519109,521.262975
48.2,0.98194,0.811493,198.5191,521.262955
48.21,0.98194,0.811493,198.519091,521.262935
48.22,0.98194,0.811493,198.519082,521.262915
48.23,0.98194,0.811492,198.519073,521.262895
48.24,0.98194,0.811492,198.519065,521.262875
48.25,0.98194,0.811492,198.519056,521.262855
48.26,0.98194,0.811492,198.519047,521.262835
48.27,0.98194,0.811492,198.519038,521.262815
48.28,0.98194,0.811492,198.519029,521.262796
48.29,0.98194,0.811492,198.51902,521.262776
48.3,0.98194,0.811492,198.519011,521.262756
48.31,0.98194,0.811492,198.519003,521.262736
48.32,0.98194,0.811492,198.518994,521.262716
48.33,0.98194,0.811492,198.518985,521.262696
48.34,0.98194,0.811492,198.518976,521.262676
48.35,0.98194,0.811492,198.518967,521.262656
48.36,0.98194,0.811492,198.518958,521.262637
48.37,0.98194,0.811492,198.51895,521.262617
48.38,0.98194,0.811492,198.518941,521.262597
48.39,0.98194,0.811492,198.518932,521.262577
48.4,0.98194,0.811492,198.518923,521.262557
48.41,0.98194,0.811492,198.518914,521.262537
48.42,0.98194,0.811492,198.518906,521.262518
48.43,0.98194,0.811492,198.518897,521.262498
48.44,0.98194,0.811492,198.518888,521.262478
48.45,0.98194,0.811492,198.518879,521.262458
48.46,0.98194,0.811492,198.51887,521.262438
48.47,0.98194,0.811492,198.518862,521.262419
48.48,0.98194,0.811492,198.518853,521.262399
48.49,0.98194,0.811492,198.518844,521.262379
48.5,0.98194,0.811492,198.518835,521.262359
48.51,0.98194,0.811492,198.518826,521.262339
48.52,0.98194,0.811492,198.518818,521.26232
48.53,0.98194,0.811491,198.518809,521.2623
48.54,0.98194,0.811491,198.5188,521.26228
48.55,0.98194,0.811491,198.518791,521.26226
48.56,0.98194,0.811491,198.518782,521.262241
48.57,0.98194,0.811491,198.518774,521.262221
48.58,0.98194,0.811491,198.518765,521.262201
48.59,0.98194,0.811491,198.518756,521.262182
48.6,0.98194,0.811491,198.518747,521.262162
48.61,0.98194,0.811491,198.518739,521.262142
48.62,0.98194,0.811491,198.51873,521.262122
48.63,0.98194,0.811491,198.518721,521.262103
48.64,0.98194,0.811491,198.518712,521.262083
48.65,0.98194,0.811491,198.518703,521.262063
48.66,0.98194,0.811491,198.518695,521.262044
48.67,0.98194,0.811491,198.518686,521.262024
48.68,0.98194,0.811491,198.518677,521.262004
48.69,0.98194,0.811491,198.518668,521.261984
48.7,0.98194,0.811491,198.51866,521.261965
48.71,0.98194,0.811491,198.518651,521.261945
48.72,0.98194,0.811491,198.518642,521.261926
48.73,0.98194,0.811491,198.518633,521.261906
48.74,0.98194,0.811491,198.518625,521.261886
48.75,0.98194,0.811491,198.518616,521.261867
48.76,0.98194,0.811491,198.518607,521.261847
48.77,0.98194,0.811491,198.518598,521.261827
48.78,0.98194,0.811491,198.51859,521.261808
48.79,0.98194,0.811491,198.518581,521.261788
48.8,0.98194,0.811491,198.518572,521.261768
48.81,0.98194,0.811491,198.518564,521.261749
48.82,0.98194,0.811491,198.518555,521.261729
48.83,0.98194,0.81149,198.518546,521.26171
48.84,0.98194,0.81149,198.518537,521.26169
48.85,0.98194,0.81149,198.518529,521.26167
48.86,0.98194,0.81149,198.51852,521.261651
48.87,0.98194,0.81149,198.518511,521.261631
48.88,0.98194,0.81149,198.518503,521.261612
48.89,0.98194,0.81149,198.518494,521.261592
48.9,0.98194,0.81149,198.518485,521.261572
48.91,0.98194,0.81149,198.518476,521.261553
48.92,0.98194,0.81149,198.518468,521.261533
48.93,0.98194,0.81149,198.518459,521.261514
48.94,0.98194,0.81149,198.51845,521.261494
48.95,0.98194,0.81149,198.518442,521.261475
48.96,0.98194,0.81149,198.518433,521.261455
48.97,0.98194,0.81149,198.518424,521.261436
48.98,0.98194,0.81149,198.518416,521.261416
48.99,0.98194,0.81149,198.518407,521.261397
49,0.98194,0.81149,198.518398,521.261377
49.01,0.98194,0.81149,198.518389,521.261358
49.02,0.98194,0.81149,198.518381,521.261338
49.03,0.98194,0.81149,198.518372,521.261319
49.04,0.98194,0.81149,198.518363,521.261299
49.05,0.98194,0.81149,198.518355,521.26128
49.06,0.98194,0.81149,198.518346,521.26126
49.07,0.98194,0.81149,198.518337,521.261241
49.08,0.98194,0.81149,198.518329,521.261221
49.09,0.98194,0.81149,198.51832,521.261202
49.1,0.98194,0.81149,198.518311,521.261182
49.11,0.98194,0.81149,198.518303,521.261163
49.12,0.98194,0.81149,198.518294,521.261143
49.13,0.98194,0.81149,198.518285,521.261124
49.14,0.98194,0.811489,198.518277,521.261104
49.15,0.98194,0.811489,198.518268,521.261085
49.16,0.98194,0.811489,198.51826,521.261066
49.17,0.98194,0.811489,198.518251,521.261046
49.18,0.98194,0.811489,198.518242,521.261027
49.19,0.98194,0.811489,198.518234,521.261007
49.2,0.98194,0.811489,198.518225,521.260988
49.21,0.98194,0.811489,198.518216,521.260969
49.22,0.98194,0.811489,198.518208,521.260949
49.23,0.98194,0.811489,198.518199,521.26093
49.24,0.98194,0.811489,198.51819,521.26091
49.25,0.98194,0.811489,198.518182,521.260891
49.26,0.98194,0.811489,198.518173,521.260872
49.27,0.98194,0.811489,198.518165,521.260852
49.28,0.98194,0.811489,198.518156,521.260833
49.29,0.98194,0.811489,198.518147,521.260813
49.3,0.98194,0.811489,198.518139,521.260794
49.31,0.98194,0.811489,198.51813,521.260775
49.32,0.98194,0.811489,198.518121,521.260755
49.33,0.98194,0.811489,198.518113,521.260736
49.34,0.98194,0.811489,198.518104,521.260717
49.35,0.98194,0.811489,198.518096,521.260697
49.36,0.98194,0.811489,198.518087,521.260678
49.37,0.98194,0.811489,198.518078,521.260659
49.38,0.98194,0.811489,198.51807,521.260639
49.39,0.98194,0.811489,198.518061,521.26062
49.4,0.98194,0.811489,198.518053,521.260601
49.41,0.98194,0.811489,198.518044,521.260581
49.42,0.98194,0.811489,198.518035,521.260562
49.43,0.98194,0.811489,198.518027,521.260543
49.44,0.98194,0.811489,198.518018,521.260524
49.45,0.98194,0.811488,198.51801,521.260504
49.46,0.98194,0.811488,198.518001,521.260485
49.47,0.98194,0.811488,198.517993,521.260466
49.48,0.98194,0.811488,198.517984,521.260446
49.49,0.98194,0.811488,198.517975,521.260427
49.5,0.98194,0.811488,198.517967,521.260408
49.51,0.98194,0.811488,198.517958,521.260389
49.52,0.98194,0.811488,198.51795,521.260369
49.53,0.98194,0.811488,198.517941,521.26035
49.54,0.98194,0.811488,198.517933,521.260331
49.55,0.98194,0.811488,198.517924,521.260312
49.56,0.98194,0.811488,198.517915,521.260293
49.57,0.98194,0.811488,198.517907,521.260273
49.58,0.98194,0.811488,198.517898,521.260254
49.59,0.98194,0.811488,198.51789,521.260235
49.6,0.98194,0.811488,198.517881,521.260216
49.61,0.98194,0.811488,198.517873,521.260196
49.62,0.98194,0.811488,198.517864,521.260177
49.63,0.98194,0.811488,198.517856,521.260158
49.64,0.98194,0.811488,198.517847,521.260139
49.65,0.98194,0.811488,198.517839,521.26012
49.66,0.98194,0.811488,198.51783,521.260101
49.67,0.98194,0.811488,198.517821,521.260081
49.68,0.98194,0.811488,198.517813,521.260062
49.69,0.98194,0.811488,198.517804,521.260043
49.7,0.98194,0.811488,198.517796,521.260024
49.71,0.98194,0.811488,198.517787,521.260005
49.72,0.98194,0.811488,198.517779,521.259986
49.73,0.98194,0.811488,198.51777,521.259966
49.74,0.98194,0.811488,198.517762,521.259947
49.75,0.98194,0.811488,198.517753,521.259928
49.76,0.98194,0.811487,198.517745,521.259909
49.77,0.98194,0.811487,198.517736,521.25989
49.78,0.98194,0.811487,198.517728,521.259871
49.79,0.98194,0.811487,198.517719,521.259852
49.8,0.98194,0.811487,198.517711,521.259833
49.81,0.98194,0.811487,198.517702,521.259814
49.82,0.98194,0.811487,198.517694,521.259794
49.83,0.98194,0.811487,198.517685,521.259775
49.84,0.98194,0.811487,198.517677,521.259756
49.85,0.98194,0.811487,198.517668,521.259737
49.86,0.98194,0.811487,198.51766,521.259718
49.87,0.98194,0.811487,198.517651,521.259699
49.88,0.98194,0.811487,198.517643,521.25968
49.89,0.98194,0.811487,198.517634,521.259661
49.9,0.98194,0.811487,198.517626,521.259642
49.91,0.98194,0.811487,198.517617,521.259623
49.92,0.98194,0.811487,198.517609,521.259604
49.93,0.98194,0.811487,198.5176,521.259585
49.94,0.98194,0.811487,198.517592,521.259566
49.95,0.98194,0.811487,198.517584,521.259547
49.96,0.98194,0.811487,198.517575,521.259528
49.97,0.98194,0.811487,198.517567,521.259509
49.98,0.98194,0.811487,198.517558,521.25949
49.99,0.98194,0.811487,198.51755,521.259471
50,0.98194,0.811487,198.517541,521.259452
