b:tnow in s,s:ut in p.u.,s:cur1 in p.u.,s:Q1 in Mvar,s:P1 in MW
0,0.9831,0.866652,205.144371,650
0.01,0.982914,0.867509,205.322805,650.515993
0.02,0.982912,0.86751,205.315361,650.517277
0.03,0.982909,0.867508,205.308428,650.515479
0.04,0.982908,0.867502,205.301838,650.511746
0.05,0.982906,0.867495,205.295516,650.506822
0.06,0.982905,0.867487,205.289436,650.501162
0.07,0.982905,0.867477,205.283595,650.495044
0.08,0.982904,0.867468,205.277993,650.488631
0.09,0.982904,0.867458,205.272632,650.482017
0.1,0.982904,0.867448,205.26751,650.475252
0.11,0.982905,0.867437,205.262621,650.468361
0.12,0.982905,0.867426,205.257955,650.461352
0.13,0.982906,0.867416,205.253501,650.454225
0.14,0.982906,0.867405,205.249246,650.446975
0.15,0.982907,0.867393,205.245175,650.439593
0.16,0.982908,0.867382,205.241273,650.432071
0.17,0.982909,0.86737,205.237526,650.424404
0.18,0.98291,0.867358,205.233919,650.416584
0.19,0.982911,0.867346,205.230438,650.408608
0.2,0.982913,0.867334,205.227072,650.400474
0.21,0.982914,0.867322,205.223807,650.392181
0.22,0.982915,0.867309,205.220633,650.383732
0.23,0.982917,0.867296,205.21754,650.375131
0.24,0.982918,0.867283,205.21452,650.366384
0.25,0.98292,0.86727,205.211564,650.3575
0.26,0.982922,0.867256,205.208665,650.348486
0.27,0.982923,0.867242,205.205817,650.339357
0.28,0.982925,0.867229,205.203015,650.330123
0.29,0.982927,0.867215,205.200254,650.3208
0.3,0.982929,0.8672,205.19753,650.311404
0.31,0.982931,0.867186,205.19484,650.301951
0.32,0.982933,0.867172,205.192182,650.29246
0.33,0.982935,0.867157,205.189552,650.28295
0.34,0.982938,0.867143,205.18695,650.273439
0.35,0.98294,0.867128,205.184374,650.26395
0.36,0.982942,0.867114,205.181823,650.254503
0.37,0.982945,0.867099,205.179298,650.24512
0.38,0.982947,0.867085,205.176797,650.235823
0.39,0.98295,0.86707,205.174321,650.226633
0.4,0.982952,0.867056,205.171871,650.217574
0.41,0.982955,0.867042,205.169447,650.208668
0.42,0.982958,0.867028,205.16705,650.199936
0.43,0.98296,0.867015,205.164682,650.191402
0.44,0.982963,0.867001,205.162344,650.183086
0.45,0.982966,0.866988,205.160037,650.17501
0.46,0.982968,0.866976,205.157763,650.167194
0.47,0.982971,0.866963,205.155525,650.15966
0.48,0.982974,0.866951,205.153324,650.152425
0.49,0.982977,0.866939,205.151162,650.145508
0.5,0.982979,0.866928,205.149041,650.138928
0.51,0.982982,0.866917,205.146965,650.1327
0.52,0.982985,0.866907,205.144934,650.12684
0.53,0.982987,0.866897,205.142952,650.121362
0.54,0.98299,0.866888,205.141022,650.11628
0.55,0.982993,0.86688,205.139145,650.111605
0.56,0.982995,0.866872,205.137324,650.107348
0.57,0.982998,0.866864,205.135562,650.103519
0.58,0.983,0.866857,205.133861,650.100124
0.59,0.983002,0.866851,205.132225,650.09717
0.6,0.983005,0.866845,205.130655,650.094662
0.61,0.983007,0.86684,205.129153,650.092604
0.62,0.983009,0.866836,205.127723,650.090997
0.63,0.983011,0.866832,205.126367,650.089841
0.64,0.983013,0.866829,205.125087,650.089136
0.65,0.983015,0.866827,205.123884,650.088878
0.66,0.983016,0.866825,205.122763,650.089065
0.67,0.983018,0.866824,205.121723,650.08969
0.68,0.983019,0.866824,205.120767,650.090747
0.69,0.983021,0.866824,205.119898,650.092227
0.7,0.983022,0.866825,205.119115,650.094121
0.71,0.983023,0.866826,205.118422,650.096418
0.72,0.983024,0.866828,205.117819,650.099106
0.73,0.983025,0.866831,205.117307,650.102172
0.74,0.983026,0.866835,205.116887,650.105602
0.75,0.983026,0.866838,205.11656,650.109381
0.76,0.983027,0.866843,205.116327,650.113493
0.77,0.983027,0.866848,205.116187,650.11792
0.78,0.983027,0.866854,205.116141,650.122646
0.79,0.983027,0.86686,205.116189,650.127652
0.8,0.983027,0.866866,205.11633,650.132919
0.81,0.983027,0.866873,205.116564,650.138428
0.82,0.983027,0.86688,205.116891,650.144159
0.83,0.983026,0.866888,205.117308,650.150092
0.84,0.983026,0.866896,205.117815,650.156206
0.85,0.983025,0.866905,205.118411,650.162482
0.86,0.983024,0.866914,205.119093,650.168899
0.87,0.983023,0.866923,205.11986,650.175436
0.88,0.983022,0.866932,205.12071,650.182073
0.89,0.983021,0.866942,205.12164,650.188791
0.9,0.98302,0.866951,205.122647,650.195568
0.91,0.983018,0.866961,205.123729,650.202387
0.92,0.983017,0.866971,205.124883,650.209228
0.93,0.983015,0.866982,205.126106,650.216072
0.94,0.983013,0.866992,205.127393,650.222902
0.95,0.983011,0.867002,205.128742,650.2297
0.96,0.983009,0.867013,205.130148,650.23645
0.97,0.983007,0.867023,205.131608,650.243136
0.98,0.983005,0.867034,205.133118,650.249742
0.99,0.983003,0.867044,205.134673,650.256256
1,0.983001,0.867054,205.136269,650.262662
1.01,0.982999,0.867065,205.137901,650.268949
1.02,0.982996,0.867075,205.139565,650.275106
1.03,0.982994,0.867085,205.141256,650.281121
1.04,0.982991,0.867095,205.142969,650.286984
1.05,0.982989,0.867105,205.144699,650.292688
1.06,0.982986,0.867114,205.146442,650.298223
1.07,0.982984,0.867124,205.148193,650.303583
1.08,0.982981,0.867133,205.149946,650.308763
1.09,0.982979,0.867142,205.151697,650.313757
1.1,0.982976,0.867151,205.153441,650.31856
1.11,0.982973,0.867159,205.155173,650.323171
1.12,0.982971,0.867168,205.156888,650.327585
1.13,0.982968,0.867176,205.158581,650.331802
1.14,0.982966,0.867183,205.160248,650.335822
1.15,0.982963,0.867191,205.161884,650.339643
1.16,0.98296,0.867198,205.163484,650.343267
1.17,0.982958,0.867205,205.165045,650.346696
1.18,0.982955,0.867212,205.166561,650.34993
1.19,0.982953,0.867218,205.16803,650.352974
1.2,0.982951,0.867224,205.169446,650.35583
1.21,0.982948,0.86723,205.170807,650.358502
1.22,0.982946,0.867236,205.172109,650.360995
1.23,0.982944,0.867241,205.173348,650.363313
1.24,0.982942,0.867246,205.174521,650.365461
1.25,0.982939,0.867251,205.175626,650.367444
1.26,0.982937,0.867255,205.17666,650.369269
1.27,0.982935,0.867259,205.177619,650.370941
1.28,0.982933,0.867263,205.178503,650.372466
1.29,0.982932,0.867267,205.17931,650.373851
1.3,0.98293,0.86727,205.180036,650.375102
1.31,0.982928,0.867273,205.180682,650.376225
1.32,0.982927,0.867276,205.181245,650.377227
1.33,0.982925,0.867279,205.181725,650.378115
1.34,0.982924,0.867281,205.182121,650.378894
1.35,0.982922,0.867283,205.182433,650.379571
1.36,0.982921,0.867285,205.18266,650.380152
1.37,0.98292,0.867287,205.182803,650.380643
1.38,0.982919,0.867288,205.182862,650.38105
1.39,0.982918,0.867289,205.182837,650.38138
1.4,0.982917,0.867291,205.18273,650.381636
1.41,0.982916,0.867291,205.18254,650.381825
1.42,0.982915,0.867292,205.18227,650.381951
1.43,0.982915,0.867293,205.18192,650.382019
1.44,0.982914,0.867293,205.181494,650.382034
1.45,0.982914,0.867293,205.180991,650.382
1.46,0.982913,0.867293,205.180415,650.381921
1.47,0.982913,0.867293,205.179767,650.381799
1.48,0.982913,0.867293,205.17905,650.38164
1.49,0.982913,0.867292,205.178266,650.381444
1.5,0.982913,0.867292,205.177419,650.381216
1.51,0.982913,0.867291,205.17651,650.380958
1.52,0.982913,0.86729,205.175543,650.380672
1.53,0.982913,0.867289,205.17452,650.380359
1.54,0.982913,0.867288,205.173446,650.380021
1.55,0.982914,0.867287,205.172322,650.37966
1.56,0.982914,0.867286,205.171152,650.379276
1.57,0.982915,0.867284,205.169939,650.37887
1.58,0.982915,0.867283,205.168687,650.378444
1.59,0.982916,0.867281,205.167399,650.377997
1.6,0.982916,0.86728,205.166078,650.37753
1.61,0.982917,0.867278,205.164727,650.377042
1.62,0.982918,0.867276,205.16335,650.376534
1.63,0.982919,0.867274,205.161951,650.376005
1.64,0.98292,0.867272,205.160532,650.375454
1.65,0.982921,0.86727,205.159096,650.374882
1.66,0.982921,0.867268,205.157647,650.374287
1.67,0.982922,0.867266,205.156188,650.373669
1.68,0.982924,0.867264,205.154722,650.373026
1.69,0.982925,0.867261,205.153252,650.372359
1.7,0.982926,0.867259,205.15178,650.371665
1.71,0.982927,0.867256,205.150309,650.370944
1.72,0.982928,0.867254,205.148843,650.370195
1.73,0.982929,0.867251,205.147384,650.369416
1.74,0.982931,0.867249,205.145933,650.368608
1.75,0.982932,0.867246,205.144494,650.367767
1.76,0.982933,0.867243,205.143068,650.366895
1.77,0.982934,0.86724,205.141658,650.365989
1.78,0.982936,0.867238,205.140266,650.365048
1.79,0.982937,0.867235,205.138894,650.364072
1.8,0.982938,0.867232,205.137543,650.36306
1.81,0.98294,0.867229,205.136215,650.362011
1.82,0.982941,0.867226,205.134911,650.360924
1.83,0.982943,0.867223,205.133633,650.359799
1.84,0.982944,0.86722,205.132383,650.358634
1.85,0.982945,0.867216,205.13116,650.35743
1.86,0.982947,0.867213,205.129968,650.356187
1.87,0.982948,0.86721,205.128805,650.354903
1.88,0.98295,0.867207,205.127674,650.353579
1.89,0.982951,0.867203,205.126574,650.352215
1.9,0.982952,0.8672,205.125507,650.35081
1.91,0.982954,0.867197,205.124474,650.349365
1.92,0.982955,0.867193,205.123473,650.347881
1.93,0.982957,0.86719,205.122507,650.346358
1.94,0.982958,0.867186,205.121576,650.344796
1.95,0.98296,0.867183,205.120679,650.343196
1.96,0.982961,0.867179,205.119817,650.341559
1.97,0.982962,0.867175,205.118989,650.339887
1.98,0.982964,0.867172,205.118197,650.33818
1.99,0.982965,0.867168,205.117441,650.33644
2,0.982967,0.867164,205.116719,650.334668
2.01,0.982968,0.867161,205.116033,650.332866
2.02,0.98297,0.867157,205.115382,650.331037
2.03,0.982971,0.867153,205.114766,650.329181
2.04,0.982972,0.86715,205.114185,650.327302
2.05,0.982974,0.867146,205.113639,650.325402
2.06,0.982975,0.867142,205.113129,650.323484
2.07,0.982976,0.867138,205.112653,650.32155
2.08,0.982978,0.867135,205.112212,650.319603
2.09,0.982979,0.867131,205.111806,650.317647
2.1,0.98298,0.867127,205.111434,650.315685
2.11,0.982982,0.867124,205.111097,650.313721
2.12,0.982983,0.86712,205.110795,650.311758
2.13,0.982984,0.867116,205.110528,650.309801
2.14,0.982986,0.867113,205.110295,650.307854
2.15,0.982987,0.867109,205.110097,650.305921
2.16,0.982988,0.867106,205.109933,650.304006
2.17,0.982989,0.867102,205.109804,650.302115
2.18,0.98299,0.867099,205.10971,650.300252
2.19,0.982992,0.867096,205.109651,650.298423
2.2,0.982993,0.867093,205.109627,650.296632
2.21,0.982994,0.867089,205.109638,650.294885
2.22,0.982995,0.867086,205.109685,650.293188
2.23,0.982996,0.867084,205.109766,650.291546
2.24,0.982997,0.867081,205.109884,650.289965
2.25,0.982998,0.867078,205.110037,650.288451
2.26,0.982999,0.867076,205.110226,650.28701
2.27,0.983,0.867073,205.110451,650.285647
2.28,0.983001,0.867071,205.110712,650.284369
2.29,0.983002,0.867069,205.11101,650.283182
2.3,0.983003,0.867067,205.111344,650.282091
2.31,0.983003,0.867065,205.111715,650.281104
2.32,0.983004,0.867064,205.112122,650.280225
2.33,0.983005,0.867062,205.112566,650.279462
2.34,0.983006,0.867061,205.113048,650.278819
2.35,0.983006,0.86706,205.113566,650.278303
2.36,0.983007,0.867059,205.11412,650.277918
2.37,0.983007,0.867059,205.114712,650.277672
2.38,0.983008,0.867058,205.11534,650.277568
2.39,0.983008,0.867058,205.116004,650.277612
2.4,0.983008,0.867059,205.116705,650.277809
2.41,0.983009,0.867059,205.117442,650.278163
2.42,0.983009,0.86706,205.118214,650.278679
2.43,0.983009,0.867061,205.119021,650.27936
2.44,0.983009,0.867062,205.119863,650.28021
2.45,0.983009,0.867064,205.120739,650.281232
2.46,0.983009,0.867065,205.121649,650.282429
2.47,0.983009,0.867067,205.122591,650.283804
2.48,0.983009,0.86707,205.123565,650.285357
2.49,0.983009,0.867073,205.12457,650.287091
2.5,0.983009,0.867076,205.125605,650.289007
2.51,0.983008,0.867079,205.12667,650.291105
2.52,0.983008,0.867082,205.127762,650.293384
2.53,0.983007,0.867086,205.128881,650.295845
2.54,0.983007,0.86709,205.130025,650.298486
2.55,0.983006,0.867095,205.131193,650.301305
2.56,0.983005,0.867099,205.132384,650.3043
2.57,0.983005,0.867104,205.133597,650.307468
2.58,0.983004,0.86711,205.134828,650.310805
2.59,0.983003,0.867115,205.136078,650.314307
2.6,0.983002,0.867121,205.137343,650.31797
2.61,0.983001,0.867127,205.138623,650.321788
2.62,0.983,0.867133,205.139915,650.325756
2.63,0.982999,0.86714,205.141217,650.329866
2.64,0.982998,0.867146,205.142528,650.334112
2.65,0.982996,0.867153,205.143846,650.338485
2.66,0.982995,0.86716,205.145168,650.342979
2.67,0.982994,0.867168,205.146492,650.347584
2.68,0.982992,0.867175,205.147816,650.352291
2.69,0.982991,0.867183,205.149138,650.35709
2.7,0.98299,0.86719,205.150455,650.361971
2.71,0.982988,0.867198,205.151766,650.366924
2.72,0.982986,0.867206,205.153069,650.371938
2.73,0.982985,0.867214,205.15436,650.377001
2.74,0.982983,0.867222,205.155638,650.382103
2.75,0.982982,0.86723,205.1569,650.38723
2.76,0.98298,0.867239,205.158145,650.392371
2.77,0.982978,0.867247,205.15937,650.397514
2.78,0.982977,0.867255,205.160573,650.402647
2.79,0.982975,0.867263,205.161751,650.407755
2.8,0.982973,0.867271,205.162904,650.412828
2.81,0.982971,0.867279,205.164028,650.417852
2.82,0.98297,0.867287,205.165122,650.422815
2.83,0.982968,0.867295,205.166184,650.427704
2.84,0.982966,0.867303,205.167212,650.432507
2.85,0.982964,0.86731,205.168205,650.437211
2.86,0.982963,0.867318,205.16916,650.441805
2.87,0.982961,0.867325,205.170076,650.446276
2.88,0.982959,0.867332,205.170951,650.450614
2.89,0.982958,0.867339,205.171785,650.454807
2.9,0.982956,0.867346,205.172575,650.458845
2.91,0.982955,0.867352,205.173321,650.462717
2.92,0.982953,0.867358,205.174022,650.466413
2.93,0.982952,0.867364,205.174676,650.469925
2.94,0.98295,0.867369,205.175282,650.473243
2.95,0.982949,0.867375,205.175841,650.47636
2.96,0.982948,0.867379,205.17635,650.479269
2.97,0.982946,0.867384,205.176811,650.481962
2.98,0.982945,0.867388,205.177222,650.484434
2.99,0.982944,0.867392,205.177582,650.486679
3,0.982943,0.867396,205.177893,650.488693
3.01,0.982942,0.867399,205.178153,650.490471
3.02,0.982941,0.867402,205.178364,650.492012
3.03,0.98294,0.867404,205.178525,650.493313
3.04,0.982939,0.867406,205.178636,650.494372
3.05,0.982938,0.867408,205.178698,650.495189
3.06,0.982938,0.867409,205.178711,650.495764
3.07,0.982937,0.86741,205.178677,650.496099
3.08,0.982937,0.86741,205.178596,650.496194
3.09,0.982936,0.867411,205.178469,650.496053
3.1,0.982936,0.86741,205.178297,650.49568
3.11,0.982936,0.86741,205.178082,650.495078
3.12,0.982935,0.867409,205.177823,650.494252
3.13,0.982935,0.867408,205.177524,650.493209
3.14,0.982935,0.867406,205.177184,650.491955
3.15,0.982935,0.867404,205.176806,650.490496
3.16,0.982935,0.867402,205.176392,650.488842
3.17,0.982936,0.867399,205.175942,650.487
3.18,0.982936,0.867396,205.175459,650.484979
3.19,0.982936,0.867393,205.174944,650.482789
3.2,0.982937,0.86739,205.1744,650.48044
3.21,0.982937,0.867386,205.173828,650.477943
3.22,0.982938,0.867382,205.17323,650.475309
3.23,0.982938,0.867378,205.172609,650.472549
3.24,0.982939,0.867374,205.171965,650.469675
3.25,0.98294,0.867369,205.171302,650.466698
3.26,0.982941,0.867365,205.170622,650.463632
3.27,0.982941,0.86736,205.169926,650.460488
3.28,0.982942,0.867355,205.169216,650.45728
3.29,0.982943,0.86735,205.168496,650.454019
3.3,0.982944,0.867345,205.167766,650.450719
3.31,0.982945,0.867339,205.167029,650.447392
3.32,0.982946,0.867334,205.166287,650.444051
3.33,0.982947,0.867329,205.165543,650.440708
3.34,0.982949,0.867323,205.164797,650.437376
3.35,0.98295,0.867318,205.164053,650.434066
3.36,0.982951,0.867313,205.163312,650.430791
3.37,0.982952,0.867307,205.162576,650.427562
3.38,0.982953,0.867302,205.161847,650.424391
3.39,0.982955,0.867297,205.161127,650.421287
3.4,0.982956,0.867292,205.160418,650.418261
3.41,0.982957,0.867287,205.159721,650.415323
3.42,0.982959,0.867282,205.159037,650.412483
3.43,0.98296,0.867277,205.15837,650.409749
3.44,0.982961,0.867273,205.157719,650.40713
3.45,0.982962,0.867269,205.157087,650.404633
3.46,0.982964,0.867264,205.156475,650.402265
3.47,0.982965,0.86726,205.155885,650.400032
3.48,0.982966,0.867256,205.155316,650.397941
3.49,0.982967,0.867253,205.154772,650.395996
3.5,0.982969,0.867249,205.154252,650.394202
3.51,0.98297,0.867246,205.153757,650.392563
3.52,0.982971,0.867243,205.153289,650.391081
3.53,0.982972,0.86724,205.152848,650.389758
3.54,0.982973,0.867238,205.152436,650.388597
3.55,0.982974,0.867235,205.152052,650.387598
3.56,0.982975,0.867233,205.151697,650.386762
3.57,0.982976,0.867231,205.151372,650.386088
3.58,0.982977,0.86723,205.151076,650.385575
3.59,0.982978,0.867229,205.150812,650.385221
3.6,0.982979,0.867227,205.150577,650.385025
3.61,0.98298,0.867227,205.150374,650.384982
3.62,0.982981,0.867226,205.150201,650.38509
3.63,0.982982,0.867225,205.150059,650.385345
3.64,0.982982,0.867225,205.149948,650.385742
3.65,0.982983,0.867225,205.149867,650.386276
3.66,0.982984,0.867225,205.149817,650.386942
3.67,0.982984,0.867226,205.149797,650.387733
3.68,0.982985,0.867226,205.149806,650.388644
3.69,0.982986,0.867227,205.149845,650.389668
3.7,0.982986,0.867228,205.149913,650.390797
3.71,0.982986,0.867229,205.150009,650.392026
3.72,0.982987,0.867231,205.150134,650.393346
3.73,0.982987,0.867232,205.150286,650.394751
3.74,0.982988,0.867234,205.150464,650.396232
3.75,0.982988,0.867235,205.150669,650.397781
3.76,0.982988,0.867237,205.150899,650.399391
3.77,0.982988,0.867239,205.151154,650.401054
3.78,0.982989,0.867241,205.151433,650.402763
3.79,0.982989,0.867243,205.151735,650.404508
3.8,0.982989,0.867245,205.15206,650.406284
3.81,0.982989,0.867248,205.152407,650.408082
3.82,0.982989,0.86725,205.152775,650.409895
3.83,0.982989,0.867252,205.153162,650.411716
3.84,0.982989,0.867255,205.15357,650.413538
3.85,0.982989,0.867257,205.153995,650.415354
3.86,0.982989,0.867259,205.154439,650.417158
3.87,0.982989,0.867262,205.154899,650.418945
3.88,0.982989,0.867264,205.155376,650.420709
3.89,0.982988,0.867267,205.155868,650.422443
3.9,0.982988,0.867269,205.156375,650.424145
3.91,0.982988,0.867271,205.156896,650.425808
3.92,0.982988,0.867274,205.15743,650.42743
3.93,0.982988,0.867276,205.157976,650.429006
3.94,0.982987,0.867278,205.158534,650.430534
3.95,0.982987,0.867281,205.159102,650.432011
3.96,0.982987,0.867283,205.159681,650.433435
3.97,0.982987,0.867285,205.16027,650.434804
3.98,0.982986,0.867287,205.160868,650.436116
3.99,0.982986,0.867289,205.161474,650.437372
4,0.982986,0.867291,205.162088,650.438571
4.01,0.982986,0.867293,205.162709,650.439713
4.02,0.982985,0.867295,205.163337,650.440798
4.03,0.982985,0.867296,205.163971,650.441829
4.04,0.982985,0.867298,205.16461,650.442805
4.05,0.982984,0.8673,205.165255,650.443729
4.06,0.982984,0.867301,205.165904,650.444604
4.07,0.982984,0.867303,205.166557,650.445432
4.08,0.982983,0.867304,205.167214,650.446215
4.09,0.982983,0.867306,205.167875,650.446958
4.1,0.982982,0.867307,205.168538,650.447663
4.11,0.982982,0.867309,205.169204,650.448334
4.12,0.982982,0.86731,205.169871,650.448976
4.13,0.982981,0.867311,205.170541,650.449593
4.14,0.982981,0.867313,205.171211,650.450189
4.15,0.982981,0.867314,205.171883,650.450769
4.16,0.98298,0.867315,205.172555,650.451337
4.17,0.98298,0.867317,205.173228,650.451899
4.18,0.982979,0.867318,205.1739,650.452459
4.19,0.982979,0.867319,205.174572,650.453022
4.2,0.982978,0.867321,205.175243,650.453592
4.21,0.982978,0.867322,205.175912,650.454175
4.22,0.982978,0.867323,205.17658,650.454776
4.23,0.982977,0.867325,205.177247,650.455398
4.24,0.982977,0.867326,205.17791,650.456047
4.25,0.982976,0.867328,205.178571,650.456727
4.26,0.982976,0.867329,205.179229,650.457442
4.27,0.982975,0.867331,205.179884,650.458195
4.28,0.982975,0.867332,205.180534,650.458991
4.29,0.982974,0.867334,205.18118,650.459834
4.3,0.982974,0.867336,205.181821,650.460725
4.31,0.982973,0.867338,205.182457,650.461668
4.32,0.982973,0.86734,205.183087,650.462665
4.33,0.982972,0.867342,205.183711,650.463719
4.34,0.982972,0.867344,205.184328,650.464832
4.35,0.982971,0.867346,205.184938,650.466004
4.36,0.98297,0.867348,205.18554,650.467237
4.37,0.98297,0.86735,205.186133,650.468531
4.38,0.982969,0.867353,205.186718,650.469887
4.39,0.982969,0.867355,205.187293,650.471304
4.4,0.982968,0.867358,205.187858,650.472783
4.41,0.982968,0.86736,205.188413,650.474321
4.42,0.982967,0.867363,205.188956,650.475918
4.43,0.982966,0.867366,205.189487,650.477571
4.44,0.982966,0.867369,205.190006,650.479279
4.45,0.982965,0.867372,205.190512,650.481038
4.46,0.982964,0.867375,205.191004,650.482847
4.47,0.982964,0.867378,205.191482,650.484701
4.48,0.982963,0.867381,205.191945,650.486597
4.49,0.982962,0.867384,205.192393,650.488531
4.5,0.982962,0.867387,205.192824,650.490498
4.51,0.982961,0.86739,205.193239,650.492494
4.52,0.98296,0.867393,205.193636,650.494514
4.53,0.98296,0.867396,205.194015,650.496553
4.54,0.982959,0.8674,205.194376,650.498605
4.55,0.982959,0.867403,205.194718,650.500664
4.56,0.982958,0.867406,205.19504,650.502725
4.57,0.982957,0.867409,205.195343,650.504782
4.58,0.982957,0.867412,205.195624,650.506828
4.59,0.982956,0.867415,205.195885,650.508858
4.6,0.982956,0.867418,205.196125,650.510864
4.61,0.982955,0.867421,205.196343,650.512842
4.62,0.982954,0.867424,205.196539,650.514784
4.63,0.982954,0.867427,205.196712,650.516683
4.64,0.982953,0.86743,205.196863,650.518535
4.65,0.982953,0.867433,205.196991,650.520332
4.66,0.982952,0.867435,205.197095,650.522068
4.67,0.982952,0.867438,205.197177,650.523738
4.68,0.982951,0.86744,205.197235,650.525335
4.69,0.982951,0.867442,205.19727,650.526854
4.7,0.982951,0.867444,205.197282,650.528289
4.71,0.98295,0.867446,205.197271,650.529636
4.72,0.98295,0.867448,205.197236,650.53089
4.73,0.98295,0.86745,205.197179,650.532045
4.74,0.982949,0.867451,205.197098,650.533098
4.75,0.982949,0.867452,205.196996,650.534045
4.76,0.982949,0.867454,205.196871,650.534882
4.77,0.982949,0.867454,205.196724,650.535606
4.78,0.982949,0.867455,205.196557,650.536213
4.79,0.982949,0.867456,205.196368,650.536703
4.8,0.982949,0.867456,205.19616,650.537073
4.81,0.982949,0.867456,205.195932,650.53732
4.82,0.982949,0.867457,205.195684,650.537445
4.83,0.982949,0.867456,205.195419,650.537447
4.84,0.982949,0.867456,205.195137,650.537324
4.85,0.982949,0.867455,205.194838,650.537079
4.86,0.982949,0.867455,205.194523,650.536711
4.87,0.982949,0.867454,205.194193,650.536221
4.88,0.98295,0.867453,205.19385,650.535612
4.89,0.98295,0.867451,205.193494,650.534886
4.9,0.98295,0.86745,205.193126,650.534044
4.91,0.982951,0.867448,205.192747,650.533091
4.92,0.982951,0.867447,205.192359,650.532029
4.93,0.982951,0.867445,205.191962,650.530863
4.94,0.982952,0.867442,205.191558,650.529596
4.95,0.982952,0.86744,205.191148,650.528233
4.96,0.982953,0.867438,205.190733,650.52678
4.97,0.982954,0.867435,205.190315,650.525242
4.98,0.982954,0.867433,205.189894,650.523624
4.99,0.982955,0.86743,205.189472,650.521933
5,0.982955,0.867427,205.18905,650.520175
5.01,0.982956,0.867424,205.188629,650.518356
5.02,0.982957,0.867421,205.188211,650.516483
5.03,0.982958,0.867418,205.187797,650.514564
5.04,0.982958,0.867415,205.187389,650.512605
5.05,0.982959,0.867411,205.186986,650.510614
5.06,0.98296,0.867408,205.186592,650.508598
5.07,0.982961,0.867405,205.186206,650.506565
5.08,0.982961,0.867401,205.18583,650.504523
5.09,0.982962,0.867398,205.185465,650.502479
5.1,0.982963,0.867395,205.185113,650.500441
5.11,0.982964,0.867391,205.184774,650.498416
5.12,0.982965,0.867388,205.184449,650.496412
5.13,0.982966,0.867385,205.18414,650.494437
5.14,0.982966,0.867382,205.183848,650.492498
5.15,0.982967,0.867379,205.183572,650.490602
5.16,0.982968,0.867375,205.183315,650.488757
5.17,0.982969,0.867373,205.183077,650.486969
5.18,0.98297,0.86737,205.182859,650.485244
5.19,0.982971,0.867367,205.182662,650.483591
5.2,0.982971,0.867364,205.182485,650.482013
5.21,0.982972,0.867362,205.182331,650.480518
5.22,0.982973,0.867359,205.182199,650.479111
5.23,0.982974,0.867357,205.18209,650.477797
5.24,0.982974,0.867355,205.182004,650.47658
5.25,0.982975,0.867353,205.181941,650.475466
5.26,0.982976,0.867351,205.181903,650.474458
5.27,0.982976,0.867349,205.181889,650.473561
5.28,0.982977,0.867348,205.181899,650.472776
5.29,0.982977,0.867347,205.181934,650.472108
5.3,0.982978,0.867345,205.181993,650.471558
5.31,0.982979,0.867344,205.182077,650.471128
5.32,0.982979,0.867344,205.182185,650.470821
5.33,0.982979,0.867343,205.182317,650.470636
5.34,0.98298,0.867343,205.182474,650.470575
5.35,0.98298,0.867343,205.182654,650.470638
5.36,0.982981,0.867343,205.182857,650.470824
5.37,0.982981,0.867343,205.183084,650.471132
5.38,0.982981,0.867343,205.183333,650.471563
5.39,0.982981,0.867344,205.183605,650.472113
5.4,0.982982,0.867344,205.183898,650.472781
5.41,0.982982,0.867345,205.184212,650.473564
5.42,0.982982,0.867346,205.184546,650.47446
5.43,0.982982,0.867348,205.184901,650.475466
5.44,0.982982,0.867349,205.185274,650.476577
5.45,0.982982,0.867351,205.185665,650.47779
5.46,0.982982,0.867353,205.186074,650.479102
5.47,0.982982,0.867355,205.186499,650.480506
5.48,0.982982,0.867357,205.186941,650.481999
5.49,0.982982,0.867359,205.187397,650.483576
5.5,0.982981,0.867361,205.187867,650.48523
5.51,0.982981,0.867364,205.188351,650.486957
5.52,0.982981,0.867366,205.188846,650.488751
5.53,0.982981,0.867369,205.189353,650.490606
5.54,0.98298,0.867372,205.18987,650.492516
5.55,0.98298,0.867375,205.190396,650.494476
5.56,0.98298,0.867377,205.190931,650.496477
5.57,0.982979,0.86738,205.191473,650.498516
5.58,0.982979,0.867384,205.192021,650.500585
5.59,0.982979,0.867387,205.192575,650.502677
5.6,0.982978,0.86739,205.193134,650.504787
5.61,0.982978,0.867393,205.193696,650.506909
5.62,0.982977,0.867396,205.194261,650.509036
5.63,0.982977,0.8674,205.194827,650.511162
5.64,0.982976,0.867403,205.195394,650.513282
5.65,0.982976,0.867406,205.195961,650.515389
5.66,0.982975,0.867409,205.196528,650.517478
5.67,0.982975,0.867412,205.197092,650.519544
5.68,0.982974,0.867416,205.197654,650.521581
5.69,0.982973,0.867419,205.198213,650.523584
5.7,0.982973,0.867422,205.198768,650.525548
5.71,0.982972,0.867425,205.199318,650.527469
5.72,0.982972,0.867428,205.199862,650.529343
5.73,0.982971,0.867431,205.200401,650.531166
5.74,0.98297,0.867434,205.200932,650.532934
5.75,0.98297,0.867437,205.201457,650.534644
5.76,0.982969,0.867439,205.201974,650.536292
5.77,0.982969,0.867442,205.202482,650.537877
5.78,0.982968,0.867444,205.202981,650.539395
5.79,0.982968,0.867447,205.203472,650.540845
5.8,0.982967,0.867449,205.203952,650.542225
5.81,0.982966,0.867451,205.204423,650.543533
5.82,0.982966,0.867454,205.204883,650.544769
5.83,0.982965,0.867456,205.205333,650.545932
5.84,0.982965,0.867458,205.205772,650.547021
5.85,0.982964,0.867459,205.206199,650.548037
5.86,0.982964,0.867461,205.206616,650.548979
5.87,0.982963,0.867463,205.207021,650.549849
5.88,0.982963,0.867464,205.207414,650.550647
5.89,0.982962,0.867466,205.207796,650.551375
5.9,0.982962,0.867467,205.208166,650.552034
5.91,0.982962,0.867468,205.208524,650.552626
5.92,0.982961,0.86747,205.20887,650.553152
5.93,0.982961,0.867471,205.209205,650.553616
5.94,0.98296,0.867472,205.209528,650.554019
5.95,0.98296,0.867472,205.209839,650.554364
5.96,0.98296,0.867473,205.210139,650.554654
5.97,0.982959,0.867474,205.210427,650.554892
5.98,0.982959,0.867475,205.210704,650.555081
5.99,0.982959,0.867475,205.210969,650.555225
6,0.982958,0.867476,205.211224,650.555327
6.01,0.982958,0.867476,205.211467,650.55539
6.02,0.982958,0.867476,205.2117,650.555418
6.03,0.982958,0.867477,205.211923,650.555415
6.04,0.982957,0.867477,205.212134,650.555384
6.05,0.982957,0.867477,205.212336,650.555329
6.06,0.982957,0.867477,205.212528,650.555253
6.07,0.982957,0.867477,205.21271,650.55516
6.08,0.982956,0.867477,205.212882,650.555055
6.09,0.982956,0.867478,205.213045,650.554939
6.1,0.982956,0.867478,205.213199,650.554817
6.11,0.982956,0.867478,205.213344,650.554692
6.12,0.982956,0.867478,205.21348,650.554567
6.13,0.982956,0.867478,205.213607,650.554445
6.14,0.982956,0.867478,205.213727,650.55433
6.15,0.982956,0.867478,205.213838,650.554223
6.16,0.982955,0.867478,205.213941,650.554127
6.17,0.982955,0.867478,205.214036,650.554045
6.18,0.982955,0.867478,205.214124,650.553979
6.19,0.982955,0.867478,205.214205,650.553931
6.2,0.982955,0.867478,205.214278,650.553903
6.21,0.982955,0.867478,205.214344,650.553896
6.22,0.982955,0.867478,205.214403,650.553911
6.23,0.982955,0.867478,205.214455,650.55395
6.24,0.982955,0.867478,205.214501,650.554013
6.25,0.982955,0.867478,205.21454,650.554101
6.26,0.982955,0.867479,205.214573,650.554214
6.27,0.982955,0.867479,205.214599,650.554353
6.28,0.982955,0.867479,205.214619,650.554518
6.29,0.982955,0.867479,205.214633,650.554708
6.3,0.982955,0.86748,205.214642,650.554922
6.31,0.982955,0.86748,205.214644,650.55516
6.32,0.982955,0.86748,205.21464,650.555421
6.33,0.982955,0.86748,205.214631,650.555703
6.34,0.982955,0.867481,205.214616,650.556006
6.35,0.982955,0.867481,205.214596,650.556328
6.36,0.982955,0.867482,205.21457,650.556666
6.37,0.982955,0.867482,205.214539,650.55702
6.38,0.982955,0.867482,205.214503,650.557387
6.39,0.982955,0.867483,205.214461,650.557766
6.4,0.982955,0.867483,205.214415,650.558152
6.41,0.982955,0.867484,205.214363,650.558546
6.42,0.982955,0.867484,205.214307,650.558943
6.43,0.982955,0.867485,205.214246,650.559342
6.44,0.982955,0.867485,205.21418,650.55974
6.45,0.982955,0.867485,205.21411,650.560134
6.46,0.982955,0.867486,205.214035,650.560521
6.47,0.982955,0.867486,205.213956,650.5609
6.48,0.982955,0.867486,205.213873,650.561267
6.49,0.982955,0.867487,205.213786,650.561619
6.5,0.982955,0.867487,205.213696,650.561955
6.51,0.982956,0.867487,205.213602,650.562272
6.52,0.982956,0.867488,205.213504,650.562567
6.53,0.982956,0.867488,205.213404,650.562838
6.54,0.982956,0.867488,205.2133,650.563083
6.55,0.982956,0.867488,205.213194,650.563299
6.56,0.982956,0.867488,205.213085,650.563485
6.57,0.982956,0.867488,205.212975,650.563639
6.58,0.982957,0.867488,205.212862,650.563759
6.59,0.982957,0.867488,205.212748,650.563844
6.6,0.982957,0.867488,205.212633,650.563893
6.61,0.982957,0.867488,205.212516,650.563903
6.62,0.982957,0.867487,205.212399,650.563875
6.63,0.982958,0.867487,205.212282,650.563807
6.64,0.982958,0.867487,205.212165,650.563699
6.65,0.982958,0.867486,205.212049,650.563551
6.66,0.982958,0.867486,205.211933,650.563363
6.67,0.982958,0.867485,205.211819,650.563134
6.68,0.982959,0.867485,205.211706,650.562865
6.69,0.982959,0.867484,205.211595,650.562557
6.7,0.982959,0.867483,205.211487,650.56221
6.71,0.98296,0.867482,205.211382,650.561826
6.72,0.98296,0.867482,205.21128,650.561405
6.73,0.98296,0.867481,205.211182,650.56095
6.74,0.98296,0.86748,205.211088,650.560461
6.75,0.982961,0.867479,205.210999,650.55994
6.76,0.982961,0.867478,205.210915,650.55939
6.77,0.982961,0.867477,205.210837,650.558812
6.78,0.982962,0.867476,205.210764,650.55821
6.79,0.982962,0.867475,205.210698,650.557585
6.8,0.982962,0.867474,205.210639,650.556941
6.81,0.982963,0.867473,205.210587,650.55628
6.82,0.982963,0.867471,205.210543,650.555605
6.83,0.982963,0.86747,205.210506,650.554919
6.84,0.982964,0.867469,205.210479,650.554226
6.85,0.982964,0.867468,205.21046,650.553528
6.86,0.982964,0.867467,205.21045,650.55283
6.87,0.982965,0.867466,205.21045,650.552134
6.88,0.982965,0.867465,205.21046,650.551444
6.89,0.982965,0.867463,205.21048,650.550763
6.9,0.982966,0.867462,205.210511,650.550095
6.91,0.982966,0.867461,205.210552,650.549444
6.92,0.982966,0.86746,205.210605,650.548812
6.93,0.982967,0.867459,205.210668,650.548204
6.94,0.982967,0.867458,205.210743,650.547622
6.95,0.982967,0.867458,205.21083,650.547071
6.96,0.982967,0.867457,205.210929,650.546553
6.97,0.982968,0.867456,205.211039,650.546071
6.98,0.982968,0.867455,205.211162,650.545628
6.99,0.982968,0.867455,205.211296,650.545228
7,0.982968,0.867454,205.211443,650.544873
7.01,0.982969,0.867454,205.211601,650.544565
7.02,0.982969,0.867453,205.211772,650.544308
7.03,0.982969,0.867453,205.211955,650.544103
7.04,0.982969,0.867452,205.21215,650.543952
7.05,0.982969,0.867452,205.212356,650.543858
7.06,0.982969,0.867452,205.212574,650.543821
7.07,0.98297,0.867452,205.212804,650.543844
7.08,0.98297,0.867452,205.213045,650.543928
7.09,0.98297,0.867453,205.213297,650.544074
7.1,0.98297,0.867453,205.21356,650.544282
7.11,0.98297,0.867453,205.213833,650.544553
7.12,0.98297,0.867454,205.214116,650.544888
7.13,0.98297,0.867454,205.214409,650.545286
7.14,0.98297,0.867455,205.214712,650.545748
7.15,0.98297,0.867456,205.215024,650.546272
7.16,0.98297,0.867457,205.215344,650.546859
7.17,0.98297,0.867458,205.215672,650.547507
7.18,0.98297,0.867459,205.216008,650.548216
7.19,0.982969,0.86746,205.216351,650.548984
7.2,0.982969,0.867461,205.216701,650.549809
7.21,0.982969,0.867463,205.217057,650.550689
7.22,0.982969,0.867464,205.217418,650.551624
7.23,0.982969,0.867466,205.217784,650.55261
7.24,0.982969,0.867467,205.218155,650.553645
7.25,0.982968,0.867469,205.21853,650.554727
7.26,0.982968,0.867471,205.218908,650.555853
7.27,0.982968,0.867472,205.219288,650.557019
7.28,0.982968,0.867474,205.219671,650.558224
7.29,0.982967,0.867476,205.220055,650.559464
7.3,0.982967,0.867478,205.220439,650.560735
7.31,0.982967,0.86748,205.220824,650.562034
7.32,0.982966,0.867482,205.221208,650.563357
7.33,0.982966,0.867484,205.221592,650.564702
7.34,0.982966,0.867486,205.221973,650.566064
7.35,0.982965,0.867488,205.222353,650.56744
7.36,0.982965,0.867491,205.222729,650.568826
7.37,0.982964,0.867493,205.223102,650.570218
7.38,0.982964,0.867495,205.223471,650.571612
7.39,0.982964,0.867497,205.223835,650.573005
7.4,0.982963,0.867499,205.224194,650.574393
7.41,0.982963,0.867501,205.224548,650.575772
7.42,0.982963,0.867504,205.224895,650.577139
7.43,0.982962,0.867506,205.225236,650.578489
7.44,0.982962,0.867508,205.225569,650.57982
7.45,0.982961,0.86751,205.225895,650.581129
7.46,0.982961,0.867512,205.226213,650.582411
7.47,0.982961,0.867514,205.226522,650.583663
7.48,0.98296,0.867516,205.226823,650.584883
7.49,0.98296,0.867518,205.227114,650.586068
7.5,0.982959,0.86752,205.227396,650.587215
7.51,0.982959,0.867521,205.227668,650.588321
7.52,0.982959,0.867523,205.22793,650.589383
7.53,0.982958,0.867525,205.228182,650.5904
7.54,0.982958,0.867526,205.228423,650.59137
7.55,0.982958,0.867528,205.228654,650.59229
7.56,0.982957,0.867529,205.228874,650.593159
7.57,0.982957,0.867531,205.229083,650.593976
7.58,0.982957,0.867532,205.22928,650.594738
7.59,0.982956,0.867533,205.229467,650.595446
7.6,0.982956,0.867534,205.229643,650.596098
7.61,0.982956,0.867535,205.229807,650.596693
7.62,0.982956,0.867536,205.22996,650.597232
7.63,0.982955,0.867537,205.230102,650.597713
7.64,0.982955,0.867538,205.230233,650.598137
7.65,0.982955,0.867538,205.230353,650.598505
7.66,0.982955,0.867539,205.230462,650.598815
7.67,0.982954,0.867539,205.230561,650.59907
7.68,0.982954,0.86754,205.230649,650.599269
7.69,0.982954,0.86754,205.230727,650.599415
7.7,0.982954,0.86754,205.230795,650.599507
7.71,0.982954,0.867541,205.230853,650.599547
7.72,0.982954,0.867541,205.230901,650.599538
7.73,0.982954,0.867541,205.23094,650.599479
7.74,0.982954,0.867541,205.23097,650.599374
7.75,0.982954,0.86754,205.230992,650.599224
7.76,0.982954,0.86754,205.231005,650.599032
7.77,0.982954,0.86754,205.23101,650.598798
7.78,0.982954,0.86754,205.231007,650.598527
7.79,0.982954,0.867539,205.230997,650.598219
7.8,0.982954,0.867539,205.23098,650.597878
7.81,0.982954,0.867538,205.230956,650.597507
7.82,0.982954,0.867538,205.230926,650.597107
7.83,0.982954,0.867537,205.230891,650.596681
7.84,0.982954,0.867537,205.23085,650.596233
7.85,0.982954,0.867536,205.230803,650.595765
7.86,0.982954,0.867535,205.230753,650.595279
7.87,0.982954,0.867534,205.230698,650.594779
7.88,0.982954,0.867534,205.230639,650.594266
7.89,0.982955,0.867533,205.230576,650.593745
7.9,0.982955,0.867532,205.230511,650.593217
7.91,0.982955,0.867531,205.230442,650.592685
7.92,0.982955,0.86753,205.230372,650.592152
7.93,0.982955,0.86753,205.230299,650.591621
7.94,0.982955,0.867529,205.230225,650.591093
7.95,0.982956,0.867528,205.230149,650.590571
7.96,0.982956,0.867527,205.230073,650.590058
7.97,0.982956,0.867526,205.229996,650.589555
7.98,0.982956,0.867525,205.229918,650.589065
7.99,0.982956,0.867525,205.229841,650.588589
8,0.982957,0.867524,205.229763,650.58813
8.01,0.982957,0.867523,205.229687,650.587689
8.02,0.982957,0.867522,205.229611,650.587267
8.03,0.982957,0.867522,205.229536,650.586867
8.04,0.982958,0.867521,205.229463,650.586489
8.05,0.982958,0.86752,205.229391,650.586135
8.06,0.982958,0.86752,205.229321,650.585805
8.07,0.982958,0.867519,205.229253,650.585501
8.08,0.982958,0.867519,205.229187,650.585222
8.09,0.982959,0.867518,205.229123,650.584971
8.1,0.982959,0.867518,205.229062,650.584747
8.11,0.982959,0.867517,205.229004,650.58455
8.12,0.982959,0.867517,205.228948,650.584381
8.13,0.98296,0.867516,205.228895,650.584239
8.14,0.98296,0.867516,205.228845,650.584124
8.15,0.98296,0.867516,205.228798,650.584037
8.16,0.98296,0.867515,205.228754,650.583977
8.17,0.98296,0.867515,205.228713,650.583943
8.18,0.982961,0.867515,205.228676,650.583934
8.19,0.982961,0.867515,205.228642,650.58395
8.2,0.982961,0.867515,205.228611,650.583991
8.21,0.982961,0.867515,205.228584,650.584054
8.22,0.982961,0.867514,205.22856,650.584139
8.23,0.982962,0.867514,205.22854,650.584245
8.24,0.982962,0.867514,205.228523,650.584371
8.25,0.982962,0.867514,205.228509,650.584515
8.26,0.982962,0.867515,205.228499,650.584676
8.27,0.982962,0.867515,205.228492,650.584852
8.28,0.982962,0.867515,205.228489,650.585043
8.29,0.982962,0.867515,205.228489,650.585247
8.3,0.982963,0.867515,205.228493,650.585462
8.31,0.982963,0.867515,205.2285,650.585686
8.32,0.982963,0.867515,205.22851,650.585919
8.33,0.982963,0.867515,205.228523,650.586159
8.34,0.982963,0.867516,205.22854,650.586404
8.35,0.982963,0.867516,205.22856,650.586653
8.36,0.982963,0.867516,205.228583,650.586904
8.37,0.982964,0.867516,205.22861,650.587157
8.38,0.982964,0.867516,205.22864,650.587409
8.39,0.982964,0.867517,205.228672,650.587659
8.4,0.982964,0.867517,205.228709,650.587907
8.41,0.982964,0.867517,205.228748,650.588151
8.42,0.982964,0.867517,205.22879,650.588389
8.43,0.982964,0.867518,205.228836,650.588621
8.44,0.982964,0.867518,205.228884,650.588846
8.45,0.982964,0.867518,205.228936,650.589063
8.46,0.982964,0.867518,205.228991,650.589271
8.47,0.982965,0.867518,205.229049,650.58947
8.48,0.982965,0.867518,205.22911,650.589658
8.49,0.982965,0.867519,205.229174,650.589836
8.5,0.982965,0.867519,205.229242,650.590003
8.51,0.982965,0.867519,205.229312,650.590159
8.52,0.982965,0.867519,205.229386,650.590303
8.53,0.982965,0.867519,205.229463,650.590436
8.54,0.982965,0.867519,205.229543,650.590557
8.55,0.982965,0.867519,205.229626,650.590667
8.56,0.982965,0.867519,205.229713,650.590766
8.57,0.982965,0.86752,205.229803,650.590854
8.58,0.982965,0.86752,205.229896,650.590931
8.59,0.982965,0.86752,205.229993,650.590998
8.6,0.982966,0.86752,205.230093,650.591056
8.61,0.982966,0.86752,205.230196,650.591106
8.62,0.982966,0.86752,205.230303,650.591147
8.63,0.982966,0.86752,205.230414,650.591182
8.64,0.982966,0.86752,205.230527,650.59121
8.65,0.982966,0.86752,205.230644,650.591233
8.66,0.982966,0.86752,205.230765,650.591252
8.67,0.982966,0.86752,205.230889,650.591268
8.68,0.982966,0.86752,205.231017,650.591282
8.69,0.982966,0.86752,205.231148,650.591295
8.7,0.982966,0.86752,205.231282,650.591308
8.71,0.982966,0.86752,205.23142,650.591324
8.72,0.982966,0.86752,205.231562,650.591342
8.73,0.982966,0.86752,205.231706,650.591364
8.74,0.982966,0.86752,205.231855,650.591391
8.75,0.982966,0.86752,205.232006,650.591426
8.76,0.982966,0.86752,205.232161,650.591468
8.77,0.982966,0.867521,205.232319,650.591519
8.78,0.982966,0.867521,205.23248,650.59158
8.79,0.982966,0.867521,205.232644,650.591653
8.8,0.982966,0.867521,205.232811,650.591739
8.81,0.982966,0.867521,205.232981,650.591838
8.82,0.982966,0.867521,205.233154,650.591952
8.83,0.982966,0.867522,205.233329,650.592081
8.84,0.982966,0.867522,205.233507,650.592228
8.85,0.982966,0.867522,205.233687,650.592391
8.86,0.982966,0.867523,205.233869,650.592573
8.87,0.982966,0.867523,205.234053,650.592773
8.88,0.982966,0.867523,205.23424,650.592993
8.89,0.982966,0.867524,205.234428,650.593233
8.9,0.982966,0.867524,205.234617,650.593493
8.91,0.982966,0.867525,205.234808,650.593774
8.92,0.982966,0.867525,205.234999,650.594075
8.93,0.982966,0.867526,205.235192,650.594398
8.94,0.982965,0.867526,205.235385,650.594741
8.95,0.982965,0.867527,205.235579,650.595105
8.96,0.982965,0.867528,205.235773,650.59549
8.97,0.982965,0.867528,205.235967,650.595896
8.98,0.982965,0.867529,205.236161,650.596321
8.99,0.982965,0.86753,205.236354,650.596766
9,0.982965,0.86753,205.236546,650.59723
9.01,0.982965,0.867531,205.236737,650.597713
9.02,0.982965,0.867532,205.236927,650.598212
9.03,0.982964,0.867533,205.237115,650.598728
9.04,0.982964,0.867534,205.237302,650.59926
9.05,0.982964,0.867534,205.237486,650.599806
9.06,0.982964,0.867535,205.237668,650.600366
9.07,0.982964,0.867536,205.237847,650.600938
9.08,0.982964,0.867537,205.238024,650.60152
9.09,0.982963,0.867538,205.238197,650.602112
9.1,0.982963,0.867539,205.238366,650.602712
9.11,0.982963,0.86754,205.238532,650.603319
9.12,0.982963,0.867541,205.238694,650.603931
9.13,0.982963,0.867542,205.238852,650.604546
9.14,0.982963,0.867543,205.239006,650.605163
9.15,0.982962,0.867544,205.239154,650.605781
9.16,0.982962,0.867545,205.239298,650.606397
9.17,0.982962,0.867546,205.239437,650.60701
9.18,0.982962,0.867547,205.239571,650.607618
9.19,0.982962,0.867548,205.239699,650.60822
9.2,0.982962,0.867548,205.239822,650.608814
9.21,0.982961,0.867549,205.239939,650.609398
9.22,0.982961,0.86755,205.24005,650.60997
9.23,0.982961,0.867551,205.240155,650.61053
9.24,0.982961,0.867552,205.240253,650.611075
9.25,0.982961,0.867553,205.240346,650.611603
9.26,0.982961,0.867553,205.240432,650.612114
9.27,0.982961,0.867554,205.240511,650.612606
9.28,0.98296,0.867555,205.240585,650.613078
9.29,0.98296,0.867556,205.240651,650.613527
9.3,0.98296,0.867556,205.240711,650.613954
9.31,0.98296,0.867557,205.240765,650.614357
9.32,0.98296,0.867557,205.240811,650.614734
9.33,0.98296,0.867558,205.240852,650.615085
9.34,0.98296,0.867558,205.240886,650.615408
9.35,0.98296,0.867559,205.240913,650.615704
9.36,0.98296,0.867559,205.240934,650.615971
9.37,0.98296,0.86756,205.240948,650.616209
9.38,0.98296,0.86756,205.240957,650.616417
9.39,0.98296,0.86756,205.240959,650.616595
9.4,0.98296,0.86756,205.240955,650.616742
9.41,0.982959,0.867561,205.240946,650.616858
9.42,0.982959,0.867561,205.240931,650.616944
9.43,0.982959,0.867561,205.24091,650.616999
9.44,0.982959,0.867561,205.240885,650.617023
9.45,0.98296,0.867561,205.240854,650.617017
9.46,0.98296,0.867561,205.240818,650.616981
9.47,0.98296,0.86756,205.240777,650.616915
9.48,0.98296,0.86756,205.240732,650.61682
9.49,0.98296,0.86756,205.240683,650.616697
9.5,0.98296,0.86756,205.24063,650.616547
9.51,0.98296,0.86756,205.240574,650.616369
9.52,0.98296,0.867559,205.240514,650.616166
9.53,0.98296,0.867559,205.240451,650.615938
9.54,0.98296,0.867558,205.240385,650.615687
9.55,0.98296,0.867558,205.240316,650.615413
9.56,0.98296,0.867557,205.240246,650.615118
9.57,0.98296,0.867557,205.240173,650.614803
9.58,0.982961,0.867556,205.240099,650.61447
9.59,0.982961,0.867556,205.240023,650.61412
9.6,0.982961,0.867555,205.239946,650.613754
9.61,0.982961,0.867555,205.239868,650.613374
9.62,0.982961,0.867554,205.23979,650.612982
9.63,0.982961,0.867553,205.239712,650.612579
9.64,0.982961,0.867553,205.239634,650.612167
9.65,0.982962,0.867552,205.239556,650.611748
9.66,0.982962,0.867551,205.239479,650.611323
9.67,0.982962,0.867551,205.239403,650.610894
9.68,0.982962,0.86755,205.239328,650.610463
9.69,0.982962,0.867549,205.239254,650.61003
9.7,0.982963,0.867548,205.239182,650.609599
9.71,0.982963,0.867548,205.239112,650.60917
9.72,0.982963,0.867547,205.239045,650.608746
9.73,0.982963,0.867546,205.238979,650.608327
9.74,0.982963,0.867546,205.238917,650.607915
9.75,0.982963,0.867545,205.238857,650.607512
9.76,0.982964,0.867544,205.2388,650.607119
9.77,0.982964,0.867544,205.238746,650.606738
9.78,0.982964,0.867543,205.238696,650.60637
9.79,0.982964,0.867542,205.238649,650.606016
9.8,0.982964,0.867542,205.238606,650.605677
9.81,0.982965,0.867541,205.238567,650.605355
9.82,0.982965,0.867541,205.238532,650.60505
9.83,0.982965,0.86754,205.2385,650.604764
9.84,0.982965,0.86754,205.238473,650.604497
9.85,0.982965,0.867539,205.23845,650.60425
9.86,0.982965,0.867539,205.238431,650.604024
9.87,0.982966,0.867538,205.238417,650.603819
9.88,0.982966,0.867538,205.238407,650.603637
9.89,0.982966,0.867538,205.238401,650.603476
9.9,0.982966,0.867537,205.2384,650.603339
9.91,0.982966,0.867537,205.238403,650.603225
9.92,0.982966,0.867537,205.23841,650.603134
9.93,0.982966,0.867537,205.238422,650.603066
9.94,0.982967,0.867537,205.238438,650.603022
9.95,0.982967,0.867536,205.238458,650.603001
9.96,0.982967,0.867536,205.238483,650.603003
9.97,0.982967,0.867536,205.238512,650.603028
9.98,0.982967,0.867536,205.238545,650.603075
9.99,0.982967,0.867536,205.238582,650.603144
10,0.982967,0.867536,205.238622,650.603235
10.01,0.982967,0.867536,205.238667,650.603346
10.02,0.982967,0.867537,205.238715,650.603478
10.03,0.982967,0.867537,205.238767,650.60363
10.04,0.982967,0.867537,205.238823,650.6038
10.05,0.982968,0.867537,205.238882,650.603989
10.06,0.982968,0.867537,205.238944,650.604194
10.07,0.982968,0.867538,205.239009,650.604416
10.08,0.982968,0.867538,205.239077,650.604653
10.09,0.982968,0.867538,205.239148,650.604905
10.1,0.982968,0.867538,205.239222,650.605169
10.11,0.982968,0.867539,205.239298,650.605446
10.12,0.982968,0.867539,205.239377,650.605735
10.13,0.982968,0.86754,205.239458,650.606033
10.14,0.982968,0.86754,205.239541,650.60634
10.15,0.982968,0.86754,205.239626,650.606655
10.16,0.982968,0.867541,205.239712,650.606977
10.17,0.982968,0.867541,205.239801,650.607304
10.18,0.982968,0.867542,205.239891,650.607636
10.19,0.982968,0.867542,205.239982,650.607972
10.2,0.982968,0.867543,205.240075,650.608309
10.21,0.982968,0.867543,205.240169,650.608648
10.22,0.982968,0.867544,205.240264,650.608988
10.23,0.982967,0.867544,205.240359,650.609327
10.24,0.982967,0.867545,205.240456,650.609664
10.25,0.982967,0.867545,205.240553,650.609999
10.26,0.982967,0.867546,205.24065,650.61033
10.27,0.982967,0.867546,205.240748,650.610657
10.28,0.982967,0.867547,205.240847,650.610979
10.29,0.982967,0.867547,205.240945,650.611295
10.3,0.982967,0.867547,205.241044,650.611605
10.31,0.982967,0.867548,205.241142,650.611907
10.32,0.982967,0.867548,205.241241,650.612202
10.33,0.982967,0.867549,205.241339,650.612489
10.34,0.982967,0.867549,205.241438,650.612767
10.35,0.982967,0.86755,205.241535,650.613036
10.36,0.982967,0.86755,205.241633,650.613296
10.37,0.982967,0.86755,205.24173,650.613546
10.38,0.982967,0.867551,205.241827,650.613787
10.39,0.982967,0.867551,205.241923,650.614017
10.4,0.982966,0.867552,205.242019,650.614237
10.41,0.982966,0.867552,205.242114,650.614447
10.42,0.982966,0.867552,205.242208,650.614647
10.43,0.982966,0.867553,205.242302,650.614836
10.44,0.982966,0.867553,205.242395,650.615016
10.45,0.982966,0.867553,205.242487,650.615186
10.46,0.982966,0.867553,205.242578,650.615346
10.47,0.982966,0.867554,205.242669,650.615497
10.48,0.982966,0.867554,205.242759,650.615639
10.49,0.982966,0.867554,205.242848,650.615772
10.5,0.982966,0.867555,205.242936,650.615897
10.51,0.982966,0.867555,205.243024,650.616014
10.52,0.982966,0.867555,205.24311,650.616123
10.53,0.982966,0.867555,205.243196,650.616226
10.54,0.982966,0.867555,205.243281,650.616322
10.55,0.982966,0.867556,205.243365,650.616412
10.56,0.982965,0.867556,205.243448,650.616497
10.57,0.982965,0.867556,205.24353,650.616577
10.58,0.982965,0.867556,205.243611,650.616652
10.59,0.982965,0.867556,205.243691,650.616724
10.6,0.982965,0.867556,205.24377,650.616793
10.61,0.982965,0.867557,205.243848,650.616859
10.62,0.982965,0.867557,205.243926,650.616923
10.63,0.982965,0.867557,205.244002,650.616986
10.64,0.982965,0.867557,205.244077,650.617048
10.65,0.982965,0.867557,205.244151,650.61711
10.66,0.982965,0.867557,205.244224,650.617171
10.67,0.982965,0.867558,205.244296,650.617234
10.68,0.982965,0.867558,205.244367,650.617297
10.69,0.982965,0.867558,205.244436,650.617362
10.7,0.982965,0.867558,205.244504,650.617429
10.71,0.982965,0.867558,205.244571,650.617498
10.72,0.982965,0.867558,205.244637,650.61757
10.73,0.982965,0.867558,205.244702,650.617645
10.74,0.982964,0.867559,205.244765,650.617723
10.75,0.982964,0.867559,205.244826,650.617804
10.76,0.982964,0.867559,205.244886,650.61789
10.77,0.982964,0.867559,205.244945,650.617979
10.78,0.982964,0.867559,205.245002,650.618072
10.79,0.982964,0.867559,205.245057,650.618169
10.8,0.982964,0.86756,205.245111,650.61827
10.81,0.982964,0.86756,205.245163,650.618375
10.82,0.982964,0.86756,205.245214,650.618485
10.83,0.982964,0.86756,205.245262,650.618597
10.84,0.982964,0.86756,205.245308,650.618714
10.85,0.982964,0.867561,205.245353,650.618834
10.86,0.982964,0.867561,205.245396,650.618958
10.87,0.982964,0.867561,205.245436,650.619084
10.88,0.982964,0.867561,205.245475,650.619214
10.89,0.982964,0.867562,205.245511,650.619345
10.9,0.982964,0.867562,205.245545,650.619479
10.91,0.982964,0.867562,205.245577,650.619615
10.92,0.982964,0.867562,205.245607,650.619751
10.93,0.982964,0.867562,205.245634,650.619889
10.94,0.982964,0.867563,205.245659,650.620026
10.95,0.982964,0.867563,205.245682,650.620164
10.96,0.982963,0.867563,205.245702,650.6203
10.97,0.982963,0.867563,205.245719,650.620436
10.98,0.982963,0.867563,205.245735,650.62057
10.99,0.982963,0.867564,205.245747,650.620701
11,0.982963,0.867564,205.245758,650.620829
11.01,0.982963,0.867564,205.245765,650.620954
11.02,0.982963,0.867564,205.245771,650.621075
11.03,0.982963,0.867564,205.245773,650.621191
11.04,0.982963,0.867564,205.245774,650.621302
11.05,0.982963,0.867565,205.245772,650.621408
11.06,0.982963,0.867565,205.245767,650.621507
11.07,0.982963,0.867565,205.24576,650.6216
11.08,0.982963,0.867565,205.245751,650.621685
11.09,0.982963,0.867565,205.245739,650.621763
11.1,0.982963,0.867565,205.245725,650.621832
11.11,0.982963,0.867565,205.245708,650.621893
11.12,0.982963,0.867565,205.24569,650.621945
11.13,0.982963,0.867565,205.24567,650.621987
11.14,0.982963,0.867565,205.245647,650.62202
11.15,0.982963,0.867565,205.245622,650.622043
11.16,0.982963,0.867565,205.245596,650.622056
11.17,0.982963,0.867565,205.245568,650.622058
11.18,0.982963,0.867565,205.245538,650.62205
11.19,0.982963,0.867565,205.245507,650.622031
11.2,0.982963,0.867565,205.245474,650.622001
11.21,0.982963,0.867565,205.24544,650.621961
11.22,0.982963,0.867565,205.245404,650.621909
11.23,0.982964,0.867565,205.245368,650.621847
11.24,0.982964,0.867565,205.24533,650.621774
11.25,0.982964,0.867564,205.245292,650.62169
11.26,0.982964,0.867564,205.245253,650.621596
11.27,0.982964,0.867564,205.245213,650.621492
11.28,0.982964,0.867564,205.245173,650.621378
11.29,0.982964,0.867564,205.245133,650.621254
11.3,0.982964,0.867563,205.245092,650.621121
11.31,0.982964,0.867563,205.245052,650.62098
11.32,0.982964,0.867563,205.245012,650.620829
11.33,0.982964,0.867563,205.244972,650.620671
11.34,0.982964,0.867562,205.244933,650.620506
11.35,0.982964,0.867562,205.244894,650.620334
11.36,0.982964,0.867562,205.244856,650.620155
11.37,0.982964,0.867561,205.244819,650.619971
11.38,0.982965,0.867561,205.244783,650.619782
11.39,0.982965,0.867561,205.244748,650.619588
11.4,0.982965,0.86756,205.244714,650.619391
11.41,0.982965,0.86756,205.244682,650.61919
11.42,0.982965,0.86756,205.244652,650.618988
11.43,0.982965,0.867559,205.244624,650.618784
11.44,0.982965,0.867559,205.244597,650.618579
11.45,0.982965,0.867559,205.244572,650.618374
11.46,0.982965,0.867558,205.24455,650.61817
11.47,0.982965,0.867558,205.24453,650.617967
11.48,0.982965,0.867558,205.244512,650.617767
11.49,0.982966,0.867557,205.244496,650.617569
11.5,0.982966,0.867557,205.244483,650.617376
11.51,0.982966,0.867557,205.244473,650.617186
11.52,0.982966,0.867556,205.244465,650.617002
11.53,0.982966,0.867556,205.244461,650.616824
11.54,0.982966,0.867556,205.244459,650.616653
11.55,0.982966,0.867556,205.24446,650.616488
11.56,0.982966,0.867555,205.244464,650.616332
11.57,0.982966,0.867555,205.24447,650.616184
11.58,0.982966,0.867555,205.24448,650.616045
11.59,0.982966,0.867555,205.244493,650.615916
11.6,0.982966,0.867555,205.244509,650.615796
11.61,0.982966,0.867554,205.244529,650.615688
11.62,0.982967,0.867554,205.244551,650.61559
11.63,0.982967,0.867554,205.244576,650.615504
11.64,0.982967,0.867554,205.244605,650.61543
11.65,0.982967,0.867554,205.244636,650.615368
11.66,0.982967,0.867554,205.24467,650.615318
11.67,0.982967,0.867554,205.244708,650.615281
11.68,0.982967,0.867554,205.244748,650.615257
11.69,0.982967,0.867554,205.244791,650.615245
11.7,0.982967,0.867554,205.244837,650.615247
11.71,0.982967,0.867554,205.244886,650.615261
11.72,0.982967,0.867554,205.244937,650.615289
11.73,0.982967,0.867554,205.244991,650.61533
11.74,0.982967,0.867554,205.245047,650.615383
11.75,0.982967,0.867554,205.245106,650.61545
11.76,0.982967,0.867554,205.245167,650.615528
11.77,0.982967,0.867554,205.24523,650.61562
11.78,0.982967,0.867554,205.245295,650.615723
11.79,0.982967,0.867554,205.245362,650.615838
11.8,0.982967,0.867555,205.245431,650.615964
11.81,0.982967,0.867555,205.245502,650.616102
11.82,0.982967,0.867555,205.245574,650.61625
11.83,0.982967,0.867555,205.245648,650.616408
11.84,0.982967,0.867556,205.245723,650.616576
11.85,0.982967,0.867556,205.245799,650.616753
11.86,0.982967,0.867556,205.245876,650.616938
11.87,0.982967,0.867556,205.245954,650.617132
11.88,0.982967,0.867557,205.246033,650.617332
11.89,0.982967,0.867557,205.246113,650.61754
11.9,0.982966,0.867557,205.246193,650.617754
11.91,0.982966,0.867558,205.246274,650.617973
11.92,0.982966,0.867558,205.246355,650.618197
11.93,0.982966,0.867559,205.246436,650.618425
11.94,0.982966,0.867559,205.246517,650.618656
11.95,0.982966,0.867559,205.246598,650.618891
11.96,0.982966,0.86756,205.246678,650.619127
11.97,0.982966,0.86756,205.246759,650.619365
11.98,0.982966,0.86756,205.246838,650.619604
11.99,0.982966,0.867561,205.246918,650.619842
12,0.982966,0.867561,205.246996,650.62008
12.01,0.982966,0.867562,205.247074,650.620317
12.02,0.982966,0.867562,205.247151,650.620552
12.03,0.982966,0.867562,205.247226,650.620784
12.04,0.982965,0.867563,205.247301,650.621013
12.05,0.982965,0.867563,205.247375,650.621239
12.06,0.982965,0.867563,205.247447,650.62146
12.07,0.982965,0.867564,205.247518,650.621676
12.08,0.982965,0.867564,205.247587,650.621887
12.09,0.982965,0.867565,205.247655,650.622092
12.1,0.982965,0.867565,205.247722,650.622291
12.11,0.982965,0.867565,205.247787,650.622484
12.12,0.982965,0.867565,205.24785,650.622669
12.13,0.982965,0.867566,205.247912,650.622847
12.14,0.982965,0.867566,205.247972,650.623017
12.15,0.982965,0.867566,205.24803,650.623179
12.16,0.982965,0.867567,205.248086,650.623332
12.17,0.982964,0.867567,205.248141,650.623477
12.18,0.982964,0.867567,205.248194,650.623614
12.19,0.982964,0.867567,205.248245,650.623742
12.2,0.982964,0.867568,205.248294,650.62386
12.21,0.982964,0.867568,205.248342,650.62397
12.22,0.982964,0.867568,205.248387,650.62407
12.23,0.982964,0.867568,205.248431,650.624162
12.24,0.982964,0.867568,205.248473,650.624244
12.25,0.982964,0.867568,205.248513,650.624318
12.26,0.982964,0.867569,205.248552,650.624382
12.27,0.982964,0.867569,205.248589,650.624438
12.28,0.982964,0.867569,205.248624,650.624485
12.29,0.982964,0.867569,205.248657,650.624523
12.3,0.982964,0.867569,205.248689,650.624554
12.31,0.982964,0.867569,205.24872,650.624576
12.32,0.982964,0.867569,205.248748,650.624591
12.33,0.982964,0.867569,205.248775,650.624598
12.34,0.982964,0.867569,205.248801,650.624598
12.35,0.982964,0.867569,205.248826,650.624591
12.36,0.982964,0.867569,205.248849,650.624577
12.37,0.982964,0.867569,205.24887,650.624557
12.38,0.982964,0.867569,205.248891,650.624532
12.39,0.982964,0.867569,205.24891,650.624501
12.4,0.982963,0.867569,205.248928,650.624465
12.41,0.982963,0.867569,205.248944,650.624424
12.42,0.982963,0.867569,205.24896,650.624379
12.43,0.982963,0.867569,205.248975,650.62433
12.44,0.982963,0.867569,205.248989,650.624277
12.45,0.982963,0.867569,205.249001,650.624222
12.46,0.982963,0.867569,205.249013,650.624163
12.47,0.982963,0.867569,205.249025,650.624103
12.48,0.982963,0.867569,205.249035,650.62404
12.49,0.982963,0.867569,205.249044,650.623975
12.5,0.982963,0.867569,205.249053,650.62391
12.51,0.982963,0.867569,205.249061,650.623843
12.52,0.982963,0.867569,205.249069,650.623776
12.53,0.982963,0.867568,205.249076,650.623709
12.54,0.982963,0.867568,205.249082,650.623642
12.55,0.982963,0.867568,205.249088,650.623575
12.56,0.982963,0.867568,205.249093,650.623509
12.57,0.982963,0.867568,205.249098,650.623444
12.58,0.982963,0.867568,205.249103,650.62338
12.59,0.982963,0.867568,205.249107,650.623317
12.6,0.982963,0.867568,205.24911,650.623256
12.61,0.982963,0.867568,205.249114,650.623196
12.62,0.982963,0.867568,205.249116,650.623139
12.63,0.982963,0.867568,205.249119,650.623083
12.64,0.982964,0.867568,205.249121,650.623029
12.65,0.982964,0.867568,205.249123,650.622978
12.66,0.982964,0.867567,205.249125,650.622929
12.67,0.982964,0.867567,205.249127,650.622882
12.68,0.982964,0.867567,205.249128,650.622838
12.69,0.982964,0.867567,205.249129,650.622795
12.7,0.982964,0.867567,205.24913,650.622756
12.71,0.982964,0.867567,205.24913,650.622718
12.72,0.982964,0.867567,205.249131,650.622683
12.73,0.982964,0.867567,205.249131,650.62265
12.74,0.982964,0.867567,205.249131,650.622619
12.75,0.982964,0.867567,205.249131,650.622589
12.76,0.982964,0.867567,205.24913,650.622562
12.77,0.982964,0.867567,205.24913,650.622537
12.78,0.982964,0.867567,205.249129,650.622513
12.79,0.982964,0.867567,205.249128,650.62249
12.8,0.982964,0.867567,205.249127,650.622469
12.81,0.982964,0.867567,205.249126,650.622449
12.82,0.982964,0.867567,205.249125,650.622429
12.83,0.982964,0.867567,205.249123,650.622411
12.84,0.982964,0.867566,205.249122,650.622393
12.85,0.982964,0.867566,205.24912,650.622375
12.86,0.982964,0.867566,205.249119,650.622358
12.87,0.982964,0.867566,205.249117,650.62234
12.88,0.982964,0.867566,205.249116,650.622322
12.89,0.982964,0.867566,205.249114,650.622304
12.9,0.982964,0.867566,205.249112,650.622286
12.91,0.982964,0.867566,205.249111,650.622266
12.92,0.982964,0.867566,205.249109,650.622246
12.93,0.982964,0.867566,205.249108,650.622225
12.94,0.982964,0.867566,205.249106,650.622202
12.95,0.982964,0.867566,205.249105,650.622178
12.96,0.982964,0.867566,205.249104,650.622153
12.97,0.982964,0.867566,205.249103,650.622126
12.98,0.982964,0.867566,205.249102,650.622097
12.99,0.982964,0.867566,205.249102,650.622067
13,0.982964,0.867566,205.249102,650.622035
13.01,0.982964,0.867566,205.249102,650.622
13.02,0.982964,0.867566,205.249102,650.621964
13.03,0.982964,0.867565,205.249103,650.621926
13.04,0.982964,0.867565,205.249105,650.621886
13.05,0.982964,0.867565,205.249107,650.621844
13.06,0.982965,0.867565,205.249109,650.6218
13.07,0.982965,0.867565,205.249112,650.621755
13.08,0.982965,0.867565,205.249116,650.621707
13.09,0.982965,0.867565,205.24912,650.621658
13.1,0.982965,0.867565,205.249125,650.621607
13.11,0.982965,0.867565,205.249131,650.621554
13.12,0.982965,0.867565,205.249137,650.6215
13.13,0.982965,0.867565,205.249145,650.621445
13.14,0.982965,0.867564,205.249153,650.621389
13.15,0.982965,0.867564,205.249162,650.621331
13.16,0.982965,0.867564,205.249172,650.621273
13.17,0.982965,0.867564,205.249184,650.621215
13.18,0.982965,0.867564,205.249196,650.621156
13.19,0.982965,0.867564,205.249209,650.621097
13.2,0.982965,0.867564,205.249223,650.621038
13.21,0.982965,0.867564,205.249239,650.620979
13.22,0.982965,0.867564,205.249256,650.620921
13.23,0.982965,0.867564,205.249273,650.620864
13.24,0.982965,0.867564,205.249293,650.620807
13.25,0.982965,0.867563,205.249313,650.620752
13.26,0.982965,0.867563,205.249335,650.620699
13.27,0.982965,0.867563,205.249358,650.620647
13.28,0.982965,0.867563,205.249382,650.620597
13.29,0.982965,0.867563,205.249407,650.62055
13.3,0.982965,0.867563,205.249434,650.620505
13.31,0.982965,0.867563,205.249463,650.620463
13.32,0.982965,0.867563,205.249492,650.620424
13.33,0.982965,0.867563,205.249523,650.620389
13.34,0.982965,0.867563,205.249555,650.620356
13.35,0.982965,0.867563,205.249589,650.620328
13.36,0.982965,0.867563,205.249624,650.620303
13.37,0.982965,0.867563,205.24966,650.620283
13.38,0.982965,0.867563,205.249698,650.620266
13.39,0.982965,0.867563,205.249737,650.620254
13.4,0.982965,0.867563,205.249777,650.620247
13.41,0.982965,0.867563,205.249818,650.620244
13.42,0.982965,0.867563,205.249861,650.620246
13.43,0.982965,0.867563,205.249904,650.620253
13.44,0.982965,0.867563,205.249949,650.620265
13.45,0.982965,0.867563,205.249995,650.620282
13.46,0.982965,0.867563,205.250042,650.620304
13.47,0.982965,0.867563,205.25009,650.620331
13.48,0.982965,0.867563,205.250139,650.620364
13.49,0.982965,0.867563,205.250188,650.620401
13.5,0.982965,0.867563,205.250239,650.620443
13.51,0.982965,0.867563,205.25029,650.620491
13.52,0.982965,0.867563,205.250342,650.620543
13.53,0.982965,0.867564,205.250394,650.6206
13.54,0.982965,0.867564,205.250447,650.620662
13.55,0.982965,0.867564,205.250501,650.620728
13.56,0.982965,0.867564,205.250555,650.620799
13.57,0.982965,0.867564,205.250609,650.620874
13.58,0.982965,0.867564,205.250664,650.620953
13.59,0.982965,0.867564,205.250718,650.621035
13.6,0.982965,0.867564,205.250773,650.621122
13.61,0.982965,0.867565,205.250828,650.621212
13.62,0.982965,0.867565,205.250883,650.621305
13.63,0.982965,0.867565,205.250938,650.6214
13.64,0.982965,0.867565,205.250992,650.621499
13.65,0.982965,0.867565,205.251047,650.621599
13.66,0.982965,0.867565,205.251101,650.621702
13.67,0.982965,0.867566,205.251154,650.621806
13.68,0.982965,0.867566,205.251207,650.621912
13.69,0.982965,0.867566,205.25126,650.622019
13.7,0.982965,0.867566,205.251312,650.622126
13.71,0.982965,0.867566,205.251363,650.622234
13.72,0.982965,0.867567,205.251413,650.622342
13.73,0.982965,0.867567,205.251463,650.62245
13.74,0.982965,0.867567,205.251512,650.622557
13.75,0.982965,0.867567,205.251559,650.622663
13.76,0.982965,0.867567,205.251606,650.622768
13.77,0.982965,0.867567,205.251652,650.622871
13.78,0.982965,0.867568,205.251696,650.622973
13.79,0.982964,0.867568,205.25174,650.623072
13.8,0.982964,0.867568,205.251782,650.623169
13.81,0.982964,0.867568,205.251823,650.623262
13.82,0.982964,0.867568,205.251863,650.623353
13.83,0.982964,0.867568,205.251901,650.62344
13.84,0.982964,0.867569,205.251938,650.623524
13.85,0.982964,0.867569,205.251974,650.623604
13.86,0.982964,0.867569,205.252008,650.623679
13.87,0.982964,0.867569,205.252041,650.62375
13.88,0.982964,0.867569,205.252072,650.623817
13.89,0.982964,0.867569,205.252102,650.623879
13.9,0.982964,0.867569,205.25213,650.623936
13.91,0.982964,0.867569,205.252157,650.623987
13.92,0.982964,0.867569,205.252183,650.624034
13.93,0.982964,0.86757,205.252207,650.624075
13.94,0.982964,0.86757,205.252229,650.624111
13.95,0.982964,0.86757,205.25225,650.624141
13.96,0.982964,0.86757,205.25227,650.624165
13.97,0.982964,0.86757,205.252288,650.624184
13.98,0.982964,0.86757,205.252305,650.624197
13.99,0.982964,0.86757,205.252321,650.624205
14,0.982964,0.86757,205.252335,650.624206
14.01,0.982964,0.86757,205.252348,650.624203
14.02,0.982964,0.86757,205.252359,650.624193
14.03,0.982964,0.86757,205.252369,650.624178
14.04,0.982964,0.86757,205.252379,650.624158
14.05,0.982964,0.86757,205.252386,650.624132
14.06,0.982964,0.86757,205.252393,650.624101
14.07,0.982964,0.86757,205.252399,650.624065
14.08,0.982964,0.86757,205.252404,650.624024
14.09,0.982964,0.86757,205.252408,650.623978
14.1,0.982964,0.867569,205.25241,650.623928
14.11,0.982964,0.867569,205.252412,650.623873
14.12,0.982964,0.867569,205.252413,650.623814
14.13,0.982964,0.867569,205.252414,650.623751
14.14,0.982964,0.867569,205.252413,650.623685
14.15,0.982964,0.867569,205.252412,650.623615
14.16,0.982964,0.867569,205.252411,650.623541
14.17,0.982964,0.867569,205.252408,650.623465
14.18,0.982964,0.867569,205.252406,650.623386
14.19,0.982964,0.867569,205.252403,650.623304
14.2,0.982964,0.867568,205.252399,650.62322
14.21,0.982964,0.867568,205.252395,650.623135
14.22,0.982964,0.867568,205.252391,650.623047
14.23,0.982964,0.867568,205.252387,650.622958
14.24,0.982964,0.867568,205.252382,650.622868
14.25,0.982964,0.867568,205.252377,650.622777
14.26,0.982964,0.867568,205.252373,650.622685
14.27,0.982964,0.867567,205.252368,650.622593
14.28,0.982964,0.867567,205.252363,650.622501
14.29,0.982965,0.867567,205.252358,650.622409
14.3,0.982965,0.867567,205.252354,650.622317
14.31,0.982965,0.867567,205.252349,650.622226
14.32,0.982965,0.867567,205.252345,650.622135
14.33,0.982965,0.867567,205.252341,650.622046
14.34,0.982965,0.867566,205.252337,650.621958
14.35,0.982965,0.867566,205.252334,650.621871
14.36,0.982965,0.867566,205.25233,650.621786
14.37,0.982965,0.867566,205.252328,650.621703
14.38,0.982965,0.867566,205.252325,650.621621
14.39,0.982965,0.867566,205.252323,650.621542
14.4,0.982965,0.867566,205.252322,650.621465
14.41,0.982965,0.867566,205.25232,650.62139
14.42,0.982965,0.867565,205.25232,650.621318
14.43,0.982965,0.867565,205.25232,650.621248
14.44,0.982965,0.867565,205.25232,650.621181
14.45,0.982965,0.867565,205.252321,650.621117
14.46,0.982965,0.867565,205.252322,650.621055
14.47,0.982965,0.867565,205.252324,650.620996
14.48,0.982965,0.867565,205.252326,650.62094
14.49,0.982965,0.867565,205.252329,650.620887
14.5,0.982965,0.867565,205.252333,650.620837
14.51,0.982965,0.867564,205.252337,650.620789
14.52,0.982965,0.867564,205.252341,650.620745
14.53,0.982965,0.867564,205.252346,650.620703
14.54,0.982965,0.867564,205.252352,650.620664
14.55,0.982966,0.867564,205.252358,650.620627
14.56,0.982966,0.867564,205.252365,650.620593
14.57,0.982966,0.867564,205.252372,650.620562
14.58,0.982966,0.867564,205.25238,650.620533
14.59,0.982966,0.867564,205.252388,650.620507
14.6,0.982966,0.867564,205.252397,650.620483
14.61,0.982966,0.867564,205.252406,650.620461
14.62,0.982966,0.867564,205.252416,650.620441
14.63,0.982966,0.867564,205.252426,650.620423
14.64,0.982966,0.867564,205.252436,650.620407
14.65,0.982966,0.867564,205.252448,650.620393
14.66,0.982966,0.867564,205.252459,650.620381
14.67,0.982966,0.867564,205.252471,650.620369
14.68,0.982966,0.867564,205.252483,650.62036
14.69,0.982966,0.867563,205.252496,650.620351
14.7,0.982966,0.867563,205.252509,650.620344
14.71,0.982966,0.867563,205.252522,650.620337
14.72,0.982966,0.867563,205.252536,650.620332
14.73,0.982966,0.867563,205.25255,650.620327
14.74,0.982966,0.867563,205.252565,650.620323
14.75,0.982966,0.867563,205.25258,650.620319
14.76,0.982966,0.867563,205.252595,650.620316
14.77,0.982966,0.867563,205.25261,650.620313
14.78,0.982966,0.867563,205.252626,650.620311
14.79,0.982966,0.867563,205.252642,650.620308
14.8,0.982966,0.867563,205.252658,650.620306
14.81,0.982966,0.867563,205.252674,650.620303
14.82,0.982966,0.867563,205.252691,650.6203
14.83,0.982966,0.867563,205.252708,650.620298
14.84,0.982966,0.867563,205.252726,650.620294
14.85,0.982966,0.867563,205.252743,650.620291
14.86,0.982966,0.867563,205.252761,650.620287
14.87,0.982966,0.867563,205.252779,650.620283
14.88,0.982966,0.867563,205.252797,650.620279
14.89,0.982966,0.867563,205.252816,650.620274
14.9,0.982966,0.867563,205.252834,650.620268
14.91,0.982966,0.867563,205.252853,650.620262
14.92,0.982966,0.867563,205.252873,650.620256
14.93,0.982966,0.867563,205.252892,650.620249
14.94,0.982966,0.867563,205.252912,650.620242
14.95,0.982966,0.867563,205.252931,650.620235
14.96,0.982966,0.867563,205.252951,650.620227
14.97,0.982966,0.867563,205.252972,650.620219
14.98,0.982967,0.867563,205.252992,650.62021
14.99,0.982967,0.867563,205.253013,650.620202
15,0.982967,0.867563,205.253034,650.620193
15.01,0.982967,0.867563,205.253055,650.620184
15.02,0.982967,0.867563,205.253076,650.620175
15.03,0.982967,0.867563,205.253098,650.620166
15.04,0.982967,0.867563,205.253119,650.620158
15.05,0.982967,0.867563,205.253141,650.620149
15.06,0.982967,0.867563,205.253163,650.620141
15.07,0.982967,0.867563,205.253186,650.620132
15.08,0.982967,0.867563,205.253208,650.620125
15.09,0.982967,0.867563,205.253231,650.620118
15.1,0.982967,0.867563,205.253254,650.620111
15.11,0.982967,0.867563,205.253277,650.620105
15.12,0.982967,0.867563,205.2533,650.620099
15.13,0.982967,0.867563,205.253323,650.620095
15.14,0.982967,0.867563,205.253346,650.620091
15.15,0.982967,0.867563,205.25337,650.620088
15.16,0.982967,0.867563,205.253393,650.620086
15.17,0.982967,0.867563,205.253417,650.620085
15.18,0.982967,0.867563,205.253441,650.620085
15.19,0.982967,0.867563,205.253465,650.620086
15.2,0.982967,0.867563,205.253489,650.620089
15.21,0.982967,0.867563,205.253512,650.620092
15.22,0.982967,0.867563,205.253536,650.620097
15.23,0.982967,0.867563,205.25356,650.620103
15.24,0.982967,0.867563,205.253584,650.62011
15.25,0.982967,0.867563,205.253608,650.620118
15.26,0.982967,0.867563,205.253632,650.620128
15.27,0.982967,0.867563,205.253655,650.620139
15.28,0.982967,0.867563,205.253679,650.620151
15.29,0.982967,0.867563,205.253702,650.620164
15.3,0.982967,0.867563,205.253725,650.620178
15.31,0.982967,0.867563,205.253748,650.620193
15.32,0.982967,0.867563,205.253771,650.62021
15.33,0.982967,0.867563,205.253794,650.620227
15.34,0.982967,0.867563,205.253816,650.620246
15.35,0.982967,0.867563,205.253838,650.620265
15.36,0.982967,0.867563,205.253859,650.620285
15.37,0.982967,0.867563,205.253881,650.620306
15.38,0.982967,0.867563,205.253902,650.620327
15.39,0.982967,0.867563,205.253922,650.620349
15.4,0.982967,0.867563,205.253942,650.620372
15.41,0.982967,0.867563,205.253962,650.620394
15.42,0.982967,0.867563,205.253981,650.620417
15.43,0.982967,0.867563,205.253999,650.62044
15.44,0.982967,0.867563,205.254017,650.620463
15.45,0.982967,0.867564,205.254034,650.620486
15.46,0.982967,0.867564,205.254051,650.620508
15.47,0.982967,0.867564,205.254067,650.62053
15.48,0.982967,0.867564,205.254083,650.620552
15.49,0.982967,0.867564,205.254098,650.620572
15.5,0.982967,0.867564,205.254112,650.620592
15.51,0.982967,0.867564,205.254125,650.620611
15.52,0.982967,0.867564,205.254138,650.620629
15.53,0.982967,0.867564,205.25415,650.620646
15.54,0.982967,0.867564,205.254162,650.620661
15.55,0.982967,0.867564,205.254172,650.620675
15.56,0.982967,0.867564,205.254182,650.620687
15.57,0.982967,0.867564,205.254191,650.620697
15.58,0.982967,0.867564,205.254199,650.620706
15.59,0.982967,0.867564,205.254206,650.620713
15.6,0.982967,0.867564,205.254213,650.620717
15.61,0.982967,0.867564,205.254218,650.62072
15.62,0.982967,0.867564,205.254223,650.62072
15.63,0.982967,0.867564,205.254227,650.620718
15.64,0.982967,0.867564,205.254231,650.620713
15.65,0.982967,0.867564,205.254233,650.620706
15.66,0.982967,0.867564,205.254235,650.620696
15.67,0.982967,0.867564,205.254236,650.620684
15.68,0.982967,0.867564,205.254236,650.620669
15.69,0.982967,0.867564,205.254235,650.620651
15.7,0.982967,0.867564,205.254233,650.62063
15.71,0.982967,0.867564,205.254231,650.620607
15.72,0.982967,0.867564,205.254228,650.620581
15.73,0.982967,0.867564,205.254225,650.620552
15.74,0.982967,0.867563,205.25422,650.62052
15.75,0.982967,0.867563,205.254215,650.620485
15.76,0.982967,0.867563,205.25421,650.620448
15.77,0.982967,0.867563,205.254203,650.620408
15.78,0.982967,0.867563,205.254196,650.620365
15.79,0.982967,0.867563,205.254189,650.62032
15.8,0.982967,0.867563,205.254181,650.620272
15.81,0.982967,0.867563,205.254173,650.620221
15.82,0.982967,0.867563,205.254164,650.620168
15.83,0.982967,0.867563,205.254154,650.620113
15.84,0.982967,0.867563,205.254144,650.620055
15.85,0.982967,0.867563,205.254134,650.619996
15.86,0.982967,0.867562,205.254124,650.619934
15.87,0.982967,0.867562,205.254113,650.619871
15.88,0.982967,0.867562,205.254102,650.619805
15.89,0.982967,0.867562,205.25409,650.619738
15.9,0.982967,0.867562,205.254079,650.619669
15.91,0.982967,0.867562,205.254067,650.619599
15.92,0.982967,0.867562,205.254055,650.619528
15.93,0.982967,0.867562,205.254043,650.619456
15.94,0.982968,0.867562,205.254031,650.619382
15.95,0.982968,0.867561,205.254019,650.619308
15.96,0.982968,0.867561,205.254007,650.619234
15.97,0.982968,0.867561,205.253995,650.619158
15.98,0.982968,0.867561,205.253983,650.619083
15.99,0.982968,0.867561,205.253971,650.619007
16,0.982968,0.867561,205.253959,650.618931
16.01,0.982968,0.867561,205.253948,650.618855
16.02,0.982968,0.86756,205.253936,650.61878
16.03,0.982968,0.86756,205.253925,650.618705
16.04,0.982968,0.86756,205.253914,650.61863
16.05,0.982968,0.86756,205.253904,650.618556
16.06,0.982968,0.86756,205.253893,650.618483
16.07,0.982968,0.86756,205.253883,650.618411
16.08,0.982968,0.86756,205.253874,650.618341
16.09,0.982968,0.86756,205.253865,650.618271
16.1,0.982968,0.867559,205.253856,650.618203
16.11,0.982968,0.867559,205.253847,650.618136
16.12,0.982968,0.867559,205.253839,650.618071
16.13,0.982968,0.867559,205.253832,650.618008
16.14,0.982968,0.867559,205.253825,650.617947
16.15,0.982968,0.867559,205.253818,650.617887
16.16,0.982968,0.867559,205.253812,650.617829
16.17,0.982968,0.867559,205.253807,650.617774
16.18,0.982968,0.867559,205.253801,650.61772
16.19,0.982968,0.867559,205.253797,650.617669
16.2,0.982968,0.867558,205.253793,650.61762
16.21,0.982969,0.867558,205.253789,650.617573
16.22,0.982969,0.867558,205.253786,650.617528
16.23,0.982969,0.867558,205.253783,650.617486
16.24,0.982969,0.867558,205.253781,650.617446
16.25,0.982969,0.867558,205.25378,650.617408
16.26,0.982969,0.867558,205.253779,650.617373
16.27,0.982969,0.867558,205.253778,650.617339
16.28,0.982969,0.867558,205.253778,650.617309
16.29,0.982969,0.867558,205.253778,650.61728
16.3,0.982969,0.867558,205.253779,650.617254
16.31,0.982969,0.867558,205.25378,650.61723
16.32,0.982969,0.867558,205.253782,650.617208
16.33,0.982969,0.867558,205.253784,650.617188
16.34,0.982969,0.867558,205.253786,650.61717
16.35,0.982969,0.867557,205.253789,650.617154
16.36,0.982969,0.867557,205.253792,650.61714
16.37,0.982969,0.867557,205.253796,650.617127
16.38,0.982969,0.867557,205.2538,650.617117
16.39,0.982969,0.867557,205.253804,650.617108
16.4,0.982969,0.867557,205.253809,650.6171
16.41,0.982969,0.867557,205.253814,650.617094
16.42,0.982969,0.867557,205.253819,650.61709
16.43,0.982969,0.867557,205.253824,650.617086
16.44,0.982969,0.867557,205.253829,650.617084
16.45,0.982969,0.867557,205.253835,650.617083
16.46,0.982969,0.867557,205.253841,650.617083
16.47,0.982969,0.867557,205.253847,650.617083
16.48,0.982969,0.867557,205.253853,650.617084
16.49,0.982969,0.867557,205.253859,650.617086
16.5,0.982969,0.867557,205.253866,650.617089
16.51,0.982969,0.867557,205.253872,650.617091
16.52,0.982969,0.867557,205.253879,650.617094
16.53,0.982969,0.867557,205.253885,650.617098
16.54,0.982969,0.867557,205.253892,650.617101
16.55,0.982969,0.867557,205.253898,650.617105
16.56,0.982969,0.867557,205.253905,650.617108
16.57,0.982969,0.867557,205.253911,650.617111
16.58,0.982969,0.867557,205.253917,650.617114
16.59,0.982969,0.867557,205.253924,650.617116
16.6,0.982969,0.867557,205.25393,650.617119
16.61,0.982969,0.867557,205.253936,650.61712
16.62,0.982969,0.867557,205.253942,650.617121
16.63,0.982969,0.867557,205.253948,650.617122
16.64,0.982969,0.867557,205.253954,650.617122
16.65,0.982969,0.867557,205.25396,650.617121
16.66,0.982969,0.867557,205.253965,650.617119
16.67,0.982969,0.867557,205.25397,650.617117
16.68,0.982969,0.867557,205.253975,650.617113
16.69,0.982969,0.867557,205.25398,650.617109
16.7,0.982969,0.867557,205.253985,650.617104
16.71,0.982969,0.867557,205.25399,650.617098
16.72,0.982969,0.867557,205.253994,650.617091
16.73,0.982969,0.867557,205.253998,650.617083
16.74,0.982969,0.867557,205.254002,650.617075
16.75,0.982969,0.867557,205.254006,650.617065
16.76,0.982969,0.867557,205.254009,650.617054
16.77,0.982969,0.867557,205.254012,650.617043
16.78,0.982969,0.867557,205.254015,650.61703
16.79,0.982969,0.867557,205.254018,650.617017
16.8,0.982969,0.867557,205.254021,650.617002
16.81,0.982969,0.867557,205.254023,650.616987
16.82,0.982969,0.867557,205.254025,650.616971
16.83,0.982969,0.867557,205.254027,650.616955
16.84,0.982969,0.867557,205.254028,650.616937
16.85,0.982969,0.867557,205.254029,650.616919
16.86,0.982969,0.867557,205.254031,650.6169
16.87,0.982969,0.867557,205.254031,650.61688
16.88,0.982969,0.867557,205.254032,650.61686
16.89,0.982969,0.867557,205.254032,650.61684
16.9,0.982969,0.867557,205.254032,650.616819
16.91,0.982969,0.867557,205.254032,650.616797
16.92,0.982969,0.867557,205.254032,650.616775
16.93,0.982969,0.867557,205.254031,650.616753
16.94,0.982969,0.867557,205.25403,650.61673
16.95,0.982969,0.867557,205.254029,650.616707
16.96,0.982969,0.867556,205.254028,650.616684
16.97,0.982969,0.867556,205.254026,650.616661
16.98,0.982969,0.867556,205.254024,650.616637
16.99,0.98297,0.867556,205.254022,650.616613
17,0.98297,0.867556,205.25402,650.61659
17.01,0.98297,0.867556,205.254018,650.616566
17.02,0.98297,0.867556,205.254015,650.616542
17.03,0.98297,0.867556,205.254012,650.616518
17.04,0.98297,0.867556,205.254009,650.616494
17.05,0.98297,0.867556,205.254005,650.616471
17.06,0.98297,0.867556,205.254001,650.616447
17.07,0.98297,0.867556,205.253998,650.616424
17.08,0.98297,0.867556,205.253993,650.6164
17.09,0.98297,0.867556,205.253989,650.616377
17.1,0.98297,0.867556,205.253984,650.616353
17.11,0.98297,0.867556,205.253979,650.61633
17.12,0.98297,0.867556,205.253974,650.616307
17.13,0.98297,0.867556,205.253969,650.616284
17.14,0.98297,0.867556,205.253963,650.616261
17.15,0.98297,0.867556,205.253957,650.616239
17.16,0.98297,0.867556,205.253951,650.616216
17.17,0.98297,0.867556,205.253944,650.616193
17.18,0.98297,0.867556,205.253938,650.61617
17.19,0.98297,0.867556,205.253931,650.616148
17.2,0.98297,0.867556,205.253923,650.616125
17.21,0.98297,0.867556,205.253916,650.616102
17.22,0.98297,0.867556,205.253908,650.616079
17.23,0.98297,0.867555,205.2539,650.616056
17.24,0.98297,0.867555,205.253891,650.616033
17.25,0.98297,0.867555,205.253883,650.616009
17.26,0.98297,0.867555,205.253874,650.615985
17.27,0.98297,0.867555,205.253864,650.615961
17.28,0.98297,0.867555,205.253855,650.615937
17.29,0.98297,0.867555,205.253845,650.615912
17.3,0.98297,0.867555,205.253835,650.615886
17.31,0.98297,0.867555,205.253825,650.61586
17.32,0.98297,0.867555,205.253814,650.615834
17.33,0.98297,0.867555,205.253803,650.615807
17.34,0.98297,0.867555,205.253792,650.615779
17.35,0.98297,0.867555,205.25378,650.615751
17.36,0.98297,0.867555,205.253768,650.615722
17.37,0.98297,0.867555,205.253756,650.615692
17.38,0.98297,0.867555,205.253744,650.615662
17.39,0.98297,0.867555,205.253731,650.61563
17.4,0.98297,0.867555,205.253719,650.615598
17.41,0.98297,0.867555,205.253706,650.615565
17.42,0.98297,0.867555,205.253692,650.615531
17.43,0.98297,0.867554,205.253679,650.615496
17.44,0.98297,0.867554,205.253665,650.61546
17.45,0.98297,0.867554,205.253651,650.615423
17.46,0.98297,0.867554,205.253636,650.615385
17.47,0.98297,0.867554,205.253622,650.615346
17.48,0.98297,0.867554,205.253607,650.615306
17.49,0.98297,0.867554,205.253592,650.615265
17.5,0.98297,0.867554,205.253577,650.615223
17.51,0.98297,0.867554,205.253562,650.61518
17.52,0.98297,0.867554,205.253547,650.615136
17.53,0.98297,0.867554,205.253531,650.615091
17.54,0.98297,0.867554,205.253516,650.615045
17.55,0.98297,0.867554,205.2535,650.614998
17.56,0.98297,0.867554,205.253484,650.61495
17.57,0.98297,0.867553,205.253469,650.614901
17.58,0.98297,0.867553,205.253453,650.614852
17.59,0.98297,0.867553,205.253437,650.614801
17.6,0.98297,0.867553,205.253421,650.61475
17.61,0.98297,0.867553,205.253405,650.614698
17.62,0.98297,0.867553,205.253389,650.614645
17.63,0.98297,0.867553,205.253373,650.614592
17.64,0.98297,0.867553,205.253357,650.614538
17.65,0.98297,0.867553,205.253341,650.614484
17.66,0.98297,0.867553,205.253325,650.614429
17.67,0.98297,0.867553,205.253309,650.614374
17.68,0.98297,0.867553,205.253293,650.614318
17.69,0.98297,0.867552,205.253278,650.614262
17.7,0.98297,0.867552,205.253262,650.614206
17.71,0.98297,0.867552,205.253247,650.61415
17.72,0.982971,0.867552,205.253232,650.614094
17.73,0.982971,0.867552,205.253217,650.614038
17.74,0.982971,0.867552,205.253202,650.613982
17.75,0.982971,0.867552,205.253187,650.613926
17.76,0.982971,0.867552,205.253173,650.613871
17.77,0.982971,0.867552,205.253159,650.613816
17.78,0.982971,0.867552,205.253145,650.613761
17.79,0.982971,0.867551,205.253131,650.613707
17.8,0.982971,0.867551,205.253118,650.613653
17.81,0.982971,0.867551,205.253105,650.6136
17.82,0.982971,0.867551,205.253092,650.613548
17.83,0.982971,0.867551,205.253079,650.613497
17.84,0.982971,0.867551,205.253067,650.613446
17.85,0.982971,0.867551,205.253055,650.613396
17.86,0.982971,0.867551,205.253043,650.613347
17.87,0.982971,0.867551,205.253032,650.6133
17.88,0.982971,0.867551,205.253021,650.613253
17.89,0.982971,0.867551,205.25301,650.613207
17.9,0.982971,0.867551,205.253,650.613163
17.91,0.982971,0.867551,205.25299,650.61312
17.92,0.982971,0.86755,205.25298,650.613078
17.93,0.982971,0.86755,205.252971,650.613037
17.94,0.982971,0.86755,205.252962,650.612998
17.95,0.982971,0.86755,205.252953,650.61296
17.96,0.982971,0.86755,205.252945,650.612923
17.97,0.982971,0.86755,205.252936,650.612888
17.98,0.982971,0.86755,205.252929,650.612854
17.99,0.982971,0.86755,205.252921,650.612821
18,0.982971,0.86755,205.252914,650.61279
18.01,0.982971,0.86755,205.252907,650.612761
18.02,0.982971,0.86755,205.2529,650.612732
18.03,0.982971,0.86755,205.252894,650.612705
18.04,0.982971,0.86755,205.252888,650.61268
18.05,0.982971,0.86755,205.252882,650.612655
18.06,0.982971,0.86755,205.252877,650.612632
18.07,0.982971,0.86755,205.252871,650.61261
18.08,0.982971,0.86755,205.252866,650.61259
18.09,0.982971,0.86755,205.252861,650.61257
18.1,0.982971,0.86755,205.252857,650.612552
18.11,0.982971,0.86755,205.252852,650.612535
18.12,0.982971,0.86755,205.252848,650.612519
18.13,0.982971,0.86755,205.252844,650.612504
18.14,0.982971,0.86755,205.25284,650.61249
18.15,0.982971,0.867549,205.252836,650.612476
18.16,0.982971,0.867549,205.252832,650.612464
18.17,0.982971,0.867549,205.252828,650.612452
18.18,0.982971,0.867549,205.252824,650.612441
18.19,0.982971,0.867549,205.252821,650.612431
18.2,0.982971,0.867549,205.252817,650.612421
18.21,0.982971,0.867549,205.252814,650.612411
18.22,0.982971,0.867549,205.25281,650.612402
18.23,0.982971,0.867549,205.252807,650.612393
18.24,0.982971,0.867549,205.252803,650.612385
18.25,0.982971,0.867549,205.2528,650.612376
18.26,0.982971,0.867549,205.252796,650.612368
18.27,0.982971,0.867549,205.252793,650.61236
18.28,0.982971,0.867549,205.252789,650.612352
18.29,0.982971,0.867549,205.252785,650.612343
18.3,0.982971,0.867549,205.252781,650.612335
18.31,0.982971,0.867549,205.252777,650.612326
18.32,0.982971,0.867549,205.252773,650.612317
18.33,0.982971,0.867549,205.252769,650.612307
18.34,0.982971,0.867549,205.252764,650.612297
18.35,0.982971,0.867549,205.25276,650.612286
18.36,0.982971,0.867549,205.252755,650.612275
18.37,0.982971,0.867549,205.25275,650.612264
18.38,0.982971,0.867549,205.252745,650.612251
18.39,0.982971,0.867549,205.25274,650.612238
18.4,0.982971,0.867549,205.252734,650.612224
18.41,0.982971,0.867549,205.252729,650.612209
18.42,0.982971,0.867549,205.252723,650.612194
18.43,0.982971,0.867549,205.252716,650.612177
18.44,0.982971,0.867549,205.25271,650.61216
18.45,0.982971,0.867549,205.252703,650.612142
18.46,0.982971,0.867549,205.252697,650.612122
18.47,0.982971,0.867549,205.25269,650.612102
18.48,0.982971,0.867549,205.252682,650.612081
18.49,0.982971,0.867549,205.252675,650.612059
18.5,0.982971,0.867549,205.252667,650.612035
18.51,0.982971,0.867549,205.252659,650.612011
18.52,0.982971,0.867549,205.252651,650.611986
18.53,0.982971,0.867549,205.252642,650.61196
18.54,0.982971,0.867549,205.252633,650.611932
18.55,0.982971,0.867549,205.252624,650.611904
18.56,0.982971,0.867549,205.252615,650.611875
18.57,0.982971,0.867549,205.252606,650.611844
18.58,0.982971,0.867549,205.252596,650.611813
18.59,0.982971,0.867549,205.252586,650.611781
18.6,0.982971,0.867549,205.252576,650.611748
18.61,0.982971,0.867548,205.252566,650.611714
18.62,0.982971,0.867548,205.252555,650.611679
18.63,0.982971,0.867548,205.252544,650.611644
18.64,0.982971,0.867548,205.252533,650.611607
18.65,0.982971,0.867548,205.252522,650.61157
18.66,0.982971,0.867548,205.252511,650.611532
18.67,0.982971,0.867548,205.2525,650.611494
18.68,0.982971,0.867548,205.252488,650.611455
18.69,0.982971,0.867548,205.252476,650.611415
18.7,0.982971,0.867548,205.252464,650.611375
18.71,0.982971,0.867548,205.252452,650.611335
18.72,0.982971,0.867548,205.25244,650.611293
18.73,0.982971,0.867548,205.252427,650.611252
18.74,0.982971,0.867548,205.252415,650.61121
18.75,0.982971,0.867548,205.252402,650.611168
18.76,0.982971,0.867548,205.252389,650.611126
18.77,0.982971,0.867548,205.252376,650.611083
18.78,0.982971,0.867548,205.252364,650.61104
18.79,0.982971,0.867547,205.25235,650.610997
18.8,0.982971,0.867547,205.252337,650.610954
18.81,0.982971,0.867547,205.252324,650.610911
18.82,0.982971,0.867547,205.252311,650.610867
18.83,0.982971,0.867547,205.252298,650.610824
18.84,0.982971,0.867547,205.252284,650.610781
18.85,0.982971,0.867547,205.252271,650.610738
18.86,0.982971,0.867547,205.252257,650.610694
18.87,0.982971,0.867547,205.252244,650.610651
18.88,0.982971,0.867547,205.25223,650.610609
18.89,0.982971,0.867547,205.252216,650.610566
18.9,0.982971,0.867547,205.252203,650.610523
18.91,0.982971,0.867547,205.252189,650.610481
18.92,0.982971,0.867547,205.252175,650.610439
18.93,0.982971,0.867547,205.252162,650.610397
18.94,0.982971,0.867546,205.252148,650.610355
18.95,0.982971,0.867546,205.252134,650.610314
18.96,0.982971,0.867546,205.252121,650.610272
18.97,0.982971,0.867546,205.252107,650.610231
18.98,0.982971,0.867546,205.252093,650.61019
18.99,0.982971,0.867546,205.252079,650.61015
19,0.982971,0.867546,205.252066,650.61011
19.01,0.982971,0.867546,205.252052,650.610069
19.02,0.982971,0.867546,205.252038,650.61003
19.03,0.982971,0.867546,205.252025,650.60999
19.04,0.982971,0.867546,205.252011,650.60995
19.05,0.982971,0.867546,205.251997,650.609911
19.06,0.982971,0.867546,205.251984,650.609872
19.07,0.982971,0.867546,205.25197,650.609833
19.08,0.982971,0.867546,205.251957,650.609794
19.09,0.982971,0.867546,205.251943,650.609756
19.1,0.982971,0.867546,205.25193,650.609717
19.11,0.982971,0.867545,205.251916,650.609678
19.12,0.982971,0.867545,205.251903,650.60964
19.13,0.982971,0.867545,205.251889,650.609602
19.14,0.982971,0.867545,205.251876,650.609563
19.15,0.982971,0.867545,205.251863,650.609525
19.16,0.982971,0.867545,205.251849,650.609487
19.17,0.982971,0.867545,205.251836,650.609448
19.18,0.982971,0.867545,205.251823,650.60941
19.19,0.982971,0.867545,205.25181,650.609371
19.2,0.982971,0.867545,205.251797,650.609333
19.21,0.982972,0.867545,205.251784,650.609294
19.22,0.982972,0.867545,205.251771,650.609255
19.23,0.982972,0.867545,205.251758,650.609216
19.24,0.982972,0.867545,205.251745,650.609177
19.25,0.982972,0.867545,205.251732,650.609138
19.26,0.982972,0.867545,205.251719,650.609098
19.27,0.982972,0.867545,205.251706,650.609058
19.28,0.982972,0.867544,205.251694,650.609019
19.29,0.982972,0.867544,205.251681,650.608979
19.3,0.982972,0.867544,205.251669,650.608938
19.31,0.982972,0.867544,205.251656,650.608898
19.32,0.982972,0.867544,205.251644,650.608857
19.33,0.982972,0.867544,205.251631,650.608816
19.34,0.982972,0.867544,205.251619,650.608775
19.35,0.982972,0.867544,205.251607,650.608734
19.36,0.982972,0.867544,205.251595,650.608693
19.37,0.982972,0.867544,205.251583,650.608651
19.38,0.982972,0.867544,205.251571,650.608609
19.39,0.982972,0.867544,205.25156,650.608567
19.4,0.982972,0.867544,205.251548,650.608525
19.41,0.982972,0.867544,205.251537,650.608483
19.42,0.982972,0.867544,205.251525,650.60844
19.43,0.982972,0.867544,205.251514,650.608398
19.44,0.982972,0.867543,205.251503,650.608355
19.45,0.982972,0.867543,205.251492,650.608313
19.46,0.982972,0.867543,205.251481,650.60827
19.47,0.982972,0.867543,205.25147,650.608228
19.48,0.982972,0.867543,205.251459,650.608185
19.49,0.982972,0.867543,205.251449,650.608142
19.5,0.982972,0.867543,205.251439,650.6081
19.51,0.982972,0.867543,205.251429,650.608057
19.52,0.982972,0.867543,205.251419,650.608015
19.53,0.982972,0.867543,205.251409,650.607973
19.54,0.982972,0.867543,205.251399,650.607931
19.55,0.982972,0.867543,205.251389,650.60789
19.56,0.982972,0.867543,205.25138,650.607848
19.57,0.982972,0.867543,205.251371,650.607807
19.58,0.982972,0.867543,205.251362,650.607766
19.59,0.982972,0.867543,205.251353,650.607725
19.6,0.982972,0.867543,205.251344,650.607685
19.61,0.982972,0.867542,205.251335,650.607645
19.62,0.982972,0.867542,205.251327,650.607606
19.63,0.982972,0.867542,205.251319,650.607567
19.64,0.982972,0.867542,205.251311,650.607529
19.65,0.982972,0.867542,205.251303,650.607491
19.66,0.982972,0.867542,205.251295,650.607453
19.67,0.982972,0.867542,205.251288,650.607416
19.68,0.982972,0.867542,205.25128,650.607379
19.69,0.982972,0.867542,205.251273,650.607344
19.7,0.982972,0.867542,205.251266,650.607308
19.71,0.982972,0.867542,205.251259,650.607273
19.72,0.982972,0.867542,205.251252,650.607239
19.73,0.982972,0.867542,205.251245,650.607206
19.74,0.982972,0.867542,205.251239,650.607173
19.75,0.982972,0.867542,205.251232,650.60714
19.76,0.982972,0.867542,205.251226,650.607108
19.77,0.982972,0.867542,205.25122,650.607077
19.78,0.982972,0.867542,205.251214,650.607046
19.79,0.982972,0.867542,205.251208,650.607016
19.8,0.982972,0.867542,205.251202,650.606987
19.81,0.982972,0.867542,205.251197,650.606958
19.82,0.982972,0.867541,205.251191,650.60693
19.83,0.982972,0.867541,205.251185,650.606902
19.84,0.982972,0.867541,205.25118,650.606875
19.85,0.982972,0.867541,205.251175,650.606848
19.86,0.982972,0.867541,205.251169,650.606822
19.87,0.982972,0.867541,205.251164,650.606796
19.88,0.982972,0.867541,205.251159,650.60677
19.89,0.982972,0.867541,205.251154,650.606745
19.9,0.982972,0.867541,205.251149,650.606721
19.91,0.982972,0.867541,205.251143,650.606696
19.92,0.982972,0.867541,205.251138,650.606672
19.93,0.982972,0.867541,205.251133,650.606649
19.94,0.982972,0.867541,205.251128,650.606625
19.95,0.982972,0.867541,205.251123,650.606602
19.96,0.982972,0.867541,205.251118,650.606579
19.97,0.982972,0.867541,205.251113,650.606556
19.98,0.982972,0.867541,205.251108,650.606533
19.99,0.982972,0.867541,205.251103,650.60651
20,0.982972,0.867541,205.251097,650.606487
20.01,0.982972,0.867541,205.251092,650.606464
20.02,0.982972,0.867541,205.251087,650.606441
20.03,0.982972,0.867541,205.251081,650.606418
20.04,0.982972,0.867541,205.251076,650.606395
20.05,0.982972,0.867541,205.25107,650.606371
20.06,0.982972,0.867541,205.251064,650.606347
20.07,0.982972,0.867541,205.251058,650.606323
20.08,0.982972,0.867541,205.251052,650.606299
20.09,0.982972,0.867541,205.251046,650.606275
20.1,0.982972,0.867541,205.25104,650.60625
20.11,0.982972,0.867541,205.251034,650.606224
20.12,0.982972,0.867541,205.251028,650.606198
20.13,0.982972,0.867541,205.251021,650.606172
20.14,0.982972,0.86754,205.251015,650.606145
20.15,0.982972,0.86754,205.251008,650.606118
20.16,0.982972,0.86754,205.251001,650.60609
20.17,0.982972,0.86754,205.250994,650.606061
20.18,0.982972,0.86754,205.250987,650.606032
20.19,0.982972,0.86754,205.250979,650.606002
20.2,0.982972,0.86754,205.250972,650.605972
20.21,0.982972,0.86754,205.250964,650.605941
20.22,0.982972,0.86754,205.250957,650.605909
20.23,0.982972,0.86754,205.250949,650.605876
20.24,0.982972,0.86754,205.250941,650.605843
20.25,0.982972,0.86754,205.250932,650.605809
20.26,0.982972,0.86754,205.250924,650.605775
20.27,0.982972,0.86754,205.250916,650.60574
20.28,0.982972,0.86754,205.250907,650.605704
20.29,0.982972,0.86754,205.250898,650.605667
20.3,0.982972,0.86754,205.25089,650.60563
20.31,0.982972,0.86754,205.250881,650.605591
20.32,0.982972,0.86754,205.250872,650.605553
20.33,0.982972,0.86754,205.250862,650.605513
20.34,0.982972,0.86754,205.250853,650.605473
20.35,0.982972,0.86754,205.250844,650.605433
20.36,0.982972,0.867539,205.250834,650.605391
20.37,0.982972,0.867539,205.250825,650.60535
20.38,0.982972,0.867539,205.250815,650.605307
20.39,0.982972,0.867539,205.250805,650.605264
20.4,0.982972,0.867539,205.250795,650.605221
20.41,0.982972,0.867539,205.250785,650.605177
20.42,0.982972,0.867539,205.250775,650.605132
20.43,0.982972,0.867539,205.250765,650.605087
20.44,0.982972,0.867539,205.250755,650.605042
20.45,0.982972,0.867539,205.250745,650.604996
20.46,0.982972,0.867539,205.250735,650.60495
20.47,0.982972,0.867539,205.250725,650.604904
20.48,0.982972,0.867539,205.250715,650.604857
20.49,0.982972,0.867539,205.250704,650.60481
20.5,0.982972,0.867539,205.250694,650.604763
20.51,0.982972,0.867539,205.250684,650.604716
20.52,0.982972,0.867538,205.250674,650.604669
20.53,0.982972,0.867538,205.250663,650.604621
20.54,0.982972,0.867538,205.250653,650.604573
20.55,0.982972,0.867538,205.250643,650.604526
20.56,0.982972,0.867538,205.250633,650.604478
20.57,0.982972,0.867538,205.250623,650.604431
20.58,0.982972,0.867538,205.250613,650.604383
20.59,0.982972,0.867538,205.250602,650.604336
20.6,0.982972,0.867538,205.250592,650.604288
20.61,0.982972,0.867538,205.250583,650.604241
20.62,0.982972,0.867538,205.250573,650.604194
20.63,0.982972,0.867538,205.250563,650.604147
20.64,0.982972,0.867538,205.250553,650.6041
20.65,0.982972,0.867538,205.250543,650.604054
20.66,0.982972,0.867537,205.250534,650.604008
20.67,0.982972,0.867537,205.250524,650.603962
20.68,0.982972,0.867537,205.250515,650.603916
20.69,0.982972,0.867537,205.250506,650.603871
20.7,0.982972,0.867537,205.250496,650.603826
20.71,0.982972,0.867537,205.250487,650.603781
20.72,0.982972,0.867537,205.250478,650.603737
20.73,0.982972,0.867537,205.250469,650.603693
20.74,0.982972,0.867537,205.25046,650.60365
20.75,0.982972,0.867537,205.250452,650.603607
20.76,0.982972,0.867537,205.250443,650.603564
20.77,0.982972,0.867537,205.250435,650.603521
20.78,0.982972,0.867537,205.250426,650.603479
20.79,0.982972,0.867537,205.250418,650.603438
20.8,0.982972,0.867537,205.25041,650.603397
20.81,0.982972,0.867537,205.250401,650.603356
20.82,0.982972,0.867536,205.250394,650.603315
20.83,0.982972,0.867536,205.250386,650.603275
20.84,0.982972,0.867536,205.250378,650.603235
20.85,0.982972,0.867536,205.25037,650.603196
20.86,0.982972,0.867536,205.250363,650.603157
20.87,0.982972,0.867536,205.250355,650.603118
20.88,0.982972,0.867536,205.250348,650.60308
20.89,0.982972,0.867536,205.250341,650.603041
20.9,0.982972,0.867536,205.250333,650.603004
20.91,0.982972,0.867536,205.250326,650.602966
20.92,0.982972,0.867536,205.250319,650.602929
20.93,0.982972,0.867536,205.250313,650.602892
20.94,0.982972,0.867536,205.250306,650.602855
20.95,0.982972,0.867536,205.250299,650.602818
20.96,0.982972,0.867536,205.250293,650.602782
20.97,0.982972,0.867536,205.250286,650.602745
20.98,0.982972,0.867536,205.25028,650.602709
20.99,0.982972,0.867536,205.250273,650.602673
21,0.982972,0.867535,205.250267,650.602637
21.01,0.982972,0.867535,205.250261,650.602601
21.02,0.982972,0.867535,205.250255,650.602566
21.03,0.982972,0.867535,205.250249,650.60253
21.04,0.982972,0.867535,205.250243,650.602494
21.05,0.982972,0.867535,205.250237,650.602459
21.06,0.982972,0.867535,205.250232,650.602423
21.07,0.982972,0.867535,205.250226,650.602388
21.08,0.982972,0.867535,205.25022,650.602352
21.09,0.982972,0.867535,205.250215,650.602317
21.1,0.982972,0.867535,205.250209,650.602281
21.11,0.982972,0.867535,205.250204,650.602245
21.12,0.982972,0.867535,205.250198,650.60221
21.13,0.982972,0.867535,205.250193,650.602174
21.14,0.982972,0.867535,205.250188,650.602138
21.15,0.982972,0.867535,205.250183,650.602102
21.16,0.982972,0.867535,205.250177,650.602066
21.17,0.982972,0.867535,205.250172,650.60203
21.18,0.982972,0.867535,205.250167,650.601994
21.19,0.982972,0.867535,205.250162,650.601958
21.2,0.982972,0.867534,205.250157,650.601922
21.21,0.982972,0.867534,205.250153,650.601885
21.22,0.982972,0.867534,205.250148,650.601849
21.23,0.982972,0.867534,205.250143,650.601812
21.24,0.982972,0.867534,205.250138,650.601776
21.25,0.982973,0.867534,205.250134,650.601739
21.26,0.982973,0.867534,205.250129,650.601702
21.27,0.982973,0.867534,205.250124,650.601665
21.28,0.982973,0.867534,205.25012,650.601628
21.29,0.982973,0.867534,205.250115,650.601591
21.3,0.982973,0.867534,205.250111,650.601554
21.31,0.982973,0.867534,205.250107,650.601517
21.32,0.982973,0.867534,205.250102,650.60148
21.33,0.982973,0.867534,205.250098,650.601443
21.34,0.982973,0.867534,205.250094,650.601406
21.35,0.982973,0.867534,205.250089,650.601369
21.36,0.982973,0.867534,205.250085,650.601332
21.37,0.982973,0.867534,205.250081,650.601295
21.38,0.982973,0.867534,205.250077,650.601258
21.39,0.982973,0.867533,205.250073,650.601221
21.4,0.982973,0.867533,205.250069,650.601184
21.41,0.982973,0.867533,205.250065,650.601147
21.42,0.982973,0.867533,205.250061,650.60111
21.43,0.982973,0.867533,205.250057,650.601074
21.44,0.982973,0.867533,205.250053,650.601037
21.45,0.982973,0.867533,205.250049,650.601001
21.46,0.982973,0.867533,205.250045,650.600964
21.47,0.982973,0.867533,205.250041,650.600928
21.48,0.982973,0.867533,205.250038,650.600892
21.49,0.982973,0.867533,205.250034,650.600856
21.5,0.982973,0.867533,205.25003,650.60082
21.51,0.982973,0.867533,205.250026,650.600785
21.52,0.982973,0.867533,205.250023,650.600749
21.53,0.982973,0.867533,205.250019,650.600714
21.54,0.982973,0.867533,205.250015,650.600678
21.55,0.982973,0.867533,205.250012,650.600643
21.56,0.982973,0.867533,205.250008,650.600608
21.57,0.982973,0.867533,205.250004,650.600574
21.58,0.982973,0.867533,205.250001,650.600539
21.59,0.982973,0.867533,205.249997,650.600505
21.6,0.982973,0.867532,205.249993,650.600471
21.61,0.982973,0.867532,205.24999,650.600436
21.62,0.982973,0.867532,205.249986,650.600402
21.63,0.982973,0.867532,205.249983,650.600369
21.64,0.982973,0.867532,205.249979,650.600335
21.65,0.982973,0.867532,205.249975,650.600301
21.66,0.982973,0.867532,205.249971,650.600268
21.67,0.982973,0.867532,205.249968,650.600234
21.68,0.982973,0.867532,205.249964,650.600201
21.69,0.982973,0.867532,205.24996,650.600168
21.7,0.982973,0.867532,205.249956,650.600135
21.71,0.982973,0.867532,205.249953,650.600102
21.72,0.982973,0.867532,205.249949,650.600069
21.73,0.982973,0.867532,205.249945,650.600036
21.74,0.982973,0.867532,205.249941,650.600003
21.75,0.982973,0.867532,205.249937,650.599969
21.76,0.982973,0.867532,205.249933,650.599936
21.77,0.982973,0.867532,205.249929,650.599903
21.78,0.982973,0.867532,205.249925,650.59987
21.79,0.982973,0.867532,205.249921,650.599837
21.8,0.982973,0.867532,205.249916,650.599804
21.81,0.982973,0.867531,205.249912,650.59977
21.82,0.982973,0.867531,205.249908,650.599737
21.83,0.982973,0.867531,205.249903,650.599703
21.84,0.982973,0.867531,205.249899,650.599669
21.85,0.982973,0.867531,205.249894,650.599635
21.86,0.982973,0.867531,205.24989,650.599601
21.87,0.982973,0.867531,205.249885,650.599566
21.88,0.982973,0.867531,205.24988,650.599531
21.89,0.982973,0.867531,205.249875,650.599497
21.9,0.982973,0.867531,205.249871,650.599461
21.91,0.982973,0.867531,205.249866,650.599426
21.92,0.982973,0.867531,205.249861,650.59939
21.93,0.982973,0.867531,205.249856,650.599354
21.94,0.982973,0.867531,205.24985,650.599318
21.95,0.982973,0.867531,205.249845,650.599281
21.96,0.982973,0.867531,205.24984,650.599244
21.97,0.982973,0.867531,205.249835,650.599207
21.98,0.982973,0.867531,205.249829,650.599169
21.99,0.982973,0.867531,205.249824,650.599131
22,0.982973,0.867531,205.249818,650.599093
22.01,0.982973,0.86753,205.249813,650.599055
22.02,0.982973,0.86753,205.249807,650.599016
22.03,0.982973,0.86753,205.249801,650.598976
22.04,0.982973,0.86753,205.249795,650.598937
22.05,0.982973,0.86753,205.24979,650.598897
22.06,0.982973,0.86753,205.249784,650.598856
22.07,0.982973,0.86753,205.249778,650.598815
22.08,0.982973,0.86753,205.249772,650.598774
22.09,0.982973,0.86753,205.249766,650.598733
22.1,0.982973,0.86753,205.24976,650.598691
22.11,0.982973,0.86753,205.249754,650.598649
22.12,0.982973,0.86753,205.249748,650.598607
22.13,0.982973,0.86753,205.249741,650.598565
22.14,0.982973,0.86753,205.249735,650.598522
22.15,0.982973,0.86753,205.249729,650.598479
22.16,0.982973,0.86753,205.249723,650.598435
22.17,0.982973,0.867529,205.249717,650.598392
22.18,0.982973,0.867529,205.24971,650.598348
22.19,0.982973,0.867529,205.249704,650.598304
22.2,0.982973,0.867529,205.249698,650.59826
22.21,0.982973,0.867529,205.249692,650.598215
22.22,0.982973,0.867529,205.249685,650.598171
22.23,0.982973,0.867529,205.249679,650.598126
22.24,0.982973,0.867529,205.249673,650.598081
22.25,0.982973,0.867529,205.249667,650.598036
22.26,0.982973,0.867529,205.249661,650.597992
22.27,0.982973,0.867529,205.249655,650.597947
22.28,0.982973,0.867529,205.249649,650.597902
22.29,0.982973,0.867529,205.249643,650.597857
22.3,0.982973,0.867529,205.249637,650.597812
22.31,0.982973,0.867529,205.249631,650.597767
22.32,0.982973,0.867529,205.249625,650.597722
22.33,0.982973,0.867528,205.249619,650.597677
22.34,0.982973,0.867528,205.249613,650.597632
22.35,0.982973,0.867528,205.249607,650.597588
22.36,0.982973,0.867528,205.249601,650.597543
22.37,0.982973,0.867528,205.249596,650.597499
22.38,0.982973,0.867528,205.24959,650.597455
22.39,0.982973,0.867528,205.249585,650.597411
22.4,0.982973,0.867528,205.249579,650.597367
22.41,0.982973,0.867528,205.249574,650.597323
22.42,0.982973,0.867528,205.249569,650.59728
22.43,0.982973,0.867528,205.249563,650.597237
22.44,0.982973,0.867528,205.249558,650.597194
22.45,0.982973,0.867528,205.249553,650.597152
22.46,0.982973,0.867528,205.249548,650.597109
22.47,0.982973,0.867528,205.249543,650.597067
22.48,0.982973,0.867527,205.249538,650.597026
22.49,0.982973,0.867527,205.249534,650.596984
22.5,0.982973,0.867527,205.249529,650.596943
22.51,0.982973,0.867527,205.249524,650.596902
22.52,0.982973,0.867527,205.24952,650.596862
22.53,0.982973,0.867527,205.249515,650.596821
22.54,0.982973,0.867527,205.249511,650.596782
22.55,0.982973,0.867527,205.249507,650.596742
22.56,0.982973,0.867527,205.249502,650.596703
22.57,0.982973,0.867527,205.249498,650.596664
22.58,0.982974,0.867527,205.249494,650.596625
22.59,0.982974,0.867527,205.24949,650.596587
22.6,0.982974,0.867527,205.249486,650.596549
22.61,0.982974,0.867527,205.249482,650.596511
22.62,0.982974,0.867527,205.249479,650.596474
22.63,0.982974,0.867527,205.249475,650.596437
22.64,0.982974,0.867527,205.249471,650.5964
22.65,0.982974,0.867526,205.249468,650.596363
22.66,0.982974,0.867526,205.249464,650.596327
22.67,0.982974,0.867526,205.249461,650.596291
22.68,0.982974,0.867526,205.249457,650.596255
22.69,0.982974,0.867526,205.249454,650.596219
22.7,0.982974,0.867526,205.24945,650.596184
22.71,0.982974,0.867526,205.249447,650.596148
22.72,0.982974,0.867526,205.249444,650.596113
22.73,0.982974,0.867526,205.249441,650.596078
22.74,0.982974,0.867526,205.249438,650.596043
22.75,0.982974,0.867526,205.249434,650.596009
22.76,0.982974,0.867526,205.249431,650.595974
22.77,0.982974,0.867526,205.249428,650.59594
22.78,0.982974,0.867526,205.249425,650.595905
22.79,0.982974,0.867526,205.249422,650.595871
22.8,0.982974,0.867526,205.249419,650.595837
22.81,0.982974,0.867526,205.249416,650.595803
22.82,0.982974,0.867526,205.249413,650.595769
22.83,0.982974,0.867526,205.24941,650.595735
22.84,0.982974,0.867526,205.249407,650.5957
22.85,0.982974,0.867525,205.249404,650.595666
22.86,0.982974,0.867525,205.249401,650.595632
22.87,0.982974,0.867525,205.249399,650.595598
22.88,0.982974,0.867525,205.249396,650.595564
22.89,0.982974,0.867525,205.249393,650.595529
22.9,0.982974,0.867525,205.24939,650.595495
22.91,0.982974,0.867525,205.249387,650.595461
22.92,0.982974,0.867525,205.249384,650.595426
22.93,0.982974,0.867525,205.249381,650.595391
22.94,0.982974,0.867525,205.249378,650.595357
22.95,0.982974,0.867525,205.249375,650.595322
22.96,0.982974,0.867525,205.249372,650.595287
22.97,0.982974,0.867525,205.249369,650.595252
22.98,0.982974,0.867525,205.249366,650.595216
22.99,0.982974,0.867525,205.249363,650.595181
23,0.982974,0.867525,205.24936,650.595146
23.01,0.982974,0.867525,205.249357,650.59511
23.02,0.982974,0.867525,205.249354,650.595074
23.03,0.982974,0.867525,205.249351,650.595038
23.04,0.982974,0.867525,205.249347,650.595002
23.05,0.982974,0.867524,205.249344,650.594966
23.06,0.982974,0.867524,205.249341,650.59493
23.07,0.982974,0.867524,205.249338,650.594893
23.08,0.982974,0.867524,205.249335,650.594856
23.09,0.982974,0.867524,205.249331,650.59482
23.1,0.982974,0.867524,205.249328,650.594783
23.11,0.982974,0.867524,205.249325,650.594746
23.12,0.982974,0.867524,205.249321,650.594708
23.13,0.982974,0.867524,205.249318,650.594671
23.14,0.982974,0.867524,205.249315,650.594634
23.15,0.982974,0.867524,205.249311,650.594596
23.16,0.982974,0.867524,205.249308,650.594558
23.17,0.982974,0.867524,205.249304,650.594521
23.18,0.982974,0.867524,205.249301,650.594483
23.19,0.982974,0.867524,205.249297,650.594445
23.2,0.982974,0.867524,205.249294,650.594407
23.21,0.982974,0.867524,205.24929,650.594369
23.22,0.982974,0.867524,205.249286,650.594331
23.23,0.982974,0.867523,205.249283,650.594293
23.24,0.982974,0.867523,205.249279,650.594254
23.25,0.982974,0.867523,205.249275,650.594216
23.26,0.982974,0.867523,205.249272,650.594178
23.27,0.982974,0.867523,205.249268,650.594139
23.28,0.982974,0.867523,205.249264,650.594101
23.29,0.982974,0.867523,205.24926,650.594063
23.3,0.982974,0.867523,205.249257,650.594024
23.31,0.982974,0.867523,205.249253,650.593986
23.32,0.982974,0.867523,205.249249,650.593948
23.33,0.982974,0.867523,205.249245,650.593909
23.34,0.982974,0.867523,205.249241,650.593871
23.35,0.982974,0.867523,205.249237,650.593832
23.36,0.982974,0.867523,205.249233,650.593794
23.37,0.982974,0.867523,205.249229,650.593756
23.38,0.982974,0.867523,205.249225,650.593718
23.39,0.982974,0.867523,205.249221,650.593679
23.4,0.982974,0.867523,205.249217,650.593641
23.41,0.982974,0.867522,205.249213,650.593603
23.42,0.982974,0.867522,205.249209,650.593565
23.43,0.982974,0.867522,205.249205,650.593527
23.44,0.982974,0.867522,205.249201,650.593489
23.45,0.982974,0.867522,205.249197,650.593451
23.46,0.982974,0.867522,205.249193,650.593413
23.47,0.982974,0.867522,205.249188,650.593375
23.48,0.982974,0.867522,205.249184,650.593337
23.49,0.982974,0.867522,205.24918,650.593299
23.5,0.982974,0.867522,205.249176,650.593261
23.51,0.982974,0.867522,205.249171,650.593223
23.52,0.982974,0.867522,205.249167,650.593185
23.53,0.982974,0.867522,205.249163,650.593148
23.54,0.982974,0.867522,205.249158,650.59311
23.55,0.982974,0.867522,205.249154,650.593072
23.56,0.982974,0.867522,205.249149,650.593034
23.57,0.982974,0.867522,205.249145,650.592996
23.58,0.982974,0.867522,205.249141,650.592959
23.59,0.982974,0.867521,205.249136,650.592921
23.6,0.982974,0.867521,205.249131,650.592883
23.61,0.982974,0.867521,205.249127,650.592845
23.62,0.982974,0.867521,205.249122,650.592807
23.63,0.982974,0.867521,205.249118,650.592769
23.64,0.982974,0.867521,205.249113,650.592731
23.65,0.982974,0.867521,205.249108,650.592693
23.66,0.982974,0.867521,205.249104,650.592655
23.67,0.982974,0.867521,205.249099,650.592617
23.68,0.982974,0.867521,205.249094,650.592578
23.69,0.982974,0.867521,205.24909,650.59254
23.7,0.982974,0.867521,205.249085,650.592502
23.71,0.982974,0.867521,205.24908,650.592463
23.72,0.982975,0.867521,205.249075,650.592424
23.73,0.982975,0.867521,205.24907,650.592386
23.74,0.982975,0.867521,205.249065,650.592347
23.75,0.982975,0.867521,205.249061,650.592308
23.76,0.982975,0.867521,205.249056,650.592269
23.77,0.982975,0.86752,205.249051,650.59223
23.78,0.982975,0.86752,205.249046,650.592191
23.79,0.982975,0.86752,205.249041,650.592151
23.8,0.982975,0.86752,205.249036,650.592112
23.81,0.982975,0.86752,205.249031,650.592072
23.82,0.982975,0.86752,205.249026,650.592033
23.83,0.982975,0.86752,205.249021,650.591993
23.84,0.982975,0.86752,205.249016,650.591953
23.85,0.982975,0.86752,205.249011,650.591913
23.86,0.982975,0.86752,205.249006,650.591873
23.87,0.982975,0.86752,205.249001,650.591833
23.88,0.982975,0.86752,205.248996,650.591792
23.89,0.982975,0.86752,205.248991,650.591752
23.9,0.982975,0.86752,205.248986,650.591711
23.91,0.982975,0.86752,205.248981,650.591671
23.92,0.982975,0.86752,205.248976,650.59163
23.93,0.982975,0.86752,205.248971,650.591589
23.94,0.982975,0.867519,205.248966,650.591548
23.95,0.982975,0.867519,205.248961,650.591507
23.96,0.982975,0.867519,205.248956,650.591466
23.97,0.982975,0.867519,205.248951,650.591425
23.98,0.982975,0.867519,205.248946,650.591384
23.99,0.982975,0.867519,205.248941,650.591343
24,0.982975,0.867519,205.248936,650.591302
24.01,0.982975,0.867519,205.248931,650.591261
24.02,0.982975,0.867519,205.248926,650.591219
24.03,0.982975,0.867519,205.248921,650.591178
24.04,0.982975,0.867519,205.248916,650.591137
24.05,0.982975,0.867519,205.248911,650.591096
24.06,0.982975,0.867519,205.248907,650.591055
24.07,0.982975,0.867519,205.248902,650.591014
24.08,0.982975,0.867519,205.248897,650.590972
24.09,0.982975,0.867519,205.248892,650.590931
24.1,0.982975,0.867518,205.248888,650.590891
24.11,0.982975,0.867518,205.248883,650.59085
24.12,0.982975,0.867518,205.248878,650.590809
24.13,0.982975,0.867518,205.248874,650.590768
24.14,0.982975,0.867518,205.248869,650.590728
24.15,0.982975,0.867518,205.248865,650.590687
24.16,0.982975,0.867518,205.24886,650.590647
24.17,0.982975,0.867518,205.248856,650.590606
24.18,0.982975,0.867518,205.248851,650.590566
24.19,0.982975,0.867518,205.248847,650.590526
24.2,0.982975,0.867518,205.248843,650.590486
24.21,0.982975,0.867518,205.248838,650.590447
24.22,0.982975,0.867518,205.248834,650.590407
24.23,0.982975,0.867518,205.24883,650.590368
24.24,0.982975,0.867518,205.248826,650.590329
24.25,0.982975,0.867518,205.248822,650.59029
24.26,0.982975,0.867518,205.248818,650.590251
24.27,0.982975,0.867517,205.248813,650.590212
24.28,0.982975,0.867517,205.248809,650.590174
24.29,0.982975,0.867517,205.248805,650.590135
24.3,0.982975,0.867517,205.248802,650.590097
24.31,0.982975,0.867517,205.248798,650.590059
24.32,0.982975,0.867517,205.248794,650.590021
24.33,0.982975,0.867517,205.24879,650.589984
24.34,0.982975,0.867517,205.248786,650.589946
24.35,0.982975,0.867517,205.248782,650.589909
24.36,0.982975,0.867517,205.248778,650.589872
24.37,0.982975,0.867517,205.248775,650.589835
24.38,0.982975,0.867517,205.248771,650.589798
24.39,0.982975,0.867517,205.248767,650.589762
24.4,0.982975,0.867517,205.248764,650.589725
24.41,0.982975,0.867517,205.24876,650.589689
24.42,0.982975,0.867517,205.248756,650.589653
24.43,0.982975,0.867517,205.248753,650.589617
24.44,0.982975,0.867517,205.248749,650.589581
24.45,0.982975,0.867516,205.248746,650.589545
24.46,0.982975,0.867516,205.248742,650.58951
24.47,0.982975,0.867516,205.248738,650.589474
24.48,0.982975,0.867516,205.248735,650.589439
24.49,0.982975,0.867516,205.248731,650.589403
24.5,0.982975,0.867516,205.248728,650.589368
24.51,0.982975,0.867516,205.248724,650.589333
24.52,0.982975,0.867516,205.248721,650.589298
24.53,0.982975,0.867516,205.248717,650.589262
24.54,0.982975,0.867516,205.248713,650.589227
24.55,0.982975,0.867516,205.24871,650.589192
24.56,0.982975,0.867516,205.248706,650.589157
24.57,0.982975,0.867516,205.248703,650.589122
24.58,0.982975,0.867516,205.248699,650.589087
24.59,0.982975,0.867516,205.248695,650.589052
24.6,0.982975,0.867516,205.248692,650.589017
24.61,0.982975,0.867516,205.248688,650.588982
24.62,0.982975,0.867516,205.248685,650.588947
24.63,0.982975,0.867516,205.248681,650.588912
24.64,0.982975,0.867516,205.248677,650.588877
24.65,0.982975,0.867515,205.248673,650.588842
24.66,0.982975,0.867515,205.24867,650.588806
24.67,0.982975,0.867515,205.248666,650.588771
24.68,0.982975,0.867515,205.248662,650.588736
24.69,0.982975,0.867515,205.248658,650.5887
24.7,0.982975,0.867515,205.248654,650.588664
24.71,0.982975,0.867515,205.24865,650.588629
24.72,0.982975,0.867515,205.248646,650.588593
24.73,0.982975,0.867515,205.248643,650.588557
24.74,0.982975,0.867515,205.248639,650.588521
24.75,0.982975,0.867515,205.248635,650.588485
24.76,0.982975,0.867515,205.24863,650.588448
24.77,0.982975,0.867515,205.248626,650.588412
24.78,0.982975,0.867515,205.248622,650.588375
24.79,0.982975,0.867515,205.248618,650.588339
24.8,0.982975,0.867515,205.248614,650.588302
24.81,0.982976,0.867515,205.24861,650.588265
24.82,0.982976,0.867515,205.248605,650.588228
24.83,0.982976,0.867515,205.248601,650.58819
24.84,0.982976,0.867514,205.248597,650.588153
24.85,0.982976,0.867514,205.248593,650.588115
24.86,0.982976,0.867514,205.248588,650.588078
24.87,0.982976,0.867514,205.248584,650.58804
24.88,0.982976,0.867514,205.248579,650.588002
24.89,0.982976,0.867514,205.248575,650.587964
24.9,0.982976,0.867514,205.24857,650.587926
24.91,0.982976,0.867514,205.248566,650.587887
24.92,0.982976,0.867514,205.248561,650.587849
24.93,0.982976,0.867514,205.248557,650.58781
24.94,0.982976,0.867514,205.248552,650.587772
24.95,0.982976,0.867514,205.248547,650.587733
24.96,0.982976,0.867514,205.248543,650.587694
24.97,0.982976,0.867514,205.248538,650.587655
24.98,0.982976,0.867514,205.248533,650.587616
24.99,0.982976,0.867514,205.248529,650.587577
25,0.982976,0.867514,205.248524,650.587538
25.01,0.982976,0.867514,205.248519,650.587499
25.02,0.982976,0.867513,205.248514,650.58746
25.03,0.982976,0.867513,205.248509,650.58742
25.04,0.982976,0.867513,205.248505,650.587381
25.05,0.982976,0.867513,205.2485,650.587341
25.06,0.982976,0.867513,205.248495,650.587302
25.07,0.982976,0.867513,205.24849,650.587262
25.08,0.982976,0.867513,205.248485,650.587223
25.09,0.982976,0.867513,205.24848,650.587183
25.1,0.982976,0.867513,205.248475,650.587144
25.11,0.982976,0.867513,205.24847,650.587104
25.12,0.982976,0.867513,205.248466,650.587065
25.13,0.982976,0.867513,205.248461,650.587025
25.14,0.982976,0.867513,205.248456,650.586986
25.15,0.982976,0.867513,205.248451,650.586946
25.16,0.982976,0.867513,205.248446,650.586907
25.17,0.982976,0.867513,205.248441,650.586867
25.18,0.982976,0.867513,205.248436,650.586828
25.19,0.982976,0.867513,205.248431,650.586788
25.2,0.982976,0.867512,205.248426,650.586749
25.21,0.982976,0.867512,205.248421,650.58671
25.22,0.982976,0.867512,205.248416,650.58667
25.23,0.982976,0.867512,205.248411,650.586631
25.24,0.982976,0.867512,205.248406,650.586592
25.25,0.982976,0.867512,205.248401,650.586553
25.26,0.982976,0.867512,205.248396,650.586514
25.27,0.982976,0.867512,205.248391,650.586475
25.28,0.982976,0.867512,205.248386,650.586436
25.29,0.982976,0.867512,205.248381,650.586397
25.3,0.982976,0.867512,205.248376,650.586358
25.31,0.982976,0.867512,205.248371,650.586319
25.32,0.982976,0.867512,205.248366,650.58628
25.33,0.982976,0.867512,205.248361,650.586241
25.34,0.982976,0.867512,205.248356,650.586203
25.35,0.982976,0.867512,205.248352,650.586164
25.36,0.982976,0.867512,205.248347,650.586125
25.37,0.982976,0.867511,205.248342,650.586087
25.38,0.982976,0.867511,205.248337,650.586048
25.39,0.982976,0.867511,205.248332,650.58601
25.4,0.982976,0.867511,205.248327,650.585971
25.41,0.982976,0.867511,205.248322,650.585933
25.42,0.982976,0.867511,205.248317,650.585895
25.43,0.982976,0.867511,205.248312,650.585856
25.44,0.982976,0.867511,205.248307,650.585818
25.45,0.982976,0.867511,205.248302,650.58578
25.46,0.982976,0.867511,205.248297,650.585741
25.47,0.982976,0.867511,205.248293,650.585703
25.48,0.982976,0.867511,205.248288,650.585665
25.49,0.982976,0.867511,205.248283,650.585627
25.5,0.982976,0.867511,205.248278,650.585589
25.51,0.982976,0.867511,205.248273,650.58555
25.52,0.982976,0.867511,205.248268,650.585512
25.53,0.982976,0.867511,205.248263,650.585474
25.54,0.982976,0.867511,205.248259,650.585436
25.55,0.982976,0.86751,205.248254,650.585398
25.56,0.982976,0.86751,205.248249,650.585359
25.57,0.982976,0.86751,205.248244,650.585321
25.58,0.982976,0.86751,205.248239,650.585283
25.59,0.982976,0.86751,205.248234,650.585245
25.6,0.982976,0.86751,205.24823,650.585206
25.61,0.982976,0.86751,205.248225,650.585168
25.62,0.982976,0.86751,205.24822,650.58513
25.63,0.982976,0.86751,205.248215,650.585091
25.64,0.982976,0.86751,205.248211,650.585053
25.65,0.982976,0.86751,205.248206,650.585015
25.66,0.982976,0.86751,205.248201,650.584976
25.67,0.982976,0.86751,205.248196,650.584938
25.68,0.982976,0.86751,205.248192,650.5849
25.69,0.982976,0.86751,205.248187,650.584861
25.7,0.982976,0.86751,205.248182,650.584823
25.71,0.982976,0.86751,205.248178,650.584784
25.72,0.982976,0.86751,205.248173,650.584746
25.73,0.982976,0.867509,205.248168,650.584707
25.74,0.982976,0.867509,205.248164,650.584669
25.75,0.982976,0.867509,205.248159,650.58463
25.76,0.982976,0.867509,205.248154,650.584592
25.77,0.982976,0.867509,205.24815,650.584553
25.78,0.982976,0.867509,205.248145,650.584515
25.79,0.982976,0.867509,205.248141,650.584476
25.8,0.982976,0.867509,205.248136,650.584438
25.81,0.982976,0.867509,205.248132,650.584399
25.82,0.982976,0.867509,205.248127,650.584361
25.83,0.982976,0.867509,205.248123,650.584322
25.84,0.982976,0.867509,205.248118,650.584283
25.85,0.982976,0.867509,205.248114,650.584245
25.86,0.982976,0.867509,205.248109,650.584207
25.87,0.982976,0.867509,205.248105,650.584168
25.88,0.982976,0.867509,205.2481,650.58413
25.89,0.982976,0.867509,205.248096,650.584091
25.9,0.982976,0.867509,205.248091,650.584053
25.91,0.982976,0.867508,205.248087,650.584015
25.92,0.982976,0.867508,205.248083,650.583976
25.93,0.982976,0.867508,205.248078,650.583938
25.94,0.982976,0.867508,205.248074,650.5839
25.95,0.982976,0.867508,205.24807,650.583862
25.96,0.982976,0.867508,205.248065,650.583824
25.97,0.982976,0.867508,205.248061,650.583786
25.98,0.982976,0.867508,205.248057,650.583748
25.99,0.982976,0.867508,205.248053,650.58371
26,0.982976,0.867508,205.248048,650.583672
26.01,0.982976,0.867508,205.248044,650.583634
26.02,0.982976,0.867508,205.24804,650.583597
26.03,0.982976,0.867508,205.248036,650.583559
26.04,0.982976,0.867508,205.248032,650.583521
26.05,0.982976,0.867508,205.248028,650.583484
26.06,0.982977,0.867508,205.248023,650.583446
26.07,0.982977,0.867508,205.248019,650.583409
26.08,0.982977,0.867508,205.248015,650.583372
26.09,0.982977,0.867508,205.248011,650.583335
26.1,0.982977,0.867507,205.248007,650.583297
26.11,0.982977,0.867507,205.248003,650.58326
26.12,0.982977,0.867507,205.247999,650.583223
26.13,0.982977,0.867507,205.247995,650.583186
26.14,0.982977,0.867507,205.247991,650.58315
26.15,0.982977,0.867507,205.247987,650.583113
26.16,0.982977,0.867507,205.247983,650.583076
26.17,0.982977,0.867507,205.247979,650.583039
26.18,0.982977,0.867507,205.247975,650.583003
26.19,0.982977,0.867507,205.247971,650.582966
26.2,0.982977,0.867507,205.247967,650.58293
26.21,0.982977,0.867507,205.247963,650.582893
26.22,0.982977,0.867507,205.247959,650.582857
26.23,0.982977,0.867507,205.247955,650.582821
26.24,0.982977,0.867507,205.247951,650.582784
26.25,0.982977,0.867507,205.247947,650.582748
26.26,0.982977,0.867507,205.247943,650.582712
26.27,0.982977,0.867507,205.247939,650.582676
26.28,0.982977,0.867507,205.247935,650.582639
26.29,0.982977,0.867506,205.247931,650.582603
26.3,0.982977,0.867506,205.247926,650.582567
26.31,0.982977,0.867506,205.247922,650.582531
26.32,0.982977,0.867506,205.247918,650.582495
26.33,0.982977,0.867506,205.247914,650.582459
26.34,0.982977,0.867506,205.24791,650.582422
26.35,0.982977,0.867506,205.247906,650.582386
26.36,0.982977,0.867506,205.247902,650.58235
26.37,0.982977,0.867506,205.247898,650.582314
26.38,0.982977,0.867506,205.247894,650.582278
26.39,0.982977,0.867506,205.24789,650.582241
26.4,0.982977,0.867506,205.247886,650.582205
26.41,0.982977,0.867506,205.247881,650.582169
26.42,0.982977,0.867506,205.247877,650.582132
26.43,0.982977,0.867506,205.247873,650.582096
26.44,0.982977,0.867506,205.247869,650.582059
26.45,0.982977,0.867506,205.247865,650.582023
26.46,0.982977,0.867506,205.24786,650.581986
26.47,0.982977,0.867506,205.247856,650.58195
26.48,0.982977,0.867506,205.247852,650.581913
26.49,0.982977,0.867505,205.247848,650.581876
26.5,0.982977,0.867505,205.247843,650.581839
26.51,0.982977,0.867505,205.247839,650.581802
26.52,0.982977,0.867505,205.247835,650.581765
26.53,0.982977,0.867505,205.24783,650.581728
26.54,0.982977,0.867505,205.247826,650.581691
26.55,0.982977,0.867505,205.247822,650.581654
26.56,0.982977,0.867505,205.247817,650.581617
26.57,0.982977,0.867505,205.247813,650.581579
26.58,0.982977,0.867505,205.247809,650.581542
26.59,0.982977,0.867505,205.247804,650.581504
26.6,0.982977,0.867505,205.2478,650.581466
26.61,0.982977,0.867505,205.247795,650.581429
26.62,0.982977,0.867505,205.247791,650.581391
26.63,0.982977,0.867505,205.247786,650.581353
26.64,0.982977,0.867505,205.247782,650.581315
26.65,0.982977,0.867505,205.247777,650.581277
26.66,0.982977,0.867505,205.247773,650.581239
26.67,0.982977,0.867505,205.247768,650.581201
26.68,0.982977,0.867504,205.247764,650.581162
26.69,0.982977,0.867504,205.247759,650.581124
26.7,0.982977,0.867504,205.247755,650.581086
26.71,0.982977,0.867504,205.24775,650.581047
26.72,0.982977,0.867504,205.247745,650.581009
26.73,0.982977,0.867504,205.247741,650.58097
26.74,0.982977,0.867504,205.247736,650.580931
26.75,0.982977,0.867504,205.247732,650.580893
26.76,0.982977,0.867504,205.247727,650.580854
26.77,0.982977,0.867504,205.247722,650.580815
26.78,0.982977,0.867504,205.247718,650.580776
26.79,0.982977,0.867504,205.247713,650.580738
26.8,0.982977,0.867504,205.247709,650.580699
26.81,0.982977,0.867504,205.247704,650.58066
26.82,0.982977,0.867504,205.2477,650.580621
26.83,0.982977,0.867504,205.247695,650.580582
26.84,0.982977,0.867504,205.24769,650.580543
26.85,0.982977,0.867504,205.247686,650.580504
26.86,0.982977,0.867503,205.247681,650.580465
26.87,0.982977,0.867503,205.247677,650.580426
26.88,0.982977,0.867503,205.247672,650.580387
26.89,0.982977,0.867503,205.247668,650.580349
26.9,0.982977,0.867503,205.247663,650.58031
26.91,0.982977,0.867503,205.247659,650.580271
26.92,0.982977,0.867503,205.247654,650.580232
26.93,0.982977,0.867503,205.24765,650.580193
26.94,0.982977,0.867503,205.247645,650.580154
26.95,0.982977,0.867503,205.247641,650.580116
26.96,0.982977,0.867503,205.247636,650.580077
26.97,0.982977,0.867503,205.247632,650.580038
26.98,0.982977,0.867503,205.247627,650.58
26.99,0.982977,0.867503,205.247623,650.579961
27,0.982977,0.867503,205.247619,650.579923
27.01,0.982977,0.867503,205.247614,650.579884
27.02,0.982977,0.867503,205.24761,650.579846
27.03,0.982977,0.867503,205.247605,650.579807
27.04,0.982977,0.867502,205.247601,650.579769
27.05,0.982977,0.867502,205.247597,650.579731
27.06,0.982977,0.867502,205.247592,650.579693
27.07,0.982977,0.867502,205.247588,650.579655
27.08,0.982977,0.867502,205.247584,650.579617
27.09,0.982977,0.867502,205.24758,650.579579
27.1,0.982977,0.867502,205.247575,650.579541
27.11,0.982977,0.867502,205.247571,650.579503
27.12,0.982977,0.867502,205.247567,650.579465
27.13,0.982977,0.867502,205.247563,650.579427
27.14,0.982977,0.867502,205.247559,650.579389
27.15,0.982977,0.867502,205.247555,650.579352
27.16,0.982977,0.867502,205.24755,650.579314
27.17,0.982977,0.867502,205.247546,650.579277
27.18,0.982977,0.867502,205.247542,650.579239
27.19,0.982977,0.867502,205.247538,650.579202
27.2,0.982977,0.867502,205.247534,650.579164
27.21,0.982977,0.867502,205.24753,650.579127
27.22,0.982977,0.867502,205.247526,650.57909
27.23,0.982977,0.867501,205.247522,650.579052
27.24,0.982977,0.867501,205.247518,650.579015
27.25,0.982977,0.867501,205.247514,650.578978
27.26,0.982977,0.867501,205.24751,650.578941
27.27,0.982977,0.867501,205.247506,650.578904
27.28,0.982977,0.867501,205.247502,650.578867
27.29,0.982977,0.867501,205.247498,650.57883
27.3,0.982977,0.867501,205.247494,650.578793
27.31,0.982977,0.867501,205.24749,650.578756
27.32,0.982977,0.867501,205.247486,650.578719
27.33,0.982977,0.867501,205.247482,650.578682
27.34,0.982977,0.867501,205.247479,650.578645
27.35,0.982977,0.867501,205.247475,650.578608
27.36,0.982977,0.867501,205.247471,650.578571
27.37,0.982977,0.867501,205.247467,650.578534
27.38,0.982977,0.867501,205.247463,650.578498
27.39,0.982977,0.867501,205.247459,650.578461
27.4,0.982977,0.867501,205.247455,650.578424
27.41,0.982977,0.867501,205.247452,650.578387
27.42,0.982977,0.8675,205.247448,650.57835
27.43,0.982977,0.8675,205.247444,650.578313
27.44,0.982977,0.8675,205.24744,650.578277
27.45,0.982977,0.8675,205.247437,650.57824
27.46,0.982977,0.8675,205.247433,650.578203
27.47,0.982977,0.8675,205.247429,650.578166
27.48,0.982977,0.8675,205.247425,650.578129
27.49,0.982977,0.8675,205.247422,650.578092
27.5,0.982977,0.8675,205.247418,650.578055
27.51,0.982977,0.8675,205.247414,650.578018
27.52,0.982977,0.8675,205.24741,650.577982
27.53,0.982977,0.8675,205.247407,650.577945
27.54,0.982977,0.8675,205.247403,650.577908
27.55,0.982977,0.8675,205.247399,650.577871
27.56,0.982977,0.8675,205.247396,650.577834
27.57,0.982978,0.8675,205.247392,650.577797
27.58,0.982978,0.8675,205.247388,650.57776
27.59,0.982978,0.8675,205.247385,650.577723
27.6,0.982978,0.8675,205.247381,650.577686
27.61,0.982978,0.8675,205.247377,650.577649
27.62,0.982978,0.867499,205.247374,650.577612
27.63,0.982978,0.867499,205.24737,650.577575
27.64,0.982978,0.867499,205.247367,650.577538
27.65,0.982978,0.867499,205.247363,650.577501
27.66,0.982978,0.867499,205.247359,650.577464
27.67,0.982978,0.867499,205.247356,650.577427
27.68,0.982978,0.867499,205.247352,650.57739
27.69,0.982978,0.867499,205.247349,650.577353
27.7,0.982978,0.867499,205.247345,650.577316
27.71,0.982978,0.867499,205.247341,650.577279
27.72,0.982978,0.867499,205.247338,650.577242
27.73,0.982978,0.867499,205.247334,650.577205
27.74,0.982978,0.867499,205.247331,650.577168
27.75,0.982978,0.867499,205.247327,650.577131
27.76,0.982978,0.867499,205.247324,650.577094
27.77,0.982978,0.867499,205.24732,650.577057
27.78,0.982978,0.867499,205.247317,650.57702
27.79,0.982978,0.867499,205.247313,650.576984
27.8,0.982978,0.867499,205.247309,650.576947
27.81,0.982978,0.867498,205.247306,650.57691
27.82,0.982978,0.867498,205.247302,650.576873
27.83,0.982978,0.867498,205.247299,650.576836
27.84,0.982978,0.867498,205.247295,650.576799
27.85,0.982978,0.867498,205.247292,650.576762
27.86,0.982978,0.867498,205.247288,650.576726
27.87,0.982978,0.867498,205.247285,650.576689
27.88,0.982978,0.867498,205.247281,650.576652
27.89,0.982978,0.867498,205.247278,650.576615
27.9,0.982978,0.867498,205.247274,650.576579
27.91,0.982978,0.867498,205.247271,650.576542
27.92,0.982978,0.867498,205.247267,650.576505
27.93,0.982978,0.867498,205.247264,650.576469
27.94,0.982978,0.867498,205.247261,650.576432
27.95,0.982978,0.867498,205.247257,650.576396
27.96,0.982978,0.867498,205.247254,650.576359
27.97,0.982978,0.867498,205.24725,650.576322
27.98,0.982978,0.867498,205.247247,650.576286
27.99,0.982978,0.867498,205.247243,650.576249
28,0.982978,0.867498,205.24724,650.576213
28.01,0.982978,0.867497,205.247236,650.576176
28.02,0.982978,0.867497,205.247233,650.57614
28.03,0.982978,0.867497,205.247229,650.576103
28.04,0.982978,0.867497,205.247226,650.576067
28.05,0.982978,0.867497,205.247222,650.576031
28.06,0.982978,0.867497,205.247219,650.575994
28.07,0.982978,0.867497,205.247215,650.575958
28.08,0.982978,0.867497,205.247212,650.575921
28.09,0.982978,0.867497,205.247208,650.575885
28.1,0.982978,0.867497,205.247205,650.575849
28.11,0.982978,0.867497,205.247201,650.575812
28.12,0.982978,0.867497,205.247198,650.575776
28.13,0.982978,0.867497,205.247194,650.575739
28.14,0.982978,0.867497,205.247191,650.575703
28.15,0.982978,0.867497,205.247188,650.575666
28.16,0.982978,0.867497,205.247184,650.57563
28.17,0.982978,0.867497,205.24718,650.575593
28.18,0.982978,0.867497,205.247177,650.575557
28.19,0.982978,0.867497,205.247173,650.57552
28.2,0.982978,0.867496,205.24717,650.575484
28.21,0.982978,0.867496,205.247166,650.575447
28.22,0.982978,0.867496,205.247163,650.575411
28.23,0.982978,0.867496,205.247159,650.575374
28.24,0.982978,0.867496,205.247156,650.575338
28.25,0.982978,0.867496,205.247152,650.575301
28.26,0.982978,0.867496,205.247149,650.575264
28.27,0.982978,0.867496,205.247145,650.575228
28.28,0.982978,0.867496,205.247142,650.575191
28.29,0.982978,0.867496,205.247138,650.575154
28.3,0.982978,0.867496,205.247135,650.575118
28.31,0.982978,0.867496,205.247131,650.575081
28.32,0.982978,0.867496,205.247127,650.575044
28.33,0.982978,0.867496,205.247124,650.575007
28.34,0.982978,0.867496,205.24712,650.57497
28.35,0.982978,0.867496,205.247117,650.574933
28.36,0.982978,0.867496,205.247113,650.574896
28.37,0.982978,0.867496,205.24711,650.574859
28.38,0.982978,0.867496,205.247106,650.574822
28.39,0.982978,0.867495,205.247102,650.574785
28.4,0.982978,0.867495,205.247099,650.574748
28.41,0.982978,0.867495,205.247095,650.574711
28.42,0.982978,0.867495,205.247092,650.574674
28.43,0.982978,0.867495,205.247088,650.574637
28.44,0.982978,0.867495,205.247085,650.5746
28.45,0.982978,0.867495,205.247081,650.574562
28.46,0.982978,0.867495,205.247077,650.574525
28.47,0.982978,0.867495,205.247074,650.574488
28.48,0.982978,0.867495,205.24707,650.574451
28.49,0.982978,0.867495,205.247067,650.574413
28.5,0.982978,0.867495,205.247063,650.574376
28.51,0.982978,0.867495,205.24706,650.574339
28.52,0.982978,0.867495,205.247056,650.574301
28.53,0.982978,0.867495,205.247053,650.574264
28.54,0.982978,0.867495,205.247049,650.574226
28.55,0.982978,0.867495,205.247045,650.574189
28.56,0.982978,0.867495,205.247042,650.574152
28.57,0.982978,0.867495,205.247038,650.574114
28.58,0.982978,0.867494,205.247035,650.574077
28.59,0.982978,0.867494,205.247031,650.57404
28.6,0.982978,0.867494,205.247028,650.574002
28.61,0.982978,0.867494,205.247024,650.573965
28.62,0.982978,0.867494,205.247021,650.573927
28.63,0.982978,0.867494,205.247018,650.57389
28.64,0.982978,0.867494,205.247014,650.573853
28.65,0.982978,0.867494,205.247011,650.573815
28.66,0.982978,0.867494,205.247007,650.573778
28.67,0.982978,0.867494,205.247004,650.573741
28.68,0.982978,0.867494,205.247,650.573704
28.69,0.982978,0.867494,205.246997,650.573666
28.7,0.982978,0.867494,205.246994,650.573629
28.71,0.982978,0.867494,205.24699,650.573592
28.72,0.982978,0.867494,205.246987,650.573555
28.73,0.982978,0.867494,205.246983,650.573518
28.74,0.982978,0.867494,205.24698,650.573481
28.75,0.982978,0.867494,205.246977,650.573444
28.76,0.982978,0.867494,205.246973,650.573407
28.77,0.982978,0.867494,205.24697,650.57337
28.78,0.982978,0.867493,205.246967,650.573333
28.79,0.982978,0.867493,205.246964,650.573296
28.8,0.982978,0.867493,205.24696,650.573259
28.81,0.982978,0.867493,205.246957,650.573222
28.82,0.982978,0.867493,205.246954,650.573186
28.83,0.982978,0.867493,205.246951,650.573149
28.84,0.982978,0.867493,205.246947,650.573112
28.85,0.982978,0.867493,205.246944,650.573076
28.86,0.982978,0.867493,205.246941,650.573039
28.87,0.982978,0.867493,205.246938,650.573003
28.88,0.982978,0.867493,205.246935,650.572966
28.89,0.982978,0.867493,205.246932,650.57293
28.9,0.982978,0.867493,205.246928,650.572893
28.91,0.982978,0.867493,205.246925,650.572857
28.92,0.982978,0.867493,205.246922,650.572821
28.93,0.982978,0.867493,205.246919,650.572785
28.94,0.982978,0.867493,205.246916,650.572748
28.95,0.982978,0.867493,205.246913,650.572712
28.96,0.982978,0.867493,205.24691,650.572676
28.97,0.982978,0.867492,205.246907,650.57264
28.98,0.982978,0.867492,205.246904,650.572604
28.99,0.982978,0.867492,205.246901,650.572568
29,0.982978,0.867492,205.246898,650.572532
29.01,0.982978,0.867492,205.246895,650.572496
29.02,0.982978,0.867492,205.246892,650.57246
29.03,0.982978,0.867492,205.246889,650.572424
29.04,0.982978,0.867492,205.246886,650.572389
29.05,0.982978,0.867492,205.246883,650.572353
29.06,0.982978,0.867492,205.24688,650.572317
29.07,0.982978,0.867492,205.246877,650.572281
29.08,0.982978,0.867492,205.246874,650.572245
29.09,0.982978,0.867492,205.246871,650.57221
29.1,0.982979,0.867492,205.246868,650.572174
29.11,0.982979,0.867492,205.246865,650.572138
29.12,0.982979,0.867492,205.246862,650.572103
29.13,0.982979,0.867492,205.246859,650.572067
29.14,0.982979,0.867492,205.246856,650.572031
29.15,0.982979,0.867492,205.246853,650.571996
29.16,0.982979,0.867492,205.24685,650.57196
29.17,0.982979,0.867491,205.246847,650.571924
29.18,0.982979,0.867491,205.246844,650.571889
29.19,0.982979,0.867491,205.246841,650.571853
29.2,0.982979,0.867491,205.246838,650.571818
29.21,0.982979,0.867491,205.246836,650.571782
29.22,0.982979,0.867491,205.246833,650.571746
29.23,0.982979,0.867491,205.24683,650.571711
29.24,0.982979,0.867491,205.246827,650.571675
29.25,0.982979,0.867491,205.246824,650.571639
29.26,0.982979,0.867491,205.246821,650.571604
29.27,0.982979,0.867491,205.246818,650.571568
29.28,0.982979,0.867491,205.246815,650.571532
29.29,0.982979,0.867491,205.246812,650.571497
29.3,0.982979,0.867491,205.246809,650.571461
29.31,0.982979,0.867491,205.246806,650.571425
29.32,0.982979,0.867491,205.246803,650.571389
29.33,0.982979,0.867491,205.2468,650.571354
29.34,0.982979,0.867491,205.246798,650.571318
29.35,0.982979,0.867491,205.246795,650.571282
29.36,0.982979,0.867491,205.246792,650.571246
29.37,0.982979,0.86749,205.246789,650.571211
29.38,0.982979,0.86749,205.246786,650.571175
29.39,0.982979,0.86749,205.246783,650.571139
29.4,0.982979,0.86749,205.24678,650.571103
29.41,0.982979,0.86749,205.246777,650.571067
29.42,0.982979,0.86749,205.246774,650.571031
29.43,0.982979,0.86749,205.246771,650.570996
29.44,0.982979,0.86749,205.246768,650.57096
29.45,0.982979,0.86749,205.246765,650.570924
29.46,0.982979,0.86749,205.246762,650.570888
29.47,0.982979,0.86749,205.246759,650.570852
29.48,0.982979,0.86749,205.246756,650.570816
29.49,0.982979,0.86749,205.246754,650.57078
29.5,0.982979,0.86749,205.246751,650.570744
29.51,0.982979,0.86749,205.246748,650.570708
29.52,0.982979,0.86749,205.246745,650.570672
29.53,0.982979,0.86749,205.246742,650.570636
29.54,0.982979,0.86749,205.246739,650.5706
29.55,0.982979,0.86749,205.246736,650.570564
29.56,0.982979,0.867489,205.246733,650.570528
29.57,0.982979,0.867489,205.24673,650.570492
29.58,0.982979,0.867489,205.246727,650.570457
29.59,0.982979,0.867489,205.246724,650.570421
29.6,0.982979,0.867489,205.246721,650.570385
29.61,0.982979,0.867489,205.246718,650.570349
29.62,0.982979,0.867489,205.246715,650.570313
29.63,0.982979,0.867489,205.246712,650.570277
29.64,0.982979,0.867489,205.246709,650.570241
29.65,0.982979,0.867489,205.246706,650.570205
29.66,0.982979,0.867489,205.246703,650.570169
29.67,0.982979,0.867489,205.2467,650.570133
29.68,0.982979,0.867489,205.246697,650.570097
29.69,0.982979,0.867489,205.246694,650.570061
29.7,0.982979,0.867489,205.246691,650.570025
29.71,0.982979,0.867489,205.246688,650.569989
29.72,0.982979,0.867489,205.246685,650.569954
29.73,0.982979,0.867489,205.246683,650.569918
29.74,0.982979,0.867489,205.24668,650.569882
29.75,0.982979,0.867489,205.246677,650.569846
29.76,0.982979,0.867488,205.246674,650.56981
29.77,0.982979,0.867488,205.246671,650.569774
29.78,0.982979,0.867488,205.246668,650.569739
29.79,0.982979,0.867488,205.246665,650.569703
29.8,0.982979,0.867488,205.246662,650.569667
29.81,0.982979,0.867488,205.246659,650.569631
29.82,0.982979,0.867488,205.246656,650.569596
29.83,0.982979,0.867488,205.246653,650.56956
29.84,0.982979,0.867488,205.24665,650.569524
29.85,0.982979,0.867488,205.246647,650.569488
29.86,0.982979,0.867488,205.246644,650.569453
29.87,0.982979,0.867488,205.246641,650.569417
29.88,0.982979,0.867488,205.246638,650.569381
29.89,0.982979,0.867488,205.246635,650.569346
29.9,0.982979,0.867488,205.246632,650.56931
29.91,0.982979,0.867488,205.246629,650.569274
29.92,0.982979,0.867488,205.246626,650.569239
29.93,0.982979,0.867488,205.246623,650.569203
29.94,0.982979,0.867488,205.24662,650.569167
29.95,0.982979,0.867488,205.246617,650.569132
29.96,0.982979,0.867487,205.246614,650.569096
29.97,0.982979,0.867487,205.246611,650.56906
29.98,0.982979,0.867487,205.246608,650.569025
29.99,0.982979,0.867487,205.246605,650.568989
30,0.982979,0.867487,205.246602,650.568954
30.01,0.982979,0.867487,205.246599,650.568918
30.02,0.982979,0.867487,205.246596,650.568882
30.03,0.982979,0.867487,205.246593,650.568847
30.04,0.982979,0.867487,205.24659,650.568811
30.05,0.982979,0.867487,205.246587,650.568775
30.06,0.982979,0.867487,205.246584,650.56874
30.07,0.982979,0.867487,205.246581,650.568704
30.08,0.982979,0.867487,205.246578,650.568669
30.09,0.982979,0.867487,205.246575,650.568633
30.1,0.982979,0.867487,205.246572,650.568597
30.11,0.982979,0.867487,205.246569,650.568562
30.12,0.982979,0.867487,205.246566,650.568526
30.13,0.982979,0.867487,205.246563,650.56849
30.14,0.982979,0.867487,205.24656,650.568455
30.15,0.982979,0.867487,205.246557,650.568419
30.16,0.982979,0.867486,205.246554,650.568383
30.17,0.982979,0.867486,205.246551,650.568348
30.18,0.982979,0.867486,205.246548,650.568312
30.19,0.982979,0.867486,205.246545,650.568276
30.2,0.982979,0.867486,205.246542,650.568241
30.21,0.982979,0.867486,205.24654,650.568205
30.22,0.982979,0.867486,205.246537,650.568169
30.23,0.982979,0.867486,205.246534,650.568134
30.24,0.982979,0.867486,205.246531,650.568098
30.25,0.982979,0.867486,205.246528,650.568062
30.26,0.982979,0.867486,205.246525,650.568027
30.27,0.982979,0.867486,205.246522,650.567991
30.28,0.982979,0.867486,205.246519,650.567955
30.29,0.982979,0.867486,205.246516,650.56792
30.3,0.982979,0.867486,205.246513,650.567884
30.31,0.982979,0.867486,205.24651,650.567848
30.32,0.982979,0.867486,205.246507,650.567813
30.33,0.982979,0.867486,205.246504,650.567777
30.34,0.982979,0.867486,205.246501,650.567741
30.35,0.982979,0.867485,205.246498,650.567706
30.36,0.982979,0.867485,205.246495,650.56767
30.37,0.982979,0.867485,205.246492,650.567634
30.38,0.982979,0.867485,205.246489,650.567599
30.39,0.982979,0.867485,205.246486,650.567563
30.4,0.982979,0.867485,205.246483,650.567527
30.41,0.982979,0.867485,205.246481,650.567492
30.42,0.982979,0.867485,205.246478,650.567456
30.43,0.982979,0.867485,205.246475,650.567421
30.44,0.982979,0.867485,205.246472,650.567385
30.45,0.982979,0.867485,205.246469,650.56735
30.46,0.982979,0.867485,205.246466,650.567314
30.47,0.982979,0.867485,205.246463,650.567279
30.48,0.982979,0.867485,205.24646,650.567243
30.49,0.982979,0.867485,205.246457,650.567208
30.5,0.982979,0.867485,205.246455,650.567173
30.51,0.982979,0.867485,205.246452,650.567137
30.52,0.982979,0.867485,205.246449,650.567102
30.53,0.982979,0.867485,205.246446,650.567066
30.54,0.982979,0.867485,205.246443,650.567031
30.55,0.98298,0.867484,205.24644,650.566996
30.56,0.98298,0.867484,205.246437,650.566961
30.57,0.98298,0.867484,205.246435,650.566925
30.58,0.98298,0.867484,205.246432,650.56689
30.59,0.98298,0.867484,205.246429,650.566855
30.6,0.98298,0.867484,205.246426,650.56682
30.61,0.98298,0.867484,205.246423,650.566785
30.62,0.98298,0.867484,205.246421,650.56675
30.63,0.98298,0.867484,205.246418,650.566715
30.64,0.98298,0.867484,205.246415,650.566679
30.65,0.98298,0.867484,205.246412,650.566644
30.66,0.98298,0.867484,205.246409,650.566609
30.67,0.98298,0.867484,205.246407,650.566575
30.68,0.98298,0.867484,205.246404,650.56654
30.69,0.98298,0.867484,205.246401,650.566505
30.7,0.98298,0.867484,205.246398,650.56647
30.71,0.98298,0.867484,205.246395,650.566435
30.72,0.98298,0.867484,205.246393,650.5664
30.73,0.98298,0.867484,205.24639,650.566365
30.74,0.98298,0.867484,205.246387,650.566331
30.75,0.98298,0.867483,205.246384,650.566296
30.76,0.98298,0.867483,205.246382,650.566261
30.77,0.98298,0.867483,205.246379,650.566226
30.78,0.98298,0.867483,205.246376,650.566192
30.79,0.98298,0.867483,205.246373,650.566157
30.8,0.98298,0.867483,205.24637,650.566122
30.81,0.98298,0.867483,205.246368,650.566088
30.82,0.98298,0.867483,205.246365,650.566053
30.83,0.98298,0.867483,205.246362,650.566018
30.84,0.98298,0.867483,205.246359,650.565984
30.85,0.98298,0.867483,205.246357,650.565949
30.86,0.98298,0.867483,205.246354,650.565915
30.87,0.98298,0.867483,205.246351,650.56588
30.88,0.98298,0.867483,205.246348,650.565845
30.89,0.98298,0.867483,205.246346,650.565811
30.9,0.98298,0.867483,205.246343,650.565776
30.91,0.98298,0.867483,205.24634,650.565742
30.92,0.98298,0.867483,205.246337,650.565707
30.93,0.98298,0.867483,205.246334,650.565673
30.94,0.98298,0.867483,205.246332,650.565638
30.95,0.98298,0.867483,205.246329,650.565604
30.96,0.98298,0.867482,205.246326,650.565569
30.97,0.98298,0.867482,205.246323,650.565535
30.98,0.98298,0.867482,205.246321,650.5655
30.99,0.98298,0.867482,205.246318,650.565465
31,0.98298,0.867482,205.246315,650.565431
31.01,0.98298,0.867482,205.246312,650.565396
31.02,0.98298,0.867482,205.246309,650.565362
31.03,0.98298,0.867482,205.246306,650.565327
31.04,0.98298,0.867482,205.246304,650.565293
31.05,0.98298,0.867482,205.246301,650.565258
31.06,0.98298,0.867482,205.246298,650.565224
31.07,0.98298,0.867482,205.246295,650.565189
31.08,0.98298,0.867482,205.246292,650.565154
31.09,0.98298,0.867482,205.24629,650.56512
31.1,0.98298,0.867482,205.246287,650.565085
31.11,0.98298,0.867482,205.246284,650.565051
31.12,0.98298,0.867482,205.246281,650.565016
31.13,0.98298,0.867482,205.246278,650.564981
31.14,0.98298,0.867482,205.246275,650.564947
31.15,0.98298,0.867482,205.246272,650.564912
31.16,0.98298,0.867481,205.24627,650.564877
31.17,0.98298,0.867481,205.246267,650.564843
31.18,0.98298,0.867481,205.246264,650.564808
31.19,0.98298,0.867481,205.246261,650.564773
31.2,0.98298,0.867481,205.246258,650.564738
31.21,0.98298,0.867481,205.246255,650.564704
31.22,0.98298,0.867481,205.246252,650.564669
31.23,0.98298,0.867481,205.246249,650.564634
31.24,0.98298,0.867481,205.246246,650.5646
31.25,0.98298,0.867481,205.246244,650.564565
31.26,0.98298,0.867481,205.246241,650.56453
31.27,0.98298,0.867481,205.246238,650.564495
31.28,0.98298,0.867481,205.246235,650.564461
31.29,0.98298,0.867481,205.246232,650.564426
31.3,0.98298,0.867481,205.246229,650.564391
31.31,0.98298,0.867481,205.246226,650.564356
31.32,0.98298,0.867481,205.246223,650.564321
31.33,0.98298,0.867481,205.24622,650.564287
31.34,0.98298,0.867481,205.246217,650.564252
31.35,0.98298,0.867481,205.246214,650.564217
31.36,0.98298,0.86748,205.246211,650.564182
31.37,0.98298,0.86748,205.246208,650.564148
31.38,0.98298,0.86748,205.246206,650.564113
31.39,0.98298,0.86748,205.246203,650.564078
31.4,0.98298,0.86748,205.2462,650.564043
31.41,0.98298,0.86748,205.246197,650.564009
31.42,0.98298,0.86748,205.246194,650.563974
31.43,0.98298,0.86748,205.246191,650.563939
31.44,0.98298,0.86748,205.246188,650.563904
31.45,0.98298,0.86748,205.246185,650.56387
31.46,0.98298,0.86748,205.246182,650.563835
31.47,0.98298,0.86748,205.246179,650.5638
31.48,0.98298,0.86748,205.246176,650.563766
31.49,0.98298,0.86748,205.246173,650.563731
31.5,0.98298,0.86748,205.24617,650.563696
31.51,0.98298,0.86748,205.246167,650.563661
31.52,0.98298,0.86748,205.246164,650.563627
31.53,0.98298,0.86748,205.246161,650.563592
31.54,0.98298,0.86748,205.246158,650.563558
31.55,0.98298,0.86748,205.246155,650.563523
31.56,0.98298,0.86748,205.246152,650.563488
31.57,0.98298,0.867479,205.24615,650.563454
31.58,0.98298,0.867479,205.246147,650.563419
31.59,0.98298,0.867479,205.246144,650.563385
31.6,0.98298,0.867479,205.246141,650.56335
31.61,0.98298,0.867479,205.246138,650.563316
31.62,0.98298,0.867479,205.246135,650.563281
31.63,0.98298,0.867479,205.246132,650.563247
31.64,0.98298,0.867479,205.246129,650.563212
31.65,0.98298,0.867479,205.246126,650.563178
31.66,0.98298,0.867479,205.246123,650.563143
31.67,0.98298,0.867479,205.24612,650.563109
31.68,0.98298,0.867479,205.246117,650.563074
31.69,0.98298,0.867479,205.246114,650.56304
31.7,0.98298,0.867479,205.246111,650.563005
31.71,0.98298,0.867479,205.246108,650.562971
31.72,0.98298,0.867479,205.246105,650.562937
31.73,0.98298,0.867479,205.246102,650.562902
31.74,0.98298,0.867479,205.246099,650.562868
31.75,0.98298,0.867479,205.246097,650.562834
31.76,0.98298,0.867479,205.246094,650.562799
31.77,0.98298,0.867478,205.246091,650.562765
31.78,0.98298,0.867478,205.246088,650.562731
31.79,0.98298,0.867478,205.246085,650.562696
31.8,0.98298,0.867478,205.246082,650.562662
31.81,0.98298,0.867478,205.246079,650.562628
31.82,0.98298,0.867478,205.246076,650.562594
31.83,0.98298,0.867478,205.246073,650.562559
31.84,0.98298,0.867478,205.24607,650.562525
31.85,0.98298,0.867478,205.246067,650.562491
31.86,0.98298,0.867478,205.246064,650.562457
31.87,0.98298,0.867478,205.246061,650.562422
31.88,0.98298,0.867478,205.246058,650.562388
31.89,0.98298,0.867478,205.246055,650.562354
31.9,0.98298,0.867478,205.246052,650.56232
31.91,0.98298,0.867478,205.24605,650.562286
31.92,0.98298,0.867478,205.246047,650.562251
31.93,0.98298,0.867478,205.246044,650.562217
31.94,0.98298,0.867478,205.246041,650.562183
31.95,0.98298,0.867478,205.246038,650.562149
31.96,0.98298,0.867478,205.246035,650.562115
31.97,0.98298,0.867478,205.246032,650.562081
31.98,0.98298,0.867477,205.246029,650.562046
31.99,0.98298,0.867477,205.246026,650.562012
32,0.98298,0.867477,205.246023,650.561978
32.01,0.982981,0.867477,205.24602,650.561944
32.02,0.982981,0.867477,205.246017,650.56191
32.03,0.982981,0.867477,205.246014,650.561876
32.04,0.982981,0.867477,205.246012,650.561842
32.05,0.982981,0.867477,205.246009,650.561808
32.06,0.982981,0.867477,205.246006,650.561773
32.07,0.982981,0.867477,205.246003,650.561739
32.08,0.982981,0.867477,205.246,650.561705
32.09,0.982981,0.867477,205.245997,650.561671
32.1,0.982981,0.867477,205.245994,650.561637
32.11,0.982981,0.867477,205.245991,650.561603
32.12,0.982981,0.867477,205.245988,650.561569
32.13,0.982981,0.867477,205.245985,650.561535
32.14,0.982981,0.867477,205.245982,650.561501
32.15,0.982981,0.867477,205.245979,650.561467
32.16,0.982981,0.867477,205.245977,650.561433
32.17,0.982981,0.867477,205.245974,650.561399
32.18,0.982981,0.867476,205.245971,650.561365
32.19,0.982981,0.867476,205.245968,650.561331
32.2,0.982981,0.867476,205.245965,650.561297
32.21,0.982981,0.867476,205.245962,650.561263
32.22,0.982981,0.867476,205.245959,650.561229
32.23,0.982981,0.867476,205.245956,650.561195
32.24,0.982981,0.867476,205.245953,650.561161
32.25,0.982981,0.867476,205.24595,650.561127
32.26,0.982981,0.867476,205.245947,650.561093
32.27,0.982981,0.867476,205.245945,650.561059
32.28,0.982981,0.867476,205.245942,650.561025
32.29,0.982981,0.867476,205.245939,650.560991
32.3,0.982981,0.867476,205.245936,650.560957
32.31,0.982981,0.867476,205.245933,650.560923
32.32,0.982981,0.867476,205.24593,650.56089
32.33,0.982981,0.867476,205.245927,650.560856
32.34,0.982981,0.867476,205.245924,650.560822
32.35,0.982981,0.867476,205.245921,650.560788
32.36,0.982981,0.867476,205.245919,650.560754
32.37,0.982981,0.867476,205.245916,650.560721
32.38,0.982981,0.867476,205.245913,650.560687
32.39,0.982981,0.867475,205.24591,650.560653
32.4,0.982981,0.867475,205.245907,650.560619
32.41,0.982981,0.867475,205.245904,650.560586
32.42,0.982981,0.867475,205.245901,650.560552
32.43,0.982981,0.867475,205.245898,650.560518
32.44,0.982981,0.867475,205.245895,650.560484
32.45,0.982981,0.867475,205.245893,650.560451
32.46,0.982981,0.867475,205.24589,650.560417
32.47,0.982981,0.867475,205.245887,650.560383
32.48,0.982981,0.867475,205.245884,650.56035
32.49,0.982981,0.867475,205.245881,650.560316
32.5,0.982981,0.867475,205.245878,650.560283
32.51,0.982981,0.867475,205.245875,650.560249
32.52,0.982981,0.867475,205.245872,650.560215
32.53,0.982981,0.867475,205.24587,650.560182
32.54,0.982981,0.867475,205.245867,650.560148
32.55,0.982981,0.867475,205.245864,650.560115
32.56,0.982981,0.867475,205.245861,650.560081
32.57,0.982981,0.867475,205.245858,650.560048
32.58,0.982981,0.867475,205.245855,650.560014
32.59,0.982981,0.867475,205.245852,650.559981
32.6,0.982981,0.867474,205.245849,650.559947
32.61,0.982981,0.867474,205.245846,650.559914
32.62,0.982981,0.867474,205.245844,650.55988
32.63,0.982981,0.867474,205.245841,650.559847
32.64,0.982981,0.867474,205.245838,650.559813
32.65,0.982981,0.867474,205.245835,650.55978
32.66,0.982981,0.867474,205.245832,650.559746
32.67,0.982981,0.867474,205.245829,650.559713
32.68,0.982981,0.867474,205.245826,650.55968
32.69,0.982981,0.867474,205.245823,650.559646
32.7,0.982981,0.867474,205.24582,650.559613
32.71,0.982981,0.867474,205.245817,650.559579
32.72,0.982981,0.867474,205.245814,650.559546
32.73,0.982981,0.867474,205.245812,650.559512
32.74,0.982981,0.867474,205.245809,650.559479
32.75,0.982981,0.867474,205.245806,650.559445
32.76,0.982981,0.867474,205.245803,650.559412
32.77,0.982981,0.867474,205.2458,650.559379
32.78,0.982981,0.867474,205.245797,650.559345
32.79,0.982981,0.867474,205.245794,650.559312
32.8,0.982981,0.867474,205.245791,650.559278
32.81,0.982981,0.867473,205.245788,650.559245
32.82,0.982981,0.867473,205.245785,650.559211
32.83,0.982981,0.867473,205.245782,650.559178
32.84,0.982981,0.867473,205.245779,650.559145
32.85,0.982981,0.867473,205.245776,650.559111
32.86,0.982981,0.867473,205.245773,650.559078
32.87,0.982981,0.867473,205.245771,650.559044
32.88,0.982981,0.867473,205.245768,650.559011
32.89,0.982981,0.867473,205.245765,650.558977
32.9,0.982981,0.867473,205.245762,650.558944
32.91,0.982981,0.867473,205.245759,650.558911
32.92,0.982981,0.867473,205.245756,650.558877
32.93,0.982981,0.867473,205.245753,650.558844
32.94,0.982981,0.867473,205.24575,650.55881
32.95,0.982981,0.867473,205.245747,650.558777
32.96,0.982981,0.867473,205.245744,650.558743
32.97,0.982981,0.867473,205.245741,650.55871
32.98,0.982981,0.867473,205.245738,650.558676
32.99,0.982981,0.867473,205.245735,650.558643
33,0.982981,0.867473,205.245732,650.558609
33.01,0.982981,0.867473,205.245729,650.558576
33.02,0.982981,0.867473,205.245726,650.558542
33.03,0.982981,0.867472,205.245723,650.558509
33.04,0.982981,0.867472,205.24572,650.558475
33.05,0.982981,0.867472,205.245717,650.558442
33.06,0.982981,0.867472,205.245714,650.558409
33.07,0.982981,0.867472,205.245711,650.558375
33.08,0.982981,0.867472,205.245708,650.558342
33.09,0.982981,0.867472,205.245705,650.558308
33.1,0.982981,0.867472,205.245702,650.558275
33.11,0.982981,0.867472,205.245699,650.558241
33.12,0.982981,0.867472,205.245696,650.558208
33.13,0.982981,0.867472,205.245693,650.558174
33.14,0.982981,0.867472,205.24569,650.558141
33.15,0.982981,0.867472,205.245687,650.558108
33.16,0.982981,0.867472,205.245684,650.558074
33.17,0.982981,0.867472,205.245682,650.558041
33.18,0.982981,0.867472,205.245679,650.558007
33.19,0.982981,0.867472,205.245676,650.557974
33.2,0.982981,0.867472,205.245673,650.55794
33.21,0.982981,0.867472,205.24567,650.557907
33.22,0.982981,0.867472,205.245667,650.557874
33.23,0.982981,0.867472,205.245664,650.55784
33.24,0.982981,0.867471,205.245661,650.557807
33.25,0.982981,0.867471,205.245658,650.557774
33.26,0.982981,0.867471,205.245655,650.55774
33.27,0.982981,0.867471,205.245652,650.557707
33.28,0.982981,0.867471,205.245649,650.557674
33.29,0.982981,0.867471,205.245646,650.55764
33.3,0.982981,0.867471,205.245643,650.557607
33.31,0.982981,0.867471,205.24564,650.557574
33.32,0.982981,0.867471,205.245637,650.557541
33.33,0.982981,0.867471,205.245634,650.557507
33.34,0.982981,0.867471,205.245631,650.557474
33.35,0.982981,0.867471,205.245628,650.557441
33.36,0.982981,0.867471,205.245625,650.557408
33.37,0.982981,0.867471,205.245622,650.557375
33.38,0.982981,0.867471,205.245619,650.557341
33.39,0.982981,0.867471,205.245616,650.557308
33.4,0.982981,0.867471,205.245614,650.557275
33.41,0.982981,0.867471,205.245611,650.557242
33.42,0.982981,0.867471,205.245608,650.557209
33.43,0.982981,0.867471,205.245605,650.557176
33.44,0.982981,0.867471,205.245602,650.557143
33.45,0.982981,0.86747,205.245599,650.55711
33.46,0.982981,0.86747,205.245596,650.557077
33.47,0.982981,0.86747,205.245593,650.557043
33.48,0.982981,0.86747,205.24559,650.55701
33.49,0.982981,0.86747,205.245587,650.556977
33.5,0.982981,0.86747,205.245584,650.556944
33.51,0.982981,0.86747,205.245581,650.556911
33.52,0.982981,0.86747,205.245579,650.556878
33.53,0.982981,0.86747,205.245576,650.556846
33.54,0.982981,0.86747,205.245573,650.556813
33.55,0.982981,0.86747,205.24557,650.55678
33.56,0.982981,0.86747,205.245567,650.556747
33.57,0.982982,0.86747,205.245564,650.556714
33.58,0.982982,0.86747,205.245561,650.556681
33.59,0.982982,0.86747,205.245558,650.556648
33.6,0.982982,0.86747,205.245555,650.556615
33.61,0.982982,0.86747,205.245552,650.556582
33.62,0.982982,0.86747,205.24555,650.556549
33.63,0.982982,0.86747,205.245547,650.556517
33.64,0.982982,0.86747,205.245544,650.556484
33.65,0.982982,0.86747,205.245541,650.556451
33.66,0.982982,0.867469,205.245538,650.556418
33.67,0.982982,0.867469,205.245535,650.556385
33.68,0.982982,0.867469,205.245532,650.556352
33.69,0.982982,0.867469,205.245529,650.55632
33.7,0.982982,0.867469,205.245526,650.556287
33.71,0.982982,0.867469,205.245524,650.556254
33.72,0.982982,0.867469,205.245521,650.556221
33.73,0.982982,0.867469,205.245518,650.556189
33.74,0.982982,0.867469,205.245515,650.556156
33.75,0.982982,0.867469,205.245512,650.556123
33.76,0.982982,0.867469,205.245509,650.55609
33.77,0.982982,0.867469,205.245506,650.556058
33.78,0.982982,0.867469,205.245504,650.556025
33.79,0.982982,0.867469,205.245501,650.555992
33.8,0.982982,0.867469,205.245498,650.555959
33.81,0.982982,0.867469,205.245495,650.555927
33.82,0.982982,0.867469,205.245492,650.555894
33.83,0.982982,0.867469,205.245489,650.555861
33.84,0.982982,0.867469,205.245486,650.555829
33.85,0.982982,0.867469,205.245483,650.555796
33.86,0.982982,0.867469,205.245481,650.555763
33.87,0.982982,0.867469,205.245478,650.55573
33.88,0.982982,0.867468,205.245475,650.555698
33.89,0.982982,0.867468,205.245472,650.555665
33.9,0.982982,0.867468,205.245469,650.555632
33.91,0.982982,0.867468,205.245466,650.5556
33.92,0.982982,0.867468,205.245463,650.555567
33.93,0.982982,0.867468,205.245461,650.555534
33.94,0.982982,0.867468,205.245458,650.555502
33.95,0.982982,0.867468,205.245455,650.555469
33.96,0.982982,0.867468,205.245452,650.555437
33.97,0.982982,0.867468,205.245449,650.555404
33.98,0.982982,0.867468,205.245446,650.555371
33.99,0.982982,0.867468,205.245444,650.555339
34,0.982982,0.867468,205.245441,650.555306
34.01,0.982982,0.867468,205.245438,650.555274
34.02,0.982982,0.867468,205.245435,650.555241
34.03,0.982982,0.867468,205.245432,650.555208
34.04,0.982982,0.867468,205.245429,650.555176
34.05,0.982982,0.867468,205.245426,650.555143
34.06,0.982982,0.867468,205.245424,650.555111
34.07,0.982982,0.867468,205.245421,650.555078
34.08,0.982982,0.867468,205.245418,650.555045
34.09,0.982982,0.867468,205.245415,650.555013
34.1,0.982982,0.867467,205.245412,650.55498
34.11,0.982982,0.867467,205.245409,650.554948
34.12,0.982982,0.867467,205.245407,650.554915
34.13,0.982982,0.867467,205.245404,650.554883
34.14,0.982982,0.867467,205.245401,650.55485
34.15,0.982982,0.867467,205.245398,650.554818
34.16,0.982982,0.867467,205.245395,650.554785
34.17,0.982982,0.867467,205.245392,650.554753
34.18,0.982982,0.867467,205.24539,650.55472
34.19,0.982982,0.867467,205.245387,650.554688
34.2,0.982982,0.867467,205.245384,650.554656
34.21,0.982982,0.867467,205.245381,650.554623
34.22,0.982982,0.867467,205.245378,650.554591
34.23,0.982982,0.867467,205.245375,650.554558
34.24,0.982982,0.867467,205.245373,650.554526
34.25,0.982982,0.867467,205.24537,650.554493
34.26,0.982982,0.867467,205.245367,650.554461
34.27,0.982982,0.867467,205.245364,650.554429
34.28,0.982982,0.867467,205.245361,650.554396
34.29,0.982982,0.867467,205.245359,650.554364
34.3,0.982982,0.867467,205.245356,650.554332
34.31,0.982982,0.867467,205.245353,650.554299
34.32,0.982982,0.867466,205.24535,650.554267
34.33,0.982982,0.867466,205.245347,650.554234
34.34,0.982982,0.867466,205.245344,650.554202
34.35,0.982982,0.867466,205.245342,650.55417
34.36,0.982982,0.867466,205.245339,650.554138
34.37,0.982982,0.867466,205.245336,650.554105
34.38,0.982982,0.867466,205.245333,650.554073
34.39,0.982982,0.867466,205.24533,650.554041
34.4,0.982982,0.867466,205.245328,650.554008
34.41,0.982982,0.867466,205.245325,650.553976
34.42,0.982982,0.867466,205.245322,650.553944
34.43,0.982982,0.867466,205.245319,650.553912
34.44,0.982982,0.867466,205.245316,650.553879
34.45,0.982982,0.867466,205.245313,650.553847
34.46,0.982982,0.867466,205.245311,650.553815
34.47,0.982982,0.867466,205.245308,650.553783
34.48,0.982982,0.867466,205.245305,650.55375
34.49,0.982982,0.867466,205.245302,650.553718
34.5,0.982982,0.867466,205.245299,650.553686
34.51,0.982982,0.867466,205.245297,650.553654
34.52,0.982982,0.867466,205.245294,650.553621
34.53,0.982982,0.867466,205.245291,650.553589
34.54,0.982982,0.867465,205.245288,650.553557
34.55,0.982982,0.867465,205.245285,650.553525
34.56,0.982982,0.867465,205.245283,650.553493
34.57,0.982982,0.867465,205.24528,650.55346
34.58,0.982982,0.867465,205.245277,650.553428
34.59,0.982982,0.867465,205.245274,650.553396
34.6,0.982982,0.867465,205.245271,650.553364
34.61,0.982982,0.867465,205.245269,650.553332
34.62,0.982982,0.867465,205.245266,650.5533
34.63,0.982982,0.867465,205.245263,650.553267
34.64,0.982982,0.867465,205.24526,650.553235
34.65,0.982982,0.867465,205.245257,650.553203
34.66,0.982982,0.867465,205.245254,650.553171
34.67,0.982982,0.867465,205.245252,650.553139
34.68,0.982982,0.867465,205.245249,650.553107
34.69,0.982982,0.867465,205.245246,650.553074
34.7,0.982982,0.867465,205.245243,650.553042
34.71,0.982982,0.867465,205.24524,650.55301
34.72,0.982982,0.867465,205.245238,650.552978
34.73,0.982982,0.867465,205.245235,650.552946
34.74,0.982982,0.867465,205.245232,650.552914
34.75,0.982982,0.867465,205.245229,650.552882
34.76,0.982982,0.867464,205.245227,650.552849
34.77,0.982982,0.867464,205.245224,650.552817
34.78,0.982982,0.867464,205.245221,650.552785
34.79,0.982982,0.867464,205.245218,650.552753
34.8,0.982982,0.867464,205.245215,650.552721
34.81,0.982982,0.867464,205.245213,650.552689
34.82,0.982982,0.867464,205.24521,650.552657
34.83,0.982982,0.867464,205.245207,650.552625
34.84,0.982982,0.867464,205.245204,650.552593
34.85,0.982982,0.867464,205.245201,650.552561
34.86,0.982982,0.867464,205.245199,650.552529
34.87,0.982982,0.867464,205.245196,650.552496
34.88,0.982982,0.867464,205.245193,650.552464
34.89,0.982982,0.867464,205.24519,650.552432
34.9,0.982982,0.867464,205.245188,650.5524
34.91,0.982982,0.867464,205.245185,650.552368
34.92,0.982982,0.867464,205.245182,650.552336
34.93,0.982982,0.867464,205.245179,650.552304
34.94,0.982982,0.867464,205.245176,650.552272
34.95,0.982982,0.867464,205.245174,650.55224
34.96,0.982982,0.867464,205.245171,650.552208
34.97,0.982982,0.867464,205.245168,650.552176
34.98,0.982982,0.867463,205.245165,650.552144
34.99,0.982982,0.867463,205.245163,650.552112
35,0.982982,0.867463,205.24516,650.55208
35.01,0.982982,0.867463,205.245157,650.552048
35.02,0.982982,0.867463,205.245154,650.552016
35.03,0.982982,0.867463,205.245152,650.551985
35.04,0.982982,0.867463,205.245149,650.551953
35.05,0.982982,0.867463,205.245146,650.551921
35.06,0.982982,0.867463,205.245144,650.551889
35.07,0.982982,0.867463,205.245141,650.551857
35.08,0.982982,0.867463,205.245138,650.551825
35.09,0.982982,0.867463,205.245135,650.551793
35.1,0.982982,0.867463,205.245133,650.551761
35.11,0.982982,0.867463,205.24513,650.55173
35.12,0.982982,0.867463,205.245127,650.551698
35.13,0.982982,0.867463,205.245124,650.551666
35.14,0.982982,0.867463,205.245122,650.551634
35.15,0.982982,0.867463,205.245119,650.551602
35.16,0.982982,0.867463,205.245116,650.551571
35.17,0.982982,0.867463,205.245114,650.551539
35.18,0.982982,0.867463,205.245111,650.551507
35.19,0.982982,0.867463,205.245108,650.551475
35.2,0.982982,0.867462,205.245106,650.551444
35.21,0.982982,0.867462,205.245103,650.551412
35.22,0.982982,0.867462,205.2451,650.55138
35.23,0.982982,0.867462,205.245097,650.551349
35.24,0.982982,0.867462,205.245095,650.551317
35.25,0.982983,0.867462,205.245092,650.551285
35.26,0.982983,0.867462,205.245089,650.551254
35.27,0.982983,0.867462,205.245087,650.551222
35.28,0.982983,0.867462,205.245084,650.55119
35.29,0.982983,0.867462,205.245081,650.551159
35.3,0.982983,0.867462,205.245079,650.551127
35.31,0.982983,0.867462,205.245076,650.551096
35.32,0.982983,0.867462,205.245073,650.551064
35.33,0.982983,0.867462,205.245071,650.551032
35.34,0.982983,0.867462,205.245068,650.551001
35.35,0.982983,0.867462,205.245065,650.550969
35.36,0.982983,0.867462,205.245063,650.550938
35.37,0.982983,0.867462,205.24506,650.550906
35.38,0.982983,0.867462,205.245057,650.550875
35.39,0.982983,0.867462,205.245055,650.550843
35.4,0.982983,0.867462,205.245052,650.550812
35.41,0.982983,0.867462,205.245049,650.55078
35.42,0.982983,0.867462,205.245047,650.550749
35.43,0.982983,0.867461,205.245044,650.550717
35.44,0.982983,0.867461,205.245042,650.550686
35.45,0.982983,0.867461,205.245039,650.550654
35.46,0.982983,0.867461,205.245036,650.550623
35.47,0.982983,0.867461,205.245034,650.550591
35.48,0.982983,0.867461,205.245031,650.55056
35.49,0.982983,0.867461,205.245028,650.550528
35.5,0.982983,0.867461,205.245026,650.550497
35.51,0.982983,0.867461,205.245023,650.550466
35.52,0.982983,0.867461,205.24502,650.550434
35.53,0.982983,0.867461,205.245018,650.550403
35.54,0.982983,0.867461,205.245015,650.550371
35.55,0.982983,0.867461,205.245013,650.55034
35.56,0.982983,0.867461,205.24501,650.550309
35.57,0.982983,0.867461,205.245007,650.550277
35.58,0.982983,0.867461,205.245005,650.550246
35.59,0.982983,0.867461,205.245002,650.550215
35.6,0.982983,0.867461,205.244999,650.550183
35.61,0.982983,0.867461,205.244997,650.550152
35.62,0.982983,0.867461,205.244994,650.55012
35.63,0.982983,0.867461,205.244992,650.550089
35.64,0.982983,0.867461,205.244989,650.550058
35.65,0.982983,0.867461,205.244986,650.550026
35.66,0.982983,0.86746,205.244984,650.549995
35.67,0.982983,0.86746,205.244981,650.549964
35.68,0.982983,0.86746,205.244978,650.549932
35.69,0.982983,0.86746,205.244976,650.549901
35.7,0.982983,0.86746,205.244973,650.54987
35.71,0.982983,0.86746,205.244971,650.549838
35.72,0.982983,0.86746,205.244968,650.549807
35.73,0.982983,0.86746,205.244965,650.549776
35.74,0.982983,0.86746,205.244963,650.549745
35.75,0.982983,0.86746,205.24496,650.549713
35.76,0.982983,0.86746,205.244958,650.549682
35.77,0.982983,0.86746,205.244955,650.549651
35.78,0.982983,0.86746,205.244952,650.549619
35.79,0.982983,0.86746,205.24495,650.549588
35.8,0.982983,0.86746,205.244947,650.549557
35.81,0.982983,0.86746,205.244945,650.549526
35.82,0.982983,0.86746,205.244942,650.549494
35.83,0.982983,0.86746,205.244939,650.549463
35.84,0.982983,0.86746,205.244937,650.549432
35.85,0.982983,0.86746,205.244934,650.549401
35.86,0.982983,0.86746,205.244932,650.549369
35.87,0.982983,0.86746,205.244929,650.549338
35.88,0.982983,0.867459,205.244926,650.549307
35.89,0.982983,0.867459,205.244924,650.549276
35.9,0.982983,0.867459,205.244921,650.549245
35.91,0.982983,0.867459,205.244919,650.549213
35.92,0.982983,0.867459,205.244916,650.549182
35.93,0.982983,0.867459,205.244913,650.549151
35.94,0.982983,0.867459,205.244911,650.54912
35.95,0.982983,0.867459,205.244908,650.549089
35.96,0.982983,0.867459,205.244906,650.549057
35.97,0.982983,0.867459,205.244903,650.549026
35.98,0.982983,0.867459,205.244901,650.548995
35.99,0.982983,0.867459,205.244898,650.548964
36,0.982983,0.867459,205.244895,650.548933
36.01,0.982983,0.867459,205.244893,650.548902
36.02,0.982983,0.867459,205.24489,650.548871
36.03,0.982983,0.867459,205.244888,650.54884
36.04,0.982983,0.867459,205.244885,650.548808
36.05,0.982983,0.867459,205.244882,650.548777
36.06,0.982983,0.867459,205.24488,650.548746
36.07,0.982983,0.867459,205.244877,650.548715
36.08,0.982983,0.867459,205.244875,650.548684
36.09,0.982983,0.867459,205.244872,650.548653
36.1,0.982983,0.867459,205.24487,650.548622
36.11,0.982983,0.867458,205.244867,650.548591
36.12,0.982983,0.867458,205.244864,650.54856
36.13,0.982983,0.867458,205.244862,650.548529
36.14,0.982983,0.867458,205.244859,650.548498
36.15,0.982983,0.867458,205.244857,650.548467
36.16,0.982983,0.867458,205.244854,650.548436
36.17,0.982983,0.867458,205.244852,650.548405
36.18,0.982983,0.867458,205.244849,650.548374
36.19,0.982983,0.867458,205.244847,650.548343
36.2,0.982983,0.867458,205.244844,650.548312
36.21,0.982983,0.867458,205.244841,650.548281
36.22,0.982983,0.867458,205.244839,650.54825
36.23,0.982983,0.867458,205.244836,650.548219
36.24,0.982983,0.867458,205.244834,650.548188
36.25,0.982983,0.867458,205.244831,650.548157
36.26,0.982983,0.867458,205.244829,650.548126
36.27,0.982983,0.867458,205.244826,650.548095
36.28,0.982983,0.867458,205.244824,650.548065
36.29,0.982983,0.867458,205.244821,650.548034
36.3,0.982983,0.867458,205.244819,650.548003
36.31,0.982983,0.867458,205.244816,650.547972
36.32,0.982983,0.867458,205.244813,650.547941
36.33,0.982983,0.867458,205.244811,650.54791
36.34,0.982983,0.867457,205.244808,650.547879
36.35,0.982983,0.867457,205.244806,650.547848
36.36,0.982983,0.867457,205.244803,650.547818
36.37,0.982983,0.867457,205.244801,650.547787
36.38,0.982983,0.867457,205.244798,650.547756
36.39,0.982983,0.867457,205.244796,650.547725
36.4,0.982983,0.867457,205.244793,650.547694
36.41,0.982983,0.867457,205.244791,650.547663
36.42,0.982983,0.867457,205.244788,650.547633
36.43,0.982983,0.867457,205.244786,650.547602
36.44,0.982983,0.867457,205.244783,650.547571
36.45,0.982983,0.867457,205.244781,650.54754
36.46,0.982983,0.867457,205.244778,650.547509
36.47,0.982983,0.867457,205.244776,650.547479
36.48,0.982983,0.867457,205.244773,650.547448
36.49,0.982983,0.867457,205.244771,650.547417
36.5,0.982983,0.867457,205.244768,650.547386
36.51,0.982983,0.867457,205.244766,650.547356
36.52,0.982983,0.867457,205.244763,650.547325
36.53,0.982983,0.867457,205.244761,650.547294
36.54,0.982983,0.867457,205.244758,650.547263
36.55,0.982983,0.867457,205.244756,650.547233
36.56,0.982983,0.867457,205.244753,650.547202
36.57,0.982983,0.867456,205.244751,650.547171
36.58,0.982983,0.867456,205.244748,650.547141
36.59,0.982983,0.867456,205.244746,650.54711
36.6,0.982983,0.867456,205.244743,650.547079
36.61,0.982983,0.867456,205.244741,650.547049
36.62,0.982983,0.867456,205.244738,650.547018
36.63,0.982983,0.867456,205.244736,650.546987
36.64,0.982983,0.867456,205.244733,650.546957
36.65,0.982983,0.867456,205.244731,650.546926
36.66,0.982983,0.867456,205.244728,650.546895
36.67,0.982983,0.867456,205.244726,650.546865
36.68,0.982983,0.867456,205.244723,650.546834
36.69,0.982983,0.867456,205.244721,650.546803
36.7,0.982983,0.867456,205.244718,650.546773
36.71,0.982983,0.867456,205.244716,650.546742
36.72,0.982983,0.867456,205.244713,650.546712
36.73,0.982983,0.867456,205.244711,650.546681
36.74,0.982983,0.867456,205.244708,650.54665
36.75,0.982983,0.867456,205.244706,650.54662
36.76,0.982983,0.867456,205.244703,650.546589
36.77,0.982983,0.867456,205.244701,650.546559
36.78,0.982983,0.867456,205.244698,650.546528
36.79,0.982983,0.867456,205.244696,650.546498
36.8,0.982983,0.867455,205.244694,650.546467
36.81,0.982983,0.867455,205.244691,650.546437
36.82,0.982983,0.867455,205.244689,650.546406
36.83,0.982983,0.867455,205.244686,650.546376
36.84,0.982983,0.867455,205.244684,650.546345
36.85,0.982983,0.867455,205.244681,650.546315
36.86,0.982983,0.867455,205.244679,650.546284
36.87,0.982983,0.867455,205.244676,650.546254
36.88,0.982983,0.867455,205.244674,650.546223
36.89,0.982983,0.867455,205.244671,650.546193
36.9,0.982983,0.867455,205.244669,650.546162
36.91,0.982983,0.867455,205.244667,650.546132
36.92,0.982983,0.867455,205.244664,650.546102
36.93,0.982983,0.867455,205.244662,650.546071
36.94,0.982983,0.867455,205.244659,650.546041
36.95,0.982983,0.867455,205.244657,650.54601
36.96,0.982983,0.867455,205.244654,650.54598
36.97,0.982983,0.867455,205.244652,650.54595
36.98,0.982983,0.867455,205.24465,650.545919
36.99,0.982983,0.867455,205.244647,650.545889
37,0.982984,0.867455,205.244645,650.545859
37.01,0.982984,0.867455,205.244642,650.545828
37.02,0.982984,0.867455,205.24464,650.545798
37.03,0.982984,0.867455,205.244637,650.545768
37.04,0.982984,0.867454,205.244635,650.545737
37.05,0.982984,0.867454,205.244633,650.545707
37.06,0.982984,0.867454,205.24463,650.545677
37.07,0.982984,0.867454,205.244628,650.545647
37.08,0.982984,0.867454,205.244625,650.545616
37.09,0.982984,0.867454,205.244623,650.545586
37.1,0.982984,0.867454,205.244621,650.545556
37.11,0.982984,0.867454,205.244618,650.545526
37.12,0.982984,0.867454,205.244616,650.545495
37.13,0.982984,0.867454,205.244613,650.545465
37.14,0.982984,0.867454,205.244611,650.545435
37.15,0.982984,0.867454,205.244609,650.545405
37.16,0.982984,0.867454,205.244606,650.545375
37.17,0.982984,0.867454,205.244604,650.545344
37.18,0.982984,0.867454,205.244601,650.545314
37.19,0.982984,0.867454,205.244599,650.545284
37.2,0.982984,0.867454,205.244597,650.545254
37.21,0.982984,0.867454,205.244594,650.545224
37.22,0.982984,0.867454,205.244592,650.545194
37.23,0.982984,0.867454,205.244589,650.545163
37.24,0.982984,0.867454,205.244587,650.545133
37.25,0.982984,0.867454,205.244585,650.545103
37.26,0.982984,0.867454,205.244582,650.545073
37.27,0.982984,0.867453,205.24458,650.545043
37.28,0.982984,0.867453,205.244577,650.545013
37.29,0.982984,0.867453,205.244575,650.544983
37.3,0.982984,0.867453,205.244573,650.544953
37.31,0.982984,0.867453,205.24457,650.544923
37.32,0.982984,0.867453,205.244568,650.544893
37.33,0.982984,0.867453,205.244565,650.544862
37.34,0.982984,0.867453,205.244563,650.544832
37.35,0.982984,0.867453,205.244561,650.544802
37.36,0.982984,0.867453,205.244558,650.544772
37.37,0.982984,0.867453,205.244556,650.544742
37.38,0.982984,0.867453,205.244554,650.544712
37.39,0.982984,0.867453,205.244551,650.544682
37.4,0.982984,0.867453,205.244549,650.544652
37.41,0.982984,0.867453,205.244546,650.544622
37.42,0.982984,0.867453,205.244544,650.544592
37.43,0.982984,0.867453,205.244542,650.544562
37.44,0.982984,0.867453,205.244539,650.544532
37.45,0.982984,0.867453,205.244537,650.544502
37.46,0.982984,0.867453,205.244535,650.544472
37.47,0.982984,0.867453,205.244532,650.544442
37.48,0.982984,0.867453,205.24453,650.544412
37.49,0.982984,0.867453,205.244527,650.544382
37.5,0.982984,0.867453,205.244525,650.544352
37.51,0.982984,0.867452,205.244523,650.544322
37.52,0.982984,0.867452,205.24452,650.544292
37.53,0.982984,0.867452,205.244518,650.544262
37.54,0.982984,0.867452,205.244516,650.544232
37.55,0.982984,0.867452,205.244513,650.544202
37.56,0.982984,0.867452,205.244511,650.544172
37.57,0.982984,0.867452,205.244508,650.544142
37.58,0.982984,0.867452,205.244506,650.544112
37.59,0.982984,0.867452,205.244504,650.544083
37.6,0.982984,0.867452,205.244501,650.544053
37.61,0.982984,0.867452,205.244499,650.544023
37.62,0.982984,0.867452,205.244497,650.543993
37.63,0.982984,0.867452,205.244494,650.543963
37.64,0.982984,0.867452,205.244492,650.543933
37.65,0.982984,0.867452,205.24449,650.543903
37.66,0.982984,0.867452,205.244487,650.543873
37.67,0.982984,0.867452,205.244485,650.543843
37.68,0.982984,0.867452,205.244482,650.543813
37.69,0.982984,0.867452,205.24448,650.543784
37.7,0.982984,0.867452,205.244478,650.543754
37.71,0.982984,0.867452,205.244475,650.543724
37.72,0.982984,0.867452,205.244473,650.543694
37.73,0.982984,0.867452,205.244471,650.543664
37.74,0.982984,0.867452,205.244468,650.543634
37.75,0.982984,0.867451,205.244466,650.543605
37.76,0.982984,0.867451,205.244464,650.543575
37.77,0.982984,0.867451,205.244461,650.543545
37.78,0.982984,0.867451,205.244459,650.543515
37.79,0.982984,0.867451,205.244457,650.543485
37.8,0.982984,0.867451,205.244454,650.543456
37.81,0.982984,0.867451,205.244452,650.543426
37.82,0.982984,0.867451,205.24445,650.543396
37.83,0.982984,0.867451,205.244447,650.543366
37.84,0.982984,0.867451,205.244445,650.543337
37.85,0.982984,0.867451,205.244442,650.543307
37.86,0.982984,0.867451,205.24444,650.543277
37.87,0.982984,0.867451,205.244438,650.543247
37.88,0.982984,0.867451,205.244435,650.543218
37.89,0.982984,0.867451,205.244433,650.543188
37.9,0.982984,0.867451,205.244431,650.543158
37.91,0.982984,0.867451,205.244428,650.543129
37.92,0.982984,0.867451,205.244426,650.543099
37.93,0.982984,0.867451,205.244424,650.543069
37.94,0.982984,0.867451,205.244421,650.54304
37.95,0.982984,0.867451,205.244419,650.54301
37.96,0.982984,0.867451,205.244417,650.54298
37.97,0.982984,0.867451,205.244414,650.542951
37.98,0.982984,0.867451,205.244412,650.542921
37.99,0.982984,0.86745,205.24441,650.542891
38,0.982984,0.86745,205.244408,650.542862
38.01,0.982984,0.86745,205.244405,650.542832
38.02,0.982984,0.86745,205.244403,650.542803
38.03,0.982984,0.86745,205.244401,650.542773
38.04,0.982984,0.86745,205.244398,650.542743
38.05,0.982984,0.86745,205.244396,650.542714
38.06,0.982984,0.86745,205.244394,650.542684
38.07,0.982984,0.86745,205.244391,650.542655
38.08,0.982984,0.86745,205.244389,650.542625
38.09,0.982984,0.86745,205.244387,650.542596
38.1,0.982984,0.86745,205.244384,650.542566
38.11,0.982984,0.86745,205.244382,650.542537
38.12,0.982984,0.86745,205.24438,650.542507
38.13,0.982984,0.86745,205.244377,650.542477
38.14,0.982984,0.86745,205.244375,650.542448
38.15,0.982984,0.86745,205.244373,650.542418
38.16,0.982984,0.86745,205.244371,650.542389
38.17,0.982984,0.86745,205.244368,650.54236
38.18,0.982984,0.86745,205.244366,650.54233
38.19,0.982984,0.86745,205.244364,650.542301
38.2,0.982984,0.86745,205.244361,650.542271
38.21,0.982984,0.86745,205.244359,650.542242
38.22,0.982984,0.86745,205.244357,650.542212
38.23,0.982984,0.867449,205.244354,650.542183
38.24,0.982984,0.867449,205.244352,650.542153
38.25,0.982984,0.867449,205.24435,650.542124
38.26,0.982984,0.867449,205.244348,650.542095
38.27,0.982984,0.867449,205.244345,650.542065
38.28,0.982984,0.867449,205.244343,650.542036
38.29,0.982984,0.867449,205.244341,650.542006
38.3,0.982984,0.867449,205.244338,650.541977
38.31,0.982984,0.867449,205.244336,650.541948
38.32,0.982984,0.867449,205.244334,650.541918
38.33,0.982984,0.867449,205.244332,650.541889
38.34,0.982984,0.867449,205.244329,650.54186
38.35,0.982984,0.867449,205.244327,650.54183
38.36,0.982984,0.867449,205.244325,650.541801
38.37,0.982984,0.867449,205.244322,650.541771
38.38,0.982984,0.867449,205.24432,650.541742
38.39,0.982984,0.867449,205.244318,650.541713
38.4,0.982984,0.867449,205.244316,650.541684
38.41,0.982984,0.867449,205.244313,650.541654
38.42,0.982984,0.867449,205.244311,650.541625
38.43,0.982984,0.867449,205.244309,650.541596
38.44,0.982984,0.867449,205.244307,650.541566
38.45,0.982984,0.867449,205.244304,650.541537
38.46,0.982984,0.867449,205.244302,650.541508
38.47,0.982984,0.867448,205.2443,650.541479
38.48,0.982984,0.867448,205.244297,650.541449
38.49,0.982984,0.867448,205.244295,650.54142
38.5,0.982984,0.867448,205.244293,650.541391
38.51,0.982984,0.867448,205.244291,650.541362
38.52,0.982984,0.867448,205.244288,650.541332
38.53,0.982984,0.867448,205.244286,650.541303
38.54,0.982984,0.867448,205.244284,650.541274
38.55,0.982984,0.867448,205.244282,650.541245
38.56,0.982984,0.867448,205.244279,650.541216
38.57,0.982984,0.867448,205.244277,650.541186
38.58,0.982984,0.867448,205.244275,650.541157
38.59,0.982984,0.867448,205.244273,650.541128
38.6,0.982984,0.867448,205.24427,650.541099
38.61,0.982984,0.867448,205.244268,650.54107
38.62,0.982984,0.867448,205.244266,650.541041
38.63,0.982984,0.867448,205.244264,650.541011
38.64,0.982984,0.867448,205.244261,650.540982
38.65,0.982984,0.867448,205.244259,650.540953
38.66,0.982984,0.867448,205.244257,650.540924
38.67,0.982984,0.867448,205.244255,650.540895
38.68,0.982984,0.867448,205.244252,650.540866
38.69,0.982984,0.867448,205.24425,650.540837
38.7,0.982984,0.867448,205.244248,650.540808
38.71,0.982984,0.867447,205.244246,650.540779
38.72,0.982984,0.867447,205.244243,650.54075
38.73,0.982984,0.867447,205.244241,650.54072
38.74,0.982984,0.867447,205.244239,650.540691
38.75,0.982984,0.867447,205.244237,650.540662
38.76,0.982984,0.867447,205.244235,650.540633
38.77,0.982984,0.867447,205.244232,650.540604
38.78,0.982984,0.867447,205.24423,650.540575
38.79,0.982984,0.867447,205.244228,650.540546
38.8,0.982984,0.867447,205.244226,650.540517
38.81,0.982985,0.867447,205.244223,650.540488
38.82,0.982985,0.867447,205.244221,650.540459
38.83,0.982985,0.867447,205.244219,650.54043
38.84,0.982985,0.867447,205.244217,650.540401
38.85,0.982985,0.867447,205.244214,650.540372
38.86,0.982985,0.867447,205.244212,650.540343
38.87,0.982985,0.867447,205.24421,650.540314
38.88,0.982985,0.867447,205.244208,650.540286
38.89,0.982985,0.867447,205.244206,650.540257
38.9,0.982985,0.867447,205.244203,650.540228
38.91,0.982985,0.867447,205.244201,650.540199
38.92,0.982985,0.867447,205.244199,650.54017
38.93,0.982985,0.867447,205.244197,650.540141
38.94,0.982985,0.867447,205.244194,650.540112
38.95,0.982985,0.867447,205.244192,650.540083
38.96,0.982985,0.867446,205.24419,650.540054
38.97,0.982985,0.867446,205.244188,650.540025
38.98,0.982985,0.867446,205.244186,650.539997
38.99,0.982985,0.867446,205.244183,650.539968
39,0.982985,0.867446,205.244181,650.539939
39.01,0.982985,0.867446,205.244179,650.53991
39.02,0.982985,0.867446,205.244177,650.539881
39.03,0.982985,0.867446,205.244174,650.539852
39.04,0.982985,0.867446,205.244172,650.539823
39.05,0.982985,0.867446,205.24417,650.539795
39.06,0.982985,0.867446,205.244168,650.539766
39.07,0.982985,0.867446,205.244166,650.539737
39.08,0.982985,0.867446,205.244163,650.539708
39.09,0.982985,0.867446,205.244161,650.539679
39.1,0.982985,0.867446,205.244159,650.539651
39.11,0.982985,0.867446,205.244157,650.539622
39.12,0.982985,0.867446,205.244155,650.539593
39.13,0.982985,0.867446,205.244152,650.539564
39.14,0.982985,0.867446,205.24415,650.539536
39.15,0.982985,0.867446,205.244148,650.539507
39.16,0.982985,0.867446,205.244146,650.539478
39.17,0.982985,0.867446,205.244144,650.539449
39.18,0.982985,0.867446,205.244141,650.539421
39.19,0.982985,0.867446,205.244139,650.539392
39.2,0.982985,0.867445,205.244137,650.539363
39.21,0.982985,0.867445,205.244135,650.539334
39.22,0.982985,0.867445,205.244133,650.539306
39.23,0.982985,0.867445,205.24413,650.539277
39.24,0.982985,0.867445,205.244128,650.539248
39.25,0.982985,0.867445,205.244126,650.53922
39.26,0.982985,0.867445,205.244124,650.539191
39.27,0.982985,0.867445,205.244122,650.539162
39.28,0.982985,0.867445,205.244119,650.539133
39.29,0.982985,0.867445,205.244117,650.539105
39.3,0.982985,0.867445,205.244115,650.539076
39.31,0.982985,0.867445,205.244113,650.539047
39.32,0.982985,0.867445,205.244111,650.539019
39.33,0.982985,0.867445,205.244108,650.53899
39.34,0.982985,0.867445,205.244106,650.538962
39.35,0.982985,0.867445,205.244104,650.538933
39.36,0.982985,0.867445,205.244102,650.538904
39.37,0.982985,0.867445,205.2441,650.538876
39.38,0.982985,0.867445,205.244098,650.538847
39.39,0.982985,0.867445,205.244095,650.538818
39.4,0.982985,0.867445,205.244093,650.53879
39.41,0.982985,0.867445,205.244091,650.538761
39.42,0.982985,0.867445,205.244089,650.538733
39.43,0.982985,0.867445,205.244087,650.538704
39.44,0.982985,0.867445,205.244084,650.538675
39.45,0.982985,0.867444,205.244082,650.538647
39.46,0.982985,0.867444,205.24408,650.538618
39.47,0.982985,0.867444,205.244078,650.53859
39.48,0.982985,0.867444,205.244076,650.538561
39.49,0.982985,0.867444,205.244074,650.538533
39.5,0.982985,0.867444,205.244071,650.538504
39.51,0.982985,0.867444,205.244069,650.538476
39.52,0.982985,0.867444,205.244067,650.538447
39.53,0.982985,0.867444,205.244065,650.538419
39.54,0.982985,0.867444,205.244063,650.53839
39.55,0.982985,0.867444,205.244061,650.538362
39.56,0.982985,0.867444,205.244058,650.538333
39.57,0.982985,0.867444,205.244056,650.538305
39.58,0.982985,0.867444,205.244054,650.538276
39.59,0.982985,0.867444,205.244052,650.538248
39.6,0.982985,0.867444,205.24405,650.538219
39.61,0.982985,0.867444,205.244048,650.538191
39.62,0.982985,0.867444,205.244045,650.538162
39.63,0.982985,0.867444,205.244043,650.538134
39.64,0.982985,0.867444,205.244041,650.538106
39.65,0.982985,0.867444,205.244039,650.538077
39.66,0.982985,0.867444,205.244037,650.538049
39.67,0.982985,0.867444,205.244035,650.53802
39.68,0.982985,0.867444,205.244032,650.537992
39.69,0.982985,0.867444,205.24403,650.537963
39.7,0.982985,0.867443,205.244028,650.537935
39.71,0.982985,0.867443,205.244026,650.537907
39.72,0.982985,0.867443,205.244024,650.537878
39.73,0.982985,0.867443,205.244022,650.53785
39.74,0.982985,0.867443,205.24402,650.537822
39.75,0.982985,0.867443,205.244017,650.537793
39.76,0.982985,0.867443,205.244015,650.537765
39.77,0.982985,0.867443,205.244013,650.537737
39.78,0.982985,0.867443,205.244011,650.537708
39.79,0.982985,0.867443,205.244009,650.53768
39.8,0.982985,0.867443,205.244007,650.537652
39.81,0.982985,0.867443,205.244005,650.537624
39.82,0.982985,0.867443,205.244002,650.537595
39.83,0.982985,0.867443,205.244,650.537567
39.84,0.982985,0.867443,205.243998,650.537539
39.85,0.982985,0.867443,205.243996,650.53751
39.86,0.982985,0.867443,205.243994,650.537482
39.87,0.982985,0.867443,205.243992,650.537454
39.88,0.982985,0.867443,205.24399,650.537426
39.89,0.982985,0.867443,205.243988,650.537397
39.9,0.982985,0.867443,205.243985,650.537369
39.91,0.982985,0.867443,205.243983,650.537341
39.92,0.982985,0.867443,205.243981,650.537313
39.93,0.982985,0.867443,205.243979,650.537285
39.94,0.982985,0.867443,205.243977,650.537256
39.95,0.982985,0.867442,205.243975,650.537228
39.96,0.982985,0.867442,205.243973,650.5372
39.97,0.982985,0.867442,205.243971,650.537172
39.98,0.982985,0.867442,205.243968,650.537144
39.99,0.982985,0.867442,205.243966,650.537116
40,0.982985,0.867442,205.243964,650.537087
40.01,0.982985,0.867442,205.243962,650.537059
40.02,0.982985,0.867442,205.24396,650.537031
40.03,0.982985,0.867442,205.243958,650.537003
40.04,0.982985,0.867442,205.243956,650.536975
40.05,0.982985,0.867442,205.243954,650.536947
40.06,0.982985,0.867442,205.243951,650.536919
40.07,0.982985,0.867442,205.243949,650.536891
40.08,0.982985,0.867442,205.243947,650.536863
40.09,0.982985,0.867442,205.243945,650.536834
40.1,0.982985,0.867442,205.243943,650.536806
40.11,0.982985,0.867442,205.243941,650.536778
40.12,0.982985,0.867442,205.243939,650.53675
40.13,0.982985,0.867442,205.243937,650.536722
40.14,0.982985,0.867442,205.243935,650.536694
40.15,0.982985,0.867442,205.243933,650.536666
40.16,0.982985,0.867442,205.24393,650.536638
40.17,0.982985,0.867442,205.243928,650.53661
40.18,0.982985,0.867442,205.243926,650.536582
40.19,0.982985,0.867442,205.243924,650.536554
40.2,0.982985,0.867442,205.243922,650.536526
40.21,0.982985,0.867441,205.24392,650.536498
40.22,0.982985,0.867441,205.243918,650.53647
40.23,0.982985,0.867441,205.243916,650.536442
40.24,0.982985,0.867441,205.243914,650.536414
40.25,0.982985,0.867441,205.243912,650.536386
40.26,0.982985,0.867441,205.24391,650.536358
40.27,0.982985,0.867441,205.243907,650.53633
40.28,0.982985,0.867441,205.243905,650.536302
40.29,0.982985,0.867441,205.243903,650.536274
40.3,0.982985,0.867441,205.243901,650.536246
40.31,0.982985,0.867441,205.243899,650.536218
40.32,0.982985,0.867441,205.243897,650.53619
40.33,0.982985,0.867441,205.243895,650.536163
40.34,0.982985,0.867441,205.243893,650.536135
40.35,0.982985,0.867441,205.243891,650.536107
40.36,0.982985,0.867441,205.243889,650.536079
40.37,0.982985,0.867441,205.243887,650.536051
40.38,0.982985,0.867441,205.243885,650.536023
40.39,0.982985,0.867441,205.243882,650.535995
40.4,0.982985,0.867441,205.24388,650.535967
40.41,0.982985,0.867441,205.243878,650.535939
40.42,0.982985,0.867441,205.243876,650.535912
40.43,0.982985,0.867441,205.243874,650.535884
40.44,0.982985,0.867441,205.243872,650.535856
40.45,0.982985,0.867441,205.24387,650.535828
40.46,0.982985,0.86744,205.243868,650.5358
40.47,0.982985,0.86744,205.243866,650.535772
40.48,0.982985,0.86744,205.243864,650.535745
40.49,0.982985,0.86744,205.243862,650.535717
40.5,0.982985,0.86744,205.24386,650.535689
40.51,0.982985,0.86744,205.243858,650.535661
40.52,0.982985,0.86744,205.243856,650.535633
40.53,0.982985,0.86744,205.243853,650.535606
40.54,0.982985,0.86744,205.243851,650.535578
40.55,0.982985,0.86744,205.243849,650.53555
40.56,0.982985,0.86744,205.243847,650.535522
40.57,0.982985,0.86744,205.243845,650.535495
40.58,0.982985,0.86744,205.243843,650.535467
40.59,0.982985,0.86744,205.243841,650.535439
40.6,0.982985,0.86744,205.243839,650.535411
40.61,0.982985,0.86744,205.243837,650.535384
40.62,0.982985,0.86744,205.243835,650.535356
40.63,0.982985,0.86744,205.243833,650.535328
40.64,0.982985,0.86744,205.243831,650.5353
40.65,0.982985,0.86744,205.243829,650.535273
40.66,0.982985,0.86744,205.243827,650.535245
40.67,0.982985,0.86744,205.243825,650.535217
40.68,0.982985,0.86744,205.243823,650.53519
40.69,0.982985,0.86744,205.243821,650.535162
40.7,0.982985,0.86744,205.243819,650.535134
40.71,0.982986,0.86744,205.243816,650.535107
40.72,0.982986,0.867439,205.243814,650.535079
40.73,0.982986,0.867439,205.243812,650.535051
40.74,0.982986,0.867439,205.24381,650.535024
40.75,0.982986,0.867439,205.243808,650.534996
40.76,0.982986,0.867439,205.243806,650.534969
40.77,0.982986,0.867439,205.243804,650.534941
40.78,0.982986,0.867439,205.243802,650.534913
40.79,0.982986,0.867439,205.2438,650.534886
40.8,0.982986,0.867439,205.243798,650.534858
40.81,0.982986,0.867439,205.243796,650.534831
40.82,0.982986,0.867439,205.243794,650.534803
40.83,0.982986,0.867439,205.243792,650.534775
40.84,0.982986,0.867439,205.24379,650.534748
40.85,0.982986,0.867439,205.243788,650.53472
40.86,0.982986,0.867439,205.243786,650.534693
40.87,0.982986,0.867439,205.243784,650.534665
40.88,0.982986,0.867439,205.243782,650.534638
40.89,0.982986,0.867439,205.24378,650.53461
40.9,0.982986,0.867439,205.243778,650.534583
40.91,0.982986,0.867439,205.243776,650.534555
40.92,0.982986,0.867439,205.243774,650.534528
40.93,0.982986,0.867439,205.243772,650.5345
40.94,0.982986,0.867439,205.24377,650.534473
40.95,0.982986,0.867439,205.243768,650.534445
40.96,0.982986,0.867439,205.243766,650.534418
40.97,0.982986,0.867439,205.243764,650.53439
40.98,0.982986,0.867438,205.243762,650.534363
40.99,0.982986,0.867438,205.24376,650.534335
41,0.982986,0.867438,205.243758,650.534308
41.01,0.982986,0.867438,205.243756,650.53428
41.02,0.982986,0.867438,205.243754,650.534253
41.03,0.982986,0.867438,205.243752,650.534225
41.04,0.982986,0.867438,205.24375,650.534198
41.05,0.982986,0.867438,205.243748,650.534171
41.06,0.982986,0.867438,205.243746,650.534143
41.07,0.982986,0.867438,205.243744,650.534116
41.08,0.982986,0.867438,205.243741,650.534088
41.09,0.982986,0.867438,205.243739,650.534061
41.1,0.982986,0.867438,205.243737,650.534034
41.11,0.982986,0.867438,205.243735,650.534006
41.12,0.982986,0.867438,205.243733,650.533979
41.13,0.982986,0.867438,205.243731,650.533951
41.14,0.982986,0.867438,205.243729,650.533924
41.15,0.982986,0.867438,205.243727,650.533897
41.16,0.982986,0.867438,205.243725,650.533869
41.17,0.982986,0.867438,205.243723,650.533842
41.18,0.982986,0.867438,205.243721,650.533815
41.19,0.982986,0.867438,205.243719,650.533787
41.2,0.982986,0.867438,205.243717,650.53376
41.21,0.982986,0.867438,205.243715,650.533733
41.22,0.982986,0.867438,205.243713,650.533705
41.23,0.982986,0.867438,205.243711,650.533678
41.24,0.982986,0.867437,205.243709,650.533651
41.25,0.982986,0.867437,205.243707,650.533624
41.26,0.982986,0.867437,205.243706,650.533596
41.27,0.982986,0.867437,205.243704,650.533569
41.28,0.982986,0.867437,205.243702,650.533542
41.29,0.982986,0.867437,205.2437,650.533514
41.3,0.982986,0.867437,205.243698,650.533487
41.31,0.982986,0.867437,205.243696,650.53346
41.32,0.982986,0.867437,205.243694,650.533433
41.33,0.982986,0.867437,205.243692,650.533405
41.34,0.982986,0.867437,205.24369,650.533378
41.35,0.982986,0.867437,205.243688,650.533351
41.36,0.982986,0.867437,205.243686,650.533324
41.37,0.982986,0.867437,205.243684,650.533297
41.38,0.982986,0.867437,205.243682,650.533269
41.39,0.982986,0.867437,205.24368,650.533242
41.4,0.982986,0.867437,205.243678,650.533215
41.41,0.982986,0.867437,205.243676,650.533188
41.42,0.982986,0.867437,205.243674,650.533161
41.43,0.982986,0.867437,205.243672,650.533134
41.44,0.982986,0.867437,205.24367,650.533106
41.45,0.982986,0.867437,205.243668,650.533079
41.46,0.982986,0.867437,205.243666,650.533052
41.47,0.982986,0.867437,205.243664,650.533025
41.48,0.982986,0.867437,205.243662,650.532998
41.49,0.982986,0.867437,205.24366,650.532971
41.5,0.982986,0.867436,205.243658,650.532944
41.51,0.982986,0.867436,205.243656,650.532917
41.52,0.982986,0.867436,205.243654,650.532889
41.53,0.982986,0.867436,205.243652,650.532862
41.54,0.982986,0.867436,205.24365,650.532835
41.55,0.982986,0.867436,205.243648,650.532808
41.56,0.982986,0.867436,205.243646,650.532781
41.57,0.982986,0.867436,205.243644,650.532754
41.58,0.982986,0.867436,205.243642,650.532727
41.59,0.982986,0.867436,205.243641,650.5327
41.6,0.982986,0.867436,205.243639,650.532673
41.61,0.982986,0.867436,205.243637,650.532646
41.62,0.982986,0.867436,205.243635,650.532619
41.63,0.982986,0.867436,205.243633,650.532592
41.64,0.982986,0.867436,205.243631,650.532565
41.65,0.982986,0.867436,205.243629,650.532538
41.66,0.982986,0.867436,205.243627,650.532511
41.67,0.982986,0.867436,205.243625,650.532484
41.68,0.982986,0.867436,205.243623,650.532457
41.69,0.982986,0.867436,205.243621,650.53243
41.7,0.982986,0.867436,205.243619,650.532403
41.71,0.982986,0.867436,205.243617,650.532376
41.72,0.982986,0.867436,205.243615,650.532349
41.73,0.982986,0.867436,205.243613,650.532322
41.74,0.982986,0.867436,205.243611,650.532295
41.75,0.982986,0.867436,205.243609,650.532268
41.76,0.982986,0.867436,205.243608,650.532241
41.77,0.982986,0.867435,205.243606,650.532215
41.78,0.982986,0.867435,205.243604,650.532188
41.79,0.982986,0.867435,205.243602,650.532161
41.8,0.982986,0.867435,205.2436,650.532134
41.81,0.982986,0.867435,205.243598,650.532107
41.82,0.982986,0.867435,205.243596,650.53208
41.83,0.982986,0.867435,205.243594,650.532053
41.84,0.982986,0.867435,205.243592,650.532026
41.85,0.982986,0.867435,205.24359,650.532
41.86,0.982986,0.867435,205.243588,650.531973
41.87,0.982986,0.867435,205.243586,650.531946
41.88,0.982986,0.867435,205.243584,650.531919
41.89,0.982986,0.867435,205.243582,650.531892
41.9,0.982986,0.867435,205.243581,650.531865
41.91,0.982986,0.867435,205.243579,650.531839
41.92,0.982986,0.867435,205.243577,650.531812
41.93,0.982986,0.867435,205.243575,650.531785
41.94,0.982986,0.867435,205.243573,650.531758
41.95,0.982986,0.867435,205.243571,650.531731
41.96,0.982986,0.867435,205.243569,650.531705
41.97,0.982986,0.867435,205.243567,650.531678
41.98,0.982986,0.867435,205.243565,650.531651
41.99,0.982986,0.867435,205.243563,650.531624
42,0.982986,0.867435,205.243561,650.531597
42.01,0.982986,0.867435,205.24356,650.531571
42.02,0.982986,0.867435,205.243558,650.531544
42.03,0.982986,0.867434,205.243556,650.531517
42.04,0.982986,0.867434,205.243554,650.531491
42.05,0.982986,0.867434,205.243552,650.531464
42.06,0.982986,0.867434,205.24355,650.531437
42.07,0.982986,0.867434,205.243548,650.53141
42.08,0.982986,0.867434,205.243546,650.531384
42.09,0.982986,0.867434,205.243544,650.531357
42.1,0.982986,0.867434,205.243542,650.53133
42.11,0.982986,0.867434,205.243541,650.531304
42.12,0.982986,0.867434,205.243539,650.531277
42.13,0.982986,0.867434,205.243537,650.53125
42.14,0.982986,0.867434,205.243535,650.531224
42.15,0.982986,0.867434,205.243533,650.531197
42.16,0.982986,0.867434,205.243531,650.53117
42.17,0.982986,0.867434,205.243529,650.531144
42.18,0.982986,0.867434,205.243527,650.531117
42.19,0.982986,0.867434,205.243525,650.53109
42.2,0.982986,0.867434,205.243523,650.531064
42.21,0.982986,0.867434,205.243522,650.531037
42.22,0.982986,0.867434,205.24352,650.53101
42.23,0.982986,0.867434,205.243518,650.530984
42.24,0.982986,0.867434,205.243516,650.530957
42.25,0.982986,0.867434,205.243514,650.530931
42.26,0.982986,0.867434,205.243512,650.530904
42.27,0.982986,0.867434,205.24351,650.530878
42.28,0.982986,0.867434,205.243508,650.530851
42.29,0.982986,0.867434,205.243506,650.530824
42.3,0.982986,0.867433,205.243505,650.530798
42.31,0.982986,0.867433,205.243503,650.530771
42.32,0.982986,0.867433,205.243501,650.530745
42.33,0.982986,0.867433,205.243499,650.530718
42.34,0.982986,0.867433,205.243497,650.530692
42.35,0.982986,0.867433,205.243495,650.530665
42.36,0.982986,0.867433,205.243493,650.530639
42.37,0.982986,0.867433,205.243491,650.530612
42.38,0.982986,0.867433,205.24349,650.530586
42.39,0.982986,0.867433,205.243488,650.530559
42.4,0.982986,0.867433,205.243486,650.530533
42.41,0.982986,0.867433,205.243484,650.530506
42.42,0.982986,0.867433,205.243482,650.53048
42.43,0.982986,0.867433,205.24348,650.530453
42.44,0.982986,0.867433,205.243478,650.530427
42.45,0.982986,0.867433,205.243477,650.5304
42.46,0.982986,0.867433,205.243475,650.530374
42.47,0.982986,0.867433,205.243473,650.530347
42.48,0.982986,0.867433,205.243471,650.530321
42.49,0.982986,0.867433,205.243469,650.530295
42.5,0.982986,0.867433,205.243467,650.530268
42.51,0.982986,0.867433,205.243465,650.530242
42.52,0.982986,0.867433,205.243463,650.530215
42.53,0.982986,0.867433,205.243462,650.530189
42.54,0.982986,0.867433,205.24346,650.530162
42.55,0.982986,0.867433,205.243458,650.530136
42.56,0.982986,0.867433,205.243456,650.53011
42.57,0.982986,0.867432,205.243454,650.530083
42.58,0.982986,0.867432,205.243452,650.530057
42.59,0.982986,0.867432,205.24345,650.530031
42.6,0.982986,0.867432,205.243449,650.530004
42.61,0.982986,0.867432,205.243447,650.529978
42.62,0.982986,0.867432,205.243445,650.529952
42.63,0.982986,0.867432,205.243443,650.529925
42.64,0.982986,0.867432,205.243441,650.529899
42.65,0.982986,0.867432,205.243439,650.529873
42.66,0.982986,0.867432,205.243438,650.529846
42.67,0.982986,0.867432,205.243436,650.52982
42.68,0.982986,0.867432,205.243434,650.529794
42.69,0.982986,0.867432,205.243432,650.529767
42.7,0.982986,0.867432,205.24343,650.529741
42.71,0.982986,0.867432,205.243428,650.529715
42.72,0.982986,0.867432,205.243426,650.529689
42.73,0.982986,0.867432,205.243425,650.529662
42.74,0.982987,0.867432,205.243423,650.529636
42.75,0.982987,0.867432,205.243421,650.52961
42.76,0.982987,0.867432,205.243419,650.529584
42.77,0.982987,0.867432,205.243417,650.529557
42.78,0.982987,0.867432,205.243415,650.529531
42.79,0.982987,0.867432,205.243414,650.529505
42.8,0.982987,0.867432,205.243412,650.529479
42.81,0.982987,0.867432,205.24341,650.529452
42.82,0.982987,0.867432,205.243408,650.529426
42.83,0.982987,0.867432,205.243406,650.5294
42.84,0.982987,0.867431,205.243404,650.529374
42.85,0.982987,0.867431,205.243403,650.529348
42.86,0.982987,0.867431,205.243401,650.529321
42.87,0.982987,0.867431,205.243399,650.529295
42.88,0.982987,0.867431,205.243397,650.529269
42.89,0.982987,0.867431,205.243395,650.529243
42.9,0.982987,0.867431,205.243393,650.529217
42.91,0.982987,0.867431,205.243392,650.529191
42.92,0.982987,0.867431,205.24339,650.529165
42.93,0.982987,0.867431,205.243388,650.529138
42.94,0.982987,0.867431,205.243386,650.529112
42.95,0.982987,0.867431,205.243384,650.529086
42.96,0.982987,0.867431,205.243383,650.52906
42.97,0.982987,0.867431,205.243381,650.529034
42.98,0.982987,0.867431,205.243379,650.529008
42.99,0.982987,0.867431,205.243377,650.528982
43,0.982987,0.867431,205.243375,650.528956
43.01,0.982987,0.867431,205.243373,650.52893
43.02,0.982987,0.867431,205.243372,650.528904
43.03,0.982987,0.867431,205.24337,650.528878
43.04,0.982987,0.867431,205.243368,650.528851
43.05,0.982987,0.867431,205.243366,650.528825
43.06,0.982987,0.867431,205.243364,650.528799
43.07,0.982987,0.867431,205.243363,650.528773
43.08,0.982987,0.867431,205.243361,650.528747
43.09,0.982987,0.867431,205.243359,650.528721
43.1,0.982987,0.867431,205.243357,650.528695
43.11,0.982987,0.86743,205.243355,650.528669
43.12,0.982987,0.86743,205.243354,650.528643
43.13,0.982987,0.86743,205.243352,650.528617
43.14,0.982987,0.86743,205.24335,650.528591
43.15,0.982987,0.86743,205.243348,650.528565
43.16,0.982987,0.86743,205.243346,650.528539
43.17,0.982987,0.86743,205.243345,650.528513
43.18,0.982987,0.86743,205.243343,650.528487
43.19,0.982987,0.86743,205.243341,650.528461
43.2,0.982987,0.86743,205.243339,650.528436
43.21,0.982987,0.86743,205.243337,650.52841
43.22,0.982987,0.86743,205.243336,650.528384
43.23,0.982987,0.86743,205.243334,650.528358
43.24,0.982987,0.86743,205.243332,650.528332
43.25,0.982987,0.86743,205.24333,650.528306
43.26,0.982987,0.86743,205.243328,650.52828
43.27,0.982987,0.86743,205.243327,650.528254
43.28,0.982987,0.86743,205.243325,650.528228
43.29,0.982987,0.86743,205.243323,650.528202
43.3,0.982987,0.86743,205.243321,650.528176
43.31,0.982987,0.86743,205.243319,650.528151
43.32,0.982987,0.86743,205.243318,650.528125
43.33,0.982987,0.86743,205.243316,650.528099
43.34,0.982987,0.86743,205.243314,650.528073
43.35,0.982987,0.86743,205.243312,650.528047
43.36,0.982987,0.86743,205.243311,650.528021
43.37,0.982987,0.86743,205.243309,650.527996
43.38,0.982987,0.86743,205.243307,650.52797
43.39,0.982987,0.867429,205.243305,650.527944
43.4,0.982987,0.867429,205.243303,650.527918
43.41,0.982987,0.867429,205.243302,650.527892
43.42,0.982987,0.867429,205.2433,650.527867
43.43,0.982987,0.867429,205.243298,650.527841
43.44,0.982987,0.867429,205.243296,650.527815
43.45,0.982987,0.867429,205.243295,650.527789
43.46,0.982987,0.867429,205.243293,650.527763
43.47,0.982987,0.867429,205.243291,650.527738
43.48,0.982987,0.867429,205.243289,650.527712
43.49,0.982987,0.867429,205.243287,650.527686
43.5,0.982987,0.867429,205.243286,650.52766
43.51,0.982987,0.867429,205.243284,650.527635
43.52,0.982987,0.867429,205.243282,650.527609
43.53,0.982987,0.867429,205.24328,650.527583
43.54,0.982987,0.867429,205.243279,650.527558
43.55,0.982987,0.867429,205.243277,650.527532
43.56,0.982987,0.867429,205.243275,650.527506
43.57,0.982987,0.867429,205.243273,650.52748
43.58,0.982987,0.867429,205.243271,650.527455
43.59,0.982987,0.867429,205.24327,650.527429
43.6,0.982987,0.867429,205.243268,650.527403
43.61,0.982987,0.867429,205.243266,650.527378
43.62,0.982987,0.867429,205.243264,650.527352
43.63,0.982987,0.867429,205.243263,650.527326
43.64,0.982987,0.867429,205.243261,650.527301
43.65,0.982987,0.867429,205.243259,650.527275
43.66,0.982987,0.867429,205.243257,650.52725
43.67,0.982987,0.867428,205.243256,650.527224
43.68,0.982987,0.867428,205.243254,650.527198
43.69,0.982987,0.867428,205.243252,650.527173
43.7,0.982987,0.867428,205.24325,650.527147
43.71,0.982987,0.867428,205.243249,650.527121
43.72,0.982987,0.867428,205.243247,650.527096
43.73,0.982987,0.867428,205.243245,650.52707
43.74,0.982987,0.867428,205.243243,650.527045
43.75,0.982987,0.867428,205.243242,650.527019
43.76,0.982987,0.867428,205.24324,650.526994
43.77,0.982987,0.867428,205.243238,650.526968
43.78,0.982987,0.867428,205.243236,650.526942
43.79,0.982987,0.867428,205.243235,650.526917
43.8,0.982987,0.867428,205.243233,650.526891
43.81,0.982987,0.867428,205.243231,650.526866
43.82,0.982987,0.867428,205.243229,650.52684
43.83,0.982987,0.867428,205.243228,650.526815
43.84,0.982987,0.867428,205.243226,650.526789
43.85,0.982987,0.867428,205.243224,650.526764
43.86,0.982987,0.867428,205.243222,650.526738
43.87,0.982987,0.867428,205.243221,650.526713
43.88,0.982987,0.867428,205.243219,650.526687
43.89,0.982987,0.867428,205.243217,650.526662
43.9,0.982987,0.867428,205.243215,650.526636
43.91,0.982987,0.867428,205.243214,650.526611
43.92,0.982987,0.867428,205.243212,650.526585
43.93,0.982987,0.867428,205.24321,650.52656
43.94,0.982987,0.867428,205.243208,650.526534
43.95,0.982987,0.867427,205.243207,650.526509
43.96,0.982987,0.867427,205.243205,650.526484
43.97,0.982987,0.867427,205.243203,650.526458
43.98,0.982987,0.867427,205.243201,650.526433
43.99,0.982987,0.867427,205.2432,650.526407
44,0.982987,0.867427,205.243198,650.526382
44.01,0.982987,0.867427,205.243196,650.526356
44.02,0.982987,0.867427,205.243194,650.526331
44.03,0.982987,0.867427,205.243193,650.526306
44.04,0.982987,0.867427,205.243191,650.52628
44.05,0.982987,0.867427,205.243189,650.526255
44.06,0.982987,0.867427,205.243187,650.52623
44.07,0.982987,0.867427,205.243186,650.526204
44.08,0.982987,0.867427,205.243184,650.526179
44.09,0.982987,0.867427,205.243182,650.526153
44.1,0.982987,0.867427,205.243181,650.526128
44.11,0.982987,0.867427,205.243179,650.526103
44.12,0.982987,0.867427,205.243177,650.526077
44.13,0.982987,0.867427,205.243175,650.526052
44.14,0.982987,0.867427,205.243174,650.526027
44.15,0.982987,0.867427,205.243172,650.526001
44.16,0.982987,0.867427,205.24317,650.525976
44.17,0.982987,0.867427,205.243168,650.525951
44.18,0.982987,0.867427,205.243167,650.525926
44.19,0.982987,0.867427,205.243165,650.5259
44.2,0.982987,0.867427,205.243163,650.525875
44.21,0.982987,0.867427,205.243161,650.52585
44.22,0.982987,0.867427,205.24316,650.525824
44.23,0.982987,0.867426,205.243158,650.525799
44.24,0.982987,0.867426,205.243156,650.525774
44.25,0.982987,0.867426,205.243155,650.525749
44.26,0.982987,0.867426,205.243153,650.525723
44.27,0.982987,0.867426,205.243151,650.525698
44.28,0.982987,0.867426,205.243149,650.525673
44.29,0.982987,0.867426,205.243148,650.525648
44.3,0.982987,0.867426,205.243146,650.525623
44.31,0.982987,0.867426,205.243144,650.525597
44.32,0.982987,0.867426,205.243143,650.525572
44.33,0.982987,0.867426,205.243141,650.525547
44.34,0.982987,0.867426,205.243139,650.525522
44.35,0.982987,0.867426,205.243137,650.525497
44.36,0.982987,0.867426,205.243136,650.525471
44.37,0.982987,0.867426,205.243134,650.525446
44.38,0.982987,0.867426,205.243132,650.525421
44.39,0.982987,0.867426,205.243131,650.525396
44.4,0.982987,0.867426,205.243129,650.525371
44.41,0.982987,0.867426,205.243127,650.525346
44.42,0.982987,0.867426,205.243125,650.525321
44.43,0.982987,0.867426,205.243124,650.525295
44.44,0.982987,0.867426,205.243122,650.52527
44.45,0.982987,0.867426,205.24312,650.525245
44.46,0.982987,0.867426,205.243119,650.52522
44.47,0.982987,0.867426,205.243117,650.525195
44.48,0.982987,0.867426,205.243115,650.52517
44.49,0.982987,0.867426,205.243113,650.525145
44.5,0.982987,0.867426,205.243112,650.52512
44.51,0.982987,0.867425,205.24311,650.525095
44.52,0.982987,0.867425,205.243108,650.52507
44.53,0.982987,0.867425,205.243107,650.525045
44.54,0.982987,0.867425,205.243105,650.52502
44.55,0.982987,0.867425,205.243103,650.524995
44.56,0.982987,0.867425,205.243101,650.524969
44.57,0.982987,0.867425,205.2431,650.524944
44.58,0.982987,0.867425,205.243098,650.524919
44.59,0.982987,0.867425,205.243096,650.524894
44.6,0.982987,0.867425,205.243095,650.524869
44.61,0.982987,0.867425,205.243093,650.524844
44.62,0.982987,0.867425,205.243091,650.524819
44.63,0.982987,0.867425,205.24309,650.524794
44.64,0.982987,0.867425,205.243088,650.524769
44.65,0.982987,0.867425,205.243086,650.524744
44.66,0.982987,0.867425,205.243084,650.524719
44.67,0.982987,0.867425,205.243083,650.524694
44.68,0.982987,0.867425,205.243081,650.52467
44.69,0.982987,0.867425,205.243079,650.524645
44.7,0.982987,0.867425,205.243078,650.52462
44.71,0.982987,0.867425,205.243076,650.524595
44.72,0.982987,0.867425,205.243074,650.52457
44.73,0.982987,0.867425,205.243073,650.524545
44.74,0.982987,0.867425,205.243071,650.52452
44.75,0.982987,0.867425,205.243069,650.524495
44.76,0.982987,0.867425,205.243067,650.52447
44.77,0.982987,0.867425,205.243066,650.524445
44.78,0.982987,0.867425,205.243064,650.52442
44.79,0.982987,0.867425,205.243062,650.524395
44.8,0.982987,0.867424,205.243061,650.524371
44.81,0.982987,0.867424,205.243059,650.524346
44.82,0.982987,0.867424,205.243057,650.524321
44.83,0.982987,0.867424,205.243056,650.524296
44.84,0.982987,0.867424,205.243054,650.524271
44.85,0.982987,0.867424,205.243052,650.524246
44.86,0.982988,0.867424,205.243051,650.524221
44.87,0.982988,0.867424,205.243049,650.524197
44.88,0.982988,0.867424,205.243047,650.524172
44.89,0.982988,0.867424,205.243046,650.524147
44.9,0.982988,0.867424,205.243044,650.524122
44.91,0.982988,0.867424,205.243042,650.524097
44.92,0.982988,0.867424,205.24304,650.524072
44.93,0.982988,0.867424,205.243039,650.524048
44.94,0.982988,0.867424,205.243037,650.524023
44.95,0.982988,0.867424,205.243035,650.523998
44.96,0.982988,0.867424,205.243034,650.523973
44.97,0.982988,0.867424,205.243032,650.523949
44.98,0.982988,0.867424,205.24303,650.523924
44.99,0.982988,0.867424,205.243029,650.523899
45,0.982988,0.867424,205.243027,650.523874
45.01,0.982988,0.867424,205.243025,650.52385
45.02,0.982988,0.867424,205.243024,650.523825
45.03,0.982988,0.867424,205.243022,650.5238
45.04,0.982988,0.867424,205.24302,650.523775
45.05,0.982988,0.867424,205.243019,650.523751
45.06,0.982988,0.867424,205.243017,650.523726
45.07,0.982988,0.867424,205.243015,650.523701
45.08,0.982988,0.867423,205.243014,650.523677
45.09,0.982988,0.867423,205.243012,650.523652
45.1,0.982988,0.867423,205.24301,650.523627
45.11,0.982988,0.867423,205.243009,650.523602
45.12,0.982988,0.867423,205.243007,650.523578
45.13,0.982988,0.867423,205.243005,650.523553
45.14,0.982988,0.867423,205.243003,650.523528
45.15,0.982988,0.867423,205.243002,650.523504
45.16,0.982988,0.867423,205.243,650.523479
45.17,0.982988,0.867423,205.242998,650.523455
45.18,0.982988,0.867423,205.242997,650.52343
45.19,0.982988,0.867423,205.242995,650.523405
45.2,0.982988,0.867423,205.242993,650.523381
45.21,0.982988,0.867423,205.242992,650.523356
45.22,0.982988,0.867423,205.24299,650.523331
45.23,0.982988,0.867423,205.242988,650.523307
45.24,0.982988,0.867423,205.242987,650.523282
45.25,0.982988,0.867423,205.242985,650.523258
45.26,0.982988,0.867423,205.242983,650.523233
45.27,0.982988,0.867423,205.242982,650.523209
45.28,0.982988,0.867423,205.24298,650.523184
45.29,0.982988,0.867423,205.242978,650.523159
45.3,0.982988,0.867423,205.242977,650.523135
45.31,0.982988,0.867423,205.242975,650.52311
45.32,0.982988,0.867423,205.242973,650.523086
45.33,0.982988,0.867423,205.242972,650.523061
45.34,0.982988,0.867423,205.24297,650.523037
45.35,0.982988,0.867423,205.242968,650.523012
45.36,0.982988,0.867423,205.242967,650.522988
45.37,0.982988,0.867422,205.242965,650.522963
45.38,0.982988,0.867422,205.242963,650.522939
45.39,0.982988,0.867422,205.242962,650.522914
45.4,0.982988,0.867422,205.24296,650.52289
45.41,0.982988,0.867422,205.242958,650.522865
45.42,0.982988,0.867422,205.242957,650.522841
45.43,0.982988,0.867422,205.242955,650.522816
45.44,0.982988,0.867422,205.242953,650.522792
45.45,0.982988,0.867422,205.242952,650.522767
45.46,0.982988,0.867422,205.24295,650.522743
45.47,0.982988,0.867422,205.242948,650.522718
45.48,0.982988,0.867422,205.242947,650.522694
45.49,0.982988,0.867422,205.242945,650.52267
45.5,0.982988,0.867422,205.242943,650.522645
45.51,0.982988,0.867422,205.242942,650.522621
45.52,0.982988,0.867422,205.24294,650.522596
45.53,0.982988,0.867422,205.242938,650.522572
45.54,0.982988,0.867422,205.242937,650.522547
45.55,0.982988,0.867422,205.242935,650.522523
45.56,0.982988,0.867422,205.242933,650.522499
45.57,0.982988,0.867422,205.242932,650.522474
45.58,0.982988,0.867422,205.24293,650.52245
45.59,0.982988,0.867422,205.242929,650.522426
45.6,0.982988,0.867422,205.242927,650.522401
45.61,0.982988,0.867422,205.242925,650.522377
45.62,0.982988,0.867422,205.242924,650.522353
45.63,0.982988,0.867422,205.242922,650.522328
45.64,0.982988,0.867422,205.24292,650.522304
45.65,0.982988,0.867422,205.242919,650.52228
45.66,0.982988,0.867422,205.242917,650.522255
45.67,0.982988,0.867421,205.242915,650.522231
45.68,0.982988,0.867421,205.242914,650.522207
45.69,0.982988,0.867421,205.242912,650.522182
45.7,0.982988,0.867421,205.24291,650.522158
45.71,0.982988,0.867421,205.242909,650.522134
45.72,0.982988,0.867421,205.242907,650.522109
45.73,0.982988,0.867421,205.242905,650.522085
45.74,0.982988,0.867421,205.242904,650.522061
45.75,0.982988,0.867421,205.242902,650.522037
45.76,0.982988,0.867421,205.2429,650.522012
45.77,0.982988,0.867421,205.242899,650.521988
45.78,0.982988,0.867421,205.242897,650.521964
45.79,0.982988,0.867421,205.242895,650.52194
45.8,0.982988,0.867421,205.242894,650.521915
45.81,0.982988,0.867421,205.242892,650.521891
45.82,0.982988,0.867421,205.24289,650.521867
45.83,0.982988,0.867421,205.242889,650.521843
45.84,0.982988,0.867421,205.242887,650.521818
45.85,0.982988,0.867421,205.242886,650.521794
45.86,0.982988,0.867421,205.242884,650.52177
45.87,0.982988,0.867421,205.242882,650.521746
45.88,0.982988,0.867421,205.242881,650.521722
45.89,0.982988,0.867421,205.242879,650.521697
45.9,0.982988,0.867421,205.242877,650.521673
45.91,0.982988,0.867421,205.242876,650.521649
45.92,0.982988,0.867421,205.242874,650.521625
45.93,0.982988,0.867421,205.242872,650.521601
45.94,0.982988,0.867421,205.242871,650.521577
45.95,0.982988,0.867421,205.242869,650.521553
45.96,0.982988,0.86742,205.242867,650.521528
45.97,0.982988,0.86742,205.242866,650.521504
45.98,0.982988,0.86742,205.242864,650.52148
45.99,0.982988,0.86742,205.242863,650.521456
46,0.982988,0.86742,205.242861,650.521432
46.01,0.982988,0.86742,205.242859,650.521408
46.02,0.982988,0.86742,205.242858,650.521384
46.03,0.982988,0.86742,205.242856,650.52136
46.04,0.982988,0.86742,205.242854,650.521336
46.05,0.982988,0.86742,205.242853,650.521311
46.06,0.982988,0.86742,205.242851,650.521287
46.07,0.982988,0.86742,205.242849,650.521263
46.08,0.982988,0.86742,205.242848,650.521239
46.09,0.982988,0.86742,205.242846,650.521215
46.1,0.982988,0.86742,205.242844,650.521191
46.11,0.982988,0.86742,205.242843,650.521167
46.12,0.982988,0.86742,205.242841,650.521143
46.13,0.982988,0.86742,205.24284,650.521119
46.14,0.982988,0.86742,205.242838,650.521095
46.15,0.982988,0.86742,205.242836,650.521071
46.16,0.982988,0.86742,205.242835,650.521047
46.17,0.982988,0.86742,205.242833,650.521023
46.18,0.982988,0.86742,205.242831,650.520999
46.19,0.982988,0.86742,205.24283,650.520975
46.2,0.982988,0.86742,205.242828,650.520951
46.21,0.982988,0.86742,205.242826,650.520927
46.22,0.982988,0.86742,205.242825,650.520903
46.23,0.982988,0.86742,205.242823,650.520879
46.24,0.982988,0.86742,205.242822,650.520855
46.25,0.982988,0.86742,205.24282,650.520831
46.26,0.982988,0.867419,205.242818,650.520807
46.27,0.982988,0.867419,205.242817,650.520783
46.28,0.982988,0.867419,205.242815,650.52076
46.29,0.982988,0.867419,205.242813,650.520736
46.3,0.982988,0.867419,205.242812,650.520712
46.31,0.982988,0.867419,205.24281,650.520688
46.32,0.982988,0.867419,205.242809,650.520664
46.33,0.982988,0.867419,205.242807,650.52064
46.34,0.982988,0.867419,205.242805,650.520616
46.35,0.982988,0.867419,205.242804,650.520592
46.36,0.982988,0.867419,205.242802,650.520568
46.37,0.982988,0.867419,205.2428,650.520545
46.38,0.982988,0.867419,205.242799,650.520521
46.39,0.982988,0.867419,205.242797,650.520497
46.4,0.982988,0.867419,205.242795,650.520473
46.41,0.982988,0.867419,205.242794,650.520449
46.42,0.982988,0.867419,205.242792,650.520425
46.43,0.982988,0.867419,205.242791,650.520401
46.44,0.982988,0.867419,205.242789,650.520378
46.45,0.982988,0.867419,205.242787,650.520354
46.46,0.982988,0.867419,205.242786,650.52033
46.47,0.982988,0.867419,205.242784,650.520306
46.48,0.982988,0.867419,205.242782,650.520282
46.49,0.982988,0.867419,205.242781,650.520259
46.5,0.982988,0.867419,205.242779,650.520235
46.51,0.982988,0.867419,205.242778,650.520211
46.52,0.982988,0.867419,205.242776,650.520187
46.53,0.982988,0.867419,205.242774,650.520163
46.54,0.982988,0.867419,205.242773,650.52014
46.55,0.982988,0.867419,205.242771,650.520116
46.56,0.982988,0.867418,205.242769,650.520092
46.57,0.982988,0.867418,205.242768,650.520068
46.58,0.982988,0.867418,205.242766,650.520045
46.59,0.982988,0.867418,205.242765,650.520021
46.6,0.982988,0.867418,205.242763,650.519997
46.61,0.982988,0.867418,205.242761,650.519974
46.62,0.982988,0.867418,205.24276,650.51995
46.63,0.982988,0.867418,205.242758,650.519926
46.64,0.982988,0.867418,205.242757,650.519902
46.65,0.982988,0.867418,205.242755,650.519879
46.66,0.982988,0.867418,205.242753,650.519855
46.67,0.982988,0.867418,205.242752,650.519831
46.68,0.982988,0.867418,205.24275,650.519808
46.69,0.982988,0.867418,205.242748,650.519784
46.7,0.982988,0.867418,205.242747,650.51976
46.71,0.982988,0.867418,205.242745,650.519737
46.72,0.982988,0.867418,205.242744,650.519713
46.73,0.982988,0.867418,205.242742,650.519689
46.74,0.982988,0.867418,205.24274,650.519666
46.75,0.982988,0.867418,205.242739,650.519642
46.76,0.982988,0.867418,205.242737,650.519618
46.77,0.982988,0.867418,205.242735,650.519595
46.78,0.982988,0.867418,205.242734,650.519571
46.79,0.982988,0.867418,205.242732,650.519548
46.8,0.982988,0.867418,205.242731,650.519524
46.81,0.982988,0.867418,205.242729,650.5195
46.82,0.982988,0.867418,205.242727,650.519477
46.83,0.982988,0.867418,205.242726,650.519453
46.84,0.982988,0.867418,205.242724,650.51943
46.85,0.982988,0.867418,205.242723,650.519406
46.86,0.982988,0.867417,205.242721,650.519383
46.87,0.982988,0.867417,205.242719,650.519359
46.88,0.982988,0.867417,205.242718,650.519335
46.89,0.982988,0.867417,205.242716,650.519312
46.9,0.982988,0.867417,205.242714,650.519288
46.91,0.982988,0.867417,205.242713,650.519265
46.92,0.982988,0.867417,205.242711,650.519241
46.93,0.982988,0.867417,205.24271,650.519218
46.94,0.982988,0.867417,205.242708,650.519194
46.95,0.982988,0.867417,205.242706,650.519171
46.96,0.982988,0.867417,205.242705,650.519147
46.97,0.982988,0.867417,205.242703,650.519124
46.98,0.982988,0.867417,205.242702,650.5191
46.99,0.982988,0.867417,205.2427,650.519077
47,0.982988,0.867417,205.242698,650.519053
47.01,0.982988,0.867417,205.242697,650.51903
47.02,0.982988,0.867417,205.242695,650.519006
47.03,0.982988,0.867417,205.242694,650.518983
47.04,0.982988,0.867417,205.242692,650.518959
47.05,0.982988,0.867417,205.24269,650.518936
47.06,0.982988,0.867417,205.242689,650.518913
47.07,0.982988,0.867417,205.242687,650.518889
47.08,0.982988,0.867417,205.242686,650.518866
47.09,0.982988,0.867417,205.242684,650.518842
47.1,0.982989,0.867417,205.242682,650.518819
47.11,0.982989,0.867417,205.242681,650.518795
47.12,0.982989,0.867417,205.242679,650.518772
47.13,0.982989,0.867417,205.242677,650.518749
47.14,0.982989,0.867417,205.242676,650.518725
47.15,0.982989,0.867417,205.242674,650.518702
47.16,0.982989,0.867416,205.242673,650.518679
47.17,0.982989,0.867416,205.242671,650.518655
47.18,0.982989,0.867416,205.242669,650.518632
47.19,0.982989,0.867416,205.242668,650.518608
47.2,0.982989,0.867416,205.242666,650.518585
47.21,0.982989,0.867416,205.242665,650.518562
47.22,0.982989,0.867416,205.242663,650.518538
47.23,0.982989,0.867416,205.242661,650.518515
47.24,0.982989,0.867416,205.24266,650.518492
47.25,0.982989,0.867416,205.242658,650.518468
47.26,0.982989,0.867416,205.242657,650.518445
47.27,0.982989,0.867416,205.242655,650.518422
47.28,0.982989,0.867416,205.242653,650.518398
47.29,0.982989,0.867416,205.242652,650.518375
47.3,0.982989,0.867416,205.24265,650.518352
47.31,0.982989,0.867416,205.242649,650.518329
47.32,0.982989,0.867416,205.242647,650.518305
47.33,0.982989,0.867416,205.242645,650.518282
47.34,0.982989,0.867416,205.242644,650.518259
47.35,0.982989,0.867416,205.242642,650.518236
47.36,0.982989,0.867416,205.242641,650.518212
47.37,0.982989,0.867416,205.242639,650.518189
47.38,0.982989,0.867416,205.242637,650.518166
47.39,0.982989,0.867416,205.242636,650.518143
47.4,0.982989,0.867416,205.242634,650.518119
47.41,0.982989,0.867416,205.242633,650.518096
47.42,0.982989,0.867416,205.242631,650.518073
47.43,0.982989,0.867416,205.242629,650.51805
47.44,0.982989,0.867416,205.242628,650.518026
47.45,0.982989,0.867416,205.242626,650.518003
47.46,0.982989,0.867416,205.242625,650.51798
47.47,0.982989,0.867415,205.242623,650.517957
47.48,0.982989,0.867415,205.242622,650.517934
47.49,0.982989,0.867415,205.24262,650.517911
47.5,0.982989,0.867415,205.242618,650.517887
47.51,0.982989,0.867415,205.242617,650.517864
47.52,0.982989,0.867415,205.242615,650.517841
47.53,0.982989,0.867415,205.242614,650.517818
47.54,0.982989,0.867415,205.242612,650.517795
47.55,0.982989,0.867415,205.24261,650.517772
47.56,0.982989,0.867415,205.242609,650.517748
47.57,0.982989,0.867415,205.242607,650.517725
47.58,0.982989,0.867415,205.242606,650.517702
47.59,0.982989,0.867415,205.242604,650.517679
47.6,0.982989,0.867415,205.242602,650.517656
47.61,0.982989,0.867415,205.242601,650.517633
47.62,0.982989,0.867415,205.242599,650.51761
47.63,0.982989,0.867415,205.242598,650.517587
47.64,0.982989,0.867415,205.242596,650.517564
47.65,0.982989,0.867415,205.242594,650.517541
47.66,0.982989,0.867415,205.242593,650.517518
47.67,0.982989,0.867415,205.242591,650.517494
47.68,0.982989,0.867415,205.24259,650.517471
47.69,0.982989,0.867415,205.242588,650.517448
47.7,0.982989,0.867415,205.242587,650.517425
47.71,0.982989,0.867415,205.242585,650.517402
47.72,0.982989,0.867415,205.242583,650.517379
47.73,0.982989,0.867415,205.242582,650.517356
47.74,0.982989,0.867415,205.24258,650.517333
47.75,0.982989,0.867415,205.242579,650.51731
47.76,0.982989,0.867415,205.242577,650.517287
47.77,0.982989,0.867415,205.242575,650.517264
47.78,0.982989,0.867414,205.242574,650.517241
47.79,0.982989,0.867414,205.242572,650.517218
47.8,0.982989,0.867414,205.242571,650.517195
47.81,0.982989,0.867414,205.242569,650.517172
47.82,0.982989,0.867414,205.242568,650.517149
47.83,0.982989,0.867414,205.242566,650.517126
47.84,0.982989,0.867414,205.242564,650.517103
47.85,0.982989,0.867414,205.242563,650.51708
47.86,0.982989,0.867414,205.242561,650.517057
47.87,0.982989,0.867414,205.24256,650.517034
47.88,0.982989,0.867414,205.242558,650.517012
47.89,0.982989,0.867414,205.242556,650.516989
47.9,0.982989,0.867414,205.242555,650.516966
47.91,0.982989,0.867414,205.242553,650.516943
47.92,0.982989,0.867414,205.242552,650.51692
47.93,0.982989,0.867414,205.24255,650.516897
47.94,0.982989,0.867414,205.242549,650.516874
47.95,0.982989,0.867414,205.242547,650.516851
47.96,0.982989,0.867414,205.242545,650.516828
47.97,0.982989,0.867414,205.242544,650.516805
47.98,0.982989,0.867414,205.242542,650.516783
47.99,0.982989,0.867414,205.242541,650.51676
48,0.982989,0.867414,205.242539,650.516737
48.01,0.982989,0.867414,205.242538,650.516714
48.02,0.982989,0.867414,205.242536,650.516691
48.03,0.982989,0.867414,205.242534,650.516668
48.04,0.982989,0.867414,205.242533,650.516645
48.05,0.982989,0.867414,205.242531,650.516623
48.06,0.982989,0.867414,205.24253,650.5166
48.07,0.982989,0.867414,205.242528,650.516577
48.08,0.982989,0.867414,205.242527,650.516554
48.09,0.982989,0.867413,205.242525,650.516531
48.1,0.982989,0.867413,205.242523,650.516509
48.11,0.982989,0.867413,205.242522,650.516486
48.12,0.982989,0.867413,205.24252,650.516463
48.13,0.982989,0.867413,205.242519,650.51644
48.14,0.982989,0.867413,205.242517,650.516417
48.15,0.982989,0.867413,205.242516,650.516395
48.16,0.982989,0.867413,205.242514,650.516372
48.17,0.982989,0.867413,205.242512,650.516349
48.18,0.982989,0.867413,205.242511,650.516326
48.19,0.982989,0.867413,205.242509,650.516304
48.2,0.982989,0.867413,205.242508,650.516281
48.21,0.982989,0.867413,205.242506,650.516258
48.22,0.982989,0.867413,205.242505,650.516235
48.23,0.982989,0.867413,205.242503,650.516213
48.24,0.982989,0.867413,205.242501,650.51619
48.25,0.982989,0.867413,205.2425,650.516167
48.26,0.982989,0.867413,205.242498,650.516145
48.27,0.982989,0.867413,205.242497,650.516122
48.28,0.982989,0.867413,205.242495,650.516099
48.29,0.982989,0.867413,205.242494,650.516076
48.3,0.982989,0.867413,205.242492,650.516054
48.31,0.982989,0.867413,205.24249,650.516031
48.32,0.982989,0.867413,205.242489,650.516008
48.33,0.982989,0.867413,205.242487,650.515986
48.34,0.982989,0.867413,205.242486,650.515963
48.35,0.982989,0.867413,205.242484,650.51594
48.36,0.982989,0.867413,205.242483,650.515918
48.37,0.982989,0.867413,205.242481,650.515895
48.38,0.982989,0.867413,205.24248,650.515873
48.39,0.982989,0.867413,205.242478,650.51585
48.4,0.982989,0.867412,205.242476,650.515827
48.41,0.982989,0.867412,205.242475,650.515805
48.42,0.982989,0.867412,205.242473,650.515782
48.43,0.982989,0.867412,205.242472,650.51576
48.44,0.982989,0.867412,205.24247,650.515737
48.45,0.982989,0.867412,205.242469,650.515714
48.46,0.982989,0.867412,205.242467,650.515692
48.47,0.982989,0.867412,205.242465,650.515669
48.48,0.982989,0.867412,205.242464,650.515647
48.49,0.982989,0.867412,205.242462,650.515624
48.5,0.982989,0.867412,205.242461,650.515601
48.51,0.982989,0.867412,205.242459,650.515579
48.52,0.982989,0.867412,205.242458,650.515556
48.53,0.982989,0.867412,205.242456,650.515534
48.54,0.982989,0.867412,205.242455,650.515511
48.55,0.982989,0.867412,205.242453,650.515489
48.56,0.982989,0.867412,205.242451,650.515466
48.57,0.982989,0.867412,205.24245,650.515444
48.58,0.982989,0.867412,205.242448,650.515421
48.59,0.982989,0.867412,205.242447,650.515399
48.6,0.982989,0.867412,205.242445,650.515376
48.61,0.982989,0.867412,205.242444,650.515354
48.62,0.982989,0.867412,205.242442,650.515331
48.63,0.982989,0.867412,205.242441,650.515309
48.64,0.982989,0.867412,205.242439,650.515286
48.65,0.982989,0.867412,205.242437,650.515264
48.66,0.982989,0.867412,205.242436,650.515241
48.67,0.982989,0.867412,205.242434,650.515219
48.68,0.982989,0.867412,205.242433,650.515196
48.69,0.982989,0.867412,205.242431,650.515174
48.7,0.982989,0.867412,205.24243,650.515152
48.71,0.982989,0.867412,205.242428,650.515129
48.72,0.982989,0.867411,205.242427,650.515107
48.73,0.982989,0.867411,205.242425,650.515084
48.74,0.982989,0.867411,205.242423,650.515062
48.75,0.982989,0.867411,205.242422,650.515039
48.76,0.982989,0.867411,205.24242,650.515017
48.77,0.982989,0.867411,205.242419,650.514995
48.78,0.982989,0.867411,205.242417,650.514972
48.79,0.982989,0.867411,205.242416,650.51495
48.8,0.982989,0.867411,205.242414,650.514927
48.81,0.982989,0.867411,205.242413,650.514905
48.82,0.982989,0.867411,205.242411,650.514883
48.83,0.982989,0.867411,205.24241,650.51486
48.84,0.982989,0.867411,205.242408,650.514838
48.85,0.982989,0.867411,205.242406,650.514816
48.86,0.982989,0.867411,205.242405,650.514793
48.87,0.982989,0.867411,205.242403,650.514771
48.88,0.982989,0.867411,205.242402,650.514749
48.89,0.982989,0.867411,205.2424,650.514726
48.9,0.982989,0.867411,205.242399,650.514704
48.91,0.982989,0.867411,205.242397,650.514682
48.92,0.982989,0.867411,205.242396,650.514659
48.93,0.982989,0.867411,205.242394,650.514637
48.94,0.982989,0.867411,205.242393,650.514615
48.95,0.982989,0.867411,205.242391,650.514592
48.96,0.982989,0.867411,205.24239,650.51457
48.97,0.982989,0.867411,205.242388,650.514548
48.98,0.982989,0.867411,205.242386,650.514526
48.99,0.982989,0.867411,205.242385,650.514503
49,0.982989,0.867411,205.242383,650.514481
49.01,0.982989,0.867411,205.242382,650.514459
49.02,0.982989,0.867411,205.24238,650.514437
49.03,0.982989,0.867411,205.242379,650.514414
49.04,0.982989,0.86741,205.242377,650.514392
49.05,0.982989,0.86741,205.242376,650.51437
49.06,0.982989,0.86741,205.242374,650.514348
49.07,0.982989,0.86741,205.242373,650.514325
49.08,0.982989,0.86741,205.242371,650.514303
49.09,0.982989,0.86741,205.24237,650.514281
49.1,0.982989,0.86741,205.242368,650.514259
49.11,0.982989,0.86741,205.242366,650.514237
49.12,0.982989,0.86741,205.242365,650.514214
49.13,0.982989,0.86741,205.242363,650.514192
49.14,0.982989,0.86741,205.242362,650.51417
49.15,0.982989,0.86741,205.24236,650.514148
49.16,0.982989,0.86741,205.242359,650.514126
49.17,0.982989,0.86741,205.242357,650.514104
49.18,0.982989,0.86741,205.242356,650.514081
49.19,0.982989,0.86741,205.242354,650.514059
49.2,0.982989,0.86741,205.242353,650.514037
49.21,0.982989,0.86741,205.242351,650.514015
49.22,0.982989,0.86741,205.24235,650.513993
49.23,0.982989,0.86741,205.242348,650.513971
49.24,0.982989,0.86741,205.242347,650.513949
49.25,0.982989,0.86741,205.242345,650.513926
49.26,0.982989,0.86741,205.242343,650.513904
49.27,0.982989,0.86741,205.242342,650.513882
49.28,0.982989,0.86741,205.24234,650.51386
49.29,0.982989,0.86741,205.242339,650.513838
49.3,0.982989,0.86741,205.242337,650.513816
49.31,0.982989,0.86741,205.242336,650.513794
49.32,0.982989,0.86741,205.242334,650.513772
49.33,0.982989,0.86741,205.242333,650.51375
49.34,0.982989,0.86741,205.242331,650.513728
49.35,0.982989,0.86741,205.24233,650.513706
49.36,0.982989,0.867409,205.242328,650.513684
49.37,0.982989,0.867409,205.242327,650.513662
49.38,0.982989,0.867409,205.242325,650.513639
49.39,0.982989,0.867409,205.242324,650.513617
49.4,0.982989,0.867409,205.242322,650.513595
49.41,0.982989,0.867409,205.242321,650.513573
49.42,0.982989,0.867409,205.242319,650.513551
49.43,0.982989,0.867409,205.242318,650.513529
49.44,0.982989,0.867409,205.242316,650.513507
49.45,0.982989,0.867409,205.242314,650.513485
49.46,0.982989,0.867409,205.242313,650.513463
49.47,0.982989,0.867409,205.242311,650.513441
49.48,0.982989,0.867409,205.24231,650.513419
49.49,0.98299,0.867409,205.242308,650.513397
49.5,0.98299,0.867409,205.242307,650.513375
49.51,0.98299,0.867409,205.242305,650.513354
49.52,0.98299,0.867409,205.242304,650.513332
49.53,0.98299,0.867409,205.242302,650.51331
49.54,0.98299,0.867409,205.242301,650.513288
49.55,0.98299,0.867409,205.242299,650.513266
49.56,0.98299,0.867409,205.242298,650.513244
49.57,0.98299,0.867409,205.242296,650.513222
49.58,0.98299,0.867409,205.242295,650.5132
49.59,0.98299,0.867409,205.242293,650.513178
49.6,0.98299,0.867409,205.242292,650.513156
49.61,0.98299,0.867409,205.24229,650.513134
49.62,0.98299,0.867409,205.242289,650.513112
49.63,0.98299,0.867409,205.242287,650.51309
49.64,0.98299,0.867409,205.242286,650.513069
49.65,0.98299,0.867409,205.242284,650.513047
49.66,0.98299,0.867409,205.242283,650.513025
49.67,0.98299,0.867409,205.242281,650.513003
49.68,0.98299,0.867409,205.24228,650.512981
49.69,0.98299,0.867408,205.242278,650.512959
49.7,0.98299,0.867408,205.242277,650.512937
49.71,0.98299,0.867408,205.242275,650.512916
49.72,0.98299,0.867408,205.242274,650.512894
49.73,0.98299,0.867408,205.242272,650.512872
49.74,0.98299,0.867408,205.242271,650.51285
49.75,0.98299,0.867408,205.242269,650.512828
49.76,0.98299,0.867408,205.242268,650.512806
49.77,0.98299,0.867408,205.242266,650.512785
49.78,0.98299,0.867408,205.242265,650.512763
49.79,0.98299,0.867408,205.242263,650.512741
49.8,0.98299,0.867408,205.242261,650.512719
49.81,0.98299,0.867408,205.24226,650.512697
49.82,0.98299,0.867408,205.242258,650.512676
49.83,0.98299,0.867408,205.242257,650.512654
49.84,0.98299,0.867408,205.242255,650.512632
49.85,0.98299,0.867408,205.242254,650.51261
49.86,0.98299,0.867408,205.242252,650.512589
49.87,0.98299,0.867408,205.242251,650.512567
49.88,0.98299,0.867408,205.242249,650.512545
49.89,0.98299,0.867408,205.242248,650.512523
49.9,0.98299,0.867408,205.242246,650.512502
49.91,0.98299,0.867408,205.242245,650.51248
49.92,0.98299,0.867408,205.242243,650.512458
49.93,0.98299,0.867408,205.242242,650.512436
49.94,0.98299,0.867408,205.24224,650.512415
49.95,0.98299,0.867408,205.242239,650.512393
49.96,0.98299,0.867408,205.242237,650.512371
49.97,0.98299,0.867408,205.242236,650.51235
49.98,0.98299,0.867408,205.242234,650.512328
49.99,0.98299,0.867408,205.242233,650.512306
50,0.98299,0.867408,205.242231,650.512285
