b:tnow in s,s:ut in p.u.,s:cur1 in p.u.,s:Q1 in Mvar,s:P1 in MW
0,0.9972,0.804108,109.905981,632
0.01,0.997054,0.804877,110.164945,632.482454
0.02,0.997049,0.804878,110.16046,632.4801
0.03,0.997044,0.804874,110.155074,632.475025
0.04,0.99704,0.804867,110.149191,632.468043
0.05,0.997037,0.804858,110.14308,632.459741
0.06,0.997034,0.804848,110.136911,632.450523
0.07,0.997032,0.804836,110.130792,632.440673
0.08,0.99703,0.804824,110.124787,632.43039
0.09,0.997029,0.804811,110.118935,632.419819
0.1,0.997027,0.804797,110.113256,632.409065
0.11,0.997026,0.804783,110.107757,632.398208
0.12,0.997025,0.804769,110.102439,632.387312
0.13,0.997025,0.804755,110.097295,632.376426
0.14,0.997024,0.804741,110.092317,632.365596
0.15,0.997024,0.804727,110.087494,632.354857
0.16,0.997024,0.804714,110.082815,632.344244
0.17,0.997023,0.8047,110.078267,632.333788
0.18,0.997023,0.804686,110.073839,632.323518
0.19,0.997023,0.804673,110.069519,632.31346
0.2,0.997023,0.80466,110.065295,632.303641
0.21,0.997024,0.804647,110.061157,632.294084
0.22,0.997024,0.804634,110.057094,632.28481
0.23,0.997024,0.804622,110.053098,632.27584
0.24,0.997025,0.80461,110.04916,632.267192
0.25,0.997025,0.804599,110.045271,632.258881
0.26,0.997026,0.804588,110.041425,632.25092
0.27,0.997027,0.804577,110.037615,632.243321
0.28,0.997027,0.804566,110.033835,632.236091
0.29,0.997028,0.804556,110.030081,632.229236
0.3,0.99703,0.804547,110.026346,632.222759
0.31,0.997031,0.804537,110.022627,632.21666
0.32,0.997032,0.804528,110.01892,632.210936
0.33,0.997033,0.80452,110.015223,632.205581
0.34,0.997035,0.804512,110.011531,632.200588
0.35,0.997037,0.804504,110.007844,632.195944
0.36,0.997038,0.804496,110.004159,632.191638
0.37,0.99704,0.804489,110.000475,632.187654
0.38,0.997042,0.804482,109.996792,632.183974
0.39,0.997044,0.804476,109.993108,632.180578
0.4,0.997046,0.804469,109.989423,632.177447
0.41,0.997048,0.804463,109.985739,632.174556
0.42,0.997051,0.804457,109.982055,632.171882
0.43,0.997053,0.804451,109.978374,632.169401
0.44,0.997056,0.804446,109.974697,632.167086
0.45,0.997058,0.80444,109.971025,632.164913
0.46,0.997061,0.804435,109.967362,632.162855
0.47,0.997063,0.804429,109.96371,632.160886
0.48,0.997066,0.804424,109.960073,632.158981
0.49,0.997069,0.804419,109.956455,632.157115
0.5,0.997072,0.804413,109.952859,632.155264
0.51,0.997075,0.804408,109.94929,632.153406
0.52,0.997078,0.804403,109.945753,632.15152
0.53,0.99708,0.804397,109.942253,632.149584
0.54,0.997083,0.804391,109.938796,632.147583
0.55,0.997086,0.804386,109.935388,632.145499
0.56,0.997089,0.80438,109.932034,632.14332
0.57,0.997092,0.804374,109.928741,632.141033
0.58,0.997095,0.804368,109.925516,632.138629
0.59,0.997098,0.804362,109.922365,632.136103
0.6,0.997101,0.804356,109.919296,632.13345
0.61,0.997104,0.804349,109.916316,632.130668
0.62,0.997106,0.804343,109.913432,632.12776
0.63,0.997109,0.804336,109.91065,632.124728
0.64,0.997112,0.80433,109.90798,632.12158
0.65,0.997114,0.804323,109.905427,632.118324
0.66,0.997117,0.804316,109.902999,632.114973
0.67,0.997119,0.80431,109.900704,632.111539
0.68,0.997122,0.804303,109.898548,632.10804
0.69,0.997124,0.804296,109.896538,632.104494
0.7,0.997126,0.80429,109.894681,632.10092
0.71,0.997128,0.804283,109.892983,632.097343
0.72,0.99713,0.804277,109.89145,632.093784
0.73,0.997132,0.804271,109.890088,632.09027
0.74,0.997134,0.804265,109.888902,632.086828
0.75,0.997136,0.804259,109.887898,632.083484
0.76,0.997137,0.804254,109.887079,632.080267
0.77,0.997139,0.804249,109.886449,632.077205
0.78,0.99714,0.804244,109.886013,632.074329
0.79,0.997141,0.80424,109.885772,632.071667
0.8,0.997142,0.804236,109.88573,632.069247
0.81,0.997143,0.804232,109.885887,632.067099
0.82,0.997144,0.80423,109.886245,632.065251
0.83,0.997145,0.804227,109.886805,632.063728
0.84,0.997145,0.804226,109.887565,632.062558
0.85,0.997145,0.804225,109.888526,632.061764
0.86,0.997146,0.804224,109.889686,632.061369
0.87,0.997146,0.804224,109.891041,632.061394
0.88,0.997146,0.804225,109.89259,632.061858
0.89,0.997146,0.804227,109.894329,632.062778
0.9,0.997145,0.804229,109.896253,632.064169
0.91,0.997145,0.804232,109.898358,632.066043
0.92,0.997145,0.804236,109.900637,632.068409
0.93,0.997144,0.804241,109.903085,632.071276
0.94,0.997143,0.804246,109.905695,632.074646
0.95,0.997142,0.804252,109.908459,632.078522
0.96,0.997141,0.804259,109.911368,632.082902
0.97,0.99714,0.804267,109.914416,632.087783
0.98,0.997139,0.804275,109.917592,632.093158
0.99,0.997138,0.804284,109.920887,632.099016
1,0.997136,0.804294,109.924291,632.105346
1.01,0.997135,0.804304,109.927793,632.112133
1.02,0.997133,0.804315,109.931383,632.119358
1.03,0.997131,0.804327,109.93505,632.127002
1.04,0.997129,0.804339,109.938783,632.135042
1.05,0.997128,0.804352,109.94257,632.143452
1.06,0.997126,0.804365,109.946399,632.152207
1.07,0.997124,0.804378,109.950258,632.161277
1.08,0.997122,0.804392,109.954136,632.170631
1.09,0.997119,0.804407,109.958021,632.180236
1.1,0.997117,0.804422,109.961901,632.19006
1.11,0.997115,0.804437,109.965763,632.200067
1.12,0.997113,0.804452,109.969598,632.21022
1.13,0.99711,0.804467,109.973392,632.220484
1.14,0.997108,0.804482,109.977134,632.23082
1.15,0.997106,0.804498,109.980815,632.241191
1.16,0.997104,0.804513,109.984422,632.25156
1.17,0.997101,0.804529,109.987945,632.261887
1.18,0.997099,0.804544,109.991376,632.272136
1.19,0.997096,0.804559,109.994703,632.282269
1.2,0.997094,0.804574,109.997918,632.292251
1.21,0.997092,0.804589,110.001012,632.302046
1.22,0.99709,0.804603,110.003977,632.311619
1.23,0.997087,0.804617,110.006806,632.320937
1.24,0.997085,0.804631,110.009491,632.32997
1.25,0.997083,0.804644,110.012026,632.338686
1.26,0.997081,0.804656,110.014406,632.347059
1.27,0.997079,0.804668,110.016625,632.35506
1.28,0.997077,0.80468,110.018678,632.362668
1.29,0.997075,0.804691,110.020563,632.369858
1.3,0.997073,0.804701,110.022274,632.376612
1.31,0.997071,0.80471,110.023811,632.382911
1.32,0.997069,0.804719,110.025171,632.388742
1.33,0.997068,0.804727,110.026353,632.39409
1.34,0.997066,0.804735,110.027357,632.398945
1.35,0.997065,0.804742,110.028181,632.4033
1.36,0.997063,0.804748,110.028828,632.40715
1.37,0.997062,0.804753,110.029297,632.41049
1.38,0.997061,0.804758,110.029592,632.413322
1.39,0.997059,0.804761,110.029714,632.415646
1.4,0.997058,0.804764,110.029667,632.417466
1.41,0.997057,0.804767,110.029453,632.41879
1.42,0.997057,0.804768,110.029078,632.419625
1.43,0.997056,0.804769,110.028545,632.419983
1.44,0.997055,0.80477,110.027859,632.419875
1.45,0.997055,0.804769,110.027027,632.419317
1.46,0.997054,0.804768,110.026052,632.418324
1.47,0.997054,0.804766,110.024943,632.416914
1.48,0.997054,0.804764,110.023704,632.415106
1.49,0.997054,0.804761,110.022343,632.412921
1.5,0.997054,0.804758,110.020866,632.41038
1.51,0.997054,0.804754,110.019281,632.407506
1.52,0.997054,0.804749,110.017595,632.404322
1.53,0.997054,0.804744,110.015815,632.400853
1.54,0.997055,0.804739,110.013949,632.397124
1.55,0.997055,0.804733,110.012005,632.393158
1.56,0.997056,0.804727,110.00999,632.388983
1.57,0.997057,0.804721,110.007911,632.384622
1.58,0.997057,0.804714,110.005778,632.380102
1.59,0.997058,0.804707,110.003596,632.375448
1.6,0.997059,0.8047,110.001374,632.370684
1.61,0.99706,0.804693,109.999119,632.365835
1.62,0.997061,0.804685,109.996839,632.360924
1.63,0.997062,0.804678,109.994539,632.355975
1.64,0.997064,0.80467,109.992228,632.351009
1.65,0.997065,0.804662,109.989912,632.346049
1.66,0.997066,0.804655,109.987597,632.341114
1.67,0.997068,0.804647,109.98529,632.336223
1.68,0.997069,0.804639,109.982996,632.331396
1.69,0.997071,0.804632,109.980721,632.326647
1.7,0.997072,0.804624,109.978471,632.321994
1.71,0.997074,0.804617,109.97625,632.31745
1.72,0.997076,0.804609,109.974064,632.313028
1.73,0.997077,0.804602,109.971916,632.30874
1.74,0.997079,0.804595,109.969811,632.304596
1.75,0.997081,0.804589,109.967753,632.300605
1.76,0.997083,0.804582,109.965744,632.296775
1.77,0.997085,0.804576,109.963789,632.293111
1.78,0.997087,0.804569,109.96189,632.289618
1.79,0.997088,0.804563,109.960049,632.286301
1.8,0.99709,0.804558,109.958268,632.283161
1.81,0.997092,0.804552,109.95655,632.280199
1.82,0.997094,0.804547,109.954896,632.277415
1.83,0.997096,0.804542,109.953307,632.274809
1.84,0.997098,0.804537,109.951784,632.272378
1.85,0.9971,0.804532,109.950328,632.270118
1.86,0.997102,0.804528,109.948939,632.268027
1.87,0.997103,0.804524,109.947617,632.266099
1.88,0.997105,0.80452,109.946363,632.264329
1.89,0.997107,0.804516,109.945176,632.262711
1.9,0.997109,0.804512,109.944055,632.261237
1.91,0.997111,0.804509,109.943001,632.259901
1.92,0.997113,0.804506,109.942011,632.258696
1.93,0.997114,0.804503,109.941085,632.257613
1.94,0.997116,0.8045,109.940223,632.256644
1.95,0.997118,0.804497,109.939422,632.255781
1.96,0.99712,0.804495,109.938682,632.255017
1.97,0.997121,0.804493,109.938001,632.254341
1.98,0.997123,0.80449,109.937377,632.253747
1.99,0.997125,0.804488,109.936809,632.253226
2,0.997126,0.804486,109.936296,632.252771
2.01,0.997128,0.804484,109.935835,632.252373
2.02,0.997129,0.804483,109.935426,632.252026
2.03,0.997131,0.804481,109.935066,632.251722
2.04,0.997132,0.804479,109.934754,632.251455
2.05,0.997134,0.804478,109.934489,632.251219
2.06,0.997135,0.804476,109.934268,632.251008
2.07,0.997137,0.804475,109.934091,632.250818
2.08,0.997138,0.804473,109.933956,632.250644
2.09,0.99714,0.804472,109.933861,632.250482
2.1,0.997141,0.804471,109.933806,632.250328
2.11,0.997142,0.80447,109.933789,632.25018
2.12,0.997144,0.804468,109.93381,632.250035
2.13,0.997145,0.804467,109.933867,632.249893
2.14,0.997146,0.804466,109.933959,632.249752
2.15,0.997147,0.804465,109.934086,632.249611
2.16,0.997149,0.804464,109.934246,632.249471
2.17,0.99715,0.804463,109.934441,632.249332
2.18,0.997151,0.804462,109.934668,632.249196
2.19,0.997152,0.804461,109.934928,632.249064
2.2,0.997153,0.80446,109.935221,632.248938
2.21,0.997154,0.804459,109.935547,632.248821
2.22,0.997155,0.804458,109.935905,632.248715
2.23,0.997156,0.804457,109.936296,632.248625
2.24,0.997157,0.804456,109.936719,632.248553
2.25,0.997158,0.804455,109.937177,632.248504
2.26,0.997159,0.804455,109.937668,632.248481
2.27,0.99716,0.804454,109.938193,632.24849
2.28,0.997161,0.804454,109.938753,632.248533
2.29,0.997162,0.804453,109.939349,632.248618
2.3,0.997162,0.804453,109.939982,632.248747
2.31,0.997163,0.804453,109.940651,632.248925
2.32,0.997164,0.804452,109.941359,632.249158
2.33,0.997165,0.804452,109.942105,632.249451
2.34,0.997165,0.804452,109.942891,632.249807
2.35,0.997166,0.804453,109.943718,632.250231
2.36,0.997167,0.804453,109.944587,632.250728
2.37,0.997167,0.804453,109.945499,632.251303
2.38,0.997168,0.804454,109.946453,632.251958
2.39,0.997168,0.804455,109.947453,632.252699
2.4,0.997169,0.804455,109.948498,632.253528
2.41,0.997169,0.804456,109.949589,632.254449
2.42,0.99717,0.804458,109.950727,632.255466
2.43,0.99717,0.804459,109.951913,632.256579
2.44,0.99717,0.80446,109.953147,632.257794
2.45,0.997171,0.804462,109.95443,632.25911
2.46,0.997171,0.804464,109.955763,632.26053
2.47,0.997171,0.804466,109.957146,632.262056
2.48,0.997171,0.804468,109.958579,632.263689
2.49,0.997171,0.804471,109.960062,632.265428
2.5,0.997171,0.804473,109.961596,632.267275
2.51,0.997171,0.804476,109.963181,632.26923
2.52,0.997171,0.804479,109.964816,632.271292
2.53,0.997171,0.804482,109.966501,632.27346
2.54,0.997171,0.804485,109.968236,632.275733
2.55,0.997171,0.804489,109.970019,632.278111
2.56,0.997171,0.804492,109.971851,632.28059
2.57,0.99717,0.804496,109.97373,632.28317
2.58,0.99717,0.8045,109.975656,632.285848
2.59,0.997169,0.804505,109.977626,632.28862
2.6,0.997169,0.804509,109.979641,632.291485
2.61,0.997168,0.804513,109.981697,632.294439
2.62,0.997168,0.804518,109.983794,632.297478
2.63,0.997167,0.804523,109.98593,632.300599
2.64,0.997166,0.804528,109.988103,632.303799
2.65,0.997166,0.804533,109.990309,632.307072
2.66,0.997165,0.804538,109.992549,632.310414
2.67,0.997164,0.804544,109.994818,632.313822
2.68,0.997163,0.804549,109.997114,632.31729
2.69,0.997162,0.804555,109.999434,632.320813
2.7,0.997161,0.804561,110.001776,632.324387
2.71,0.99716,0.804566,110.004136,632.328006
2.72,0.997159,0.804572,110.006512,632.331666
2.73,0.997158,0.804578,110.008899,632.335361
2.74,0.997157,0.804584,110.011296,632.339085
2.75,0.997155,0.804591,110.013698,632.342834
2.76,0.997154,0.804597,110.016101,632.346601
2.77,0.997153,0.804603,110.018503,632.350382
2.78,0.997152,0.804609,110.020899,632.35417
2.79,0.99715,0.804615,110.023285,632.357959
2.8,0.997149,0.804622,110.025659,632.361745
2.81,0.997148,0.804628,110.028015,632.365522
2.82,0.997146,0.804634,110.030351,632.369283
2.83,0.997145,0.804641,110.032661,632.373023
2.84,0.997143,0.804647,110.034943,632.376736
2.85,0.997142,0.804653,110.037193,632.380417
2.86,0.99714,0.804659,110.039406,632.38406
2.87,0.997139,0.804665,110.041579,632.38766
2.88,0.997138,0.804671,110.043708,632.39121
2.89,0.997136,0.804677,110.04579,632.394705
2.9,0.997135,0.804683,110.04782,632.39814
2.91,0.997133,0.804689,110.049795,632.401509
2.92,0.997132,0.804694,110.051711,632.404806
2.93,0.997131,0.8047,110.053567,632.408027
2.94,0.997129,0.804705,110.055357,632.411167
2.95,0.997128,0.80471,110.057079,632.414219
2.96,0.997127,0.804715,110.05873,632.417179
2.97,0.997126,0.80472,110.060308,632.420043
2.98,0.997124,0.804725,110.061809,632.422804
2.99,0.997123,0.804729,110.063231,632.425459
3,0.997122,0.804734,110.064573,632.428003
3.01,0.997121,0.804738,110.065831,632.430431
3.02,0.99712,0.804742,110.067004,632.432739
3.03,0.997119,0.804745,110.06809,632.434924
3.04,0.997118,0.804749,110.069089,632.436981
3.05,0.997117,0.804752,110.069998,632.438906
3.06,0.997116,0.804755,110.070817,632.440697
3.07,0.997116,0.804758,110.071545,632.442349
3.08,0.997115,0.804761,110.072181,632.44386
3.09,0.997114,0.804763,110.072725,632.445227
3.1,0.997114,0.804765,110.073178,632.446447
3.11,0.997113,0.804767,110.073539,632.447519
3.12,0.997113,0.804768,110.073809,632.44844
3.13,0.997112,0.80477,110.073989,632.449208
3.14,0.997112,0.804771,110.074079,632.449822
3.15,0.997112,0.804771,110.074081,632.450282
3.16,0.997112,0.804772,110.073996,632.450586
3.17,0.997112,0.804772,110.073827,632.450735
3.18,0.997112,0.804772,110.073574,632.450727
3.19,0.997112,0.804772,110.07324,632.450564
3.2,0.997112,0.804771,110.072828,632.450247
3.21,0.997112,0.80477,110.07234,632.449776
3.22,0.997112,0.804769,110.071778,632.449153
3.23,0.997113,0.804768,110.071146,632.448379
3.24,0.997113,0.804766,110.070448,632.447458
3.25,0.997113,0.804764,110.069685,632.446392
3.26,0.997114,0.804762,110.068863,632.445184
3.27,0.997115,0.80476,110.067984,632.443837
3.28,0.997115,0.804757,110.067053,632.442355
3.29,0.997116,0.804755,110.066073,632.440743
3.3,0.997117,0.804752,110.065048,632.439006
3.31,0.997117,0.804749,110.063983,632.437147
3.32,0.997118,0.804745,110.062882,632.435173
3.33,0.997119,0.804742,110.061749,632.433089
3.34,0.99712,0.804738,110.060589,632.430902
3.35,0.997121,0.804734,110.059407,632.428617
3.36,0.997122,0.80473,110.058205,632.426242
3.37,0.997123,0.804726,110.056991,632.423783
3.38,0.997124,0.804722,110.055767,632.421248
3.39,0.997125,0.804717,110.054538,632.418644
3.4,0.997127,0.804713,110.053309,632.415979
3.41,0.997128,0.804708,110.052084,632.41326
3.42,0.997129,0.804703,110.050868,632.410497
3.43,0.99713,0.804699,110.049665,632.407698
3.44,0.997131,0.804694,110.04848,632.40487
3.45,0.997133,0.804689,110.047316,632.402022
3.46,0.997134,0.804684,110.046177,632.399163
3.47,0.997135,0.80468,110.045068,632.396302
3.48,0.997137,0.804675,110.043993,632.393446
3.49,0.997138,0.80467,110.042954,632.390606
3.5,0.997139,0.804665,110.041956,632.387789
3.51,0.99714,0.804661,110.041002,632.385005
3.52,0.997142,0.804656,110.040096,632.38226
3.53,0.997143,0.804651,110.039239,632.379565
3.54,0.997144,0.804647,110.038435,632.376926
3.55,0.997145,0.804643,110.037687,632.374352
3.56,0.997147,0.804638,110.036998,632.371851
3.57,0.997148,0.804634,110.036368,632.36943
3.58,0.997149,0.80463,110.035801,632.367096
3.59,0.99715,0.804627,110.035298,632.364857
3.6,0.997151,0.804623,110.034861,632.362718
3.61,0.997153,0.804619,110.03449,632.360687
3.62,0.997154,0.804616,110.034189,632.358768
3.63,0.997155,0.804613,110.033956,632.356969
3.64,0.997156,0.80461,110.033793,632.355293
3.65,0.997157,0.804607,110.033701,632.353745
3.66,0.997158,0.804605,110.03368,632.35233
3.67,0.997159,0.804602,110.033729,632.351052
3.68,0.99716,0.8046,110.033849,632.349914
3.69,0.99716,0.804598,110.03404,632.348918
3.7,0.997161,0.804597,110.0343,632.348068
3.71,0.997162,0.804595,110.034629,632.347365
3.72,0.997163,0.804594,110.035027,632.346811
3.73,0.997163,0.804593,110.035491,632.346406
3.74,0.997164,0.804592,110.036021,632.346152
3.75,0.997165,0.804592,110.036616,632.346048
3.76,0.997165,0.804592,110.037274,632.346094
3.77,0.997166,0.804592,110.037992,632.346289
3.78,0.997166,0.804592,110.03877,632.346631
3.79,0.997167,0.804592,110.039604,632.34712
3.8,0.997167,0.804593,110.040494,632.347752
3.81,0.997168,0.804594,110.041437,632.348525
3.82,0.997168,0.804595,110.04243,632.349436
3.83,0.997168,0.804596,110.043472,632.350482
3.84,0.997169,0.804597,110.044559,632.351659
3.85,0.997169,0.804599,110.04569,632.352963
3.86,0.997169,0.804601,110.046861,632.354389
3.87,0.997169,0.804603,110.04807,632.355933
3.88,0.997169,0.804605,110.049315,632.35759
3.89,0.997169,0.804608,110.050593,632.359355
3.9,0.99717,0.80461,110.0519,632.361221
3.91,0.99717,0.804613,110.053236,632.363185
3.92,0.99717,0.804616,110.054596,632.365239
3.93,0.99717,0.804619,110.055978,632.367377
3.94,0.99717,0.804622,110.05738,632.369595
3.95,0.997169,0.804625,110.058799,632.371885
3.96,0.997169,0.804628,110.060233,632.374242
3.97,0.997169,0.804632,110.061679,632.376658
3.98,0.997169,0.804635,110.063135,632.379129
3.99,0.997169,0.804639,110.064599,632.381647
4,0.997169,0.804642,110.066068,632.384207
4.01,0.997168,0.804646,110.06754,632.386802
4.02,0.997168,0.80465,110.069013,632.389426
4.03,0.997168,0.804653,110.070486,632.392073
4.04,0.997168,0.804657,110.071956,632.394738
4.05,0.997167,0.804661,110.073422,632.397414
4.06,0.997167,0.804665,110.074882,632.400097
4.07,0.997167,0.804669,110.076334,632.40278
4.08,0.997167,0.804673,110.077777,632.405459
4.09,0.997166,0.804677,110.07921,632.408129
4.1,0.997166,0.80468,110.080631,632.410785
4.11,0.997165,0.804684,110.08204,632.413422
4.12,0.997165,0.804688,110.083435,632.416037
4.13,0.997165,0.804692,110.084816,632.418625
4.14,0.997164,0.804696,110.086181,632.421182
4.15,0.997164,0.804699,110.08753,632.423706
4.16,0.997163,0.804703,110.088863,632.426193
4.17,0.997163,0.804707,110.090178,632.428639
4.18,0.997163,0.80471,110.091476,632.431043
4.19,0.997162,0.804714,110.092756,632.433402
4.2,0.997162,0.804717,110.094018,632.435714
4.21,0.997161,0.804721,110.095261,632.437977
4.22,0.997161,0.804724,110.096486,632.44019
4.23,0.99716,0.804727,110.097692,632.442351
4.24,0.99716,0.804731,110.09888,632.444459
4.25,0.997159,0.804734,110.10005,632.446513
4.26,0.997159,0.804737,110.101201,632.448513
4.27,0.997159,0.80474,110.102334,632.450458
4.28,0.997158,0.804743,110.103449,632.452349
4.29,0.997158,0.804746,110.104547,632.454185
4.3,0.997157,0.804749,110.105627,632.455966
4.31,0.997157,0.804751,110.10669,632.457694
4.32,0.997156,0.804754,110.107737,632.459368
4.33,0.997156,0.804757,110.108766,632.460989
4.34,0.997155,0.804759,110.10978,632.462558
4.35,0.997155,0.804762,110.110777,632.464076
4.36,0.997154,0.804764,110.111759,632.465545
4.37,0.997154,0.804767,110.112725,632.466965
4.38,0.997153,0.804769,110.113677,632.468337
4.39,0.997153,0.804771,110.114613,632.469663
4.4,0.997152,0.804773,110.115535,632.470945
4.41,0.997152,0.804775,110.116442,632.472183
4.42,0.997151,0.804777,110.117334,632.47338
4.43,0.997151,0.804779,110.118213,632.474536
4.44,0.99715,0.804781,110.119077,632.475653
4.45,0.99715,0.804783,110.119927,632.476732
4.46,0.997149,0.804785,110.120763,632.477775
4.47,0.997149,0.804787,110.121584,632.478783
4.48,0.997148,0.804789,110.122391,632.479757
4.49,0.997148,0.80479,110.123184,632.480699
4.5,0.997147,0.804792,110.123961,632.48161
4.51,0.997147,0.804794,110.124724,632.48249
4.52,0.997146,0.804795,110.125471,632.483342
4.53,0.997146,0.804797,110.126202,632.484165
4.54,0.997146,0.804798,110.126918,632.484961
4.55,0.997145,0.8048,110.127617,632.48573
4.56,0.997145,0.804801,110.128299,632.486473
4.57,0.997144,0.804803,110.128963,632.487191
4.58,0.997144,0.804804,110.12961,632.487884
4.59,0.997143,0.804805,110.130238,632.488552
4.6,0.997143,0.804806,110.130846,632.489196
4.61,0.997143,0.804808,110.131435,632.489815
4.62,0.997142,0.804809,110.132004,632.49041
4.63,0.997142,0.80481,110.132551,632.490981
4.64,0.997142,0.804811,110.133077,632.491527
4.65,0.997141,0.804812,110.133581,632.492048
4.66,0.997141,0.804813,110.134061,632.492545
4.67,0.997141,0.804814,110.134518,632.493015
4.68,0.997141,0.804815,110.134951,632.49346
4.69,0.99714,0.804815,110.135358,632.493878
4.7,0.99714,0.804816,110.13574,632.49427
4.71,0.99714,0.804817,110.136096,632.494633
4.72,0.99714,0.804817,110.136426,632.494968
4.73,0.99714,0.804818,110.136728,632.495273
4.74,0.99714,0.804819,110.137003,632.495549
4.75,0.997139,0.804819,110.137249,632.495794
4.76,0.997139,0.804819,110.137468,632.496007
4.77,0.997139,0.80482,110.137657,632.496188
4.78,0.997139,0.80482,110.137818,632.496336
4.79,0.997139,0.80482,110.137949,632.49645
4.8,0.997139,0.80482,110.138051,632.496529
4.81,0.997139,0.80482,110.138124,632.496573
4.82,0.99714,0.80482,110.138167,632.496581
4.83,0.99714,0.80482,110.138181,632.496553
4.84,0.99714,0.80482,110.138166,632.496487
4.85,0.99714,0.804819,110.138122,632.496384
4.86,0.99714,0.804819,110.13805,632.496242
4.87,0.99714,0.804819,110.13795,632.496063
4.88,0.997141,0.804818,110.137822,632.495845
4.89,0.997141,0.804817,110.137667,632.495588
4.9,0.997141,0.804817,110.137486,632.495293
4.91,0.997142,0.804816,110.137279,632.494959
4.92,0.997142,0.804815,110.137048,632.494587
4.93,0.997142,0.804814,110.136793,632.494176
4.94,0.997143,0.804813,110.136516,632.493728
4.95,0.997143,0.804812,110.136217,632.493243
4.96,0.997144,0.804811,110.135897,632.492722
4.97,0.997144,0.80481,110.135559,632.492165
4.98,0.997145,0.804809,110.135203,632.491574
4.99,0.997146,0.804807,110.134831,632.490949
5,0.997146,0.804806,110.134443,632.490292
5.01,0.997147,0.804805,110.134043,632.489604
5.02,0.997147,0.804803,110.133631,632.488886
5.03,0.997148,0.804802,110.133209,632.48814
5.04,0.997149,0.8048,110.132779,632.487369
5.05,0.997149,0.804798,110.132343,632.486573
5.06,0.99715,0.804797,110.131902,632.485754
5.07,0.997151,0.804795,110.131458,632.484915
5.08,0.997152,0.804793,110.131014,632.484058
5.09,0.997152,0.804792,110.13057,632.483185
5.1,0.997153,0.80479,110.13013,632.482299
5.11,0.997154,0.804788,110.129694,632.481401
5.12,0.997155,0.804786,110.129266,632.480495
5.13,0.997155,0.804784,110.128846,632.479583
5.14,0.997156,0.804782,110.128437,632.478668
5.15,0.997157,0.80478,110.128042,632.477753
5.16,0.997158,0.804779,110.12766,632.47684
5.17,0.997159,0.804777,110.127296,632.475932
5.18,0.997159,0.804775,110.126949,632.475032
5.19,0.99716,0.804773,110.126624,632.474143
5.2,0.997161,0.804771,110.12632,632.473268
5.21,0.997162,0.80477,110.12604,632.47241
5.22,0.997162,0.804768,110.125785,632.471572
5.23,0.997163,0.804766,110.125558,632.470756
5.24,0.997164,0.804765,110.125359,632.469967
5.25,0.997165,0.804763,110.125191,632.469205
5.26,0.997165,0.804762,110.125053,632.468475
5.27,0.997166,0.80476,110.124949,632.46778
5.28,0.997167,0.804759,110.124879,632.467121
5.29,0.997168,0.804757,110.124844,632.466502
5.3,0.997168,0.804756,110.124845,632.465925
5.31,0.997169,0.804755,110.124884,632.465393
5.32,0.997169,0.804754,110.12496,632.464908
5.33,0.99717,0.804753,110.125076,632.464472
5.34,0.997171,0.804752,110.12523,632.464088
5.35,0.997171,0.804751,110.125425,632.463758
5.36,0.997172,0.804751,110.12566,632.463483
5.37,0.997172,0.80475,110.125936,632.463267
5.38,0.997173,0.804749,110.126253,632.463109
5.39,0.997173,0.804749,110.12661,632.463012
5.4,0.997173,0.804749,110.127009,632.462978
5.41,0.997174,0.804749,110.127449,632.463007
5.42,0.997174,0.804749,110.127929,632.4631
5.43,0.997174,0.804749,110.128449,632.46326
5.44,0.997175,0.804749,110.129009,632.463485
5.45,0.997175,0.804749,110.129608,632.463778
5.46,0.997175,0.80475,110.130245,632.464138
5.47,0.997175,0.80475,110.13092,632.464566
5.48,0.997175,0.804751,110.131632,632.465062
5.49,0.997176,0.804751,110.13238,632.465625
5.5,0.997176,0.804752,110.133163,632.466256
5.51,0.997176,0.804753,110.133979,632.466954
5.52,0.997176,0.804754,110.134827,632.467718
5.53,0.997176,0.804756,110.135707,632.468548
5.54,0.997176,0.804757,110.136616,632.469443
5.55,0.997176,0.804758,110.137553,632.470402
5.56,0.997176,0.80476,110.138517,632.471422
5.57,0.997175,0.804762,110.139506,632.472504
5.58,0.997175,0.804763,110.140518,632.473646
5.59,0.997175,0.804765,110.141552,632.474844
5.6,0.997175,0.804767,110.142606,632.476099
5.61,0.997175,0.804769,110.143678,632.477408
5.62,0.997175,0.804771,110.144766,632.478768
5.63,0.997174,0.804773,110.145869,632.480177
5.64,0.997174,0.804776,110.146984,632.481633
5.65,0.997174,0.804778,110.14811,632.483134
5.66,0.997173,0.80478,110.149245,632.484677
5.67,0.997173,0.804783,110.150387,632.486258
5.68,0.997173,0.804785,110.151534,632.487876
5.69,0.997172,0.804788,110.152685,632.489527
5.7,0.997172,0.80479,110.153837,632.491209
5.71,0.997172,0.804793,110.154989,632.492918
5.72,0.997171,0.804796,110.156138,632.494651
5.73,0.997171,0.804799,110.157283,632.496405
5.74,0.99717,0.804801,110.158423,632.498177
5.75,0.99717,0.804804,110.159556,632.499965
5.76,0.99717,0.804807,110.160679,632.501763
5.77,0.997169,0.80481,110.161792,632.50357
5.78,0.997169,0.804813,110.162892,632.505382
5.79,0.997168,0.804815,110.163979,632.507196
5.8,0.997168,0.804818,110.165051,632.509009
5.81,0.997167,0.804821,110.166107,632.510818
5.82,0.997167,0.804824,110.167145,632.512618
5.83,0.997167,0.804827,110.168164,632.514409
5.84,0.997166,0.804829,110.169163,632.516185
5.85,0.997166,0.804832,110.170141,632.517945
5.86,0.997165,0.804835,110.171097,632.519685
5.87,0.997165,0.804838,110.172029,632.521403
5.88,0.997164,0.80484,110.172938,632.523096
5.89,0.997164,0.804843,110.173823,632.524761
5.9,0.997163,0.804845,110.174682,632.526395
5.91,0.997163,0.804848,110.175515,632.527997
5.92,0.997163,0.80485,110.176322,632.529564
5.93,0.997162,0.804853,110.177103,632.531094
5.94,0.997162,0.804855,110.177856,632.532584
5.95,0.997162,0.804857,110.178581,632.534033
5.96,0.997161,0.804859,110.17928,632.535439
5.97,0.997161,0.804861,110.17995,632.5368
5.98,0.997161,0.804863,110.180593,632.538114
5.99,0.99716,0.804865,110.181208,632.53938
6,0.99716,0.804867,110.181795,632.540597
6.01,0.99716,0.804869,110.182355,632.541764
6.02,0.997159,0.804871,110.182888,632.54288
6.03,0.997159,0.804873,110.183394,632.543943
6.04,0.997159,0.804874,110.183873,632.544953
6.05,0.997159,0.804876,110.184326,632.54591
6.06,0.997158,0.804877,110.184753,632.546812
6.07,0.997158,0.804878,110.185155,632.54766
6.08,0.997158,0.804879,110.185533,632.548454
6.09,0.997158,0.804881,110.185886,632.549193
6.1,0.997157,0.804882,110.186216,632.549878
6.11,0.997157,0.804883,110.186523,632.550509
6.12,0.997157,0.804884,110.186807,632.551085
6.13,0.997157,0.804884,110.187071,632.551609
6.14,0.997157,0.804885,110.187314,632.552079
6.15,0.997157,0.804886,110.187536,632.552498
6.16,0.997157,0.804886,110.18774,632.552865
6.17,0.997157,0.804887,110.187926,632.553182
6.18,0.997156,0.804887,110.188093,632.55345
6.19,0.997156,0.804888,110.188244,632.553669
6.2,0.997156,0.804888,110.18838,632.553842
6.21,0.997156,0.804888,110.188499,632.553969
6.22,0.997156,0.804888,110.188605,632.554051
6.23,0.997156,0.804888,110.188697,632.554091
6.24,0.997156,0.804888,110.188776,632.55409
6.25,0.997156,0.804888,110.188843,632.554048
6.26,0.997156,0.804888,110.188899,632.553968
6.27,0.997156,0.804888,110.188945,632.553852
6.28,0.997156,0.804888,110.18898,632.553701
6.29,0.997156,0.804888,110.189006,632.553516
6.3,0.997156,0.804887,110.189024,632.553301
6.31,0.997156,0.804887,110.189034,632.553055
6.32,0.997157,0.804887,110.189037,632.552782
6.33,0.997157,0.804886,110.189033,632.552482
6.34,0.997157,0.804886,110.189024,632.552158
6.35,0.997157,0.804885,110.189008,632.551812
6.36,0.997157,0.804885,110.188988,632.551445
6.37,0.997157,0.804884,110.188963,632.551059
6.38,0.997157,0.804883,110.188935,632.550656
6.39,0.997157,0.804883,110.188902,632.550237
6.4,0.997157,0.804882,110.188867,632.549804
6.41,0.997158,0.804882,110.188828,632.549359
6.42,0.997158,0.804881,110.188788,632.548903
6.43,0.997158,0.80488,110.188745,632.548439
6.44,0.997158,0.804879,110.1887,632.547967
6.45,0.997158,0.804879,110.188654,632.547489
6.46,0.997158,0.804878,110.188606,632.547007
6.47,0.997159,0.804877,110.188558,632.546522
6.48,0.997159,0.804876,110.188508,632.546035
6.49,0.997159,0.804876,110.188458,632.545547
6.5,0.997159,0.804875,110.188407,632.545061
6.51,0.997159,0.804874,110.188357,632.544576
6.52,0.99716,0.804873,110.188306,632.544095
6.53,0.99716,0.804872,110.188255,632.543618
6.54,0.99716,0.804872,110.188204,632.543146
6.55,0.99716,0.804871,110.188154,632.542681
6.56,0.997161,0.80487,110.188104,632.542223
6.57,0.997161,0.804869,110.188054,632.541773
6.58,0.997161,0.804869,110.188006,632.541332
6.59,0.997161,0.804868,110.187958,632.5409
6.6,0.997162,0.804867,110.187911,632.540479
6.61,0.997162,0.804866,110.187865,632.540069
6.62,0.997162,0.804865,110.187821,632.539671
6.63,0.997163,0.804865,110.187777,632.539285
6.64,0.997163,0.804864,110.187736,632.538912
6.65,0.997163,0.804863,110.187696,632.538552
6.66,0.997164,0.804863,110.187658,632.538206
6.67,0.997164,0.804862,110.187622,632.537873
6.68,0.997164,0.804861,110.187588,632.537556
6.69,0.997165,0.804861,110.187557,632.537253
6.7,0.997165,0.80486,110.187528,632.536966
6.71,0.997165,0.804859,110.187503,632.536694
6.72,0.997166,0.804859,110.187481,632.536438
6.73,0.997166,0.804858,110.187462,632.536197
6.74,0.997166,0.804858,110.187447,632.535973
6.75,0.997167,0.804857,110.187436,632.535766
6.76,0.997167,0.804857,110.18743,632.535575
6.77,0.997167,0.804856,110.187429,632.535401
6.78,0.997168,0.804856,110.187432,632.535244
6.79,0.997168,0.804855,110.187442,632.535104
6.8,0.997168,0.804855,110.187457,632.534982
6.81,0.997169,0.804854,110.187478,632.534876
6.82,0.997169,0.804854,110.187507,632.534789
6.83,0.99717,0.804853,110.187542,632.534719
6.84,0.99717,0.804853,110.187585,632.534668
6.85,0.99717,0.804853,110.187637,632.534634
6.86,0.997171,0.804853,110.187696,632.534618
6.87,0.997171,0.804852,110.187765,632.534621
6.88,0.997171,0.804852,110.187843,632.534643
6.89,0.997172,0.804852,110.187931,632.534683
6.9,0.997172,0.804852,110.188029,632.534741
6.91,0.997172,0.804852,110.188137,632.534819
6.92,0.997173,0.804851,110.188257,632.534916
6.93,0.997173,0.804851,110.188389,632.535032
6.94,0.997173,0.804851,110.188533,632.535167
6.95,0.997174,0.804851,110.188689,632.535323
6.96,0.997174,0.804851,110.188857,632.535497
6.97,0.997174,0.804851,110.189039,632.535692
6.98,0.997174,0.804851,110.189235,632.535907
6.99,0.997175,0.804852,110.189444,632.536142
7,0.997175,0.804852,110.189668,632.536397
7.01,0.997175,0.804852,110.189906,632.536673
7.02,0.997175,0.804852,110.190159,632.536969
7.03,0.997176,0.804852,110.190427,632.537286
7.04,0.997176,0.804853,110.19071,632.537624
7.05,0.997176,0.804853,110.191008,632.537982
7.06,0.997176,0.804853,110.191321,632.538362
7.07,0.997176,0.804854,110.191651,632.538763
7.08,0.997177,0.804854,110.191996,632.539184
7.09,0.997177,0.804855,110.192356,632.539627
7.1,0.997177,0.804855,110.192732,632.540091
7.11,0.997177,0.804856,110.193124,632.540575
7.12,0.997177,0.804857,110.193531,632.541081
7.13,0.997177,0.804857,110.193953,632.541607
7.14,0.997177,0.804858,110.19439,632.542154
7.15,0.997177,0.804859,110.194843,632.542722
7.16,0.997177,0.80486,110.19531,632.54331
7.17,0.997177,0.80486,110.195791,632.543918
7.18,0.997177,0.804861,110.196286,632.544545
7.19,0.997177,0.804862,110.196794,632.545192
7.2,0.997177,0.804863,110.197316,632.545858
7.21,0.997177,0.804864,110.19785,632.546543
7.22,0.997177,0.804865,110.198396,632.547246
7.23,0.997177,0.804866,110.198954,632.547967
7.24,0.997177,0.804867,110.199523,632.548705
7.25,0.997177,0.804869,110.200101,632.54946
7.26,0.997177,0.80487,110.20069,632.550231
7.27,0.997176,0.804871,110.201287,632.551017
7.28,0.997176,0.804872,110.201892,632.551818
7.29,0.997176,0.804874,110.202505,632.552633
7.3,0.997176,0.804875,110.203124,632.553461
7.31,0.997176,0.804876,110.203748,632.554301
7.32,0.997176,0.804878,110.204378,632.555152
7.33,0.997175,0.804879,110.205011,632.556014
7.34,0.997175,0.80488,110.205648,632.556886
7.35,0.997175,0.804882,110.206287,632.557766
7.36,0.997175,0.804883,110.206927,632.558654
7.37,0.997174,0.804885,110.207567,632.559548
7.38,0.997174,0.804886,110.208206,632.560448
7.39,0.997174,0.804887,110.208844,632.561352
7.4,0.997174,0.804889,110.20948,632.562259
7.41,0.997173,0.80489,110.210112,632.563168
7.42,0.997173,0.804892,110.21074,632.564077
7.43,0.997173,0.804893,110.211362,632.564987
7.44,0.997173,0.804895,110.211978,632.565894
7.45,0.997172,0.804896,110.212587,632.566799
7.46,0.997172,0.804898,110.213188,632.5677
7.47,0.997172,0.804899,110.213779,632.568595
7.48,0.997171,0.804901,110.214362,632.569484
7.49,0.997171,0.804902,110.214933,632.570365
7.5,0.997171,0.804904,110.215493,632.571237
7.51,0.997171,0.804905,110.216041,632.572099
7.52,0.99717,0.804906,110.216576,632.572949
7.53,0.99717,0.804908,110.217097,632.573786
7.54,0.99717,0.804909,110.217604,632.574609
7.55,0.997169,0.80491,110.218096,632.575418
7.56,0.997169,0.804912,110.218573,632.57621
7.57,0.997169,0.804913,110.219033,632.576985
7.58,0.997169,0.804914,110.219477,632.577741
7.59,0.997168,0.804915,110.219904,632.578479
7.6,0.997168,0.804917,110.220313,632.579195
7.61,0.997168,0.804918,110.220704,632.579891
7.62,0.997168,0.804919,110.221077,632.580564
7.63,0.997168,0.80492,110.221431,632.581213
7.64,0.997167,0.804921,110.221767,632.581839
7.65,0.997167,0.804922,110.222084,632.582441
7.66,0.997167,0.804923,110.222382,632.583016
7.67,0.997167,0.804924,110.22266,632.583566
7.68,0.997167,0.804924,110.222919,632.584089
7.69,0.997167,0.804925,110.223159,632.584584
7.7,0.997166,0.804926,110.22338,632.585052
7.71,0.997166,0.804927,110.223582,632.585492
7.72,0.997166,0.804927,110.223765,632.585904
7.73,0.997166,0.804928,110.22393,632.586286
7.74,0.997166,0.804928,110.224075,632.58664
7.75,0.997166,0.804929,110.224203,632.586964
7.76,0.997166,0.804929,110.224313,632.58726
7.77,0.997166,0.80493,110.224405,632.587526
7.78,0.997166,0.80493,110.22448,632.587763
7.79,0.997166,0.80493,110.224539,632.58797
7.8,0.997166,0.80493,110.224581,632.588149
7.81,0.997166,0.804931,110.224608,632.588299
7.82,0.997166,0.804931,110.22462,632.588421
7.83,0.997166,0.804931,110.224617,632.588515
7.84,0.997166,0.804931,110.2246,632.588581
7.85,0.997166,0.804931,110.22457,632.588621
7.86,0.997166,0.804931,110.224527,632.588633
7.87,0.997166,0.804931,110.224472,632.58862
7.88,0.997166,0.804931,110.224406,632.588581
7.89,0.997166,0.80493,110.224329,632.588518
7.9,0.997167,0.80493,110.224242,632.588431
7.91,0.997167,0.80493,110.224146,632.588321
7.92,0.997167,0.80493,110.224042,632.588189
7.93,0.997167,0.804929,110.22393,632.588036
7.94,0.997167,0.804929,110.22381,632.587862
7.95,0.997167,0.804929,110.223685,632.587669
7.96,0.997167,0.804928,110.223554,632.587457
7.97,0.997168,0.804928,110.223418,632.587228
7.98,0.997168,0.804927,110.223278,632.586983
7.99,0.997168,0.804927,110.223135,632.586722
8,0.997168,0.804926,110.222989,632.586448
8.01,0.997168,0.804926,110.222841,632.58616
8.02,0.997169,0.804925,110.222692,632.58586
8.03,0.997169,0.804924,110.222542,632.58555
8.04,0.997169,0.804924,110.222392,632.58523
8.05,0.997169,0.804923,110.222243,632.584901
8.06,0.997169,0.804923,110.222096,632.584565
8.07,0.99717,0.804922,110.22195,632.584223
8.08,0.99717,0.804921,110.221806,632.583876
8.09,0.99717,0.804921,110.221666,632.583525
8.1,0.99717,0.80492,110.221528,632.583171
8.11,0.997171,0.804919,110.221395,632.582816
8.12,0.997171,0.804919,110.221267,632.58246
8.13,0.997171,0.804918,110.221143,632.582104
8.14,0.997171,0.804917,110.221024,632.58175
8.15,0.997171,0.804917,110.220911,632.581399
8.16,0.997172,0.804916,110.220804,632.581051
8.17,0.997172,0.804916,110.220704,632.580708
8.18,0.997172,0.804915,110.22061,632.58037
8.19,0.997172,0.804914,110.220523,632.580039
8.2,0.997173,0.804914,110.220443,632.579715
8.21,0.997173,0.804913,110.22037,632.579399
8.22,0.997173,0.804913,110.220305,632.579093
8.23,0.997173,0.804912,110.220248,632.578796
8.24,0.997174,0.804911,110.220198,632.578509
8.25,0.997174,0.804911,110.220157,632.578234
8.26,0.997174,0.80491,110.220123,632.577971
8.27,0.997174,0.80491,110.220097,632.57772
8.28,0.997174,0.804909,110.22008,632.577482
8.29,0.997175,0.804909,110.22007,632.577258
8.3,0.997175,0.804909,110.220069,632.577049
8.31,0.997175,0.804908,110.220076,632.576853
8.32,0.997175,0.804908,110.220091,632.576673
8.33,0.997175,0.804907,110.220114,632.576508
8.34,0.997176,0.804907,110.220144,632.576359
8.35,0.997176,0.804907,110.220183,632.576226
8.36,0.997176,0.804906,110.220229,632.576109
8.37,0.997176,0.804906,110.220283,632.576008
8.38,0.997176,0.804906,110.220344,632.575925
8.39,0.997176,0.804906,110.220413,632.575858
8.4,0.997177,0.804906,110.220489,632.575808
8.41,0.997177,0.804905,110.220572,632.575775
8.42,0.997177,0.804905,110.220662,632.575758
8.43,0.997177,0.804905,110.220758,632.575759
8.44,0.997177,0.804905,110.220861,632.575778
8.45,0.997177,0.804905,110.220971,632.575812
8.46,0.997178,0.804905,110.221086,632.575864
8.47,0.997178,0.804905,110.221208,632.575933
8.48,0.997178,0.804905,110.221336,632.576018
8.49,0.997178,0.804905,110.221469,632.57612
8.5,0.997178,0.804905,110.221608,632.576238
8.51,0.997178,0.804905,110.221753,632.576371
8.52,0.997178,0.804905,110.221902,632.576521
8.53,0.997178,0.804906,110.222057,632.576687
8.54,0.997179,0.804906,110.222217,632.576867
8.55,0.997179,0.804906,110.222382,632.577063
8.56,0.997179,0.804906,110.222551,632.577273
8.57,0.997179,0.804906,110.222725,632.577498
8.58,0.997179,0.804907,110.222903,632.577737
8.59,0.997179,0.804907,110.223085,632.57799
8.6,0.997179,0.804907,110.223272,632.578257
8.61,0.997179,0.804908,110.223463,632.578536
8.62,0.997179,0.804908,110.223658,632.578828
8.63,0.997179,0.804908,110.223856,632.579133
8.64,0.997179,0.804909,110.224059,632.579449
8.65,0.99718,0.804909,110.224265,632.579777
8.66,0.99718,0.804909,110.224475,632.580117
8.67,0.99718,0.80491,110.224688,632.580467
8.68,0.99718,0.80491,110.224905,632.580828
8.69,0.99718,0.804911,110.225125,632.581199
8.7,0.99718,0.804911,110.225349,632.58158
8.71,0.99718,0.804912,110.225576,632.58197
8.72,0.99718,0.804912,110.225806,632.582369
8.73,0.99718,0.804913,110.226039,632.582776
8.74,0.99718,0.804913,110.226275,632.583192
8.75,0.99718,0.804914,110.226515,632.583616
8.76,0.99718,0.804915,110.226757,632.584047
8.77,0.99718,0.804915,110.227002,632.584485
8.78,0.99718,0.804916,110.227251,632.584929
8.79,0.99718,0.804916,110.227502,632.58538
8.8,0.99718,0.804917,110.227755,632.585837
8.81,0.99718,0.804918,110.228011,632.586299
8.82,0.99718,0.804918,110.22827,632.586766
8.83,0.99718,0.804919,110.228532,632.587238
8.84,0.99718,0.80492,110.228795,632.587715
8.85,0.99718,0.80492,110.229061,632.588195
8.86,0.99718,0.804921,110.229329,632.588679
8.87,0.99718,0.804922,110.229599,632.589166
8.88,0.99718,0.804922,110.229871,632.589655
8.89,0.997179,0.804923,110.230144,632.590147
8.9,0.997179,0.804924,110.230419,632.590641
8.91,0.997179,0.804925,110.230696,632.591137
8.92,0.997179,0.804925,110.230974,632.591633
8.93,0.997179,0.804926,110.231252,632.592131
8.94,0.997179,0.804927,110.231532,632.592628
8.95,0.997179,0.804928,110.231812,632.593126
8.96,0.997179,0.804928,110.232093,632.593623
8.97,0.997179,0.804929,110.232374,632.59412
8.98,0.997179,0.80493,110.232655,632.594615
8.99,0.997179,0.804931,110.232936,632.595108
9,0.997178,0.804931,110.233216,632.595599
9.01,0.997178,0.804932,110.233495,632.596088
9.02,0.997178,0.804933,110.233773,632.596573
9.03,0.997178,0.804934,110.23405,632.597055
9.04,0.997178,0.804934,110.234325,632.597534
9.05,0.997178,0.804935,110.234598,632.598008
9.06,0.997178,0.804936,110.234869,632.598477
9.07,0.997178,0.804937,110.235138,632.598941
9.08,0.997177,0.804937,110.235403,632.599399
9.09,0.997177,0.804938,110.235665,632.599852
9.1,0.997177,0.804939,110.235924,632.600297
9.11,0.997177,0.80494,110.236179,632.600736
9.12,0.997177,0.80494,110.236429,632.601168
9.13,0.997177,0.804941,110.236675,632.601591
9.14,0.997177,0.804942,110.236916,632.602007
9.15,0.997176,0.804942,110.237152,632.602413
9.16,0.997176,0.804943,110.237382,632.602811
9.17,0.997176,0.804944,110.237607,632.603199
9.18,0.997176,0.804944,110.237825,632.603577
9.19,0.997176,0.804945,110.238036,632.603945
9.2,0.997176,0.804945,110.238241,632.604302
9.21,0.997176,0.804946,110.238439,632.604649
9.22,0.997175,0.804947,110.23863,632.604983
9.23,0.997175,0.804947,110.238812,632.605306
9.24,0.997175,0.804948,110.238987,632.605617
9.25,0.997175,0.804948,110.239154,632.605915
9.26,0.997175,0.804949,110.239312,632.6062
9.27,0.997175,0.804949,110.239461,632.606473
9.28,0.997175,0.80495,110.239602,632.606732
9.29,0.997175,0.80495,110.239734,632.606977
9.3,0.997174,0.80495,110.239856,632.607209
9.31,0.997174,0.804951,110.23997,632.607426
9.32,0.997174,0.804951,110.240073,632.607629
9.33,0.997174,0.804951,110.240167,632.607818
9.34,0.997174,0.804952,110.240252,632.607992
9.35,0.997174,0.804952,110.240327,632.608152
9.36,0.997174,0.804952,110.240392,632.608296
9.37,0.997174,0.804952,110.240447,632.608426
9.38,0.997174,0.804953,110.240492,632.608541
9.39,0.997174,0.804953,110.240528,632.608641
9.4,0.997174,0.804953,110.240554,632.608726
9.41,0.997174,0.804953,110.24057,632.608796
9.42,0.997174,0.804953,110.240577,632.608851
9.43,0.997174,0.804953,110.240574,632.608892
9.44,0.997174,0.804953,110.240562,632.608918
9.45,0.997174,0.804953,110.240541,632.60893
9.46,0.997174,0.804953,110.240511,632.608927
9.47,0.997174,0.804953,110.240472,632.60891
9.48,0.997174,0.804953,110.240424,632.60888
9.49,0.997174,0.804953,110.240369,632.608836
9.5,0.997174,0.804953,110.240305,632.608779
9.51,0.997174,0.804953,110.240234,632.608709
9.52,0.997174,0.804953,110.240155,632.608626
9.53,0.997174,0.804952,110.24007,632.608532
9.54,0.997174,0.804952,110.239977,632.608426
9.55,0.997174,0.804952,110.239879,632.608308
9.56,0.997174,0.804952,110.239774,632.60818
9.57,0.997174,0.804951,110.239664,632.608041
9.58,0.997174,0.804951,110.239549,632.607892
9.59,0.997174,0.804951,110.239429,632.607735
9.6,0.997175,0.804951,110.239304,632.607568
9.61,0.997175,0.80495,110.239176,632.607393
9.62,0.997175,0.80495,110.239044,632.607211
9.63,0.997175,0.80495,110.23891,632.607022
9.64,0.997175,0.804949,110.238773,632.606826
9.65,0.997175,0.804949,110.238633,632.606624
9.66,0.997175,0.804948,110.238493,632.606418
9.67,0.997175,0.804948,110.238351,632.606207
9.68,0.997176,0.804948,110.238208,632.605992
9.69,0.997176,0.804947,110.238065,632.605774
9.7,0.997176,0.804947,110.237923,632.605554
9.71,0.997176,0.804946,110.237781,632.605332
9.72,0.997176,0.804946,110.23764,632.605108
9.73,0.997176,0.804945,110.237501,632.604885
9.74,0.997176,0.804945,110.237364,632.604661
9.75,0.997177,0.804945,110.23723,632.604438
9.76,0.997177,0.804944,110.237098,632.604217
9.77,0.997177,0.804944,110.236969,632.603998
9.78,0.997177,0.804943,110.236845,632.603782
9.79,0.997177,0.804943,110.236724,632.60357
9.8,0.997177,0.804943,110.236607,632.603361
9.81,0.997178,0.804942,110.236496,632.603157
9.82,0.997178,0.804942,110.236389,632.602959
9.83,0.997178,0.804941,110.236287,632.602766
9.84,0.997178,0.804941,110.236192,632.60258
9.85,0.997178,0.804941,110.236102,632.602401
9.86,0.997178,0.80494,110.236018,632.602229
9.87,0.997178,0.80494,110.235941,632.602065
9.88,0.997179,0.80494,110.23587,632.601909
9.89,0.997179,0.804939,110.235806,632.601763
9.9,0.997179,0.804939,110.235749,632.601626
9.91,0.997179,0.804939,110.235699,632.601498
9.92,0.997179,0.804939,110.235656,632.601381
9.93,0.997179,0.804938,110.23562,632.601273
9.94,0.997179,0.804938,110.235592,632.601177
9.95,0.997179,0.804938,110.235571,632.601092
9.96,0.99718,0.804938,110.235558,632.601018
9.97,0.99718,0.804938,110.235552,632.600955
9.98,0.99718,0.804937,110.235554,632.600904
9.99,0.99718,0.804937,110.235563,632.600865
10,0.99718,0.804937,110.23558,632.600838
10.01,0.99718,0.804937,110.235604,632.600823
10.02,0.99718,0.804937,110.235635,632.60082
10.03,0.99718,0.804937,110.235673,632.600829
10.04,0.99718,0.804937,110.235718,632.60085
10.05,0.99718,0.804937,110.23577,632.600884
10.06,0.99718,0.804937,110.235829,632.60093
10.07,0.99718,0.804937,110.235895,632.600988
10.08,0.99718,0.804937,110.235967,632.601058
10.09,0.99718,0.804937,110.236045,632.60114
10.1,0.997181,0.804937,110.236129,632.601234
10.11,0.997181,0.804937,110.236219,632.601339
10.12,0.997181,0.804938,110.236315,632.601455
10.13,0.997181,0.804938,110.236416,632.601583
10.14,0.997181,0.804938,110.236521,632.601722
10.15,0.997181,0.804938,110.236632,632.601872
10.16,0.997181,0.804938,110.236748,632.602031
10.17,0.997181,0.804939,110.236867,632.602201
10.18,0.997181,0.804939,110.236991,632.602381
10.19,0.997181,0.804939,110.237118,632.60257
10.2,0.997181,0.804939,110.237249,632.602769
10.21,0.997181,0.80494,110.237384,632.602976
10.22,0.997181,0.80494,110.237521,632.603192
10.23,0.997181,0.80494,110.237661,632.603415
10.24,0.997181,0.804941,110.237803,632.603646
10.25,0.99718,0.804941,110.237947,632.603885
10.26,0.99718,0.804941,110.238094,632.60413
10.27,0.99718,0.804942,110.238242,632.604382
10.28,0.99718,0.804942,110.238391,632.60464
10.29,0.99718,0.804942,110.238541,632.604904
10.3,0.99718,0.804943,110.238692,632.605172
10.31,0.99718,0.804943,110.238844,632.605446
10.32,0.99718,0.804944,110.238996,632.605723
10.33,0.99718,0.804944,110.239149,632.606005
10.34,0.99718,0.804945,110.239301,632.60629
10.35,0.99718,0.804945,110.239453,632.606579
10.36,0.99718,0.804945,110.239605,632.60687
10.37,0.99718,0.804946,110.239756,632.607163
10.38,0.99718,0.804946,110.239906,632.607458
10.39,0.99718,0.804947,110.240055,632.607755
10.4,0.99718,0.804947,110.240203,632.608053
10.41,0.99718,0.804948,110.240349,632.608352
10.42,0.99718,0.804948,110.240494,632.608651
10.43,0.99718,0.804949,110.240638,632.60895
10.44,0.997179,0.804949,110.24078,632.609248
10.45,0.997179,0.804949,110.24092,632.609546
10.46,0.997179,0.80495,110.241057,632.609843
10.47,0.997179,0.80495,110.241193,632.610139
10.48,0.997179,0.804951,110.241327,632.610433
10.49,0.997179,0.804951,110.241459,632.610725
10.5,0.997179,0.804952,110.241588,632.611015
10.51,0.997179,0.804952,110.241715,632.611303
10.52,0.997179,0.804953,110.241839,632.611587
10.53,0.997179,0.804953,110.241961,632.611869
10.54,0.997179,0.804953,110.242081,632.612148
10.55,0.997179,0.804954,110.242198,632.612423
10.56,0.997179,0.804954,110.242312,632.612694
10.57,0.997178,0.804955,110.242424,632.612962
10.58,0.997178,0.804955,110.242533,632.613226
10.59,0.997178,0.804956,110.24264,632.613485
10.6,0.997178,0.804956,110.242744,632.61374
10.61,0.997178,0.804956,110.242845,632.61399
10.62,0.997178,0.804957,110.242944,632.614236
10.63,0.997178,0.804957,110.24304,632.614477
10.64,0.997178,0.804957,110.243133,632.614713
10.65,0.997178,0.804958,110.243224,632.614944
10.66,0.997178,0.804958,110.243312,632.615169
10.67,0.997178,0.804959,110.243398,632.61539
10.68,0.997178,0.804959,110.243481,632.615605
10.69,0.997178,0.804959,110.243561,632.615814
10.7,0.997177,0.80496,110.243639,632.616018
10.71,0.997177,0.80496,110.243714,632.616216
10.72,0.997177,0.80496,110.243786,632.616408
10.73,0.997177,0.804961,110.243856,632.616595
10.74,0.997177,0.804961,110.243923,632.616776
10.75,0.997177,0.804961,110.243988,632.616951
10.76,0.997177,0.804961,110.24405,632.617119
10.77,0.997177,0.804962,110.244109,632.617282
10.78,0.997177,0.804962,110.244166,632.617439
10.79,0.997177,0.804962,110.24422,632.61759
10.8,0.997177,0.804962,110.244271,632.617734
10.81,0.997177,0.804963,110.24432,632.617873
10.82,0.997177,0.804963,110.244366,632.618005
10.83,0.997177,0.804963,110.244409,632.618131
10.84,0.997176,0.804963,110.24445,632.618251
10.85,0.997176,0.804964,110.244487,632.618364
10.86,0.997176,0.804964,110.244522,632.618471
10.87,0.997176,0.804964,110.244555,632.618572
10.88,0.997176,0.804964,110.244584,632.618667
10.89,0.997176,0.804964,110.24461,632.618755
10.9,0.997176,0.804964,110.244634,632.618837
10.91,0.997176,0.804965,110.244654,632.618912
10.92,0.997176,0.804965,110.244672,632.618981
10.93,0.997176,0.804965,110.244687,632.619044
10.94,0.997176,0.804965,110.244698,632.619101
10.95,0.997176,0.804965,110.244707,632.619151
10.96,0.997176,0.804965,110.244712,632.619195
10.97,0.997176,0.804965,110.244714,632.619232
10.98,0.997176,0.804965,110.244713,632.619263
10.99,0.997176,0.804965,110.244709,632.619288
11,0.997176,0.804965,110.244702,632.619307
11.01,0.997176,0.804965,110.244692,632.619319
11.02,0.997176,0.804965,110.244678,632.619326
11.03,0.997176,0.804965,110.244661,632.619326
11.04,0.997176,0.804965,110.244641,632.61932
11.05,0.997176,0.804965,110.244617,632.619308
11.06,0.997175,0.804965,110.244591,632.61929
11.07,0.997175,0.804965,110.244561,632.619266
11.08,0.997175,0.804965,110.244527,632.619237
11.09,0.997175,0.804965,110.244491,632.619201
11.1,0.997175,0.804965,110.244452,632.61916
11.11,0.997175,0.804965,110.244409,632.619114
11.12,0.997175,0.804965,110.244363,632.619062
11.13,0.997175,0.804965,110.244315,632.619004
11.14,0.997175,0.804965,110.244263,632.618942
11.15,0.997175,0.804965,110.244208,632.618875
11.16,0.997175,0.804965,110.244151,632.618802
11.17,0.997176,0.804965,110.244091,632.618725
11.18,0.997176,0.804964,110.244028,632.618643
11.19,0.997176,0.804964,110.243963,632.618557
11.2,0.997176,0.804964,110.243895,632.618467
11.21,0.997176,0.804964,110.243825,632.618372
11.22,0.997176,0.804964,110.243753,632.618274
11.23,0.997176,0.804964,110.243679,632.618172
11.24,0.997176,0.804964,110.243602,632.618067
11.25,0.997176,0.804963,110.243524,632.617958
11.26,0.997176,0.804963,110.243445,632.617847
11.27,0.997176,0.804963,110.243364,632.617733
11.28,0.997176,0.804963,110.243281,632.617616
11.29,0.997176,0.804963,110.243198,632.617497
11.3,0.997176,0.804962,110.243114,632.617377
11.31,0.997176,0.804962,110.243028,632.617254
11.32,0.997176,0.804962,110.242943,632.617131
11.33,0.997176,0.804962,110.242857,632.617006
11.34,0.997176,0.804961,110.242771,632.616881
11.35,0.997176,0.804961,110.242684,632.616755
11.36,0.997176,0.804961,110.242599,632.616629
11.37,0.997176,0.804961,110.242513,632.616503
11.38,0.997177,0.804961,110.242428,632.616377
11.39,0.997177,0.80496,110.242344,632.616253
11.4,0.997177,0.80496,110.242262,632.616129
11.41,0.997177,0.80496,110.24218,632.616007
11.42,0.997177,0.80496,110.2421,632.615887
11.43,0.997177,0.804959,110.242022,632.615769
11.44,0.997177,0.804959,110.241946,632.615653
11.45,0.997177,0.804959,110.241872,632.61554
11.46,0.997177,0.804959,110.2418,632.615429
11.47,0.997177,0.804959,110.241731,632.615322
11.48,0.997177,0.804958,110.241664,632.615219
11.49,0.997177,0.804958,110.2416,632.61512
11.5,0.997177,0.804958,110.24154,632.615025
11.51,0.997177,0.804958,110.241483,632.614934
11.52,0.997178,0.804958,110.241429,632.614848
11.53,0.997178,0.804957,110.241379,632.614767
11.54,0.997178,0.804957,110.241332,632.614691
11.55,0.997178,0.804957,110.241289,632.614621
11.56,0.997178,0.804957,110.241251,632.614556
11.57,0.997178,0.804957,110.241216,632.614498
11.58,0.997178,0.804957,110.241186,632.614446
11.59,0.997178,0.804957,110.24116,632.6144
11.6,0.997178,0.804957,110.241139,632.61436
11.61,0.997178,0.804956,110.241122,632.614328
11.62,0.997178,0.804956,110.24111,632.614302
11.63,0.997178,0.804956,110.241102,632.614283
11.64,0.997178,0.804956,110.241099,632.614272
11.65,0.997178,0.804956,110.241101,632.614267
11.66,0.997178,0.804956,110.241107,632.61427
11.67,0.997178,0.804956,110.241118,632.614281
11.68,0.997178,0.804956,110.241134,632.614298
11.69,0.997178,0.804956,110.241155,632.614324
11.7,0.997178,0.804956,110.24118,632.614356
11.71,0.997178,0.804956,110.24121,632.614397
11.72,0.997178,0.804956,110.241244,632.614444
11.73,0.997178,0.804956,110.241283,632.614499
11.74,0.997178,0.804956,110.241327,632.614562
11.75,0.997178,0.804957,110.241375,632.614632
11.76,0.997178,0.804957,110.241427,632.614709
11.77,0.997178,0.804957,110.241483,632.614793
11.78,0.997178,0.804957,110.241543,632.614884
11.79,0.997178,0.804957,110.241607,632.614983
11.8,0.997178,0.804957,110.241675,632.615087
11.81,0.997178,0.804957,110.241747,632.615199
11.82,0.997178,0.804958,110.241821,632.615316
11.83,0.997178,0.804958,110.2419,632.61544
11.84,0.997178,0.804958,110.241981,632.61557
11.85,0.997178,0.804958,110.242065,632.615705
11.86,0.997178,0.804958,110.242152,632.615846
11.87,0.997178,0.804959,110.242241,632.615992
11.88,0.997178,0.804959,110.242333,632.616143
11.89,0.997178,0.804959,110.242426,632.616299
11.9,0.997178,0.804959,110.242522,632.616459
11.91,0.997178,0.80496,110.24262,632.616623
11.92,0.997178,0.80496,110.242718,632.616791
11.93,0.997178,0.80496,110.242819,632.616962
11.94,0.997178,0.80496,110.24292,632.617137
11.95,0.997178,0.804961,110.243022,632.617314
11.96,0.997178,0.804961,110.243125,632.617494
11.97,0.997178,0.804961,110.243228,632.617676
11.98,0.997178,0.804962,110.243331,632.61786
11.99,0.997178,0.804962,110.243435,632.618046
12,0.997178,0.804962,110.243538,632.618232
12.01,0.997177,0.804963,110.243641,632.61842
12.02,0.997177,0.804963,110.243743,632.618608
12.03,0.997177,0.804963,110.243844,632.618796
12.04,0.997177,0.804963,110.243944,632.618984
12.05,0.997177,0.804964,110.244044,632.619171
12.06,0.997177,0.804964,110.244142,632.619358
12.07,0.997177,0.804964,110.244238,632.619544
12.08,0.997177,0.804965,110.244332,632.619728
12.09,0.997177,0.804965,110.244425,632.619911
12.1,0.997177,0.804965,110.244516,632.620092
12.11,0.997177,0.804966,110.244605,632.62027
12.12,0.997177,0.804966,110.244691,632.620446
12.13,0.997177,0.804966,110.244775,632.620619
12.14,0.997177,0.804966,110.244857,632.620789
12.15,0.997177,0.804967,110.244936,632.620956
12.16,0.997176,0.804967,110.245012,632.621119
12.17,0.997176,0.804967,110.245086,632.621278
12.18,0.997176,0.804968,110.245156,632.621433
12.19,0.997176,0.804968,110.245224,632.621585
12.2,0.997176,0.804968,110.245289,632.621732
12.21,0.997176,0.804968,110.24535,632.621874
12.22,0.997176,0.804968,110.245409,632.622012
12.23,0.997176,0.804969,110.245464,632.622144
12.24,0.997176,0.804969,110.245517,632.622272
12.25,0.997176,0.804969,110.245566,632.622395
12.26,0.997176,0.804969,110.245612,632.622513
12.27,0.997176,0.80497,110.245655,632.622625
12.28,0.997176,0.80497,110.245695,632.622732
12.29,0.997176,0.80497,110.245731,632.622834
12.3,0.997176,0.80497,110.245765,632.62293
12.31,0.997176,0.80497,110.245795,632.623021
12.32,0.997176,0.80497,110.245823,632.623106
12.33,0.997176,0.80497,110.245847,632.623186
12.34,0.997175,0.804971,110.245869,632.62326
12.35,0.997175,0.804971,110.245887,632.623328
12.36,0.997175,0.804971,110.245903,632.623392
12.37,0.997175,0.804971,110.245917,632.623449
12.38,0.997175,0.804971,110.245927,632.623502
12.39,0.997175,0.804971,110.245935,632.623548
12.4,0.997175,0.804971,110.24594,632.62359
12.41,0.997175,0.804971,110.245943,632.623626
12.42,0.997175,0.804971,110.245944,632.623658
12.43,0.997175,0.804971,110.245943,632.623684
12.44,0.997175,0.804971,110.245939,632.623705
12.45,0.997175,0.804971,110.245933,632.623721
12.46,0.997175,0.804971,110.245926,632.623733
12.47,0.997175,0.804972,110.245916,632.62374
12.48,0.997175,0.804972,110.245905,632.623742
12.49,0.997175,0.804972,110.245892,632.62374
12.5,0.997175,0.804972,110.245878,632.623734
12.51,0.997175,0.804972,110.245862,632.623724
12.52,0.997175,0.804972,110.245845,632.62371
12.53,0.997175,0.804971,110.245826,632.623691
12.54,0.997175,0.804971,110.245806,632.62367
12.55,0.997175,0.804971,110.245785,632.623644
12.56,0.997175,0.804971,110.245763,632.623616
12.57,0.997175,0.804971,110.245741,632.623584
12.58,0.997175,0.804971,110.245717,632.623548
12.59,0.997175,0.804971,110.245693,632.62351
12.6,0.997175,0.804971,110.245667,632.623469
12.61,0.997175,0.804971,110.245642,632.623426
12.62,0.997175,0.804971,110.245615,632.62338
12.63,0.997175,0.804971,110.245589,632.623331
12.64,0.997175,0.804971,110.245561,632.623281
12.65,0.997175,0.804971,110.245534,632.623228
12.66,0.997175,0.804971,110.245506,632.623173
12.67,0.997175,0.804971,110.245478,632.623116
12.68,0.997175,0.804971,110.24545,632.623058
12.69,0.997175,0.804971,110.245421,632.622998
12.7,0.997175,0.80497,110.245393,632.622936
12.71,0.997175,0.80497,110.245364,632.622874
12.72,0.997175,0.80497,110.245336,632.62281
12.73,0.997175,0.80497,110.245307,632.622744
12.74,0.997175,0.80497,110.245278,632.622678
12.75,0.997175,0.80497,110.24525,632.622611
12.76,0.997175,0.80497,110.245222,632.622544
12.77,0.997175,0.80497,110.245194,632.622475
12.78,0.997175,0.80497,110.245166,632.622406
12.79,0.997175,0.804969,110.245138,632.622337
12.8,0.997175,0.804969,110.24511,632.622267
12.81,0.997175,0.804969,110.245083,632.622197
12.82,0.997175,0.804969,110.245056,632.622126
12.83,0.997175,0.804969,110.245029,632.622056
12.84,0.997175,0.804969,110.245002,632.621985
12.85,0.997175,0.804969,110.244976,632.621915
12.86,0.997175,0.804969,110.24495,632.621844
12.87,0.997175,0.804969,110.244924,632.621774
12.88,0.997175,0.804968,110.244899,632.621704
12.89,0.997176,0.804968,110.244874,632.621635
12.9,0.997176,0.804968,110.244849,632.621566
12.91,0.997176,0.804968,110.244825,632.621497
12.92,0.997176,0.804968,110.244801,632.621429
12.93,0.997176,0.804968,110.244778,632.621361
12.94,0.997176,0.804968,110.244755,632.621294
12.95,0.997176,0.804968,110.244733,632.621228
12.96,0.997176,0.804968,110.244711,632.621163
12.97,0.997176,0.804967,110.244689,632.621099
12.98,0.997176,0.804967,110.244669,632.621035
12.99,0.997176,0.804967,110.244648,632.620973
13,0.997176,0.804967,110.244629,632.620912
13.01,0.997176,0.804967,110.24461,632.620852
13.02,0.997176,0.804967,110.244592,632.620793
13.03,0.997176,0.804967,110.244574,632.620735
13.04,0.997176,0.804967,110.244557,632.620679
13.05,0.997176,0.804967,110.244541,632.620625
13.06,0.997176,0.804967,110.244526,632.620572
13.07,0.997176,0.804966,110.244512,632.62052
13.08,0.997176,0.804966,110.244498,632.62047
13.09,0.997176,0.804966,110.244486,632.620422
13.1,0.997176,0.804966,110.244475,632.620375
13.11,0.997176,0.804966,110.244464,632.620331
13.12,0.997176,0.804966,110.244455,632.620288
13.13,0.997176,0.804966,110.244447,632.620248
13.14,0.997176,0.804966,110.24444,632.62021
13.15,0.997176,0.804966,110.244435,632.620173
13.16,0.997176,0.804966,110.24443,632.620139
13.17,0.997176,0.804966,110.244428,632.620108
13.18,0.997177,0.804966,110.244426,632.620078
13.19,0.997177,0.804965,110.244426,632.620052
13.2,0.997177,0.804965,110.244428,632.620027
13.21,0.997177,0.804965,110.244431,632.620006
13.22,0.997177,0.804965,110.244435,632.619987
13.23,0.997177,0.804965,110.244442,632.61997
13.24,0.997177,0.804965,110.24445,632.619957
13.25,0.997177,0.804965,110.24446,632.619946
13.26,0.997177,0.804965,110.244471,632.619939
13.27,0.997177,0.804965,110.244485,632.619934
13.28,0.997177,0.804965,110.2445,632.619932
13.29,0.997177,0.804965,110.244518,632.619933
13.3,0.997177,0.804965,110.244537,632.619938
13.31,0.997177,0.804965,110.244558,632.619945
13.32,0.997177,0.804965,110.244581,632.619956
13.33,0.997177,0.804965,110.244606,632.619969
13.34,0.997177,0.804965,110.244633,632.619986
13.35,0.997177,0.804965,110.244663,632.620006
13.36,0.997177,0.804965,110.244694,632.62003
13.37,0.997177,0.804965,110.244727,632.620056
13.38,0.997177,0.804965,110.244762,632.620086
13.39,0.997177,0.804965,110.2448,632.620119
13.4,0.997177,0.804965,110.244839,632.620156
13.41,0.997177,0.804965,110.244881,632.620195
13.42,0.997177,0.804965,110.244924,632.620238
13.43,0.997177,0.804965,110.244969,632.620283
13.44,0.997177,0.804966,110.245016,632.620332
13.45,0.997177,0.804966,110.245065,632.620384
13.46,0.997177,0.804966,110.245116,632.620438
13.47,0.997177,0.804966,110.245169,632.620496
13.48,0.997177,0.804966,110.245223,632.620556
13.49,0.997177,0.804966,110.24528,632.620619
13.5,0.997177,0.804966,110.245337,632.620685
13.51,0.997177,0.804966,110.245397,632.620753
13.52,0.997177,0.804966,110.245457,632.620824
13.53,0.997177,0.804966,110.245519,632.620897
13.54,0.997177,0.804967,110.245583,632.620972
13.55,0.997177,0.804967,110.245647,632.62105
13.56,0.997177,0.804967,110.245713,632.621129
13.57,0.997177,0.804967,110.24578,632.62121
13.58,0.997177,0.804967,110.245848,632.621293
13.59,0.997177,0.804967,110.245916,632.621378
13.6,0.997177,0.804967,110.245985,632.621463
13.61,0.997177,0.804967,110.246055,632.62155
13.62,0.997177,0.804968,110.246126,632.621639
13.63,0.997177,0.804968,110.246197,632.621728
13.64,0.997177,0.804968,110.246268,632.621818
13.65,0.997177,0.804968,110.246339,632.621908
13.66,0.997177,0.804968,110.24641,632.621999
13.67,0.997177,0.804968,110.246482,632.62209
13.68,0.997177,0.804968,110.246553,632.622181
13.69,0.997177,0.804969,110.246624,632.622272
13.7,0.997177,0.804969,110.246694,632.622363
13.71,0.997177,0.804969,110.246764,632.622453
13.72,0.997177,0.804969,110.246834,632.622542
13.73,0.997176,0.804969,110.246902,632.622631
13.74,0.997176,0.804969,110.24697,632.622719
13.75,0.997176,0.80497,110.247037,632.622805
13.76,0.997176,0.80497,110.247102,632.62289
13.77,0.997176,0.80497,110.247167,632.622973
13.78,0.997176,0.80497,110.24723,632.623055
13.79,0.997176,0.80497,110.247292,632.623135
13.8,0.997176,0.80497,110.247353,632.623213
13.81,0.997176,0.80497,110.247411,632.623289
13.82,0.997176,0.80497,110.247469,632.623362
13.83,0.997176,0.804971,110.247524,632.623432
13.84,0.997176,0.804971,110.247578,632.623501
13.85,0.997176,0.804971,110.24763,632.623566
13.86,0.997176,0.804971,110.24768,632.623628
13.87,0.997176,0.804971,110.247728,632.623687
13.88,0.997176,0.804971,110.247774,632.623744
13.89,0.997176,0.804971,110.247818,632.623796
13.9,0.997176,0.804971,110.24786,632.623846
13.91,0.997176,0.804971,110.247899,632.623892
13.92,0.997176,0.804972,110.247937,632.623934
13.93,0.997176,0.804972,110.247972,632.623973
13.94,0.997176,0.804972,110.248005,632.624008
13.95,0.997176,0.804972,110.248036,632.62404
13.96,0.997176,0.804972,110.248064,632.624067
13.97,0.997176,0.804972,110.24809,632.624091
13.98,0.997176,0.804972,110.248114,632.624111
13.99,0.997176,0.804972,110.248136,632.624127
14,0.997176,0.804972,110.248155,632.624139
14.01,0.997176,0.804972,110.248173,632.624148
14.02,0.997176,0.804972,110.248188,632.624152
14.03,0.997176,0.804972,110.248201,632.624152
14.04,0.997176,0.804972,110.248212,632.624149
14.05,0.997176,0.804972,110.248221,632.624142
14.06,0.997176,0.804972,110.248227,632.624131
14.07,0.997176,0.804972,110.248232,632.624116
14.08,0.997176,0.804972,110.248235,632.624098
14.09,0.997176,0.804972,110.248237,632.624076
14.1,0.997176,0.804972,110.248236,632.62405
14.11,0.997176,0.804972,110.248234,632.624021
14.12,0.997176,0.804972,110.24823,632.623989
14.13,0.997176,0.804972,110.248225,632.623954
14.14,0.997176,0.804972,110.248218,632.623915
14.15,0.997176,0.804972,110.24821,632.623873
14.16,0.997176,0.804971,110.248201,632.623828
14.17,0.997176,0.804971,110.24819,632.623781
14.18,0.997176,0.804971,110.248179,632.623731
14.19,0.997176,0.804971,110.248166,632.623678
14.2,0.997176,0.804971,110.248152,632.623623
14.21,0.997176,0.804971,110.248138,632.623566
14.22,0.997176,0.804971,110.248123,632.623506
14.23,0.997176,0.804971,110.248107,632.623445
14.24,0.997176,0.804971,110.248091,632.623381
14.25,0.997176,0.804971,110.248075,632.623316
14.26,0.997176,0.80497,110.248058,632.62325
14.27,0.997176,0.80497,110.24804,632.623182
14.28,0.997176,0.80497,110.248023,632.623112
14.29,0.997176,0.80497,110.248006,632.623042
14.3,0.997176,0.80497,110.247988,632.622971
14.31,0.997176,0.80497,110.247971,632.622898
14.32,0.997176,0.80497,110.247954,632.622826
14.33,0.997176,0.80497,110.247937,632.622752
14.34,0.997176,0.80497,110.24792,632.622679
14.35,0.997177,0.804969,110.247904,632.622605
14.36,0.997177,0.804969,110.247889,632.622531
14.37,0.997177,0.804969,110.247874,632.622457
14.38,0.997177,0.804969,110.247859,632.622383
14.39,0.997177,0.804969,110.247845,632.62231
14.4,0.997177,0.804969,110.247832,632.622237
14.41,0.997177,0.804969,110.24782,632.622164
14.42,0.997177,0.804969,110.247809,632.622093
14.43,0.997177,0.804968,110.247798,632.622022
14.44,0.997177,0.804968,110.247789,632.621952
14.45,0.997177,0.804968,110.24778,632.621883
14.46,0.997177,0.804968,110.247773,632.621815
14.47,0.997177,0.804968,110.247766,632.621748
14.48,0.997177,0.804968,110.247761,632.621682
14.49,0.997177,0.804968,110.247756,632.621618
14.5,0.997177,0.804968,110.247753,632.621555
14.51,0.997177,0.804968,110.247751,632.621494
14.52,0.997177,0.804967,110.24775,632.621435
14.53,0.997177,0.804967,110.24775,632.621377
14.54,0.997177,0.804967,110.247752,632.62132
14.55,0.997177,0.804967,110.247754,632.621266
14.56,0.997177,0.804967,110.247758,632.621213
14.57,0.997177,0.804967,110.247763,632.621162
14.58,0.997177,0.804967,110.247769,632.621112
14.59,0.997177,0.804967,110.247776,632.621065
14.6,0.997177,0.804967,110.247784,632.621019
14.61,0.997177,0.804967,110.247794,632.620976
14.62,0.997177,0.804967,110.247804,632.620934
14.63,0.997178,0.804966,110.247816,632.620894
14.64,0.997178,0.804966,110.247828,632.620856
14.65,0.997178,0.804966,110.247842,632.62082
14.66,0.997178,0.804966,110.247857,632.620786
14.67,0.997178,0.804966,110.247873,632.620754
14.68,0.997178,0.804966,110.247889,632.620723
14.69,0.997178,0.804966,110.247907,632.620695
14.7,0.997178,0.804966,110.247925,632.620668
14.71,0.997178,0.804966,110.247945,632.620643
14.72,0.997178,0.804966,110.247965,632.62062
14.73,0.997178,0.804966,110.247986,632.620599
14.74,0.997178,0.804966,110.248008,632.62058
14.75,0.997178,0.804966,110.248031,632.620562
14.76,0.997178,0.804966,110.248054,632.620546
14.77,0.997178,0.804966,110.248079,632.620531
14.78,0.997178,0.804966,110.248103,632.620518
14.79,0.997178,0.804966,110.248129,632.620507
14.8,0.997178,0.804966,110.248155,632.620497
14.81,0.997178,0.804966,110.248182,632.620489
14.82,0.997178,0.804966,110.248209,632.620482
14.83,0.997178,0.804966,110.248237,632.620476
14.84,0.997178,0.804966,110.248266,632.620472
14.85,0.997178,0.804966,110.248295,632.620469
14.86,0.997178,0.804966,110.248324,632.620468
14.87,0.997178,0.804966,110.248354,632.620468
14.88,0.997178,0.804966,110.248384,632.620469
14.89,0.997178,0.804966,110.248415,632.620471
14.9,0.997178,0.804966,110.248446,632.620474
14.91,0.997178,0.804966,110.248478,632.620478
14.92,0.997178,0.804966,110.24851,632.620484
14.93,0.997178,0.804966,110.248542,632.62049
14.94,0.997178,0.804966,110.248575,632.620498
14.95,0.997178,0.804966,110.248608,632.620506
14.96,0.997178,0.804966,110.248642,632.620516
14.97,0.997178,0.804966,110.248676,632.620526
14.98,0.997178,0.804966,110.24871,632.620537
14.99,0.997178,0.804966,110.248744,632.620549
15,0.997178,0.804966,110.248779,632.620562
15.01,0.997178,0.804966,110.248814,632.620575
15.02,0.997178,0.804966,110.248849,632.62059
15.03,0.997178,0.804966,110.248885,632.620605
15.04,0.997178,0.804966,110.248921,632.62062
15.05,0.997178,0.804966,110.248957,632.620637
15.06,0.997178,0.804966,110.248994,632.620654
15.07,0.997178,0.804966,110.24903,632.620671
15.08,0.997178,0.804966,110.249067,632.62069
15.09,0.997178,0.804966,110.249105,632.620708
15.1,0.997178,0.804966,110.249142,632.620728
15.11,0.997178,0.804966,110.24918,632.620748
15.12,0.997178,0.804966,110.249218,632.620768
15.13,0.997179,0.804966,110.249256,632.620789
15.14,0.997179,0.804966,110.249295,632.62081
15.15,0.997179,0.804966,110.249333,632.620832
15.16,0.997179,0.804966,110.249372,632.620854
15.17,0.997179,0.804966,110.249411,632.620876
15.18,0.997179,0.804966,110.24945,632.620899
15.19,0.997179,0.804966,110.24949,632.620922
15.2,0.997179,0.804966,110.249529,632.620945
15.21,0.997179,0.804966,110.249569,632.620969
15.22,0.997179,0.804966,110.249609,632.620993
15.23,0.997179,0.804966,110.249649,632.621017
15.24,0.997179,0.804966,110.249689,632.621041
15.25,0.997179,0.804966,110.249729,632.621065
15.26,0.997179,0.804966,110.249769,632.621089
15.27,0.997179,0.804966,110.249809,632.621113
15.28,0.997179,0.804966,110.249849,632.621137
15.29,0.997179,0.804966,110.249888,632.621161
15.3,0.997179,0.804966,110.249928,632.621185
15.31,0.997179,0.804966,110.249968,632.621209
15.32,0.997179,0.804967,110.250008,632.621232
15.33,0.997179,0.804967,110.250047,632.621255
15.34,0.997179,0.804967,110.250086,632.621278
15.35,0.997179,0.804967,110.250125,632.621301
15.36,0.997179,0.804967,110.250164,632.621323
15.37,0.997179,0.804967,110.250202,632.621345
15.38,0.997179,0.804967,110.25024,632.621366
15.39,0.997179,0.804967,110.250278,632.621386
15.4,0.997179,0.804967,110.250315,632.621406
15.41,0.997179,0.804967,110.250352,632.621425
15.42,0.997179,0.804967,110.250388,632.621443
15.43,0.997179,0.804967,110.250424,632.62146
15.44,0.997179,0.804967,110.250459,632.621477
15.45,0.997179,0.804967,110.250493,632.621492
15.46,0.997179,0.804967,110.250527,632.621507
15.47,0.997179,0.804967,110.25056,632.62152
15.48,0.997179,0.804967,110.250592,632.621533
15.49,0.997179,0.804967,110.250624,632.621544
15.5,0.997179,0.804967,110.250654,632.621553
15.51,0.997179,0.804967,110.250684,632.621562
15.52,0.997179,0.804967,110.250713,632.621569
15.53,0.997178,0.804967,110.250741,632.621575
15.54,0.997178,0.804967,110.250768,632.621579
15.55,0.997178,0.804967,110.250794,632.621581
15.56,0.997178,0.804967,110.250819,632.621582
15.57,0.997178,0.804967,110.250843,632.621582
15.58,0.997179,0.804967,110.250866,632.621579
15.59,0.997179,0.804967,110.250887,632.621575
15.6,0.997179,0.804967,110.250908,632.62157
15.61,0.997179,0.804967,110.250927,632.621562
15.62,0.997179,0.804967,110.250946,632.621553
15.63,0.997179,0.804967,110.250963,632.621541
15.64,0.997179,0.804967,110.250979,632.621528
15.65,0.997179,0.804967,110.250993,632.621513
15.66,0.997179,0.804967,110.251007,632.621496
15.67,0.997179,0.804967,110.251019,632.621477
15.68,0.997179,0.804967,110.25103,632.621456
15.69,0.997179,0.804967,110.25104,632.621433
15.7,0.997179,0.804967,110.251049,632.621408
15.71,0.997179,0.804967,110.251056,632.621382
15.72,0.997179,0.804967,110.251063,632.621353
15.73,0.997179,0.804967,110.251068,632.621322
15.74,0.997179,0.804967,110.251072,632.62129
15.75,0.997179,0.804967,110.251075,632.621255
15.76,0.997179,0.804967,110.251077,632.621219
15.77,0.997179,0.804967,110.251077,632.62118
15.78,0.997179,0.804967,110.251077,632.62114
15.79,0.997179,0.804966,110.251076,632.621098
15.8,0.997179,0.804966,110.251073,632.621055
15.81,0.997179,0.804966,110.25107,632.621009
15.82,0.997179,0.804966,110.251066,632.620963
15.83,0.997179,0.804966,110.251061,632.620914
15.84,0.997179,0.804966,110.251055,632.620864
15.85,0.997179,0.804966,110.251049,632.620812
15.86,0.997179,0.804966,110.251041,632.62076
15.87,0.997179,0.804966,110.251033,632.620705
15.88,0.997179,0.804966,110.251025,632.62065
15.89,0.997179,0.804966,110.251015,632.620593
15.9,0.997179,0.804966,110.251006,632.620535
15.91,0.997179,0.804965,110.250995,632.620477
15.92,0.997179,0.804965,110.250985,632.620417
15.93,0.997179,0.804965,110.250974,632.620356
15.94,0.997179,0.804965,110.250962,632.620295
15.95,0.997179,0.804965,110.250951,632.620233
15.96,0.997179,0.804965,110.250939,632.620171
15.97,0.997179,0.804965,110.250927,632.620108
15.98,0.997179,0.804965,110.250916,632.620044
15.99,0.997179,0.804965,110.250904,632.61998
16,0.997179,0.804965,110.250892,632.619917
16.01,0.997179,0.804964,110.25088,632.619853
16.02,0.997179,0.804964,110.250869,632.619789
16.03,0.997179,0.804964,110.250857,632.619725
16.04,0.997179,0.804964,110.250846,632.619661
16.05,0.997179,0.804964,110.250836,632.619597
16.06,0.997179,0.804964,110.250825,632.619534
16.07,0.99718,0.804964,110.250815,632.619472
16.08,0.99718,0.804964,110.250806,632.61941
16.09,0.99718,0.804964,110.250797,632.619348
16.1,0.99718,0.804963,110.250789,632.619288
16.11,0.99718,0.804963,110.250781,632.619228
16.12,0.99718,0.804963,110.250774,632.619169
16.13,0.99718,0.804963,110.250767,632.619111
16.14,0.99718,0.804963,110.250762,632.619054
16.15,0.99718,0.804963,110.250757,632.618998
16.16,0.99718,0.804963,110.250752,632.618943
16.17,0.99718,0.804963,110.250749,632.61889
16.18,0.99718,0.804963,110.250747,632.618838
16.19,0.99718,0.804963,110.250745,632.618787
16.2,0.99718,0.804962,110.250744,632.618737
16.21,0.99718,0.804962,110.250744,632.618689
16.22,0.99718,0.804962,110.250745,632.618643
16.23,0.99718,0.804962,110.250747,632.618598
16.24,0.99718,0.804962,110.25075,632.618555
16.25,0.99718,0.804962,110.250753,632.618513
16.26,0.99718,0.804962,110.250758,632.618473
16.27,0.99718,0.804962,110.250763,632.618434
16.28,0.99718,0.804962,110.25077,632.618398
16.29,0.99718,0.804962,110.250777,632.618363
16.3,0.99718,0.804962,110.250785,632.618329
16.31,0.99718,0.804962,110.250794,632.618297
16.32,0.99718,0.804962,110.250804,632.618267
16.33,0.99718,0.804962,110.250815,632.618239
16.34,0.99718,0.804962,110.250827,632.618212
16.35,0.99718,0.804962,110.250839,632.618187
16.36,0.99718,0.804961,110.250852,632.618164
16.37,0.99718,0.804961,110.250866,632.618142
16.38,0.99718,0.804961,110.250881,632.618122
16.39,0.99718,0.804961,110.250896,632.618103
16.4,0.99718,0.804961,110.250913,632.618086
16.41,0.99718,0.804961,110.250929,632.618071
16.42,0.99718,0.804961,110.250947,632.618057
16.43,0.99718,0.804961,110.250964,632.618044
16.44,0.99718,0.804961,110.250983,632.618032
16.45,0.99718,0.804961,110.251002,632.618022
16.46,0.99718,0.804961,110.251021,632.618014
16.47,0.99718,0.804961,110.251041,632.618006
16.48,0.99718,0.804961,110.251061,632.618
16.49,0.99718,0.804961,110.251082,632.617994
16.5,0.99718,0.804961,110.251102,632.61799
16.51,0.997181,0.804961,110.251124,632.617987
16.52,0.997181,0.804961,110.251145,632.617984
16.53,0.997181,0.804961,110.251166,632.617983
16.54,0.997181,0.804961,110.251188,632.617982
16.55,0.997181,0.804961,110.25121,632.617982
16.56,0.997181,0.804961,110.251231,632.617983
16.57,0.997181,0.804961,110.251253,632.617984
16.58,0.997181,0.804961,110.251275,632.617986
16.59,0.997181,0.804961,110.251297,632.617988
16.6,0.997181,0.804961,110.251319,632.617991
16.61,0.997181,0.804961,110.25134,632.617994
16.62,0.997181,0.804961,110.251362,632.617997
16.63,0.997181,0.804961,110.251383,632.618
16.64,0.997181,0.804961,110.251404,632.618004
16.65,0.997181,0.804961,110.251425,632.618008
16.66,0.997181,0.804961,110.251446,632.618012
16.67,0.997181,0.804961,110.251466,632.618015
16.68,0.997181,0.804961,110.251486,632.618019
16.69,0.997181,0.804961,110.251506,632.618023
16.7,0.997181,0.804961,110.251525,632.618026
16.71,0.997181,0.804961,110.251544,632.61803
16.72,0.997181,0.804961,110.251563,632.618033
16.73,0.997181,0.804961,110.251581,632.618035
16.74,0.997181,0.804961,110.251599,632.618038
16.75,0.997181,0.804961,110.251616,632.61804
16.76,0.997181,0.804961,110.251633,632.618041
16.77,0.997181,0.804961,110.251649,632.618042
16.78,0.997181,0.804961,110.251665,632.618043
16.79,0.997181,0.804961,110.251681,632.618043
16.8,0.997181,0.804961,110.251696,632.618042
16.81,0.997181,0.804961,110.25171,632.618041
16.82,0.997181,0.804961,110.251724,632.61804
16.83,0.997181,0.804961,110.251738,632.618037
16.84,0.997181,0.804961,110.251751,632.618034
16.85,0.997181,0.804961,110.251763,632.618031
16.86,0.997181,0.804961,110.251775,632.618026
16.87,0.997181,0.804961,110.251787,632.618021
16.88,0.997181,0.804961,110.251798,632.618016
16.89,0.997181,0.804961,110.251808,632.618009
16.9,0.997181,0.804961,110.251818,632.618002
16.91,0.997181,0.804961,110.251828,632.617994
16.92,0.997181,0.804961,110.251837,632.617986
16.93,0.997181,0.804961,110.251846,632.617976
16.94,0.997181,0.804961,110.251854,632.617966
16.95,0.997181,0.804961,110.251861,632.617955
16.96,0.997181,0.804961,110.251869,632.617944
16.97,0.997181,0.804961,110.251875,632.617931
16.98,0.997181,0.804961,110.251882,632.617918
16.99,0.997181,0.804961,110.251887,632.617905
17,0.997181,0.804961,110.251893,632.61789
17.01,0.997181,0.804961,110.251898,632.617875
17.02,0.997181,0.804961,110.251902,632.617859
17.03,0.997181,0.804961,110.251906,632.617842
17.04,0.997181,0.804961,110.25191,632.617825
17.05,0.997181,0.804961,110.251913,632.617807
17.06,0.997181,0.804961,110.251916,632.617788
17.07,0.997181,0.804961,110.251919,632.617768
17.08,0.997181,0.804961,110.251921,632.617748
17.09,0.997181,0.804961,110.251922,632.617728
17.1,0.997181,0.804961,110.251924,632.617706
17.11,0.997181,0.804961,110.251925,632.617684
17.12,0.997181,0.804961,110.251925,632.617661
17.13,0.997181,0.804961,110.251925,632.617638
17.14,0.997181,0.804961,110.251925,632.617614
17.15,0.997181,0.804961,110.251924,632.617589
17.16,0.997181,0.804961,110.251923,632.617564
17.17,0.997181,0.804961,110.251922,632.617538
17.18,0.997181,0.804961,110.25192,632.617511
17.19,0.997181,0.804961,110.251918,632.617484
17.2,0.997181,0.804961,110.251915,632.617456
17.21,0.997181,0.804961,110.251912,632.617428
17.22,0.997181,0.80496,110.251909,632.617399
17.23,0.997181,0.80496,110.251905,632.617369
17.24,0.997181,0.80496,110.251901,632.617339
17.25,0.997181,0.80496,110.251896,632.617308
17.26,0.997181,0.80496,110.251891,632.617277
17.27,0.997181,0.80496,110.251886,632.617245
17.28,0.997181,0.80496,110.25188,632.617212
17.29,0.997181,0.80496,110.251874,632.617179
17.3,0.997181,0.80496,110.251867,632.617145
17.31,0.997181,0.80496,110.25186,632.617111
17.32,0.997181,0.80496,110.251852,632.617076
17.33,0.997181,0.80496,110.251845,632.61704
17.34,0.997181,0.80496,110.251836,632.617004
17.35,0.997181,0.80496,110.251827,632.616968
17.36,0.997181,0.80496,110.251818,632.61693
17.37,0.997181,0.80496,110.251809,632.616893
17.38,0.997181,0.80496,110.251799,632.616854
17.39,0.997181,0.80496,110.251788,632.616815
17.4,0.997181,0.80496,110.251777,632.616776
17.41,0.997181,0.80496,110.251766,632.616736
17.42,0.997181,0.804959,110.251754,632.616695
17.43,0.997181,0.804959,110.251742,632.616654
17.44,0.997181,0.804959,110.25173,632.616613
17.45,0.997181,0.804959,110.251717,632.61657
17.46,0.997181,0.804959,110.251703,632.616528
17.47,0.997181,0.804959,110.251689,632.616485
17.48,0.997181,0.804959,110.251675,632.616441
17.49,0.997181,0.804959,110.251661,632.616397
17.5,0.997181,0.804959,110.251646,632.616352
17.51,0.997181,0.804959,110.251631,632.616307
17.52,0.997181,0.804959,110.251615,632.616262
17.53,0.997181,0.804959,110.251599,632.616216
17.54,0.997181,0.804959,110.251583,632.616169
17.55,0.997181,0.804959,110.251567,632.616123
17.56,0.997181,0.804959,110.25155,632.616076
17.57,0.997181,0.804958,110.251533,632.616028
17.58,0.997181,0.804958,110.251516,632.615981
17.59,0.997181,0.804958,110.251498,632.615933
17.6,0.997181,0.804958,110.25148,632.615885
17.61,0.997181,0.804958,110.251462,632.615836
17.62,0.997181,0.804958,110.251444,632.615788
17.63,0.997181,0.804958,110.251426,632.615739
17.64,0.997181,0.804958,110.251408,632.61569
17.65,0.997181,0.804958,110.251389,632.615641
17.66,0.997181,0.804958,110.251371,632.615592
17.67,0.997181,0.804958,110.251352,632.615543
17.68,0.997181,0.804958,110.251334,632.615494
17.69,0.997181,0.804958,110.251315,632.615445
17.7,0.997181,0.804957,110.251296,632.615396
17.71,0.997181,0.804957,110.251278,632.615347
17.72,0.997181,0.804957,110.251259,632.615299
17.73,0.997181,0.804957,110.251241,632.61525
17.74,0.997181,0.804957,110.251223,632.615202
17.75,0.997181,0.804957,110.251204,632.615154
17.76,0.997181,0.804957,110.251186,632.615106
17.77,0.997181,0.804957,110.251169,632.615059
17.78,0.997181,0.804957,110.251151,632.615012
17.79,0.997181,0.804957,110.251134,632.614966
17.8,0.997181,0.804957,110.251117,632.61492
17.81,0.997181,0.804957,110.2511,632.614874
17.82,0.997181,0.804957,110.251083,632.614829
17.83,0.997181,0.804957,110.251067,632.614785
17.84,0.997181,0.804956,110.251051,632.614741
17.85,0.997181,0.804956,110.251036,632.614698
17.86,0.997181,0.804956,110.251021,632.614655
17.87,0.997181,0.804956,110.251006,632.614613
17.88,0.997181,0.804956,110.250992,632.614572
17.89,0.997181,0.804956,110.250978,632.614532
17.9,0.997181,0.804956,110.250964,632.614492
17.91,0.997181,0.804956,110.250951,632.614454
17.92,0.997181,0.804956,110.250938,632.614416
17.93,0.997181,0.804956,110.250926,632.614379
17.94,0.997181,0.804956,110.250915,632.614343
17.95,0.997181,0.804956,110.250903,632.614307
17.96,0.997181,0.804956,110.250893,632.614273
17.97,0.997181,0.804956,110.250882,632.614239
17.98,0.997181,0.804956,110.250872,632.614207
17.99,0.997182,0.804956,110.250863,632.614175
18,0.997182,0.804956,110.250854,632.614144
18.01,0.997182,0.804956,110.250846,632.614115
18.02,0.997182,0.804955,110.250838,632.614086
18.03,0.997182,0.804955,110.25083,632.614058
18.04,0.997182,0.804955,110.250823,632.614031
18.05,0.997182,0.804955,110.250816,632.614005
18.06,0.997182,0.804955,110.25081,632.61398
18.07,0.997182,0.804955,110.250804,632.613956
18.08,0.997182,0.804955,110.250799,632.613932
18.09,0.997182,0.804955,110.250793,632.61391
18.1,0.997182,0.804955,110.250789,632.613888
18.11,0.997182,0.804955,110.250784,632.613868
18.12,0.997182,0.804955,110.25078,632.613848
18.13,0.997182,0.804955,110.250776,632.613829
18.14,0.997182,0.804955,110.250773,632.61381
18.15,0.997182,0.804955,110.25077,632.613793
18.16,0.997182,0.804955,110.250766,632.613776
18.17,0.997182,0.804955,110.250764,632.613759
18.18,0.997182,0.804955,110.250761,632.613744
18.19,0.997182,0.804955,110.250758,632.613729
18.2,0.997182,0.804955,110.250756,632.613714
18.21,0.997182,0.804955,110.250754,632.6137
18.22,0.997182,0.804955,110.250752,632.613687
18.23,0.997182,0.804955,110.250749,632.613673
18.24,0.997182,0.804955,110.250747,632.613661
18.25,0.997182,0.804955,110.250745,632.613648
18.26,0.997182,0.804955,110.250743,632.613636
18.27,0.997182,0.804955,110.250741,632.613625
18.28,0.997182,0.804955,110.250738,632.613613
18.29,0.997181,0.804955,110.250736,632.613602
18.3,0.997181,0.804955,110.250733,632.61359
18.31,0.997181,0.804955,110.25073,632.613579
18.32,0.997181,0.804955,110.250727,632.613568
18.33,0.997181,0.804955,110.250724,632.613557
18.34,0.997181,0.804955,110.250721,632.613546
18.35,0.997181,0.804955,110.250717,632.613534
18.36,0.997181,0.804955,110.250713,632.613523
18.37,0.997181,0.804955,110.250709,632.613511
18.38,0.997181,0.804955,110.250704,632.613499
18.39,0.997181,0.804955,110.250699,632.613487
18.4,0.997181,0.804955,110.250694,632.613475
18.41,0.997181,0.804955,110.250688,632.613462
18.42,0.997181,0.804955,110.250682,632.613449
18.43,0.997181,0.804955,110.250675,632.613435
18.44,0.997181,0.804955,110.250668,632.613421
18.45,0.997181,0.804955,110.250661,632.613406
18.46,0.997181,0.804955,110.250653,632.613391
18.47,0.997181,0.804955,110.250644,632.613375
18.48,0.997181,0.804955,110.250635,632.613359
18.49,0.997181,0.804955,110.250626,632.613342
18.5,0.997181,0.804955,110.250616,632.613324
18.51,0.997181,0.804955,110.250605,632.613306
18.52,0.997181,0.804955,110.250595,632.613287
18.53,0.997181,0.804955,110.250583,632.613267
18.54,0.997181,0.804955,110.250571,632.613247
18.55,0.997181,0.804955,110.250559,632.613226
18.56,0.997181,0.804954,110.250546,632.613204
18.57,0.997181,0.804954,110.250532,632.613181
18.58,0.997181,0.804954,110.250518,632.613158
18.59,0.997181,0.804954,110.250503,632.613134
18.6,0.997181,0.804954,110.250488,632.613109
18.61,0.997181,0.804954,110.250473,632.613083
18.62,0.997181,0.804954,110.250457,632.613056
18.63,0.997181,0.804954,110.25044,632.613029
18.64,0.997181,0.804954,110.250423,632.613001
18.65,0.997181,0.804954,110.250405,632.612972
18.66,0.997181,0.804954,110.250387,632.612942
18.67,0.997181,0.804954,110.250369,632.612911
18.68,0.997181,0.804954,110.25035,632.61288
18.69,0.997181,0.804954,110.250331,632.612848
18.7,0.997181,0.804954,110.250311,632.612815
18.71,0.997181,0.804954,110.250291,632.612782
18.72,0.997181,0.804954,110.250271,632.612748
18.73,0.997181,0.804954,110.25025,632.612713
18.74,0.997181,0.804954,110.250229,632.612678
18.75,0.997181,0.804954,110.250207,632.612641
18.76,0.997181,0.804954,110.250185,632.612605
18.77,0.997181,0.804954,110.250163,632.612567
18.78,0.997181,0.804954,110.25014,632.612529
18.79,0.997181,0.804954,110.250118,632.612491
18.8,0.997181,0.804954,110.250095,632.612452
18.81,0.997181,0.804953,110.250071,632.612412
18.82,0.997181,0.804953,110.250048,632.612372
18.83,0.997181,0.804953,110.250024,632.612332
18.84,0.997181,0.804953,110.25,632.612291
18.85,0.997181,0.804953,110.249976,632.612249
18.86,0.997181,0.804953,110.249952,632.612208
18.87,0.997181,0.804953,110.249927,632.612165
18.88,0.997181,0.804953,110.249903,632.612123
18.89,0.997181,0.804953,110.249878,632.61208
18.9,0.997181,0.804953,110.249853,632.612037
18.91,0.997181,0.804953,110.249828,632.611994
18.92,0.997181,0.804953,110.249803,632.61195
18.93,0.997181,0.804953,110.249778,632.611907
18.94,0.997181,0.804953,110.249752,632.611863
18.95,0.997181,0.804953,110.249727,632.611819
18.96,0.997181,0.804953,110.249702,632.611774
18.97,0.997181,0.804953,110.249676,632.61173
18.98,0.997181,0.804952,110.249651,632.611685
18.99,0.997181,0.804952,110.249625,632.611641
19,0.997181,0.804952,110.2496,632.611596
19.01,0.997181,0.804952,110.249574,632.611552
19.02,0.997181,0.804952,110.249548,632.611507
19.03,0.997181,0.804952,110.249523,632.611462
19.04,0.997181,0.804952,110.249497,632.611417
19.05,0.997181,0.804952,110.249472,632.611373
19.06,0.997181,0.804952,110.249446,632.611328
19.07,0.997181,0.804952,110.24942,632.611283
19.08,0.997181,0.804952,110.249395,632.611239
19.09,0.997181,0.804952,110.249369,632.611194
19.1,0.997181,0.804952,110.249344,632.61115
19.11,0.997181,0.804952,110.249318,632.611106
19.12,0.997181,0.804952,110.249293,632.611062
19.13,0.997181,0.804952,110.249267,632.611018
19.14,0.997181,0.804951,110.249242,632.610974
19.15,0.997181,0.804951,110.249216,632.61093
19.16,0.997181,0.804951,110.249191,632.610886
19.17,0.997181,0.804951,110.249165,632.610843
19.18,0.997181,0.804951,110.24914,632.610799
19.19,0.997181,0.804951,110.249115,632.610756
19.2,0.997181,0.804951,110.249089,632.610713
19.21,0.997181,0.804951,110.249064,632.61067
19.22,0.997181,0.804951,110.249039,632.610627
19.23,0.997181,0.804951,110.249014,632.610585
19.24,0.997181,0.804951,110.248989,632.610542
19.25,0.997181,0.804951,110.248963,632.6105
19.26,0.997181,0.804951,110.248938,632.610458
19.27,0.997181,0.804951,110.248913,632.610416
19.28,0.997181,0.804951,110.248888,632.610375
19.29,0.997181,0.804951,110.248863,632.610333
19.3,0.997181,0.804951,110.248838,632.610292
19.31,0.997181,0.80495,110.248813,632.610251
19.32,0.997181,0.80495,110.248788,632.61021
19.33,0.997181,0.80495,110.248763,632.610169
19.34,0.997181,0.80495,110.248738,632.610129
19.35,0.997181,0.80495,110.248714,632.610088
19.36,0.997181,0.80495,110.248689,632.610048
19.37,0.997181,0.80495,110.248664,632.610008
19.38,0.997181,0.80495,110.24864,632.609968
19.39,0.997181,0.80495,110.248615,632.609929
19.4,0.997181,0.80495,110.24859,632.60989
19.41,0.997181,0.80495,110.248566,632.60985
19.42,0.997181,0.80495,110.248542,632.609812
19.43,0.997181,0.80495,110.248517,632.609773
19.44,0.997181,0.80495,110.248493,632.609734
19.45,0.997181,0.80495,110.248469,632.609696
19.46,0.997181,0.80495,110.248445,632.609658
19.47,0.997181,0.80495,110.248421,632.60962
19.48,0.997181,0.80495,110.248397,632.609583
19.49,0.997181,0.804949,110.248373,632.609545
19.5,0.997181,0.804949,110.248349,632.609508
19.51,0.997181,0.804949,110.248326,632.609472
19.52,0.997181,0.804949,110.248302,632.609435
19.53,0.997181,0.804949,110.248279,632.609399
19.54,0.997181,0.804949,110.248256,632.609363
19.55,0.997181,0.804949,110.248233,632.609327
19.56,0.997181,0.804949,110.24821,632.609291
19.57,0.997181,0.804949,110.248187,632.609256
19.58,0.997181,0.804949,110.248164,632.609221
19.59,0.997181,0.804949,110.248142,632.609186
19.6,0.997181,0.804949,110.248119,632.609152
19.61,0.997181,0.804949,110.248097,632.609118
19.62,0.997181,0.804949,110.248075,632.609084
19.63,0.997181,0.804949,110.248053,632.609051
19.64,0.997181,0.804949,110.248032,632.609017
19.65,0.997181,0.804949,110.24801,632.608985
19.66,0.997181,0.804949,110.247989,632.608952
19.67,0.997181,0.804949,110.247967,632.60892
19.68,0.997181,0.804949,110.247946,632.608888
19.69,0.997181,0.804949,110.247925,632.608856
19.7,0.997181,0.804948,110.247905,632.608825
19.71,0.997181,0.804948,110.247884,632.608794
19.72,0.997181,0.804948,110.247864,632.608763
19.73,0.997181,0.804948,110.247844,632.608732
19.74,0.997181,0.804948,110.247824,632.608702
19.75,0.997181,0.804948,110.247804,632.608672
19.76,0.997181,0.804948,110.247784,632.608643
19.77,0.997181,0.804948,110.247764,632.608614
19.78,0.997181,0.804948,110.247745,632.608585
19.79,0.997181,0.804948,110.247726,632.608556
19.8,0.997181,0.804948,110.247707,632.608528
19.81,0.997181,0.804948,110.247688,632.608499
19.82,0.997181,0.804948,110.247669,632.608472
19.83,0.997181,0.804948,110.24765,632.608444
19.84,0.997181,0.804948,110.247631,632.608417
19.85,0.997181,0.804948,110.247613,632.608389
19.86,0.997181,0.804948,110.247594,632.608362
19.87,0.997181,0.804948,110.247576,632.608336
19.88,0.997181,0.804948,110.247558,632.608309
19.89,0.997181,0.804948,110.247539,632.608283
19.9,0.997181,0.804948,110.247521,632.608257
19.91,0.997181,0.804948,110.247503,632.608231
19.92,0.997181,0.804948,110.247485,632.608205
19.93,0.997181,0.804948,110.247467,632.608179
19.94,0.997181,0.804948,110.247449,632.608153
19.95,0.997181,0.804948,110.247431,632.608127
19.96,0.997181,0.804948,110.247413,632.608102
19.97,0.997181,0.804948,110.247394,632.608076
19.98,0.997181,0.804948,110.247376,632.608051
19.99,0.997181,0.804947,110.247358,632.608025
20,0.997181,0.804947,110.24734,632.608
20.01,0.997181,0.804947,110.247321,632.607974
20.02,0.997181,0.804947,110.247303,632.607948
20.03,0.997181,0.804947,110.247284,632.607923
20.04,0.997181,0.804947,110.247265,632.607897
20.05,0.997181,0.804947,110.247246,632.607871
20.06,0.997181,0.804947,110.247227,632.607845
20.07,0.997181,0.804947,110.247208,632.607819
20.08,0.997181,0.804947,110.247189,632.607792
20.09,0.997181,0.804947,110.247169,632.607765
20.1,0.997181,0.804947,110.247149,632.607739
20.11,0.997181,0.804947,110.247129,632.607711
20.12,0.997181,0.804947,110.247109,632.607684
20.13,0.997181,0.804947,110.247089,632.607656
20.14,0.997181,0.804947,110.247068,632.607628
20.15,0.997181,0.804947,110.247047,632.6076
20.16,0.997181,0.804947,110.247026,632.607571
20.17,0.997181,0.804947,110.247005,632.607543
20.18,0.997181,0.804947,110.246983,632.607513
20.19,0.997181,0.804947,110.246961,632.607483
20.2,0.997181,0.804947,110.246939,632.607453
20.21,0.997181,0.804947,110.246917,632.607423
20.22,0.997181,0.804947,110.246894,632.607392
20.23,0.997181,0.804947,110.246871,632.60736
20.24,0.997181,0.804947,110.246848,632.607329
20.25,0.997181,0.804947,110.246824,632.607296
20.26,0.997181,0.804947,110.2468,632.607264
20.27,0.997181,0.804947,110.246776,632.60723
20.28,0.997181,0.804946,110.246751,632.607197
20.29,0.997181,0.804946,110.246727,632.607163
20.3,0.997181,0.804946,110.246702,632.607128
20.31,0.997181,0.804946,110.246676,632.607093
20.32,0.997181,0.804946,110.246651,632.607057
20.33,0.997181,0.804946,110.246625,632.607021
20.34,0.997181,0.804946,110.246599,632.606985
20.35,0.997181,0.804946,110.246572,632.606948
20.36,0.997181,0.804946,110.246545,632.60691
20.37,0.997181,0.804946,110.246519,632.606872
20.38,0.997181,0.804946,110.246491,632.606834
20.39,0.997181,0.804946,110.246464,632.606795
20.4,0.997181,0.804946,110.246436,632.606755
20.41,0.997181,0.804946,110.246408,632.606715
20.42,0.997181,0.804946,110.24638,632.606675
20.43,0.997181,0.804946,110.246352,632.606635
20.44,0.997181,0.804946,110.246324,632.606594
20.45,0.997181,0.804946,110.246295,632.606552
20.46,0.997181,0.804946,110.246266,632.60651
20.47,0.997181,0.804946,110.246237,632.606468
20.48,0.997181,0.804945,110.246208,632.606425
20.49,0.997181,0.804945,110.246179,632.606383
20.5,0.997181,0.804945,110.246149,632.606339
20.51,0.997181,0.804945,110.24612,632.606296
20.52,0.997181,0.804945,110.24609,632.606252
20.53,0.997181,0.804945,110.246061,632.606208
20.54,0.997181,0.804945,110.246031,632.606164
20.55,0.997181,0.804945,110.246001,632.606119
20.56,0.997181,0.804945,110.245971,632.606075
20.57,0.997181,0.804945,110.245942,632.60603
20.58,0.997181,0.804945,110.245912,632.605985
20.59,0.997181,0.804945,110.245882,632.605939
20.6,0.997181,0.804945,110.245852,632.605894
20.61,0.997181,0.804945,110.245822,632.605849
20.62,0.997181,0.804945,110.245792,632.605803
20.63,0.997181,0.804945,110.245763,632.605758
20.64,0.997181,0.804944,110.245733,632.605712
20.65,0.997181,0.804944,110.245703,632.605666
20.66,0.997181,0.804944,110.245674,632.605621
20.67,0.997181,0.804944,110.245644,632.605575
20.68,0.997181,0.804944,110.245615,632.60553
20.69,0.997181,0.804944,110.245586,632.605484
20.7,0.997181,0.804944,110.245556,632.605439
20.71,0.997181,0.804944,110.245527,632.605393
20.72,0.997181,0.804944,110.245498,632.605348
20.73,0.997181,0.804944,110.245469,632.605303
20.74,0.997181,0.804944,110.245441,632.605258
20.75,0.997181,0.804944,110.245412,632.605213
20.76,0.997181,0.804944,110.245384,632.605168
20.77,0.997181,0.804944,110.245356,632.605124
20.78,0.997181,0.804944,110.245328,632.60508
20.79,0.997181,0.804944,110.2453,632.605036
20.8,0.997181,0.804943,110.245272,632.604992
20.81,0.997181,0.804943,110.245244,632.604948
20.82,0.997181,0.804943,110.245217,632.604905
20.83,0.997181,0.804943,110.24519,632.604862
20.84,0.997181,0.804943,110.245163,632.604819
20.85,0.997181,0.804943,110.245136,632.604776
20.86,0.997181,0.804943,110.245109,632.604734
20.87,0.997181,0.804943,110.245082,632.604692
20.88,0.997181,0.804943,110.245056,632.60465
20.89,0.997181,0.804943,110.24503,632.604609
20.9,0.997181,0.804943,110.245004,632.604567
20.91,0.997181,0.804943,110.244978,632.604526
20.92,0.997181,0.804943,110.244952,632.604486
20.93,0.997181,0.804943,110.244927,632.604445
20.94,0.997181,0.804943,110.244901,632.604405
20.95,0.997181,0.804943,110.244876,632.604366
20.96,0.997181,0.804943,110.244851,632.604326
20.97,0.997181,0.804942,110.244826,632.604287
20.98,0.997181,0.804942,110.244801,632.604248
20.99,0.997181,0.804942,110.244777,632.604209
21,0.997181,0.804942,110.244752,632.604171
21.01,0.997181,0.804942,110.244728,632.604133
21.02,0.997181,0.804942,110.244704,632.604095
21.03,0.997181,0.804942,110.244679,632.604058
21.04,0.997181,0.804942,110.244655,632.60402
21.05,0.997181,0.804942,110.244632,632.603983
21.06,0.997181,0.804942,110.244608,632.603947
21.07,0.997181,0.804942,110.244584,632.60391
21.08,0.997181,0.804942,110.244561,632.603874
21.09,0.997181,0.804942,110.244537,632.603837
21.1,0.997181,0.804942,110.244514,632.603802
21.11,0.997181,0.804942,110.244491,632.603766
21.12,0.997181,0.804942,110.244467,632.60373
21.13,0.997181,0.804942,110.244444,632.603695
21.14,0.997181,0.804942,110.244421,632.60366
21.15,0.997181,0.804942,110.244398,632.603625
21.16,0.997181,0.804942,110.244376,632.60359
21.17,0.997181,0.804941,110.244353,632.603555
21.18,0.997181,0.804941,110.24433,632.603521
21.19,0.997181,0.804941,110.244307,632.603487
21.2,0.997181,0.804941,110.244285,632.603452
21.21,0.997181,0.804941,110.244262,632.603418
21.22,0.997181,0.804941,110.24424,632.603384
21.23,0.997181,0.804941,110.244217,632.60335
21.24,0.997181,0.804941,110.244195,632.603316
21.25,0.997181,0.804941,110.244172,632.603283
21.26,0.997181,0.804941,110.24415,632.603249
21.27,0.997181,0.804941,110.244128,632.603216
21.28,0.997181,0.804941,110.244105,632.603182
21.29,0.997181,0.804941,110.244083,632.603149
21.3,0.997181,0.804941,110.244061,632.603115
21.31,0.997181,0.804941,110.244039,632.603082
21.32,0.997181,0.804941,110.244016,632.603049
21.33,0.997181,0.804941,110.243994,632.603015
21.34,0.997181,0.804941,110.243972,632.602982
21.35,0.997181,0.804941,110.24395,632.602949
21.36,0.997181,0.804941,110.243928,632.602916
21.37,0.997181,0.804941,110.243906,632.602883
21.38,0.997181,0.804941,110.243884,632.60285
21.39,0.997181,0.80494,110.243862,632.602817
21.4,0.997181,0.80494,110.24384,632.602784
21.41,0.997181,0.80494,110.243818,632.602751
21.42,0.997181,0.80494,110.243796,632.602717
21.43,0.997181,0.80494,110.243774,632.602684
21.44,0.997181,0.80494,110.243753,632.602651
21.45,0.997181,0.80494,110.243731,632.602618
21.46,0.997181,0.80494,110.243709,632.602585
21.47,0.997181,0.80494,110.243687,632.602552
21.48,0.997181,0.80494,110.243665,632.602519
21.49,0.997181,0.80494,110.243644,632.602486
21.5,0.997181,0.80494,110.243622,632.602452
21.51,0.997181,0.80494,110.2436,632.602419
21.52,0.997181,0.80494,110.243578,632.602386
21.53,0.997181,0.80494,110.243557,632.602353
21.54,0.997181,0.80494,110.243535,632.602319
21.55,0.997181,0.80494,110.243513,632.602286
21.56,0.997181,0.80494,110.243492,632.602253
21.57,0.997181,0.80494,110.24347,632.602219
21.58,0.997181,0.80494,110.243448,632.602186
21.59,0.997181,0.80494,110.243427,632.602152
21.6,0.997181,0.80494,110.243405,632.602119
21.61,0.997181,0.804939,110.243383,632.602085
21.62,0.997181,0.804939,110.243362,632.602051
21.63,0.997181,0.804939,110.24334,632.602018
21.64,0.997181,0.804939,110.243319,632.601984
21.65,0.997181,0.804939,110.243297,632.60195
21.66,0.997181,0.804939,110.243275,632.601916
21.67,0.997181,0.804939,110.243254,632.601882
21.68,0.997181,0.804939,110.243232,632.601848
21.69,0.997181,0.804939,110.24321,632.601814
21.7,0.997181,0.804939,110.243189,632.601779
21.71,0.997181,0.804939,110.243167,632.601745
21.72,0.997181,0.804939,110.243145,632.601711
21.73,0.997181,0.804939,110.243123,632.601676
21.74,0.997181,0.804939,110.243101,632.601641
21.75,0.997181,0.804939,110.243079,632.601607
21.76,0.997181,0.804939,110.243057,632.601572
21.77,0.997181,0.804939,110.243036,632.601537
21.78,0.997181,0.804939,110.243013,632.601502
21.79,0.997181,0.804939,110.242991,632.601466
21.8,0.997181,0.804939,110.242969,632.601431
21.81,0.997181,0.804939,110.242947,632.601395
21.82,0.997181,0.804939,110.242925,632.60136
21.83,0.997181,0.804938,110.242902,632.601324
21.84,0.997181,0.804938,110.24288,632.601288
21.85,0.997181,0.804938,110.242857,632.601252
21.86,0.997181,0.804938,110.242835,632.601215
21.87,0.997181,0.804938,110.242812,632.601179
21.88,0.997181,0.804938,110.242789,632.601142
21.89,0.997181,0.804938,110.242767,632.601106
21.9,0.997181,0.804938,110.242744,632.601069
21.91,0.997181,0.804938,110.242721,632.601031
21.92,0.997181,0.804938,110.242697,632.600994
21.93,0.997181,0.804938,110.242674,632.600957
21.94,0.997181,0.804938,110.242651,632.600919
21.95,0.997181,0.804938,110.242628,632.600881
21.96,0.997181,0.804938,110.242604,632.600843
21.97,0.997181,0.804938,110.24258,632.600804
21.98,0.997181,0.804938,110.242557,632.600766
21.99,0.997181,0.804938,110.242533,632.600727
22,0.997181,0.804938,110.242509,632.600688
22.01,0.997181,0.804938,110.242485,632.600649
22.02,0.997181,0.804938,110.242461,632.60061
22.03,0.997181,0.804937,110.242437,632.600571
22.04,0.997181,0.804937,110.242412,632.600531
22.05,0.997181,0.804937,110.242388,632.600491
22.06,0.997181,0.804937,110.242364,632.600451
22.07,0.997181,0.804937,110.242339,632.600411
22.08,0.997181,0.804937,110.242314,632.60037
22.09,0.997181,0.804937,110.24229,632.60033
22.1,0.997181,0.804937,110.242265,632.600289
22.11,0.997181,0.804937,110.24224,632.600248
22.12,0.997181,0.804937,110.242215,632.600207
22.13,0.997181,0.804937,110.24219,632.600165
22.14,0.997181,0.804937,110.242165,632.600124
22.15,0.997181,0.804937,110.24214,632.600082
22.16,0.997181,0.804937,110.242115,632.600041
22.17,0.997181,0.804937,110.24209,632.599999
22.18,0.997181,0.804937,110.242064,632.599957
22.19,0.997181,0.804937,110.242039,632.599914
22.2,0.997181,0.804937,110.242014,632.599872
22.21,0.997181,0.804936,110.241989,632.59983
22.22,0.997181,0.804936,110.241963,632.599787
22.23,0.997181,0.804936,110.241938,632.599745
22.24,0.997181,0.804936,110.241913,632.599702
22.25,0.997181,0.804936,110.241887,632.599659
22.26,0.997181,0.804936,110.241862,632.599616
22.27,0.997181,0.804936,110.241837,632.599574
22.28,0.997181,0.804936,110.241812,632.599531
22.29,0.997181,0.804936,110.241786,632.599488
22.3,0.997181,0.804936,110.241761,632.599445
22.31,0.997181,0.804936,110.241736,632.599402
22.32,0.997181,0.804936,110.241711,632.599359
22.33,0.997181,0.804936,110.241686,632.599316
22.34,0.997181,0.804936,110.241661,632.599273
22.35,0.997181,0.804936,110.241636,632.59923
22.36,0.997181,0.804936,110.241611,632.599187
22.37,0.997181,0.804935,110.241587,632.599144
22.38,0.997181,0.804935,110.241562,632.599101
22.39,0.997181,0.804935,110.241538,632.599059
22.4,0.997181,0.804935,110.241513,632.599016
22.41,0.997181,0.804935,110.241489,632.598974
22.42,0.997181,0.804935,110.241465,632.598931
22.43,0.997181,0.804935,110.241441,632.598889
22.44,0.997181,0.804935,110.241417,632.598847
22.45,0.997181,0.804935,110.241393,632.598805
22.46,0.997181,0.804935,110.241369,632.598763
22.47,0.997181,0.804935,110.241346,632.598721
22.48,0.997181,0.804935,110.241322,632.598679
22.49,0.997181,0.804935,110.241299,632.598638
22.5,0.997181,0.804935,110.241276,632.598597
22.51,0.997181,0.804935,110.241253,632.598556
22.52,0.997181,0.804935,110.24123,632.598515
22.53,0.997181,0.804935,110.241208,632.598474
22.54,0.997181,0.804934,110.241185,632.598433
22.55,0.997181,0.804934,110.241163,632.598393
22.56,0.997181,0.804934,110.24114,632.598353
22.57,0.997181,0.804934,110.241118,632.598313
22.58,0.997181,0.804934,110.241096,632.598273
22.59,0.997181,0.804934,110.241075,632.598233
22.6,0.997181,0.804934,110.241053,632.598194
22.61,0.997181,0.804934,110.241031,632.598155
22.62,0.997181,0.804934,110.24101,632.598116
22.63,0.997181,0.804934,110.240989,632.598077
22.64,0.997181,0.804934,110.240968,632.598039
22.65,0.997181,0.804934,110.240947,632.598001
22.66,0.997181,0.804934,110.240926,632.597962
22.67,0.997181,0.804934,110.240906,632.597925
22.68,0.997181,0.804934,110.240885,632.597887
22.69,0.997181,0.804934,110.240865,632.597849
22.7,0.997181,0.804934,110.240844,632.597812
22.71,0.997181,0.804934,110.240824,632.597775
22.72,0.997181,0.804934,110.240804,632.597738
22.73,0.997181,0.804933,110.240784,632.597701
22.74,0.997181,0.804933,110.240765,632.597665
22.75,0.997181,0.804933,110.240745,632.597629
22.76,0.997181,0.804933,110.240725,632.597592
22.77,0.997181,0.804933,110.240706,632.597556
22.78,0.997181,0.804933,110.240686,632.597521
22.79,0.997181,0.804933,110.240667,632.597485
22.8,0.997181,0.804933,110.240648,632.597449
22.81,0.997181,0.804933,110.240628,632.597414
22.82,0.997181,0.804933,110.240609,632.597378
22.83,0.997181,0.804933,110.24059,632.597343
22.84,0.997181,0.804933,110.240571,632.597308
22.85,0.997181,0.804933,110.240552,632.597273
22.86,0.997181,0.804933,110.240533,632.597238
22.87,0.997181,0.804933,110.240514,632.597203
22.88,0.997181,0.804933,110.240496,632.597169
22.89,0.997181,0.804933,110.240477,632.597134
22.9,0.997181,0.804933,110.240458,632.597099
22.91,0.997181,0.804933,110.240439,632.597065
22.92,0.997181,0.804933,110.24042,632.59703
22.93,0.997181,0.804932,110.240402,632.596996
22.94,0.997181,0.804932,110.240383,632.596961
22.95,0.997181,0.804932,110.240364,632.596927
22.96,0.997181,0.804932,110.240345,632.596892
22.97,0.997181,0.804932,110.240327,632.596858
22.98,0.997181,0.804932,110.240308,632.596823
22.99,0.997181,0.804932,110.240289,632.596789
23,0.997181,0.804932,110.24027,632.596755
23.01,0.997181,0.804932,110.240252,632.59672
23.02,0.997181,0.804932,110.240233,632.596686
23.03,0.997181,0.804932,110.240214,632.596651
23.04,0.997181,0.804932,110.240195,632.596616
23.05,0.997181,0.804932,110.240176,632.596582
23.06,0.997181,0.804932,110.240157,632.596547
23.07,0.997181,0.804932,110.240139,632.596512
23.08,0.997181,0.804932,110.24012,632.596477
23.09,0.997181,0.804932,110.240101,632.596442
23.1,0.997181,0.804932,110.240082,632.596407
23.11,0.997181,0.804932,110.240063,632.596372
23.12,0.997181,0.804932,110.240043,632.596337
23.13,0.997181,0.804932,110.240024,632.596302
23.14,0.997181,0.804932,110.240005,632.596266
23.15,0.997181,0.804931,110.239986,632.596231
23.16,0.997181,0.804931,110.239967,632.596195
23.17,0.997181,0.804931,110.239947,632.59616
23.18,0.997181,0.804931,110.239928,632.596124
23.19,0.997181,0.804931,110.239909,632.596088
23.2,0.997181,0.804931,110.239889,632.596052
23.21,0.997181,0.804931,110.23987,632.596016
23.22,0.997181,0.804931,110.239851,632.59598
23.23,0.997181,0.804931,110.239831,632.595943
23.24,0.997181,0.804931,110.239812,632.595907
23.25,0.997181,0.804931,110.239792,632.59587
23.26,0.997181,0.804931,110.239773,632.595834
23.27,0.997181,0.804931,110.239753,632.595797
23.28,0.997181,0.804931,110.239733,632.59576
23.29,0.997181,0.804931,110.239714,632.595723
23.3,0.997181,0.804931,110.239694,632.595686
23.31,0.997181,0.804931,110.239674,632.595649
23.32,0.997181,0.804931,110.239655,632.595612
23.33,0.997181,0.804931,110.239635,632.595574
23.34,0.997181,0.804931,110.239615,632.595537
23.35,0.997181,0.80493,110.239595,632.595499
23.36,0.997181,0.80493,110.239576,632.595462
23.37,0.997181,0.80493,110.239556,632.595424
23.38,0.997181,0.80493,110.239536,632.595386
23.39,0.997181,0.80493,110.239516,632.595348
23.4,0.997181,0.80493,110.239496,632.59531
23.41,0.997181,0.80493,110.239476,632.595272
23.42,0.997181,0.80493,110.239456,632.595234
23.43,0.997181,0.80493,110.239437,632.595195
23.44,0.997181,0.80493,110.239417,632.595157
23.45,0.997181,0.80493,110.239397,632.595118
23.46,0.997181,0.80493,110.239377,632.59508
23.47,0.997181,0.80493,110.239357,632.595041
23.48,0.997181,0.80493,110.239337,632.595002
23.49,0.997181,0.80493,110.239317,632.594964
23.5,0.997181,0.80493,110.239297,632.594925
23.51,0.997181,0.80493,110.239277,632.594886
23.52,0.997181,0.80493,110.239257,632.594847
23.53,0.997181,0.80493,110.239237,632.594808
23.54,0.997181,0.804929,110.239217,632.594769
23.55,0.997181,0.804929,110.239197,632.59473
23.56,0.997181,0.804929,110.239177,632.59469
23.57,0.997181,0.804929,110.239157,632.594651
23.58,0.997181,0.804929,110.239137,632.594612
23.59,0.997181,0.804929,110.239117,632.594572
23.6,0.997181,0.804929,110.239097,632.594533
23.61,0.997181,0.804929,110.239077,632.594493
23.62,0.997181,0.804929,110.239057,632.594454
23.63,0.997181,0.804929,110.239037,632.594414
23.64,0.997181,0.804929,110.239017,632.594374
23.65,0.997181,0.804929,110.238997,632.594335
23.66,0.997181,0.804929,110.238977,632.594295
23.67,0.997181,0.804929,110.238957,632.594255
23.68,0.997181,0.804929,110.238937,632.594215
23.69,0.997181,0.804929,110.238917,632.594175
23.7,0.997181,0.804929,110.238897,632.594136
23.71,0.997181,0.804929,110.238877,632.594096
23.72,0.997181,0.804928,110.238856,632.594056
23.73,0.997181,0.804928,110.238836,632.594015
23.74,0.997181,0.804928,110.238816,632.593975
23.75,0.997181,0.804928,110.238796,632.593935
23.76,0.997181,0.804928,110.238776,632.593895
23.77,0.997181,0.804928,110.238756,632.593855
23.78,0.997181,0.804928,110.238736,632.593815
23.79,0.997181,0.804928,110.238716,632.593775
23.8,0.997181,0.804928,110.238696,632.593734
23.81,0.997181,0.804928,110.238676,632.593694
23.82,0.997181,0.804928,110.238655,632.593654
23.83,0.997181,0.804928,110.238635,632.593613
23.84,0.997181,0.804928,110.238615,632.593573
23.85,0.997181,0.804928,110.238595,632.593533
23.86,0.997181,0.804928,110.238575,632.593492
23.87,0.997181,0.804928,110.238555,632.593452
23.88,0.997181,0.804928,110.238535,632.593412
23.89,0.997181,0.804928,110.238515,632.593371
23.9,0.997181,0.804927,110.238495,632.593331
23.91,0.997181,0.804927,110.238475,632.59329
23.92,0.997181,0.804927,110.238455,632.59325
23.93,0.997181,0.804927,110.238435,632.59321
23.94,0.997181,0.804927,110.238415,632.593169
23.95,0.997181,0.804927,110.238395,632.593129
23.96,0.997181,0.804927,110.238375,632.593088
23.97,0.997181,0.804927,110.238355,632.593048
23.98,0.997181,0.804927,110.238335,632.593008
23.99,0.997181,0.804927,110.238316,632.592967
24,0.997181,0.804927,110.238296,632.592927
24.01,0.997181,0.804927,110.238276,632.592887
24.02,0.997181,0.804927,110.238256,632.592846
24.03,0.997181,0.804927,110.238237,632.592806
24.04,0.997181,0.804927,110.238217,632.592766
24.05,0.997181,0.804927,110.238198,632.592726
24.06,0.997181,0.804927,110.238178,632.592686
24.07,0.997181,0.804927,110.238159,632.592646
24.08,0.997181,0.804926,110.238139,632.592606
24.09,0.997181,0.804926,110.23812,632.592566
24.1,0.997181,0.804926,110.2381,632.592526
24.11,0.997181,0.804926,110.238081,632.592486
24.12,0.997181,0.804926,110.238062,632.592447
24.13,0.997181,0.804926,110.238043,632.592407
24.14,0.997181,0.804926,110.238024,632.592367
24.15,0.997181,0.804926,110.238005,632.592328
24.16,0.997181,0.804926,110.237986,632.592288
24.17,0.997181,0.804926,110.237967,632.592249
24.18,0.997181,0.804926,110.237948,632.59221
24.19,0.997181,0.804926,110.23793,632.592171
24.2,0.997181,0.804926,110.237911,632.592131
24.21,0.997181,0.804926,110.237893,632.592092
24.22,0.997181,0.804926,110.237874,632.592054
24.23,0.997181,0.804926,110.237856,632.592015
24.24,0.997181,0.804926,110.237837,632.591976
24.25,0.997181,0.804926,110.237819,632.591937
24.26,0.997181,0.804925,110.237801,632.591899
24.27,0.997181,0.804925,110.237783,632.59186
24.28,0.997181,0.804925,110.237765,632.591822
24.29,0.997181,0.804925,110.237747,632.591784
24.3,0.997181,0.804925,110.237729,632.591746
24.31,0.997181,0.804925,110.237712,632.591708
24.32,0.997181,0.804925,110.237694,632.59167
24.33,0.997181,0.804925,110.237676,632.591632
24.34,0.997181,0.804925,110.237659,632.591595
24.35,0.997181,0.804925,110.237642,632.591557
24.36,0.997181,0.804925,110.237624,632.591519
24.37,0.997181,0.804925,110.237607,632.591482
24.38,0.997181,0.804925,110.23759,632.591445
24.39,0.997181,0.804925,110.237573,632.591408
24.4,0.997181,0.804925,110.237556,632.591371
24.41,0.997181,0.804925,110.237539,632.591334
24.42,0.997181,0.804925,110.237522,632.591297
24.43,0.997181,0.804925,110.237505,632.59126
24.44,0.997181,0.804925,110.237488,632.591223
24.45,0.997181,0.804925,110.237471,632.591187
24.46,0.997181,0.804924,110.237454,632.59115
24.47,0.997181,0.804924,110.237438,632.591114
24.48,0.997181,0.804924,110.237421,632.591077
24.49,0.997181,0.804924,110.237405,632.591041
24.5,0.997181,0.804924,110.237388,632.591005
24.51,0.997181,0.804924,110.237372,632.590968
24.52,0.997181,0.804924,110.237355,632.590932
24.53,0.997181,0.804924,110.237339,632.590896
24.54,0.997181,0.804924,110.237322,632.59086
24.55,0.997181,0.804924,110.237306,632.590824
24.56,0.997181,0.804924,110.23729,632.590788
24.57,0.997181,0.804924,110.237273,632.590752
24.58,0.997181,0.804924,110.237257,632.590716
24.59,0.997181,0.804924,110.237241,632.59068
24.6,0.997181,0.804924,110.237224,632.590645
24.61,0.997181,0.804924,110.237208,632.590609
24.62,0.997181,0.804924,110.237192,632.590573
24.63,0.997181,0.804924,110.237175,632.590537
24.64,0.997181,0.804924,110.237159,632.590501
24.65,0.997181,0.804924,110.237143,632.590465
24.66,0.997181,0.804924,110.237127,632.590429
24.67,0.997181,0.804923,110.23711,632.590393
24.68,0.997181,0.804923,110.237094,632.590358
24.69,0.997181,0.804923,110.237077,632.590322
24.7,0.997181,0.804923,110.237061,632.590286
24.71,0.997181,0.804923,110.237045,632.59025
24.72,0.997181,0.804923,110.237028,632.590214
24.73,0.997181,0.804923,110.237012,632.590177
24.74,0.997181,0.804923,110.236995,632.590141
24.75,0.997181,0.804923,110.236979,632.590105
24.76,0.997181,0.804923,110.236962,632.590069
24.77,0.997181,0.804923,110.236946,632.590032
24.78,0.997181,0.804923,110.236929,632.589996
24.79,0.997181,0.804923,110.236912,632.58996
24.8,0.997181,0.804923,110.236896,632.589923
24.81,0.997181,0.804923,110.236879,632.589886
24.82,0.997181,0.804923,110.236862,632.58985
24.83,0.997181,0.804923,110.236845,632.589813
24.84,0.997181,0.804923,110.236828,632.589776
24.85,0.997181,0.804923,110.236811,632.589739
24.86,0.997181,0.804923,110.236794,632.589702
24.87,0.997181,0.804922,110.236778,632.589665
24.88,0.997181,0.804922,110.23676,632.589628
24.89,0.997181,0.804922,110.236743,632.58959
24.9,0.997181,0.804922,110.236726,632.589553
24.91,0.997181,0.804922,110.236709,632.589516
24.92,0.997181,0.804922,110.236692,632.589478
24.93,0.997181,0.804922,110.236675,632.58944
24.94,0.997181,0.804922,110.236657,632.589403
24.95,0.997181,0.804922,110.23664,632.589365
24.96,0.997181,0.804922,110.236623,632.589327
24.97,0.997181,0.804922,110.236605,632.589289
24.98,0.997181,0.804922,110.236588,632.589251
24.99,0.997181,0.804922,110.236571,632.589213
25,0.997181,0.804922,110.236553,632.589174
25.01,0.997181,0.804922,110.236536,632.589136
25.02,0.997181,0.804922,110.236518,632.589097
25.03,0.997181,0.804922,110.2365,632.589059
25.04,0.997181,0.804922,110.236483,632.58902
25.05,0.997181,0.804922,110.236465,632.588982
25.06,0.997181,0.804922,110.236448,632.588943
25.07,0.997181,0.804921,110.23643,632.588904
25.08,0.997181,0.804921,110.236412,632.588865
25.09,0.997181,0.804921,110.236395,632.588826
25.1,0.997181,0.804921,110.236377,632.588787
25.11,0.997181,0.804921,110.236359,632.588748
25.12,0.997181,0.804921,110.236342,632.588709
25.13,0.997181,0.804921,110.236324,632.58867
25.14,0.997181,0.804921,110.236306,632.58863
25.15,0.997181,0.804921,110.236289,632.588591
25.16,0.997181,0.804921,110.236271,632.588552
25.17,0.997181,0.804921,110.236253,632.588512
25.18,0.997181,0.804921,110.236235,632.588473
25.19,0.997181,0.804921,110.236218,632.588434
25.2,0.997181,0.804921,110.2362,632.588394
25.21,0.997181,0.804921,110.236182,632.588355
25.22,0.997181,0.804921,110.236165,632.588315
25.23,0.997181,0.804921,110.236147,632.588275
25.24,0.997181,0.804921,110.236129,632.588236
25.25,0.997181,0.80492,110.236112,632.588196
25.26,0.997181,0.80492,110.236094,632.588157
25.27,0.997181,0.80492,110.236076,632.588117
25.28,0.997181,0.80492,110.236059,632.588077
25.29,0.997181,0.80492,110.236041,632.588038
25.3,0.997181,0.80492,110.236024,632.587998
25.31,0.997181,0.80492,110.236006,632.587959
25.32,0.997181,0.80492,110.235989,632.587919
25.33,0.997181,0.80492,110.235971,632.587879
25.34,0.997181,0.80492,110.235954,632.58784
25.35,0.997181,0.80492,110.235936,632.5878
25.36,0.997181,0.80492,110.235919,632.587761
25.37,0.997181,0.80492,110.235902,632.587721
25.38,0.997181,0.80492,110.235884,632.587682
25.39,0.997181,0.80492,110.235867,632.587642
25.4,0.997181,0.80492,110.23585,632.587603
25.41,0.997181,0.80492,110.235832,632.587563
25.42,0.997181,0.80492,110.235815,632.587524
25.43,0.997181,0.80492,110.235798,632.587484
25.44,0.997181,0.804919,110.235781,632.587445
25.45,0.997181,0.804919,110.235763,632.587406
25.46,0.997181,0.804919,110.235746,632.587366
25.47,0.997181,0.804919,110.235729,632.587327
25.48,0.997181,0.804919,110.235712,632.587288
25.49,0.997181,0.804919,110.235695,632.587248
25.5,0.997181,0.804919,110.235678,632.587209
25.51,0.997181,0.804919,110.235661,632.58717
25.52,0.997181,0.804919,110.235644,632.587131
25.53,0.997181,0.804919,110.235627,632.587092
25.54,0.997181,0.804919,110.23561,632.587053
25.55,0.997181,0.804919,110.235593,632.587014
25.56,0.997181,0.804919,110.235576,632.586975
25.57,0.997181,0.804919,110.235559,632.586936
25.58,0.997181,0.804919,110.235542,632.586897
25.59,0.997181,0.804919,110.235526,632.586858
25.6,0.997181,0.804919,110.235509,632.586819
25.61,0.997181,0.804919,110.235492,632.58678
25.62,0.997181,0.804919,110.235475,632.586742
25.63,0.997181,0.804918,110.235459,632.586703
25.64,0.997181,0.804918,110.235442,632.586664
25.65,0.997181,0.804918,110.235425,632.586625
25.66,0.997181,0.804918,110.235409,632.586587
25.67,0.997181,0.804918,110.235392,632.586548
25.68,0.997181,0.804918,110.235375,632.58651
25.69,0.997181,0.804918,110.235359,632.586471
25.7,0.997181,0.804918,110.235342,632.586433
25.71,0.997181,0.804918,110.235326,632.586394
25.72,0.997181,0.804918,110.235309,632.586356
25.73,0.997181,0.804918,110.235293,632.586317
25.74,0.997181,0.804918,110.235276,632.586279
25.75,0.997181,0.804918,110.23526,632.586241
25.76,0.997181,0.804918,110.235243,632.586203
25.77,0.997181,0.804918,110.235227,632.586164
25.78,0.997181,0.804918,110.235211,632.586126
25.79,0.997181,0.804918,110.235194,632.586088
25.8,0.997181,0.804918,110.235178,632.58605
25.81,0.997181,0.804918,110.235162,632.586012
25.82,0.997181,0.804917,110.235145,632.585974
25.83,0.997181,0.804917,110.235129,632.585936
25.84,0.997181,0.804917,110.235113,632.585898
25.85,0.997181,0.804917,110.235097,632.58586
25.86,0.997181,0.804917,110.235081,632.585822
25.87,0.997181,0.804917,110.235065,632.585784
25.88,0.997181,0.804917,110.235049,632.585746
25.89,0.997181,0.804917,110.235032,632.585709
25.9,0.997181,0.804917,110.235016,632.585671
25.91,0.997181,0.804917,110.235,632.585633
25.92,0.997181,0.804917,110.234984,632.585595
25.93,0.997181,0.804917,110.234968,632.585558
25.94,0.997181,0.804917,110.234953,632.58552
25.95,0.997181,0.804917,110.234937,632.585483
25.96,0.997181,0.804917,110.234921,632.585445
25.97,0.997181,0.804917,110.234905,632.585408
25.98,0.997181,0.804917,110.234889,632.58537
25.99,0.997181,0.804917,110.234873,632.585333
26,0.997181,0.804917,110.234858,632.585295
26.01,0.997181,0.804917,110.234842,632.585258
26.02,0.997181,0.804916,110.234826,632.585221
26.03,0.997181,0.804916,110.234811,632.585183
26.04,0.997181,0.804916,110.234795,632.585146
26.05,0.997181,0.804916,110.234779,632.585109
26.06,0.997181,0.804916,110.234764,632.585072
26.07,0.997181,0.804916,110.234748,632.585034
26.08,0.997181,0.804916,110.234733,632.584997
26.09,0.997181,0.804916,110.234717,632.58496
26.1,0.997181,0.804916,110.234702,632.584923
26.11,0.997181,0.804916,110.234686,632.584886
26.12,0.997181,0.804916,110.234671,632.584849
26.13,0.997181,0.804916,110.234655,632.584812
26.14,0.997181,0.804916,110.23464,632.584775
26.15,0.997181,0.804916,110.234625,632.584738
26.16,0.997181,0.804916,110.234609,632.584701
26.17,0.997181,0.804916,110.234594,632.584664
26.18,0.997181,0.804916,110.234579,632.584628
26.19,0.997181,0.804916,110.234563,632.584591
26.2,0.997181,0.804916,110.234548,632.584554
26.21,0.997181,0.804916,110.234533,632.584517
26.22,0.997181,0.804915,110.234518,632.58448
26.23,0.997181,0.804915,110.234502,632.584443
26.24,0.997181,0.804915,110.234487,632.584407
26.25,0.997181,0.804915,110.234472,632.58437
26.26,0.997181,0.804915,110.234457,632.584333
26.27,0.997181,0.804915,110.234442,632.584296
26.28,0.997181,0.804915,110.234426,632.58426
26.29,0.997181,0.804915,110.234411,632.584223
26.3,0.997181,0.804915,110.234396,632.584186
26.31,0.997181,0.804915,110.234381,632.584149
26.32,0.997181,0.804915,110.234366,632.584113
26.33,0.997181,0.804915,110.23435,632.584076
26.34,0.997181,0.804915,110.234335,632.584039
26.35,0.997181,0.804915,110.23432,632.584002
26.36,0.997181,0.804915,110.234305,632.583965
26.37,0.997181,0.804915,110.234289,632.583928
26.38,0.997181,0.804915,110.234274,632.583892
26.39,0.997181,0.804915,110.234259,632.583855
26.4,0.997181,0.804915,110.234244,632.583818
26.41,0.997181,0.804915,110.234228,632.583781
26.42,0.997181,0.804914,110.234213,632.583744
26.43,0.997181,0.804914,110.234198,632.583707
26.44,0.997181,0.804914,110.234182,632.58367
26.45,0.997181,0.804914,110.234167,632.583633
26.46,0.997181,0.804914,110.234152,632.583596
26.47,0.997181,0.804914,110.234136,632.583559
26.48,0.997181,0.804914,110.234121,632.583521
26.49,0.997181,0.804914,110.234105,632.583484
26.5,0.997181,0.804914,110.23409,632.583447
26.51,0.997181,0.804914,110.234075,632.58341
26.52,0.997181,0.804914,110.234059,632.583372
26.53,0.997181,0.804914,110.234044,632.583335
26.54,0.997181,0.804914,110.234028,632.583298
26.55,0.997181,0.804914,110.234012,632.58326
26.56,0.997181,0.804914,110.233997,632.583223
26.57,0.997181,0.804914,110.233981,632.583185
26.58,0.997181,0.804914,110.233965,632.583147
26.59,0.997181,0.804914,110.23395,632.58311
26.6,0.997181,0.804914,110.233934,632.583072
26.61,0.997181,0.804914,110.233918,632.583034
26.62,0.997181,0.804913,110.233903,632.582996
26.63,0.997181,0.804913,110.233887,632.582959
26.64,0.997181,0.804913,110.233871,632.582921
26.65,0.997181,0.804913,110.233855,632.582883
26.66,0.997181,0.804913,110.233839,632.582845
26.67,0.997181,0.804913,110.233823,632.582807
26.68,0.997181,0.804913,110.233808,632.582769
26.69,0.997181,0.804913,110.233792,632.58273
26.7,0.997181,0.804913,110.233776,632.582692
26.71,0.997181,0.804913,110.23376,632.582654
26.72,0.997181,0.804913,110.233744,632.582616
26.73,0.997181,0.804913,110.233728,632.582577
26.74,0.997181,0.804913,110.233712,632.582539
26.75,0.997181,0.804913,110.233696,632.582501
26.76,0.997181,0.804913,110.23368,632.582462
26.77,0.997181,0.804913,110.233664,632.582424
26.78,0.997181,0.804913,110.233648,632.582385
26.79,0.997181,0.804913,110.233632,632.582347
26.8,0.997181,0.804913,110.233616,632.582308
26.81,0.997181,0.804913,110.2336,632.582269
26.82,0.997181,0.804912,110.233583,632.582231
26.83,0.997181,0.804912,110.233567,632.582192
26.84,0.997181,0.804912,110.233551,632.582154
26.85,0.997181,0.804912,110.233535,632.582115
26.86,0.997181,0.804912,110.233519,632.582076
26.87,0.997181,0.804912,110.233503,632.582037
26.88,0.997181,0.804912,110.233487,632.581999
26.89,0.997181,0.804912,110.233471,632.58196
26.9,0.997181,0.804912,110.233455,632.581921
26.91,0.997181,0.804912,110.233439,632.581883
26.92,0.997181,0.804912,110.233423,632.581844
26.93,0.997181,0.804912,110.233407,632.581805
26.94,0.997181,0.804912,110.233391,632.581766
26.95,0.997181,0.804912,110.233375,632.581728
26.96,0.997181,0.804912,110.233359,632.581689
26.97,0.997181,0.804912,110.233343,632.58165
26.98,0.997181,0.804912,110.233327,632.581611
26.99,0.997181,0.804912,110.233311,632.581573
27,0.997182,0.804912,110.233295,632.581534
27.01,0.997182,0.804911,110.233279,632.581495
27.02,0.997182,0.804911,110.233264,632.581457
27.03,0.997182,0.804911,110.233248,632.581418
27.04,0.997182,0.804911,110.233232,632.58138
27.05,0.997182,0.804911,110.233216,632.581341
27.06,0.997182,0.804911,110.2332,632.581302
27.07,0.997182,0.804911,110.233185,632.581264
27.08,0.997182,0.804911,110.233169,632.581225
27.09,0.997182,0.804911,110.233153,632.581187
27.1,0.997182,0.804911,110.233138,632.581149
27.11,0.997182,0.804911,110.233122,632.58111
27.12,0.997182,0.804911,110.233107,632.581072
27.13,0.997182,0.804911,110.233091,632.581034
27.14,0.997182,0.804911,110.233075,632.580995
27.15,0.997182,0.804911,110.23306,632.580957
27.16,0.997182,0.804911,110.233044,632.580919
27.17,0.997182,0.804911,110.233029,632.580881
27.18,0.997182,0.804911,110.233014,632.580843
27.19,0.997182,0.804911,110.232998,632.580805
27.2,0.997182,0.80491,110.232983,632.580767
27.21,0.997182,0.80491,110.232967,632.580729
27.22,0.997182,0.80491,110.232952,632.580691
27.23,0.997182,0.80491,110.232937,632.580653
27.24,0.997182,0.80491,110.232922,632.580615
27.25,0.997182,0.80491,110.232906,632.580577
27.26,0.997182,0.80491,110.232891,632.580539
27.27,0.997182,0.80491,110.232876,632.580502
27.28,0.997182,0.80491,110.232861,632.580464
27.29,0.997182,0.80491,110.232846,632.580426
27.3,0.997182,0.80491,110.23283,632.580389
27.31,0.997182,0.80491,110.232815,632.580351
27.32,0.997182,0.80491,110.2328,632.580314
27.33,0.997182,0.80491,110.232785,632.580276
27.34,0.997182,0.80491,110.23277,632.580239
27.35,0.997182,0.80491,110.232755,632.580201
27.36,0.997182,0.80491,110.23274,632.580164
27.37,0.997182,0.80491,110.232725,632.580127
27.38,0.997182,0.80491,110.23271,632.580089
27.39,0.997182,0.80491,110.232695,632.580052
27.4,0.997182,0.804909,110.23268,632.580015
27.41,0.997182,0.804909,110.232665,632.579977
27.42,0.997182,0.804909,110.23265,632.57994
27.43,0.997182,0.804909,110.232635,632.579903
27.44,0.997182,0.804909,110.232621,632.579866
27.45,0.997182,0.804909,110.232606,632.579829
27.46,0.997182,0.804909,110.232591,632.579792
27.47,0.997182,0.804909,110.232576,632.579755
27.48,0.997182,0.804909,110.232561,632.579718
27.49,0.997182,0.804909,110.232546,632.579681
27.5,0.997182,0.804909,110.232531,632.579644
27.51,0.997182,0.804909,110.232517,632.579607
27.52,0.997182,0.804909,110.232502,632.57957
27.53,0.997182,0.804909,110.232487,632.579533
27.54,0.997182,0.804909,110.232472,632.579496
27.55,0.997182,0.804909,110.232457,632.579459
27.56,0.997182,0.804909,110.232443,632.579422
27.57,0.997182,0.804909,110.232428,632.579385
27.58,0.997182,0.804909,110.232413,632.579349
27.59,0.997182,0.804909,110.232398,632.579312
27.6,0.997182,0.804908,110.232384,632.579275
27.61,0.997182,0.804908,110.232369,632.579238
27.62,0.997182,0.804908,110.232354,632.579201
27.63,0.997182,0.804908,110.232339,632.579165
27.64,0.997182,0.804908,110.232324,632.579128
27.65,0.997182,0.804908,110.23231,632.579091
27.66,0.997182,0.804908,110.232295,632.579054
27.67,0.997182,0.804908,110.23228,632.579017
27.68,0.997182,0.804908,110.232265,632.578981
27.69,0.997182,0.804908,110.232251,632.578944
27.7,0.997182,0.804908,110.232236,632.578907
27.71,0.997182,0.804908,110.232221,632.57887
27.72,0.997182,0.804908,110.232207,632.578834
27.73,0.997182,0.804908,110.232192,632.578797
27.74,0.997182,0.804908,110.232177,632.57876
27.75,0.997182,0.804908,110.232162,632.578723
27.76,0.997182,0.804908,110.232148,632.578687
27.77,0.997182,0.804908,110.232133,632.57865
27.78,0.997182,0.804908,110.232118,632.578613
27.79,0.997182,0.804908,110.232103,632.578576
27.8,0.997182,0.804907,110.232089,632.57854
27.81,0.997182,0.804907,110.232074,632.578503
27.82,0.997182,0.804907,110.232059,632.578466
27.83,0.997182,0.804907,110.232045,632.578429
27.84,0.997182,0.804907,110.23203,632.578393
27.85,0.997182,0.804907,110.232015,632.578356
27.86,0.997182,0.804907,110.232,632.578319
27.87,0.997182,0.804907,110.231986,632.578282
27.88,0.997182,0.804907,110.231971,632.578246
27.89,0.997182,0.804907,110.231956,632.578209
27.9,0.997182,0.804907,110.231942,632.578172
27.91,0.997182,0.804907,110.231927,632.578135
27.92,0.997182,0.804907,110.231912,632.578099
27.93,0.997182,0.804907,110.231897,632.578062
27.94,0.997182,0.804907,110.231883,632.578025
27.95,0.997182,0.804907,110.231868,632.577988
27.96,0.997182,0.804907,110.231853,632.577951
27.97,0.997182,0.804907,110.231839,632.577915
27.98,0.997182,0.804907,110.231824,632.577878
27.99,0.997182,0.804907,110.231809,632.577841
28,0.997182,0.804907,110.231794,632.577804
28.01,0.997182,0.804906,110.23178,632.577767
28.02,0.997182,0.804906,110.231765,632.577731
28.03,0.997182,0.804906,110.23175,632.577694
28.04,0.997182,0.804906,110.231735,632.577657
28.05,0.997182,0.804906,110.231721,632.57762
28.06,0.997182,0.804906,110.231706,632.577583
28.07,0.997182,0.804906,110.231691,632.577546
28.08,0.997182,0.804906,110.231676,632.577509
28.09,0.997182,0.804906,110.231662,632.577473
28.1,0.997182,0.804906,110.231647,632.577436
28.11,0.997182,0.804906,110.231632,632.577399
28.12,0.997182,0.804906,110.231617,632.577362
28.13,0.997182,0.804906,110.231602,632.577325
28.14,0.997182,0.804906,110.231588,632.577288
28.15,0.997182,0.804906,110.231573,632.577251
28.16,0.997182,0.804906,110.231558,632.577214
28.17,0.997182,0.804906,110.231543,632.577177
28.18,0.997182,0.804906,110.231528,632.57714
28.19,0.997182,0.804906,110.231513,632.577103
28.2,0.997182,0.804906,110.231499,632.577066
28.21,0.997182,0.804905,110.231484,632.577029
28.22,0.997182,0.804905,110.231469,632.576992
28.23,0.997182,0.804905,110.231454,632.576955
28.24,0.997182,0.804905,110.231439,632.576918
28.25,0.997182,0.804905,110.231424,632.576881
28.26,0.997182,0.804905,110.231409,632.576843
28.27,0.997182,0.804905,110.231394,632.576806
28.28,0.997182,0.804905,110.231379,632.576769
28.29,0.997182,0.804905,110.231364,632.576732
28.3,0.997182,0.804905,110.231349,632.576695
28.31,0.997182,0.804905,110.231334,632.576658
28.32,0.997182,0.804905,110.231319,632.57662
28.33,0.997182,0.804905,110.231304,632.576583
28.34,0.997182,0.804905,110.231289,632.576546
28.35,0.997182,0.804905,110.231274,632.576509
28.36,0.997182,0.804905,110.231259,632.576471
28.37,0.997182,0.804905,110.231244,632.576434
28.38,0.997182,0.804905,110.231229,632.576397
28.39,0.997182,0.804905,110.231214,632.57636
28.4,0.997182,0.804905,110.231199,632.576322
28.41,0.997182,0.804904,110.231184,632.576285
28.42,0.997182,0.804904,110.231169,632.576248
28.43,0.997182,0.804904,110.231154,632.57621
28.44,0.997182,0.804904,110.231139,632.576173
28.45,0.997182,0.804904,110.231124,632.576135
28.46,0.997182,0.804904,110.231108,632.576098
28.47,0.997182,0.804904,110.231093,632.576061
28.48,0.997182,0.804904,110.231078,632.576023
28.49,0.997182,0.804904,110.231063,632.575986
28.5,0.997182,0.804904,110.231048,632.575948
28.51,0.997182,0.804904,110.231033,632.575911
28.52,0.997182,0.804904,110.231018,632.575874
28.53,0.997182,0.804904,110.231002,632.575836
28.54,0.997182,0.804904,110.230987,632.575799
28.55,0.997182,0.804904,110.230972,632.575761
28.56,0.997182,0.804904,110.230957,632.575724
28.57,0.997182,0.804904,110.230942,632.575687
28.58,0.997182,0.804904,110.230927,632.575649
28.59,0.997182,0.804904,110.230912,632.575612
28.6,0.997182,0.804903,110.230896,632.575574
28.61,0.997182,0.804903,110.230881,632.575537
28.62,0.997182,0.804903,110.230866,632.5755
28.63,0.997182,0.804903,110.230851,632.575462
28.64,0.997182,0.804903,110.230836,632.575425
28.65,0.997182,0.804903,110.230821,632.575387
28.66,0.997182,0.804903,110.230806,632.57535
28.67,0.997182,0.804903,110.230791,632.575313
28.68,0.997182,0.804903,110.230776,632.575276
28.69,0.997182,0.804903,110.230761,632.575238
28.7,0.997182,0.804903,110.230746,632.575201
28.71,0.997182,0.804903,110.230731,632.575164
28.72,0.997182,0.804903,110.230715,632.575126
28.73,0.997182,0.804903,110.2307,632.575089
28.74,0.997182,0.804903,110.230685,632.575052
28.75,0.997182,0.804903,110.23067,632.575015
28.76,0.997182,0.804903,110.230655,632.574978
28.77,0.997182,0.804903,110.23064,632.574941
28.78,0.997182,0.804903,110.230626,632.574904
28.79,0.997182,0.804903,110.230611,632.574867
28.8,0.997182,0.804902,110.230596,632.574829
28.81,0.997182,0.804902,110.230581,632.574792
28.82,0.997182,0.804902,110.230566,632.574755
28.83,0.997182,0.804902,110.230551,632.574719
28.84,0.997182,0.804902,110.230536,632.574682
28.85,0.997182,0.804902,110.230521,632.574645
28.86,0.997182,0.804902,110.230506,632.574608
28.87,0.997182,0.804902,110.230492,632.574571
28.88,0.997182,0.804902,110.230477,632.574534
28.89,0.997182,0.804902,110.230462,632.574497
28.9,0.997182,0.804902,110.230447,632.574461
28.91,0.997182,0.804902,110.230432,632.574424
28.92,0.997182,0.804902,110.230418,632.574387
28.93,0.997182,0.804902,110.230403,632.574351
28.94,0.997182,0.804902,110.230388,632.574314
28.95,0.997182,0.804902,110.230374,632.574278
28.96,0.997182,0.804902,110.230359,632.574241
28.97,0.997182,0.804902,110.230344,632.574204
28.98,0.997182,0.804902,110.23033,632.574168
28.99,0.997182,0.804902,110.230315,632.574132
29,0.997182,0.804901,110.2303,632.574095
29.01,0.997182,0.804901,110.230286,632.574059
29.02,0.997182,0.804901,110.230271,632.574022
29.03,0.997182,0.804901,110.230256,632.573986
29.04,0.997182,0.804901,110.230242,632.57395
29.05,0.997182,0.804901,110.230227,632.573913
29.06,0.997182,0.804901,110.230213,632.573877
29.07,0.997182,0.804901,110.230198,632.573841
29.08,0.997182,0.804901,110.230184,632.573805
29.09,0.997182,0.804901,110.230169,632.573769
29.1,0.997182,0.804901,110.230154,632.573732
29.11,0.997182,0.804901,110.23014,632.573696
29.12,0.997182,0.804901,110.230125,632.57366
29.13,0.997182,0.804901,110.230111,632.573624
29.14,0.997182,0.804901,110.230096,632.573588
29.15,0.997182,0.804901,110.230082,632.573552
29.16,0.997182,0.804901,110.230067,632.573516
29.17,0.997182,0.804901,110.230053,632.57348
29.18,0.997182,0.804901,110.230038,632.573444
29.19,0.997182,0.804901,110.230024,632.573408
29.2,0.997182,0.804901,110.230009,632.573372
29.21,0.997182,0.8049,110.229994,632.573336
29.22,0.997182,0.8049,110.22998,632.5733
29.23,0.997182,0.8049,110.229965,632.573264
29.24,0.997182,0.8049,110.229951,632.573228
29.25,0.997182,0.8049,110.229936,632.573192
29.26,0.997182,0.8049,110.229922,632.573156
29.27,0.997182,0.8049,110.229907,632.57312
29.28,0.997182,0.8049,110.229893,632.573084
29.29,0.997182,0.8049,110.229878,632.573048
29.3,0.997182,0.8049,110.229863,632.573012
29.31,0.997182,0.8049,110.229849,632.572976
29.32,0.997182,0.8049,110.229834,632.572941
29.33,0.997182,0.8049,110.22982,632.572905
29.34,0.997182,0.8049,110.229805,632.572869
29.35,0.997182,0.8049,110.22979,632.572833
29.36,0.997182,0.8049,110.229776,632.572797
29.37,0.997182,0.8049,110.229761,632.572761
29.38,0.997182,0.8049,110.229746,632.572725
29.39,0.997182,0.8049,110.229732,632.572689
29.4,0.997182,0.8049,110.229717,632.572653
29.41,0.997182,0.804899,110.229702,632.572617
29.42,0.997182,0.804899,110.229688,632.572581
29.43,0.997182,0.804899,110.229673,632.572545
29.44,0.997182,0.804899,110.229658,632.572509
29.45,0.997182,0.804899,110.229644,632.572474
29.46,0.997182,0.804899,110.229629,632.572438
29.47,0.997182,0.804899,110.229614,632.572402
29.48,0.997182,0.804899,110.229599,632.572366
29.49,0.997182,0.804899,110.229585,632.57233
29.5,0.997182,0.804899,110.22957,632.572294
29.51,0.997182,0.804899,110.229555,632.572258
29.52,0.997182,0.804899,110.22954,632.572222
29.53,0.997182,0.804899,110.229526,632.572186
29.54,0.997182,0.804899,110.229511,632.57215
29.55,0.997182,0.804899,110.229496,632.572114
29.56,0.997182,0.804899,110.229481,632.572078
29.57,0.997182,0.804899,110.229466,632.572042
29.58,0.997182,0.804899,110.229451,632.572005
29.59,0.997182,0.804899,110.229437,632.571969
29.6,0.997182,0.804899,110.229422,632.571933
29.61,0.997182,0.804899,110.229407,632.571897
29.62,0.997182,0.804898,110.229392,632.571861
29.63,0.997182,0.804898,110.229377,632.571825
29.64,0.997182,0.804898,110.229362,632.571789
29.65,0.997182,0.804898,110.229347,632.571753
29.66,0.997182,0.804898,110.229332,632.571717
29.67,0.997182,0.804898,110.229317,632.571681
29.68,0.997182,0.804898,110.229303,632.571645
29.69,0.997182,0.804898,110.229288,632.571609
29.7,0.997182,0.804898,110.229273,632.571572
29.71,0.997182,0.804898,110.229258,632.571536
29.72,0.997182,0.804898,110.229243,632.5715
29.73,0.997182,0.804898,110.229228,632.571464
29.74,0.997182,0.804898,110.229213,632.571428
29.75,0.997182,0.804898,110.229198,632.571392
29.76,0.997182,0.804898,110.229183,632.571356
29.77,0.997182,0.804898,110.229168,632.571319
29.78,0.997182,0.804898,110.229153,632.571283
29.79,0.997182,0.804898,110.229138,632.571247
29.8,0.997182,0.804898,110.229123,632.571211
29.81,0.997182,0.804898,110.229108,632.571175
29.82,0.997182,0.804897,110.229093,632.571139
29.83,0.997182,0.804897,110.229078,632.571103
29.84,0.997182,0.804897,110.229063,632.571066
29.85,0.997182,0.804897,110.229048,632.57103
29.86,0.997182,0.804897,110.229033,632.570994
29.87,0.997182,0.804897,110.229018,632.570958
29.88,0.997182,0.804897,110.229003,632.570922
29.89,0.997182,0.804897,110.228988,632.570886
29.9,0.997182,0.804897,110.228973,632.57085
29.91,0.997182,0.804897,110.228958,632.570813
29.92,0.997182,0.804897,110.228943,632.570777
29.93,0.997182,0.804897,110.228928,632.570741
29.94,0.997182,0.804897,110.228913,632.570705
29.95,0.997182,0.804897,110.228897,632.570669
29.96,0.997182,0.804897,110.228882,632.570633
29.97,0.997182,0.804897,110.228867,632.570597
29.98,0.997182,0.804897,110.228852,632.570561
29.99,0.997182,0.804897,110.228837,632.570524
30,0.997182,0.804897,110.228822,632.570488
30.01,0.997182,0.804897,110.228807,632.570452
30.02,0.997182,0.804897,110.228792,632.570416
30.03,0.997182,0.804896,110.228777,632.57038
30.04,0.997182,0.804896,110.228762,632.570344
30.05,0.997182,0.804896,110.228746,632.570308
30.06,0.997182,0.804896,110.228731,632.570272
30.07,0.997182,0.804896,110.228716,632.570236
30.08,0.997182,0.804896,110.228701,632.5702
30.09,0.997182,0.804896,110.228686,632.570164
30.1,0.997182,0.804896,110.228671,632.570128
30.11,0.997182,0.804896,110.228656,632.570091
30.12,0.997182,0.804896,110.228641,632.570055
30.13,0.997182,0.804896,110.228625,632.570019
30.14,0.997182,0.804896,110.22861,632.569983
30.15,0.997182,0.804896,110.228595,632.569947
30.16,0.997182,0.804896,110.22858,632.569911
30.17,0.997182,0.804896,110.228565,632.569875
30.18,0.997182,0.804896,110.22855,632.569839
30.19,0.997182,0.804896,110.228534,632.569803
30.2,0.997182,0.804896,110.228519,632.569767
30.21,0.997182,0.804896,110.228504,632.569731
30.22,0.997182,0.804896,110.228489,632.569695
30.23,0.997182,0.804895,110.228474,632.569659
30.24,0.997182,0.804895,110.228458,632.569623
30.25,0.997182,0.804895,110.228443,632.569587
30.26,0.997182,0.804895,110.228428,632.569551
30.27,0.997182,0.804895,110.228413,632.569516
30.28,0.997182,0.804895,110.228398,632.56948
30.29,0.997182,0.804895,110.228382,632.569444
30.3,0.997182,0.804895,110.228367,632.569408
30.31,0.997182,0.804895,110.228352,632.569372
30.32,0.997182,0.804895,110.228337,632.569336
30.33,0.997182,0.804895,110.228322,632.5693
30.34,0.997182,0.804895,110.228306,632.569264
30.35,0.997182,0.804895,110.228291,632.569228
30.36,0.997182,0.804895,110.228276,632.569193
30.37,0.997182,0.804895,110.228261,632.569157
30.38,0.997182,0.804895,110.228245,632.569121
30.39,0.997182,0.804895,110.22823,632.569085
30.4,0.997182,0.804895,110.228215,632.569049
30.41,0.997182,0.804895,110.2282,632.569014
30.42,0.997182,0.804895,110.228185,632.568978
30.43,0.997182,0.804895,110.228169,632.568942
30.44,0.997182,0.804894,110.228154,632.568907
30.45,0.997182,0.804894,110.228139,632.568871
30.46,0.997182,0.804894,110.228124,632.568835
30.47,0.997182,0.804894,110.228109,632.5688
30.48,0.997182,0.804894,110.228093,632.568764
30.49,0.997182,0.804894,110.228078,632.568728
30.5,0.997182,0.804894,110.228063,632.568693
30.51,0.997182,0.804894,110.228048,632.568657
30.52,0.997182,0.804894,110.228033,632.568622
30.53,0.997182,0.804894,110.228018,632.568586
30.54,0.997182,0.804894,110.228002,632.56855
30.55,0.997182,0.804894,110.227987,632.568515
30.56,0.997182,0.804894,110.227972,632.568479
30.57,0.997182,0.804894,110.227957,632.568444
30.58,0.997182,0.804894,110.227942,632.568409
30.59,0.997182,0.804894,110.227927,632.568373
30.6,0.997182,0.804894,110.227911,632.568338
30.61,0.997182,0.804894,110.227896,632.568302
30.62,0.997182,0.804894,110.227881,632.568267
30.63,0.997182,0.804894,110.227866,632.568232
30.64,0.997182,0.804894,110.227851,632.568196
30.65,0.997182,0.804893,110.227836,632.568161
30.66,0.997182,0.804893,110.22782,632.568126
30.67,0.997182,0.804893,110.227805,632.56809
30.68,0.997182,0.804893,110.22779,632.568055
30.69,0.997182,0.804893,110.227775,632.56802
30.7,0.997182,0.804893,110.22776,632.567984
30.71,0.997182,0.804893,110.227745,632.567949
30.72,0.997182,0.804893,110.22773,632.567914
30.73,0.997182,0.804893,110.227715,632.567879
30.74,0.997182,0.804893,110.227699,632.567844
30.75,0.997182,0.804893,110.227684,632.567809
30.76,0.997182,0.804893,110.227669,632.567773
30.77,0.997182,0.804893,110.227654,632.567738
30.78,0.997182,0.804893,110.227639,632.567703
30.79,0.997182,0.804893,110.227624,632.567668
30.8,0.997182,0.804893,110.227609,632.567633
30.81,0.997182,0.804893,110.227594,632.567598
30.82,0.997182,0.804893,110.227578,632.567563
30.83,0.997182,0.804893,110.227563,632.567528
30.84,0.997182,0.804893,110.227548,632.567493
30.85,0.997182,0.804893,110.227533,632.567458
30.86,0.997182,0.804892,110.227518,632.567423
30.87,0.997182,0.804892,110.227503,632.567388
30.88,0.997182,0.804892,110.227488,632.567353
30.89,0.997182,0.804892,110.227472,632.567318
30.9,0.997182,0.804892,110.227457,632.567283
30.91,0.997182,0.804892,110.227442,632.567248
30.92,0.997182,0.804892,110.227427,632.567213
30.93,0.997182,0.804892,110.227412,632.567178
30.94,0.997182,0.804892,110.227397,632.567143
30.95,0.997182,0.804892,110.227381,632.567108
30.96,0.997182,0.804892,110.227366,632.567073
30.97,0.997182,0.804892,110.227351,632.567038
30.98,0.997182,0.804892,110.227336,632.567004
30.99,0.997182,0.804892,110.22732,632.566969
31,0.997182,0.804892,110.227305,632.566934
31.01,0.997182,0.804892,110.22729,632.566899
31.02,0.997182,0.804892,110.227275,632.566864
31.03,0.997182,0.804892,110.227259,632.566829
31.04,0.997182,0.804892,110.227244,632.566794
31.05,0.997182,0.804892,110.227229,632.566759
31.06,0.997182,0.804892,110.227214,632.566724
31.07,0.997182,0.804891,110.227198,632.566689
31.08,0.997182,0.804891,110.227183,632.566654
31.09,0.997182,0.804891,110.227168,632.56662
31.1,0.997182,0.804891,110.227152,632.566585
31.11,0.997182,0.804891,110.227137,632.56655
31.12,0.997182,0.804891,110.227122,632.566515
31.13,0.997182,0.804891,110.227106,632.56648
31.14,0.997182,0.804891,110.227091,632.566445
31.15,0.997182,0.804891,110.227075,632.56641
31.16,0.997182,0.804891,110.22706,632.566375
31.17,0.997182,0.804891,110.227045,632.56634
31.18,0.997182,0.804891,110.227029,632.566305
31.19,0.997182,0.804891,110.227014,632.56627
31.2,0.997182,0.804891,110.226998,632.566235
31.21,0.997182,0.804891,110.226983,632.5662
31.22,0.997182,0.804891,110.226967,632.566165
31.23,0.997182,0.804891,110.226952,632.56613
31.24,0.997182,0.804891,110.226936,632.566095
31.25,0.997182,0.804891,110.226921,632.56606
31.26,0.997182,0.804891,110.226905,632.566026
31.27,0.997182,0.804891,110.22689,632.565991
31.28,0.997182,0.80489,110.226874,632.565956
31.29,0.997182,0.80489,110.226859,632.565921
31.3,0.997182,0.80489,110.226843,632.565886
31.31,0.997182,0.80489,110.226828,632.565851
31.32,0.997182,0.80489,110.226812,632.565816
31.33,0.997182,0.80489,110.226797,632.565781
31.34,0.997182,0.80489,110.226781,632.565746
31.35,0.997182,0.80489,110.226765,632.565711
31.36,0.997182,0.80489,110.22675,632.565676
31.37,0.997182,0.80489,110.226734,632.565641
31.38,0.997182,0.80489,110.226719,632.565606
31.39,0.997182,0.80489,110.226703,632.565571
31.4,0.997182,0.80489,110.226687,632.565536
31.41,0.997182,0.80489,110.226672,632.565501
31.42,0.997182,0.80489,110.226656,632.565466
31.43,0.997182,0.80489,110.22664,632.565431
31.44,0.997182,0.80489,110.226625,632.565396
31.45,0.997182,0.80489,110.226609,632.565361
31.46,0.997182,0.80489,110.226593,632.565326
31.47,0.997182,0.80489,110.226578,632.565291
31.48,0.997182,0.80489,110.226562,632.565256
31.49,0.997182,0.804889,110.226546,632.565221
31.5,0.997182,0.804889,110.226531,632.565186
31.51,0.997182,0.804889,110.226515,632.565151
31.52,0.997182,0.804889,110.226499,632.565116
31.53,0.997182,0.804889,110.226484,632.565081
31.54,0.997182,0.804889,110.226468,632.565046
31.55,0.997182,0.804889,110.226452,632.565011
31.56,0.997182,0.804889,110.226437,632.564976
31.57,0.997182,0.804889,110.226421,632.564941
31.58,0.997182,0.804889,110.226405,632.564906
31.59,0.997182,0.804889,110.226389,632.564871
31.6,0.997182,0.804889,110.226374,632.564836
31.61,0.997182,0.804889,110.226358,632.564801
31.62,0.997182,0.804889,110.226342,632.564766
31.63,0.997182,0.804889,110.226327,632.564731
31.64,0.997182,0.804889,110.226311,632.564696
31.65,0.997182,0.804889,110.226295,632.564662
31.66,0.997182,0.804889,110.226279,632.564627
31.67,0.997182,0.804889,110.226264,632.564592
31.68,0.997182,0.804889,110.226248,632.564557
31.69,0.997182,0.804889,110.226232,632.564522
31.7,0.997182,0.804888,110.226216,632.564487
31.71,0.997182,0.804888,110.226201,632.564453
31.72,0.997182,0.804888,110.226185,632.564418
31.73,0.997182,0.804888,110.226169,632.564383
31.74,0.997182,0.804888,110.226154,632.564348
31.75,0.997182,0.804888,110.226138,632.564313
31.76,0.997182,0.804888,110.226122,632.564279
31.77,0.997182,0.804888,110.226106,632.564244
31.78,0.997182,0.804888,110.226091,632.564209
31.79,0.997182,0.804888,110.226075,632.564174
31.8,0.997182,0.804888,110.226059,632.56414
31.81,0.997182,0.804888,110.226043,632.564105
31.82,0.997182,0.804888,110.226028,632.56407
31.83,0.997182,0.804888,110.226012,632.564036
31.84,0.997182,0.804888,110.225996,632.564001
31.85,0.997182,0.804888,110.22598,632.563966
31.86,0.997182,0.804888,110.225965,632.563932
31.87,0.997182,0.804888,110.225949,632.563897
31.88,0.997182,0.804888,110.225933,632.563862
31.89,0.997182,0.804888,110.225917,632.563828
31.9,0.997182,0.804888,110.225902,632.563793
31.91,0.997182,0.804887,110.225886,632.563759
31.92,0.997182,0.804887,110.22587,632.563724
31.93,0.997182,0.804887,110.225854,632.56369
31.94,0.997182,0.804887,110.225839,632.563655
31.95,0.997182,0.804887,110.225823,632.56362
31.96,0.997182,0.804887,110.225807,632.563586
31.97,0.997182,0.804887,110.225791,632.563551
31.98,0.997182,0.804887,110.225776,632.563517
31.99,0.997182,0.804887,110.22576,632.563482
32,0.997182,0.804887,110.225744,632.563448
32.01,0.997182,0.804887,110.225728,632.563414
32.02,0.997182,0.804887,110.225712,632.563379
32.03,0.997182,0.804887,110.225697,632.563345
32.04,0.997182,0.804887,110.225681,632.56331
32.05,0.997182,0.804887,110.225665,632.563276
32.06,0.997182,0.804887,110.225649,632.563241
32.07,0.997182,0.804887,110.225634,632.563207
32.08,0.997182,0.804887,110.225618,632.563173
32.09,0.997182,0.804887,110.225602,632.563138
32.1,0.997182,0.804887,110.225586,632.563104
32.11,0.997182,0.804887,110.22557,632.56307
32.12,0.997182,0.804887,110.225555,632.563035
32.13,0.997182,0.804886,110.225539,632.563001
32.14,0.997182,0.804886,110.225523,632.562967
32.15,0.997182,0.804886,110.225507,632.562932
32.16,0.997182,0.804886,110.225491,632.562898
32.17,0.997182,0.804886,110.225476,632.562864
32.18,0.997182,0.804886,110.22546,632.562829
32.19,0.997182,0.804886,110.225444,632.562795
32.2,0.997182,0.804886,110.225428,632.562761
32.21,0.997182,0.804886,110.225413,632.562727
32.22,0.997182,0.804886,110.225397,632.562692
32.23,0.997182,0.804886,110.225381,632.562658
32.24,0.997182,0.804886,110.225365,632.562624
32.25,0.997182,0.804886,110.225349,632.56259
32.26,0.997182,0.804886,110.225334,632.562556
32.27,0.997182,0.804886,110.225318,632.562522
32.28,0.997182,0.804886,110.225302,632.562487
32.29,0.997182,0.804886,110.225286,632.562453
32.3,0.997182,0.804886,110.22527,632.562419
32.31,0.997182,0.804886,110.225255,632.562385
32.32,0.997182,0.804886,110.225239,632.562351
32.33,0.997182,0.804886,110.225223,632.562317
32.34,0.997182,0.804885,110.225207,632.562283
32.35,0.997182,0.804885,110.225191,632.562249
32.36,0.997182,0.804885,110.225176,632.562214
32.37,0.997182,0.804885,110.22516,632.56218
32.38,0.997182,0.804885,110.225144,632.562146
32.39,0.997182,0.804885,110.225128,632.562112
32.4,0.997182,0.804885,110.225112,632.562078
32.41,0.997182,0.804885,110.225096,632.562044
32.42,0.997182,0.804885,110.225081,632.56201
32.43,0.997182,0.804885,110.225065,632.561976
32.44,0.997182,0.804885,110.225049,632.561942
32.45,0.997182,0.804885,110.225033,632.561908
32.46,0.997182,0.804885,110.225017,632.561874
32.47,0.997182,0.804885,110.225002,632.56184
32.48,0.997182,0.804885,110.224986,632.561806
32.49,0.997182,0.804885,110.22497,632.561772
32.5,0.997182,0.804885,110.224954,632.561738
32.51,0.997182,0.804885,110.224938,632.561704
32.52,0.997182,0.804885,110.224922,632.561671
32.53,0.997182,0.804885,110.224907,632.561637
32.54,0.997182,0.804885,110.224891,632.561603
32.55,0.997182,0.804885,110.224875,632.561569
32.56,0.997182,0.804884,110.224859,632.561535
32.57,0.997182,0.804884,110.224843,632.561501
32.58,0.997182,0.804884,110.224827,632.561467
32.59,0.997182,0.804884,110.224812,632.561433
32.6,0.997182,0.804884,110.224796,632.561399
32.61,0.997182,0.804884,110.22478,632.561366
32.62,0.997182,0.804884,110.224764,632.561332
32.63,0.997182,0.804884,110.224748,632.561298
32.64,0.997182,0.804884,110.224732,632.561264
32.65,0.997182,0.804884,110.224717,632.56123
32.66,0.997182,0.804884,110.224701,632.561196
32.67,0.997182,0.804884,110.224685,632.561162
32.68,0.997182,0.804884,110.224669,632.561129
32.69,0.997182,0.804884,110.224653,632.561095
32.7,0.997182,0.804884,110.224637,632.561061
32.71,0.997182,0.804884,110.224621,632.561027
32.72,0.997182,0.804884,110.224605,632.560993
32.73,0.997182,0.804884,110.22459,632.56096
32.74,0.997182,0.804884,110.224574,632.560926
32.75,0.997182,0.804884,110.224558,632.560892
32.76,0.997182,0.804884,110.224542,632.560858
32.77,0.997182,0.804884,110.224526,632.560824
32.78,0.997182,0.804883,110.22451,632.560791
32.79,0.997182,0.804883,110.224494,632.560757
32.8,0.997182,0.804883,110.224478,632.560723
32.81,0.997182,0.804883,110.224462,632.560689
32.82,0.997182,0.804883,110.224446,632.560655
32.83,0.997182,0.804883,110.22443,632.560622
32.84,0.997182,0.804883,110.224414,632.560588
32.85,0.997182,0.804883,110.224398,632.560554
32.86,0.997182,0.804883,110.224383,632.56052
32.87,0.997182,0.804883,110.224367,632.560487
32.88,0.997182,0.804883,110.224351,632.560453
32.89,0.997182,0.804883,110.224335,632.560419
32.9,0.997182,0.804883,110.224319,632.560385
32.91,0.997182,0.804883,110.224303,632.560351
32.92,0.997182,0.804883,110.224287,632.560318
32.93,0.997182,0.804883,110.224271,632.560284
32.94,0.997182,0.804883,110.224255,632.56025
32.95,0.997182,0.804883,110.224239,632.560216
32.96,0.997182,0.804883,110.224223,632.560183
32.97,0.997182,0.804883,110.224207,632.560149
32.98,0.997182,0.804883,110.224191,632.560115
32.99,0.997182,0.804883,110.224175,632.560081
33,0.997182,0.804882,110.224159,632.560048
33.01,0.997182,0.804882,110.224143,632.560014
33.02,0.997182,0.804882,110.224127,632.55998
33.03,0.997182,0.804882,110.224111,632.559946
33.04,0.997182,0.804882,110.224095,632.559912
33.05,0.997182,0.804882,110.224079,632.559879
33.06,0.997182,0.804882,110.224062,632.559845
33.07,0.997182,0.804882,110.224046,632.559811
33.08,0.997182,0.804882,110.22403,632.559777
33.09,0.997182,0.804882,110.224014,632.559744
33.1,0.997182,0.804882,110.223998,632.55971
33.11,0.997182,0.804882,110.223982,632.559676
33.12,0.997182,0.804882,110.223966,632.559643
33.13,0.997182,0.804882,110.22395,632.559609
33.14,0.997182,0.804882,110.223934,632.559575
33.15,0.997182,0.804882,110.223918,632.559541
33.16,0.997182,0.804882,110.223902,632.559508
33.17,0.997182,0.804882,110.223886,632.559474
33.18,0.997182,0.804882,110.22387,632.55944
33.19,0.997182,0.804882,110.223854,632.559407
33.2,0.997182,0.804882,110.223838,632.559373
33.21,0.997182,0.804882,110.223822,632.559339
33.22,0.997182,0.804881,110.223806,632.559306
33.23,0.997182,0.804881,110.22379,632.559272
33.24,0.997182,0.804881,110.223774,632.559238
33.25,0.997182,0.804881,110.223758,632.559205
33.26,0.997182,0.804881,110.223742,632.559171
33.27,0.997182,0.804881,110.223726,632.559137
33.28,0.997182,0.804881,110.223709,632.559104
33.29,0.997182,0.804881,110.223693,632.55907
33.3,0.997182,0.804881,110.223677,632.559037
33.31,0.997182,0.804881,110.223661,632.559003
33.32,0.997182,0.804881,110.223645,632.558969
33.33,0.997182,0.804881,110.223629,632.558936
33.34,0.997182,0.804881,110.223613,632.558902
33.35,0.997182,0.804881,110.223597,632.558869
33.36,0.997182,0.804881,110.223581,632.558835
33.37,0.997182,0.804881,110.223565,632.558802
33.38,0.997182,0.804881,110.223549,632.558768
33.39,0.997182,0.804881,110.223533,632.558735
33.4,0.997182,0.804881,110.223517,632.558701
33.41,0.997182,0.804881,110.223501,632.558668
33.42,0.997182,0.804881,110.223485,632.558634
33.43,0.997182,0.804881,110.223469,632.558601
33.44,0.997182,0.80488,110.223453,632.558567
33.45,0.997182,0.80488,110.223437,632.558534
33.46,0.997182,0.80488,110.223421,632.5585
33.47,0.997182,0.80488,110.223405,632.558467
33.48,0.997182,0.80488,110.223389,632.558434
33.49,0.997182,0.80488,110.223373,632.5584
33.5,0.997182,0.80488,110.223357,632.558367
33.51,0.997182,0.80488,110.223341,632.558333
33.52,0.997182,0.80488,110.223325,632.5583
33.53,0.997182,0.80488,110.223309,632.558267
33.54,0.997182,0.80488,110.223293,632.558233
33.55,0.997182,0.80488,110.223277,632.5582
33.56,0.997182,0.80488,110.223261,632.558167
33.57,0.997182,0.80488,110.223245,632.558134
33.58,0.997182,0.80488,110.22323,632.5581
33.59,0.997182,0.80488,110.223214,632.558067
33.6,0.997182,0.80488,110.223198,632.558034
33.61,0.997182,0.80488,110.223182,632.558
33.62,0.997182,0.80488,110.223166,632.557967
33.63,0.997182,0.80488,110.22315,632.557934
33.64,0.997182,0.80488,110.223134,632.557901
33.65,0.997182,0.80488,110.223118,632.557868
33.66,0.997182,0.804879,110.223102,632.557834
33.67,0.997182,0.804879,110.223086,632.557801
33.68,0.997182,0.804879,110.22307,632.557768
33.69,0.997182,0.804879,110.223054,632.557735
33.7,0.997182,0.804879,110.223038,632.557702
33.71,0.997182,0.804879,110.223022,632.557669
33.72,0.997182,0.804879,110.223007,632.557636
33.73,0.997182,0.804879,110.222991,632.557602
33.74,0.997182,0.804879,110.222975,632.557569
33.75,0.997182,0.804879,110.222959,632.557536
33.76,0.997182,0.804879,110.222943,632.557503
33.77,0.997182,0.804879,110.222927,632.55747
33.78,0.997182,0.804879,110.222911,632.557437
33.79,0.997182,0.804879,110.222895,632.557404
33.8,0.997182,0.804879,110.222879,632.557371
33.81,0.997182,0.804879,110.222863,632.557338
33.82,0.997182,0.804879,110.222848,632.557305
33.83,0.997182,0.804879,110.222832,632.557272
33.84,0.997182,0.804879,110.222816,632.557239
33.85,0.997182,0.804879,110.2228,632.557206
33.86,0.997182,0.804879,110.222784,632.557173
33.87,0.997182,0.804879,110.222768,632.55714
33.88,0.997182,0.804879,110.222752,632.557107
33.89,0.997182,0.804878,110.222736,632.557074
33.9,0.997182,0.804878,110.222721,632.557041
33.91,0.997182,0.804878,110.222705,632.557008
33.92,0.997182,0.804878,110.222689,632.556975
33.93,0.997182,0.804878,110.222673,632.556942
33.94,0.997182,0.804878,110.222657,632.556909
33.95,0.997182,0.804878,110.222641,632.556876
33.96,0.997182,0.804878,110.222625,632.556844
33.97,0.997182,0.804878,110.222609,632.556811
33.98,0.997182,0.804878,110.222594,632.556778
33.99,0.997182,0.804878,110.222578,632.556745
34,0.997182,0.804878,110.222562,632.556712
34.01,0.997182,0.804878,110.222546,632.556679
34.02,0.997182,0.804878,110.22253,632.556646
34.03,0.997182,0.804878,110.222514,632.556613
34.04,0.997182,0.804878,110.222499,632.556581
34.05,0.997182,0.804878,110.222483,632.556548
34.06,0.997182,0.804878,110.222467,632.556515
34.07,0.997182,0.804878,110.222451,632.556482
34.08,0.997182,0.804878,110.222435,632.556449
34.09,0.997182,0.804878,110.222419,632.556416
34.1,0.997182,0.804878,110.222403,632.556384
34.11,0.997182,0.804877,110.222388,632.556351
34.12,0.997182,0.804877,110.222372,632.556318
34.13,0.997182,0.804877,110.222356,632.556285
34.14,0.997182,0.804877,110.22234,632.556252
34.15,0.997182,0.804877,110.222324,632.55622
34.16,0.997182,0.804877,110.222308,632.556187
34.17,0.997182,0.804877,110.222293,632.556154
34.18,0.997182,0.804877,110.222277,632.556121
34.19,0.997182,0.804877,110.222261,632.556088
34.2,0.997182,0.804877,110.222245,632.556056
34.21,0.997182,0.804877,110.222229,632.556023
34.22,0.997182,0.804877,110.222214,632.55599
34.23,0.997182,0.804877,110.222198,632.555957
34.24,0.997182,0.804877,110.222182,632.555925
34.25,0.997182,0.804877,110.222166,632.555892
34.26,0.997182,0.804877,110.22215,632.555859
34.27,0.997182,0.804877,110.222134,632.555827
34.28,0.997182,0.804877,110.222119,632.555794
34.29,0.997182,0.804877,110.222103,632.555761
34.3,0.997182,0.804877,110.222087,632.555729
34.31,0.997182,0.804877,110.222071,632.555696
34.32,0.997182,0.804877,110.222056,632.555663
34.33,0.997182,0.804877,110.22204,632.55563
34.34,0.997182,0.804876,110.222024,632.555598
34.35,0.997182,0.804876,110.222008,632.555565
34.36,0.997182,0.804876,110.221992,632.555532
34.37,0.997182,0.804876,110.221977,632.5555
34.38,0.997182,0.804876,110.221961,632.555467
34.39,0.997182,0.804876,110.221945,632.555435
34.4,0.997182,0.804876,110.221929,632.555402
34.41,0.997182,0.804876,110.221913,632.555369
34.42,0.997182,0.804876,110.221898,632.555337
34.43,0.997182,0.804876,110.221882,632.555304
34.44,0.997182,0.804876,110.221866,632.555271
34.45,0.997182,0.804876,110.22185,632.555239
34.46,0.997182,0.804876,110.221835,632.555206
34.47,0.997182,0.804876,110.221819,632.555174
34.48,0.997182,0.804876,110.221803,632.555141
34.49,0.997182,0.804876,110.221787,632.555108
34.5,0.997182,0.804876,110.221772,632.555076
34.51,0.997182,0.804876,110.221756,632.555043
34.52,0.997182,0.804876,110.22174,632.555011
34.53,0.997182,0.804876,110.221724,632.554978
34.54,0.997182,0.804876,110.221709,632.554946
34.55,0.997182,0.804876,110.221693,632.554913
34.56,0.997182,0.804876,110.221677,632.554881
34.57,0.997182,0.804875,110.221661,632.554848
34.58,0.997182,0.804875,110.221646,632.554815
34.59,0.997182,0.804875,110.22163,632.554783
34.6,0.997182,0.804875,110.221614,632.55475
34.61,0.997182,0.804875,110.221599,632.554718
34.62,0.997182,0.804875,110.221583,632.554685
34.63,0.997182,0.804875,110.221567,632.554653
34.64,0.997182,0.804875,110.221551,632.55462
34.65,0.997182,0.804875,110.221536,632.554588
34.66,0.997182,0.804875,110.22152,632.554555
34.67,0.997182,0.804875,110.221504,632.554523
34.68,0.997182,0.804875,110.221489,632.55449
34.69,0.997182,0.804875,110.221473,632.554458
34.7,0.997182,0.804875,110.221457,632.554425
34.71,0.997182,0.804875,110.221441,632.554393
34.72,0.997182,0.804875,110.221426,632.55436
34.73,0.997182,0.804875,110.22141,632.554328
34.74,0.997182,0.804875,110.221394,632.554296
34.75,0.997182,0.804875,110.221379,632.554263
34.76,0.997182,0.804875,110.221363,632.554231
34.77,0.997182,0.804875,110.221347,632.554198
34.78,0.997182,0.804875,110.221332,632.554166
34.79,0.997182,0.804875,110.221316,632.554133
34.8,0.997182,0.804874,110.2213,632.554101
34.81,0.997182,0.804874,110.221285,632.554069
34.82,0.997182,0.804874,110.221269,632.554036
34.83,0.997182,0.804874,110.221253,632.554004
34.84,0.997182,0.804874,110.221238,632.553971
34.85,0.997182,0.804874,110.221222,632.553939
34.86,0.997182,0.804874,110.221206,632.553907
34.87,0.997182,0.804874,110.221191,632.553874
34.88,0.997182,0.804874,110.221175,632.553842
34.89,0.997182,0.804874,110.221159,632.55381
34.9,0.997182,0.804874,110.221144,632.553777
34.91,0.997182,0.804874,110.221128,632.553745
34.92,0.997182,0.804874,110.221113,632.553713
34.93,0.997182,0.804874,110.221097,632.55368
34.94,0.997182,0.804874,110.221081,632.553648
34.95,0.997182,0.804874,110.221066,632.553616
34.96,0.997182,0.804874,110.22105,632.553583
34.97,0.997182,0.804874,110.221035,632.553551
34.98,0.997182,0.804874,110.221019,632.553519
34.99,0.997182,0.804874,110.221003,632.553487
35,0.997182,0.804874,110.220988,632.553454
35.01,0.997182,0.804874,110.220972,632.553422
35.02,0.997182,0.804874,110.220957,632.55339
35.03,0.997182,0.804873,110.220941,632.553358
35.04,0.997182,0.804873,110.220926,632.553325
35.05,0.997182,0.804873,110.22091,632.553293
35.06,0.997182,0.804873,110.220895,632.553261
35.07,0.997182,0.804873,110.220879,632.553229
35.08,0.997182,0.804873,110.220863,632.553197
35.09,0.997182,0.804873,110.220848,632.553165
35.1,0.997182,0.804873,110.220832,632.553132
35.11,0.997182,0.804873,110.220817,632.5531
35.12,0.997182,0.804873,110.220801,632.553068
35.13,0.997182,0.804873,110.220786,632.553036
35.14,0.997182,0.804873,110.22077,632.553004
35.15,0.997182,0.804873,110.220755,632.552972
35.16,0.997182,0.804873,110.220739,632.55294
35.17,0.997182,0.804873,110.220724,632.552908
35.18,0.997182,0.804873,110.220709,632.552876
35.19,0.997182,0.804873,110.220693,632.552843
35.2,0.997182,0.804873,110.220678,632.552811
35.21,0.997182,0.804873,110.220662,632.552779
35.22,0.997182,0.804873,110.220647,632.552747
35.23,0.997182,0.804873,110.220631,632.552715
35.24,0.997182,0.804873,110.220616,632.552683
35.25,0.997182,0.804873,110.220601,632.552651
35.26,0.997182,0.804872,110.220585,632.552619
35.27,0.997182,0.804872,110.22057,632.552587
35.28,0.997182,0.804872,110.220554,632.552555
35.29,0.997182,0.804872,110.220539,632.552523
35.3,0.997182,0.804872,110.220524,632.552491
35.31,0.997182,0.804872,110.220508,632.55246
35.32,0.997182,0.804872,110.220493,632.552428
35.33,0.997182,0.804872,110.220477,632.552396
35.34,0.997182,0.804872,110.220462,632.552364
35.35,0.997182,0.804872,110.220447,632.552332
35.36,0.997182,0.804872,110.220431,632.5523
35.37,0.997182,0.804872,110.220416,632.552268
35.38,0.997182,0.804872,110.220401,632.552236
35.39,0.997182,0.804872,110.220385,632.552204
35.4,0.997182,0.804872,110.22037,632.552173
35.41,0.997182,0.804872,110.220355,632.552141
35.42,0.997182,0.804872,110.22034,632.552109
35.43,0.997182,0.804872,110.220324,632.552077
35.44,0.997182,0.804872,110.220309,632.552045
35.45,0.997182,0.804872,110.220294,632.552014
35.46,0.997182,0.804872,110.220278,632.551982
35.47,0.997182,0.804872,110.220263,632.55195
35.48,0.997182,0.804872,110.220248,632.551918
35.49,0.997182,0.804871,110.220233,632.551886
35.5,0.997182,0.804871,110.220217,632.551855
35.51,0.997182,0.804871,110.220202,632.551823
35.52,0.997182,0.804871,110.220187,632.551791
35.53,0.997182,0.804871,110.220172,632.551759
35.54,0.997182,0.804871,110.220156,632.551728
35.55,0.997182,0.804871,110.220141,632.551696
35.56,0.997182,0.804871,110.220126,632.551664
35.57,0.997182,0.804871,110.220111,632.551633
35.58,0.997182,0.804871,110.220095,632.551601
35.59,0.997182,0.804871,110.22008,632.551569
35.6,0.997182,0.804871,110.220065,632.551537
35.61,0.997182,0.804871,110.22005,632.551506
35.62,0.997182,0.804871,110.220035,632.551474
35.63,0.997182,0.804871,110.220019,632.551442
35.64,0.997182,0.804871,110.220004,632.551411
35.65,0.997182,0.804871,110.219989,632.551379
35.66,0.997182,0.804871,110.219974,632.551348
35.67,0.997182,0.804871,110.219959,632.551316
35.68,0.997182,0.804871,110.219943,632.551284
35.69,0.997182,0.804871,110.219928,632.551253
35.7,0.997182,0.804871,110.219913,632.551221
35.71,0.997182,0.804871,110.219898,632.551189
35.72,0.997182,0.80487,110.219883,632.551158
35.73,0.997182,0.80487,110.219868,632.551126
35.74,0.997182,0.80487,110.219852,632.551095
35.75,0.997182,0.80487,110.219837,632.551063
35.76,0.997182,0.80487,110.219822,632.551031
35.77,0.997182,0.80487,110.219807,632.551
35.78,0.997182,0.80487,110.219792,632.550968
35.79,0.997182,0.80487,110.219777,632.550937
35.8,0.997182,0.80487,110.219762,632.550905
35.81,0.997182,0.80487,110.219747,632.550874
35.82,0.997182,0.80487,110.219731,632.550842
35.83,0.997182,0.80487,110.219716,632.550811
35.84,0.997182,0.80487,110.219701,632.550779
35.85,0.997182,0.80487,110.219686,632.550747
35.86,0.997182,0.80487,110.219671,632.550716
35.87,0.997182,0.80487,110.219656,632.550684
35.88,0.997182,0.80487,110.219641,632.550653
35.89,0.997182,0.80487,110.219626,632.550621
35.9,0.997182,0.80487,110.219611,632.55059
35.91,0.997182,0.80487,110.219596,632.550558
35.92,0.997182,0.80487,110.219581,632.550527
35.93,0.997182,0.80487,110.219566,632.550495
35.94,0.997182,0.80487,110.219551,632.550464
35.95,0.997182,0.80487,110.219535,632.550432
35.96,0.997182,0.804869,110.21952,632.550401
35.97,0.997182,0.804869,110.219505,632.55037
35.98,0.997182,0.804869,110.21949,632.550338
35.99,0.997182,0.804869,110.219475,632.550307
36,0.997182,0.804869,110.21946,632.550275
36.01,0.997182,0.804869,110.219445,632.550244
36.02,0.997182,0.804869,110.21943,632.550212
36.03,0.997182,0.804869,110.219415,632.550181
36.04,0.997182,0.804869,110.2194,632.55015
36.05,0.997182,0.804869,110.219385,632.550118
36.06,0.997182,0.804869,110.21937,632.550087
36.07,0.997182,0.804869,110.219355,632.550055
36.08,0.997182,0.804869,110.21934,632.550024
36.09,0.997182,0.804869,110.219325,632.549993
36.1,0.997182,0.804869,110.21931,632.549961
36.11,0.997182,0.804869,110.219295,632.54993
36.12,0.997182,0.804869,110.21928,632.549898
36.13,0.997182,0.804869,110.219266,632.549867
36.14,0.997182,0.804869,110.219251,632.549836
36.15,0.997182,0.804869,110.219236,632.549804
36.16,0.997182,0.804869,110.219221,632.549773
36.17,0.997182,0.804869,110.219206,632.549742
36.18,0.997182,0.804869,110.219191,632.54971
36.19,0.997182,0.804869,110.219176,632.549679
36.2,0.997182,0.804868,110.219161,632.549648
36.21,0.997182,0.804868,110.219146,632.549616
36.22,0.997182,0.804868,110.219131,632.549585
36.23,0.997182,0.804868,110.219116,632.549554
36.24,0.997182,0.804868,110.219101,632.549523
36.25,0.997182,0.804868,110.219087,632.549491
36.26,0.997182,0.804868,110.219072,632.54946
36.27,0.997182,0.804868,110.219057,632.549429
36.28,0.997182,0.804868,110.219042,632.549398
36.29,0.997182,0.804868,110.219027,632.549366
36.3,0.997182,0.804868,110.219012,632.549335
36.31,0.997182,0.804868,110.218997,632.549304
36.32,0.997182,0.804868,110.218983,632.549273
36.33,0.997182,0.804868,110.218968,632.549241
36.34,0.997182,0.804868,110.218953,632.54921
36.35,0.997182,0.804868,110.218938,632.549179
36.36,0.997182,0.804868,110.218923,632.549148
36.37,0.997182,0.804868,110.218909,632.549117
36.38,0.997182,0.804868,110.218894,632.549086
36.39,0.997182,0.804868,110.218879,632.549054
36.4,0.997182,0.804868,110.218864,632.549023
36.41,0.997182,0.804868,110.218849,632.548992
36.42,0.997182,0.804868,110.218835,632.548961
36.43,0.997182,0.804867,110.21882,632.54893
36.44,0.997182,0.804867,110.218805,632.548899
36.45,0.997182,0.804867,110.21879,632.548868
36.46,0.997182,0.804867,110.218776,632.548836
36.47,0.997182,0.804867,110.218761,632.548805
36.48,0.997182,0.804867,110.218746,632.548774
36.49,0.997182,0.804867,110.218731,632.548743
36.5,0.997182,0.804867,110.218717,632.548712
36.51,0.997182,0.804867,110.218702,632.548681
36.52,0.997182,0.804867,110.218687,632.54865
36.53,0.997182,0.804867,110.218672,632.548619
36.54,0.997182,0.804867,110.218658,632.548588
36.55,0.997182,0.804867,110.218643,632.548557
36.56,0.997182,0.804867,110.218628,632.548526
36.57,0.997182,0.804867,110.218614,632.548495
36.58,0.997182,0.804867,110.218599,632.548464
36.59,0.997182,0.804867,110.218584,632.548433
36.6,0.997182,0.804867,110.21857,632.548402
36.61,0.997182,0.804867,110.218555,632.548371
36.62,0.997182,0.804867,110.21854,632.54834
36.63,0.997182,0.804867,110.218526,632.548309
36.64,0.997182,0.804867,110.218511,632.548278
36.65,0.997182,0.804867,110.218496,632.548247
36.66,0.997182,0.804867,110.218482,632.548216
36.67,0.997182,0.804866,110.218467,632.548185
36.68,0.997182,0.804866,110.218453,632.548154
36.69,0.997182,0.804866,110.218438,632.548123
36.7,0.997182,0.804866,110.218423,632.548092
36.71,0.997182,0.804866,110.218409,632.548061
36.72,0.997182,0.804866,110.218394,632.54803
36.73,0.997182,0.804866,110.21838,632.547999
36.74,0.997182,0.804866,110.218365,632.547969
36.75,0.997182,0.804866,110.21835,632.547938
36.76,0.997182,0.804866,110.218336,632.547907
36.77,0.997182,0.804866,110.218321,632.547876
36.78,0.997182,0.804866,110.218307,632.547845
36.79,0.997182,0.804866,110.218292,632.547814
36.8,0.997182,0.804866,110.218278,632.547783
36.81,0.997182,0.804866,110.218263,632.547753
36.82,0.997182,0.804866,110.218249,632.547722
36.83,0.997182,0.804866,110.218234,632.547691
36.84,0.997182,0.804866,110.21822,632.54766
36.85,0.997182,0.804866,110.218205,632.547629
36.86,0.997182,0.804866,110.218191,632.547599
36.87,0.997182,0.804866,110.218176,632.547568
36.88,0.997182,0.804866,110.218162,632.547537
36.89,0.997182,0.804866,110.218147,632.547506
36.9,0.997182,0.804866,110.218133,632.547476
36.91,0.997182,0.804865,110.218118,632.547445
36.92,0.997182,0.804865,110.218104,632.547414
36.93,0.997182,0.804865,110.218089,632.547384
36.94,0.997182,0.804865,110.218075,632.547353
36.95,0.997182,0.804865,110.21806,632.547322
36.96,0.997182,0.804865,110.218046,632.547291
36.97,0.997182,0.804865,110.218032,632.547261
36.98,0.997182,0.804865,110.218017,632.54723
36.99,0.997182,0.804865,110.218003,632.547199
37,0.997182,0.804865,110.217988,632.547169
37.01,0.997182,0.804865,110.217974,632.547138
37.02,0.997182,0.804865,110.21796,632.547107
37.03,0.997182,0.804865,110.217945,632.547077
37.04,0.997182,0.804865,110.217931,632.547046
37.05,0.997182,0.804865,110.217917,632.547016
37.06,0.997182,0.804865,110.217902,632.546985
37.07,0.997182,0.804865,110.217888,632.546954
37.08,0.997182,0.804865,110.217873,632.546924
37.09,0.997182,0.804865,110.217859,632.546893
37.1,0.997182,0.804865,110.217845,632.546863
37.11,0.997182,0.804865,110.21783,632.546832
37.12,0.997182,0.804865,110.217816,632.546802
37.13,0.997182,0.804865,110.217802,632.546771
37.14,0.997182,0.804865,110.217788,632.546741
37.15,0.997182,0.804864,110.217773,632.54671
37.16,0.997182,0.804864,110.217759,632.546679
37.17,0.997182,0.804864,110.217745,632.546649
37.18,0.997182,0.804864,110.21773,632.546618
37.19,0.997182,0.804864,110.217716,632.546588
37.2,0.997182,0.804864,110.217702,632.546557
37.21,0.997182,0.804864,110.217688,632.546527
37.22,0.997182,0.804864,110.217673,632.546496
37.23,0.997182,0.804864,110.217659,632.546466
37.24,0.997182,0.804864,110.217645,632.546436
37.25,0.997182,0.804864,110.217631,632.546405
37.26,0.997182,0.804864,110.217616,632.546375
37.27,0.997182,0.804864,110.217602,632.546344
37.28,0.997182,0.804864,110.217588,632.546314
37.29,0.997182,0.804864,110.217574,632.546283
37.3,0.997182,0.804864,110.217559,632.546253
37.31,0.997182,0.804864,110.217545,632.546223
37.32,0.997182,0.804864,110.217531,632.546192
37.33,0.997182,0.804864,110.217517,632.546162
37.34,0.997182,0.804864,110.217503,632.546131
37.35,0.997182,0.804864,110.217488,632.546101
37.36,0.997182,0.804864,110.217474,632.546071
37.37,0.997182,0.804864,110.21746,632.54604
37.38,0.997182,0.804864,110.217446,632.54601
37.39,0.997182,0.804864,110.217432,632.54598
37.4,0.997182,0.804863,110.217418,632.545949
37.41,0.997182,0.804863,110.217403,632.545919
37.42,0.997182,0.804863,110.217389,632.545888
37.43,0.997182,0.804863,110.217375,632.545858
37.44,0.997182,0.804863,110.217361,632.545828
37.45,0.997182,0.804863,110.217347,632.545798
37.46,0.997182,0.804863,110.217333,632.545767
37.47,0.997182,0.804863,110.217319,632.545737
37.48,0.997182,0.804863,110.217304,632.545707
37.49,0.997182,0.804863,110.21729,632.545676
37.5,0.997182,0.804863,110.217276,632.545646
37.51,0.997182,0.804863,110.217262,632.545616
37.52,0.997182,0.804863,110.217248,632.545585
37.53,0.997182,0.804863,110.217234,632.545555
37.54,0.997182,0.804863,110.21722,632.545525
37.55,0.997182,0.804863,110.217206,632.545495
37.56,0.997182,0.804863,110.217192,632.545464
37.57,0.997182,0.804863,110.217178,632.545434
37.58,0.997182,0.804863,110.217163,632.545404
37.59,0.997182,0.804863,110.217149,632.545374
37.6,0.997182,0.804863,110.217135,632.545343
37.61,0.997182,0.804863,110.217121,632.545313
37.62,0.997182,0.804863,110.217107,632.545283
37.63,0.997182,0.804863,110.217093,632.545253
37.64,0.997182,0.804862,110.217079,632.545223
37.65,0.997182,0.804862,110.217065,632.545192
37.66,0.997182,0.804862,110.217051,632.545162
37.67,0.997182,0.804862,110.217037,632.545132
37.68,0.997182,0.804862,110.217023,632.545102
37.69,0.997182,0.804862,110.217009,632.545072
37.7,0.997182,0.804862,110.216995,632.545042
37.71,0.997182,0.804862,110.216981,632.545011
37.72,0.997182,0.804862,110.216967,632.544981
37.73,0.997182,0.804862,110.216953,632.544951
37.74,0.997182,0.804862,110.216939,632.544921
37.75,0.997182,0.804862,110.216925,632.544891
37.76,0.997182,0.804862,110.216911,632.544861
37.77,0.997182,0.804862,110.216897,632.544831
37.78,0.997182,0.804862,110.216883,632.5448
37.79,0.997182,0.804862,110.216869,632.54477
37.8,0.997182,0.804862,110.216855,632.54474
37.81,0.997182,0.804862,110.216841,632.54471
37.82,0.997182,0.804862,110.216827,632.54468
37.83,0.997182,0.804862,110.216813,632.54465
37.84,0.997182,0.804862,110.216799,632.54462
37.85,0.997182,0.804862,110.216785,632.54459
37.86,0.997182,0.804862,110.216772,632.54456
37.87,0.997182,0.804862,110.216758,632.54453
37.88,0.997182,0.804862,110.216744,632.5445
37.89,0.997182,0.804861,110.21673,632.54447
37.9,0.997182,0.804861,110.216716,632.54444
37.91,0.997182,0.804861,110.216702,632.54441
37.92,0.997182,0.804861,110.216688,632.54438
37.93,0.997182,0.804861,110.216674,632.54435
37.94,0.997182,0.804861,110.21666,632.54432
37.95,0.997182,0.804861,110.216647,632.54429
37.96,0.997182,0.804861,110.216633,632.54426
37.97,0.997182,0.804861,110.216619,632.54423
37.98,0.997182,0.804861,110.216605,632.5442
37.99,0.997182,0.804861,110.216591,632.54417
38,0.997182,0.804861,110.216577,632.54414
38.01,0.997182,0.804861,110.216563,632.54411
38.02,0.997182,0.804861,110.21655,632.54408
38.03,0.997182,0.804861,110.216536,632.54405
38.04,0.997182,0.804861,110.216522,632.54402
38.05,0.997182,0.804861,110.216508,632.54399
38.06,0.997182,0.804861,110.216494,632.54396
38.07,0.997182,0.804861,110.216481,632.543931
38.08,0.997182,0.804861,110.216467,632.543901
38.09,0.997182,0.804861,110.216453,632.543871
38.1,0.997182,0.804861,110.216439,632.543841
38.11,0.997182,0.804861,110.216426,632.543811
38.12,0.997182,0.804861,110.216412,632.543781
38.13,0.997182,0.804861,110.216398,632.543751
38.14,0.997182,0.80486,110.216384,632.543722
38.15,0.997182,0.80486,110.21637,632.543692
38.16,0.997182,0.80486,110.216357,632.543662
38.17,0.997182,0.80486,110.216343,632.543632
38.18,0.997182,0.80486,110.216329,632.543602
38.19,0.997182,0.80486,110.216316,632.543573
38.2,0.997182,0.80486,110.216302,632.543543
38.21,0.997182,0.80486,110.216288,632.543513
38.22,0.997182,0.80486,110.216274,632.543483
38.23,0.997182,0.80486,110.216261,632.543453
38.24,0.997182,0.80486,110.216247,632.543424
38.25,0.997182,0.80486,110.216233,632.543394
38.26,0.997182,0.80486,110.21622,632.543364
38.27,0.997182,0.80486,110.216206,632.543335
38.28,0.997182,0.80486,110.216192,632.543305
38.29,0.997182,0.80486,110.216179,632.543275
38.3,0.997182,0.80486,110.216165,632.543245
38.31,0.997182,0.80486,110.216151,632.543216
38.32,0.997182,0.80486,110.216138,632.543186
38.33,0.997182,0.80486,110.216124,632.543156
38.34,0.997182,0.80486,110.21611,632.543127
38.35,0.997182,0.80486,110.216097,632.543097
38.36,0.997182,0.80486,110.216083,632.543067
38.37,0.997182,0.80486,110.216069,632.543038
38.38,0.997182,0.804859,110.216056,632.543008
38.39,0.997182,0.804859,110.216042,632.542978
38.4,0.997182,0.804859,110.216029,632.542949
38.41,0.997182,0.804859,110.216015,632.542919
38.42,0.997182,0.804859,110.216001,632.54289
38.43,0.997182,0.804859,110.215988,632.54286
38.44,0.997182,0.804859,110.215974,632.54283
38.45,0.997182,0.804859,110.215961,632.542801
38.46,0.997182,0.804859,110.215947,632.542771
38.47,0.997182,0.804859,110.215934,632.542742
38.48,0.997182,0.804859,110.21592,632.542712
38.49,0.997182,0.804859,110.215906,632.542683
38.5,0.997182,0.804859,110.215893,632.542653
38.51,0.997182,0.804859,110.215879,632.542624
38.52,0.997182,0.804859,110.215866,632.542594
38.53,0.997182,0.804859,110.215852,632.542564
38.54,0.997182,0.804859,110.215839,632.542535
38.55,0.997182,0.804859,110.215825,632.542505
38.56,0.997182,0.804859,110.215812,632.542476
38.57,0.997182,0.804859,110.215798,632.542446
38.58,0.997182,0.804859,110.215785,632.542417
38.59,0.997182,0.804859,110.215771,632.542387
38.6,0.997182,0.804859,110.215758,632.542358
38.61,0.997182,0.804859,110.215744,632.542329
38.62,0.997182,0.804859,110.215731,632.542299
38.63,0.997182,0.804859,110.215717,632.54227
38.64,0.997182,0.804858,110.215704,632.54224
38.65,0.997182,0.804858,110.21569,632.542211
38.66,0.997182,0.804858,110.215677,632.542181
38.67,0.997182,0.804858,110.215663,632.542152
38.68,0.997182,0.804858,110.21565,632.542123
38.69,0.997182,0.804858,110.215636,632.542093
38.7,0.997182,0.804858,110.215623,632.542064
38.71,0.997182,0.804858,110.215609,632.542034
38.72,0.997182,0.804858,110.215596,632.542005
38.73,0.997182,0.804858,110.215583,632.541976
38.74,0.997182,0.804858,110.215569,632.541946
38.75,0.997182,0.804858,110.215556,632.541917
38.76,0.997182,0.804858,110.215542,632.541888
38.77,0.997182,0.804858,110.215529,632.541858
38.78,0.997182,0.804858,110.215515,632.541829
38.79,0.997182,0.804858,110.215502,632.5418
38.8,0.997182,0.804858,110.215489,632.54177
38.81,0.997182,0.804858,110.215475,632.541741
38.82,0.997182,0.804858,110.215462,632.541712
38.83,0.997182,0.804858,110.215449,632.541682
38.84,0.997182,0.804858,110.215435,632.541653
38.85,0.997182,0.804858,110.215422,632.541624
38.86,0.997182,0.804858,110.215408,632.541595
38.87,0.997182,0.804858,110.215395,632.541565
38.88,0.997182,0.804858,110.215382,632.541536
38.89,0.997182,0.804857,110.215368,632.541507
38.9,0.997182,0.804857,110.215355,632.541477
38.91,0.997182,0.804857,110.215342,632.541448
38.92,0.997182,0.804857,110.215328,632.541419
38.93,0.997182,0.804857,110.215315,632.54139
38.94,0.997182,0.804857,110.215302,632.541361
38.95,0.997182,0.804857,110.215288,632.541331
38.96,0.997182,0.804857,110.215275,632.541302
38.97,0.997182,0.804857,110.215262,632.541273
38.98,0.997182,0.804857,110.215248,632.541244
38.99,0.997182,0.804857,110.215235,632.541215
39,0.997182,0.804857,110.215222,632.541185
39.01,0.997182,0.804857,110.215208,632.541156
39.02,0.997182,0.804857,110.215195,632.541127
39.03,0.997182,0.804857,110.215182,632.541098
39.04,0.997182,0.804857,110.215169,632.541069
39.05,0.997182,0.804857,110.215155,632.54104
39.06,0.997182,0.804857,110.215142,632.541011
39.07,0.997182,0.804857,110.215129,632.540981
39.08,0.997182,0.804857,110.215116,632.540952
39.09,0.997182,0.804857,110.215102,632.540923
39.1,0.997182,0.804857,110.215089,632.540894
39.11,0.997182,0.804857,110.215076,632.540865
39.12,0.997182,0.804857,110.215062,632.540836
39.13,0.997182,0.804857,110.215049,632.540807
39.14,0.997182,0.804856,110.215036,632.540778
39.15,0.997182,0.804856,110.215023,632.540749
39.16,0.997182,0.804856,110.21501,632.54072
39.17,0.997182,0.804856,110.214996,632.54069
39.18,0.997182,0.804856,110.214983,632.540661
39.19,0.997182,0.804856,110.21497,632.540632
39.2,0.997182,0.804856,110.214957,632.540603
39.21,0.997182,0.804856,110.214943,632.540574
39.22,0.997182,0.804856,110.21493,632.540545
39.23,0.997182,0.804856,110.214917,632.540516
39.24,0.997182,0.804856,110.214904,632.540487
39.25,0.997182,0.804856,110.214891,632.540458
39.26,0.997182,0.804856,110.214877,632.540429
39.27,0.997182,0.804856,110.214864,632.5404
39.28,0.997182,0.804856,110.214851,632.540371
39.29,0.997182,0.804856,110.214838,632.540342
39.3,0.997182,0.804856,110.214825,632.540313
39.31,0.997182,0.804856,110.214812,632.540284
39.32,0.997182,0.804856,110.214798,632.540255
39.33,0.997182,0.804856,110.214785,632.540226
39.34,0.997182,0.804856,110.214772,632.540197
39.35,0.997182,0.804856,110.214759,632.540169
39.36,0.997182,0.804856,110.214746,632.54014
39.37,0.997182,0.804856,110.214733,632.540111
39.38,0.997182,0.804856,110.21472,632.540082
39.39,0.997182,0.804856,110.214706,632.540053
39.4,0.997182,0.804855,110.214693,632.540024
39.41,0.997182,0.804855,110.21468,632.539995
39.42,0.997182,0.804855,110.214667,632.539966
39.43,0.997182,0.804855,110.214654,632.539937
39.44,0.997182,0.804855,110.214641,632.539908
39.45,0.997182,0.804855,110.214628,632.539879
39.46,0.997182,0.804855,110.214615,632.539851
39.47,0.997182,0.804855,110.214602,632.539822
39.48,0.997182,0.804855,110.214588,632.539793
39.49,0.997182,0.804855,110.214575,632.539764
39.5,0.997182,0.804855,110.214562,632.539735
39.51,0.997182,0.804855,110.214549,632.539706
39.52,0.997182,0.804855,110.214536,632.539678
39.53,0.997182,0.804855,110.214523,632.539649
39.54,0.997182,0.804855,110.21451,632.53962
39.55,0.997182,0.804855,110.214497,632.539591
39.56,0.997182,0.804855,110.214484,632.539562
39.57,0.997182,0.804855,110.214471,632.539534
39.58,0.997182,0.804855,110.214458,632.539505
39.59,0.997182,0.804855,110.214445,632.539476
39.6,0.997182,0.804855,110.214432,632.539447
39.61,0.997182,0.804855,110.214419,632.539418
39.62,0.997182,0.804855,110.214406,632.53939
39.63,0.997182,0.804855,110.214393,632.539361
39.64,0.997182,0.804855,110.21438,632.539332
39.65,0.997182,0.804855,110.214367,632.539304
39.66,0.997182,0.804854,110.214354,632.539275
39.67,0.997182,0.804854,110.214341,632.539246
39.68,0.997182,0.804854,110.214328,632.539217
39.69,0.997182,0.804854,110.214315,632.539189
39.7,0.997182,0.804854,110.214302,632.53916
39.71,0.997182,0.804854,110.214289,632.539131
39.72,0.997182,0.804854,110.214276,632.539103
39.73,0.997182,0.804854,110.214263,632.539074
39.74,0.997182,0.804854,110.21425,632.539045
39.75,0.997182,0.804854,110.214237,632.539017
39.76,0.997182,0.804854,110.214224,632.538988
39.77,0.997182,0.804854,110.214211,632.538959
39.78,0.997182,0.804854,110.214198,632.538931
39.79,0.997182,0.804854,110.214185,632.538902
39.8,0.997182,0.804854,110.214172,632.538874
39.81,0.997182,0.804854,110.214159,632.538845
39.82,0.997182,0.804854,110.214146,632.538816
39.83,0.997182,0.804854,110.214133,632.538788
39.84,0.997182,0.804854,110.21412,632.538759
39.85,0.997182,0.804854,110.214107,632.538731
39.86,0.997182,0.804854,110.214094,632.538702
39.87,0.997182,0.804854,110.214081,632.538673
39.88,0.997182,0.804854,110.214069,632.538645
39.89,0.997182,0.804854,110.214056,632.538616
39.9,0.997182,0.804854,110.214043,632.538588
39.91,0.997182,0.804853,110.21403,632.538559
39.92,0.997182,0.804853,110.214017,632.538531
39.93,0.997182,0.804853,110.214004,632.538502
39.94,0.997183,0.804853,110.213991,632.538474
39.95,0.997183,0.804853,110.213978,632.538445
39.96,0.997183,0.804853,110.213965,632.538417
39.97,0.997183,0.804853,110.213953,632.538388
39.98,0.997183,0.804853,110.21394,632.53836
39.99,0.997183,0.804853,110.213927,632.538331
40,0.997183,0.804853,110.213914,632.538303
40.01,0.997183,0.804853,110.213901,632.538275
40.02,0.997183,0.804853,110.213888,632.538246
40.03,0.997183,0.804853,110.213875,632.538218
40.04,0.997183,0.804853,110.213863,632.538189
40.05,0.997183,0.804853,110.21385,632.538161
40.06,0.997183,0.804853,110.213837,632.538132
40.07,0.997183,0.804853,110.213824,632.538104
40.08,0.997183,0.804853,110.213811,632.538076
40.09,0.997183,0.804853,110.213799,632.538047
40.1,0.997183,0.804853,110.213786,632.538019
40.11,0.997183,0.804853,110.213773,632.53799
40.12,0.997183,0.804853,110.21376,632.537962
40.13,0.997183,0.804853,110.213747,632.537934
40.14,0.997183,0.804853,110.213735,632.537905
40.15,0.997183,0.804853,110.213722,632.537877
40.16,0.997183,0.804853,110.213709,632.537849
40.17,0.997183,0.804853,110.213696,632.53782
40.18,0.997183,0.804852,110.213683,632.537792
40.19,0.997183,0.804852,110.213671,632.537764
40.2,0.997183,0.804852,110.213658,632.537735
40.21,0.997183,0.804852,110.213645,632.537707
40.22,0.997183,0.804852,110.213632,632.537679
40.23,0.997183,0.804852,110.21362,632.53765
40.24,0.997183,0.804852,110.213607,632.537622
40.25,0.997183,0.804852,110.213594,632.537594
40.26,0.997183,0.804852,110.213581,632.537566
40.27,0.997183,0.804852,110.213569,632.537537
40.28,0.997183,0.804852,110.213556,632.537509
40.29,0.997183,0.804852,110.213543,632.537481
40.3,0.997183,0.804852,110.21353,632.537453
40.31,0.997183,0.804852,110.213518,632.537424
40.32,0.997183,0.804852,110.213505,632.537396
40.33,0.997183,0.804852,110.213492,632.537368
40.34,0.997183,0.804852,110.213479,632.53734
40.35,0.997183,0.804852,110.213467,632.537312
40.36,0.997183,0.804852,110.213454,632.537283
40.37,0.997183,0.804852,110.213441,632.537255
40.38,0.997183,0.804852,110.213429,632.537227
40.39,0.997183,0.804852,110.213416,632.537199
40.4,0.997183,0.804852,110.213403,632.537171
40.41,0.997183,0.804852,110.213391,632.537142
40.42,0.997183,0.804852,110.213378,632.537114
40.43,0.997183,0.804852,110.213365,632.537086
40.44,0.997183,0.804851,110.213353,632.537058
40.45,0.997183,0.804851,110.21334,632.53703
40.46,0.997183,0.804851,110.213327,632.537002
40.47,0.997183,0.804851,110.213314,632.536974
40.48,0.997183,0.804851,110.213302,632.536946
40.49,0.997183,0.804851,110.213289,632.536917
40.5,0.997183,0.804851,110.213277,632.536889
40.51,0.997183,0.804851,110.213264,632.536861
40.52,0.997183,0.804851,110.213251,632.536833
40.53,0.997183,0.804851,110.213239,632.536805
40.54,0.997183,0.804851,110.213226,632.536777
40.55,0.997183,0.804851,110.213213,632.536749
40.56,0.997183,0.804851,110.213201,632.536721
40.57,0.997183,0.804851,110.213188,632.536693
40.58,0.997183,0.804851,110.213175,632.536665
40.59,0.997183,0.804851,110.213163,632.536637
40.6,0.997183,0.804851,110.21315,632.536609
40.61,0.997183,0.804851,110.213138,632.536581
40.62,0.997183,0.804851,110.213125,632.536553
40.63,0.997183,0.804851,110.213112,632.536525
40.64,0.997183,0.804851,110.2131,632.536497
40.65,0.997183,0.804851,110.213087,632.536469
40.66,0.997183,0.804851,110.213075,632.536441
40.67,0.997183,0.804851,110.213062,632.536413
40.68,0.997183,0.804851,110.213049,632.536385
40.69,0.997183,0.804851,110.213037,632.536357
40.7,0.997183,0.80485,110.213024,632.536329
40.71,0.997183,0.80485,110.213012,632.536301
40.72,0.997183,0.80485,110.212999,632.536273
40.73,0.997183,0.80485,110.212986,632.536245
40.74,0.997183,0.80485,110.212974,632.536217
40.75,0.997183,0.80485,110.212961,632.536189
40.76,0.997183,0.80485,110.212949,632.536161
40.77,0.997183,0.80485,110.212936,632.536133
40.78,0.997183,0.80485,110.212924,632.536105
40.79,0.997183,0.80485,110.212911,632.536077
40.8,0.997183,0.80485,110.212899,632.536049
40.81,0.997183,0.80485,110.212886,632.536022
40.82,0.997183,0.80485,110.212874,632.535994
40.83,0.997183,0.80485,110.212861,632.535966
40.84,0.997183,0.80485,110.212848,632.535938
40.85,0.997183,0.80485,110.212836,632.53591
40.86,0.997183,0.80485,110.212823,632.535882
40.87,0.997183,0.80485,110.212811,632.535854
40.88,0.997183,0.80485,110.212798,632.535827
40.89,0.997183,0.80485,110.212786,632.535799
40.9,0.997183,0.80485,110.212773,632.535771
40.91,0.997183,0.80485,110.212761,632.535743
40.92,0.997183,0.80485,110.212748,632.535715
40.93,0.997183,0.80485,110.212736,632.535687
40.94,0.997183,0.80485,110.212723,632.53566
40.95,0.997183,0.80485,110.212711,632.535632
40.96,0.997183,0.80485,110.212698,632.535604
40.97,0.997183,0.804849,110.212686,632.535576
40.98,0.997183,0.804849,110.212673,632.535549
40.99,0.997183,0.804849,110.212661,632.535521
41,0.997183,0.804849,110.212648,632.535493
41.01,0.997183,0.804849,110.212636,632.535465
41.02,0.997183,0.804849,110.212624,632.535437
41.03,0.997183,0.804849,110.212611,632.53541
41.04,0.997183,0.804849,110.212599,632.535382
41.05,0.997183,0.804849,110.212586,632.535354
41.06,0.997183,0.804849,110.212574,632.535327
41.07,0.997183,0.804849,110.212561,632.535299
41.08,0.997183,0.804849,110.212549,632.535271
41.09,0.997183,0.804849,110.212536,632.535243
41.1,0.997183,0.804849,110.212524,632.535216
41.11,0.997183,0.804849,110.212511,632.535188
41.12,0.997183,0.804849,110.212499,632.53516
41.13,0.997183,0.804849,110.212487,632.535133
41.14,0.997183,0.804849,110.212474,632.535105
41.15,0.997183,0.804849,110.212462,632.535077
41.16,0.997183,0.804849,110.212449,632.53505
41.17,0.997183,0.804849,110.212437,632.535022
41.18,0.997183,0.804849,110.212425,632.534994
41.19,0.997183,0.804849,110.212412,632.534967
41.2,0.997183,0.804849,110.2124,632.534939
41.21,0.997183,0.804849,110.212387,632.534912
41.22,0.997183,0.804849,110.212375,632.534884
41.23,0.997183,0.804849,110.212363,632.534856
41.24,0.997183,0.804848,110.21235,632.534829
41.25,0.997183,0.804848,110.212338,632.534801
41.26,0.997183,0.804848,110.212325,632.534774
41.27,0.997183,0.804848,110.212313,632.534746
41.28,0.997183,0.804848,110.212301,632.534719
41.29,0.997183,0.804848,110.212288,632.534691
41.3,0.997183,0.804848,110.212276,632.534663
41.31,0.997183,0.804848,110.212264,632.534636
41.32,0.997183,0.804848,110.212251,632.534608
41.33,0.997183,0.804848,110.212239,632.534581
41.34,0.997183,0.804848,110.212226,632.534553
41.35,0.997183,0.804848,110.212214,632.534526
41.36,0.997183,0.804848,110.212202,632.534498
41.37,0.997183,0.804848,110.212189,632.534471
41.38,0.997183,0.804848,110.212177,632.534443
41.39,0.997183,0.804848,110.212165,632.534416
41.4,0.997183,0.804848,110.212152,632.534388
41.41,0.997183,0.804848,110.21214,632.534361
41.42,0.997183,0.804848,110.212128,632.534333
41.43,0.997183,0.804848,110.212115,632.534306
41.44,0.997183,0.804848,110.212103,632.534278
41.45,0.997183,0.804848,110.212091,632.534251
41.46,0.997183,0.804848,110.212078,632.534224
41.47,0.997183,0.804848,110.212066,632.534196
41.48,0.997183,0.804848,110.212054,632.534169
41.49,0.997183,0.804848,110.212042,632.534141
41.5,0.997183,0.804848,110.212029,632.534114
41.51,0.997183,0.804847,110.212017,632.534087
41.52,0.997183,0.804847,110.212005,632.534059
41.53,0.997183,0.804847,110.211992,632.534032
41.54,0.997183,0.804847,110.21198,632.534004
41.55,0.997183,0.804847,110.211968,632.533977
41.56,0.997183,0.804847,110.211956,632.53395
41.57,0.997183,0.804847,110.211943,632.533922
41.58,0.997183,0.804847,110.211931,632.533895
41.59,0.997183,0.804847,110.211919,632.533868
41.6,0.997183,0.804847,110.211907,632.53384
41.61,0.997183,0.804847,110.211894,632.533813
41.62,0.997183,0.804847,110.211882,632.533786
41.63,0.997183,0.804847,110.21187,632.533758
41.64,0.997183,0.804847,110.211858,632.533731
41.65,0.997183,0.804847,110.211845,632.533704
41.66,0.997183,0.804847,110.211833,632.533677
41.67,0.997183,0.804847,110.211821,632.533649
41.68,0.997183,0.804847,110.211809,632.533622
41.69,0.997183,0.804847,110.211796,632.533595
41.7,0.997183,0.804847,110.211784,632.533567
41.71,0.997183,0.804847,110.211772,632.53354
41.72,0.997183,0.804847,110.21176,632.533513
41.73,0.997183,0.804847,110.211747,632.533486
41.74,0.997183,0.804847,110.211735,632.533458
41.75,0.997183,0.804847,110.211723,632.533431
41.76,0.997183,0.804847,110.211711,632.533404
41.77,0.997183,0.804847,110.211699,632.533377
41.78,0.997183,0.804846,110.211686,632.53335
41.79,0.997183,0.804846,110.211674,632.533322
41.8,0.997183,0.804846,110.211662,632.533295
41.81,0.997183,0.804846,110.21165,632.533268
41.82,0.997183,0.804846,110.211638,632.533241
41.83,0.997183,0.804846,110.211626,632.533214
41.84,0.997183,0.804846,110.211613,632.533187
41.85,0.997183,0.804846,110.211601,632.533159
41.86,0.997183,0.804846,110.211589,632.533132
41.87,0.997183,0.804846,110.211577,632.533105
41.88,0.997183,0.804846,110.211565,632.533078
41.89,0.997183,0.804846,110.211553,632.533051
41.9,0.997183,0.804846,110.21154,632.533024
41.91,0.997183,0.804846,110.211528,632.532997
41.92,0.997183,0.804846,110.211516,632.53297
41.93,0.997183,0.804846,110.211504,632.532942
41.94,0.997183,0.804846,110.211492,632.532915
41.95,0.997183,0.804846,110.21148,632.532888
41.96,0.997183,0.804846,110.211467,632.532861
41.97,0.997183,0.804846,110.211455,632.532834
41.98,0.997183,0.804846,110.211443,632.532807
41.99,0.997183,0.804846,110.211431,632.53278
42,0.997183,0.804846,110.211419,632.532753
42.01,0.997183,0.804846,110.211407,632.532726
42.02,0.997183,0.804846,110.211395,632.532699
42.03,0.997183,0.804846,110.211383,632.532672
42.04,0.997183,0.804846,110.21137,632.532645
42.05,0.997183,0.804845,110.211358,632.532618
42.06,0.997183,0.804845,110.211346,632.532591
42.07,0.997183,0.804845,110.211334,632.532564
42.08,0.997183,0.804845,110.211322,632.532537
42.09,0.997183,0.804845,110.21131,632.53251
42.1,0.997183,0.804845,110.211298,632.532483
42.11,0.997183,0.804845,110.211286,632.532456
42.12,0.997183,0.804845,110.211274,632.532429
42.13,0.997183,0.804845,110.211262,632.532402
42.14,0.997183,0.804845,110.211249,632.532375
42.15,0.997183,0.804845,110.211237,632.532348
42.16,0.997183,0.804845,110.211225,632.532321
42.17,0.997183,0.804845,110.211213,632.532294
42.18,0.997183,0.804845,110.211201,632.532267
42.19,0.997183,0.804845,110.211189,632.53224
42.2,0.997183,0.804845,110.211177,632.532213
42.21,0.997183,0.804845,110.211165,632.532186
42.22,0.997183,0.804845,110.211153,632.53216
42.23,0.997183,0.804845,110.211141,632.532133
42.24,0.997183,0.804845,110.211129,632.532106
42.25,0.997183,0.804845,110.211117,632.532079
42.26,0.997183,0.804845,110.211105,632.532052
42.27,0.997183,0.804845,110.211093,632.532025
42.28,0.997183,0.804845,110.211081,632.531998
42.29,0.997183,0.804845,110.211069,632.531971
42.3,0.997183,0.804845,110.211057,632.531945
42.31,0.997183,0.804845,110.211044,632.531918
42.32,0.997183,0.804845,110.211032,632.531891
42.33,0.997183,0.804844,110.21102,632.531864
42.34,0.997183,0.804844,110.211008,632.531837
42.35,0.997183,0.804844,110.210996,632.53181
42.36,0.997183,0.804844,110.210984,632.531784
42.37,0.997183,0.804844,110.210972,632.531757
42.38,0.997183,0.804844,110.21096,632.53173
42.39,0.997183,0.804844,110.210948,632.531703
42.4,0.997183,0.804844,110.210936,632.531676
42.41,0.997183,0.804844,110.210924,632.53165
42.42,0.997183,0.804844,110.210912,632.531623
42.43,0.997183,0.804844,110.2109,632.531596
42.44,0.997183,0.804844,110.210888,632.531569
42.45,0.997183,0.804844,110.210876,632.531543
42.46,0.997183,0.804844,110.210864,632.531516
42.47,0.997183,0.804844,110.210852,632.531489
42.48,0.997183,0.804844,110.21084,632.531462
42.49,0.997183,0.804844,110.210828,632.531436
42.5,0.997183,0.804844,110.210816,632.531409
42.51,0.997183,0.804844,110.210804,632.531382
42.52,0.997183,0.804844,110.210792,632.531356
42.53,0.997183,0.804844,110.210781,632.531329
42.54,0.997183,0.804844,110.210769,632.531302
42.55,0.997183,0.804844,110.210757,632.531275
42.56,0.997183,0.804844,110.210745,632.531249
42.57,0.997183,0.804844,110.210733,632.531222
42.58,0.997183,0.804844,110.210721,632.531195
42.59,0.997183,0.804844,110.210709,632.531169
42.6,0.997183,0.804844,110.210697,632.531142
42.61,0.997183,0.804843,110.210685,632.531116
42.62,0.997183,0.804843,110.210673,632.531089
42.63,0.997183,0.804843,110.210661,632.531062
42.64,0.997183,0.804843,110.210649,632.531036
42.65,0.997183,0.804843,110.210637,632.531009
42.66,0.997183,0.804843,110.210625,632.530982
42.67,0.997183,0.804843,110.210613,632.530956
42.68,0.997183,0.804843,110.210601,632.530929
42.69,0.997183,0.804843,110.210589,632.530903
42.7,0.997183,0.804843,110.210578,632.530876
42.71,0.997183,0.804843,110.210566,632.53085
42.72,0.997183,0.804843,110.210554,632.530823
42.73,0.997183,0.804843,110.210542,632.530796
42.74,0.997183,0.804843,110.21053,632.53077
42.75,0.997183,0.804843,110.210518,632.530743
42.76,0.997183,0.804843,110.210506,632.530717
42.77,0.997183,0.804843,110.210494,632.53069
42.78,0.997183,0.804843,110.210482,632.530664
42.79,0.997183,0.804843,110.21047,632.530637
42.8,0.997183,0.804843,110.210459,632.530611
42.81,0.997183,0.804843,110.210447,632.530584
42.82,0.997183,0.804843,110.210435,632.530558
42.83,0.997183,0.804843,110.210423,632.530531
42.84,0.997183,0.804843,110.210411,632.530505
42.85,0.997183,0.804843,110.210399,632.530478
42.86,0.997183,0.804843,110.210387,632.530452
42.87,0.997183,0.804843,110.210375,632.530425
42.88,0.997183,0.804843,110.210364,632.530399
42.89,0.997183,0.804842,110.210352,632.530372
42.9,0.997183,0.804842,110.21034,632.530346
42.91,0.997183,0.804842,110.210328,632.53032
42.92,0.997183,0.804842,110.210316,632.530293
42.93,0.997183,0.804842,110.210304,632.530267
42.94,0.997183,0.804842,110.210292,632.53024
42.95,0.997183,0.804842,110.210281,632.530214
42.96,0.997183,0.804842,110.210269,632.530187
42.97,0.997183,0.804842,110.210257,632.530161
42.98,0.997183,0.804842,110.210245,632.530135
42.99,0.997183,0.804842,110.210233,632.530108
43,0.997183,0.804842,110.210221,632.530082
43.01,0.997183,0.804842,110.21021,632.530056
43.02,0.997183,0.804842,110.210198,632.530029
43.03,0.997183,0.804842,110.210186,632.530003
43.04,0.997183,0.804842,110.210174,632.529977
43.05,0.997183,0.804842,110.210162,632.52995
43.06,0.997183,0.804842,110.210151,632.529924
43.07,0.997183,0.804842,110.210139,632.529898
43.08,0.997183,0.804842,110.210127,632.529871
43.09,0.997183,0.804842,110.210115,632.529845
43.1,0.997183,0.804842,110.210103,632.529819
43.11,0.997183,0.804842,110.210092,632.529792
43.12,0.997183,0.804842,110.21008,632.529766
43.13,0.997183,0.804842,110.210068,632.52974
43.14,0.997183,0.804842,110.210056,632.529714
43.15,0.997183,0.804842,110.210044,632.529687
43.16,0.997183,0.804842,110.210033,632.529661
43.17,0.997183,0.804841,110.210021,632.529635
43.18,0.997183,0.804841,110.210009,632.529608
43.19,0.997183,0.804841,110.209997,632.529582
43.2,0.997183,0.804841,110.209985,632.529556
43.21,0.997183,0.804841,110.209974,632.52953
43.22,0.997183,0.804841,110.209962,632.529504
43.23,0.997183,0.804841,110.20995,632.529477
43.24,0.997183,0.804841,110.209938,632.529451
43.25,0.997183,0.804841,110.209927,632.529425
43.26,0.997183,0.804841,110.209915,632.529399
43.27,0.997183,0.804841,110.209903,632.529373
43.28,0.997183,0.804841,110.209891,632.529346
43.29,0.997183,0.804841,110.20988,632.52932
43.3,0.997183,0.804841,110.209868,632.529294
43.31,0.997183,0.804841,110.209856,632.529268
43.32,0.997183,0.804841,110.209844,632.529242
43.33,0.997183,0.804841,110.209833,632.529216
43.34,0.997183,0.804841,110.209821,632.52919
43.35,0.997183,0.804841,110.209809,632.529163
43.36,0.997183,0.804841,110.209798,632.529137
43.37,0.997183,0.804841,110.209786,632.529111
43.38,0.997183,0.804841,110.209774,632.529085
43.39,0.997183,0.804841,110.209762,632.529059
43.4,0.997183,0.804841,110.209751,632.529033
43.41,0.997183,0.804841,110.209739,632.529007
43.42,0.997183,0.804841,110.209727,632.528981
43.43,0.997183,0.804841,110.209716,632.528955
43.44,0.997183,0.804841,110.209704,632.528929
43.45,0.997183,0.80484,110.209692,632.528902
43.46,0.997183,0.80484,110.20968,632.528876
43.47,0.997183,0.80484,110.209669,632.52885
43.48,0.997183,0.80484,110.209657,632.528824
43.49,0.997183,0.80484,110.209645,632.528798
43.5,0.997183,0.80484,110.209634,632.528772
43.51,0.997183,0.80484,110.209622,632.528746
43.52,0.997183,0.80484,110.20961,632.52872
43.53,0.997183,0.80484,110.209599,632.528694
43.54,0.997183,0.80484,110.209587,632.528668
43.55,0.997183,0.80484,110.209575,632.528642
43.56,0.997183,0.80484,110.209564,632.528616
43.57,0.997183,0.80484,110.209552,632.52859
43.58,0.997183,0.80484,110.20954,632.528564
43.59,0.997183,0.80484,110.209529,632.528538
43.6,0.997183,0.80484,110.209517,632.528512
43.61,0.997183,0.80484,110.209505,632.528486
43.62,0.997183,0.80484,110.209494,632.52846
43.63,0.997183,0.80484,110.209482,632.528435
43.64,0.997183,0.80484,110.20947,632.528409
43.65,0.997183,0.80484,110.209459,632.528383
43.66,0.997183,0.80484,110.209447,632.528357
43.67,0.997183,0.80484,110.209436,632.528331
43.68,0.997183,0.80484,110.209424,632.528305
43.69,0.997183,0.80484,110.209412,632.528279
43.7,0.997183,0.80484,110.209401,632.528253
43.71,0.997183,0.80484,110.209389,632.528227
43.72,0.997183,0.80484,110.209377,632.528201
43.73,0.997183,0.80484,110.209366,632.528176
43.74,0.997183,0.804839,110.209354,632.52815
43.75,0.997183,0.804839,110.209342,632.528124
43.76,0.997183,0.804839,110.209331,632.528098
43.77,0.997183,0.804839,110.209319,632.528072
43.78,0.997183,0.804839,110.209308,632.528046
43.79,0.997183,0.804839,110.209296,632.52802
43.8,0.997183,0.804839,110.209284,632.527995
43.81,0.997183,0.804839,110.209273,632.527969
43.82,0.997183,0.804839,110.209261,632.527943
43.83,0.997183,0.804839,110.20925,632.527917
43.84,0.997183,0.804839,110.209238,632.527891
43.85,0.997183,0.804839,110.209226,632.527866
43.86,0.997183,0.804839,110.209215,632.52784
43.87,0.997183,0.804839,110.209203,632.527814
43.88,0.997183,0.804839,110.209192,632.527788
43.89,0.997183,0.804839,110.20918,632.527762
43.9,0.997183,0.804839,110.209169,632.527737
43.91,0.997183,0.804839,110.209157,632.527711
43.92,0.997183,0.804839,110.209145,632.527685
43.93,0.997183,0.804839,110.209134,632.527659
43.94,0.997183,0.804839,110.209122,632.527634
43.95,0.997183,0.804839,110.209111,632.527608
43.96,0.997183,0.804839,110.209099,632.527582
43.97,0.997183,0.804839,110.209088,632.527557
43.98,0.997183,0.804839,110.209076,632.527531
43.99,0.997183,0.804839,110.209064,632.527505
44,0.997183,0.804839,110.209053,632.527479
44.01,0.997183,0.804839,110.209041,632.527454
44.02,0.997183,0.804839,110.20903,632.527428
44.03,0.997183,0.804838,110.209018,632.527402
44.04,0.997183,0.804838,110.209007,632.527377
44.05,0.997183,0.804838,110.208995,632.527351
44.06,0.997183,0.804838,110.208984,632.527325
44.07,0.997183,0.804838,110.208972,632.5273
44.08,0.997183,0.804838,110.208961,632.527274
44.09,0.997183,0.804838,110.208949,632.527248
44.1,0.997183,0.804838,110.208937,632.527223
44.11,0.997183,0.804838,110.208926,632.527197
44.12,0.997183,0.804838,110.208914,632.527172
44.13,0.997183,0.804838,110.208903,632.527146
44.14,0.997183,0.804838,110.208891,632.52712
44.15,0.997183,0.804838,110.20888,632.527095
44.16,0.997183,0.804838,110.208868,632.527069
44.17,0.997183,0.804838,110.208857,632.527044
44.18,0.997183,0.804838,110.208845,632.527018
44.19,0.997183,0.804838,110.208834,632.526992
44.2,0.997183,0.804838,110.208822,632.526967
44.21,0.997183,0.804838,110.208811,632.526941
44.22,0.997183,0.804838,110.208799,632.526916
44.23,0.997183,0.804838,110.208788,632.52689
44.24,0.997183,0.804838,110.208776,632.526865
44.25,0.997183,0.804838,110.208765,632.526839
44.26,0.997183,0.804838,110.208753,632.526814
44.27,0.997183,0.804838,110.208742,632.526788
44.28,0.997183,0.804838,110.20873,632.526763
44.29,0.997183,0.804838,110.208719,632.526737
44.3,0.997183,0.804838,110.208707,632.526712
44.31,0.997183,0.804838,110.208696,632.526686
44.32,0.997183,0.804837,110.208685,632.526661
44.33,0.997183,0.804837,110.208673,632.526635
44.34,0.997183,0.804837,110.208662,632.52661
44.35,0.997183,0.804837,110.20865,632.526584
44.36,0.997183,0.804837,110.208639,632.526559
44.37,0.997183,0.804837,110.208627,632.526533
44.38,0.997183,0.804837,110.208616,632.526508
44.39,0.997183,0.804837,110.208604,632.526482
44.4,0.997183,0.804837,110.208593,632.526457
44.41,0.997183,0.804837,110.208581,632.526432
44.42,0.997183,0.804837,110.20857,632.526406
44.43,0.997183,0.804837,110.208559,632.526381
44.44,0.997183,0.804837,110.208547,632.526355
44.45,0.997183,0.804837,110.208536,632.52633
44.46,0.997183,0.804837,110.208524,632.526305
44.47,0.997183,0.804837,110.208513,632.526279
44.48,0.997183,0.804837,110.208501,632.526254
44.49,0.997183,0.804837,110.20849,632.526229
44.5,0.997183,0.804837,110.208478,632.526203
44.51,0.997183,0.804837,110.208467,632.526178
44.52,0.997183,0.804837,110.208456,632.526152
44.53,0.997183,0.804837,110.208444,632.526127
44.54,0.997183,0.804837,110.208433,632.526102
44.55,0.997183,0.804837,110.208421,632.526076
44.56,0.997183,0.804837,110.20841,632.526051
44.57,0.997183,0.804837,110.208399,632.526026
44.58,0.997183,0.804837,110.208387,632.526001
44.59,0.997183,0.804837,110.208376,632.525975
44.6,0.997183,0.804837,110.208364,632.52595
44.61,0.997183,0.804836,110.208353,632.525925
44.62,0.997183,0.804836,110.208342,632.525899
44.63,0.997183,0.804836,110.20833,632.525874
44.64,0.997183,0.804836,110.208319,632.525849
44.65,0.997183,0.804836,110.208307,632.525824
44.66,0.997183,0.804836,110.208296,632.525798
44.67,0.997183,0.804836,110.208285,632.525773
44.68,0.997183,0.804836,110.208273,632.525748
44.69,0.997183,0.804836,110.208262,632.525723
44.7,0.997183,0.804836,110.208251,632.525697
44.71,0.997183,0.804836,110.208239,632.525672
44.72,0.997183,0.804836,110.208228,632.525647
44.73,0.997183,0.804836,110.208216,632.525622
44.74,0.997183,0.804836,110.208205,632.525597
44.75,0.997183,0.804836,110.208194,632.525571
44.76,0.997183,0.804836,110.208182,632.525546
44.77,0.997183,0.804836,110.208171,632.525521
44.78,0.997183,0.804836,110.20816,632.525496
44.79,0.997183,0.804836,110.208148,632.525471
44.8,0.997183,0.804836,110.208137,632.525445
44.81,0.997183,0.804836,110.208126,632.52542
44.82,0.997183,0.804836,110.208114,632.525395
44.83,0.997183,0.804836,110.208103,632.52537
44.84,0.997183,0.804836,110.208092,632.525345
44.85,0.997183,0.804836,110.20808,632.52532
44.86,0.997183,0.804836,110.208069,632.525295
44.87,0.997183,0.804836,110.208058,632.52527
44.88,0.997183,0.804836,110.208046,632.525244
44.89,0.997183,0.804836,110.208035,632.525219
44.9,0.997183,0.804835,110.208024,632.525194
44.91,0.997183,0.804835,110.208012,632.525169
44.92,0.997183,0.804835,110.208001,632.525144
44.93,0.997183,0.804835,110.20799,632.525119
44.94,0.997183,0.804835,110.207978,632.525094
44.95,0.997183,0.804835,110.207967,632.525069
44.96,0.997183,0.804835,110.207956,632.525044
44.97,0.997183,0.804835,110.207944,632.525019
44.98,0.997183,0.804835,110.207933,632.524994
44.99,0.997183,0.804835,110.207922,632.524969
45,0.997183,0.804835,110.20791,632.524944
45.01,0.997183,0.804835,110.207899,632.524919
45.02,0.997183,0.804835,110.207888,632.524894
45.03,0.997183,0.804835,110.207877,632.524869
45.04,0.997183,0.804835,110.207865,632.524844
45.05,0.997183,0.804835,110.207854,632.524819
45.06,0.997183,0.804835,110.207843,632.524794
45.07,0.997183,0.804835,110.207831,632.524769
45.08,0.997183,0.804835,110.20782,632.524744
45.09,0.997183,0.804835,110.207809,632.524719
45.1,0.997183,0.804835,110.207798,632.524694
45.11,0.997183,0.804835,110.207786,632.524669
45.12,0.997183,0.804835,110.207775,632.524644
45.13,0.997183,0.804835,110.207764,632.524619
45.14,0.997183,0.804835,110.207753,632.524594
45.15,0.997183,0.804835,110.207741,632.524569
45.16,0.997183,0.804835,110.20773,632.524544
45.17,0.997183,0.804835,110.207719,632.524519
45.18,0.997183,0.804835,110.207708,632.524494
45.19,0.997183,0.804835,110.207696,632.524469
45.2,0.997183,0.804834,110.207685,632.524444
45.21,0.997183,0.804834,110.207674,632.52442
45.22,0.997183,0.804834,110.207663,632.524395
45.23,0.997183,0.804834,110.207651,632.52437
45.24,0.997183,0.804834,110.20764,632.524345
45.25,0.997183,0.804834,110.207629,632.52432
45.26,0.997183,0.804834,110.207618,632.524295
45.27,0.997183,0.804834,110.207606,632.52427
45.28,0.997183,0.804834,110.207595,632.524245
45.29,0.997183,0.804834,110.207584,632.524221
45.3,0.997183,0.804834,110.207573,632.524196
45.31,0.997183,0.804834,110.207561,632.524171
45.32,0.997183,0.804834,110.20755,632.524146
45.33,0.997183,0.804834,110.207539,632.524121
45.34,0.997183,0.804834,110.207528,632.524097
45.35,0.997183,0.804834,110.207517,632.524072
45.36,0.997183,0.804834,110.207505,632.524047
45.37,0.997183,0.804834,110.207494,632.524022
45.38,0.997183,0.804834,110.207483,632.523997
45.39,0.997183,0.804834,110.207472,632.523973
45.4,0.997183,0.804834,110.207461,632.523948
45.41,0.997183,0.804834,110.207449,632.523923
45.42,0.997183,0.804834,110.207438,632.523898
45.43,0.997183,0.804834,110.207427,632.523874
45.44,0.997183,0.804834,110.207416,632.523849
45.45,0.997183,0.804834,110.207405,632.523824
45.46,0.997183,0.804834,110.207393,632.523799
45.47,0.997183,0.804834,110.207382,632.523775
45.48,0.997183,0.804834,110.207371,632.52375
45.49,0.997183,0.804834,110.20736,632.523725
45.5,0.997183,0.804833,110.207349,632.5237
45.51,0.997183,0.804833,110.207337,632.523676
45.52,0.997183,0.804833,110.207326,632.523651
45.53,0.997183,0.804833,110.207315,632.523626
45.54,0.997183,0.804833,110.207304,632.523602
45.55,0.997183,0.804833,110.207293,632.523577
45.56,0.997183,0.804833,110.207282,632.523552
45.57,0.997183,0.804833,110.20727,632.523528
45.58,0.997183,0.804833,110.207259,632.523503
45.59,0.997183,0.804833,110.207248,632.523478
45.6,0.997183,0.804833,110.207237,632.523454
45.61,0.997183,0.804833,110.207226,632.523429
45.62,0.997183,0.804833,110.207215,632.523405
45.63,0.997183,0.804833,110.207204,632.52338
45.64,0.997183,0.804833,110.207192,632.523355
45.65,0.997183,0.804833,110.207181,632.523331
45.66,0.997183,0.804833,110.20717,632.523306
45.67,0.997183,0.804833,110.207159,632.523282
45.68,0.997183,0.804833,110.207148,632.523257
45.69,0.997183,0.804833,110.207137,632.523232
45.7,0.997183,0.804833,110.207126,632.523208
45.71,0.997183,0.804833,110.207114,632.523183
45.72,0.997183,0.804833,110.207103,632.523159
45.73,0.997183,0.804833,110.207092,632.523134
45.74,0.997183,0.804833,110.207081,632.52311
45.75,0.997183,0.804833,110.20707,632.523085
45.76,0.997183,0.804833,110.207059,632.52306
45.77,0.997183,0.804833,110.207048,632.523036
45.78,0.997183,0.804833,110.207037,632.523011
45.79,0.997183,0.804833,110.207025,632.522987
45.8,0.997183,0.804832,110.207014,632.522962
45.81,0.997183,0.804832,110.207003,632.522938
45.82,0.997183,0.804832,110.206992,632.522913
45.83,0.997183,0.804832,110.206981,632.522889
45.84,0.997183,0.804832,110.20697,632.522864
45.85,0.997183,0.804832,110.206959,632.52284
45.86,0.997183,0.804832,110.206948,632.522815
45.87,0.997183,0.804832,110.206937,632.522791
45.88,0.997183,0.804832,110.206926,632.522766
45.89,0.997183,0.804832,110.206915,632.522742
45.9,0.997183,0.804832,110.206903,632.522718
45.91,0.997183,0.804832,110.206892,632.522693
45.92,0.997183,0.804832,110.206881,632.522669
45.93,0.997183,0.804832,110.20687,632.522644
45.94,0.997183,0.804832,110.206859,632.52262
45.95,0.997183,0.804832,110.206848,632.522595
45.96,0.997183,0.804832,110.206837,632.522571
45.97,0.997183,0.804832,110.206826,632.522547
45.98,0.997183,0.804832,110.206815,632.522522
45.99,0.997183,0.804832,110.206804,632.522498
46,0.997183,0.804832,110.206793,632.522473
46.01,0.997183,0.804832,110.206782,632.522449
46.02,0.997183,0.804832,110.206771,632.522425
46.03,0.997183,0.804832,110.20676,632.5224
46.04,0.997183,0.804832,110.206749,632.522376
46.05,0.997183,0.804832,110.206737,632.522352
46.06,0.997183,0.804832,110.206726,632.522327
46.07,0.997183,0.804832,110.206715,632.522303
46.08,0.997183,0.804832,110.206704,632.522279
46.09,0.997183,0.804832,110.206693,632.522254
46.1,0.997183,0.804831,110.206682,632.52223
46.11,0.997183,0.804831,110.206671,632.522206
46.12,0.997183,0.804831,110.20666,632.522181
46.13,0.997183,0.804831,110.206649,632.522157
46.14,0.997183,0.804831,110.206638,632.522133
46.15,0.997183,0.804831,110.206627,632.522109
46.16,0.997183,0.804831,110.206616,632.522084
46.17,0.997183,0.804831,110.206605,632.52206
46.18,0.997183,0.804831,110.206594,632.522036
46.19,0.997183,0.804831,110.206583,632.522011
46.2,0.997183,0.804831,110.206572,632.521987
46.21,0.997183,0.804831,110.206561,632.521963
46.22,0.997183,0.804831,110.20655,632.521939
46.23,0.997183,0.804831,110.206539,632.521914
46.24,0.997183,0.804831,110.206528,632.52189
46.25,0.997183,0.804831,110.206517,632.521866
46.26,0.997183,0.804831,110.206506,632.521842
46.27,0.997183,0.804831,110.206495,632.521818
46.28,0.997183,0.804831,110.206484,632.521793
46.29,0.997183,0.804831,110.206473,632.521769
46.3,0.997183,0.804831,110.206462,632.521745
46.31,0.997183,0.804831,110.206451,632.521721
46.32,0.997183,0.804831,110.20644,632.521697
46.33,0.997183,0.804831,110.206429,632.521673
46.34,0.997183,0.804831,110.206418,632.521648
46.35,0.997183,0.804831,110.206407,632.521624
46.36,0.997183,0.804831,110.206396,632.5216
46.37,0.997183,0.804831,110.206385,632.521576
46.38,0.997183,0.804831,110.206374,632.521552
46.39,0.997183,0.804831,110.206363,632.521528
46.4,0.997183,0.804831,110.206352,632.521504
46.41,0.997183,0.80483,110.206341,632.521479
46.42,0.997183,0.80483,110.20633,632.521455
46.43,0.997183,0.80483,110.20632,632.521431
46.44,0.997183,0.80483,110.206309,632.521407
46.45,0.997183,0.80483,110.206298,632.521383
46.46,0.997183,0.80483,110.206287,632.521359
46.47,0.997183,0.80483,110.206276,632.521335
46.48,0.997183,0.80483,110.206265,632.521311
46.49,0.997183,0.80483,110.206254,632.521287
46.5,0.997183,0.80483,110.206243,632.521263
46.51,0.997183,0.80483,110.206232,632.521239
46.52,0.997183,0.80483,110.206221,632.521215
46.53,0.997183,0.80483,110.20621,632.52119
46.54,0.997183,0.80483,110.206199,632.521166
46.55,0.997183,0.80483,110.206188,632.521142
46.56,0.997183,0.80483,110.206177,632.521118
46.57,0.997183,0.80483,110.206166,632.521094
46.58,0.997183,0.80483,110.206155,632.52107
46.59,0.997183,0.80483,110.206145,632.521046
46.6,0.997183,0.80483,110.206134,632.521022
46.61,0.997183,0.80483,110.206123,632.520998
46.62,0.997183,0.80483,110.206112,632.520974
46.63,0.997183,0.80483,110.206101,632.52095
46.64,0.997183,0.80483,110.20609,632.520926
46.65,0.997183,0.80483,110.206079,632.520902
46.66,0.997183,0.80483,110.206068,632.520879
46.67,0.997183,0.80483,110.206057,632.520855
46.68,0.997183,0.80483,110.206046,632.520831
46.69,0.997183,0.80483,110.206036,632.520807
46.7,0.997183,0.80483,110.206025,632.520783
46.71,0.997183,0.80483,110.206014,632.520759
46.72,0.997183,0.804829,110.206003,632.520735
46.73,0.997183,0.804829,110.205992,632.520711
46.74,0.997183,0.804829,110.205981,632.520687
46.75,0.997183,0.804829,110.20597,632.520663
46.76,0.997183,0.804829,110.205959,632.520639
46.77,0.997183,0.804829,110.205948,632.520615
46.78,0.997183,0.804829,110.205938,632.520592
46.79,0.997183,0.804829,110.205927,632.520568
46.8,0.997183,0.804829,110.205916,632.520544
46.81,0.997183,0.804829,110.205905,632.52052
46.82,0.997183,0.804829,110.205894,632.520496
46.83,0.997183,0.804829,110.205883,632.520472
46.84,0.997183,0.804829,110.205872,632.520448
46.85,0.997183,0.804829,110.205862,632.520425
46.86,0.997183,0.804829,110.205851,632.520401
46.87,0.997183,0.804829,110.20584,632.520377
46.88,0.997183,0.804829,110.205829,632.520353
46.89,0.997183,0.804829,110.205818,632.520329
46.9,0.997183,0.804829,110.205807,632.520305
46.91,0.997183,0.804829,110.205797,632.520282
46.92,0.997183,0.804829,110.205786,632.520258
46.93,0.997183,0.804829,110.205775,632.520234
46.94,0.997183,0.804829,110.205764,632.52021
46.95,0.997183,0.804829,110.205753,632.520186
46.96,0.997183,0.804829,110.205742,632.520163
46.97,0.997183,0.804829,110.205732,632.520139
46.98,0.997183,0.804829,110.205721,632.520115
46.99,0.997183,0.804829,110.20571,632.520091
47,0.997183,0.804829,110.205699,632.520068
47.01,0.997183,0.804829,110.205688,632.520044
47.02,0.997183,0.804829,110.205677,632.52002
47.03,0.997183,0.804828,110.205667,632.519996
47.04,0.997183,0.804828,110.205656,632.519973
47.05,0.997183,0.804828,110.205645,632.519949
47.06,0.997183,0.804828,110.205634,632.519925
47.07,0.997183,0.804828,110.205623,632.519902
47.08,0.997183,0.804828,110.205613,632.519878
47.09,0.997183,0.804828,110.205602,632.519854
47.1,0.997183,0.804828,110.205591,632.519831
47.11,0.997183,0.804828,110.20558,632.519807
47.12,0.997183,0.804828,110.205569,632.519783
47.13,0.997183,0.804828,110.205559,632.51976
47.14,0.997183,0.804828,110.205548,632.519736
47.15,0.997183,0.804828,110.205537,632.519712
47.16,0.997183,0.804828,110.205526,632.519689
47.17,0.997183,0.804828,110.205516,632.519665
47.18,0.997183,0.804828,110.205505,632.519641
47.19,0.997183,0.804828,110.205494,632.519618
47.2,0.997183,0.804828,110.205483,632.519594
47.21,0.997183,0.804828,110.205472,632.51957
47.22,0.997183,0.804828,110.205462,632.519547
47.23,0.997183,0.804828,110.205451,632.519523
47.24,0.997183,0.804828,110.20544,632.5195
47.25,0.997183,0.804828,110.205429,632.519476
47.26,0.997183,0.804828,110.205419,632.519452
47.27,0.997183,0.804828,110.205408,632.519429
47.28,0.997183,0.804828,110.205397,632.519405
47.29,0.997183,0.804828,110.205386,632.519382
47.3,0.997183,0.804828,110.205376,632.519358
47.31,0.997183,0.804828,110.205365,632.519335
47.32,0.997183,0.804828,110.205354,632.519311
47.33,0.997183,0.804828,110.205343,632.519288
47.34,0.997183,0.804827,110.205333,632.519264
47.35,0.997183,0.804827,110.205322,632.519241
47.36,0.997183,0.804827,110.205311,632.519217
47.37,0.997183,0.804827,110.205301,632.519193
47.38,0.997183,0.804827,110.20529,632.51917
47.39,0.997183,0.804827,110.205279,632.519146
47.4,0.997183,0.804827,110.205268,632.519123
47.41,0.997183,0.804827,110.205258,632.519099
47.42,0.997183,0.804827,110.205247,632.519076
47.43,0.997183,0.804827,110.205236,632.519053
47.44,0.997183,0.804827,110.205225,632.519029
47.45,0.997183,0.804827,110.205215,632.519006
47.46,0.997183,0.804827,110.205204,632.518982
47.47,0.997183,0.804827,110.205193,632.518959
47.48,0.997183,0.804827,110.205183,632.518935
47.49,0.997183,0.804827,110.205172,632.518912
47.5,0.997183,0.804827,110.205161,632.518888
47.51,0.997183,0.804827,110.205151,632.518865
47.52,0.997183,0.804827,110.20514,632.518842
47.53,0.997183,0.804827,110.205129,632.518818
47.54,0.997183,0.804827,110.205119,632.518795
47.55,0.997183,0.804827,110.205108,632.518771
47.56,0.997183,0.804827,110.205097,632.518748
47.57,0.997183,0.804827,110.205086,632.518725
47.58,0.997183,0.804827,110.205076,632.518701
47.59,0.997183,0.804827,110.205065,632.518678
47.6,0.997183,0.804827,110.205054,632.518654
47.61,0.997183,0.804827,110.205044,632.518631
47.62,0.997183,0.804827,110.205033,632.518608
47.63,0.997183,0.804827,110.205022,632.518584
47.64,0.997183,0.804827,110.205012,632.518561
47.65,0.997183,0.804827,110.205001,632.518538
47.66,0.997183,0.804826,110.20499,632.518514
47.67,0.997183,0.804826,110.20498,632.518491
47.68,0.997183,0.804826,110.204969,632.518468
47.69,0.997183,0.804826,110.204959,632.518444
47.7,0.997183,0.804826,110.204948,632.518421
47.71,0.997183,0.804826,110.204937,632.518398
47.72,0.997183,0.804826,110.204927,632.518374
47.73,0.997183,0.804826,110.204916,632.518351
47.74,0.997183,0.804826,110.204905,632.518328
47.75,0.997183,0.804826,110.204895,632.518305
47.76,0.997183,0.804826,110.204884,632.518281
47.77,0.997183,0.804826,110.204873,632.518258
47.78,0.997183,0.804826,110.204863,632.518235
47.79,0.997183,0.804826,110.204852,632.518211
47.8,0.997183,0.804826,110.204842,632.518188
47.81,0.997183,0.804826,110.204831,632.518165
47.82,0.997183,0.804826,110.20482,632.518142
47.83,0.997183,0.804826,110.20481,632.518119
47.84,0.997183,0.804826,110.204799,632.518095
47.85,0.997183,0.804826,110.204789,632.518072
47.86,0.997183,0.804826,110.204778,632.518049
47.87,0.997183,0.804826,110.204767,632.518026
47.88,0.997183,0.804826,110.204757,632.518002
47.89,0.997183,0.804826,110.204746,632.517979
47.9,0.997183,0.804826,110.204736,632.517956
47.91,0.997183,0.804826,110.204725,632.517933
47.92,0.997183,0.804826,110.204714,632.51791
47.93,0.997183,0.804826,110.204704,632.517887
47.94,0.997183,0.804826,110.204693,632.517863
47.95,0.997183,0.804826,110.204683,632.51784
47.96,0.997183,0.804826,110.204672,632.517817
47.97,0.997183,0.804826,110.204661,632.517794
47.98,0.997183,0.804825,110.204651,632.517771
47.99,0.997183,0.804825,110.20464,632.517748
48,0.997183,0.804825,110.20463,632.517725
48.01,0.997183,0.804825,110.204619,632.517701
48.02,0.997183,0.804825,110.204609,632.517678
48.03,0.997183,0.804825,110.204598,632.517655
48.04,0.997183,0.804825,110.204587,632.517632
48.05,0.997183,0.804825,110.204577,632.517609
48.06,0.997183,0.804825,110.204566,632.517586
48.07,0.997183,0.804825,110.204556,632.517563
48.08,0.997183,0.804825,110.204545,632.51754
48.09,0.997183,0.804825,110.204535,632.517517
48.1,0.997183,0.804825,110.204524,632.517494
48.11,0.997183,0.804825,110.204514,632.517471
48.12,0.997183,0.804825,110.204503,632.517448
48.13,0.997183,0.804825,110.204493,632.517425
48.14,0.997183,0.804825,110.204482,632.517402
48.15,0.997183,0.804825,110.204471,632.517378
48.16,0.997183,0.804825,110.204461,632.517355
48.17,0.997183,0.804825,110.20445,632.517332
48.18,0.997183,0.804825,110.20444,632.517309
48.19,0.997183,0.804825,110.204429,632.517286
48.2,0.997183,0.804825,110.204419,632.517263
48.21,0.997183,0.804825,110.204408,632.51724
48.22,0.997183,0.804825,110.204398,632.517217
48.23,0.997183,0.804825,110.204387,632.517194
48.24,0.997183,0.804825,110.204377,632.517171
48.25,0.997183,0.804825,110.204366,632.517149
48.26,0.997183,0.804825,110.204356,632.517126
48.27,0.997183,0.804825,110.204345,632.517103
48.28,0.997183,0.804825,110.204335,632.51708
48.29,0.997183,0.804825,110.204324,632.517057
48.3,0.997183,0.804824,110.204314,632.517034
48.31,0.997183,0.804824,110.204303,632.517011
48.32,0.997183,0.804824,110.204293,632.516988
48.33,0.997183,0.804824,110.204282,632.516965
48.34,0.997183,0.804824,110.204272,632.516942
48.35,0.997183,0.804824,110.204261,632.516919
48.36,0.997183,0.804824,110.204251,632.516896
48.37,0.997183,0.804824,110.20424,632.516873
48.38,0.997183,0.804824,110.20423,632.51685
48.39,0.997183,0.804824,110.204219,632.516828
48.4,0.997183,0.804824,110.204209,632.516805
48.41,0.997183,0.804824,110.204199,632.516782
48.42,0.997183,0.804824,110.204188,632.516759
48.43,0.997183,0.804824,110.204178,632.516736
48.44,0.997183,0.804824,110.204167,632.516713
48.45,0.997183,0.804824,110.204157,632.51669
48.46,0.997183,0.804824,110.204146,632.516668
48.47,0.997183,0.804824,110.204136,632.516645
48.48,0.997183,0.804824,110.204125,632.516622
48.49,0.997183,0.804824,110.204115,632.516599
48.5,0.997183,0.804824,110.204104,632.516576
48.51,0.997183,0.804824,110.204094,632.516553
48.52,0.997183,0.804824,110.204084,632.516531
48.53,0.997183,0.804824,110.204073,632.516508
48.54,0.997183,0.804824,110.204063,632.516485
48.55,0.997183,0.804824,110.204052,632.516462
48.56,0.997183,0.804824,110.204042,632.516439
48.57,0.997183,0.804824,110.204031,632.516417
48.58,0.997183,0.804824,110.204021,632.516394
48.59,0.997183,0.804824,110.204011,632.516371
48.6,0.997183,0.804824,110.204,632.516348
48.61,0.997183,0.804824,110.20399,632.516326
48.62,0.997183,0.804824,110.203979,632.516303
48.63,0.997183,0.804823,110.203969,632.51628
48.64,0.997183,0.804823,110.203959,632.516257
48.65,0.997183,0.804823,110.203948,632.516235
48.66,0.997183,0.804823,110.203938,632.516212
48.67,0.997183,0.804823,110.203927,632.516189
48.68,0.997183,0.804823,110.203917,632.516166
48.69,0.997183,0.804823,110.203907,632.516144
48.7,0.997183,0.804823,110.203896,632.516121
48.71,0.997183,0.804823,110.203886,632.516098
48.72,0.997183,0.804823,110.203875,632.516076
48.73,0.997183,0.804823,110.203865,632.516053
48.74,0.997183,0.804823,110.203855,632.51603
48.75,0.997183,0.804823,110.203844,632.516008
48.76,0.997183,0.804823,110.203834,632.515985
48.77,0.997183,0.804823,110.203824,632.515962
48.78,0.997183,0.804823,110.203813,632.51594
48.79,0.997183,0.804823,110.203803,632.515917
48.8,0.997183,0.804823,110.203792,632.515894
48.81,0.997183,0.804823,110.203782,632.515872
48.82,0.997183,0.804823,110.203772,632.515849
48.83,0.997183,0.804823,110.203761,632.515827
48.84,0.997183,0.804823,110.203751,632.515804
48.85,0.997183,0.804823,110.203741,632.515781
48.86,0.997183,0.804823,110.20373,632.515759
48.87,0.997183,0.804823,110.20372,632.515736
48.88,0.997183,0.804823,110.20371,632.515714
48.89,0.997183,0.804823,110.203699,632.515691
48.9,0.997183,0.804823,110.203689,632.515668
48.91,0.997183,0.804823,110.203679,632.515646
48.92,0.997183,0.804823,110.203668,632.515623
48.93,0.997183,0.804823,110.203658,632.515601
48.94,0.997183,0.804823,110.203648,632.515578
48.95,0.997183,0.804823,110.203637,632.515556
48.96,0.997183,0.804822,110.203627,632.515533
48.97,0.997183,0.804822,110.203617,632.515511
48.98,0.997183,0.804822,110.203606,632.515488
48.99,0.997183,0.804822,110.203596,632.515465
49,0.997183,0.804822,110.203586,632.515443
49.01,0.997183,0.804822,110.203575,632.51542
49.02,0.997183,0.804822,110.203565,632.515398
49.03,0.997183,0.804822,110.203555,632.515375
49.04,0.997183,0.804822,110.203544,632.515353
49.05,0.997183,0.804822,110.203534,632.51533
49.06,0.997183,0.804822,110.203524,632.515308
49.07,0.997183,0.804822,110.203514,632.515285
49.08,0.997183,0.804822,110.203503,632.515263
49.09,0.997183,0.804822,110.203493,632.515241
49.1,0.997183,0.804822,110.203483,632.515218
49.11,0.997183,0.804822,110.203472,632.515196
49.12,0.997183,0.804822,110.203462,632.515173
49.13,0.997183,0.804822,110.203452,632.515151
49.14,0.997183,0.804822,110.203442,632.515128
49.15,0.997183,0.804822,110.203431,632.515106
49.16,0.997183,0.804822,110.203421,632.515083
49.17,0.997183,0.804822,110.203411,632.515061
49.18,0.997183,0.804822,110.203401,632.515039
49.19,0.997183,0.804822,110.20339,632.515016
49.2,0.997183,0.804822,110.20338,632.514994
49.21,0.997183,0.804822,110.20337,632.514971
49.22,0.997183,0.804822,110.20336,632.514949
49.23,0.997183,0.804822,110.203349,632.514927
49.24,0.997183,0.804822,110.203339,632.514904
49.25,0.997183,0.804822,110.203329,632.514882
49.26,0.997183,0.804822,110.203319,632.51486
49.27,0.997183,0.804822,110.203308,632.514837
49.28,0.997183,0.804822,110.203298,632.514815
49.29,0.997183,0.804821,110.203288,632.514793
49.3,0.997183,0.804821,110.203278,632.51477
49.31,0.997183,0.804821,110.203267,632.514748
49.32,0.997183,0.804821,110.203257,632.514726
49.33,0.997183,0.804821,110.203247,632.514703
49.34,0.997183,0.804821,110.203237,632.514681
49.35,0.997183,0.804821,110.203226,632.514659
49.36,0.997183,0.804821,110.203216,632.514636
49.37,0.997183,0.804821,110.203206,632.514614
49.38,0.997183,0.804821,110.203196,632.514592
49.39,0.997183,0.804821,110.203186,632.514569
49.4,0.997183,0.804821,110.203175,632.514547
49.41,0.997183,0.804821,110.203165,632.514525
49.42,0.997183,0.804821,110.203155,632.514503
49.43,0.997183,0.804821,110.203145,632.51448
49.44,0.997183,0.804821,110.203135,632.514458
49.45,0.997183,0.804821,110.203124,632.514436
49.46,0.997183,0.804821,110.203114,632.514414
49.47,0.997183,0.804821,110.203104,632.514391
49.48,0.997183,0.804821,110.203094,632.514369
49.49,0.997183,0.804821,110.203084,632.514347
49.5,0.997183,0.804821,110.203074,632.514325
49.51,0.997183,0.804821,110.203063,632.514302
49.52,0.997183,0.804821,110.203053,632.51428
49.53,0.997183,0.804821,110.203043,632.514258
49.54,0.997183,0.804821,110.203033,632.514236
49.55,0.997183,0.804821,110.203023,632.514214
49.56,0.997183,0.804821,110.203013,632.514191
49.57,0.997183,0.804821,110.203002,632.514169
49.58,0.997183,0.804821,110.202992,632.514147
49.59,0.997183,0.804821,110.202982,632.514125
49.6,0.997183,0.804821,110.202972,632.514103
49.61,0.997183,0.804821,110.202962,632.514081
49.62,0.997183,0.80482,110.202952,632.514058
49.63,0.997183,0.80482,110.202941,632.514036
49.64,0.997183,0.80482,110.202931,632.514014
49.65,0.997183,0.80482,110.202921,632.513992
49.66,0.997183,0.80482,110.202911,632.51397
49.67,0.997183,0.80482,110.202901,632.513948
49.68,0.997183,0.80482,110.202891,632.513926
49.69,0.997183,0.80482,110.202881,632.513904
49.7,0.997183,0.80482,110.202871,632.513881
49.71,0.997183,0.80482,110.20286,632.513859
49.72,0.997183,0.80482,110.20285,632.513837
49.73,0.997183,0.80482,110.20284,632.513815
49.74,0.997183,0.80482,110.20283,632.513793
49.75,0.997183,0.80482,110.20282,632.513771
49.76,0.997183,0.80482,110.20281,632.513749
49.77,0.997183,0.80482,110.2028,632.513727
49.78,0.997183,0.80482,110.20279,632.513705
49.79,0.997183,0.80482,110.20278,632.513683
49.8,0.997183,0.80482,110.202769,632.513661
49.81,0.997183,0.80482,110.202759,632.513639
49.82,0.997183,0.80482,110.202749,632.513617
49.83,0.997183,0.80482,110.202739,632.513595
49.84,0.997183,0.80482,110.202729,632.513573
49.85,0.997183,0.80482,110.202719,632.513551
49.86,0.997183,0.80482,110.202709,632.513529
49.87,0.997183,0.80482,110.202699,632.513507
49.88,0.997183,0.80482,110.202689,632.513485
49.89,0.997183,0.80482,110.202679,632.513463
49.9,0.997183,0.80482,110.202669,632.513441
49.91,0.997183,0.80482,110.202659,632.513419
49.92,0.997183,0.80482,110.202649,632.513397
49.93,0.997183,0.80482,110.202638,632.513375
49.94,0.997183,0.80482,110.202628,632.513353
49.95,0.997183,0.80482,110.202618,632.513331
49.96,0.997183,0.804819,110.202608,632.513309
49.97,0.997183,0.804819,110.202598,632.513287
49.98,0.997183,0.804819,110.202588,632.513265
49.99,0.997183,0.804819,110.202578,632.513243
50,0.997183,0.804819,110.202568,632.513221
