b:tnow in s,s:ut in p.u.,s:cur1 in p.u.,s:Q1 in Mvar,s:P1 in MW
0,1.0123,0.87978,165.763649,508
0.01,1.012166,0.880508,165.934408,508.334821
0.02,1.012159,0.8805,165.92508,508.328616
0.03,1.012153,0.880491,165.917063,508.322397
0.04,1.012148,0.880482,165.910118,508.316639
0.05,1.012145,0.880475,165.904062,508.311619
0.06,1.012142,0.880468,165.898752,508.307465
0.07,1.012139,0.880463,165.894072,508.304215
0.08,1.012137,0.880459,165.889929,508.301849
0.09,1.012135,0.880456,165.886248,508.300312
0.1,1.012134,0.880454,165.882965,508.299529
0.11,1.012133,0.880453,165.880029,508.299413
0.12,1.012132,0.880453,165.877393,508.299873
0.13,1.012132,0.880454,165.87502,508.300815
0.14,1.012131,0.880456,165.872877,508.302147
0.15,1.012131,0.880457,165.870936,508.303777
0.16,1.012131,0.880459,165.869172,508.305617
0.17,1.012131,0.880462,165.867563,508.307585
0.18,1.012131,0.880464,165.866092,508.309601
0.19,1.012131,0.880466,165.864742,508.311589
0.2,1.012132,0.880468,165.8635,508.313479
0.21,1.012132,0.88047,165.862353,508.315206
0.22,1.012133,0.880471,165.861291,508.316708
0.23,1.012133,0.880472,165.860305,508.31793
0.24,1.012134,0.880473,165.859386,508.318821
0.25,1.012135,0.880472,165.85853,508.319335
0.26,1.012136,0.880471,165.857728,508.319432
0.27,1.012137,0.880469,165.856978,508.319075
0.28,1.012138,0.880467,165.856274,508.318235
0.29,1.012139,0.880463,165.855612,508.316886
0.3,1.012141,0.880458,165.854991,508.315008
0.31,1.012142,0.880453,165.854406,508.312585
0.32,1.012144,0.880447,165.853857,508.309607
0.33,1.012146,0.880439,165.85334,508.306068
0.34,1.012148,0.880431,165.852855,508.301966
0.35,1.01215,0.880422,165.8524,508.297306
0.36,1.012152,0.880411,165.851974,508.292094
0.37,1.012154,0.8804,165.851576,508.286344
0.38,1.012157,0.880388,165.851206,508.28007
0.39,1.012159,0.880375,165.850863,508.273292
0.4,1.012162,0.880361,165.850546,508.266033
0.41,1.012165,0.880346,165.850255,508.258321
0.42,1.012168,0.880331,165.849989,508.250183
0.43,1.01217,0.880315,165.84975,508.241653
0.44,1.012174,0.880298,165.849536,508.232764
0.45,1.012177,0.880281,165.849348,508.223555
0.46,1.01218,0.880263,165.849185,508.214062
0.47,1.012183,0.880245,165.849049,508.204328
0.48,1.012186,0.880227,165.848938,508.194392
0.49,1.01219,0.880208,165.848855,508.184298
0.5,1.012193,0.880189,165.848798,508.17409
0.51,1.012197,0.88017,165.848769,508.16381
0.52,1.0122,0.880151,165.848768,508.153502
0.53,1.012204,0.880131,165.848795,508.143211
0.54,1.012207,0.880112,165.848853,508.132979
0.55,1.012211,0.880094,165.84894,508.122849
0.56,1.012214,0.880075,165.849059,508.112864
0.57,1.012218,0.880057,165.84921,508.103062
0.58,1.012222,0.880039,165.849394,508.093484
0.59,1.012225,0.880021,165.849612,508.084168
0.6,1.012228,0.880004,165.849865,508.075149
0.61,1.012232,0.879988,165.850155,508.066461
0.62,1.012235,0.879972,165.850483,508.058137
0.63,1.012238,0.879957,165.85085,508.050206
0.64,1.012242,0.879943,165.851256,508.042696
0.65,1.012245,0.879929,165.851705,508.035633
0.66,1.012248,0.879916,165.852196,508.029038
0.67,1.012251,0.879904,165.852731,508.022933
0.68,1.012254,0.879893,165.853312,508.017335
0.69,1.012256,0.879883,165.853939,508.01226
0.7,1.012259,0.879874,165.854614,508.00772
0.71,1.012262,0.879866,165.855339,508.003725
0.72,1.012264,0.879859,165.856113,508.000284
0.73,1.012266,0.879853,165.856939,507.997401
0.74,1.012268,0.879848,165.857818,507.995079
0.75,1.01227,0.879844,165.85875,507.993319
0.76,1.012272,0.879841,165.859736,507.992119
0.77,1.012274,0.879839,165.860777,507.991475
0.78,1.012276,0.879838,165.861873,507.991382
0.79,1.012277,0.879838,165.863025,507.991831
0.8,1.012278,0.879839,165.864234,507.992813
0.81,1.01228,0.879841,165.865498,507.994316
0.82,1.012281,0.879844,165.86682,507.996328
0.83,1.012282,0.879848,165.868197,507.998834
0.84,1.012282,0.879853,165.86963,508.001819
0.85,1.012283,0.879858,165.871119,508.005265
0.86,1.012283,0.879865,165.872663,508.009156
0.87,1.012284,0.879872,165.87426,508.013473
0.88,1.012284,0.87988,165.87591,508.018195
0.89,1.012284,0.879889,165.877611,508.023303
0.9,1.012283,0.879899,165.879362,508.028777
0.91,1.012283,0.879909,165.881162,508.034595
0.92,1.012283,0.87992,165.883008,508.040736
0.93,1.012282,0.879931,165.884898,508.047179
0.94,1.012281,0.879944,165.88683,508.053902
0.95,1.012281,0.879956,165.888803,508.060884
0.96,1.01228,0.879969,165.890812,508.068103
0.97,1.012279,0.879983,165.892855,508.075539
0.98,1.012277,0.879997,165.894931,508.083171
0.99,1.012276,0.880011,165.897034,508.090977
1,1.012275,0.880026,165.899163,508.098939
1.01,1.012273,0.880041,165.901313,508.107035
1.02,1.012272,0.880057,165.903482,508.115247
1.03,1.01227,0.880072,165.905666,508.123556
1.04,1.012268,0.880088,165.907861,508.131944
1.05,1.012266,0.880104,165.910063,508.140393
1.06,1.012265,0.88012,165.91227,508.148886
1.07,1.012263,0.880136,165.914476,508.157406
1.08,1.012261,0.880152,165.916678,508.165938
1.09,1.012258,0.880169,165.918872,508.174464
1.1,1.012256,0.880185,165.921055,508.182972
1.11,1.012254,0.880201,165.923222,508.191445
1.12,1.012252,0.880217,165.92537,508.199871
1.13,1.01225,0.880234,165.927495,508.208235
1.14,1.012247,0.88025,165.929594,508.216524
1.15,1.012245,0.880265,165.931662,508.224726
1.16,1.012243,0.880281,165.933696,508.232829
1.17,1.012241,0.880297,165.935693,508.24082
1.18,1.012238,0.880312,165.937649,508.248688
1.19,1.012236,0.880327,165.939562,508.256421
1.2,1.012234,0.880342,165.941429,508.264009
1.21,1.012232,0.880356,165.943246,508.271441
1.22,1.012229,0.88037,165.94501,508.278706
1.23,1.012227,0.880384,165.946721,508.285794
1.24,1.012225,0.880398,165.948375,508.292695
1.25,1.012223,0.880411,165.94997,508.2994
1.26,1.012221,0.880424,165.951504,508.305898
1.27,1.012219,0.880436,165.952976,508.312181
1.28,1.012217,0.880448,165.954384,508.318238
1.29,1.012215,0.880459,165.955727,508.324062
1.3,1.012214,0.88047,165.957005,508.329642
1.31,1.012212,0.88048,165.958215,508.334971
1.32,1.01221,0.88049,165.959359,508.340041
1.33,1.012209,0.8805,165.960435,508.344842
1.34,1.012207,0.880509,165.961443,508.349368
1.35,1.012206,0.880517,165.962384,508.353611
1.36,1.012205,0.880525,165.963258,508.357563
1.37,1.012204,0.880532,165.964065,508.361219
1.38,1.012203,0.880538,165.964807,508.364571
1.39,1.012202,0.880544,165.965483,508.367613
1.4,1.012201,0.880549,165.966096,508.370342
1.41,1.0122,0.880554,165.966647,508.37275
1.42,1.0122,0.880558,165.967136,508.374835
1.43,1.012199,0.880562,165.967566,508.376593
1.44,1.012199,0.880564,165.967938,508.37802
1.45,1.012198,0.880566,165.968255,508.379114
1.46,1.012198,0.880568,165.968518,508.379875
1.47,1.012198,0.880569,165.96873,508.3803
1.48,1.012198,0.880569,165.968892,508.380391
1.49,1.012198,0.880569,165.969007,508.380148
1.5,1.012199,0.880567,165.969078,508.379573
1.51,1.012199,0.880566,165.969107,508.378668
1.52,1.012199,0.880563,165.969095,508.377438
1.53,1.0122,0.88056,165.969047,508.375886
1.54,1.012201,0.880557,165.968963,508.374019
1.55,1.012201,0.880553,165.968848,508.371843
1.56,1.012202,0.880548,165.968703,508.369365
1.57,1.012203,0.880543,165.96853,508.366594
1.58,1.012204,0.880537,165.968333,508.363539
1.59,1.012206,0.880531,165.968114,508.360211
1.6,1.012207,0.880524,165.967874,508.356621
1.61,1.012208,0.880517,165.967617,508.35278
1.62,1.012209,0.880509,165.967345,508.348703
1.63,1.012211,0.880501,165.967059,508.344402
1.64,1.012212,0.880492,165.966762,508.339893
1.65,1.012214,0.880483,165.966455,508.33519
1.66,1.012216,0.880474,165.966142,508.33031
1.67,1.012217,0.880464,165.965822,508.32527
1.68,1.012219,0.880455,165.965498,508.320086
1.69,1.012221,0.880445,165.965172,508.314776
1.7,1.012223,0.880434,165.964845,508.309358
1.71,1.012225,0.880424,165.964518,508.303851
1.72,1.012227,0.880413,165.964192,508.298273
1.73,1.012229,0.880403,165.963869,508.292644
1.74,1.012231,0.880392,165.963548,508.28698
1.75,1.012233,0.880381,165.963232,508.281303
1.76,1.012235,0.88037,165.962921,508.27563
1.77,1.012237,0.880359,165.962615,508.269981
1.78,1.012239,0.880349,165.962315,508.264373
1.79,1.012241,0.880338,165.962021,508.258824
1.8,1.012243,0.880327,165.961733,508.253353
1.81,1.012245,0.880317,165.961452,508.247975
1.82,1.012247,0.880307,165.961177,508.242709
1.83,1.012249,0.880297,165.960909,508.237568
1.84,1.012251,0.880287,165.960648,508.23257
1.85,1.012253,0.880278,165.960392,508.227727
1.86,1.012255,0.880268,165.960143,508.223053
1.87,1.012257,0.88026,165.959899,508.218561
1.88,1.012259,0.880251,165.95966,508.214261
1.89,1.012261,0.880243,165.959426,508.210166
1.9,1.012263,0.880235,165.959196,508.206283
1.91,1.012265,0.880227,165.958971,508.202621
1.92,1.012267,0.88022,165.958748,508.199188
1.93,1.012269,0.880214,165.958528,508.195988
1.94,1.012271,0.880207,165.95831,508.193027
1.95,1.012273,0.880201,165.958094,508.190309
1.96,1.012274,0.880196,165.957879,508.187835
1.97,1.012276,0.880191,165.957664,508.185607
1.98,1.012278,0.880186,165.95745,508.183625
1.99,1.012279,0.880182,165.957235,508.181887
2,1.012281,0.880178,165.957018,508.180392
2.01,1.012282,0.880175,165.9568,508.179135
2.02,1.012284,0.880171,165.956581,508.178113
2.03,1.012285,0.880169,165.956359,508.17732
2.04,1.012287,0.880167,165.956134,508.176749
2.05,1.012288,0.880165,165.955907,508.176394
2.06,1.01229,0.880163,165.955676,508.176245
2.07,1.012291,0.880162,165.955442,508.176294
2.08,1.012292,0.880161,165.955205,508.176531
2.09,1.012294,0.880161,165.954964,508.176946
2.1,1.012295,0.88016,165.95472,508.177528
2.11,1.012296,0.88016,165.954473,508.178265
2.12,1.012297,0.880161,165.954223,508.179146
2.13,1.012298,0.880161,165.953969,508.180158
2.14,1.012299,0.880162,165.953713,508.18129
2.15,1.0123,0.880163,165.953454,508.182528
2.16,1.012301,0.880164,165.953194,508.183861
2.17,1.012302,0.880165,165.952932,508.185275
2.18,1.012303,0.880166,165.952668,508.186758
2.19,1.012304,0.880168,165.952405,508.188298
2.2,1.012305,0.880169,165.952141,508.189883
2.21,1.012306,0.880171,165.951878,508.1915
2.22,1.012307,0.880173,165.951616,508.19314
2.23,1.012308,0.880174,165.951356,508.194791
2.24,1.012308,0.880176,165.951099,508.196443
2.25,1.012309,0.880178,165.950845,508.198085
2.26,1.01231,0.88018,165.950596,508.19971
2.27,1.01231,0.880182,165.950351,508.201309
2.28,1.012311,0.880183,165.950113,508.202874
2.29,1.012312,0.880185,165.949881,508.204399
2.3,1.012312,0.880187,165.949657,508.205878
2.31,1.012313,0.880188,165.949441,508.207305
2.32,1.012313,0.88019,165.949234,508.208676
2.33,1.012314,0.880191,165.949037,508.209989
2.34,1.012314,0.880193,165.948851,508.21124
2.35,1.012315,0.880194,165.948677,508.212429
2.36,1.012315,0.880196,165.948514,508.213554
2.37,1.012316,0.880197,165.948365,508.214616
2.38,1.012316,0.880198,165.948229,508.215616
2.39,1.012316,0.880199,165.948107,508.216556
2.4,1.012317,0.8802,165.948,508.217438
2.41,1.012317,0.880201,165.947908,508.218268
2.42,1.012317,0.880202,165.947832,508.219048
2.43,1.012317,0.880203,165.947771,508.219784
2.44,1.012317,0.880204,165.947728,508.220481
2.45,1.012317,0.880205,165.947701,508.221147
2.46,1.012317,0.880206,165.947691,508.221787
2.47,1.012317,0.880207,165.947698,508.222409
2.48,1.012317,0.880208,165.947723,508.223021
2.49,1.012317,0.880209,165.947764,508.223632
2.5,1.012317,0.880211,165.947823,508.224249
2.51,1.012317,0.880212,165.947899,508.224881
2.52,1.012316,0.880213,165.947992,508.225538
2.53,1.012316,0.880215,165.948102,508.226228
2.54,1.012316,0.880216,165.948227,508.226959
2.55,1.012315,0.880218,165.948369,508.227742
2.56,1.012315,0.88022,165.948526,508.228585
2.57,1.012314,0.880222,165.948697,508.229497
2.58,1.012314,0.880224,165.948883,508.230485
2.59,1.012313,0.880226,165.949083,508.231559
2.6,1.012312,0.880229,165.949295,508.232725
2.61,1.012311,0.880231,165.949519,508.233992
2.62,1.012311,0.880234,165.949754,508.235365
2.63,1.01231,0.880238,165.949999,508.236851
2.64,1.012309,0.880241,165.950253,508.238456
2.65,1.012308,0.880245,165.950516,508.240185
2.66,1.012307,0.880249,165.950785,508.242042
2.67,1.012306,0.880253,165.95106,508.244031
2.68,1.012305,0.880257,165.951339,508.246154
2.69,1.012303,0.880262,165.951623,508.248413
2.7,1.012302,0.880267,165.951908,508.250811
2.71,1.012301,0.880272,165.952194,508.253346
2.72,1.012299,0.880278,165.952479,508.25602
2.73,1.012298,0.880284,165.952763,508.25883
2.74,1.012297,0.88029,165.953044,508.261775
2.75,1.012295,0.880296,165.95332,508.264852
2.76,1.012294,0.880302,165.953591,508.268056
2.77,1.012292,0.880309,165.953854,508.271385
2.78,1.01229,0.880316,165.954109,508.274831
2.79,1.012289,0.880323,165.954353,508.278389
2.8,1.012287,0.88033,165.954587,508.282053
2.81,1.012286,0.880338,165.954807,508.285814
2.82,1.012284,0.880345,165.955014,508.289665
2.83,1.012282,0.880353,165.955206,508.293596
2.84,1.01228,0.880361,165.955381,508.297598
2.85,1.012279,0.880369,165.955538,508.301661
2.86,1.012277,0.880377,165.955677,508.305774
2.87,1.012275,0.880385,165.955795,508.309926
2.88,1.012274,0.880393,165.955892,508.314107
2.89,1.012272,0.880401,165.955967,508.318303
2.9,1.01227,0.880409,165.956019,508.322504
2.91,1.012269,0.880417,165.956046,508.326696
2.92,1.012267,0.880425,165.956049,508.330867
2.93,1.012265,0.880433,165.956025,508.335006
2.94,1.012264,0.880441,165.955975,508.339098
2.95,1.012262,0.880449,165.955898,508.343132
2.96,1.01226,0.880456,165.955792,508.347094
2.97,1.012259,0.880463,165.955658,508.350974
2.98,1.012257,0.88047,165.955494,508.354757
2.99,1.012256,0.880477,165.955302,508.358433
3,1.012255,0.880484,165.955079,508.361989
3.01,1.012253,0.88049,165.954826,508.365414
3.02,1.012252,0.880497,165.954543,508.368698
3.03,1.012251,0.880502,165.95423,508.37183
3.04,1.01225,0.880508,165.953886,508.374799
3.05,1.012249,0.880513,165.953512,508.377597
3.06,1.012247,0.880518,165.953108,508.380215
3.07,1.012246,0.880522,165.952674,508.382644
3.08,1.012246,0.880526,165.95221,508.384877
3.09,1.012245,0.88053,165.951717,508.386906
3.1,1.012244,0.880533,165.951195,508.388727
3.11,1.012243,0.880536,165.950645,508.390333
3.12,1.012243,0.880539,165.950067,508.391719
3.13,1.012242,0.880541,165.949462,508.392883
3.14,1.012242,0.880542,165.948832,508.39382
3.15,1.012241,0.880543,165.948175,508.394528
3.16,1.012241,0.880544,165.947494,508.395007
3.17,1.012241,0.880544,165.94679,508.395255
3.18,1.01224,0.880544,165.946063,508.395272
3.19,1.01224,0.880543,165.945315,508.395059
3.2,1.01224,0.880542,165.944546,508.394619
3.21,1.01224,0.880541,165.943758,508.393953
3.22,1.01224,0.880539,165.942953,508.393064
3.23,1.012241,0.880537,165.94213,508.391958
3.24,1.012241,0.880534,165.941292,508.390638
3.25,1.012241,0.880531,165.940441,508.389109
3.26,1.012242,0.880527,165.939576,508.387379
3.27,1.012242,0.880523,165.9387,508.385453
3.28,1.012243,0.880519,165.937815,508.38334
3.29,1.012243,0.880515,165.936921,508.381046
3.3,1.012244,0.88051,165.93602,508.37858
3.31,1.012245,0.880504,165.935113,508.375952
3.32,1.012245,0.880499,165.934202,508.37317
3.33,1.012246,0.880493,165.933289,508.370245
3.34,1.012247,0.880487,165.932375,508.367186
3.35,1.012248,0.880481,165.93146,508.364005
3.36,1.012249,0.880474,165.930548,508.360711
3.37,1.01225,0.880468,165.929638,508.357317
3.38,1.012251,0.880461,165.928733,508.353833
3.39,1.012252,0.880454,165.927834,508.350272
3.4,1.012253,0.880447,165.926942,508.346644
3.41,1.012254,0.88044,165.926058,508.342961
3.42,1.012255,0.880432,165.925183,508.339235
3.43,1.012257,0.880425,165.92432,508.335478
3.44,1.012258,0.880418,165.923469,508.331702
3.45,1.012259,0.88041,165.92263,508.327917
3.46,1.01226,0.880403,165.921806,508.324136
3.47,1.012261,0.880396,165.920997,508.32037
3.48,1.012263,0.880388,165.920204,508.31663
3.49,1.012264,0.880381,165.919428,508.312926
3.5,1.012265,0.880374,165.91867,508.309271
3.51,1.012266,0.880367,165.91793,508.305673
3.52,1.012268,0.88036,165.91721,508.302143
3.53,1.012269,0.880353,165.916509,508.29869
3.54,1.01227,0.880346,165.915829,508.295325
3.55,1.012271,0.88034,165.915169,508.292055
3.56,1.012272,0.880334,165.914531,508.288889
3.57,1.012273,0.880328,165.913915,508.285836
3.58,1.012274,0.880322,165.91332,508.282902
3.59,1.012276,0.880316,165.912747,508.280095
3.6,1.012277,0.880311,165.912197,508.277422
3.61,1.012278,0.880306,165.911669,508.274888
3.62,1.012279,0.880301,165.911164,508.272499
3.63,1.01228,0.880296,165.91068,508.27026
3.64,1.01228,0.880292,165.910219,508.268176
3.65,1.012281,0.880288,165.90978,508.266251
3.66,1.012282,0.880284,165.909362,508.264488
3.67,1.012283,0.880281,165.908966,508.262889
3.68,1.012284,0.880278,165.908591,508.261458
3.69,1.012284,0.880275,165.908237,508.260196
3.7,1.012285,0.880272,165.907903,508.259105
3.71,1.012286,0.88027,165.907588,508.258185
3.72,1.012286,0.880268,165.907293,508.257436
3.73,1.012287,0.880267,165.907017,508.256859
3.74,1.012287,0.880266,165.906758,508.256453
3.75,1.012288,0.880265,165.906517,508.256217
3.76,1.012288,0.880264,165.906293,508.256148
3.77,1.012288,0.880264,165.906084,508.256245
3.78,1.012289,0.880264,165.905891,508.256506
3.79,1.012289,0.880264,165.905713,508.256927
3.8,1.012289,0.880265,165.905548,508.257505
3.81,1.012289,0.880266,165.905396,508.258237
3.82,1.01229,0.880267,165.905257,508.259119
3.83,1.01229,0.880269,165.905129,508.260145
3.84,1.01229,0.88027,165.905011,508.261312
3.85,1.01229,0.880272,165.904904,508.262615
3.86,1.01229,0.880275,165.904806,508.264048
3.87,1.01229,0.880277,165.904716,508.265605
3.88,1.01229,0.88028,165.904635,508.267282
3.89,1.012289,0.880283,165.90456,508.269072
3.9,1.012289,0.880286,165.904491,508.270969
3.91,1.012289,0.880289,165.904428,508.272967
3.92,1.012289,0.880292,165.90437,508.27506
3.93,1.012289,0.880296,165.904317,508.277241
3.94,1.012288,0.8803,165.904267,508.279503
3.95,1.012288,0.880304,165.904221,508.28184
3.96,1.012288,0.880308,165.904177,508.284245
3.97,1.012287,0.880312,165.904135,508.286712
3.98,1.012287,0.880316,165.904095,508.289235
3.99,1.012286,0.880321,165.904057,508.291805
4,1.012286,0.880325,165.904019,508.294417
4.01,1.012285,0.88033,165.903982,508.297064
4.02,1.012285,0.880334,165.903945,508.29974
4.03,1.012284,0.880339,165.903909,508.302439
4.04,1.012284,0.880343,165.903872,508.305154
4.05,1.012283,0.880348,165.903834,508.307878
4.06,1.012283,0.880353,165.903796,508.310608
4.07,1.012282,0.880358,165.903757,508.313335
4.08,1.012282,0.880362,165.903717,508.316056
4.09,1.012281,0.880367,165.903677,508.318764
4.1,1.01228,0.880372,165.903635,508.321454
4.11,1.01228,0.880377,165.903593,508.324122
4.12,1.012279,0.880381,165.903549,508.326763
4.13,1.012279,0.880386,165.903505,508.329372
4.14,1.012278,0.88039,165.90346,508.331945
4.15,1.012277,0.880395,165.903414,508.334479
4.16,1.012277,0.880399,165.903367,508.336968
4.17,1.012276,0.880404,165.90332,508.339411
4.18,1.012275,0.880408,165.903273,508.341804
4.19,1.012275,0.880412,165.903226,508.344143
4.2,1.012274,0.880416,165.903178,508.346427
4.21,1.012273,0.88042,165.903131,508.348653
4.22,1.012273,0.880424,165.903084,508.350819
4.23,1.012272,0.880428,165.903038,508.352923
4.24,1.012271,0.880432,165.902992,508.354963
4.25,1.012271,0.880435,165.902948,508.35694
4.26,1.01227,0.880439,165.902904,508.35885
4.27,1.01227,0.880442,165.902862,508.360694
4.28,1.012269,0.880446,165.902821,508.362472
4.29,1.012268,0.880449,165.902781,508.364183
4.3,1.012268,0.880452,165.902743,508.365826
4.31,1.012267,0.880455,165.902707,508.367403
4.32,1.012266,0.880458,165.902672,508.368914
4.33,1.012266,0.880461,165.90264,508.370358
4.34,1.012265,0.880464,165.902609,508.371739
4.35,1.012264,0.880466,165.90258,508.373055
4.36,1.012264,0.880469,165.902553,508.374309
4.37,1.012263,0.880471,165.902528,508.375501
4.38,1.012262,0.880473,165.902505,508.376634
4.39,1.012262,0.880476,165.902483,508.377708
4.4,1.012261,0.880478,165.902463,508.378727
4.41,1.012261,0.88048,165.902444,508.379691
4.42,1.01226,0.880482,165.902427,508.380602
4.43,1.012259,0.880484,165.90241,508.381462
4.44,1.012259,0.880485,165.902394,508.382274
4.45,1.012258,0.880487,165.902379,508.38304
4.46,1.012258,0.880489,165.902364,508.383761
4.47,1.012257,0.88049,165.902349,508.384441
4.48,1.012256,0.880492,165.902333,508.38508
4.49,1.012256,0.880493,165.902316,508.385681
4.5,1.012255,0.880495,165.902298,508.386247
4.51,1.012255,0.880496,165.902279,508.386779
4.52,1.012254,0.880497,165.902257,508.387279
4.53,1.012254,0.880498,165.902233,508.38775
4.54,1.012253,0.880499,165.902206,508.388193
4.55,1.012252,0.880501,165.902175,508.38861
4.56,1.012252,0.880502,165.90214,508.389003
4.57,1.012251,0.880503,165.902101,508.389373
4.58,1.012251,0.880504,165.902056,508.389722
4.59,1.01225,0.880504,165.902007,508.390051
4.6,1.01225,0.880505,165.901951,508.390362
4.61,1.01225,0.880506,165.901888,508.390655
4.62,1.012249,0.880507,165.901819,508.390932
4.63,1.012249,0.880508,165.901742,508.391194
4.64,1.012248,0.880508,165.901657,508.39144
4.65,1.012248,0.880509,165.901563,508.391672
4.66,1.012248,0.88051,165.901461,508.391891
4.67,1.012247,0.88051,165.901349,508.392095
4.68,1.012247,0.880511,165.901227,508.392287
4.69,1.012247,0.880511,165.901095,508.392465
4.7,1.012246,0.880512,165.900952,508.392629
4.71,1.012246,0.880512,165.900799,508.392779
4.72,1.012246,0.880512,165.900634,508.392915
4.73,1.012245,0.880513,165.900458,508.393037
4.74,1.012245,0.880513,165.90027,508.393143
4.75,1.012245,0.880513,165.90007,508.393232
4.76,1.012245,0.880513,165.899858,508.393305
4.77,1.012245,0.880513,165.899634,508.393359
4.78,1.012245,0.880513,165.899397,508.393395
4.79,1.012245,0.880513,165.899148,508.39341
4.8,1.012245,0.880513,165.898887,508.393404
4.81,1.012245,0.880513,165.898613,508.393376
4.82,1.012245,0.880513,165.898327,508.393324
4.83,1.012245,0.880513,165.898029,508.393247
4.84,1.012245,0.880512,165.897719,508.393143
4.85,1.012245,0.880512,165.897398,508.393012
4.86,1.012245,0.880511,165.897065,508.392852
4.87,1.012245,0.880511,165.896721,508.392662
4.88,1.012245,0.88051,165.896366,508.39244
4.89,1.012245,0.880509,165.896001,508.392186
4.9,1.012246,0.880508,165.895626,508.391899
4.91,1.012246,0.880507,165.895241,508.391576
4.92,1.012246,0.880506,165.894848,508.391218
4.93,1.012247,0.880505,165.894446,508.390823
4.94,1.012247,0.880504,165.894037,508.390391
4.95,1.012247,0.880503,165.89362,508.389921
4.96,1.012248,0.880501,165.893197,508.389412
4.97,1.012248,0.8805,165.892769,508.388865
4.98,1.012249,0.880498,165.892335,508.388278
4.99,1.012249,0.880497,165.891897,508.387652
5,1.01225,0.880495,165.891456,508.386987
5.01,1.01225,0.880493,165.891012,508.386284
5.02,1.012251,0.880491,165.890566,508.385542
5.03,1.012251,0.880489,165.890119,508.384762
5.04,1.012252,0.880487,165.889672,508.383944
5.05,1.012253,0.880485,165.889226,508.383091
5.06,1.012253,0.880483,165.888781,508.382203
5.07,1.012254,0.880481,165.888339,508.381281
5.08,1.012255,0.880479,165.8879,508.380327
5.09,1.012255,0.880476,165.887465,508.379342
5.1,1.012256,0.880474,165.887034,508.378329
5.11,1.012257,0.880471,165.88661,508.37729
5.12,1.012257,0.880469,165.886192,508.376226
5.13,1.012258,0.880466,165.885782,508.37514
5.14,1.012259,0.880464,165.88538,508.374034
5.15,1.012259,0.880461,165.884986,508.372913
5.16,1.01226,0.880459,165.884603,508.371777
5.17,1.012261,0.880456,165.88423,508.37063
5.18,1.012262,0.880453,165.883867,508.369476
5.19,1.012262,0.880451,165.883517,508.368318
5.2,1.012263,0.880448,165.883179,508.367158
5.21,1.012264,0.880445,165.882854,508.366001
5.22,1.012264,0.880443,165.882542,508.36485
5.23,1.012265,0.88044,165.882245,508.363708
5.24,1.012266,0.880438,165.881962,508.36258
5.25,1.012267,0.880435,165.881693,508.361468
5.26,1.012267,0.880433,165.88144,508.360377
5.27,1.012268,0.880431,165.881203,508.359311
5.28,1.012268,0.880428,165.880981,508.358273
5.29,1.012269,0.880426,165.880776,508.357266
5.3,1.01227,0.880424,165.880587,508.356296
5.31,1.01227,0.880422,165.880414,508.355364
5.32,1.012271,0.88042,165.880258,508.354476
5.33,1.012271,0.880418,165.880118,508.353633
5.34,1.012272,0.880416,165.879995,508.352841
5.35,1.012272,0.880415,165.879888,508.352102
5.36,1.012273,0.880413,165.879798,508.351419
5.37,1.012273,0.880412,165.879724,508.350795
5.38,1.012273,0.880411,165.879666,508.350234
5.39,1.012274,0.88041,165.879625,508.349738
5.4,1.012274,0.880409,165.879598,508.34931
5.41,1.012274,0.880408,165.879587,508.348952
5.42,1.012275,0.880407,165.879591,508.348667
5.43,1.012275,0.880407,165.879609,508.348456
5.44,1.012275,0.880406,165.879642,508.348321
5.45,1.012275,0.880406,165.879688,508.348264
5.46,1.012275,0.880406,165.879747,508.348287
5.47,1.012276,0.880406,165.879818,508.34839
5.48,1.012276,0.880406,165.879902,508.348574
5.49,1.012276,0.880407,165.879997,508.348841
5.5,1.012276,0.880407,165.880103,508.34919
5.51,1.012276,0.880408,165.880219,508.349621
5.52,1.012276,0.880409,165.880345,508.350135
5.53,1.012275,0.88041,165.880479,508.350731
5.54,1.012275,0.880411,165.880622,508.351409
5.55,1.012275,0.880413,165.880772,508.352168
5.56,1.012275,0.880414,165.880929,508.353007
5.57,1.012275,0.880416,165.881092,508.353924
5.58,1.012275,0.880418,165.88126,508.354918
5.59,1.012274,0.88042,165.881433,508.355987
5.6,1.012274,0.880422,165.88161,508.357129
5.61,1.012274,0.880424,165.881791,508.358342
5.62,1.012273,0.880427,165.881973,508.359623
5.63,1.012273,0.880429,165.882158,508.360971
5.64,1.012273,0.880432,165.882344,508.362381
5.65,1.012272,0.880435,165.88253,508.363851
5.66,1.012272,0.880438,165.882717,508.365378
5.67,1.012271,0.880441,165.882902,508.366958
5.68,1.012271,0.880444,165.883087,508.368589
5.69,1.01227,0.880447,165.883269,508.370265
5.7,1.01227,0.88045,165.883449,508.371984
5.71,1.012269,0.880453,165.883625,508.373742
5.72,1.012269,0.880457,165.883799,508.375534
5.73,1.012268,0.88046,165.883968,508.377357
5.74,1.012268,0.880463,165.884133,508.379206
5.75,1.012267,0.880467,165.884292,508.381077
5.76,1.012267,0.88047,165.884447,508.382967
5.77,1.012266,0.880474,165.884595,508.384871
5.78,1.012265,0.880478,165.884738,508.386784
5.79,1.012265,0.880481,165.884874,508.388702
5.8,1.012264,0.880485,165.885004,508.390622
5.81,1.012264,0.880488,165.885127,508.392539
5.82,1.012263,0.880492,165.885243,508.394448
5.83,1.012263,0.880495,165.885352,508.396347
5.84,1.012262,0.880499,165.885453,508.39823
5.85,1.012261,0.880502,165.885547,508.400094
5.86,1.012261,0.880506,165.885633,508.401935
5.87,1.01226,0.880509,165.885711,508.403749
5.88,1.01226,0.880512,165.885782,508.405533
5.89,1.012259,0.880516,165.885846,508.407283
5.9,1.012259,0.880519,165.885902,508.408996
5.91,1.012258,0.880522,165.88595,508.410669
5.92,1.012258,0.880525,165.885991,508.412298
5.93,1.012257,0.880528,165.886024,508.413882
5.94,1.012257,0.880531,165.88605,508.415417
5.95,1.012256,0.880533,165.88607,508.4169
5.96,1.012256,0.880536,165.886082,508.41833
5.97,1.012255,0.880539,165.886088,508.419704
5.98,1.012255,0.880541,165.886087,508.421021
5.99,1.012254,0.880543,165.88608,508.422278
6,1.012254,0.880546,165.886067,508.423475
6.01,1.012254,0.880548,165.886049,508.424609
6.02,1.012253,0.88055,165.886025,508.42568
6.03,1.012253,0.880551,165.885995,508.426686
6.04,1.012253,0.880553,165.885961,508.427628
6.05,1.012252,0.880555,165.885922,508.428504
6.06,1.012252,0.880556,165.885879,508.429314
6.07,1.012252,0.880558,165.885832,508.430058
6.08,1.012251,0.880559,165.885781,508.430736
6.09,1.012251,0.88056,165.885726,508.431349
6.1,1.012251,0.880561,165.885668,508.431896
6.11,1.012251,0.880562,165.885607,508.432378
6.12,1.012251,0.880563,165.885544,508.432796
6.13,1.01225,0.880564,165.885478,508.433152
6.14,1.01225,0.880564,165.88541,508.433445
6.15,1.01225,0.880565,165.88534,508.433677
6.16,1.01225,0.880565,165.885268,508.43385
6.17,1.01225,0.880565,165.885195,508.433965
6.18,1.01225,0.880565,165.88512,508.434024
6.19,1.012249,0.880565,165.885045,508.434028
6.2,1.012249,0.880565,165.884968,508.433979
6.21,1.012249,0.880565,165.884891,508.433879
6.22,1.012249,0.880565,165.884813,508.43373
6.23,1.012249,0.880565,165.884735,508.433535
6.24,1.012249,0.880564,165.884656,508.433294
6.25,1.012249,0.880564,165.884577,508.433012
6.26,1.012249,0.880563,165.884498,508.432689
6.27,1.012249,0.880563,165.884419,508.432328
6.28,1.012249,0.880562,165.88434,508.431931
6.29,1.012249,0.880561,165.884261,508.431501
6.3,1.012249,0.880561,165.884182,508.43104
6.31,1.012249,0.88056,165.884103,508.430551
6.32,1.012249,0.880559,165.884024,508.430035
6.33,1.012249,0.880558,165.883945,508.429495
6.34,1.012249,0.880557,165.883866,508.428934
6.35,1.01225,0.880556,165.883787,508.428354
6.36,1.01225,0.880555,165.883708,508.427756
6.37,1.01225,0.880554,165.883629,508.427143
6.38,1.01225,0.880553,165.88355,508.426518
6.39,1.01225,0.880552,165.88347,508.425882
6.4,1.01225,0.88055,165.88339,508.425237
6.41,1.01225,0.880549,165.88331,508.424586
6.42,1.01225,0.880548,165.883229,508.423929
6.43,1.012251,0.880547,165.883147,508.42327
6.44,1.012251,0.880546,165.883064,508.42261
6.45,1.012251,0.880544,165.882981,508.42195
6.46,1.012251,0.880543,165.882896,508.421293
6.47,1.012251,0.880542,165.882811,508.420638
6.48,1.012251,0.880541,165.882724,508.419989
6.49,1.012252,0.880539,165.882635,508.419346
6.5,1.012252,0.880538,165.882546,508.418711
6.51,1.012252,0.880537,165.882455,508.418084
6.52,1.012252,0.880536,165.882362,508.417467
6.53,1.012252,0.880535,165.882268,508.416861
6.54,1.012253,0.880533,165.882172,508.416266
6.55,1.012253,0.880532,165.882074,508.415684
6.56,1.012253,0.880531,165.881974,508.415115
6.57,1.012253,0.88053,165.881872,508.41456
6.58,1.012254,0.880529,165.881769,508.414019
6.59,1.012254,0.880528,165.881664,508.413493
6.6,1.012254,0.880527,165.881556,508.412982
6.61,1.012254,0.880526,165.881447,508.412487
6.62,1.012255,0.880525,165.881336,508.412008
6.63,1.012255,0.880524,165.881223,508.411545
6.64,1.012255,0.880523,165.881109,508.411098
6.65,1.012256,0.880522,165.880993,508.410668
6.66,1.012256,0.880521,165.880875,508.410254
6.67,1.012256,0.88052,165.880756,508.409857
6.68,1.012256,0.880519,165.880636,508.409476
6.69,1.012257,0.880518,165.880514,508.409113
6.7,1.012257,0.880517,165.880392,508.408765
6.71,1.012257,0.880516,165.880268,508.408434
6.72,1.012258,0.880515,165.880144,508.408119
6.73,1.012258,0.880515,165.88002,508.40782
6.74,1.012258,0.880514,165.879895,508.407538
6.75,1.012259,0.880513,165.879771,508.407271
6.76,1.012259,0.880512,165.879646,508.40702
6.77,1.012259,0.880512,165.879522,508.406784
6.78,1.01226,0.880511,165.879399,508.406564
6.79,1.01226,0.88051,165.879277,508.406359
6.8,1.01226,0.88051,165.879157,508.40617
6.81,1.01226,0.880509,165.879038,508.405995
6.82,1.012261,0.880508,165.87892,508.405836
6.83,1.012261,0.880508,165.878805,508.405691
6.84,1.012261,0.880507,165.878693,508.405561
6.85,1.012262,0.880507,165.878583,508.405446
6.86,1.012262,0.880506,165.878477,508.405345
6.87,1.012262,0.880506,165.878373,508.40526
6.88,1.012263,0.880505,165.878274,508.405189
6.89,1.012263,0.880505,165.878179,508.405133
6.9,1.012263,0.880505,165.878087,508.405092
6.91,1.012263,0.880504,165.878001,508.405066
6.92,1.012264,0.880504,165.877919,508.405056
6.93,1.012264,0.880504,165.877842,508.405061
6.94,1.012264,0.880504,165.877771,508.405081
6.95,1.012265,0.880503,165.877706,508.405118
6.96,1.012265,0.880503,165.877646,508.40517
6.97,1.012265,0.880503,165.877593,508.405239
6.98,1.012265,0.880503,165.877545,508.405324
6.99,1.012265,0.880503,165.877505,508.405427
7,1.012266,0.880503,165.877471,508.405547
7.01,1.012266,0.880503,165.877443,508.405684
7.02,1.012266,0.880503,165.877423,508.40584
7.03,1.012266,0.880503,165.87741,508.406013
7.04,1.012266,0.880503,165.877404,508.406206
7.05,1.012266,0.880504,165.877405,508.406417
7.06,1.012267,0.880504,165.877414,508.406648
7.07,1.012267,0.880504,165.87743,508.406898
7.08,1.012267,0.880505,165.877453,508.407169
7.09,1.012267,0.880505,165.877484,508.40746
7.1,1.012267,0.880505,165.877522,508.407772
7.11,1.012267,0.880506,165.877568,508.408104
7.12,1.012267,0.880506,165.87762,508.408458
7.13,1.012267,0.880507,165.87768,508.408833
7.14,1.012267,0.880508,165.877746,508.40923
7.15,1.012267,0.880508,165.87782,508.409649
7.16,1.012267,0.880509,165.8779,508.41009
7.17,1.012267,0.88051,165.877987,508.410552
7.18,1.012267,0.880511,165.878079,508.411037
7.19,1.012267,0.880512,165.878178,508.411544
7.2,1.012267,0.880513,165.878283,508.412073
7.21,1.012267,0.880514,165.878393,508.412623
7.22,1.012267,0.880515,165.878508,508.413195
7.23,1.012266,0.880516,165.878628,508.413789
7.24,1.012266,0.880517,165.878753,508.414404
7.25,1.012266,0.880518,165.878882,508.41504
7.26,1.012266,0.880519,165.879015,508.415696
7.27,1.012266,0.880521,165.879151,508.416373
7.28,1.012265,0.880522,165.87929,508.417068
7.29,1.012265,0.880523,165.879432,508.417783
7.3,1.012265,0.880525,165.879577,508.418516
7.31,1.012265,0.880526,165.879723,508.419266
7.32,1.012265,0.880528,165.879871,508.420033
7.33,1.012264,0.880529,165.88002,508.420816
7.34,1.012264,0.880531,165.88017,508.421614
7.35,1.012264,0.880533,165.88032,508.422426
7.36,1.012263,0.880534,165.88047,508.42325
7.37,1.012263,0.880536,165.880619,508.424087
7.38,1.012263,0.880537,165.880767,508.424934
7.39,1.012263,0.880539,165.880914,508.425791
7.4,1.012262,0.880541,165.881059,508.426657
7.41,1.012262,0.880543,165.881202,508.427529
7.42,1.012262,0.880544,165.881342,508.428407
7.43,1.012261,0.880546,165.88148,508.429289
7.44,1.012261,0.880548,165.881614,508.430174
7.45,1.012261,0.88055,165.881744,508.431061
7.46,1.01226,0.880551,165.88187,508.431948
7.47,1.01226,0.880553,165.881992,508.432833
7.48,1.01226,0.880555,165.882108,508.433716
7.49,1.012259,0.880556,165.88222,508.434594
7.5,1.012259,0.880558,165.882327,508.435466
7.51,1.012259,0.88056,165.882428,508.43633
7.52,1.012258,0.880562,165.882523,508.437185
7.53,1.012258,0.880563,165.882612,508.43803
7.54,1.012258,0.880565,165.882695,508.438863
7.55,1.012257,0.880566,165.882772,508.439682
7.56,1.012257,0.880568,165.882842,508.440486
7.57,1.012257,0.88057,165.882905,508.441274
7.58,1.012256,0.880571,165.882961,508.442043
7.59,1.012256,0.880572,165.88301,508.442793
7.6,1.012256,0.880574,165.883052,508.443523
7.61,1.012256,0.880575,165.883087,508.44423
7.62,1.012255,0.880577,165.883115,508.444915
7.63,1.012255,0.880578,165.883136,508.445574
7.64,1.012255,0.880579,165.883149,508.446208
7.65,1.012255,0.88058,165.883156,508.446815
7.66,1.012254,0.880581,165.883155,508.447395
7.67,1.012254,0.880582,165.883148,508.447946
7.68,1.012254,0.880583,165.883133,508.448467
7.69,1.012254,0.880584,165.883112,508.448957
7.7,1.012254,0.880585,165.883084,508.449416
7.71,1.012253,0.880586,165.883049,508.449844
7.72,1.012253,0.880587,165.883008,508.450239
7.73,1.012253,0.880587,165.882961,508.450601
7.74,1.012253,0.880588,165.882908,508.45093
7.75,1.012253,0.880588,165.882849,508.451224
7.76,1.012253,0.880589,165.882784,508.451485
7.77,1.012253,0.880589,165.882715,508.451712
7.78,1.012253,0.880589,165.88264,508.451905
7.79,1.012253,0.88059,165.88256,508.452063
7.8,1.012253,0.88059,165.882476,508.452188
7.81,1.012253,0.88059,165.882387,508.452278
7.82,1.012253,0.88059,165.882294,508.452335
7.83,1.012253,0.88059,165.882198,508.452359
7.84,1.012253,0.88059,165.882098,508.452349
7.85,1.012253,0.88059,165.881995,508.452308
7.86,1.012253,0.880589,165.881889,508.452235
7.87,1.012253,0.880589,165.88178,508.452131
7.88,1.012253,0.880589,165.88167,508.451997
7.89,1.012253,0.880589,165.881557,508.451833
7.9,1.012253,0.880588,165.881442,508.451641
7.91,1.012253,0.880588,165.881326,508.451421
7.92,1.012253,0.880587,165.881209,508.451175
7.93,1.012253,0.880586,165.881091,508.450904
7.94,1.012254,0.880586,165.880972,508.450608
7.95,1.012254,0.880585,165.880853,508.45029
7.96,1.012254,0.880584,165.880734,508.449949
7.97,1.012254,0.880584,165.880615,508.449588
7.98,1.012254,0.880583,165.880497,508.449208
7.99,1.012254,0.880582,165.880379,508.44881
8,1.012255,0.880581,165.880261,508.448395
8.01,1.012255,0.88058,165.880145,508.447966
8.02,1.012255,0.880579,165.88003,508.447523
8.03,1.012255,0.880578,165.879916,508.447068
8.04,1.012255,0.880577,165.879804,508.446602
8.05,1.012256,0.880576,165.879694,508.446127
8.06,1.012256,0.880575,165.879585,508.445644
8.07,1.012256,0.880574,165.879479,508.445155
8.08,1.012256,0.880573,165.879374,508.444661
8.09,1.012256,0.880572,165.879272,508.444163
8.1,1.012257,0.880571,165.879172,508.443664
8.11,1.012257,0.88057,165.879074,508.443164
8.12,1.012257,0.880569,165.878978,508.442665
8.13,1.012257,0.880568,165.878885,508.442168
8.14,1.012258,0.880567,165.878795,508.441674
8.15,1.012258,0.880566,165.878707,508.441185
8.16,1.012258,0.880565,165.878621,508.440703
8.17,1.012258,0.880564,165.878538,508.440227
8.18,1.012258,0.880563,165.878458,508.43976
8.19,1.012259,0.880562,165.87838,508.439302
8.2,1.012259,0.880561,165.878305,508.438855
8.21,1.012259,0.880561,165.878232,508.43842
8.22,1.012259,0.88056,165.878161,508.437997
8.23,1.01226,0.880559,165.878093,508.437588
8.24,1.01226,0.880558,165.878027,508.437192
8.25,1.01226,0.880557,165.877963,508.436813
8.26,1.01226,0.880556,165.877901,508.436449
8.27,1.01226,0.880556,165.877842,508.436101
8.28,1.012261,0.880555,165.877784,508.435771
8.29,1.012261,0.880554,165.877728,508.435458
8.3,1.012261,0.880554,165.877675,508.435164
8.31,1.012261,0.880553,165.877622,508.434888
8.32,1.012261,0.880552,165.877572,508.434631
8.33,1.012261,0.880552,165.877523,508.434394
8.34,1.012262,0.880551,165.877476,508.434176
8.35,1.012262,0.880551,165.87743,508.433979
8.36,1.012262,0.88055,165.877385,508.433801
8.37,1.012262,0.88055,165.877342,508.433643
8.38,1.012262,0.88055,165.877299,508.433506
8.39,1.012262,0.880549,165.877258,508.433388
8.4,1.012263,0.880549,165.877218,508.433291
8.41,1.012263,0.880549,165.877178,508.433214
8.42,1.012263,0.880549,165.87714,508.433157
8.43,1.012263,0.880548,165.877102,508.433119
8.44,1.012263,0.880548,165.877065,508.433101
8.45,1.012263,0.880548,165.877029,508.433102
8.46,1.012263,0.880548,165.876993,508.433122
8.47,1.012263,0.880548,165.876958,508.43316
8.48,1.012264,0.880548,165.876924,508.433217
8.49,1.012264,0.880548,165.87689,508.433292
8.5,1.012264,0.880548,165.876857,508.433384
8.51,1.012264,0.880548,165.876824,508.433493
8.52,1.012264,0.880548,165.876792,508.433619
8.53,1.012264,0.880548,165.87676,508.433761
8.54,1.012264,0.880548,165.876729,508.433918
8.55,1.012264,0.880549,165.876698,508.434091
8.56,1.012264,0.880549,165.876668,508.434278
8.57,1.012264,0.880549,165.876638,508.434479
8.58,1.012264,0.880549,165.876609,508.434694
8.59,1.012264,0.88055,165.876581,508.434923
8.6,1.012264,0.88055,165.876553,508.435163
8.61,1.012264,0.88055,165.876526,508.435416
8.62,1.012264,0.880551,165.8765,508.435681
8.63,1.012264,0.880551,165.876475,508.435956
8.64,1.012264,0.880552,165.87645,508.436243
8.65,1.012264,0.880552,165.876427,508.436539
8.66,1.012265,0.880552,165.876404,508.436845
8.67,1.012265,0.880553,165.876383,508.43716
8.68,1.012265,0.880553,165.876362,508.437484
8.69,1.012265,0.880554,165.876343,508.437816
8.7,1.012265,0.880554,165.876325,508.438155
8.71,1.012265,0.880555,165.876309,508.438503
8.72,1.012264,0.880556,165.876294,508.438857
8.73,1.012264,0.880556,165.87628,508.439218
8.74,1.012264,0.880557,165.876267,508.439585
8.75,1.012264,0.880557,165.876257,508.439958
8.76,1.012264,0.880558,165.876247,508.440336
8.77,1.012264,0.880559,165.87624,508.440719
8.78,1.012264,0.880559,165.876234,508.441108
8.79,1.012264,0.88056,165.87623,508.441501
8.8,1.012264,0.880561,165.876227,508.441898
8.81,1.012264,0.880561,165.876227,508.442299
8.82,1.012264,0.880562,165.876228,508.442704
8.83,1.012264,0.880563,165.87623,508.443112
8.84,1.012264,0.880563,165.876235,508.443523
8.85,1.012264,0.880564,165.876242,508.443937
8.86,1.012264,0.880565,165.87625,508.444354
8.87,1.012264,0.880566,165.87626,508.444773
8.88,1.012264,0.880566,165.876271,508.445195
8.89,1.012263,0.880567,165.876285,508.445618
8.9,1.012263,0.880568,165.8763,508.446043
8.91,1.012263,0.880569,165.876317,508.446469
8.92,1.012263,0.880569,165.876335,508.446897
8.93,1.012263,0.88057,165.876355,508.447325
8.94,1.012263,0.880571,165.876376,508.447754
8.95,1.012263,0.880572,165.876398,508.448184
8.96,1.012263,0.880573,165.876422,508.448614
8.97,1.012262,0.880573,165.876447,508.449044
8.98,1.012262,0.880574,165.876472,508.449474
8.99,1.012262,0.880575,165.876499,508.449903
9,1.012262,0.880576,165.876527,508.450331
9.01,1.012262,0.880577,165.876555,508.450759
9.02,1.012262,0.880577,165.876584,508.451185
9.03,1.012262,0.880578,165.876613,508.451609
9.04,1.012261,0.880579,165.876642,508.452031
9.05,1.012261,0.88058,165.876672,508.452451
9.06,1.012261,0.880581,165.876702,508.452868
9.07,1.012261,0.880581,165.876731,508.453282
9.08,1.012261,0.880582,165.87676,508.453692
9.09,1.012261,0.880583,165.876788,508.454099
9.1,1.01226,0.880584,165.876816,508.454502
9.11,1.01226,0.880585,165.876843,508.4549
9.12,1.01226,0.880585,165.876869,508.455293
9.13,1.01226,0.880586,165.876894,508.45568
9.14,1.01226,0.880587,165.876917,508.456062
9.15,1.012259,0.880588,165.876939,508.456437
9.16,1.012259,0.880588,165.876959,508.456806
9.17,1.012259,0.880589,165.876978,508.457167
9.18,1.012259,0.88059,165.876994,508.457521
9.19,1.012259,0.880591,165.877009,508.457866
9.2,1.012259,0.880591,165.877021,508.458203
9.21,1.012258,0.880592,165.87703,508.458531
9.22,1.012258,0.880593,165.877037,508.458849
9.23,1.012258,0.880593,165.877042,508.459158
9.24,1.012258,0.880594,165.877044,508.459456
9.25,1.012258,0.880594,165.877042,508.459743
9.26,1.012258,0.880595,165.877038,508.460018
9.27,1.012258,0.880595,165.877031,508.460282
9.28,1.012257,0.880596,165.87702,508.460534
9.29,1.012257,0.880596,165.877006,508.460773
9.3,1.012257,0.880597,165.876989,508.460998
9.31,1.012257,0.880597,165.876968,508.461211
9.32,1.012257,0.880598,165.876944,508.461409
9.33,1.012257,0.880598,165.876916,508.461594
9.34,1.012257,0.880598,165.876885,508.461764
9.35,1.012257,0.880599,165.87685,508.461919
9.36,1.012257,0.880599,165.876812,508.462059
9.37,1.012256,0.880599,165.87677,508.462184
9.38,1.012256,0.880599,165.876725,508.462293
9.39,1.012256,0.8806,165.876676,508.462387
9.4,1.012256,0.8806,165.876623,508.462464
9.41,1.012256,0.8806,165.876568,508.462526
9.42,1.012256,0.8806,165.876508,508.462571
9.43,1.012256,0.8806,165.876446,508.4626
9.44,1.012256,0.8806,165.87638,508.462613
9.45,1.012256,0.8806,165.876311,508.46261
9.46,1.012256,0.8806,165.876239,508.462591
9.47,1.012256,0.8806,165.876164,508.462555
9.48,1.012256,0.8806,165.876086,508.462504
9.49,1.012256,0.8806,165.876006,508.462437
9.5,1.012256,0.880599,165.875922,508.462354
9.51,1.012256,0.880599,165.875837,508.462255
9.52,1.012256,0.880599,165.875749,508.462142
9.53,1.012256,0.880599,165.875659,508.462014
9.54,1.012256,0.880598,165.875567,508.461872
9.55,1.012256,0.880598,165.875474,508.461715
9.56,1.012256,0.880598,165.875379,508.461545
9.57,1.012257,0.880597,165.875282,508.461362
9.58,1.012257,0.880597,165.875184,508.461166
9.59,1.012257,0.880596,165.875085,508.460958
9.6,1.012257,0.880596,165.874985,508.460738
9.61,1.012257,0.880595,165.874884,508.460508
9.62,1.012257,0.880595,165.874783,508.460267
9.63,1.012257,0.880594,165.874682,508.460017
9.64,1.012257,0.880594,165.87458,508.459758
9.65,1.012257,0.880593,165.874479,508.45949
9.66,1.012257,0.880593,165.874378,508.459215
9.67,1.012258,0.880592,165.874277,508.458933
9.68,1.012258,0.880591,165.874177,508.458646
9.69,1.012258,0.880591,165.874077,508.458353
9.7,1.012258,0.88059,165.873979,508.458055
9.71,1.012258,0.880589,165.873881,508.457754
9.72,1.012258,0.880589,165.873786,508.457451
9.73,1.012258,0.880588,165.873691,508.457145
9.74,1.012259,0.880587,165.873598,508.456838
9.75,1.012259,0.880587,165.873507,508.456531
9.76,1.012259,0.880586,165.873418,508.456225
9.77,1.012259,0.880586,165.873331,508.45592
9.78,1.012259,0.880585,165.873246,508.455617
9.79,1.012259,0.880584,165.873164,508.455317
9.8,1.012259,0.880584,165.873084,508.455021
9.81,1.01226,0.880583,165.873006,508.45473
9.82,1.01226,0.880582,165.872931,508.454444
9.83,1.01226,0.880582,165.872859,508.454165
9.84,1.01226,0.880581,165.872789,508.453892
9.85,1.01226,0.880581,165.872723,508.453627
9.86,1.01226,0.88058,165.872659,508.45337
9.87,1.01226,0.88058,165.872598,508.453123
9.88,1.012261,0.880579,165.872541,508.452885
9.89,1.012261,0.880578,165.872486,508.452657
9.9,1.012261,0.880578,165.872434,508.45244
9.91,1.012261,0.880578,165.872386,508.452235
9.92,1.012261,0.880577,165.87234,508.452041
9.93,1.012261,0.880577,165.872298,508.45186
9.94,1.012261,0.880576,165.872259,508.451692
9.95,1.012261,0.880576,165.872222,508.451537
9.96,1.012261,0.880576,165.872189,508.451395
9.97,1.012262,0.880575,165.872159,508.451268
9.98,1.012262,0.880575,165.872131,508.451155
9.99,1.012262,0.880575,165.872107,508.451056
10,1.012262,0.880575,165.872085,508.450972
10.01,1.012262,0.880574,165.872066,508.450902
10.02,1.012262,0.880574,165.87205,508.450848
10.03,1.012262,0.880574,165.872037,508.450808
10.04,1.012262,0.880574,165.872026,508.450784
10.05,1.012262,0.880574,165.872017,508.450775
10.06,1.012262,0.880574,165.872011,508.450781
10.07,1.012262,0.880574,165.872007,508.450801
10.08,1.012262,0.880574,165.872005,508.450837
10.09,1.012262,0.880574,165.872005,508.450887
10.1,1.012262,0.880574,165.872008,508.450952
10.11,1.012262,0.880574,165.872012,508.451031
10.12,1.012262,0.880574,165.872018,508.451124
10.13,1.012262,0.880575,165.872025,508.45123
10.14,1.012262,0.880575,165.872034,508.45135
10.15,1.012262,0.880575,165.872045,508.451483
10.16,1.012262,0.880575,165.872057,508.451629
10.17,1.012262,0.880576,165.87207,508.451787
10.18,1.012262,0.880576,165.872084,508.451957
10.19,1.012262,0.880576,165.8721,508.452138
10.2,1.012262,0.880576,165.872116,508.45233
10.21,1.012262,0.880577,165.872133,508.452532
10.22,1.012262,0.880577,165.872151,508.452744
10.23,1.012262,0.880578,165.872169,508.452966
10.24,1.012262,0.880578,165.872188,508.453197
10.25,1.012262,0.880578,165.872208,508.453435
10.26,1.012262,0.880579,165.872228,508.453682
10.27,1.012262,0.880579,165.872248,508.453935
10.28,1.012262,0.88058,165.872269,508.454196
10.29,1.012262,0.88058,165.872289,508.454462
10.3,1.012262,0.880581,165.87231,508.454734
10.31,1.012262,0.880581,165.872331,508.45501
10.32,1.012262,0.880582,165.872352,508.455291
10.33,1.012262,0.880582,165.872373,508.455576
10.34,1.012261,0.880583,165.872394,508.455864
10.35,1.012261,0.880583,165.872414,508.456155
10.36,1.012261,0.880584,165.872435,508.456447
10.37,1.012261,0.880584,165.872455,508.456741
10.38,1.012261,0.880585,165.872475,508.457037
10.39,1.012261,0.880585,165.872495,508.457333
10.4,1.012261,0.880586,165.872515,508.457629
10.41,1.012261,0.880587,165.872534,508.457924
10.42,1.012261,0.880587,165.872553,508.458219
10.43,1.012261,0.880588,165.872572,508.458513
10.44,1.012261,0.880588,165.872591,508.458805
10.45,1.012261,0.880589,165.872609,508.459094
10.46,1.01226,0.880589,165.872627,508.459381
10.47,1.01226,0.88059,165.872644,508.459666
10.48,1.01226,0.88059,165.872662,508.459947
10.49,1.01226,0.880591,165.872679,508.460224
10.5,1.01226,0.880591,165.872696,508.460498
10.51,1.01226,0.880592,165.872713,508.460768
10.52,1.01226,0.880592,165.872729,508.461033
10.53,1.01226,0.880593,165.872746,508.461294
10.54,1.01226,0.880593,165.872762,508.46155
10.55,1.01226,0.880594,165.872778,508.461801
10.56,1.01226,0.880594,165.872794,508.462046
10.57,1.012259,0.880595,165.87281,508.462287
10.58,1.012259,0.880595,165.872826,508.462522
10.59,1.012259,0.880596,165.872841,508.462751
10.6,1.012259,0.880596,165.872857,508.462974
10.61,1.012259,0.880597,165.872873,508.463192
10.62,1.012259,0.880597,165.872888,508.463404
10.63,1.012259,0.880597,165.872904,508.46361
10.64,1.012259,0.880598,165.87292,508.46381
10.65,1.012259,0.880598,165.872936,508.464003
10.66,1.012259,0.880599,165.872952,508.464191
10.67,1.012259,0.880599,165.872968,508.464373
10.68,1.012259,0.880599,165.872984,508.464549
10.69,1.012258,0.8806,165.873,508.464718
10.7,1.012258,0.8806,165.873016,508.464882
10.71,1.012258,0.8806,165.873032,508.46504
10.72,1.012258,0.880601,165.873049,508.465192
10.73,1.012258,0.880601,165.873065,508.465338
10.74,1.012258,0.880601,165.873082,508.465478
10.75,1.012258,0.880601,165.873098,508.465612
10.76,1.012258,0.880602,165.873115,508.46574
10.77,1.012258,0.880602,165.873132,508.465863
10.78,1.012258,0.880602,165.873148,508.46598
10.79,1.012258,0.880603,165.873165,508.466092
10.8,1.012258,0.880603,165.873182,508.466198
10.81,1.012258,0.880603,165.873198,508.466298
10.82,1.012257,0.880603,165.873215,508.466394
10.83,1.012257,0.880603,165.873231,508.466483
10.84,1.012257,0.880604,165.873247,508.466568
10.85,1.012257,0.880604,165.873263,508.466647
10.86,1.012257,0.880604,165.873279,508.466721
10.87,1.012257,0.880604,165.873294,508.466789
10.88,1.012257,0.880604,165.87331,508.466853
10.89,1.012257,0.880604,165.873324,508.466911
10.9,1.012257,0.880605,165.873339,508.466965
10.91,1.012257,0.880605,165.873353,508.467013
10.92,1.012257,0.880605,165.873366,508.467056
10.93,1.012257,0.880605,165.873379,508.467094
10.94,1.012257,0.880605,165.873391,508.467126
10.95,1.012257,0.880605,165.873403,508.467154
10.96,1.012257,0.880605,165.873414,508.467177
10.97,1.012257,0.880605,165.873424,508.467194
10.98,1.012257,0.880605,165.873434,508.467207
10.99,1.012257,0.880605,165.873443,508.467214
11,1.012257,0.880605,165.873451,508.467216
11.01,1.012257,0.880605,165.873458,508.467213
11.02,1.012257,0.880605,165.873465,508.467205
11.03,1.012257,0.880605,165.87347,508.467192
11.04,1.012256,0.880605,165.873475,508.467174
11.05,1.012256,0.880605,165.873478,508.46715
11.06,1.012256,0.880605,165.873481,508.467121
11.07,1.012256,0.880605,165.873483,508.467087
11.08,1.012256,0.880605,165.873483,508.467048
11.09,1.012256,0.880605,165.873483,508.467004
11.1,1.012256,0.880605,165.873482,508.466954
11.11,1.012256,0.880605,165.873479,508.466899
11.12,1.012256,0.880605,165.873476,508.466839
11.13,1.012256,0.880605,165.873472,508.466774
11.14,1.012256,0.880605,165.873467,508.466704
11.15,1.012257,0.880605,165.873461,508.466628
11.16,1.012257,0.880604,165.873454,508.466548
11.17,1.012257,0.880604,165.873446,508.466462
11.18,1.012257,0.880604,165.873437,508.466372
11.19,1.012257,0.880604,165.873427,508.466277
11.2,1.012257,0.880604,165.873417,508.466177
11.21,1.012257,0.880603,165.873405,508.466072
11.22,1.012257,0.880603,165.873393,508.465963
11.23,1.012257,0.880603,165.873381,508.46585
11.24,1.012257,0.880603,165.873368,508.465732
11.25,1.012257,0.880603,165.873354,508.465611
11.26,1.012257,0.880602,165.87334,508.465485
11.27,1.012257,0.880602,165.873325,508.465356
11.28,1.012257,0.880602,165.87331,508.465223
11.29,1.012257,0.880602,165.873295,508.465087
11.3,1.012257,0.880601,165.87328,508.464947
11.31,1.012257,0.880601,165.873265,508.464805
11.32,1.012257,0.880601,165.873249,508.464661
11.33,1.012257,0.8806,165.873234,508.464514
11.34,1.012257,0.8806,165.873219,508.464365
11.35,1.012258,0.8806,165.873204,508.464214
11.36,1.012258,0.880599,165.873189,508.464062
11.37,1.012258,0.880599,165.873175,508.463908
11.38,1.012258,0.880599,165.873161,508.463754
11.39,1.012258,0.880598,165.873148,508.463599
11.4,1.012258,0.880598,165.873135,508.463444
11.41,1.012258,0.880598,165.873123,508.46329
11.42,1.012258,0.880598,165.873112,508.463135
11.43,1.012258,0.880597,165.873102,508.462982
11.44,1.012258,0.880597,165.873093,508.46283
11.45,1.012258,0.880597,165.873086,508.46268
11.46,1.012258,0.880596,165.873079,508.462531
11.47,1.012258,0.880596,165.873073,508.462385
11.48,1.012259,0.880596,165.873069,508.462242
11.49,1.012259,0.880595,165.873067,508.462102
11.5,1.012259,0.880595,165.873065,508.461965
11.51,1.012259,0.880595,165.873066,508.461832
11.52,1.012259,0.880595,165.873068,508.461704
11.53,1.012259,0.880594,165.873071,508.46158
11.54,1.012259,0.880594,165.873076,508.46146
11.55,1.012259,0.880594,165.873084,508.461347
11.56,1.012259,0.880594,165.873092,508.461238
11.57,1.012259,0.880593,165.873103,508.461136
11.58,1.012259,0.880593,165.873116,508.46104
11.59,1.012259,0.880593,165.87313,508.46095
11.6,1.012259,0.880593,165.873146,508.460867
11.61,1.012259,0.880593,165.873165,508.460792
11.62,1.01226,0.880592,165.873185,508.460723
11.63,1.01226,0.880592,165.873208,508.460663
11.64,1.01226,0.880592,165.873232,508.46061
11.65,1.01226,0.880592,165.873258,508.460564
11.66,1.01226,0.880592,165.873286,508.460528
11.67,1.01226,0.880592,165.873317,508.460499
11.68,1.01226,0.880592,165.873349,508.460479
11.69,1.01226,0.880592,165.873383,508.460467
11.7,1.01226,0.880592,165.873419,508.460465
11.71,1.01226,0.880592,165.873457,508.460471
11.72,1.01226,0.880592,165.873497,508.460485
11.73,1.01226,0.880592,165.873538,508.460509
11.74,1.01226,0.880592,165.873581,508.460541
11.75,1.01226,0.880592,165.873626,508.460582
11.76,1.01226,0.880592,165.873673,508.460632
11.77,1.01226,0.880592,165.873721,508.460691
11.78,1.01226,0.880592,165.873771,508.460758
11.79,1.01226,0.880593,165.873822,508.460834
11.8,1.01226,0.880593,165.873874,508.460918
11.81,1.01226,0.880593,165.873928,508.461011
11.82,1.01226,0.880593,165.873983,508.461111
11.83,1.01226,0.880593,165.874039,508.46122
11.84,1.01226,0.880594,165.874097,508.461335
11.85,1.01226,0.880594,165.874155,508.461459
11.86,1.01226,0.880594,165.874214,508.461589
11.87,1.01226,0.880594,165.874274,508.461726
11.88,1.01226,0.880595,165.874335,508.46187
11.89,1.01226,0.880595,165.874397,508.46202
11.9,1.01226,0.880595,165.874459,508.462176
11.91,1.01226,0.880596,165.874521,508.462337
11.92,1.01226,0.880596,165.874584,508.462504
11.93,1.01226,0.880596,165.874648,508.462675
11.94,1.012259,0.880597,165.874711,508.462851
11.95,1.012259,0.880597,165.874775,508.463031
11.96,1.012259,0.880597,165.874839,508.463215
11.97,1.012259,0.880598,165.874902,508.463402
11.98,1.012259,0.880598,165.874966,508.463591
11.99,1.012259,0.880599,165.87503,508.463783
12,1.012259,0.880599,165.875093,508.463977
12.01,1.012259,0.880599,165.875156,508.464173
12.02,1.012259,0.8806,165.875219,508.46437
12.03,1.012259,0.8806,165.875281,508.464567
12.04,1.012259,0.8806,165.875343,508.464765
12.05,1.012259,0.880601,165.875404,508.464963
12.06,1.012259,0.880601,165.875464,508.46516
12.07,1.012259,0.880602,165.875524,508.465356
12.08,1.012259,0.880602,165.875584,508.465551
12.09,1.012259,0.880602,165.875642,508.465744
12.1,1.012258,0.880603,165.8757,508.465935
12.11,1.012258,0.880603,165.875756,508.466123
12.12,1.012258,0.880604,165.875812,508.466309
12.13,1.012258,0.880604,165.875867,508.466491
12.14,1.012258,0.880604,165.875921,508.46667
12.15,1.012258,0.880605,165.875975,508.466845
12.16,1.012258,0.880605,165.876027,508.467015
12.17,1.012258,0.880605,165.876078,508.467181
12.18,1.012258,0.880606,165.876128,508.467343
12.19,1.012258,0.880606,165.876177,508.467499
12.2,1.012258,0.880606,165.876226,508.46765
12.21,1.012258,0.880607,165.876273,508.467796
12.22,1.012258,0.880607,165.876319,508.467936
12.23,1.012258,0.880607,165.876364,508.46807
12.24,1.012258,0.880607,165.876408,508.468198
12.25,1.012258,0.880608,165.876452,508.468319
12.26,1.012258,0.880608,165.876494,508.468434
12.27,1.012257,0.880608,165.876535,508.468543
12.28,1.012257,0.880608,165.876576,508.468646
12.29,1.012257,0.880609,165.876615,508.468741
12.3,1.012257,0.880609,165.876654,508.46883
12.31,1.012257,0.880609,165.876691,508.468912
12.32,1.012257,0.880609,165.876728,508.468988
12.33,1.012257,0.880609,165.876765,508.469056
12.34,1.012257,0.880609,165.8768,508.469118
12.35,1.012257,0.88061,165.876835,508.469174
12.36,1.012257,0.88061,165.876869,508.469222
12.37,1.012257,0.88061,165.876902,508.469264
12.38,1.012257,0.88061,165.876935,508.4693
12.39,1.012257,0.88061,165.876967,508.469329
12.4,1.012257,0.88061,165.876998,508.469352
12.41,1.012257,0.88061,165.877029,508.469369
12.42,1.012257,0.88061,165.87706,508.469379
12.43,1.012257,0.88061,165.87709,508.469384
12.44,1.012257,0.88061,165.877119,508.469383
12.45,1.012257,0.88061,165.877148,508.469376
12.46,1.012257,0.88061,165.877177,508.469365
12.47,1.012257,0.88061,165.877206,508.469347
12.48,1.012257,0.88061,165.877234,508.469325
12.49,1.012257,0.88061,165.877262,508.469298
12.5,1.012257,0.88061,165.87729,508.469267
12.51,1.012257,0.88061,165.877317,508.469231
12.52,1.012257,0.88061,165.877344,508.469191
12.53,1.012257,0.88061,165.877372,508.469147
12.54,1.012257,0.88061,165.877399,508.469099
12.55,1.012257,0.88061,165.877425,508.469048
12.56,1.012257,0.88061,165.877452,508.468993
12.57,1.012257,0.88061,165.877479,508.468935
12.58,1.012257,0.88061,165.877505,508.468874
12.59,1.012257,0.88061,165.877532,508.468811
12.6,1.012257,0.880609,165.877558,508.468745
12.61,1.012257,0.880609,165.877585,508.468677
12.62,1.012257,0.880609,165.877611,508.468607
12.63,1.012257,0.880609,165.877637,508.468535
12.64,1.012257,0.880609,165.877664,508.468461
12.65,1.012257,0.880609,165.87769,508.468386
12.66,1.012257,0.880609,165.877716,508.46831
12.67,1.012257,0.880609,165.877742,508.468232
12.68,1.012257,0.880608,165.877768,508.468153
12.69,1.012257,0.880608,165.877794,508.468074
12.7,1.012257,0.880608,165.87782,508.467994
12.71,1.012257,0.880608,165.877846,508.467913
12.72,1.012257,0.880608,165.877872,508.467833
12.73,1.012257,0.880608,165.877898,508.467751
12.74,1.012257,0.880608,165.877924,508.46767
12.75,1.012257,0.880607,165.87795,508.467589
12.76,1.012257,0.880607,165.877975,508.467508
12.77,1.012258,0.880607,165.878001,508.467427
12.78,1.012258,0.880607,165.878026,508.467346
12.79,1.012258,0.880607,165.878051,508.467266
12.8,1.012258,0.880607,165.878076,508.467186
12.81,1.012258,0.880607,165.878101,508.467107
12.82,1.012258,0.880607,165.878126,508.467028
12.83,1.012258,0.880606,165.878151,508.46695
12.84,1.012258,0.880606,165.878175,508.466873
12.85,1.012258,0.880606,165.8782,508.466796
12.86,1.012258,0.880606,165.878224,508.46672
12.87,1.012258,0.880606,165.878248,508.466645
12.88,1.012258,0.880606,165.878272,508.466571
12.89,1.012258,0.880606,165.878295,508.466497
12.9,1.012258,0.880605,165.878319,508.466425
12.91,1.012258,0.880605,165.878342,508.466353
12.92,1.012258,0.880605,165.878365,508.466283
12.93,1.012258,0.880605,165.878388,508.466213
12.94,1.012258,0.880605,165.87841,508.466144
12.95,1.012258,0.880605,165.878432,508.466076
12.96,1.012258,0.880605,165.878455,508.46601
12.97,1.012258,0.880604,165.878477,508.465944
12.98,1.012258,0.880604,165.878498,508.465879
12.99,1.012258,0.880604,165.87852,508.465815
13,1.012258,0.880604,165.878542,508.465753
13.01,1.012258,0.880604,165.878563,508.465691
13.02,1.012258,0.880604,165.878584,508.465631
13.03,1.012259,0.880604,165.878605,508.465571
13.04,1.012259,0.880604,165.878626,508.465513
13.05,1.012259,0.880603,165.878647,508.465456
13.06,1.012259,0.880603,165.878668,508.4654
13.07,1.012259,0.880603,165.878689,508.465345
13.08,1.012259,0.880603,165.87871,508.465291
13.09,1.012259,0.880603,165.878731,508.465239
13.1,1.012259,0.880603,165.878752,508.465188
13.11,1.012259,0.880603,165.878773,508.465138
13.12,1.012259,0.880603,165.878794,508.46509
13.13,1.012259,0.880603,165.878815,508.465043
13.14,1.012259,0.880603,165.878837,508.464998
13.15,1.012259,0.880602,165.878858,508.464955
13.16,1.012259,0.880602,165.87888,508.464913
13.17,1.012259,0.880602,165.878902,508.464873
13.18,1.012259,0.880602,165.878924,508.464834
13.19,1.012259,0.880602,165.878947,508.464798
13.2,1.012259,0.880602,165.878969,508.464763
13.21,1.012259,0.880602,165.878993,508.46473
13.22,1.012259,0.880602,165.879016,508.4647
13.23,1.012259,0.880602,165.87904,508.464672
13.24,1.012259,0.880602,165.879064,508.464645
13.25,1.012259,0.880602,165.879089,508.464622
13.26,1.012259,0.880602,165.879114,508.4646
13.27,1.01226,0.880602,165.87914,508.464582
13.28,1.01226,0.880602,165.879166,508.464565
13.29,1.01226,0.880602,165.879193,508.464552
13.3,1.01226,0.880601,165.87922,508.464541
13.31,1.01226,0.880601,165.879248,508.464533
13.32,1.01226,0.880601,165.879277,508.464528
13.33,1.01226,0.880601,165.879306,508.464526
13.34,1.01226,0.880601,165.879335,508.464527
13.35,1.01226,0.880601,165.879365,508.464531
13.36,1.01226,0.880601,165.879396,508.464538
13.37,1.01226,0.880601,165.879427,508.464548
13.38,1.01226,0.880601,165.879459,508.464562
13.39,1.01226,0.880602,165.879492,508.464579
13.4,1.01226,0.880602,165.879525,508.464599
13.41,1.01226,0.880602,165.879558,508.464623
13.42,1.01226,0.880602,165.879592,508.46465
13.43,1.01226,0.880602,165.879627,508.464681
13.44,1.01226,0.880602,165.879663,508.464715
13.45,1.01226,0.880602,165.879698,508.464752
13.46,1.01226,0.880602,165.879735,508.464793
13.47,1.01226,0.880602,165.879772,508.464837
13.48,1.01226,0.880602,165.879809,508.464884
13.49,1.01226,0.880602,165.879847,508.464935
13.5,1.01226,0.880602,165.879885,508.464989
13.51,1.01226,0.880602,165.879923,508.465046
13.52,1.01226,0.880603,165.879962,508.465107
13.53,1.01226,0.880603,165.880001,508.46517
13.54,1.01226,0.880603,165.880041,508.465237
13.55,1.01226,0.880603,165.88008,508.465306
13.56,1.01226,0.880603,165.88012,508.465378
13.57,1.01226,0.880603,165.88016,508.465453
13.58,1.01226,0.880603,165.8802,508.46553
13.59,1.01226,0.880604,165.88024,508.46561
13.6,1.01226,0.880604,165.880281,508.465692
13.61,1.01226,0.880604,165.880321,508.465776
13.62,1.01226,0.880604,165.880361,508.465862
13.63,1.01226,0.880604,165.880401,508.46595
13.64,1.01226,0.880604,165.880441,508.466039
13.65,1.01226,0.880605,165.88048,508.46613
13.66,1.01226,0.880605,165.88052,508.466222
13.67,1.01226,0.880605,165.880559,508.466315
13.68,1.012259,0.880605,165.880597,508.466409
13.69,1.012259,0.880605,165.880636,508.466504
13.7,1.012259,0.880606,165.880673,508.466599
13.71,1.012259,0.880606,165.880711,508.466694
13.72,1.012259,0.880606,165.880748,508.466789
13.73,1.012259,0.880606,165.880784,508.466884
13.74,1.012259,0.880606,165.880819,508.466979
13.75,1.012259,0.880607,165.880854,508.467073
13.76,1.012259,0.880607,165.880889,508.467166
13.77,1.012259,0.880607,165.880922,508.467258
13.78,1.012259,0.880607,165.880955,508.467348
13.79,1.012259,0.880607,165.880987,508.467437
13.8,1.012259,0.880608,165.881018,508.467525
13.81,1.012259,0.880608,165.881048,508.46761
13.82,1.012259,0.880608,165.881077,508.467693
13.83,1.012259,0.880608,165.881105,508.467774
13.84,1.012259,0.880608,165.881133,508.467853
13.85,1.012259,0.880608,165.881159,508.467928
13.86,1.012259,0.880608,165.881185,508.468001
13.87,1.012259,0.880609,165.881209,508.46807
13.88,1.012259,0.880609,165.881232,508.468136
13.89,1.012259,0.880609,165.881254,508.468199
13.9,1.012259,0.880609,165.881276,508.468258
13.91,1.012259,0.880609,165.881296,508.468314
13.92,1.012259,0.880609,165.881315,508.468365
13.93,1.012259,0.880609,165.881333,508.468413
13.94,1.012259,0.880609,165.88135,508.468456
13.95,1.012259,0.88061,165.881365,508.468495
13.96,1.012259,0.88061,165.88138,508.46853
13.97,1.012259,0.88061,165.881394,508.468561
13.98,1.012259,0.88061,165.881407,508.468587
13.99,1.012259,0.88061,165.881418,508.468608
14,1.012259,0.88061,165.881429,508.468625
14.01,1.012259,0.88061,165.881438,508.468637
14.02,1.012259,0.88061,165.881447,508.468645
14.03,1.012259,0.88061,165.881455,508.468648
14.04,1.012259,0.88061,165.881461,508.468647
14.05,1.012259,0.88061,165.881467,508.468641
14.06,1.012259,0.88061,165.881472,508.46863
14.07,1.012259,0.88061,165.881476,508.468615
14.08,1.012259,0.88061,165.881479,508.468596
14.09,1.012259,0.88061,165.881482,508.468572
14.1,1.012259,0.88061,165.881483,508.468544
14.11,1.012259,0.88061,165.881484,508.468511
14.12,1.012259,0.88061,165.881484,508.468475
14.13,1.012259,0.880609,165.881483,508.468434
14.14,1.012259,0.880609,165.881482,508.46839
14.15,1.012259,0.880609,165.88148,508.468341
14.16,1.012259,0.880609,165.881478,508.46829
14.17,1.012259,0.880609,165.881475,508.468234
14.18,1.012259,0.880609,165.881471,508.468176
14.19,1.012259,0.880609,165.881468,508.468114
14.2,1.012259,0.880609,165.881463,508.468049
14.21,1.012259,0.880609,165.881458,508.467981
14.22,1.012259,0.880608,165.881453,508.467911
14.23,1.012259,0.880608,165.881448,508.467838
14.24,1.012259,0.880608,165.881442,508.467763
14.25,1.012259,0.880608,165.881436,508.467686
14.26,1.012259,0.880608,165.881429,508.467607
14.27,1.012259,0.880608,165.881423,508.467527
14.28,1.012259,0.880608,165.881416,508.467444
14.29,1.012259,0.880607,165.881409,508.467361
14.3,1.012259,0.880607,165.881402,508.467276
14.31,1.012259,0.880607,165.881395,508.467191
14.32,1.012259,0.880607,165.881388,508.467105
14.33,1.012259,0.880607,165.881381,508.467018
14.34,1.012259,0.880607,165.881374,508.466931
14.35,1.012259,0.880606,165.881366,508.466843
14.36,1.012259,0.880606,165.881359,508.466756
14.37,1.012259,0.880606,165.881352,508.466669
14.38,1.01226,0.880606,165.881345,508.466583
14.39,1.01226,0.880606,165.881338,508.466497
14.4,1.01226,0.880606,165.881331,508.466412
14.41,1.01226,0.880605,165.881324,508.466327
14.42,1.01226,0.880605,165.881317,508.466244
14.43,1.01226,0.880605,165.88131,508.466162
14.44,1.01226,0.880605,165.881303,508.466081
14.45,1.01226,0.880605,165.881297,508.466002
14.46,1.01226,0.880605,165.88129,508.465925
14.47,1.01226,0.880604,165.881284,508.465849
14.48,1.01226,0.880604,165.881278,508.465775
14.49,1.01226,0.880604,165.881272,508.465703
14.5,1.01226,0.880604,165.881266,508.465633
14.51,1.01226,0.880604,165.88126,508.465565
14.52,1.01226,0.880604,165.881254,508.465499
14.53,1.01226,0.880604,165.881248,508.465436
14.54,1.01226,0.880603,165.881243,508.465374
14.55,1.01226,0.880603,165.881237,508.465316
14.56,1.01226,0.880603,165.881232,508.465259
14.57,1.01226,0.880603,165.881227,508.465205
14.58,1.01226,0.880603,165.881221,508.465154
14.59,1.01226,0.880603,165.881216,508.465105
14.6,1.01226,0.880603,165.881211,508.465059
14.61,1.01226,0.880603,165.881206,508.465015
14.62,1.01226,0.880603,165.881201,508.464973
14.63,1.01226,0.880602,165.881195,508.464934
14.64,1.01226,0.880602,165.88119,508.464898
14.65,1.01226,0.880602,165.881185,508.464864
14.66,1.01226,0.880602,165.88118,508.464832
14.67,1.01226,0.880602,165.881175,508.464803
14.68,1.012261,0.880602,165.881169,508.464776
14.69,1.012261,0.880602,165.881164,508.464752
14.7,1.012261,0.880602,165.881159,508.464729
14.71,1.012261,0.880602,165.881153,508.464709
14.72,1.012261,0.880602,165.881148,508.464691
14.73,1.012261,0.880602,165.881142,508.464676
14.74,1.012261,0.880602,165.881136,508.464662
14.75,1.012261,0.880602,165.88113,508.46465
14.76,1.012261,0.880602,165.881124,508.46464
14.77,1.012261,0.880602,165.881118,508.464632
14.78,1.012261,0.880602,165.881112,508.464625
14.79,1.012261,0.880602,165.881105,508.46462
14.8,1.012261,0.880602,165.881098,508.464617
14.81,1.012261,0.880602,165.881092,508.464615
14.82,1.012261,0.880602,165.881085,508.464615
14.83,1.012261,0.880602,165.881078,508.464616
14.84,1.012261,0.880602,165.88107,508.464619
14.85,1.012261,0.880601,165.881063,508.464622
14.86,1.012261,0.880601,165.881055,508.464627
14.87,1.012261,0.880601,165.881048,508.464633
14.88,1.012261,0.880601,165.88104,508.46464
14.89,1.012261,0.880601,165.881032,508.464648
14.9,1.012261,0.880601,165.881023,508.464656
14.91,1.012261,0.880601,165.881015,508.464666
14.92,1.012261,0.880601,165.881007,508.464676
14.93,1.012261,0.880601,165.880998,508.464687
14.94,1.012261,0.880601,165.880989,508.464699
14.95,1.012261,0.880601,165.88098,508.464712
14.96,1.012261,0.880602,165.880971,508.464725
14.97,1.012261,0.880602,165.880962,508.464738
14.98,1.012261,0.880602,165.880952,508.464752
14.99,1.012261,0.880602,165.880943,508.464767
15,1.012261,0.880602,165.880933,508.464782
15.01,1.012261,0.880602,165.880924,508.464797
15.02,1.012261,0.880602,165.880914,508.464813
15.03,1.012261,0.880602,165.880904,508.464829
15.04,1.012261,0.880602,165.880894,508.464846
15.05,1.012261,0.880602,165.880884,508.464863
15.06,1.012261,0.880602,165.880874,508.46488
15.07,1.012261,0.880602,165.880864,508.464897
15.08,1.012261,0.880602,165.880854,508.464915
15.09,1.012261,0.880602,165.880843,508.464933
15.1,1.012261,0.880602,165.880833,508.464952
15.11,1.012261,0.880602,165.880823,508.46497
15.12,1.012261,0.880602,165.880812,508.464989
15.13,1.012261,0.880602,165.880802,508.465008
15.14,1.012261,0.880602,165.880791,508.465028
15.15,1.012261,0.880602,165.880781,508.465047
15.16,1.012261,0.880602,165.88077,508.465067
15.17,1.012261,0.880602,165.880759,508.465087
15.18,1.012261,0.880602,165.880749,508.465108
15.19,1.012261,0.880602,165.880738,508.465129
15.2,1.012261,0.880602,165.880727,508.46515
15.21,1.012261,0.880602,165.880716,508.465171
15.22,1.012261,0.880602,165.880705,508.465192
15.23,1.012261,0.880602,165.880694,508.465214
15.24,1.012261,0.880602,165.880683,508.465236
15.25,1.012261,0.880602,165.880672,508.465258
15.26,1.012261,0.880602,165.880661,508.46528
15.27,1.012261,0.880602,165.88065,508.465302
15.28,1.012261,0.880602,165.880638,508.465325
15.29,1.012261,0.880602,165.880627,508.465348
15.3,1.012261,0.880602,165.880615,508.46537
15.31,1.012261,0.880602,165.880603,508.465393
15.32,1.012261,0.880602,165.880591,508.465416
15.33,1.012261,0.880603,165.880579,508.465439
15.34,1.012261,0.880603,165.880567,508.465462
15.35,1.012261,0.880603,165.880555,508.465485
15.36,1.012261,0.880603,165.880542,508.465508
15.37,1.012261,0.880603,165.880529,508.465531
15.38,1.012261,0.880603,165.880516,508.465553
15.39,1.012261,0.880603,165.880502,508.465576
15.4,1.012261,0.880603,165.880489,508.465598
15.41,1.012261,0.880603,165.880475,508.465619
15.42,1.012261,0.880603,165.88046,508.465641
15.43,1.012261,0.880603,165.880446,508.465662
15.44,1.012261,0.880603,165.880431,508.465682
15.45,1.012261,0.880603,165.880416,508.465702
15.46,1.012261,0.880603,165.8804,508.465721
15.47,1.012261,0.880603,165.880384,508.46574
15.48,1.012261,0.880603,165.880367,508.465757
15.49,1.012261,0.880603,165.88035,508.465774
15.5,1.012261,0.880603,165.880333,508.46579
15.51,1.012261,0.880603,165.880315,508.465805
15.52,1.012261,0.880603,165.880297,508.465819
15.53,1.012261,0.880603,165.880278,508.465832
15.54,1.012261,0.880603,165.880259,508.465843
15.55,1.012261,0.880603,165.880239,508.465854
15.56,1.012261,0.880603,165.880219,508.465863
15.57,1.012261,0.880603,165.880198,508.46587
15.58,1.012261,0.880603,165.880177,508.465876
15.59,1.012261,0.880603,165.880155,508.465881
15.6,1.012261,0.880603,165.880132,508.465883
15.61,1.012261,0.880603,165.880109,508.465885
15.62,1.012261,0.880603,165.880086,508.465884
15.63,1.012261,0.880603,165.880062,508.465882
15.64,1.012261,0.880603,165.880037,508.465877
15.65,1.012261,0.880603,165.880012,508.465871
15.66,1.012261,0.880603,165.879986,508.465863
15.67,1.012261,0.880603,165.87996,508.465853
15.68,1.012261,0.880603,165.879933,508.465841
15.69,1.012261,0.880603,165.879905,508.465827
15.7,1.012261,0.880603,165.879877,508.46581
15.71,1.012261,0.880603,165.879849,508.465792
15.72,1.012261,0.880603,165.87982,508.465771
15.73,1.012261,0.880603,165.87979,508.465749
15.74,1.012261,0.880603,165.87976,508.465724
15.75,1.012261,0.880603,165.879729,508.465697
15.76,1.012261,0.880603,165.879698,508.465668
15.77,1.012261,0.880603,165.879666,508.465636
15.78,1.012261,0.880603,165.879634,508.465603
15.79,1.012261,0.880602,165.879601,508.465567
15.8,1.012261,0.880602,165.879568,508.46553
15.81,1.012261,0.880602,165.879535,508.46549
15.82,1.012261,0.880602,165.879501,508.465448
15.83,1.012261,0.880602,165.879467,508.465404
15.84,1.012261,0.880602,165.879432,508.465359
15.85,1.012261,0.880602,165.879397,508.465311
15.86,1.012261,0.880602,165.879362,508.465262
15.87,1.012261,0.880602,165.879327,508.465211
15.88,1.012261,0.880602,165.879291,508.465158
15.89,1.012261,0.880601,165.879255,508.465104
15.9,1.012261,0.880601,165.879219,508.465048
15.91,1.012261,0.880601,165.879182,508.46499
15.92,1.012261,0.880601,165.879145,508.464932
15.93,1.012261,0.880601,165.879109,508.464872
15.94,1.012261,0.880601,165.879072,508.464811
15.95,1.012261,0.880601,165.879035,508.464749
15.96,1.012261,0.880601,165.878998,508.464686
15.97,1.012261,0.8806,165.87896,508.464622
15.98,1.012261,0.8806,165.878923,508.464557
15.99,1.012261,0.8806,165.878886,508.464492
16,1.012261,0.8806,165.878849,508.464427
16.01,1.012261,0.8806,165.878812,508.464361
16.02,1.012261,0.8806,165.878775,508.464295
16.03,1.012261,0.8806,165.878737,508.464228
16.04,1.012261,0.880599,165.878701,508.464162
16.05,1.012261,0.880599,165.878664,508.464096
16.06,1.012261,0.880599,165.878627,508.46403
16.07,1.012261,0.880599,165.87859,508.463964
16.08,1.012261,0.880599,165.878554,508.463899
16.09,1.012261,0.880599,165.878518,508.463834
16.1,1.012261,0.880599,165.878482,508.46377
16.11,1.012261,0.880598,165.878446,508.463707
16.12,1.012261,0.880598,165.878411,508.463645
16.13,1.012261,0.880598,165.878375,508.463583
16.14,1.012261,0.880598,165.87834,508.463523
16.15,1.012261,0.880598,165.878306,508.463464
16.16,1.012261,0.880598,165.878271,508.463407
16.17,1.012261,0.880598,165.878237,508.463351
16.18,1.012261,0.880597,165.878203,508.463296
16.19,1.012261,0.880597,165.878169,508.463243
16.2,1.012261,0.880597,165.878136,508.463191
16.21,1.012261,0.880597,165.878103,508.463141
16.22,1.012261,0.880597,165.87807,508.463093
16.23,1.012261,0.880597,165.878038,508.463047
16.24,1.012261,0.880597,165.878005,508.463003
16.25,1.012261,0.880597,165.877973,508.46296
16.26,1.012262,0.880597,165.877942,508.46292
16.27,1.012262,0.880597,165.877911,508.462881
16.28,1.012262,0.880596,165.87788,508.462845
16.29,1.012262,0.880596,165.877849,508.462811
16.3,1.012262,0.880596,165.877818,508.462779
16.31,1.012262,0.880596,165.877788,508.462749
16.32,1.012262,0.880596,165.877758,508.462721
16.33,1.012262,0.880596,165.877729,508.462695
16.34,1.012262,0.880596,165.877699,508.462671
16.35,1.012262,0.880596,165.87767,508.462649
16.36,1.012262,0.880596,165.877641,508.46263
16.37,1.012262,0.880596,165.877612,508.462612
16.38,1.012262,0.880596,165.877584,508.462596
16.39,1.012262,0.880596,165.877555,508.462583
16.4,1.012262,0.880596,165.877527,508.462571
16.41,1.012262,0.880596,165.877499,508.462561
16.42,1.012262,0.880596,165.877471,508.462554
16.43,1.012262,0.880596,165.877443,508.462547
16.44,1.012262,0.880596,165.877416,508.462543
16.45,1.012262,0.880596,165.877388,508.46254
16.46,1.012262,0.880596,165.877361,508.462539
16.47,1.012262,0.880596,165.877334,508.46254
16.48,1.012262,0.880596,165.877307,508.462542
16.49,1.012262,0.880596,165.877279,508.462545
16.5,1.012262,0.880596,165.877252,508.462549
16.51,1.012262,0.880596,165.877225,508.462555
16.52,1.012262,0.880596,165.877198,508.462562
16.53,1.012262,0.880596,165.877171,508.46257
16.54,1.012262,0.880596,165.877144,508.462579
16.55,1.012262,0.880596,165.877117,508.462589
16.56,1.012262,0.880596,165.87709,508.4626
16.57,1.012262,0.880596,165.877063,508.462611
16.58,1.012262,0.880596,165.877036,508.462623
16.59,1.012262,0.880596,165.877009,508.462636
16.6,1.012262,0.880596,165.876982,508.462649
16.61,1.012262,0.880596,165.876955,508.462662
16.62,1.012262,0.880596,165.876927,508.462676
16.63,1.012262,0.880596,165.8769,508.46269
16.64,1.012262,0.880596,165.876873,508.462704
16.65,1.012262,0.880596,165.876845,508.462718
16.66,1.012262,0.880596,165.876818,508.462732
16.67,1.012262,0.880596,165.87679,508.462745
16.68,1.012262,0.880596,165.876762,508.462759
16.69,1.012262,0.880596,165.876735,508.462772
16.7,1.012262,0.880596,165.876707,508.462786
16.71,1.012261,0.880596,165.876679,508.462798
16.72,1.012261,0.880596,165.876651,508.46281
16.73,1.012261,0.880596,165.876623,508.462822
16.74,1.012261,0.880596,165.876594,508.462833
16.75,1.012261,0.880596,165.876566,508.462844
16.76,1.012261,0.880596,165.876538,508.462854
16.77,1.012261,0.880596,165.876509,508.462863
16.78,1.012261,0.880596,165.876481,508.462871
16.79,1.012261,0.880596,165.876452,508.462879
16.8,1.012261,0.880596,165.876423,508.462886
16.81,1.012261,0.880596,165.876394,508.462892
16.82,1.012261,0.880596,165.876366,508.462897
16.83,1.012261,0.880596,165.876337,508.462901
16.84,1.012261,0.880596,165.876308,508.462904
16.85,1.012261,0.880596,165.876279,508.462906
16.86,1.012261,0.880596,165.876249,508.462908
16.87,1.012261,0.880596,165.87622,508.462908
16.88,1.012261,0.880596,165.876191,508.462908
16.89,1.012261,0.880596,165.876162,508.462906
16.9,1.012261,0.880596,165.876133,508.462904
16.91,1.012261,0.880596,165.876103,508.462901
16.92,1.012261,0.880596,165.876074,508.462896
16.93,1.012261,0.880596,165.876045,508.462891
16.94,1.012261,0.880596,165.876015,508.462885
16.95,1.012261,0.880596,165.875986,508.462878
16.96,1.012261,0.880596,165.875957,508.46287
16.97,1.012261,0.880596,165.875927,508.462861
16.98,1.012261,0.880596,165.875898,508.462851
16.99,1.012261,0.880596,165.875869,508.462841
17,1.012261,0.880596,165.875839,508.462829
17.01,1.012261,0.880596,165.87581,508.462817
17.02,1.012261,0.880596,165.87578,508.462804
17.03,1.012261,0.880596,165.875751,508.46279
17.04,1.012261,0.880596,165.875722,508.462776
17.05,1.012261,0.880596,165.875693,508.462761
17.06,1.012261,0.880595,165.875663,508.462745
17.07,1.012261,0.880595,165.875634,508.462728
17.08,1.012261,0.880595,165.875605,508.462711
17.09,1.012261,0.880595,165.875576,508.462693
17.1,1.012261,0.880595,165.875546,508.462675
17.11,1.012261,0.880595,165.875517,508.462656
17.12,1.012261,0.880595,165.875488,508.462636
17.13,1.012261,0.880595,165.875459,508.462616
17.14,1.012261,0.880595,165.87543,508.462596
17.15,1.012261,0.880595,165.875401,508.462575
17.16,1.012261,0.880595,165.875372,508.462553
17.17,1.012261,0.880595,165.875343,508.462531
17.18,1.012261,0.880595,165.875313,508.462509
17.19,1.012261,0.880595,165.875284,508.462486
17.2,1.012261,0.880595,165.875255,508.462463
17.21,1.012261,0.880595,165.875226,508.462439
17.22,1.012261,0.880595,165.875197,508.462415
17.23,1.012261,0.880595,165.875168,508.46239
17.24,1.012261,0.880595,165.875139,508.462366
17.25,1.012261,0.880595,165.87511,508.46234
17.26,1.012261,0.880595,165.875081,508.462315
17.27,1.012261,0.880595,165.875051,508.462289
17.28,1.012261,0.880594,165.875022,508.462262
17.29,1.012261,0.880594,165.874993,508.462235
17.3,1.012261,0.880594,165.874964,508.462208
17.31,1.012261,0.880594,165.874934,508.46218
17.32,1.012261,0.880594,165.874905,508.462152
17.33,1.012261,0.880594,165.874876,508.462124
17.34,1.012261,0.880594,165.874846,508.462095
17.35,1.012261,0.880594,165.874817,508.462066
17.36,1.012261,0.880594,165.874787,508.462036
17.37,1.012261,0.880594,165.874758,508.462006
17.38,1.012261,0.880594,165.874728,508.461976
17.39,1.012261,0.880594,165.874699,508.461945
17.4,1.012261,0.880594,165.874669,508.461914
17.41,1.012261,0.880594,165.874639,508.461882
17.42,1.012261,0.880594,165.87461,508.46185
17.43,1.012261,0.880594,165.87458,508.461817
17.44,1.012261,0.880594,165.87455,508.461784
17.45,1.012261,0.880593,165.87452,508.46175
17.46,1.012261,0.880593,165.87449,508.461716
17.47,1.012261,0.880593,165.87446,508.461681
17.48,1.012261,0.880593,165.87443,508.461646
17.49,1.012261,0.880593,165.8744,508.46161
17.5,1.012261,0.880593,165.87437,508.461574
17.51,1.012261,0.880593,165.87434,508.461537
17.52,1.012261,0.880593,165.87431,508.4615
17.53,1.012261,0.880593,165.87428,508.461463
17.54,1.012261,0.880593,165.87425,508.461425
17.55,1.012261,0.880593,165.87422,508.461386
17.56,1.012261,0.880593,165.87419,508.461347
17.57,1.012261,0.880593,165.87416,508.461308
17.58,1.012261,0.880592,165.874131,508.461268
17.59,1.012261,0.880592,165.874101,508.461227
17.6,1.012261,0.880592,165.874071,508.461187
17.61,1.012261,0.880592,165.874041,508.461146
17.62,1.012261,0.880592,165.874011,508.461104
17.63,1.012261,0.880592,165.873982,508.461063
17.64,1.012261,0.880592,165.873952,508.46102
17.65,1.012261,0.880592,165.873923,508.460978
17.66,1.012261,0.880592,165.873894,508.460936
17.67,1.012261,0.880592,165.873865,508.460893
17.68,1.012261,0.880592,165.873836,508.46085
17.69,1.012261,0.880591,165.873807,508.460807
17.7,1.012261,0.880591,165.873778,508.460764
17.71,1.012261,0.880591,165.87375,508.46072
17.72,1.012261,0.880591,165.873721,508.460677
17.73,1.012261,0.880591,165.873693,508.460634
17.74,1.012261,0.880591,165.873665,508.460591
17.75,1.012261,0.880591,165.873638,508.460547
17.76,1.012261,0.880591,165.87361,508.460504
17.77,1.012261,0.880591,165.873583,508.460462
17.78,1.012261,0.880591,165.873556,508.460419
17.79,1.012261,0.880591,165.873529,508.460377
17.8,1.012261,0.88059,165.873503,508.460335
17.81,1.012261,0.88059,165.873476,508.460293
17.82,1.012261,0.88059,165.873451,508.460252
17.83,1.012261,0.88059,165.873425,508.460211
17.84,1.012261,0.88059,165.873399,508.460171
17.85,1.012261,0.88059,165.873374,508.460132
17.86,1.012261,0.88059,165.87335,508.460093
17.87,1.012261,0.88059,165.873325,508.460054
17.88,1.012261,0.88059,165.873301,508.460017
17.89,1.012261,0.88059,165.873277,508.45998
17.9,1.012261,0.88059,165.873254,508.459943
17.91,1.012261,0.88059,165.873231,508.459908
17.92,1.012261,0.88059,165.873208,508.459874
17.93,1.012261,0.880589,165.873185,508.45984
17.94,1.012261,0.880589,165.873163,508.459807
17.95,1.012261,0.880589,165.873141,508.459776
17.96,1.012261,0.880589,165.87312,508.459745
17.97,1.012261,0.880589,165.873099,508.459715
17.98,1.012261,0.880589,165.873078,508.459686
17.99,1.012261,0.880589,165.873057,508.459659
18,1.012261,0.880589,165.873037,508.459632
18.01,1.012261,0.880589,165.873017,508.459607
18.02,1.012261,0.880589,165.872998,508.459582
18.03,1.012261,0.880589,165.872979,508.459559
18.04,1.012261,0.880589,165.87296,508.459536
18.05,1.012261,0.880589,165.872941,508.459515
18.06,1.012261,0.880589,165.872923,508.459495
18.07,1.012261,0.880589,165.872905,508.459476
18.08,1.012261,0.880589,165.872887,508.459459
18.09,1.012261,0.880589,165.87287,508.459442
18.1,1.012261,0.880589,165.872853,508.459426
18.11,1.012261,0.880589,165.872836,508.459412
18.12,1.012261,0.880589,165.872819,508.459398
18.13,1.012261,0.880589,165.872803,508.459386
18.14,1.012261,0.880589,165.872787,508.459374
18.15,1.012261,0.880589,165.872771,508.459363
18.16,1.012261,0.880589,165.872755,508.459354
18.17,1.012261,0.880588,165.87274,508.459345
18.18,1.012261,0.880588,165.872725,508.459337
18.19,1.012261,0.880588,165.87271,508.45933
18.2,1.012261,0.880588,165.872695,508.459324
18.21,1.012261,0.880588,165.87268,508.459318
18.22,1.012261,0.880588,165.872665,508.459313
18.23,1.012261,0.880588,165.872651,508.459309
18.24,1.012261,0.880588,165.872637,508.459305
18.25,1.012261,0.880588,165.872622,508.459302
18.26,1.012261,0.880588,165.872608,508.4593
18.27,1.012261,0.880588,165.872594,508.459297
18.28,1.012261,0.880588,165.872581,508.459296
18.29,1.012261,0.880588,165.872567,508.459294
18.3,1.012261,0.880588,165.872553,508.459293
18.31,1.012261,0.880588,165.87254,508.459292
18.32,1.012261,0.880588,165.872526,508.459291
18.33,1.012261,0.880588,165.872513,508.45929
18.34,1.012261,0.880588,165.872499,508.459289
18.35,1.012261,0.880588,165.872486,508.459289
18.36,1.012261,0.880588,165.872472,508.459288
18.37,1.012261,0.880588,165.872459,508.459287
18.38,1.012261,0.880588,165.872446,508.459286
18.39,1.012261,0.880588,165.872432,508.459284
18.4,1.012261,0.880588,165.872419,508.459282
18.41,1.012261,0.880588,165.872406,508.45928
18.42,1.012261,0.880588,165.872393,508.459277
18.43,1.012261,0.880588,165.872379,508.459274
18.44,1.012261,0.880588,165.872366,508.459271
18.45,1.012261,0.880588,165.872353,508.459267
18.46,1.012261,0.880588,165.872339,508.459262
18.47,1.012261,0.880588,165.872326,508.459257
18.48,1.012261,0.880588,165.872313,508.459251
18.49,1.012261,0.880588,165.872299,508.459244
18.5,1.012261,0.880588,165.872286,508.459236
18.51,1.012261,0.880588,165.872273,508.459228
18.52,1.012261,0.880588,165.872259,508.459219
18.53,1.012261,0.880588,165.872246,508.459209
18.54,1.012261,0.880588,165.872233,508.459198
18.55,1.012261,0.880588,165.872219,508.459186
18.56,1.012261,0.880588,165.872206,508.459173
18.57,1.012261,0.880588,165.872192,508.45916
18.58,1.012261,0.880588,165.872179,508.459145
18.59,1.012261,0.880588,165.872165,508.45913
18.6,1.012261,0.880588,165.872152,508.459113
18.61,1.012261,0.880588,165.872138,508.459096
18.62,1.012261,0.880588,165.872125,508.459077
18.63,1.012261,0.880588,165.872112,508.459058
18.64,1.012261,0.880588,165.872098,508.459037
18.65,1.012261,0.880588,165.872085,508.459016
18.66,1.012261,0.880588,165.872071,508.458994
18.67,1.012261,0.880588,165.872058,508.458971
18.68,1.012261,0.880588,165.872045,508.458946
18.69,1.012261,0.880588,165.872032,508.458921
18.7,1.012261,0.880588,165.872018,508.458895
18.71,1.012261,0.880588,165.872005,508.458869
18.72,1.012261,0.880588,165.871992,508.458841
18.73,1.012261,0.880588,165.871979,508.458812
18.74,1.012261,0.880588,165.871966,508.458783
18.75,1.012261,0.880588,165.871953,508.458753
18.76,1.012261,0.880587,165.871941,508.458722
18.77,1.012261,0.880587,165.871928,508.458691
18.78,1.012261,0.880587,165.871915,508.458659
18.79,1.012261,0.880587,165.871903,508.458626
18.8,1.012261,0.880587,165.87189,508.458592
18.81,1.012261,0.880587,165.871878,508.458558
18.82,1.012261,0.880587,165.871866,508.458524
18.83,1.012261,0.880587,165.871854,508.458489
18.84,1.012261,0.880587,165.871842,508.458453
18.85,1.012261,0.880587,165.87183,508.458417
18.86,1.012261,0.880587,165.871818,508.458381
18.87,1.012261,0.880587,165.871806,508.458344
18.88,1.012261,0.880587,165.871795,508.458307
18.89,1.012261,0.880587,165.871783,508.458269
18.9,1.012261,0.880587,165.871772,508.458232
18.91,1.012261,0.880587,165.871761,508.458194
18.92,1.012261,0.880587,165.87175,508.458156
18.93,1.012261,0.880586,165.871739,508.458117
18.94,1.012261,0.880586,165.871728,508.458079
18.95,1.012261,0.880586,165.871717,508.45804
18.96,1.012261,0.880586,165.871707,508.458002
18.97,1.012261,0.880586,165.871697,508.457963
18.98,1.012261,0.880586,165.871686,508.457925
18.99,1.012261,0.880586,165.871676,508.457886
19,1.012261,0.880586,165.871666,508.457848
19.01,1.012261,0.880586,165.871656,508.457809
19.02,1.012261,0.880586,165.871647,508.457771
19.03,1.012261,0.880586,165.871637,508.457732
19.04,1.012261,0.880586,165.871628,508.457694
19.05,1.012261,0.880586,165.871618,508.457656
19.06,1.012261,0.880586,165.871609,508.457618
19.07,1.012261,0.880585,165.8716,508.457581
19.08,1.012261,0.880585,165.871591,508.457543
19.09,1.012261,0.880585,165.871582,508.457506
19.1,1.012261,0.880585,165.871573,508.457469
19.11,1.012261,0.880585,165.871565,508.457432
19.12,1.012261,0.880585,165.871556,508.457396
19.13,1.012261,0.880585,165.871548,508.457359
19.14,1.012261,0.880585,165.87154,508.457323
19.15,1.012261,0.880585,165.871532,508.457287
19.16,1.012261,0.880585,165.871524,508.457252
19.17,1.012261,0.880585,165.871516,508.457216
19.18,1.012261,0.880585,165.871508,508.457181
19.19,1.012261,0.880585,165.8715,508.457147
19.2,1.012261,0.880585,165.871492,508.457112
19.21,1.012261,0.880585,165.871485,508.457078
19.22,1.012261,0.880585,165.871478,508.457044
19.23,1.012261,0.880584,165.87147,508.45701
19.24,1.012261,0.880584,165.871463,508.456976
19.25,1.012261,0.880584,165.871456,508.456943
19.26,1.012261,0.880584,165.871449,508.45691
19.27,1.012261,0.880584,165.871442,508.456877
19.28,1.012261,0.880584,165.871435,508.456844
19.29,1.012261,0.880584,165.871429,508.456812
19.3,1.012261,0.880584,165.871422,508.45678
19.31,1.012261,0.880584,165.871416,508.456748
19.32,1.012261,0.880584,165.871409,508.456716
19.33,1.012261,0.880584,165.871403,508.456684
19.34,1.012261,0.880584,165.871397,508.456653
19.35,1.012261,0.880584,165.871391,508.456621
19.36,1.012261,0.880584,165.871385,508.45659
19.37,1.012261,0.880584,165.871379,508.456559
19.38,1.012261,0.880584,165.871373,508.456529
19.39,1.012261,0.880584,165.871368,508.456498
19.4,1.012261,0.880584,165.871362,508.456468
19.41,1.012261,0.880583,165.871357,508.456437
19.42,1.012261,0.880583,165.871351,508.456407
19.43,1.012261,0.880583,165.871346,508.456377
19.44,1.012261,0.880583,165.871341,508.456348
19.45,1.012261,0.880583,165.871336,508.456318
19.46,1.012261,0.880583,165.871332,508.456288
19.47,1.012261,0.880583,165.871327,508.456259
19.48,1.012261,0.880583,165.871322,508.45623
19.49,1.012261,0.880583,165.871318,508.456201
19.5,1.012261,0.880583,165.871314,508.456172
19.51,1.012261,0.880583,165.87131,508.456143
19.52,1.012261,0.880583,165.871306,508.456115
19.53,1.012261,0.880583,165.871302,508.456086
19.54,1.012261,0.880583,165.871298,508.456058
19.55,1.012261,0.880583,165.871295,508.45603
19.56,1.012261,0.880583,165.871291,508.456002
19.57,1.012261,0.880583,165.871288,508.455975
19.58,1.012261,0.880583,165.871285,508.455947
19.59,1.012261,0.880583,165.871282,508.45592
19.6,1.012261,0.880583,165.87128,508.455893
19.61,1.012261,0.880582,165.871277,508.455866
19.62,1.012261,0.880582,165.871275,508.45584
19.63,1.012261,0.880582,165.871272,508.455814
19.64,1.012261,0.880582,165.87127,508.455788
19.65,1.012261,0.880582,165.871268,508.455762
19.66,1.012261,0.880582,165.871266,508.455736
19.67,1.012261,0.880582,165.871265,508.455711
19.68,1.012261,0.880582,165.871263,508.455686
19.69,1.012261,0.880582,165.871262,508.455661
19.7,1.012261,0.880582,165.871261,508.455637
19.71,1.012261,0.880582,165.87126,508.455613
19.72,1.012261,0.880582,165.871259,508.455589
19.73,1.012261,0.880582,165.871259,508.455566
19.74,1.012261,0.880582,165.871258,508.455543
19.75,1.012261,0.880582,165.871258,508.45552
19.76,1.012261,0.880582,165.871258,508.455497
19.77,1.012261,0.880582,165.871257,508.455475
19.78,1.012261,0.880582,165.871258,508.455453
19.79,1.012261,0.880582,165.871258,508.455432
19.8,1.012261,0.880582,165.871258,508.455411
19.81,1.012261,0.880582,165.871259,508.45539
19.82,1.012261,0.880582,165.871259,508.45537
19.83,1.012261,0.880582,165.87126,508.455349
19.84,1.012261,0.880582,165.871261,508.455329
19.85,1.012261,0.880582,165.871262,508.45531
19.86,1.012261,0.880582,165.871263,508.455291
19.87,1.012261,0.880582,165.871264,508.455272
19.88,1.012261,0.880582,165.871266,508.455253
19.89,1.012261,0.880581,165.871267,508.455235
19.9,1.012261,0.880581,165.871269,508.455216
19.91,1.012261,0.880581,165.87127,508.455198
19.92,1.012261,0.880581,165.871272,508.455181
19.93,1.012261,0.880581,165.871274,508.455163
19.94,1.012261,0.880581,165.871275,508.455146
19.95,1.012261,0.880581,165.871277,508.455129
19.96,1.012261,0.880581,165.871279,508.455112
19.97,1.012261,0.880581,165.871281,508.455095
19.98,1.012261,0.880581,165.871283,508.455079
19.99,1.012261,0.880581,165.871285,508.455062
20,1.012261,0.880581,165.871287,508.455046
20.01,1.012261,0.880581,165.87129,508.455029
20.02,1.012261,0.880581,165.871292,508.455013
20.03,1.012261,0.880581,165.871294,508.454997
20.04,1.012261,0.880581,165.871296,508.45498
20.05,1.012261,0.880581,165.871298,508.454964
20.06,1.012261,0.880581,165.8713,508.454947
20.07,1.012261,0.880581,165.871302,508.454931
20.08,1.012261,0.880581,165.871304,508.454914
20.09,1.012261,0.880581,165.871307,508.454897
20.1,1.012261,0.880581,165.871309,508.45488
20.11,1.012261,0.880581,165.871311,508.454863
20.12,1.012261,0.880581,165.871313,508.454846
20.13,1.012261,0.880581,165.871315,508.454828
20.14,1.012261,0.880581,165.871317,508.45481
20.15,1.012261,0.880581,165.871318,508.454792
20.16,1.012261,0.880581,165.87132,508.454774
20.17,1.012261,0.880581,165.871322,508.454755
20.18,1.012261,0.880581,165.871324,508.454736
20.19,1.012261,0.880581,165.871325,508.454716
20.2,1.012261,0.880581,165.871327,508.454696
20.21,1.012261,0.880581,165.871329,508.454676
20.22,1.012261,0.880581,165.87133,508.454655
20.23,1.012261,0.880581,165.871332,508.454634
20.24,1.012261,0.880581,165.871333,508.454612
20.25,1.012261,0.880581,165.871334,508.45459
20.26,1.012261,0.880581,165.871336,508.454567
20.27,1.012261,0.880581,165.871337,508.454544
20.28,1.012261,0.88058,165.871338,508.45452
20.29,1.012261,0.88058,165.871339,508.454496
20.3,1.012261,0.88058,165.87134,508.454471
20.31,1.012261,0.88058,165.871341,508.454445
20.32,1.012261,0.88058,165.871342,508.454419
20.33,1.012261,0.88058,165.871343,508.454393
20.34,1.012261,0.88058,165.871343,508.454366
20.35,1.012261,0.88058,165.871344,508.454338
20.36,1.012261,0.88058,165.871345,508.45431
20.37,1.012261,0.88058,165.871346,508.454281
20.38,1.012261,0.88058,165.871346,508.454252
20.39,1.012261,0.88058,165.871347,508.454222
20.4,1.012261,0.88058,165.871347,508.454191
20.41,1.012261,0.88058,165.871348,508.45416
20.42,1.012261,0.88058,165.871348,508.454128
20.43,1.012261,0.88058,165.871349,508.454096
20.44,1.012261,0.88058,165.871349,508.454064
20.45,1.012261,0.88058,165.87135,508.454031
20.46,1.012261,0.88058,165.87135,508.453997
20.47,1.012261,0.88058,165.87135,508.453963
20.48,1.012261,0.88058,165.871351,508.453929
20.49,1.012261,0.880579,165.871351,508.453894
20.5,1.012261,0.880579,165.871351,508.453859
20.51,1.012261,0.880579,165.871352,508.453823
20.52,1.012261,0.880579,165.871352,508.453787
20.53,1.012261,0.880579,165.871353,508.453751
20.54,1.012261,0.880579,165.871353,508.453714
20.55,1.012261,0.880579,165.871354,508.453677
20.56,1.012261,0.880579,165.871354,508.45364
20.57,1.012261,0.880579,165.871355,508.453602
20.58,1.012261,0.880579,165.871355,508.453565
20.59,1.012261,0.880579,165.871356,508.453527
20.6,1.012261,0.880579,165.871356,508.453489
20.61,1.012261,0.880579,165.871357,508.45345
20.62,1.012261,0.880579,165.871358,508.453412
20.63,1.012261,0.880579,165.871358,508.453374
20.64,1.012261,0.880579,165.871359,508.453335
20.65,1.012261,0.880578,165.87136,508.453297
20.66,1.012261,0.880578,165.871361,508.453259
20.67,1.012261,0.880578,165.871362,508.45322
20.68,1.012261,0.880578,165.871363,508.453182
20.69,1.012261,0.880578,165.871364,508.453143
20.7,1.012261,0.880578,165.871365,508.453105
20.71,1.012261,0.880578,165.871366,508.453067
20.72,1.012261,0.880578,165.871367,508.453029
20.73,1.012261,0.880578,165.871369,508.452991
20.74,1.012261,0.880578,165.87137,508.452954
20.75,1.012261,0.880578,165.871371,508.452916
20.76,1.012261,0.880578,165.871373,508.452879
20.77,1.012261,0.880578,165.871374,508.452842
20.78,1.012261,0.880578,165.871376,508.452806
20.79,1.012261,0.880578,165.871378,508.452769
20.8,1.012261,0.880578,165.871379,508.452733
20.81,1.012261,0.880577,165.871381,508.452697
20.82,1.012261,0.880577,165.871383,508.452662
20.83,1.012261,0.880577,165.871385,508.452627
20.84,1.012261,0.880577,165.871387,508.452592
20.85,1.012261,0.880577,165.871389,508.452557
20.86,1.012261,0.880577,165.871391,508.452523
20.87,1.012261,0.880577,165.871393,508.452489
20.88,1.012261,0.880577,165.871395,508.452456
20.89,1.012261,0.880577,165.871397,508.452423
20.9,1.012261,0.880577,165.871399,508.45239
20.91,1.012261,0.880577,165.871402,508.452358
20.92,1.012261,0.880577,165.871404,508.452326
20.93,1.012261,0.880577,165.871406,508.452294
20.94,1.012261,0.880577,165.871409,508.452263
20.95,1.012261,0.880577,165.871411,508.452232
20.96,1.012261,0.880577,165.871414,508.452202
20.97,1.012261,0.880577,165.871416,508.452172
20.98,1.012261,0.880577,165.871418,508.452142
20.99,1.012261,0.880576,165.871421,508.452113
21,1.012261,0.880576,165.871424,508.452084
21.01,1.012261,0.880576,165.871426,508.452055
21.02,1.012261,0.880576,165.871429,508.452027
21.03,1.012261,0.880576,165.871431,508.451999
21.04,1.012261,0.880576,165.871434,508.451971
21.05,1.012261,0.880576,165.871436,508.451944
21.06,1.012261,0.880576,165.871439,508.451916
21.07,1.012261,0.880576,165.871442,508.45189
21.08,1.012261,0.880576,165.871444,508.451863
21.09,1.012261,0.880576,165.871447,508.451837
21.1,1.012261,0.880576,165.871449,508.45181
21.11,1.012261,0.880576,165.871452,508.451785
21.12,1.012261,0.880576,165.871455,508.451759
21.13,1.012261,0.880576,165.871457,508.451733
21.14,1.012262,0.880576,165.87146,508.451708
21.15,1.012262,0.880576,165.871463,508.451683
21.16,1.012262,0.880576,165.871465,508.451658
21.17,1.012262,0.880576,165.871468,508.451633
21.18,1.012262,0.880576,165.87147,508.451609
21.19,1.012262,0.880576,165.871473,508.451584
21.2,1.012262,0.880576,165.871475,508.45156
21.21,1.012262,0.880576,165.871478,508.451535
21.22,1.012262,0.880575,165.871481,508.451511
21.23,1.012262,0.880575,165.871483,508.451487
21.24,1.012262,0.880575,165.871486,508.451463
21.25,1.012262,0.880575,165.871488,508.451439
21.26,1.012262,0.880575,165.871491,508.451415
21.27,1.012262,0.880575,165.871493,508.451391
21.28,1.012262,0.880575,165.871496,508.451367
21.29,1.012262,0.880575,165.871498,508.451343
21.3,1.012262,0.880575,165.871501,508.451319
21.31,1.012262,0.880575,165.871503,508.451295
21.32,1.012262,0.880575,165.871505,508.451271
21.33,1.012262,0.880575,165.871508,508.451247
21.34,1.012262,0.880575,165.87151,508.451223
21.35,1.012262,0.880575,165.871513,508.451199
21.36,1.012262,0.880575,165.871515,508.451176
21.37,1.012262,0.880575,165.871517,508.451152
21.38,1.012262,0.880575,165.87152,508.451128
21.39,1.012262,0.880575,165.871522,508.451104
21.4,1.012262,0.880575,165.871524,508.451079
21.41,1.012262,0.880575,165.871527,508.451055
21.42,1.012262,0.880575,165.871529,508.451031
21.43,1.012262,0.880575,165.871531,508.451007
21.44,1.012262,0.880575,165.871534,508.450983
21.45,1.012262,0.880575,165.871536,508.450958
21.46,1.012262,0.880575,165.871538,508.450934
21.47,1.012262,0.880575,165.871541,508.45091
21.48,1.012262,0.880574,165.871543,508.450885
21.49,1.012262,0.880574,165.871545,508.450861
21.5,1.012262,0.880574,165.871547,508.450836
21.51,1.012262,0.880574,165.87155,508.450812
21.52,1.012262,0.880574,165.871552,508.450787
21.53,1.012262,0.880574,165.871554,508.450763
21.54,1.012262,0.880574,165.871556,508.450738
21.55,1.012262,0.880574,165.871558,508.450713
21.56,1.012262,0.880574,165.871561,508.450689
21.57,1.012262,0.880574,165.871563,508.450664
21.58,1.012262,0.880574,165.871565,508.450639
21.59,1.012262,0.880574,165.871567,508.450614
21.6,1.012262,0.880574,165.871569,508.450589
21.61,1.012262,0.880574,165.871571,508.450564
21.62,1.012262,0.880574,165.871573,508.450539
21.63,1.012262,0.880574,165.871575,508.450514
21.64,1.012262,0.880574,165.871577,508.450489
21.65,1.012262,0.880574,165.871579,508.450464
21.66,1.012262,0.880574,165.871581,508.450439
21.67,1.012262,0.880574,165.871583,508.450414
21.68,1.012262,0.880574,165.871585,508.450389
21.69,1.012262,0.880574,165.871587,508.450363
21.7,1.012262,0.880574,165.871588,508.450338
21.71,1.012262,0.880574,165.87159,508.450313
21.72,1.012262,0.880574,165.871592,508.450287
21.73,1.012262,0.880573,165.871593,508.450262
21.74,1.012262,0.880573,165.871595,508.450236
21.75,1.012262,0.880573,165.871596,508.450211
21.76,1.012262,0.880573,165.871598,508.450185
21.77,1.012262,0.880573,165.871599,508.450159
21.78,1.012262,0.880573,165.871601,508.450133
21.79,1.012262,0.880573,165.871602,508.450107
21.8,1.012262,0.880573,165.871603,508.450081
21.81,1.012262,0.880573,165.871604,508.450055
21.82,1.012262,0.880573,165.871606,508.450029
21.83,1.012262,0.880573,165.871607,508.450003
21.84,1.012262,0.880573,165.871608,508.449976
21.85,1.012262,0.880573,165.871608,508.44995
21.86,1.012262,0.880573,165.871609,508.449923
21.87,1.012262,0.880573,165.87161,508.449897
21.88,1.012262,0.880573,165.871611,508.44987
21.89,1.012262,0.880573,165.871611,508.449843
21.9,1.012262,0.880573,165.871612,508.449815
21.91,1.012262,0.880573,165.871612,508.449788
21.92,1.012262,0.880573,165.871613,508.449761
21.93,1.012262,0.880573,165.871613,508.449733
21.94,1.012262,0.880573,165.871613,508.449705
21.95,1.012262,0.880573,165.871613,508.449677
21.96,1.012262,0.880572,165.871613,508.449649
21.97,1.012262,0.880572,165.871613,508.44962
21.98,1.012262,0.880572,165.871613,508.449592
21.99,1.012262,0.880572,165.871613,508.449563
22,1.012262,0.880572,165.871613,508.449534
22.01,1.012262,0.880572,165.871612,508.449505
22.02,1.012262,0.880572,165.871612,508.449475
22.03,1.012262,0.880572,165.871611,508.449446
22.04,1.012262,0.880572,165.871611,508.449416
22.05,1.012262,0.880572,165.87161,508.449386
22.06,1.012262,0.880572,165.871609,508.449356
22.07,1.012262,0.880572,165.871608,508.449325
22.08,1.012262,0.880572,165.871607,508.449295
22.09,1.012262,0.880572,165.871606,508.449264
22.1,1.012262,0.880572,165.871605,508.449233
22.11,1.012262,0.880572,165.871604,508.449201
22.12,1.012262,0.880572,165.871603,508.44917
22.13,1.012262,0.880572,165.871601,508.449138
22.14,1.012262,0.880572,165.8716,508.449106
22.15,1.012262,0.880572,165.871599,508.449074
22.16,1.012262,0.880571,165.871597,508.449042
22.17,1.012262,0.880571,165.871596,508.449009
22.18,1.012262,0.880571,165.871594,508.448977
22.19,1.012262,0.880571,165.871592,508.448944
22.2,1.012262,0.880571,165.871591,508.448911
22.21,1.012262,0.880571,165.871589,508.448878
22.22,1.012262,0.880571,165.871587,508.448844
22.23,1.012262,0.880571,165.871585,508.448811
22.24,1.012262,0.880571,165.871583,508.448777
22.25,1.012262,0.880571,165.871581,508.448743
22.26,1.012262,0.880571,165.871579,508.44871
22.27,1.012262,0.880571,165.871577,508.448676
22.28,1.012262,0.880571,165.871575,508.448642
22.29,1.012262,0.880571,165.871573,508.448608
22.3,1.012262,0.880571,165.871571,508.448574
22.31,1.012262,0.880571,165.871569,508.448539
22.32,1.012262,0.880571,165.871567,508.448505
22.33,1.012262,0.88057,165.871565,508.448471
22.34,1.012262,0.88057,165.871563,508.448437
22.35,1.012262,0.88057,165.871561,508.448403
22.36,1.012262,0.88057,165.871558,508.448368
22.37,1.012262,0.88057,165.871556,508.448334
22.38,1.012262,0.88057,165.871554,508.4483
22.39,1.012262,0.88057,165.871552,508.448266
22.4,1.012262,0.88057,165.87155,508.448232
22.41,1.012262,0.88057,165.871547,508.448198
22.42,1.012262,0.88057,165.871545,508.448164
22.43,1.012262,0.88057,165.871543,508.44813
22.44,1.012262,0.88057,165.871541,508.448097
22.45,1.012262,0.88057,165.871539,508.448063
22.46,1.012262,0.88057,165.871536,508.44803
22.47,1.012262,0.88057,165.871534,508.447997
22.48,1.012262,0.88057,165.871532,508.447964
22.49,1.012262,0.88057,165.87153,508.447931
22.5,1.012262,0.880569,165.871528,508.447898
22.51,1.012262,0.880569,165.871526,508.447866
22.52,1.012262,0.880569,165.871523,508.447833
22.53,1.012262,0.880569,165.871521,508.447801
22.54,1.012262,0.880569,165.871519,508.44777
22.55,1.012262,0.880569,165.871517,508.447738
22.56,1.012262,0.880569,165.871515,508.447707
22.57,1.012262,0.880569,165.871513,508.447675
22.58,1.012262,0.880569,165.871511,508.447644
22.59,1.012262,0.880569,165.871508,508.447614
22.6,1.012262,0.880569,165.871506,508.447583
22.61,1.012262,0.880569,165.871504,508.447553
22.62,1.012262,0.880569,165.871502,508.447523
22.63,1.012262,0.880569,165.8715,508.447494
22.64,1.012262,0.880569,165.871498,508.447464
22.65,1.012262,0.880569,165.871496,508.447435
22.66,1.012262,0.880569,165.871494,508.447406
22.67,1.012262,0.880569,165.871492,508.447378
22.68,1.012262,0.880568,165.871489,508.447349
22.69,1.012262,0.880568,165.871487,508.447321
22.7,1.012262,0.880568,165.871485,508.447294
22.71,1.012262,0.880568,165.871483,508.447266
22.72,1.012262,0.880568,165.871481,508.447239
22.73,1.012262,0.880568,165.871479,508.447211
22.74,1.012262,0.880568,165.871477,508.447184
22.75,1.012262,0.880568,165.871474,508.447158
22.76,1.012262,0.880568,165.871472,508.447131
22.77,1.012262,0.880568,165.87147,508.447105
22.78,1.012262,0.880568,165.871468,508.447079
22.79,1.012262,0.880568,165.871465,508.447053
22.8,1.012262,0.880568,165.871463,508.447027
22.81,1.012262,0.880568,165.87146,508.447002
22.82,1.012262,0.880568,165.871458,508.446976
22.83,1.012262,0.880568,165.871456,508.446951
22.84,1.012262,0.880568,165.871453,508.446926
22.85,1.012262,0.880568,165.871451,508.446901
22.86,1.012262,0.880568,165.871448,508.446876
22.87,1.012262,0.880568,165.871446,508.446851
22.88,1.012262,0.880568,165.871443,508.446827
22.89,1.012262,0.880568,165.87144,508.446802
22.9,1.012262,0.880568,165.871438,508.446778
22.91,1.012262,0.880567,165.871435,508.446753
22.92,1.012262,0.880567,165.871432,508.446729
22.93,1.012262,0.880567,165.871429,508.446705
22.94,1.012262,0.880567,165.871426,508.44668
22.95,1.012262,0.880567,165.871423,508.446656
22.96,1.012262,0.880567,165.87142,508.446632
22.97,1.012262,0.880567,165.871417,508.446607
22.98,1.012262,0.880567,165.871414,508.446583
22.99,1.012262,0.880567,165.871411,508.446559
23,1.012262,0.880567,165.871408,508.446534
23.01,1.012262,0.880567,165.871405,508.44651
23.02,1.012262,0.880567,165.871402,508.446485
23.03,1.012262,0.880567,165.871398,508.446461
23.04,1.012262,0.880567,165.871395,508.446436
23.05,1.012262,0.880567,165.871391,508.446412
23.06,1.012262,0.880567,165.871388,508.446387
23.07,1.012262,0.880567,165.871385,508.446362
23.08,1.012262,0.880567,165.871381,508.446337
23.09,1.012262,0.880567,165.871377,508.446312
23.1,1.012262,0.880567,165.871374,508.446287
23.11,1.012262,0.880567,165.87137,508.446262
23.12,1.012262,0.880567,165.871366,508.446236
23.13,1.012262,0.880567,165.871362,508.446211
23.14,1.012262,0.880567,165.871359,508.446185
23.15,1.012262,0.880566,165.871355,508.446159
23.16,1.012262,0.880566,165.871351,508.446134
23.17,1.012262,0.880566,165.871347,508.446108
23.18,1.012262,0.880566,165.871343,508.446081
23.19,1.012262,0.880566,165.871339,508.446055
23.2,1.012262,0.880566,165.871334,508.446029
23.21,1.012262,0.880566,165.87133,508.446002
23.22,1.012262,0.880566,165.871326,508.445975
23.23,1.012262,0.880566,165.871322,508.445949
23.24,1.012262,0.880566,165.871318,508.445922
23.25,1.012262,0.880566,165.871313,508.445894
23.26,1.012262,0.880566,165.871309,508.445867
23.27,1.012262,0.880566,165.871305,508.44584
23.28,1.012262,0.880566,165.8713,508.445812
23.29,1.012262,0.880566,165.871296,508.445785
23.3,1.012262,0.880566,165.871291,508.445757
23.31,1.012262,0.880566,165.871287,508.445729
23.32,1.012262,0.880566,165.871282,508.445701
23.33,1.012262,0.880566,165.871277,508.445673
23.34,1.012262,0.880566,165.871273,508.445645
23.35,1.012262,0.880566,165.871268,508.445616
23.36,1.012262,0.880565,165.871263,508.445588
23.37,1.012262,0.880565,165.871259,508.445559
23.38,1.012262,0.880565,165.871254,508.445531
23.39,1.012262,0.880565,165.871249,508.445502
23.4,1.012262,0.880565,165.871244,508.445473
23.41,1.012262,0.880565,165.871239,508.445444
23.42,1.012262,0.880565,165.871234,508.445415
23.43,1.012262,0.880565,165.87123,508.445386
23.44,1.012262,0.880565,165.871225,508.445357
23.45,1.012262,0.880565,165.87122,508.445328
23.46,1.012262,0.880565,165.871215,508.445298
23.47,1.012262,0.880565,165.87121,508.445269
23.48,1.012262,0.880565,165.871205,508.445239
23.49,1.012262,0.880565,165.871199,508.44521
23.5,1.012262,0.880565,165.871194,508.44518
23.51,1.012262,0.880565,165.871189,508.445151
23.52,1.012262,0.880565,165.871184,508.445121
23.53,1.012262,0.880565,165.871179,508.445092
23.54,1.012262,0.880565,165.871173,508.445062
23.55,1.012262,0.880565,165.871168,508.445032
23.56,1.012262,0.880564,165.871163,508.445002
23.57,1.012262,0.880564,165.871157,508.444972
23.58,1.012262,0.880564,165.871152,508.444942
23.59,1.012262,0.880564,165.871147,508.444913
23.6,1.012262,0.880564,165.871141,508.444883
23.61,1.012262,0.880564,165.871136,508.444853
23.62,1.012262,0.880564,165.87113,508.444823
23.63,1.012262,0.880564,165.871125,508.444793
23.64,1.012262,0.880564,165.871119,508.444763
23.65,1.012262,0.880564,165.871114,508.444733
23.66,1.012262,0.880564,165.871108,508.444702
23.67,1.012262,0.880564,165.871102,508.444672
23.68,1.012262,0.880564,165.871097,508.444642
23.69,1.012262,0.880564,165.871091,508.444612
23.7,1.012262,0.880564,165.871085,508.444582
23.71,1.012262,0.880564,165.871079,508.444552
23.72,1.012262,0.880564,165.871073,508.444521
23.73,1.012262,0.880564,165.871067,508.444491
23.74,1.012262,0.880564,165.871062,508.444461
23.75,1.012262,0.880563,165.871056,508.44443
23.76,1.012262,0.880563,165.87105,508.4444
23.77,1.012262,0.880563,165.871044,508.44437
23.78,1.012262,0.880563,165.871038,508.444339
23.79,1.012262,0.880563,165.871032,508.444309
23.8,1.012262,0.880563,165.871025,508.444278
23.81,1.012262,0.880563,165.871019,508.444248
23.82,1.012262,0.880563,165.871013,508.444218
23.83,1.012262,0.880563,165.871007,508.444187
23.84,1.012262,0.880563,165.871001,508.444156
23.85,1.012262,0.880563,165.870995,508.444126
23.86,1.012262,0.880563,165.870988,508.444095
23.87,1.012262,0.880563,165.870982,508.444065
23.88,1.012262,0.880563,165.870976,508.444034
23.89,1.012262,0.880563,165.870969,508.444004
23.9,1.012262,0.880563,165.870963,508.443973
23.91,1.012262,0.880563,165.870957,508.443942
23.92,1.012262,0.880563,165.87095,508.443912
23.93,1.012262,0.880563,165.870944,508.443881
23.94,1.012262,0.880562,165.870938,508.44385
23.95,1.012262,0.880562,165.870931,508.443819
23.96,1.012262,0.880562,165.870925,508.443789
23.97,1.012262,0.880562,165.870918,508.443758
23.98,1.012262,0.880562,165.870912,508.443727
23.99,1.012262,0.880562,165.870905,508.443697
24,1.012262,0.880562,165.870899,508.443666
24.01,1.012262,0.880562,165.870892,508.443635
24.02,1.012262,0.880562,165.870886,508.443604
24.03,1.012262,0.880562,165.870879,508.443574
24.04,1.012262,0.880562,165.870873,508.443543
24.05,1.012262,0.880562,165.870866,508.443512
24.06,1.012262,0.880562,165.87086,508.443482
24.07,1.012262,0.880562,165.870853,508.443451
24.08,1.012262,0.880562,165.870847,508.443421
24.09,1.012262,0.880562,165.87084,508.44339
24.1,1.012262,0.880562,165.870834,508.44336
24.11,1.012262,0.880562,165.870827,508.443329
24.12,1.012262,0.880561,165.870821,508.443299
24.13,1.012262,0.880561,165.870814,508.443269
24.14,1.012262,0.880561,165.870808,508.443238
24.15,1.012262,0.880561,165.870802,508.443208
24.16,1.012262,0.880561,165.870795,508.443178
24.17,1.012262,0.880561,165.870789,508.443148
24.18,1.012262,0.880561,165.870782,508.443118
24.19,1.012262,0.880561,165.870776,508.443088
24.2,1.012262,0.880561,165.870769,508.443058
24.21,1.012262,0.880561,165.870763,508.443028
24.22,1.012262,0.880561,165.870757,508.442999
24.23,1.012262,0.880561,165.87075,508.442969
24.24,1.012262,0.880561,165.870744,508.44294
24.25,1.012262,0.880561,165.870738,508.44291
24.26,1.012263,0.880561,165.870732,508.442881
24.27,1.012263,0.880561,165.870725,508.442852
24.28,1.012263,0.880561,165.870719,508.442823
24.29,1.012263,0.880561,165.870713,508.442794
24.3,1.012263,0.880561,165.870707,508.442765
24.31,1.012263,0.88056,165.8707,508.442737
24.32,1.012263,0.88056,165.870694,508.442708
24.33,1.012263,0.88056,165.870688,508.44268
24.34,1.012263,0.88056,165.870682,508.442651
24.35,1.012263,0.88056,165.870676,508.442623
24.36,1.012263,0.88056,165.87067,508.442595
24.37,1.012263,0.88056,165.870663,508.442567
24.38,1.012263,0.88056,165.870657,508.442539
24.39,1.012263,0.88056,165.870651,508.442512
24.4,1.012263,0.88056,165.870645,508.442484
24.41,1.012263,0.88056,165.870639,508.442457
24.42,1.012263,0.88056,165.870633,508.442429
24.43,1.012263,0.88056,165.870627,508.442402
24.44,1.012263,0.88056,165.870621,508.442375
24.45,1.012263,0.88056,165.870615,508.442348
24.46,1.012263,0.88056,165.870609,508.442321
24.47,1.012263,0.88056,165.870603,508.442294
24.48,1.012263,0.88056,165.870597,508.442267
24.49,1.012263,0.88056,165.870591,508.442241
24.5,1.012263,0.88056,165.870585,508.442214
24.51,1.012263,0.88056,165.870579,508.442188
24.52,1.012263,0.880559,165.870573,508.442161
24.53,1.012263,0.880559,165.870567,508.442135
24.54,1.012263,0.880559,165.870561,508.442109
24.55,1.012263,0.880559,165.870555,508.442083
24.56,1.012263,0.880559,165.870549,508.442056
24.57,1.012263,0.880559,165.870543,508.44203
24.58,1.012263,0.880559,165.870537,508.442004
24.59,1.012263,0.880559,165.870531,508.441978
24.6,1.012263,0.880559,165.870525,508.441952
24.61,1.012263,0.880559,165.870519,508.441927
24.62,1.012263,0.880559,165.870513,508.441901
24.63,1.012263,0.880559,165.870507,508.441875
24.64,1.012263,0.880559,165.870501,508.441849
24.65,1.012263,0.880559,165.870495,508.441823
24.66,1.012263,0.880559,165.870489,508.441797
24.67,1.012263,0.880559,165.870483,508.441771
24.68,1.012263,0.880559,165.870477,508.441745
24.69,1.012263,0.880559,165.87047,508.441719
24.7,1.012263,0.880559,165.870464,508.441693
24.71,1.012263,0.880559,165.870458,508.441667
24.72,1.012263,0.880559,165.870452,508.441641
24.73,1.012263,0.880559,165.870446,508.441615
24.74,1.012263,0.880558,165.87044,508.441589
24.75,1.012263,0.880558,165.870433,508.441563
24.76,1.012263,0.880558,165.870427,508.441537
24.77,1.012263,0.880558,165.870421,508.44151
24.78,1.012263,0.880558,165.870415,508.441484
24.79,1.012263,0.880558,165.870408,508.441457
24.8,1.012263,0.880558,165.870402,508.441431
24.81,1.012263,0.880558,165.870396,508.441404
24.82,1.012263,0.880558,165.870389,508.441377
24.83,1.012263,0.880558,165.870383,508.44135
24.84,1.012263,0.880558,165.870377,508.441324
24.85,1.012263,0.880558,165.87037,508.441296
24.86,1.012263,0.880558,165.870364,508.441269
24.87,1.012263,0.880558,165.870357,508.441242
24.88,1.012263,0.880558,165.870351,508.441215
24.89,1.012263,0.880558,165.870344,508.441187
24.9,1.012263,0.880558,165.870338,508.44116
24.91,1.012263,0.880558,165.870332,508.441132
24.92,1.012263,0.880558,165.870325,508.441104
24.93,1.012263,0.880558,165.870319,508.441076
24.94,1.012263,0.880558,165.870312,508.441048
24.95,1.012263,0.880558,165.870306,508.44102
24.96,1.012263,0.880557,165.870299,508.440992
24.97,1.012263,0.880557,165.870293,508.440963
24.98,1.012263,0.880557,165.870286,508.440935
24.99,1.012263,0.880557,165.870279,508.440906
25,1.012263,0.880557,165.870273,508.440877
25.01,1.012263,0.880557,165.870266,508.440849
25.02,1.012263,0.880557,165.87026,508.44082
25.03,1.012263,0.880557,165.870253,508.440791
25.04,1.012263,0.880557,165.870247,508.440762
25.05,1.012263,0.880557,165.87024,508.440732
25.06,1.012263,0.880557,165.870234,508.440703
25.07,1.012263,0.880557,165.870227,508.440674
25.08,1.012263,0.880557,165.87022,508.440644
25.09,1.012263,0.880557,165.870214,508.440615
25.1,1.012263,0.880557,165.870207,508.440585
25.11,1.012263,0.880557,165.870201,508.440555
25.12,1.012263,0.880557,165.870194,508.440526
25.13,1.012263,0.880557,165.870188,508.440496
25.14,1.012263,0.880557,165.870181,508.440466
25.15,1.012263,0.880557,165.870175,508.440436
25.16,1.012263,0.880556,165.870168,508.440406
25.17,1.012263,0.880556,165.870162,508.440376
25.18,1.012263,0.880556,165.870155,508.440346
25.19,1.012263,0.880556,165.870149,508.440316
25.2,1.012263,0.880556,165.870142,508.440286
25.21,1.012263,0.880556,165.870136,508.440255
25.22,1.012263,0.880556,165.870129,508.440225
25.23,1.012263,0.880556,165.870123,508.440195
25.24,1.012263,0.880556,165.870116,508.440165
25.25,1.012263,0.880556,165.87011,508.440135
25.26,1.012263,0.880556,165.870103,508.440104
25.27,1.012263,0.880556,165.870097,508.440074
25.28,1.012263,0.880556,165.87009,508.440044
25.29,1.012263,0.880556,165.870084,508.440014
25.3,1.012263,0.880556,165.870078,508.439983
25.31,1.012263,0.880556,165.870071,508.439953
25.32,1.012263,0.880556,165.870065,508.439923
25.33,1.012263,0.880556,165.870059,508.439893
25.34,1.012263,0.880556,165.870052,508.439863
25.35,1.012263,0.880555,165.870046,508.439833
25.36,1.012263,0.880555,165.87004,508.439802
25.37,1.012263,0.880555,165.870033,508.439772
25.38,1.012263,0.880555,165.870027,508.439742
25.39,1.012263,0.880555,165.870021,508.439712
25.4,1.012263,0.880555,165.870015,508.439682
25.41,1.012263,0.880555,165.870008,508.439652
25.42,1.012263,0.880555,165.870002,508.439623
25.43,1.012263,0.880555,165.869996,508.439593
25.44,1.012263,0.880555,165.86999,508.439563
25.45,1.012263,0.880555,165.869984,508.439533
25.46,1.012263,0.880555,165.869977,508.439503
25.47,1.012263,0.880555,165.869971,508.439474
25.48,1.012263,0.880555,165.869965,508.439444
25.49,1.012263,0.880555,165.869959,508.439414
25.5,1.012263,0.880555,165.869953,508.439385
25.51,1.012263,0.880555,165.869947,508.439355
25.52,1.012263,0.880555,165.869941,508.439326
25.53,1.012263,0.880555,165.869934,508.439296
25.54,1.012263,0.880554,165.869928,508.439267
25.55,1.012263,0.880554,165.869922,508.439238
25.56,1.012263,0.880554,165.869916,508.439208
25.57,1.012263,0.880554,165.86991,508.439179
25.58,1.012263,0.880554,165.869904,508.43915
25.59,1.012263,0.880554,165.869898,508.439121
25.6,1.012263,0.880554,165.869892,508.439092
25.61,1.012263,0.880554,165.869886,508.439063
25.62,1.012263,0.880554,165.86988,508.439034
25.63,1.012263,0.880554,165.869874,508.439005
25.64,1.012263,0.880554,165.869868,508.438976
25.65,1.012263,0.880554,165.869862,508.438947
25.66,1.012263,0.880554,165.869856,508.438918
25.67,1.012263,0.880554,165.86985,508.438889
25.68,1.012263,0.880554,165.869844,508.43886
25.69,1.012263,0.880554,165.869839,508.438831
25.7,1.012263,0.880554,165.869833,508.438803
25.71,1.012263,0.880554,165.869827,508.438774
25.72,1.012263,0.880554,165.869821,508.438745
25.73,1.012263,0.880554,165.869815,508.438716
25.74,1.012263,0.880553,165.869809,508.438688
25.75,1.012263,0.880553,165.869803,508.438659
25.76,1.012263,0.880553,165.869798,508.438631
25.77,1.012263,0.880553,165.869792,508.438602
25.78,1.012263,0.880553,165.869786,508.438574
25.79,1.012263,0.880553,165.86978,508.438545
25.8,1.012263,0.880553,165.869774,508.438517
25.81,1.012263,0.880553,165.869769,508.438488
25.82,1.012263,0.880553,165.869763,508.43846
25.83,1.012263,0.880553,165.869757,508.438431
25.84,1.012263,0.880553,165.869752,508.438403
25.85,1.012263,0.880553,165.869746,508.438375
25.86,1.012263,0.880553,165.86974,508.438346
25.87,1.012263,0.880553,165.869735,508.438318
25.88,1.012263,0.880553,165.869729,508.43829
25.89,1.012263,0.880553,165.869724,508.438261
25.9,1.012263,0.880553,165.869718,508.438233
25.91,1.012263,0.880553,165.869712,508.438205
25.92,1.012263,0.880553,165.869707,508.438177
25.93,1.012263,0.880553,165.869701,508.438149
25.94,1.012263,0.880552,165.869696,508.438121
25.95,1.012263,0.880552,165.86969,508.438093
25.96,1.012263,0.880552,165.869685,508.438065
25.97,1.012263,0.880552,165.86968,508.438037
25.98,1.012263,0.880552,165.869674,508.438009
25.99,1.012263,0.880552,165.869669,508.437981
26,1.012263,0.880552,165.869663,508.437953
26.01,1.012263,0.880552,165.869658,508.437925
26.02,1.012263,0.880552,165.869653,508.437897
26.03,1.012263,0.880552,165.869647,508.437869
26.04,1.012263,0.880552,165.869642,508.437841
26.05,1.012263,0.880552,165.869637,508.437814
26.06,1.012263,0.880552,165.869632,508.437786
26.07,1.012263,0.880552,165.869626,508.437758
26.08,1.012263,0.880552,165.869621,508.43773
26.09,1.012263,0.880552,165.869616,508.437703
26.1,1.012263,0.880552,165.869611,508.437675
26.11,1.012263,0.880552,165.869606,508.437648
26.12,1.012263,0.880552,165.8696,508.43762
26.13,1.012263,0.880552,165.869595,508.437593
26.14,1.012263,0.880552,165.86959,508.437565
26.15,1.012263,0.880551,165.869585,508.437538
26.16,1.012263,0.880551,165.86958,508.43751
26.17,1.012263,0.880551,165.869575,508.437483
26.18,1.012263,0.880551,165.86957,508.437455
26.19,1.012263,0.880551,165.869565,508.437428
26.2,1.012263,0.880551,165.86956,508.437401
26.21,1.012263,0.880551,165.869555,508.437374
26.22,1.012263,0.880551,165.86955,508.437346
26.23,1.012263,0.880551,165.869545,508.437319
26.24,1.012263,0.880551,165.86954,508.437292
26.25,1.012263,0.880551,165.869535,508.437265
26.26,1.012263,0.880551,165.86953,508.437237
26.27,1.012263,0.880551,165.869525,508.43721
26.28,1.012263,0.880551,165.86952,508.437183
26.29,1.012263,0.880551,165.869516,508.437156
26.3,1.012263,0.880551,165.869511,508.437129
26.31,1.012263,0.880551,165.869506,508.437102
26.32,1.012263,0.880551,165.869501,508.437075
26.33,1.012263,0.880551,165.869496,508.437047
26.34,1.012263,0.880551,165.869491,508.43702
26.35,1.012263,0.880551,165.869486,508.436993
26.36,1.012263,0.880551,165.869481,508.436966
26.37,1.012263,0.88055,165.869477,508.436939
26.38,1.012263,0.88055,165.869472,508.436912
26.39,1.012263,0.88055,165.869467,508.436884
26.4,1.012263,0.88055,165.869462,508.436857
26.41,1.012263,0.88055,165.869457,508.43683
26.42,1.012263,0.88055,165.869452,508.436803
26.43,1.012263,0.88055,165.869448,508.436776
26.44,1.012263,0.88055,165.869443,508.436748
26.45,1.012263,0.88055,165.869438,508.436721
26.46,1.012263,0.88055,165.869433,508.436694
26.47,1.012263,0.88055,165.869428,508.436666
26.48,1.012263,0.88055,165.869423,508.436639
26.49,1.012263,0.88055,165.869419,508.436611
26.5,1.012263,0.88055,165.869414,508.436584
26.51,1.012263,0.88055,165.869409,508.436556
26.52,1.012263,0.88055,165.869404,508.436529
26.53,1.012263,0.88055,165.869399,508.436501
26.54,1.012263,0.88055,165.869394,508.436473
26.55,1.012263,0.88055,165.869389,508.436445
26.56,1.012263,0.88055,165.869385,508.436418
26.57,1.012263,0.88055,165.86938,508.43639
26.58,1.012263,0.880549,165.869375,508.436362
26.59,1.012263,0.880549,165.86937,508.436334
26.6,1.012263,0.880549,165.869365,508.436306
26.61,1.012263,0.880549,165.86936,508.436278
26.62,1.012263,0.880549,165.869355,508.43625
26.63,1.012263,0.880549,165.869351,508.436221
26.64,1.012263,0.880549,165.869346,508.436193
26.65,1.012263,0.880549,165.869341,508.436165
26.66,1.012263,0.880549,165.869336,508.436136
26.67,1.012263,0.880549,165.869331,508.436108
26.68,1.012263,0.880549,165.869326,508.436079
26.69,1.012263,0.880549,165.869321,508.436051
26.7,1.012263,0.880549,165.869316,508.436022
26.71,1.012263,0.880549,165.869312,508.435993
26.72,1.012263,0.880549,165.869307,508.435965
26.73,1.012263,0.880549,165.869302,508.435936
26.74,1.012263,0.880549,165.869297,508.435907
26.75,1.012263,0.880549,165.869292,508.435878
26.76,1.012263,0.880549,165.869287,508.435849
26.77,1.012263,0.880549,165.869283,508.43582
26.78,1.012263,0.880549,165.869278,508.435791
26.79,1.012263,0.880548,165.869273,508.435762
26.8,1.012263,0.880548,165.869268,508.435733
26.81,1.012263,0.880548,165.869263,508.435704
26.82,1.012263,0.880548,165.869258,508.435675
26.83,1.012263,0.880548,165.869254,508.435645
26.84,1.012263,0.880548,165.869249,508.435616
26.85,1.012263,0.880548,165.869244,508.435587
26.86,1.012263,0.880548,165.869239,508.435558
26.87,1.012263,0.880548,165.869234,508.435528
26.88,1.012263,0.880548,165.86923,508.435499
26.89,1.012263,0.880548,165.869225,508.43547
26.9,1.012263,0.880548,165.86922,508.43544
26.91,1.012263,0.880548,165.869216,508.435411
26.92,1.012263,0.880548,165.869211,508.435381
26.93,1.012263,0.880548,165.869206,508.435352
26.94,1.012263,0.880548,165.869201,508.435323
26.95,1.012263,0.880548,165.869197,508.435293
26.96,1.012263,0.880548,165.869192,508.435264
26.97,1.012263,0.880548,165.869187,508.435234
26.98,1.012263,0.880547,165.869183,508.435205
26.99,1.012263,0.880547,165.869178,508.435176
27,1.012263,0.880547,165.869174,508.435146
27.01,1.012263,0.880547,165.869169,508.435117
27.02,1.012263,0.880547,165.869164,508.435088
27.03,1.012263,0.880547,165.86916,508.435058
27.04,1.012263,0.880547,165.869155,508.435029
27.05,1.012263,0.880547,165.869151,508.435
27.06,1.012263,0.880547,165.869146,508.434971
27.07,1.012263,0.880547,165.869142,508.434941
27.08,1.012263,0.880547,165.869137,508.434912
27.09,1.012263,0.880547,165.869133,508.434883
27.1,1.012263,0.880547,165.869128,508.434854
27.11,1.012263,0.880547,165.869124,508.434825
27.12,1.012263,0.880547,165.869119,508.434796
27.13,1.012263,0.880547,165.869115,508.434767
27.14,1.012263,0.880547,165.86911,508.434738
27.15,1.012263,0.880547,165.869106,508.43471
27.16,1.012263,0.880547,165.869102,508.434681
27.17,1.012263,0.880547,165.869097,508.434652
27.18,1.012263,0.880546,165.869093,508.434623
27.19,1.012263,0.880546,165.869089,508.434595
27.2,1.012263,0.880546,165.869084,508.434566
27.21,1.012263,0.880546,165.86908,508.434538
27.22,1.012263,0.880546,165.869076,508.434509
27.23,1.012263,0.880546,165.869071,508.434481
27.24,1.012263,0.880546,165.869067,508.434452
27.25,1.012263,0.880546,165.869063,508.434424
27.26,1.012263,0.880546,165.869058,508.434396
27.27,1.012263,0.880546,165.869054,508.434368
27.28,1.012263,0.880546,165.86905,508.434339
27.29,1.012263,0.880546,165.869046,508.434311
27.3,1.012263,0.880546,165.869041,508.434283
27.31,1.012263,0.880546,165.869037,508.434255
27.32,1.012263,0.880546,165.869033,508.434227
27.33,1.012263,0.880546,165.869029,508.434199
27.34,1.012263,0.880546,165.869024,508.434171
27.35,1.012263,0.880546,165.86902,508.434143
27.36,1.012263,0.880546,165.869016,508.434116
27.37,1.012263,0.880546,165.869012,508.434088
27.38,1.012263,0.880546,165.869008,508.43406
27.39,1.012263,0.880545,165.869004,508.434032
27.4,1.012263,0.880545,165.868999,508.434005
27.41,1.012263,0.880545,165.868995,508.433977
27.42,1.012263,0.880545,165.868991,508.433949
27.43,1.012263,0.880545,165.868987,508.433922
27.44,1.012263,0.880545,165.868983,508.433894
27.45,1.012263,0.880545,165.868979,508.433867
27.46,1.012263,0.880545,165.868974,508.433839
27.47,1.012263,0.880545,165.86897,508.433812
27.48,1.012263,0.880545,165.868966,508.433784
27.49,1.012263,0.880545,165.868962,508.433757
27.5,1.012263,0.880545,165.868958,508.43373
27.51,1.012263,0.880545,165.868954,508.433702
27.52,1.012263,0.880545,165.86895,508.433675
27.53,1.012263,0.880545,165.868945,508.433647
27.54,1.012263,0.880545,165.868941,508.43362
27.55,1.012263,0.880545,165.868937,508.433593
27.56,1.012263,0.880545,165.868933,508.433565
27.57,1.012263,0.880545,165.868929,508.433538
27.58,1.012263,0.880545,165.868925,508.433511
27.59,1.012263,0.880545,165.868921,508.433483
27.6,1.012263,0.880544,165.868917,508.433456
27.61,1.012263,0.880544,165.868913,508.433429
27.62,1.012263,0.880544,165.868909,508.433402
27.63,1.012263,0.880544,165.868904,508.433374
27.64,1.012263,0.880544,165.8689,508.433347
27.65,1.012263,0.880544,165.868896,508.43332
27.66,1.012263,0.880544,165.868892,508.433292
27.67,1.012263,0.880544,165.868888,508.433265
27.68,1.012263,0.880544,165.868884,508.433238
27.69,1.012263,0.880544,165.86888,508.43321
27.7,1.012263,0.880544,165.868876,508.433183
27.71,1.012263,0.880544,165.868872,508.433156
27.72,1.012263,0.880544,165.868868,508.433129
27.73,1.012263,0.880544,165.868864,508.433101
27.74,1.012263,0.880544,165.868859,508.433074
27.75,1.012263,0.880544,165.868855,508.433047
27.76,1.012263,0.880544,165.868851,508.433019
27.77,1.012263,0.880544,165.868847,508.432992
27.78,1.012263,0.880544,165.868843,508.432965
27.79,1.012263,0.880544,165.868839,508.432937
27.8,1.012263,0.880544,165.868835,508.43291
27.81,1.012263,0.880544,165.868831,508.432883
27.82,1.012263,0.880543,165.868827,508.432855
27.83,1.012263,0.880543,165.868823,508.432828
27.84,1.012263,0.880543,165.868819,508.4328
27.85,1.012263,0.880543,165.868815,508.432773
27.86,1.012263,0.880543,165.868811,508.432746
27.87,1.012263,0.880543,165.868807,508.432718
27.88,1.012263,0.880543,165.868803,508.432691
27.89,1.012263,0.880543,165.868799,508.432663
27.9,1.012263,0.880543,165.868795,508.432636
27.91,1.012263,0.880543,165.86879,508.432609
27.92,1.012263,0.880543,165.868786,508.432581
27.93,1.012263,0.880543,165.868782,508.432554
27.94,1.012263,0.880543,165.868778,508.432526
27.95,1.012263,0.880543,165.868774,508.432499
27.96,1.012263,0.880543,165.86877,508.432472
27.97,1.012263,0.880543,165.868766,508.432444
27.98,1.012263,0.880543,165.868762,508.432417
27.99,1.012263,0.880543,165.868758,508.432389
28,1.012263,0.880543,165.868754,508.432362
28.01,1.012263,0.880543,165.86875,508.432334
28.02,1.012263,0.880543,165.868746,508.432307
28.03,1.012263,0.880542,165.868742,508.43228
28.04,1.012263,0.880542,165.868738,508.432252
28.05,1.012263,0.880542,165.868734,508.432225
28.06,1.012263,0.880542,165.86873,508.432197
28.07,1.012263,0.880542,165.868726,508.43217
28.08,1.012263,0.880542,165.868722,508.432142
28.09,1.012263,0.880542,165.868717,508.432115
28.1,1.012263,0.880542,165.868713,508.432087
28.11,1.012263,0.880542,165.868709,508.43206
28.12,1.012263,0.880542,165.868705,508.432032
28.13,1.012263,0.880542,165.868701,508.432005
28.14,1.012263,0.880542,165.868697,508.431977
28.15,1.012263,0.880542,165.868693,508.43195
28.16,1.012263,0.880542,165.868689,508.431922
28.17,1.012263,0.880542,165.868685,508.431895
28.18,1.012263,0.880542,165.86868,508.431867
28.19,1.012263,0.880542,165.868676,508.431839
28.2,1.012263,0.880542,165.868672,508.431812
28.21,1.012263,0.880542,165.868668,508.431784
28.22,1.012263,0.880542,165.868664,508.431757
28.23,1.012263,0.880542,165.86866,508.431729
28.24,1.012263,0.880541,165.868656,508.431701
28.25,1.012263,0.880541,165.868651,508.431674
28.26,1.012263,0.880541,165.868647,508.431646
28.27,1.012263,0.880541,165.868643,508.431618
28.28,1.012263,0.880541,165.868639,508.431591
28.29,1.012263,0.880541,165.868635,508.431563
28.3,1.012263,0.880541,165.86863,508.431535
28.31,1.012263,0.880541,165.868626,508.431507
28.32,1.012263,0.880541,165.868622,508.43148
28.33,1.012263,0.880541,165.868618,508.431452
28.34,1.012263,0.880541,165.868613,508.431424
28.35,1.012263,0.880541,165.868609,508.431396
28.36,1.012263,0.880541,165.868605,508.431368
28.37,1.012263,0.880541,165.868601,508.431341
28.38,1.012263,0.880541,165.868596,508.431313
28.39,1.012263,0.880541,165.868592,508.431285
28.4,1.012263,0.880541,165.868588,508.431257
28.41,1.012263,0.880541,165.868583,508.431229
28.42,1.012263,0.880541,165.868579,508.431201
28.43,1.012263,0.880541,165.868575,508.431173
28.44,1.012263,0.880541,165.868571,508.431145
28.45,1.012263,0.88054,165.868566,508.431117
28.46,1.012263,0.88054,165.868562,508.431089
28.47,1.012263,0.88054,165.868558,508.431061
28.48,1.012263,0.88054,165.868553,508.431033
28.49,1.012263,0.88054,165.868549,508.431005
28.5,1.012263,0.88054,165.868545,508.430977
28.51,1.012263,0.88054,165.86854,508.430949
28.52,1.012263,0.88054,165.868536,508.430921
28.53,1.012263,0.88054,165.868531,508.430893
28.54,1.012263,0.88054,165.868527,508.430865
28.55,1.012263,0.88054,165.868523,508.430837
28.56,1.012263,0.88054,165.868518,508.430809
28.57,1.012263,0.88054,165.868514,508.43078
28.58,1.012263,0.88054,165.86851,508.430752
28.59,1.012263,0.88054,165.868505,508.430724
28.6,1.012263,0.88054,165.868501,508.430696
28.61,1.012263,0.88054,165.868496,508.430668
28.62,1.012263,0.88054,165.868492,508.43064
28.63,1.012263,0.88054,165.868488,508.430612
28.64,1.012263,0.88054,165.868483,508.430584
28.65,1.012263,0.88054,165.868479,508.430556
28.66,1.012263,0.880539,165.868474,508.430528
28.67,1.012263,0.880539,165.86847,508.4305
28.68,1.012263,0.880539,165.868466,508.430471
28.69,1.012263,0.880539,165.868461,508.430443
28.7,1.012263,0.880539,165.868457,508.430415
28.71,1.012263,0.880539,165.868452,508.430387
28.72,1.012263,0.880539,165.868448,508.430359
28.73,1.012263,0.880539,165.868444,508.430331
28.74,1.012263,0.880539,165.868439,508.430303
28.75,1.012263,0.880539,165.868435,508.430276
28.76,1.012263,0.880539,165.86843,508.430248
28.77,1.012263,0.880539,165.868426,508.43022
28.78,1.012263,0.880539,165.868422,508.430192
28.79,1.012263,0.880539,165.868417,508.430164
28.8,1.012263,0.880539,165.868413,508.430136
28.81,1.012263,0.880539,165.868408,508.430108
28.82,1.012263,0.880539,165.868404,508.430081
28.83,1.012263,0.880539,165.8684,508.430053
28.84,1.012263,0.880539,165.868395,508.430025
28.85,1.012263,0.880539,165.868391,508.429998
28.86,1.012263,0.880539,165.868387,508.42997
28.87,1.012263,0.880538,165.868382,508.429942
28.88,1.012263,0.880538,165.868378,508.429915
28.89,1.012263,0.880538,165.868373,508.429887
28.9,1.012263,0.880538,165.868369,508.42986
28.91,1.012263,0.880538,165.868365,508.429832
28.92,1.012263,0.880538,165.86836,508.429805
28.93,1.012263,0.880538,165.868356,508.429778
28.94,1.012263,0.880538,165.868351,508.42975
28.95,1.012263,0.880538,165.868347,508.429723
28.96,1.012263,0.880538,165.868343,508.429696
28.97,1.012263,0.880538,165.868338,508.429668
28.98,1.012263,0.880538,165.868334,508.429641
28.99,1.012263,0.880538,165.868329,508.429614
29,1.012263,0.880538,165.868325,508.429587
29.01,1.012263,0.880538,165.868321,508.42956
29.02,1.012263,0.880538,165.868316,508.429533
29.03,1.012263,0.880538,165.868312,508.429506
29.04,1.012263,0.880538,165.868307,508.429479
29.05,1.012263,0.880538,165.868303,508.429452
29.06,1.012263,0.880538,165.868299,508.429425
29.07,1.012263,0.880538,165.868294,508.429398
29.08,1.012263,0.880537,165.86829,508.429371
29.09,1.012263,0.880537,165.868285,508.429344
29.1,1.012263,0.880537,165.868281,508.429317
29.11,1.012263,0.880537,165.868277,508.429291
29.12,1.012264,0.880537,165.868272,508.429264
29.13,1.012264,0.880537,165.868268,508.429237
29.14,1.012264,0.880537,165.868263,508.42921
29.15,1.012264,0.880537,165.868259,508.429184
29.16,1.012264,0.880537,165.868254,508.429157
29.17,1.012264,0.880537,165.86825,508.42913
29.18,1.012264,0.880537,165.868245,508.429104
29.19,1.012264,0.880537,165.868241,508.429077
29.2,1.012264,0.880537,165.868236,508.42905
29.21,1.012264,0.880537,165.868232,508.429024
29.22,1.012264,0.880537,165.868227,508.428997
29.23,1.012264,0.880537,165.868223,508.42897
29.24,1.012264,0.880537,165.868218,508.428944
29.25,1.012264,0.880537,165.868214,508.428917
29.26,1.012264,0.880537,165.868209,508.428891
29.27,1.012264,0.880537,165.868205,508.428864
29.28,1.012264,0.880537,165.8682,508.428837
29.29,1.012264,0.880537,165.868196,508.428811
29.3,1.012264,0.880536,165.868191,508.428784
29.31,1.012264,0.880536,165.868187,508.428758
29.32,1.012264,0.880536,165.868182,508.428731
29.33,1.012264,0.880536,165.868177,508.428705
29.34,1.012264,0.880536,165.868173,508.428678
29.35,1.012264,0.880536,165.868168,508.428651
29.36,1.012264,0.880536,165.868164,508.428625
29.37,1.012264,0.880536,165.868159,508.428598
29.38,1.012264,0.880536,165.868154,508.428572
29.39,1.012264,0.880536,165.86815,508.428545
29.4,1.012264,0.880536,165.868145,508.428518
29.41,1.012264,0.880536,165.868141,508.428492
29.42,1.012264,0.880536,165.868136,508.428465
29.43,1.012264,0.880536,165.868131,508.428438
29.44,1.012264,0.880536,165.868127,508.428412
29.45,1.012264,0.880536,165.868122,508.428385
29.46,1.012264,0.880536,165.868117,508.428358
29.47,1.012264,0.880536,165.868113,508.428332
29.48,1.012264,0.880536,165.868108,508.428305
29.49,1.012264,0.880536,165.868103,508.428278
29.5,1.012264,0.880536,165.868098,508.428251
29.51,1.012264,0.880536,165.868094,508.428225
29.52,1.012264,0.880535,165.868089,508.428198
29.53,1.012264,0.880535,165.868084,508.428171
29.54,1.012264,0.880535,165.86808,508.428144
29.55,1.012264,0.880535,165.868075,508.428117
29.56,1.012264,0.880535,165.86807,508.428091
29.57,1.012264,0.880535,165.868065,508.428064
29.58,1.012264,0.880535,165.868061,508.428037
29.59,1.012264,0.880535,165.868056,508.42801
29.6,1.012264,0.880535,165.868051,508.427983
29.61,1.012264,0.880535,165.868046,508.427956
29.62,1.012264,0.880535,165.868041,508.427929
29.63,1.012264,0.880535,165.868037,508.427903
29.64,1.012264,0.880535,165.868032,508.427876
29.65,1.012264,0.880535,165.868027,508.427849
29.66,1.012264,0.880535,165.868022,508.427822
29.67,1.012264,0.880535,165.868017,508.427795
29.68,1.012264,0.880535,165.868013,508.427768
29.69,1.012264,0.880535,165.868008,508.427741
29.7,1.012264,0.880535,165.868003,508.427714
29.71,1.012264,0.880535,165.867998,508.427687
29.72,1.012264,0.880535,165.867993,508.42766
29.73,1.012264,0.880534,165.867988,508.427633
29.74,1.012264,0.880534,165.867984,508.427606
29.75,1.012264,0.880534,165.867979,508.427579
29.76,1.012264,0.880534,165.867974,508.427552
29.77,1.012264,0.880534,165.867969,508.427525
29.78,1.012264,0.880534,165.867964,508.427498
29.79,1.012264,0.880534,165.867959,508.427471
29.8,1.012264,0.880534,165.867954,508.427444
29.81,1.012264,0.880534,165.867949,508.427417
29.82,1.012264,0.880534,165.867944,508.42739
29.83,1.012264,0.880534,165.86794,508.427363
29.84,1.012264,0.880534,165.867935,508.427336
29.85,1.012264,0.880534,165.86793,508.427309
29.86,1.012264,0.880534,165.867925,508.427282
29.87,1.012264,0.880534,165.86792,508.427255
29.88,1.012264,0.880534,165.867915,508.427228
29.89,1.012264,0.880534,165.86791,508.427201
29.9,1.012264,0.880534,165.867905,508.427174
29.91,1.012264,0.880534,165.8679,508.427147
29.92,1.012264,0.880534,165.867895,508.42712
29.93,1.012264,0.880534,165.86789,508.427093
29.94,1.012264,0.880533,165.867885,508.427066
29.95,1.012264,0.880533,165.86788,508.427039
29.96,1.012264,0.880533,165.867875,508.427013
29.97,1.012264,0.880533,165.86787,508.426986
29.98,1.012264,0.880533,165.867865,508.426959
29.99,1.012264,0.880533,165.86786,508.426932
30,1.012264,0.880533,165.867855,508.426905
30.01,1.012264,0.880533,165.86785,508.426878
30.02,1.012264,0.880533,165.867845,508.426851
30.03,1.012264,0.880533,165.86784,508.426824
30.04,1.012264,0.880533,165.867835,508.426797
30.05,1.012264,0.880533,165.86783,508.42677
30.06,1.012264,0.880533,165.867825,508.426743
30.07,1.012264,0.880533,165.86782,508.426716
30.08,1.012264,0.880533,165.867815,508.426689
30.09,1.012264,0.880533,165.86781,508.426663
30.1,1.012264,0.880533,165.867805,508.426636
30.11,1.012264,0.880533,165.8678,508.426609
30.12,1.012264,0.880533,165.867795,508.426582
30.13,1.012264,0.880533,165.86779,508.426555
30.14,1.012264,0.880533,165.867785,508.426528
30.15,1.012264,0.880533,165.86778,508.426501
30.16,1.012264,0.880532,165.867775,508.426474
30.17,1.012264,0.880532,165.86777,508.426448
30.18,1.012264,0.880532,165.867765,508.426421
30.19,1.012264,0.880532,165.86776,508.426394
30.2,1.012264,0.880532,165.867754,508.426367
30.21,1.012264,0.880532,165.867749,508.42634
30.22,1.012264,0.880532,165.867744,508.426313
30.23,1.012264,0.880532,165.867739,508.426286
30.24,1.012264,0.880532,165.867734,508.42626
30.25,1.012264,0.880532,165.867729,508.426233
30.26,1.012264,0.880532,165.867724,508.426206
30.27,1.012264,0.880532,165.867719,508.426179
30.28,1.012264,0.880532,165.867714,508.426152
30.29,1.012264,0.880532,165.867708,508.426126
30.3,1.012264,0.880532,165.867703,508.426099
30.31,1.012264,0.880532,165.867698,508.426072
30.32,1.012264,0.880532,165.867693,508.426045
30.33,1.012264,0.880532,165.867688,508.426019
30.34,1.012264,0.880532,165.867683,508.425992
30.35,1.012264,0.880532,165.867678,508.425965
30.36,1.012264,0.880532,165.867673,508.425938
30.37,1.012264,0.880531,165.867667,508.425912
30.38,1.012264,0.880531,165.867662,508.425885
30.39,1.012264,0.880531,165.867657,508.425858
30.4,1.012264,0.880531,165.867652,508.425832
30.41,1.012264,0.880531,165.867647,508.425805
30.42,1.012264,0.880531,165.867642,508.425778
30.43,1.012264,0.880531,165.867637,508.425752
30.44,1.012264,0.880531,165.867631,508.425725
30.45,1.012264,0.880531,165.867626,508.425698
30.46,1.012264,0.880531,165.867621,508.425672
30.47,1.012264,0.880531,165.867616,508.425645
30.48,1.012264,0.880531,165.867611,508.425618
30.49,1.012264,0.880531,165.867606,508.425592
30.5,1.012264,0.880531,165.867601,508.425565
30.51,1.012264,0.880531,165.867595,508.425539
30.52,1.012264,0.880531,165.86759,508.425512
30.53,1.012264,0.880531,165.867585,508.425486
30.54,1.012264,0.880531,165.86758,508.425459
30.55,1.012264,0.880531,165.867575,508.425433
30.56,1.012264,0.880531,165.86757,508.425406
30.57,1.012264,0.880531,165.867565,508.42538
30.58,1.012264,0.880531,165.86756,508.425353
30.59,1.012264,0.88053,165.867554,508.425327
30.6,1.012264,0.88053,165.867549,508.425301
30.61,1.012264,0.88053,165.867544,508.425274
30.62,1.012264,0.88053,165.867539,508.425248
30.63,1.012264,0.88053,165.867534,508.425222
30.64,1.012264,0.88053,165.867529,508.425195
30.65,1.012264,0.88053,165.867524,508.425169
30.66,1.012264,0.88053,165.867519,508.425143
30.67,1.012264,0.88053,165.867513,508.425116
30.68,1.012264,0.88053,165.867508,508.42509
30.69,1.012264,0.88053,165.867503,508.425064
30.7,1.012264,0.88053,165.867498,508.425038
30.71,1.012264,0.88053,165.867493,508.425012
30.72,1.012264,0.88053,165.867488,508.424985
30.73,1.012264,0.88053,165.867483,508.424959
30.74,1.012264,0.88053,165.867478,508.424933
30.75,1.012264,0.88053,165.867472,508.424907
30.76,1.012264,0.88053,165.867467,508.424881
30.77,1.012264,0.88053,165.867462,508.424855
30.78,1.012264,0.88053,165.867457,508.424829
30.79,1.012264,0.88053,165.867452,508.424803
30.8,1.012264,0.88053,165.867447,508.424777
30.81,1.012264,0.880529,165.867442,508.424751
30.82,1.012264,0.880529,165.867437,508.424725
30.83,1.012264,0.880529,165.867432,508.424699
30.84,1.012264,0.880529,165.867426,508.424673
30.85,1.012264,0.880529,165.867421,508.424647
30.86,1.012264,0.880529,165.867416,508.424621
30.87,1.012264,0.880529,165.867411,508.424595
30.88,1.012264,0.880529,165.867406,508.424569
30.89,1.012264,0.880529,165.867401,508.424543
30.9,1.012264,0.880529,165.867396,508.424517
30.91,1.012264,0.880529,165.867391,508.424491
30.92,1.012264,0.880529,165.867385,508.424465
30.93,1.012264,0.880529,165.86738,508.424439
30.94,1.012264,0.880529,165.867375,508.424414
30.95,1.012264,0.880529,165.86737,508.424388
30.96,1.012264,0.880529,165.867365,508.424362
30.97,1.012264,0.880529,165.86736,508.424336
30.98,1.012264,0.880529,165.867355,508.42431
30.99,1.012264,0.880529,165.86735,508.424284
31,1.012264,0.880529,165.867344,508.424258
31.01,1.012264,0.880529,165.867339,508.424233
31.02,1.012264,0.880529,165.867334,508.424207
31.03,1.012264,0.880528,165.867329,508.424181
31.04,1.012264,0.880528,165.867324,508.424155
31.05,1.012264,0.880528,165.867319,508.424129
31.06,1.012264,0.880528,165.867314,508.424103
31.07,1.012264,0.880528,165.867308,508.424077
31.08,1.012264,0.880528,165.867303,508.424051
31.09,1.012264,0.880528,165.867298,508.424026
31.1,1.012264,0.880528,165.867293,508.424
31.11,1.012264,0.880528,165.867288,508.423974
31.12,1.012264,0.880528,165.867283,508.423948
31.13,1.012264,0.880528,165.867277,508.423922
31.14,1.012264,0.880528,165.867272,508.423896
31.15,1.012264,0.880528,165.867267,508.42387
31.16,1.012264,0.880528,165.867262,508.423844
31.17,1.012264,0.880528,165.867257,508.423818
31.18,1.012264,0.880528,165.867252,508.423792
31.19,1.012264,0.880528,165.867247,508.423766
31.2,1.012264,0.880528,165.867241,508.42374
31.21,1.012264,0.880528,165.867236,508.423714
31.22,1.012264,0.880528,165.867231,508.423688
31.23,1.012264,0.880528,165.867226,508.423662
31.24,1.012264,0.880528,165.867221,508.423636
31.25,1.012264,0.880528,165.867216,508.42361
31.26,1.012264,0.880527,165.86721,508.423584
31.27,1.012264,0.880527,165.867205,508.423558
31.28,1.012264,0.880527,165.8672,508.423532
31.29,1.012264,0.880527,165.867195,508.423506
31.3,1.012264,0.880527,165.86719,508.42348
31.31,1.012264,0.880527,165.867185,508.423454
31.32,1.012264,0.880527,165.867179,508.423428
31.33,1.012264,0.880527,165.867174,508.423402
31.34,1.012264,0.880527,165.867169,508.423376
31.35,1.012264,0.880527,165.867164,508.42335
31.36,1.012264,0.880527,165.867159,508.423324
31.37,1.012264,0.880527,165.867154,508.423298
31.38,1.012264,0.880527,165.867148,508.423272
31.39,1.012264,0.880527,165.867143,508.423246
31.4,1.012264,0.880527,165.867138,508.42322
31.41,1.012264,0.880527,165.867133,508.423193
31.42,1.012264,0.880527,165.867128,508.423167
31.43,1.012264,0.880527,165.867123,508.423141
31.44,1.012264,0.880527,165.867117,508.423115
31.45,1.012264,0.880527,165.867112,508.423089
31.46,1.012264,0.880527,165.867107,508.423063
31.47,1.012264,0.880527,165.867102,508.423037
31.48,1.012264,0.880526,165.867097,508.423011
31.49,1.012264,0.880526,165.867092,508.422985
31.5,1.012264,0.880526,165.867087,508.422958
31.51,1.012264,0.880526,165.867082,508.422932
31.52,1.012264,0.880526,165.867076,508.422906
31.53,1.012264,0.880526,165.867071,508.42288
31.54,1.012264,0.880526,165.867066,508.422854
31.55,1.012264,0.880526,165.867061,508.422828
31.56,1.012264,0.880526,165.867056,508.422802
31.57,1.012264,0.880526,165.867051,508.422776
31.58,1.012264,0.880526,165.867046,508.42275
31.59,1.012264,0.880526,165.867041,508.422724
31.6,1.012264,0.880526,165.867036,508.422698
31.61,1.012264,0.880526,165.86703,508.422672
31.62,1.012264,0.880526,165.867025,508.422646
31.63,1.012264,0.880526,165.86702,508.42262
31.64,1.012264,0.880526,165.867015,508.422593
31.65,1.012264,0.880526,165.86701,508.422567
31.66,1.012264,0.880526,165.867005,508.422541
31.67,1.012264,0.880526,165.867,508.422515
31.68,1.012264,0.880526,165.866995,508.422489
31.69,1.012264,0.880526,165.86699,508.422464
31.7,1.012264,0.880525,165.866985,508.422438
31.71,1.012264,0.880525,165.86698,508.422412
31.72,1.012264,0.880525,165.866975,508.422386
31.73,1.012264,0.880525,165.86697,508.42236
31.74,1.012264,0.880525,165.866965,508.422334
31.75,1.012264,0.880525,165.86696,508.422308
31.76,1.012264,0.880525,165.866955,508.422282
31.77,1.012264,0.880525,165.86695,508.422256
31.78,1.012264,0.880525,165.866945,508.42223
31.79,1.012264,0.880525,165.86694,508.422204
31.8,1.012264,0.880525,165.866935,508.422179
31.81,1.012264,0.880525,165.86693,508.422153
31.82,1.012264,0.880525,165.866925,508.422127
31.83,1.012264,0.880525,165.86692,508.422101
31.84,1.012264,0.880525,165.866915,508.422075
31.85,1.012264,0.880525,165.86691,508.422049
31.86,1.012264,0.880525,165.866905,508.422024
31.87,1.012264,0.880525,165.8669,508.421998
31.88,1.012264,0.880525,165.866895,508.421972
31.89,1.012264,0.880525,165.86689,508.421946
31.9,1.012264,0.880525,165.866885,508.421921
31.91,1.012264,0.880525,165.86688,508.421895
31.92,1.012264,0.880524,165.866875,508.421869
31.93,1.012264,0.880524,165.86687,508.421844
31.94,1.012264,0.880524,165.866865,508.421818
31.95,1.012264,0.880524,165.86686,508.421792
31.96,1.012264,0.880524,165.866855,508.421767
31.97,1.012264,0.880524,165.86685,508.421741
31.98,1.012264,0.880524,165.866845,508.421715
31.99,1.012264,0.880524,165.86684,508.42169
32,1.012264,0.880524,165.866835,508.421664
32.01,1.012264,0.880524,165.86683,508.421638
32.02,1.012264,0.880524,165.866826,508.421613
32.03,1.012264,0.880524,165.866821,508.421587
32.04,1.012264,0.880524,165.866816,508.421562
32.05,1.012264,0.880524,165.866811,508.421536
32.06,1.012264,0.880524,165.866806,508.42151
32.07,1.012264,0.880524,165.866801,508.421485
32.08,1.012264,0.880524,165.866796,508.421459
32.09,1.012264,0.880524,165.866791,508.421434
32.1,1.012264,0.880524,165.866786,508.421408
32.11,1.012264,0.880524,165.866782,508.421383
32.12,1.012264,0.880524,165.866777,508.421357
32.13,1.012264,0.880524,165.866772,508.421332
32.14,1.012264,0.880524,165.866767,508.421306
32.15,1.012264,0.880523,165.866762,508.421281
32.16,1.012264,0.880523,165.866757,508.421255
32.17,1.012264,0.880523,165.866753,508.42123
32.18,1.012264,0.880523,165.866748,508.421204
32.19,1.012264,0.880523,165.866743,508.421179
32.2,1.012264,0.880523,165.866738,508.421153
32.21,1.012264,0.880523,165.866733,508.421128
32.22,1.012264,0.880523,165.866728,508.421102
32.23,1.012264,0.880523,165.866724,508.421077
32.24,1.012264,0.880523,165.866719,508.421051
32.25,1.012264,0.880523,165.866714,508.421026
32.26,1.012264,0.880523,165.866709,508.421001
32.27,1.012264,0.880523,165.866705,508.420975
32.28,1.012264,0.880523,165.8667,508.42095
32.29,1.012264,0.880523,165.866695,508.420924
32.3,1.012264,0.880523,165.86669,508.420899
32.31,1.012264,0.880523,165.866686,508.420874
32.32,1.012264,0.880523,165.866681,508.420848
32.33,1.012264,0.880523,165.866676,508.420823
32.34,1.012264,0.880523,165.866671,508.420797
32.35,1.012264,0.880523,165.866667,508.420772
32.36,1.012264,0.880523,165.866662,508.420747
32.37,1.012264,0.880523,165.866657,508.420721
32.38,1.012264,0.880522,165.866653,508.420696
32.39,1.012264,0.880522,165.866648,508.420671
32.4,1.012264,0.880522,165.866643,508.420646
32.41,1.012264,0.880522,165.866639,508.42062
32.42,1.012264,0.880522,165.866634,508.420595
32.43,1.012264,0.880522,165.866629,508.42057
32.44,1.012264,0.880522,165.866625,508.420544
32.45,1.012264,0.880522,165.86662,508.420519
32.46,1.012264,0.880522,165.866615,508.420494
32.47,1.012264,0.880522,165.866611,508.420469
32.48,1.012264,0.880522,165.866606,508.420443
32.49,1.012264,0.880522,165.866601,508.420418
32.5,1.012264,0.880522,165.866597,508.420393
32.51,1.012264,0.880522,165.866592,508.420368
32.52,1.012264,0.880522,165.866588,508.420343
32.53,1.012264,0.880522,165.866583,508.420317
32.54,1.012264,0.880522,165.866578,508.420292
32.55,1.012264,0.880522,165.866574,508.420267
32.56,1.012264,0.880522,165.866569,508.420242
32.57,1.012264,0.880522,165.866565,508.420217
32.58,1.012264,0.880522,165.86656,508.420191
32.59,1.012264,0.880522,165.866556,508.420166
32.6,1.012264,0.880522,165.866551,508.420141
32.61,1.012264,0.880521,165.866546,508.420116
32.62,1.012264,0.880521,165.866542,508.420091
32.63,1.012264,0.880521,165.866537,508.420066
32.64,1.012264,0.880521,165.866533,508.420041
32.65,1.012264,0.880521,165.866528,508.420015
32.66,1.012264,0.880521,165.866524,508.41999
32.67,1.012264,0.880521,165.866519,508.419965
32.68,1.012264,0.880521,165.866515,508.41994
32.69,1.012264,0.880521,165.86651,508.419915
32.7,1.012264,0.880521,165.866506,508.41989
32.71,1.012264,0.880521,165.866501,508.419865
32.72,1.012264,0.880521,165.866497,508.41984
32.73,1.012264,0.880521,165.866492,508.419815
32.74,1.012264,0.880521,165.866488,508.419789
32.75,1.012264,0.880521,165.866483,508.419764
32.76,1.012264,0.880521,165.866479,508.419739
32.77,1.012264,0.880521,165.866474,508.419714
32.78,1.012264,0.880521,165.86647,508.419689
32.79,1.012264,0.880521,165.866466,508.419664
32.8,1.012264,0.880521,165.866461,508.419639
32.81,1.012264,0.880521,165.866457,508.419614
32.82,1.012264,0.880521,165.866452,508.419589
32.83,1.012264,0.880521,165.866448,508.419564
32.84,1.012264,0.88052,165.866443,508.419538
32.85,1.012264,0.88052,165.866439,508.419513
32.86,1.012264,0.88052,165.866434,508.419488
32.87,1.012264,0.88052,165.86643,508.419463
32.88,1.012264,0.88052,165.866426,508.419438
32.89,1.012264,0.88052,165.866421,508.419413
32.9,1.012264,0.88052,165.866417,508.419388
32.91,1.012264,0.88052,165.866412,508.419363
32.92,1.012264,0.88052,165.866408,508.419338
32.93,1.012264,0.88052,165.866404,508.419312
32.94,1.012264,0.88052,165.866399,508.419287
32.95,1.012264,0.88052,165.866395,508.419262
32.96,1.012264,0.88052,165.866391,508.419237
32.97,1.012264,0.88052,165.866386,508.419212
32.98,1.012264,0.88052,165.866382,508.419187
32.99,1.012264,0.88052,165.866377,508.419162
33,1.012264,0.88052,165.866373,508.419137
33.01,1.012264,0.88052,165.866369,508.419112
33.02,1.012264,0.88052,165.866364,508.419086
33.03,1.012264,0.88052,165.86636,508.419061
33.04,1.012264,0.88052,165.866356,508.419036
33.05,1.012264,0.88052,165.866351,508.419011
33.06,1.012264,0.88052,165.866347,508.418986
33.07,1.012264,0.880519,165.866343,508.418961
33.08,1.012264,0.880519,165.866339,508.418936
33.09,1.012264,0.880519,165.866334,508.418911
33.1,1.012264,0.880519,165.86633,508.418885
33.11,1.012264,0.880519,165.866326,508.41886
33.12,1.012264,0.880519,165.866321,508.418835
33.13,1.012264,0.880519,165.866317,508.41881
33.14,1.012264,0.880519,165.866313,508.418785
33.15,1.012264,0.880519,165.866309,508.41876
33.16,1.012264,0.880519,165.866304,508.418735
33.17,1.012264,0.880519,165.8663,508.41871
33.18,1.012264,0.880519,165.866296,508.418684
33.19,1.012264,0.880519,165.866292,508.418659
33.2,1.012264,0.880519,165.866287,508.418634
33.21,1.012264,0.880519,165.866283,508.418609
33.22,1.012264,0.880519,165.866279,508.418584
33.23,1.012264,0.880519,165.866275,508.418559
33.24,1.012264,0.880519,165.866271,508.418534
33.25,1.012264,0.880519,165.866266,508.418509
33.26,1.012264,0.880519,165.866262,508.418484
33.27,1.012264,0.880519,165.866258,508.418459
33.28,1.012264,0.880519,165.866254,508.418434
33.29,1.012264,0.880519,165.86625,508.418408
33.3,1.012264,0.880519,165.866246,508.418383
33.31,1.012264,0.880518,165.866241,508.418358
33.32,1.012264,0.880518,165.866237,508.418333
33.33,1.012264,0.880518,165.866233,508.418308
33.34,1.012264,0.880518,165.866229,508.418283
33.35,1.012264,0.880518,165.866225,508.418258
33.36,1.012264,0.880518,165.866221,508.418233
33.37,1.012264,0.880518,165.866217,508.418208
33.38,1.012264,0.880518,165.866213,508.418183
33.39,1.012264,0.880518,165.866208,508.418158
33.4,1.012264,0.880518,165.866204,508.418133
33.41,1.012264,0.880518,165.8662,508.418108
33.42,1.012264,0.880518,165.866196,508.418084
33.43,1.012264,0.880518,165.866192,508.418059
33.44,1.012264,0.880518,165.866188,508.418034
33.45,1.012264,0.880518,165.866184,508.418009
33.46,1.012264,0.880518,165.86618,508.417984
33.47,1.012264,0.880518,165.866176,508.417959
33.48,1.012264,0.880518,165.866172,508.417934
33.49,1.012264,0.880518,165.866168,508.417909
33.5,1.012264,0.880518,165.866164,508.417884
33.51,1.012264,0.880518,165.86616,508.41786
33.52,1.012264,0.880518,165.866156,508.417835
33.53,1.012264,0.880518,165.866152,508.41781
33.54,1.012264,0.880517,165.866148,508.417785
33.55,1.012264,0.880517,165.866144,508.41776
33.56,1.012264,0.880517,165.86614,508.417736
33.57,1.012264,0.880517,165.866136,508.417711
33.58,1.012264,0.880517,165.866132,508.417686
33.59,1.012264,0.880517,165.866128,508.417661
33.6,1.012264,0.880517,165.866124,508.417637
33.61,1.012264,0.880517,165.86612,508.417612
33.62,1.012264,0.880517,165.866116,508.417587
33.63,1.012264,0.880517,165.866112,508.417563
33.64,1.012264,0.880517,165.866108,508.417538
33.65,1.012264,0.880517,165.866104,508.417513
33.66,1.012264,0.880517,165.866101,508.417488
33.67,1.012264,0.880517,165.866097,508.417464
33.68,1.012264,0.880517,165.866093,508.417439
33.69,1.012264,0.880517,165.866089,508.417415
33.7,1.012264,0.880517,165.866085,508.41739
33.71,1.012264,0.880517,165.866081,508.417365
33.72,1.012264,0.880517,165.866077,508.417341
33.73,1.012264,0.880517,165.866073,508.417316
33.74,1.012264,0.880517,165.86607,508.417291
33.75,1.012264,0.880517,165.866066,508.417267
33.76,1.012264,0.880517,165.866062,508.417242
33.77,1.012264,0.880517,165.866058,508.417218
33.78,1.012264,0.880516,165.866054,508.417193
33.79,1.012264,0.880516,165.86605,508.417169
33.8,1.012264,0.880516,165.866046,508.417144
33.81,1.012264,0.880516,165.866043,508.41712
33.82,1.012264,0.880516,165.866039,508.417095
33.83,1.012264,0.880516,165.866035,508.417071
33.84,1.012264,0.880516,165.866031,508.417046
33.85,1.012264,0.880516,165.866027,508.417021
33.86,1.012264,0.880516,165.866024,508.416997
33.87,1.012264,0.880516,165.86602,508.416972
33.88,1.012264,0.880516,165.866016,508.416948
33.89,1.012264,0.880516,165.866012,508.416923
33.9,1.012264,0.880516,165.866009,508.416899
33.91,1.012264,0.880516,165.866005,508.416875
33.92,1.012264,0.880516,165.866001,508.41685
33.93,1.012264,0.880516,165.865997,508.416826
33.94,1.012264,0.880516,165.865993,508.416801
33.95,1.012264,0.880516,165.86599,508.416777
33.96,1.012264,0.880516,165.865986,508.416752
33.97,1.012264,0.880516,165.865982,508.416728
33.98,1.012264,0.880516,165.865978,508.416703
33.99,1.012264,0.880516,165.865975,508.416679
34,1.012264,0.880516,165.865971,508.416654
34.01,1.012264,0.880516,165.865967,508.41663
34.02,1.012264,0.880515,165.865964,508.416606
34.03,1.012264,0.880515,165.86596,508.416581
34.04,1.012264,0.880515,165.865956,508.416557
34.05,1.012264,0.880515,165.865953,508.416532
34.06,1.012264,0.880515,165.865949,508.416508
34.07,1.012264,0.880515,165.865945,508.416483
34.08,1.012264,0.880515,165.865941,508.416459
34.09,1.012264,0.880515,165.865938,508.416435
34.1,1.012264,0.880515,165.865934,508.41641
34.11,1.012264,0.880515,165.86593,508.416386
34.12,1.012264,0.880515,165.865927,508.416361
34.13,1.012264,0.880515,165.865923,508.416337
34.14,1.012264,0.880515,165.865919,508.416313
34.15,1.012264,0.880515,165.865916,508.416288
34.16,1.012264,0.880515,165.865912,508.416264
34.17,1.012264,0.880515,165.865909,508.41624
34.18,1.012264,0.880515,165.865905,508.416215
34.19,1.012264,0.880515,165.865901,508.416191
34.2,1.012264,0.880515,165.865898,508.416166
34.21,1.012264,0.880515,165.865894,508.416142
34.22,1.012264,0.880515,165.86589,508.416118
34.23,1.012264,0.880515,165.865887,508.416093
34.24,1.012265,0.880515,165.865883,508.416069
34.25,1.012265,0.880515,165.86588,508.416045
34.26,1.012265,0.880514,165.865876,508.41602
34.27,1.012265,0.880514,165.865872,508.415996
34.28,1.012265,0.880514,165.865869,508.415972
34.29,1.012265,0.880514,165.865865,508.415947
34.3,1.012265,0.880514,165.865862,508.415923
34.31,1.012265,0.880514,165.865858,508.415899
34.32,1.012265,0.880514,165.865855,508.415874
34.33,1.012265,0.880514,165.865851,508.41585
34.34,1.012265,0.880514,165.865847,508.415826
34.35,1.012265,0.880514,165.865844,508.415802
34.36,1.012265,0.880514,165.86584,508.415777
34.37,1.012265,0.880514,165.865837,508.415753
34.38,1.012265,0.880514,165.865833,508.415729
34.39,1.012265,0.880514,165.86583,508.415704
34.4,1.012265,0.880514,165.865826,508.41568
34.41,1.012265,0.880514,165.865823,508.415656
34.42,1.012265,0.880514,165.865819,508.415632
34.43,1.012265,0.880514,165.865816,508.415607
34.44,1.012265,0.880514,165.865812,508.415583
34.45,1.012265,0.880514,165.865808,508.415559
34.46,1.012265,0.880514,165.865805,508.415535
34.47,1.012265,0.880514,165.865801,508.41551
34.48,1.012265,0.880514,165.865798,508.415486
34.49,1.012265,0.880514,165.865794,508.415462
34.5,1.012265,0.880513,165.865791,508.415438
34.51,1.012265,0.880513,165.865787,508.415413
34.52,1.012265,0.880513,165.865784,508.415389
34.53,1.012265,0.880513,165.86578,508.415365
34.54,1.012265,0.880513,165.865777,508.415341
34.55,1.012265,0.880513,165.865773,508.415317
34.56,1.012265,0.880513,165.86577,508.415292
34.57,1.012265,0.880513,165.865766,508.415268
34.58,1.012265,0.880513,165.865763,508.415244
34.59,1.012265,0.880513,165.86576,508.41522
34.6,1.012265,0.880513,165.865756,508.415196
34.61,1.012265,0.880513,165.865753,508.415171
34.62,1.012265,0.880513,165.865749,508.415147
34.63,1.012265,0.880513,165.865746,508.415123
34.64,1.012265,0.880513,165.865742,508.415099
34.65,1.012265,0.880513,165.865739,508.415075
34.66,1.012265,0.880513,165.865735,508.41505
34.67,1.012265,0.880513,165.865732,508.415026
34.68,1.012265,0.880513,165.865728,508.415002
34.69,1.012265,0.880513,165.865725,508.414978
34.7,1.012265,0.880513,165.865722,508.414954
34.71,1.012265,0.880513,165.865718,508.41493
34.72,1.012265,0.880513,165.865715,508.414906
34.73,1.012265,0.880513,165.865711,508.414881
34.74,1.012265,0.880512,165.865708,508.414857
34.75,1.012265,0.880512,165.865704,508.414833
34.76,1.012265,0.880512,165.865701,508.414809
34.77,1.012265,0.880512,165.865697,508.414785
34.78,1.012265,0.880512,165.865694,508.414761
34.79,1.012265,0.880512,165.865691,508.414737
34.8,1.012265,0.880512,165.865687,508.414712
34.81,1.012265,0.880512,165.865684,508.414688
34.82,1.012265,0.880512,165.86568,508.414664
34.83,1.012265,0.880512,165.865677,508.41464
34.84,1.012265,0.880512,165.865674,508.414616
34.85,1.012265,0.880512,165.86567,508.414592
34.86,1.012265,0.880512,165.865667,508.414568
34.87,1.012265,0.880512,165.865663,508.414544
34.88,1.012265,0.880512,165.86566,508.41452
34.89,1.012265,0.880512,165.865657,508.414495
34.9,1.012265,0.880512,165.865653,508.414471
34.91,1.012265,0.880512,165.86565,508.414447
34.92,1.012265,0.880512,165.865646,508.414423
34.93,1.012265,0.880512,165.865643,508.414399
34.94,1.012265,0.880512,165.86564,508.414375
34.95,1.012265,0.880512,165.865636,508.414351
34.96,1.012265,0.880512,165.865633,508.414327
34.97,1.012265,0.880512,165.86563,508.414303
34.98,1.012265,0.880512,165.865626,508.414279
34.99,1.012265,0.880511,165.865623,508.414255
35,1.012265,0.880511,165.86562,508.414231
35.01,1.012265,0.880511,165.865616,508.414207
35.02,1.012265,0.880511,165.865613,508.414183
35.03,1.012265,0.880511,165.86561,508.414159
35.04,1.012265,0.880511,165.865606,508.414135
35.05,1.012265,0.880511,165.865603,508.414111
35.06,1.012265,0.880511,165.865599,508.414087
35.07,1.012265,0.880511,165.865596,508.414063
35.08,1.012265,0.880511,165.865593,508.414039
35.09,1.012265,0.880511,165.865589,508.414015
35.1,1.012265,0.880511,165.865586,508.413991
35.11,1.012265,0.880511,165.865583,508.413967
35.12,1.012265,0.880511,165.86558,508.413943
35.13,1.012265,0.880511,165.865576,508.413919
35.14,1.012265,0.880511,165.865573,508.413896
35.15,1.012265,0.880511,165.86557,508.413872
35.16,1.012265,0.880511,165.865566,508.413848
35.17,1.012265,0.880511,165.865563,508.413824
35.18,1.012265,0.880511,165.86556,508.4138
35.19,1.012265,0.880511,165.865556,508.413776
35.2,1.012265,0.880511,165.865553,508.413752
35.21,1.012265,0.880511,165.86555,508.413728
35.22,1.012265,0.880511,165.865546,508.413705
35.23,1.012265,0.88051,165.865543,508.413681
35.24,1.012265,0.88051,165.86554,508.413657
35.25,1.012265,0.88051,165.865537,508.413633
35.26,1.012265,0.88051,165.865533,508.413609
35.27,1.012265,0.88051,165.86553,508.413586
35.28,1.012265,0.88051,165.865527,508.413562
35.29,1.012265,0.88051,165.865523,508.413538
35.3,1.012265,0.88051,165.86552,508.413514
35.31,1.012265,0.88051,165.865517,508.413491
35.32,1.012265,0.88051,165.865514,508.413467
35.33,1.012265,0.88051,165.86551,508.413443
35.34,1.012265,0.88051,165.865507,508.413419
35.35,1.012265,0.88051,165.865504,508.413396
35.36,1.012265,0.88051,165.865501,508.413372
35.37,1.012265,0.88051,165.865497,508.413348
35.38,1.012265,0.88051,165.865494,508.413325
35.39,1.012265,0.88051,165.865491,508.413301
35.4,1.012265,0.88051,165.865487,508.413277
35.41,1.012265,0.88051,165.865484,508.413254
35.42,1.012265,0.88051,165.865481,508.41323
35.43,1.012265,0.88051,165.865478,508.413206
35.44,1.012265,0.88051,165.865474,508.413183
35.45,1.012265,0.88051,165.865471,508.413159
35.46,1.012265,0.88051,165.865468,508.413135
35.47,1.012265,0.88051,165.865465,508.413112
35.48,1.012265,0.880509,165.865461,508.413088
35.49,1.012265,0.880509,165.865458,508.413065
35.5,1.012265,0.880509,165.865455,508.413041
35.51,1.012265,0.880509,165.865452,508.413017
35.52,1.012265,0.880509,165.865448,508.412994
35.53,1.012265,0.880509,165.865445,508.41297
35.54,1.012265,0.880509,165.865442,508.412947
35.55,1.012265,0.880509,165.865439,508.412923
35.56,1.012265,0.880509,165.865435,508.4129
35.57,1.012265,0.880509,165.865432,508.412876
35.58,1.012265,0.880509,165.865429,508.412852
35.59,1.012265,0.880509,165.865426,508.412829
35.6,1.012265,0.880509,165.865423,508.412805
35.61,1.012265,0.880509,165.865419,508.412782
35.62,1.012265,0.880509,165.865416,508.412758
35.63,1.012265,0.880509,165.865413,508.412735
35.64,1.012265,0.880509,165.86541,508.412711
35.65,1.012265,0.880509,165.865406,508.412688
35.66,1.012265,0.880509,165.865403,508.412664
35.67,1.012265,0.880509,165.8654,508.412641
35.68,1.012265,0.880509,165.865397,508.412617
35.69,1.012265,0.880509,165.865393,508.412594
35.7,1.012265,0.880509,165.86539,508.41257
35.71,1.012265,0.880509,165.865387,508.412547
35.72,1.012265,0.880509,165.865384,508.412523
35.73,1.012265,0.880508,165.86538,508.4125
35.74,1.012265,0.880508,165.865377,508.412476
35.75,1.012265,0.880508,165.865374,508.412453
35.76,1.012265,0.880508,165.865371,508.412429
35.77,1.012265,0.880508,165.865367,508.412406
35.78,1.012265,0.880508,165.865364,508.412382
35.79,1.012265,0.880508,165.865361,508.412359
35.8,1.012265,0.880508,165.865358,508.412335
35.81,1.012265,0.880508,165.865355,508.412312
35.82,1.012265,0.880508,165.865351,508.412288
35.83,1.012265,0.880508,165.865348,508.412265
35.84,1.012265,0.880508,165.865345,508.412242
35.85,1.012265,0.880508,165.865342,508.412218
35.86,1.012265,0.880508,165.865338,508.412195
35.87,1.012265,0.880508,165.865335,508.412171
35.88,1.012265,0.880508,165.865332,508.412148
35.89,1.012265,0.880508,165.865329,508.412124
35.9,1.012265,0.880508,165.865325,508.412101
35.91,1.012265,0.880508,165.865322,508.412078
35.92,1.012265,0.880508,165.865319,508.412054
35.93,1.012265,0.880508,165.865316,508.412031
35.94,1.012265,0.880508,165.865312,508.412007
35.95,1.012265,0.880508,165.865309,508.411984
35.96,1.012265,0.880508,165.865306,508.41196
35.97,1.012265,0.880508,165.865303,508.411937
35.98,1.012265,0.880507,165.8653,508.411914
35.99,1.012265,0.880507,165.865296,508.41189
36,1.012265,0.880507,165.865293,508.411867
36.01,1.012265,0.880507,165.86529,508.411843
36.02,1.012265,0.880507,165.865287,508.41182
36.03,1.012265,0.880507,165.865283,508.411797
36.04,1.012265,0.880507,165.86528,508.411773
36.05,1.012265,0.880507,165.865277,508.41175
36.06,1.012265,0.880507,165.865274,508.411727
36.07,1.012265,0.880507,165.86527,508.411703
36.08,1.012265,0.880507,165.865267,508.41168
36.09,1.012265,0.880507,165.865264,508.411657
36.1,1.012265,0.880507,165.865261,508.411633
36.11,1.012265,0.880507,165.865257,508.41161
36.12,1.012265,0.880507,165.865254,508.411587
36.13,1.012265,0.880507,165.865251,508.411563
36.14,1.012265,0.880507,165.865248,508.41154
36.15,1.012265,0.880507,165.865245,508.411517
36.16,1.012265,0.880507,165.865241,508.411493
36.17,1.012265,0.880507,165.865238,508.41147
36.18,1.012265,0.880507,165.865235,508.411447
36.19,1.012265,0.880507,165.865232,508.411423
36.2,1.012265,0.880507,165.865228,508.4114
36.21,1.012265,0.880507,165.865225,508.411377
36.22,1.012265,0.880507,165.865222,508.411353
36.23,1.012265,0.880506,165.865219,508.41133
36.24,1.012265,0.880506,165.865215,508.411307
36.25,1.012265,0.880506,165.865212,508.411284
36.26,1.012265,0.880506,165.865209,508.41126
36.27,1.012265,0.880506,165.865206,508.411237
36.28,1.012265,0.880506,165.865202,508.411214
36.29,1.012265,0.880506,165.865199,508.411191
36.3,1.012265,0.880506,165.865196,508.411167
36.31,1.012265,0.880506,165.865193,508.411144
36.32,1.012265,0.880506,165.865189,508.411121
36.33,1.012265,0.880506,165.865186,508.411098
36.34,1.012265,0.880506,165.865183,508.411075
36.35,1.012265,0.880506,165.86518,508.411051
36.36,1.012265,0.880506,165.865176,508.411028
36.37,1.012265,0.880506,165.865173,508.411005
36.38,1.012265,0.880506,165.86517,508.410982
36.39,1.012265,0.880506,165.865167,508.410959
36.4,1.012265,0.880506,165.865163,508.410935
36.41,1.012265,0.880506,165.86516,508.410912
36.42,1.012265,0.880506,165.865157,508.410889
36.43,1.012265,0.880506,165.865154,508.410866
36.44,1.012265,0.880506,165.86515,508.410843
36.45,1.012265,0.880506,165.865147,508.41082
36.46,1.012265,0.880506,165.865144,508.410797
36.47,1.012265,0.880506,165.865141,508.410773
36.48,1.012265,0.880505,165.865137,508.41075
36.49,1.012265,0.880505,165.865134,508.410727
36.5,1.012265,0.880505,165.865131,508.410704
36.51,1.012265,0.880505,165.865128,508.410681
36.52,1.012265,0.880505,165.865124,508.410658
36.53,1.012265,0.880505,165.865121,508.410635
36.54,1.012265,0.880505,165.865118,508.410612
36.55,1.012265,0.880505,165.865115,508.410589
36.56,1.012265,0.880505,165.865111,508.410565
36.57,1.012265,0.880505,165.865108,508.410542
36.58,1.012265,0.880505,165.865105,508.410519
36.59,1.012265,0.880505,165.865102,508.410496
36.6,1.012265,0.880505,165.865098,508.410473
36.61,1.012265,0.880505,165.865095,508.41045
36.62,1.012265,0.880505,165.865092,508.410427
36.63,1.012265,0.880505,165.865089,508.410404
36.64,1.012265,0.880505,165.865085,508.410381
36.65,1.012265,0.880505,165.865082,508.410358
36.66,1.012265,0.880505,165.865079,508.410335
36.67,1.012265,0.880505,165.865075,508.410312
36.68,1.012265,0.880505,165.865072,508.410289
36.69,1.012265,0.880505,165.865069,508.410266
36.7,1.012265,0.880505,165.865066,508.410243
36.71,1.012265,0.880505,165.865062,508.41022
36.72,1.012265,0.880505,165.865059,508.410197
36.73,1.012265,0.880505,165.865056,508.410174
36.74,1.012265,0.880504,165.865053,508.410151
36.75,1.012265,0.880504,165.865049,508.410128
36.76,1.012265,0.880504,165.865046,508.410105
36.77,1.012265,0.880504,165.865043,508.410082
36.78,1.012265,0.880504,165.865039,508.410059
36.79,1.012265,0.880504,165.865036,508.410036
36.8,1.012265,0.880504,165.865033,508.410013
36.81,1.012265,0.880504,165.86503,508.409991
36.82,1.012265,0.880504,165.865026,508.409968
36.83,1.012265,0.880504,165.865023,508.409945
36.84,1.012265,0.880504,165.86502,508.409922
36.85,1.012265,0.880504,165.865017,508.409899
36.86,1.012265,0.880504,165.865013,508.409876
36.87,1.012265,0.880504,165.86501,508.409853
36.88,1.012265,0.880504,165.865007,508.40983
36.89,1.012265,0.880504,165.865003,508.409807
36.9,1.012265,0.880504,165.865,508.409785
36.91,1.012265,0.880504,165.864997,508.409762
36.92,1.012265,0.880504,165.864994,508.409739
36.93,1.012265,0.880504,165.86499,508.409716
36.94,1.012265,0.880504,165.864987,508.409693
36.95,1.012265,0.880504,165.864984,508.40967
36.96,1.012265,0.880504,165.86498,508.409648
36.97,1.012265,0.880504,165.864977,508.409625
36.98,1.012265,0.880504,165.864974,508.409602
36.99,1.012265,0.880503,165.864971,508.409579
37,1.012265,0.880503,165.864967,508.409556
37.01,1.012265,0.880503,165.864964,508.409534
37.02,1.012265,0.880503,165.864961,508.409511
37.03,1.012265,0.880503,165.864957,508.409488
37.04,1.012265,0.880503,165.864954,508.409465
37.05,1.012265,0.880503,165.864951,508.409442
37.06,1.012265,0.880503,165.864948,508.40942
37.07,1.012265,0.880503,165.864944,508.409397
37.08,1.012265,0.880503,165.864941,508.409374
37.09,1.012265,0.880503,165.864938,508.409352
37.1,1.012265,0.880503,165.864934,508.409329
37.11,1.012265,0.880503,165.864931,508.409306
37.12,1.012265,0.880503,165.864928,508.409283
37.13,1.012265,0.880503,165.864924,508.409261
37.14,1.012265,0.880503,165.864921,508.409238
37.15,1.012265,0.880503,165.864918,508.409215
37.16,1.012265,0.880503,165.864914,508.409193
37.17,1.012265,0.880503,165.864911,508.40917
37.18,1.012265,0.880503,165.864908,508.409147
37.19,1.012265,0.880503,165.864905,508.409125
37.2,1.012265,0.880503,165.864901,508.409102
37.21,1.012265,0.880503,165.864898,508.409079
37.22,1.012265,0.880503,165.864895,508.409057
37.23,1.012265,0.880503,165.864891,508.409034
37.24,1.012265,0.880503,165.864888,508.409011
37.25,1.012265,0.880502,165.864885,508.408989
37.26,1.012265,0.880502,165.864881,508.408966
37.27,1.012265,0.880502,165.864878,508.408944
37.28,1.012265,0.880502,165.864875,508.408921
37.29,1.012265,0.880502,165.864871,508.408898
37.3,1.012265,0.880502,165.864868,508.408876
37.31,1.012265,0.880502,165.864865,508.408853
37.32,1.012265,0.880502,165.864861,508.408831
37.33,1.012265,0.880502,165.864858,508.408808
37.34,1.012265,0.880502,165.864855,508.408785
37.35,1.012265,0.880502,165.864851,508.408763
37.36,1.012265,0.880502,165.864848,508.40874
37.37,1.012265,0.880502,165.864845,508.408718
37.38,1.012265,0.880502,165.864841,508.408695
37.39,1.012265,0.880502,165.864838,508.408673
37.4,1.012265,0.880502,165.864835,508.40865
37.41,1.012265,0.880502,165.864831,508.408627
37.42,1.012265,0.880502,165.864828,508.408605
37.43,1.012265,0.880502,165.864825,508.408582
37.44,1.012265,0.880502,165.864821,508.40856
37.45,1.012265,0.880502,165.864818,508.408537
37.46,1.012265,0.880502,165.864815,508.408515
37.47,1.012265,0.880502,165.864811,508.408492
37.48,1.012265,0.880502,165.864808,508.40847
37.49,1.012265,0.880502,165.864805,508.408447
37.5,1.012265,0.880502,165.864801,508.408425
37.51,1.012265,0.880501,165.864798,508.408402
37.52,1.012265,0.880501,165.864795,508.40838
37.53,1.012265,0.880501,165.864791,508.408357
37.54,1.012265,0.880501,165.864788,508.408335
37.55,1.012265,0.880501,165.864785,508.408312
37.56,1.012265,0.880501,165.864781,508.40829
37.57,1.012265,0.880501,165.864778,508.408267
37.58,1.012265,0.880501,165.864775,508.408245
37.59,1.012265,0.880501,165.864771,508.408222
37.6,1.012265,0.880501,165.864768,508.4082
37.61,1.012265,0.880501,165.864764,508.408177
37.62,1.012265,0.880501,165.864761,508.408155
37.63,1.012265,0.880501,165.864758,508.408132
37.64,1.012265,0.880501,165.864754,508.40811
37.65,1.012265,0.880501,165.864751,508.408087
37.66,1.012265,0.880501,165.864748,508.408065
37.67,1.012265,0.880501,165.864744,508.408043
37.68,1.012265,0.880501,165.864741,508.40802
37.69,1.012265,0.880501,165.864738,508.407998
37.7,1.012265,0.880501,165.864734,508.407975
37.71,1.012265,0.880501,165.864731,508.407953
37.72,1.012265,0.880501,165.864727,508.40793
37.73,1.012265,0.880501,165.864724,508.407908
37.74,1.012265,0.880501,165.864721,508.407886
37.75,1.012265,0.880501,165.864717,508.407863
37.76,1.012265,0.880501,165.864714,508.407841
37.77,1.012265,0.8805,165.864711,508.407818
37.78,1.012265,0.8805,165.864707,508.407796
37.79,1.012265,0.8805,165.864704,508.407774
37.8,1.012265,0.8805,165.8647,508.407751
37.81,1.012265,0.8805,165.864697,508.407729
37.82,1.012265,0.8805,165.864694,508.407706
37.83,1.012265,0.8805,165.86469,508.407684
37.84,1.012265,0.8805,165.864687,508.407662
37.85,1.012265,0.8805,165.864684,508.407639
37.86,1.012265,0.8805,165.86468,508.407617
37.87,1.012265,0.8805,165.864677,508.407595
37.88,1.012265,0.8805,165.864673,508.407572
37.89,1.012265,0.8805,165.86467,508.40755
37.9,1.012265,0.8805,165.864667,508.407528
37.91,1.012265,0.8805,165.864663,508.407505
37.92,1.012265,0.8805,165.86466,508.407483
37.93,1.012265,0.8805,165.864656,508.407461
37.94,1.012265,0.8805,165.864653,508.407438
37.95,1.012265,0.8805,165.86465,508.407416
37.96,1.012265,0.8805,165.864646,508.407394
37.97,1.012265,0.8805,165.864643,508.407372
37.98,1.012265,0.8805,165.86464,508.407349
37.99,1.012265,0.8805,165.864636,508.407327
38,1.012265,0.8805,165.864633,508.407305
38.01,1.012265,0.8805,165.864629,508.407283
38.02,1.012265,0.8805,165.864626,508.40726
38.03,1.012265,0.880499,165.864623,508.407238
38.04,1.012265,0.880499,165.864619,508.407216
38.05,1.012265,0.880499,165.864616,508.407194
38.06,1.012265,0.880499,165.864612,508.407171
38.07,1.012265,0.880499,165.864609,508.407149
38.08,1.012265,0.880499,165.864606,508.407127
38.09,1.012265,0.880499,165.864602,508.407105
38.1,1.012265,0.880499,165.864599,508.407082
38.11,1.012265,0.880499,165.864595,508.40706
38.12,1.012265,0.880499,165.864592,508.407038
38.13,1.012265,0.880499,165.864589,508.407016
38.14,1.012265,0.880499,165.864585,508.406994
38.15,1.012265,0.880499,165.864582,508.406972
38.16,1.012265,0.880499,165.864578,508.406949
38.17,1.012265,0.880499,165.864575,508.406927
38.18,1.012265,0.880499,165.864572,508.406905
38.19,1.012265,0.880499,165.864568,508.406883
38.2,1.012265,0.880499,165.864565,508.406861
38.21,1.012265,0.880499,165.864561,508.406839
38.22,1.012265,0.880499,165.864558,508.406817
38.23,1.012265,0.880499,165.864555,508.406794
38.24,1.012265,0.880499,165.864551,508.406772
38.25,1.012265,0.880499,165.864548,508.40675
38.26,1.012265,0.880499,165.864544,508.406728
38.27,1.012265,0.880499,165.864541,508.406706
38.28,1.012265,0.880499,165.864538,508.406684
38.29,1.012265,0.880499,165.864534,508.406662
38.3,1.012265,0.880498,165.864531,508.40664
38.31,1.012265,0.880498,165.864527,508.406618
38.32,1.012265,0.880498,165.864524,508.406596
38.33,1.012265,0.880498,165.864521,508.406574
38.34,1.012265,0.880498,165.864517,508.406552
38.35,1.012265,0.880498,165.864514,508.40653
38.36,1.012265,0.880498,165.86451,508.406507
38.37,1.012265,0.880498,165.864507,508.406485
38.38,1.012265,0.880498,165.864503,508.406463
38.39,1.012265,0.880498,165.8645,508.406441
38.4,1.012265,0.880498,165.864497,508.406419
38.41,1.012265,0.880498,165.864493,508.406397
38.42,1.012265,0.880498,165.86449,508.406375
38.43,1.012265,0.880498,165.864486,508.406353
38.44,1.012265,0.880498,165.864483,508.406331
38.45,1.012265,0.880498,165.86448,508.406309
38.46,1.012265,0.880498,165.864476,508.406287
38.47,1.012265,0.880498,165.864473,508.406265
38.48,1.012265,0.880498,165.864469,508.406243
38.49,1.012265,0.880498,165.864466,508.406221
38.5,1.012265,0.880498,165.864463,508.4062
38.51,1.012265,0.880498,165.864459,508.406178
38.52,1.012265,0.880498,165.864456,508.406156
38.53,1.012265,0.880498,165.864452,508.406134
38.54,1.012265,0.880498,165.864449,508.406112
38.55,1.012265,0.880498,165.864445,508.40609
38.56,1.012265,0.880497,165.864442,508.406068
38.57,1.012265,0.880497,165.864439,508.406046
38.58,1.012265,0.880497,165.864435,508.406024
38.59,1.012265,0.880497,165.864432,508.406002
38.6,1.012265,0.880497,165.864428,508.40598
38.61,1.012265,0.880497,165.864425,508.405958
38.62,1.012265,0.880497,165.864422,508.405936
38.63,1.012265,0.880497,165.864418,508.405915
38.64,1.012265,0.880497,165.864415,508.405893
38.65,1.012265,0.880497,165.864411,508.405871
38.66,1.012265,0.880497,165.864408,508.405849
38.67,1.012265,0.880497,165.864404,508.405827
38.68,1.012265,0.880497,165.864401,508.405805
38.69,1.012265,0.880497,165.864398,508.405783
38.7,1.012265,0.880497,165.864394,508.405762
38.71,1.012265,0.880497,165.864391,508.40574
38.72,1.012265,0.880497,165.864387,508.405718
38.73,1.012265,0.880497,165.864384,508.405696
38.74,1.012265,0.880497,165.864381,508.405674
38.75,1.012265,0.880497,165.864377,508.405652
38.76,1.012265,0.880497,165.864374,508.405631
38.77,1.012265,0.880497,165.86437,508.405609
38.78,1.012265,0.880497,165.864367,508.405587
38.79,1.012265,0.880497,165.864363,508.405565
38.8,1.012265,0.880497,165.86436,508.405543
38.81,1.012265,0.880497,165.864357,508.405522
38.82,1.012265,0.880497,165.864353,508.4055
38.83,1.012265,0.880496,165.86435,508.405478
38.84,1.012265,0.880496,165.864346,508.405456
38.85,1.012265,0.880496,165.864343,508.405435
38.86,1.012265,0.880496,165.86434,508.405413
38.87,1.012265,0.880496,165.864336,508.405391
38.88,1.012265,0.880496,165.864333,508.405369
38.89,1.012265,0.880496,165.864329,508.405348
38.9,1.012265,0.880496,165.864326,508.405326
38.91,1.012265,0.880496,165.864323,508.405304
38.92,1.012265,0.880496,165.864319,508.405282
38.93,1.012265,0.880496,165.864316,508.405261
38.94,1.012265,0.880496,165.864312,508.405239
38.95,1.012265,0.880496,165.864309,508.405217
38.96,1.012265,0.880496,165.864305,508.405196
38.97,1.012265,0.880496,165.864302,508.405174
38.98,1.012265,0.880496,165.864299,508.405152
38.99,1.012265,0.880496,165.864295,508.40513
39,1.012265,0.880496,165.864292,508.405109
39.01,1.012265,0.880496,165.864288,508.405087
39.02,1.012265,0.880496,165.864285,508.405065
39.03,1.012265,0.880496,165.864282,508.405044
39.04,1.012265,0.880496,165.864278,508.405022
39.05,1.012265,0.880496,165.864275,508.405
39.06,1.012265,0.880496,165.864271,508.404979
39.07,1.012265,0.880496,165.864268,508.404957
39.08,1.012265,0.880496,165.864265,508.404936
39.09,1.012265,0.880496,165.864261,508.404914
39.1,1.012265,0.880495,165.864258,508.404892
39.11,1.012265,0.880495,165.864254,508.404871
39.12,1.012265,0.880495,165.864251,508.404849
39.13,1.012265,0.880495,165.864247,508.404827
39.14,1.012265,0.880495,165.864244,508.404806
39.15,1.012265,0.880495,165.864241,508.404784
39.16,1.012265,0.880495,165.864237,508.404763
39.17,1.012265,0.880495,165.864234,508.404741
39.18,1.012265,0.880495,165.86423,508.404719
39.19,1.012265,0.880495,165.864227,508.404698
39.2,1.012265,0.880495,165.864224,508.404676
39.21,1.012265,0.880495,165.86422,508.404655
39.22,1.012265,0.880495,165.864217,508.404633
39.23,1.012265,0.880495,165.864213,508.404612
39.24,1.012265,0.880495,165.86421,508.40459
39.25,1.012265,0.880495,165.864207,508.404568
39.26,1.012265,0.880495,165.864203,508.404547
39.27,1.012265,0.880495,165.8642,508.404525
39.28,1.012265,0.880495,165.864196,508.404504
39.29,1.012265,0.880495,165.864193,508.404482
39.3,1.012265,0.880495,165.86419,508.404461
39.31,1.012265,0.880495,165.864186,508.404439
39.32,1.012265,0.880495,165.864183,508.404418
39.33,1.012265,0.880495,165.864179,508.404396
39.34,1.012265,0.880495,165.864176,508.404375
39.35,1.012265,0.880495,165.864172,508.404353
39.36,1.012265,0.880495,165.864169,508.404332
39.37,1.012265,0.880494,165.864166,508.40431
39.38,1.012265,0.880494,165.864162,508.404289
39.39,1.012265,0.880494,165.864159,508.404267
39.4,1.012265,0.880494,165.864155,508.404246
39.41,1.012265,0.880494,165.864152,508.404224
39.42,1.012265,0.880494,165.864149,508.404203
39.43,1.012265,0.880494,165.864145,508.404181
39.44,1.012265,0.880494,165.864142,508.40416
39.45,1.012265,0.880494,165.864138,508.404138
39.46,1.012265,0.880494,165.864135,508.404117
39.47,1.012265,0.880494,165.864132,508.404095
39.48,1.012265,0.880494,165.864128,508.404074
39.49,1.012265,0.880494,165.864125,508.404052
39.5,1.012265,0.880494,165.864122,508.404031
39.51,1.012265,0.880494,165.864118,508.404009
39.52,1.012265,0.880494,165.864115,508.403988
39.53,1.012265,0.880494,165.864111,508.403967
39.54,1.012265,0.880494,165.864108,508.403945
39.55,1.012265,0.880494,165.864105,508.403924
39.56,1.012265,0.880494,165.864101,508.403902
39.57,1.012265,0.880494,165.864098,508.403881
39.58,1.012265,0.880494,165.864094,508.40386
39.59,1.012265,0.880494,165.864091,508.403838
39.6,1.012265,0.880494,165.864088,508.403817
39.61,1.012265,0.880494,165.864084,508.403795
39.62,1.012265,0.880494,165.864081,508.403774
39.63,1.012265,0.880494,165.864077,508.403753
39.64,1.012265,0.880493,165.864074,508.403731
39.65,1.012265,0.880493,165.864071,508.40371
39.66,1.012265,0.880493,165.864067,508.403689
39.67,1.012265,0.880493,165.864064,508.403667
39.68,1.012265,0.880493,165.864061,508.403646
39.69,1.012265,0.880493,165.864057,508.403625
39.7,1.012265,0.880493,165.864054,508.403603
39.71,1.012265,0.880493,165.86405,508.403582
39.72,1.012265,0.880493,165.864047,508.403561
39.73,1.012265,0.880493,165.864044,508.403539
39.74,1.012265,0.880493,165.86404,508.403518
39.75,1.012265,0.880493,165.864037,508.403497
39.76,1.012265,0.880493,165.864034,508.403475
39.77,1.012265,0.880493,165.86403,508.403454
39.78,1.012265,0.880493,165.864027,508.403433
39.79,1.012265,0.880493,165.864023,508.403412
39.8,1.012265,0.880493,165.86402,508.40339
39.81,1.012265,0.880493,165.864017,508.403369
39.82,1.012265,0.880493,165.864013,508.403348
39.83,1.012265,0.880493,165.86401,508.403327
39.84,1.012265,0.880493,165.864007,508.403305
39.85,1.012265,0.880493,165.864003,508.403284
39.86,1.012265,0.880493,165.864,508.403263
39.87,1.012265,0.880493,165.863997,508.403242
39.88,1.012265,0.880493,165.863993,508.40322
39.89,1.012265,0.880493,165.86399,508.403199
39.9,1.012265,0.880493,165.863986,508.403178
39.91,1.012265,0.880493,165.863983,508.403157
39.92,1.012265,0.880492,165.86398,508.403136
39.93,1.012265,0.880492,165.863976,508.403114
39.94,1.012265,0.880492,165.863973,508.403093
39.95,1.012265,0.880492,165.86397,508.403072
39.96,1.012265,0.880492,165.863966,508.403051
39.97,1.012266,0.880492,165.863963,508.40303
39.98,1.012266,0.880492,165.86396,508.403009
39.99,1.012266,0.880492,165.863956,508.402987
40,1.012266,0.880492,165.863953,508.402966
40.01,1.012266,0.880492,165.86395,508.402945
40.02,1.012266,0.880492,165.863946,508.402924
40.03,1.012266,0.880492,165.863943,508.402903
40.04,1.012266,0.880492,165.86394,508.402882
40.05,1.012266,0.880492,165.863936,508.402861
40.06,1.012266,0.880492,165.863933,508.402839
40.07,1.012266,0.880492,165.86393,508.402818
40.08,1.012266,0.880492,165.863926,508.402797
40.09,1.012266,0.880492,165.863923,508.402776
40.1,1.012266,0.880492,165.86392,508.402755
40.11,1.012266,0.880492,165.863916,508.402734
40.12,1.012266,0.880492,165.863913,508.402713
40.13,1.012266,0.880492,165.86391,508.402692
40.14,1.012266,0.880492,165.863906,508.402671
40.15,1.012266,0.880492,165.863903,508.40265
40.16,1.012266,0.880492,165.8639,508.402629
40.17,1.012266,0.880492,165.863896,508.402608
40.18,1.012266,0.880492,165.863893,508.402587
40.19,1.012266,0.880491,165.86389,508.402566
40.2,1.012266,0.880491,165.863886,508.402544
40.21,1.012266,0.880491,165.863883,508.402523
40.22,1.012266,0.880491,165.86388,508.402502
40.23,1.012266,0.880491,165.863876,508.402481
40.24,1.012266,0.880491,165.863873,508.40246
40.25,1.012266,0.880491,165.86387,508.402439
40.26,1.012266,0.880491,165.863866,508.402418
40.27,1.012266,0.880491,165.863863,508.402397
40.28,1.012266,0.880491,165.86386,508.402376
40.29,1.012266,0.880491,165.863856,508.402355
40.3,1.012266,0.880491,165.863853,508.402334
40.31,1.012266,0.880491,165.86385,508.402313
40.32,1.012266,0.880491,165.863846,508.402292
40.33,1.012266,0.880491,165.863843,508.402271
40.34,1.012266,0.880491,165.86384,508.40225
40.35,1.012266,0.880491,165.863837,508.40223
40.36,1.012266,0.880491,165.863833,508.402209
40.37,1.012266,0.880491,165.86383,508.402188
40.38,1.012266,0.880491,165.863827,508.402167
40.39,1.012266,0.880491,165.863823,508.402146
40.4,1.012266,0.880491,165.86382,508.402125
40.41,1.012266,0.880491,165.863817,508.402104
40.42,1.012266,0.880491,165.863813,508.402083
40.43,1.012266,0.880491,165.86381,508.402062
40.44,1.012266,0.880491,165.863807,508.402041
40.45,1.012266,0.880491,165.863804,508.40202
40.46,1.012266,0.880491,165.8638,508.401999
40.47,1.012266,0.88049,165.863797,508.401978
40.48,1.012266,0.88049,165.863794,508.401958
40.49,1.012266,0.88049,165.86379,508.401937
40.5,1.012266,0.88049,165.863787,508.401916
40.51,1.012266,0.88049,165.863784,508.401895
40.52,1.012266,0.88049,165.86378,508.401874
40.53,1.012266,0.88049,165.863777,508.401853
40.54,1.012266,0.88049,165.863774,508.401832
40.55,1.012266,0.88049,165.863771,508.401811
40.56,1.012266,0.88049,165.863767,508.401791
40.57,1.012266,0.88049,165.863764,508.40177
40.58,1.012266,0.88049,165.863761,508.401749
40.59,1.012266,0.88049,165.863757,508.401728
40.6,1.012266,0.88049,165.863754,508.401707
40.61,1.012266,0.88049,165.863751,508.401686
40.62,1.012266,0.88049,165.863748,508.401665
40.63,1.012266,0.88049,165.863744,508.401645
40.64,1.012266,0.88049,165.863741,508.401624
40.65,1.012266,0.88049,165.863738,508.401603
40.66,1.012266,0.88049,165.863735,508.401582
40.67,1.012266,0.88049,165.863731,508.401561
40.68,1.012266,0.88049,165.863728,508.401541
40.69,1.012266,0.88049,165.863725,508.40152
40.7,1.012266,0.88049,165.863721,508.401499
40.71,1.012266,0.88049,165.863718,508.401478
40.72,1.012266,0.88049,165.863715,508.401458
40.73,1.012266,0.88049,165.863712,508.401437
40.74,1.012266,0.88049,165.863708,508.401416
40.75,1.012266,0.880489,165.863705,508.401395
40.76,1.012266,0.880489,165.863702,508.401374
40.77,1.012266,0.880489,165.863699,508.401354
40.78,1.012266,0.880489,165.863695,508.401333
40.79,1.012266,0.880489,165.863692,508.401312
40.8,1.012266,0.880489,165.863689,508.401292
40.81,1.012266,0.880489,165.863686,508.401271
40.82,1.012266,0.880489,165.863682,508.40125
40.83,1.012266,0.880489,165.863679,508.401229
40.84,1.012266,0.880489,165.863676,508.401209
40.85,1.012266,0.880489,165.863673,508.401188
40.86,1.012266,0.880489,165.863669,508.401167
40.87,1.012266,0.880489,165.863666,508.401147
40.88,1.012266,0.880489,165.863663,508.401126
40.89,1.012266,0.880489,165.86366,508.401105
40.9,1.012266,0.880489,165.863656,508.401084
40.91,1.012266,0.880489,165.863653,508.401064
40.92,1.012266,0.880489,165.86365,508.401043
40.93,1.012266,0.880489,165.863647,508.401022
40.94,1.012266,0.880489,165.863644,508.401002
40.95,1.012266,0.880489,165.86364,508.400981
40.96,1.012266,0.880489,165.863637,508.40096
40.97,1.012266,0.880489,165.863634,508.40094
40.98,1.012266,0.880489,165.863631,508.400919
40.99,1.012266,0.880489,165.863627,508.400899
41,1.012266,0.880489,165.863624,508.400878
41.01,1.012266,0.880489,165.863621,508.400857
41.02,1.012266,0.880489,165.863618,508.400837
41.03,1.012266,0.880489,165.863614,508.400816
41.04,1.012266,0.880488,165.863611,508.400795
41.05,1.012266,0.880488,165.863608,508.400775
41.06,1.012266,0.880488,165.863605,508.400754
41.07,1.012266,0.880488,165.863602,508.400734
41.08,1.012266,0.880488,165.863598,508.400713
41.09,1.012266,0.880488,165.863595,508.400692
41.1,1.012266,0.880488,165.863592,508.400672
41.11,1.012266,0.880488,165.863589,508.400651
41.12,1.012266,0.880488,165.863585,508.400631
41.13,1.012266,0.880488,165.863582,508.40061
41.14,1.012266,0.880488,165.863579,508.40059
41.15,1.012266,0.880488,165.863576,508.400569
41.16,1.012266,0.880488,165.863573,508.400548
41.17,1.012266,0.880488,165.863569,508.400528
41.18,1.012266,0.880488,165.863566,508.400507
41.19,1.012266,0.880488,165.863563,508.400487
41.2,1.012266,0.880488,165.86356,508.400466
41.21,1.012266,0.880488,165.863557,508.400446
41.22,1.012266,0.880488,165.863553,508.400425
41.23,1.012266,0.880488,165.86355,508.400405
41.24,1.012266,0.880488,165.863547,508.400384
41.25,1.012266,0.880488,165.863544,508.400364
41.26,1.012266,0.880488,165.863541,508.400343
41.27,1.012266,0.880488,165.863537,508.400323
41.28,1.012266,0.880488,165.863534,508.400302
41.29,1.012266,0.880488,165.863531,508.400282
41.3,1.012266,0.880488,165.863528,508.400261
41.31,1.012266,0.880488,165.863525,508.400241
41.32,1.012266,0.880487,165.863521,508.40022
41.33,1.012266,0.880487,165.863518,508.4002
41.34,1.012266,0.880487,165.863515,508.400179
41.35,1.012266,0.880487,165.863512,508.400159
41.36,1.012266,0.880487,165.863509,508.400139
41.37,1.012266,0.880487,165.863506,508.400118
41.38,1.012266,0.880487,165.863502,508.400098
41.39,1.012266,0.880487,165.863499,508.400077
41.4,1.012266,0.880487,165.863496,508.400057
41.41,1.012266,0.880487,165.863493,508.400036
41.42,1.012266,0.880487,165.86349,508.400016
41.43,1.012266,0.880487,165.863487,508.399996
41.44,1.012266,0.880487,165.863483,508.399975
41.45,1.012266,0.880487,165.86348,508.399955
41.46,1.012266,0.880487,165.863477,508.399934
41.47,1.012266,0.880487,165.863474,508.399914
41.48,1.012266,0.880487,165.863471,508.399894
41.49,1.012266,0.880487,165.863468,508.399873
41.5,1.012266,0.880487,165.863464,508.399853
41.51,1.012266,0.880487,165.863461,508.399833
41.52,1.012266,0.880487,165.863458,508.399812
41.53,1.012266,0.880487,165.863455,508.399792
41.54,1.012266,0.880487,165.863452,508.399771
41.55,1.012266,0.880487,165.863449,508.399751
41.56,1.012266,0.880487,165.863445,508.399731
41.57,1.012266,0.880487,165.863442,508.39971
41.58,1.012266,0.880487,165.863439,508.39969
41.59,1.012266,0.880487,165.863436,508.39967
41.6,1.012266,0.880487,165.863433,508.39965
41.61,1.012266,0.880486,165.86343,508.399629
41.62,1.012266,0.880486,165.863427,508.399609
41.63,1.012266,0.880486,165.863423,508.399589
41.64,1.012266,0.880486,165.86342,508.399568
41.65,1.012266,0.880486,165.863417,508.399548
41.66,1.012266,0.880486,165.863414,508.399528
41.67,1.012266,0.880486,165.863411,508.399507
41.68,1.012266,0.880486,165.863408,508.399487
41.69,1.012266,0.880486,165.863405,508.399467
41.7,1.012266,0.880486,165.863401,508.399447
41.71,1.012266,0.880486,165.863398,508.399426
41.72,1.012266,0.880486,165.863395,508.399406
41.73,1.012266,0.880486,165.863392,508.399386
41.74,1.012266,0.880486,165.863389,508.399366
41.75,1.012266,0.880486,165.863386,508.399345
41.76,1.012266,0.880486,165.863383,508.399325
41.77,1.012266,0.880486,165.863379,508.399305
41.78,1.012266,0.880486,165.863376,508.399285
41.79,1.012266,0.880486,165.863373,508.399265
41.8,1.012266,0.880486,165.86337,508.399244
41.81,1.012266,0.880486,165.863367,508.399224
41.82,1.012266,0.880486,165.863364,508.399204
41.83,1.012266,0.880486,165.863361,508.399184
41.84,1.012266,0.880486,165.863358,508.399164
41.85,1.012266,0.880486,165.863354,508.399143
41.86,1.012266,0.880486,165.863351,508.399123
41.87,1.012266,0.880486,165.863348,508.399103
41.88,1.012266,0.880486,165.863345,508.399083
41.89,1.012266,0.880486,165.863342,508.399063
41.9,1.012266,0.880485,165.863339,508.399043
41.91,1.012266,0.880485,165.863336,508.399023
41.92,1.012266,0.880485,165.863333,508.399002
41.93,1.012266,0.880485,165.86333,508.398982
41.94,1.012266,0.880485,165.863326,508.398962
41.95,1.012266,0.880485,165.863323,508.398942
41.96,1.012266,0.880485,165.86332,508.398922
41.97,1.012266,0.880485,165.863317,508.398902
41.98,1.012266,0.880485,165.863314,508.398882
41.99,1.012266,0.880485,165.863311,508.398862
42,1.012266,0.880485,165.863308,508.398841
42.01,1.012266,0.880485,165.863305,508.398821
42.02,1.012266,0.880485,165.863302,508.398801
42.03,1.012266,0.880485,165.863298,508.398781
42.04,1.012266,0.880485,165.863295,508.398761
42.05,1.012266,0.880485,165.863292,508.398741
42.06,1.012266,0.880485,165.863289,508.398721
42.07,1.012266,0.880485,165.863286,508.398701
42.08,1.012266,0.880485,165.863283,508.398681
42.09,1.012266,0.880485,165.86328,508.398661
42.1,1.012266,0.880485,165.863277,508.398641
42.11,1.012266,0.880485,165.863274,508.398621
42.12,1.012266,0.880485,165.863271,508.398601
42.13,1.012266,0.880485,165.863268,508.398581
42.14,1.012266,0.880485,165.863264,508.398561
42.15,1.012266,0.880485,165.863261,508.398541
42.16,1.012266,0.880485,165.863258,508.39852
42.17,1.012266,0.880485,165.863255,508.3985
42.18,1.012266,0.880485,165.863252,508.39848
42.19,1.012266,0.880484,165.863249,508.39846
42.2,1.012266,0.880484,165.863246,508.39844
42.21,1.012266,0.880484,165.863243,508.39842
42.22,1.012266,0.880484,165.86324,508.3984
42.23,1.012266,0.880484,165.863237,508.39838
42.24,1.012266,0.880484,165.863234,508.39836
42.25,1.012266,0.880484,165.863231,508.39834
42.26,1.012266,0.880484,165.863227,508.398321
42.27,1.012266,0.880484,165.863224,508.398301
42.28,1.012266,0.880484,165.863221,508.398281
42.29,1.012266,0.880484,165.863218,508.398261
42.3,1.012266,0.880484,165.863215,508.398241
42.31,1.012266,0.880484,165.863212,508.398221
42.32,1.012266,0.880484,165.863209,508.398201
42.33,1.012266,0.880484,165.863206,508.398181
42.34,1.012266,0.880484,165.863203,508.398161
42.35,1.012266,0.880484,165.8632,508.398141
42.36,1.012266,0.880484,165.863197,508.398121
42.37,1.012266,0.880484,165.863194,508.398101
42.38,1.012266,0.880484,165.863191,508.398081
42.39,1.012266,0.880484,165.863188,508.398061
42.4,1.012266,0.880484,165.863185,508.398041
42.41,1.012266,0.880484,165.863181,508.398021
42.42,1.012266,0.880484,165.863178,508.398002
42.43,1.012266,0.880484,165.863175,508.397982
42.44,1.012266,0.880484,165.863172,508.397962
42.45,1.012266,0.880484,165.863169,508.397942
42.46,1.012266,0.880484,165.863166,508.397922
42.47,1.012266,0.880484,165.863163,508.397902
42.48,1.012266,0.880483,165.86316,508.397882
42.49,1.012266,0.880483,165.863157,508.397862
42.5,1.012266,0.880483,165.863154,508.397843
42.51,1.012266,0.880483,165.863151,508.397823
42.52,1.012266,0.880483,165.863148,508.397803
42.53,1.012266,0.880483,165.863145,508.397783
42.54,1.012266,0.880483,165.863142,508.397763
42.55,1.012266,0.880483,165.863139,508.397743
42.56,1.012266,0.880483,165.863136,508.397724
42.57,1.012266,0.880483,165.863133,508.397704
42.58,1.012266,0.880483,165.86313,508.397684
42.59,1.012266,0.880483,165.863127,508.397664
42.6,1.012266,0.880483,165.863123,508.397644
42.61,1.012266,0.880483,165.86312,508.397625
42.62,1.012266,0.880483,165.863117,508.397605
42.63,1.012266,0.880483,165.863114,508.397585
42.64,1.012266,0.880483,165.863111,508.397565
42.65,1.012266,0.880483,165.863108,508.397545
42.66,1.012266,0.880483,165.863105,508.397526
42.67,1.012266,0.880483,165.863102,508.397506
42.68,1.012266,0.880483,165.863099,508.397486
42.69,1.012266,0.880483,165.863096,508.397466
42.7,1.012266,0.880483,165.863093,508.397447
42.71,1.012266,0.880483,165.86309,508.397427
42.72,1.012266,0.880483,165.863087,508.397407
42.73,1.012266,0.880483,165.863084,508.397387
42.74,1.012266,0.880483,165.863081,508.397368
42.75,1.012266,0.880483,165.863078,508.397348
42.76,1.012266,0.880483,165.863075,508.397328
42.77,1.012266,0.880483,165.863072,508.397308
42.78,1.012266,0.880482,165.863069,508.397289
42.79,1.012266,0.880482,165.863066,508.397269
42.8,1.012266,0.880482,165.863063,508.397249
42.81,1.012266,0.880482,165.86306,508.39723
42.82,1.012266,0.880482,165.863057,508.39721
42.83,1.012266,0.880482,165.863054,508.39719
42.84,1.012266,0.880482,165.863051,508.397171
42.85,1.012266,0.880482,165.863048,508.397151
42.86,1.012266,0.880482,165.863045,508.397131
42.87,1.012266,0.880482,165.863042,508.397112
42.88,1.012266,0.880482,165.863039,508.397092
42.89,1.012266,0.880482,165.863036,508.397072
42.9,1.012266,0.880482,165.863033,508.397053
42.91,1.012266,0.880482,165.86303,508.397033
42.92,1.012266,0.880482,165.863027,508.397013
42.93,1.012266,0.880482,165.863024,508.396994
42.94,1.012266,0.880482,165.863021,508.396974
42.95,1.012266,0.880482,165.863018,508.396954
42.96,1.012266,0.880482,165.863014,508.396935
42.97,1.012266,0.880482,165.863011,508.396915
42.98,1.012266,0.880482,165.863008,508.396896
42.99,1.012266,0.880482,165.863005,508.396876
43,1.012266,0.880482,165.863002,508.396856
43.01,1.012266,0.880482,165.862999,508.396837
43.02,1.012266,0.880482,165.862996,508.396817
43.03,1.012266,0.880482,165.862993,508.396798
43.04,1.012266,0.880482,165.86299,508.396778
43.05,1.012266,0.880482,165.862987,508.396758
43.06,1.012266,0.880482,165.862984,508.396739
43.07,1.012266,0.880481,165.862981,508.396719
43.08,1.012266,0.880481,165.862978,508.3967
43.09,1.012266,0.880481,165.862975,508.39668
43.1,1.012266,0.880481,165.862972,508.396661
43.11,1.012266,0.880481,165.862969,508.396641
43.12,1.012266,0.880481,165.862966,508.396622
43.13,1.012266,0.880481,165.862963,508.396602
43.14,1.012266,0.880481,165.86296,508.396583
43.15,1.012266,0.880481,165.862957,508.396563
43.16,1.012266,0.880481,165.862954,508.396544
43.17,1.012266,0.880481,165.862951,508.396524
43.18,1.012266,0.880481,165.862948,508.396505
43.19,1.012266,0.880481,165.862945,508.396485
43.2,1.012266,0.880481,165.862942,508.396466
43.21,1.012266,0.880481,165.862939,508.396446
43.22,1.012266,0.880481,165.862936,508.396427
43.23,1.012266,0.880481,165.862933,508.396407
43.24,1.012266,0.880481,165.86293,508.396388
43.25,1.012266,0.880481,165.862927,508.396368
43.26,1.012266,0.880481,165.862925,508.396349
43.27,1.012266,0.880481,165.862922,508.396329
43.28,1.012266,0.880481,165.862919,508.39631
43.29,1.012266,0.880481,165.862916,508.39629
43.3,1.012266,0.880481,165.862913,508.396271
43.31,1.012266,0.880481,165.86291,508.396251
43.32,1.012266,0.880481,165.862907,508.396232
43.33,1.012266,0.880481,165.862904,508.396213
43.34,1.012266,0.880481,165.862901,508.396193
43.35,1.012266,0.880481,165.862898,508.396174
43.36,1.012266,0.880481,165.862895,508.396154
43.37,1.012266,0.88048,165.862892,508.396135
43.38,1.012266,0.88048,165.862889,508.396116
43.39,1.012266,0.88048,165.862886,508.396096
43.4,1.012266,0.88048,165.862883,508.396077
43.41,1.012266,0.88048,165.86288,508.396057
43.42,1.012266,0.88048,165.862877,508.396038
43.43,1.012266,0.88048,165.862874,508.396019
43.44,1.012266,0.88048,165.862871,508.395999
43.45,1.012266,0.88048,165.862868,508.39598
43.46,1.012266,0.88048,165.862865,508.395961
43.47,1.012266,0.88048,165.862862,508.395941
43.48,1.012266,0.88048,165.862859,508.395922
43.49,1.012266,0.88048,165.862856,508.395902
43.5,1.012266,0.88048,165.862853,508.395883
43.51,1.012266,0.88048,165.86285,508.395864
43.52,1.012266,0.88048,165.862847,508.395844
43.53,1.012266,0.88048,165.862844,508.395825
43.54,1.012266,0.88048,165.862841,508.395806
43.55,1.012266,0.88048,165.862838,508.395787
43.56,1.012266,0.88048,165.862835,508.395767
43.57,1.012266,0.88048,165.862832,508.395748
43.58,1.012266,0.88048,165.862829,508.395729
43.59,1.012266,0.88048,165.862826,508.395709
43.6,1.012266,0.88048,165.862823,508.39569
43.61,1.012266,0.88048,165.86282,508.395671
43.62,1.012266,0.88048,165.862817,508.395651
43.63,1.012266,0.88048,165.862814,508.395632
43.64,1.012266,0.88048,165.862811,508.395613
43.65,1.012266,0.88048,165.862809,508.395594
43.66,1.012266,0.88048,165.862806,508.395574
43.67,1.012266,0.88048,165.862803,508.395555
43.68,1.012266,0.880479,165.8628,508.395536
43.69,1.012266,0.880479,165.862797,508.395517
43.7,1.012266,0.880479,165.862794,508.395497
43.71,1.012266,0.880479,165.862791,508.395478
43.72,1.012266,0.880479,165.862788,508.395459
43.73,1.012266,0.880479,165.862785,508.39544
43.74,1.012266,0.880479,165.862782,508.395421
43.75,1.012266,0.880479,165.862779,508.395401
43.76,1.012266,0.880479,165.862776,508.395382
43.77,1.012266,0.880479,165.862773,508.395363
43.78,1.012266,0.880479,165.86277,508.395344
43.79,1.012266,0.880479,165.862767,508.395324
43.8,1.012266,0.880479,165.862764,508.395305
43.81,1.012266,0.880479,165.862761,508.395286
43.82,1.012266,0.880479,165.862758,508.395267
43.83,1.012266,0.880479,165.862755,508.395248
43.84,1.012266,0.880479,165.862752,508.395229
43.85,1.012266,0.880479,165.862749,508.395209
43.86,1.012266,0.880479,165.862746,508.39519
43.87,1.012266,0.880479,165.862743,508.395171
43.88,1.012266,0.880479,165.862741,508.395152
43.89,1.012266,0.880479,165.862738,508.395133
43.9,1.012266,0.880479,165.862735,508.395114
43.91,1.012266,0.880479,165.862732,508.395095
43.92,1.012266,0.880479,165.862729,508.395075
43.93,1.012266,0.880479,165.862726,508.395056
43.94,1.012266,0.880479,165.862723,508.395037
43.95,1.012266,0.880479,165.86272,508.395018
43.96,1.012266,0.880479,165.862717,508.394999
43.97,1.012266,0.880479,165.862714,508.39498
43.98,1.012266,0.880478,165.862711,508.394961
43.99,1.012266,0.880478,165.862708,508.394942
44,1.012266,0.880478,165.862705,508.394922
44.01,1.012266,0.880478,165.862702,508.394903
44.02,1.012266,0.880478,165.862699,508.394884
44.03,1.012266,0.880478,165.862696,508.394865
44.04,1.012266,0.880478,165.862693,508.394846
44.05,1.012266,0.880478,165.862691,508.394827
44.06,1.012266,0.880478,165.862688,508.394808
44.07,1.012266,0.880478,165.862685,508.394789
44.08,1.012266,0.880478,165.862682,508.39477
44.09,1.012266,0.880478,165.862679,508.394751
44.1,1.012266,0.880478,165.862676,508.394732
44.11,1.012266,0.880478,165.862673,508.394713
44.12,1.012266,0.880478,165.86267,508.394694
44.13,1.012266,0.880478,165.862667,508.394675
44.14,1.012266,0.880478,165.862664,508.394656
44.15,1.012266,0.880478,165.862661,508.394637
44.16,1.012266,0.880478,165.862658,508.394618
44.17,1.012266,0.880478,165.862655,508.394599
44.18,1.012266,0.880478,165.862652,508.39458
44.19,1.012266,0.880478,165.862649,508.394561
44.2,1.012266,0.880478,165.862646,508.394542
44.21,1.012266,0.880478,165.862644,508.394523
44.22,1.012266,0.880478,165.862641,508.394504
44.23,1.012266,0.880478,165.862638,508.394485
44.24,1.012266,0.880478,165.862635,508.394466
44.25,1.012266,0.880478,165.862632,508.394447
44.26,1.012266,0.880478,165.862629,508.394428
44.27,1.012266,0.880478,165.862626,508.394409
44.28,1.012266,0.880478,165.862623,508.39439
44.29,1.012266,0.880477,165.86262,508.394371
44.3,1.012266,0.880477,165.862617,508.394352
44.31,1.012266,0.880477,165.862614,508.394333
44.32,1.012266,0.880477,165.862611,508.394314
44.33,1.012266,0.880477,165.862608,508.394295
44.34,1.012266,0.880477,165.862606,508.394276
44.35,1.012266,0.880477,165.862603,508.394257
44.36,1.012266,0.880477,165.8626,508.394238
44.37,1.012266,0.880477,165.862597,508.394219
44.38,1.012266,0.880477,165.862594,508.394201
44.39,1.012266,0.880477,165.862591,508.394182
44.4,1.012266,0.880477,165.862588,508.394163
44.41,1.012266,0.880477,165.862585,508.394144
44.42,1.012266,0.880477,165.862582,508.394125
44.43,1.012266,0.880477,165.862579,508.394106
44.44,1.012266,0.880477,165.862576,508.394087
44.45,1.012266,0.880477,165.862573,508.394068
44.46,1.012266,0.880477,165.862571,508.39405
44.47,1.012266,0.880477,165.862568,508.394031
44.48,1.012266,0.880477,165.862565,508.394012
44.49,1.012266,0.880477,165.862562,508.393993
44.5,1.012266,0.880477,165.862559,508.393974
44.51,1.012266,0.880477,165.862556,508.393955
44.52,1.012266,0.880477,165.862553,508.393936
44.53,1.012266,0.880477,165.86255,508.393918
44.54,1.012266,0.880477,165.862547,508.393899
44.55,1.012266,0.880477,165.862544,508.39388
44.56,1.012266,0.880477,165.862541,508.393861
44.57,1.012266,0.880477,165.862539,508.393842
44.58,1.012266,0.880477,165.862536,508.393824
44.59,1.012266,0.880477,165.862533,508.393805
44.6,1.012266,0.880476,165.86253,508.393786
44.61,1.012266,0.880476,165.862527,508.393767
44.62,1.012266,0.880476,165.862524,508.393748
44.63,1.012266,0.880476,165.862521,508.39373
44.64,1.012266,0.880476,165.862518,508.393711
44.65,1.012266,0.880476,165.862515,508.393692
44.66,1.012266,0.880476,165.862512,508.393673
44.67,1.012266,0.880476,165.862509,508.393655
44.68,1.012266,0.880476,165.862507,508.393636
44.69,1.012266,0.880476,165.862504,508.393617
44.7,1.012266,0.880476,165.862501,508.393598
44.71,1.012266,0.880476,165.862498,508.39358
44.72,1.012266,0.880476,165.862495,508.393561
44.73,1.012266,0.880476,165.862492,508.393542
44.74,1.012266,0.880476,165.862489,508.393523
44.75,1.012266,0.880476,165.862486,508.393505
44.76,1.012266,0.880476,165.862483,508.393486
44.77,1.012266,0.880476,165.86248,508.393467
44.78,1.012266,0.880476,165.862478,508.393449
44.79,1.012266,0.880476,165.862475,508.39343
44.8,1.012266,0.880476,165.862472,508.393411
44.81,1.012266,0.880476,165.862469,508.393392
44.82,1.012266,0.880476,165.862466,508.393374
44.83,1.012266,0.880476,165.862463,508.393355
44.84,1.012266,0.880476,165.86246,508.393336
44.85,1.012266,0.880476,165.862457,508.393318
44.86,1.012266,0.880476,165.862454,508.393299
44.87,1.012266,0.880476,165.862452,508.39328
44.88,1.012266,0.880476,165.862449,508.393262
44.89,1.012266,0.880476,165.862446,508.393243
44.9,1.012266,0.880476,165.862443,508.393224
44.91,1.012266,0.880475,165.86244,508.393206
44.92,1.012266,0.880475,165.862437,508.393187
44.93,1.012266,0.880475,165.862434,508.393169
44.94,1.012266,0.880475,165.862431,508.39315
44.95,1.012266,0.880475,165.862428,508.393131
44.96,1.012266,0.880475,165.862426,508.393113
44.97,1.012266,0.880475,165.862423,508.393094
44.98,1.012266,0.880475,165.86242,508.393075
44.99,1.012266,0.880475,165.862417,508.393057
45,1.012266,0.880475,165.862414,508.393038
45.01,1.012266,0.880475,165.862411,508.39302
45.02,1.012266,0.880475,165.862408,508.393001
45.03,1.012266,0.880475,165.862405,508.392983
45.04,1.012266,0.880475,165.862403,508.392964
45.05,1.012266,0.880475,165.8624,508.392945
45.06,1.012266,0.880475,165.862397,508.392927
45.07,1.012266,0.880475,165.862394,508.392908
45.08,1.012266,0.880475,165.862391,508.39289
45.09,1.012266,0.880475,165.862388,508.392871
45.1,1.012266,0.880475,165.862385,508.392853
45.11,1.012266,0.880475,165.862382,508.392834
45.12,1.012266,0.880475,165.86238,508.392816
45.13,1.012266,0.880475,165.862377,508.392797
45.14,1.012266,0.880475,165.862374,508.392778
45.15,1.012266,0.880475,165.862371,508.39276
45.16,1.012266,0.880475,165.862368,508.392741
45.17,1.012266,0.880475,165.862365,508.392723
45.18,1.012266,0.880475,165.862362,508.392704
45.19,1.012266,0.880475,165.862359,508.392686
45.2,1.012266,0.880475,165.862357,508.392667
45.21,1.012266,0.880475,165.862354,508.392649
45.22,1.012266,0.880475,165.862351,508.39263
45.23,1.012266,0.880474,165.862348,508.392612
45.24,1.012266,0.880474,165.862345,508.392593
45.25,1.012266,0.880474,165.862342,508.392575
45.26,1.012266,0.880474,165.862339,508.392557
45.27,1.012266,0.880474,165.862336,508.392538
45.28,1.012266,0.880474,165.862334,508.39252
45.29,1.012266,0.880474,165.862331,508.392501
45.3,1.012266,0.880474,165.862328,508.392483
45.31,1.012266,0.880474,165.862325,508.392464
45.32,1.012266,0.880474,165.862322,508.392446
45.33,1.012266,0.880474,165.862319,508.392427
45.34,1.012266,0.880474,165.862316,508.392409
45.35,1.012266,0.880474,165.862314,508.392391
45.36,1.012266,0.880474,165.862311,508.392372
45.37,1.012266,0.880474,165.862308,508.392354
45.38,1.012266,0.880474,165.862305,508.392335
45.39,1.012266,0.880474,165.862302,508.392317
45.4,1.012266,0.880474,165.862299,508.392298
45.41,1.012266,0.880474,165.862296,508.39228
45.42,1.012266,0.880474,165.862294,508.392262
45.43,1.012266,0.880474,165.862291,508.392243
45.44,1.012266,0.880474,165.862288,508.392225
45.45,1.012266,0.880474,165.862285,508.392207
45.46,1.012266,0.880474,165.862282,508.392188
45.47,1.012266,0.880474,165.862279,508.39217
45.48,1.012266,0.880474,165.862276,508.392151
45.49,1.012266,0.880474,165.862274,508.392133
45.5,1.012266,0.880474,165.862271,508.392115
45.51,1.012266,0.880474,165.862268,508.392096
45.52,1.012266,0.880474,165.862265,508.392078
45.53,1.012266,0.880474,165.862262,508.39206
45.54,1.012266,0.880473,165.862259,508.392041
45.55,1.012266,0.880473,165.862257,508.392023
45.56,1.012266,0.880473,165.862254,508.392005
45.57,1.012266,0.880473,165.862251,508.391986
45.58,1.012266,0.880473,165.862248,508.391968
45.59,1.012266,0.880473,165.862245,508.39195
45.6,1.012266,0.880473,165.862242,508.391931
45.61,1.012266,0.880473,165.862239,508.391913
45.62,1.012266,0.880473,165.862237,508.391895
45.63,1.012266,0.880473,165.862234,508.391877
45.64,1.012266,0.880473,165.862231,508.391858
45.65,1.012266,0.880473,165.862228,508.39184
45.66,1.012266,0.880473,165.862225,508.391822
45.67,1.012266,0.880473,165.862222,508.391803
45.68,1.012266,0.880473,165.86222,508.391785
45.69,1.012266,0.880473,165.862217,508.391767
45.7,1.012266,0.880473,165.862214,508.391749
45.71,1.012266,0.880473,165.862211,508.39173
45.72,1.012266,0.880473,165.862208,508.391712
45.73,1.012266,0.880473,165.862205,508.391694
45.74,1.012266,0.880473,165.862203,508.391676
45.75,1.012266,0.880473,165.8622,508.391657
45.76,1.012266,0.880473,165.862197,508.391639
45.77,1.012266,0.880473,165.862194,508.391621
45.78,1.012266,0.880473,165.862191,508.391603
45.79,1.012266,0.880473,165.862188,508.391585
45.8,1.012266,0.880473,165.862186,508.391566
45.81,1.012266,0.880473,165.862183,508.391548
45.82,1.012266,0.880473,165.86218,508.39153
45.83,1.012266,0.880473,165.862177,508.391512
45.84,1.012266,0.880473,165.862174,508.391494
45.85,1.012266,0.880473,165.862171,508.391475
45.86,1.012266,0.880472,165.862169,508.391457
45.87,1.012266,0.880472,165.862166,508.391439
45.88,1.012266,0.880472,165.862163,508.391421
45.89,1.012266,0.880472,165.86216,508.391403
45.9,1.012266,0.880472,165.862157,508.391384
45.91,1.012266,0.880472,165.862154,508.391366
45.92,1.012266,0.880472,165.862152,508.391348
45.93,1.012266,0.880472,165.862149,508.39133
45.94,1.012266,0.880472,165.862146,508.391312
45.95,1.012266,0.880472,165.862143,508.391294
45.96,1.012266,0.880472,165.86214,508.391276
45.97,1.012266,0.880472,165.862138,508.391257
45.98,1.012266,0.880472,165.862135,508.391239
45.99,1.012266,0.880472,165.862132,508.391221
46,1.012266,0.880472,165.862129,508.391203
46.01,1.012266,0.880472,165.862126,508.391185
46.02,1.012266,0.880472,165.862123,508.391167
46.03,1.012266,0.880472,165.862121,508.391149
46.04,1.012266,0.880472,165.862118,508.391131
46.05,1.012266,0.880472,165.862115,508.391113
46.06,1.012266,0.880472,165.862112,508.391095
46.07,1.012266,0.880472,165.862109,508.391076
46.08,1.012266,0.880472,165.862107,508.391058
46.09,1.012266,0.880472,165.862104,508.39104
46.1,1.012266,0.880472,165.862101,508.391022
46.11,1.012266,0.880472,165.862098,508.391004
46.12,1.012266,0.880472,165.862095,508.390986
46.13,1.012266,0.880472,165.862093,508.390968
46.14,1.012266,0.880472,165.86209,508.39095
46.15,1.012266,0.880472,165.862087,508.390932
46.16,1.012266,0.880472,165.862084,508.390914
46.17,1.012266,0.880472,165.862081,508.390896
46.18,1.012266,0.880472,165.862079,508.390878
46.19,1.012266,0.880471,165.862076,508.39086
46.2,1.012266,0.880471,165.862073,508.390842
46.21,1.012266,0.880471,165.86207,508.390824
46.22,1.012266,0.880471,165.862067,508.390806
46.23,1.012266,0.880471,165.862065,508.390788
46.24,1.012266,0.880471,165.862062,508.39077
46.25,1.012266,0.880471,165.862059,508.390752
46.26,1.012266,0.880471,165.862056,508.390734
46.27,1.012266,0.880471,165.862053,508.390716
46.28,1.012266,0.880471,165.862051,508.390698
46.29,1.012266,0.880471,165.862048,508.39068
46.3,1.012266,0.880471,165.862045,508.390662
46.31,1.012266,0.880471,165.862042,508.390644
46.32,1.012266,0.880471,165.862039,508.390626
46.33,1.012266,0.880471,165.862037,508.390608
46.34,1.012266,0.880471,165.862034,508.39059
46.35,1.012266,0.880471,165.862031,508.390572
46.36,1.012266,0.880471,165.862028,508.390554
46.37,1.012266,0.880471,165.862026,508.390536
46.38,1.012266,0.880471,165.862023,508.390518
46.39,1.012266,0.880471,165.86202,508.3905
46.4,1.012266,0.880471,165.862017,508.390482
46.41,1.012266,0.880471,165.862014,508.390465
46.42,1.012266,0.880471,165.862012,508.390447
46.43,1.012266,0.880471,165.862009,508.390429
46.44,1.012266,0.880471,165.862006,508.390411
46.45,1.012266,0.880471,165.862003,508.390393
46.46,1.012266,0.880471,165.862,508.390375
46.47,1.012266,0.880471,165.861998,508.390357
46.48,1.012266,0.880471,165.861995,508.390339
46.49,1.012266,0.880471,165.861992,508.390321
46.5,1.012266,0.880471,165.861989,508.390304
46.51,1.012266,0.88047,165.861987,508.390286
46.52,1.012266,0.88047,165.861984,508.390268
46.53,1.012266,0.88047,165.861981,508.39025
46.54,1.012266,0.88047,165.861978,508.390232
46.55,1.012266,0.88047,165.861976,508.390214
46.56,1.012266,0.88047,165.861973,508.390196
46.57,1.012266,0.88047,165.86197,508.390179
46.58,1.012266,0.88047,165.861967,508.390161
46.59,1.012266,0.88047,165.861964,508.390143
46.6,1.012266,0.88047,165.861962,508.390125
46.61,1.012266,0.88047,165.861959,508.390107
46.62,1.012266,0.88047,165.861956,508.390089
46.63,1.012266,0.88047,165.861953,508.390072
46.64,1.012266,0.88047,165.861951,508.390054
46.65,1.012266,0.88047,165.861948,508.390036
46.66,1.012266,0.88047,165.861945,508.390018
46.67,1.012266,0.88047,165.861942,508.39
46.68,1.012266,0.88047,165.86194,508.389983
46.69,1.012266,0.88047,165.861937,508.389965
46.7,1.012266,0.88047,165.861934,508.389947
46.71,1.012266,0.88047,165.861931,508.389929
46.72,1.012266,0.88047,165.861929,508.389912
46.73,1.012266,0.88047,165.861926,508.389894
46.74,1.012266,0.88047,165.861923,508.389876
46.75,1.012266,0.88047,165.86192,508.389858
46.76,1.012266,0.88047,165.861918,508.38984
46.77,1.012266,0.88047,165.861915,508.389823
46.78,1.012266,0.88047,165.861912,508.389805
46.79,1.012267,0.88047,165.861909,508.389787
46.8,1.012267,0.88047,165.861907,508.38977
46.81,1.012267,0.88047,165.861904,508.389752
46.82,1.012267,0.88047,165.861901,508.389734
46.83,1.012267,0.88047,165.861898,508.389716
46.84,1.012267,0.880469,165.861896,508.389699
46.85,1.012267,0.880469,165.861893,508.389681
46.86,1.012267,0.880469,165.86189,508.389663
46.87,1.012267,0.880469,165.861887,508.389646
46.88,1.012267,0.880469,165.861885,508.389628
46.89,1.012267,0.880469,165.861882,508.38961
46.9,1.012267,0.880469,165.861879,508.389592
46.91,1.012267,0.880469,165.861876,508.389575
46.92,1.012267,0.880469,165.861874,508.389557
46.93,1.012267,0.880469,165.861871,508.389539
46.94,1.012267,0.880469,165.861868,508.389522
46.95,1.012267,0.880469,165.861865,508.389504
46.96,1.012267,0.880469,165.861863,508.389486
46.97,1.012267,0.880469,165.86186,508.389469
46.98,1.012267,0.880469,165.861857,508.389451
46.99,1.012267,0.880469,165.861854,508.389433
47,1.012267,0.880469,165.861852,508.389416
47.01,1.012267,0.880469,165.861849,508.389398
47.02,1.012267,0.880469,165.861846,508.389381
47.03,1.012267,0.880469,165.861844,508.389363
47.04,1.012267,0.880469,165.861841,508.389345
47.05,1.012267,0.880469,165.861838,508.389328
47.06,1.012267,0.880469,165.861835,508.38931
47.07,1.012267,0.880469,165.861833,508.389292
47.08,1.012267,0.880469,165.86183,508.389275
47.09,1.012267,0.880469,165.861827,508.389257
47.1,1.012267,0.880469,165.861824,508.38924
47.11,1.012267,0.880469,165.861822,508.389222
47.12,1.012267,0.880469,165.861819,508.389204
47.13,1.012267,0.880469,165.861816,508.389187
47.14,1.012267,0.880469,165.861814,508.389169
47.15,1.012267,0.880469,165.861811,508.389152
47.16,1.012267,0.880469,165.861808,508.389134
47.17,1.012267,0.880468,165.861805,508.389117
47.18,1.012267,0.880468,165.861803,508.389099
47.19,1.012267,0.880468,165.8618,508.389082
47.2,1.012267,0.880468,165.861797,508.389064
47.21,1.012267,0.880468,165.861795,508.389046
47.22,1.012267,0.880468,165.861792,508.389029
47.23,1.012267,0.880468,165.861789,508.389011
47.24,1.012267,0.880468,165.861786,508.388994
47.25,1.012267,0.880468,165.861784,508.388976
47.26,1.012267,0.880468,165.861781,508.388959
47.27,1.012267,0.880468,165.861778,508.388941
47.28,1.012267,0.880468,165.861776,508.388924
47.29,1.012267,0.880468,165.861773,508.388906
47.3,1.012267,0.880468,165.86177,508.388889
47.31,1.012267,0.880468,165.861767,508.388871
47.32,1.012267,0.880468,165.861765,508.388854
47.33,1.012267,0.880468,165.861762,508.388836
47.34,1.012267,0.880468,165.861759,508.388819
47.35,1.012267,0.880468,165.861757,508.388801
47.36,1.012267,0.880468,165.861754,508.388784
47.37,1.012267,0.880468,165.861751,508.388766
47.38,1.012267,0.880468,165.861749,508.388749
47.39,1.012267,0.880468,165.861746,508.388731
47.4,1.012267,0.880468,165.861743,508.388714
47.41,1.012267,0.880468,165.86174,508.388697
47.42,1.012267,0.880468,165.861738,508.388679
47.43,1.012267,0.880468,165.861735,508.388662
47.44,1.012267,0.880468,165.861732,508.388644
47.45,1.012267,0.880468,165.86173,508.388627
47.46,1.012267,0.880468,165.861727,508.388609
47.47,1.012267,0.880468,165.861724,508.388592
47.48,1.012267,0.880468,165.861722,508.388575
47.49,1.012267,0.880468,165.861719,508.388557
47.5,1.012267,0.880468,165.861716,508.38854
47.51,1.012267,0.880467,165.861714,508.388522
47.52,1.012267,0.880467,165.861711,508.388505
47.53,1.012267,0.880467,165.861708,508.388488
47.54,1.012267,0.880467,165.861706,508.38847
47.55,1.012267,0.880467,165.861703,508.388453
47.56,1.012267,0.880467,165.8617,508.388435
47.57,1.012267,0.880467,165.861698,508.388418
47.58,1.012267,0.880467,165.861695,508.388401
47.59,1.012267,0.880467,165.861692,508.388383
47.6,1.012267,0.880467,165.861689,508.388366
47.61,1.012267,0.880467,165.861687,508.388349
47.62,1.012267,0.880467,165.861684,508.388331
47.63,1.012267,0.880467,165.861681,508.388314
47.64,1.012267,0.880467,165.861679,508.388296
47.65,1.012267,0.880467,165.861676,508.388279
47.66,1.012267,0.880467,165.861673,508.388262
47.67,1.012267,0.880467,165.861671,508.388244
47.68,1.012267,0.880467,165.861668,508.388227
47.69,1.012267,0.880467,165.861665,508.38821
47.7,1.012267,0.880467,165.861663,508.388192
47.71,1.012267,0.880467,165.86166,508.388175
47.72,1.012267,0.880467,165.861657,508.388158
47.73,1.012267,0.880467,165.861655,508.388141
47.74,1.012267,0.880467,165.861652,508.388123
47.75,1.012267,0.880467,165.861649,508.388106
47.76,1.012267,0.880467,165.861647,508.388089
47.77,1.012267,0.880467,165.861644,508.388071
47.78,1.012267,0.880467,165.861641,508.388054
47.79,1.012267,0.880467,165.861639,508.388037
47.8,1.012267,0.880467,165.861636,508.38802
47.81,1.012267,0.880467,165.861633,508.388002
47.82,1.012267,0.880467,165.861631,508.387985
47.83,1.012267,0.880467,165.861628,508.387968
47.84,1.012267,0.880467,165.861626,508.387951
47.85,1.012267,0.880466,165.861623,508.387933
47.86,1.012267,0.880466,165.86162,508.387916
47.87,1.012267,0.880466,165.861618,508.387899
47.88,1.012267,0.880466,165.861615,508.387882
47.89,1.012267,0.880466,165.861612,508.387864
47.9,1.012267,0.880466,165.86161,508.387847
47.91,1.012267,0.880466,165.861607,508.38783
47.92,1.012267,0.880466,165.861604,508.387813
47.93,1.012267,0.880466,165.861602,508.387795
47.94,1.012267,0.880466,165.861599,508.387778
47.95,1.012267,0.880466,165.861596,508.387761
47.96,1.012267,0.880466,165.861594,508.387744
47.97,1.012267,0.880466,165.861591,508.387727
47.98,1.012267,0.880466,165.861588,508.38771
47.99,1.012267,0.880466,165.861586,508.387692
48,1.012267,0.880466,165.861583,508.387675
48.01,1.012267,0.880466,165.861581,508.387658
48.02,1.012267,0.880466,165.861578,508.387641
48.03,1.012267,0.880466,165.861575,508.387624
48.04,1.012267,0.880466,165.861573,508.387606
48.05,1.012267,0.880466,165.86157,508.387589
48.06,1.012267,0.880466,165.861567,508.387572
48.07,1.012267,0.880466,165.861565,508.387555
48.08,1.012267,0.880466,165.861562,508.387538
48.09,1.012267,0.880466,165.861559,508.387521
48.1,1.012267,0.880466,165.861557,508.387504
48.11,1.012267,0.880466,165.861554,508.387486
48.12,1.012267,0.880466,165.861552,508.387469
48.13,1.012267,0.880466,165.861549,508.387452
48.14,1.012267,0.880466,165.861546,508.387435
48.15,1.012267,0.880466,165.861544,508.387418
48.16,1.012267,0.880466,165.861541,508.387401
48.17,1.012267,0.880466,165.861538,508.387384
48.18,1.012267,0.880466,165.861536,508.387367
48.19,1.012267,0.880465,165.861533,508.38735
48.2,1.012267,0.880465,165.861531,508.387333
48.21,1.012267,0.880465,165.861528,508.387315
48.22,1.012267,0.880465,165.861525,508.387298
48.23,1.012267,0.880465,165.861523,508.387281
48.24,1.012267,0.880465,165.86152,508.387264
48.25,1.012267,0.880465,165.861517,508.387247
48.26,1.012267,0.880465,165.861515,508.38723
48.27,1.012267,0.880465,165.861512,508.387213
48.28,1.012267,0.880465,165.86151,508.387196
48.29,1.012267,0.880465,165.861507,508.387179
48.3,1.012267,0.880465,165.861504,508.387162
48.31,1.012267,0.880465,165.861502,508.387145
48.32,1.012267,0.880465,165.861499,508.387128
48.33,1.012267,0.880465,165.861497,508.387111
48.34,1.012267,0.880465,165.861494,508.387094
48.35,1.012267,0.880465,165.861491,508.387077
48.36,1.012267,0.880465,165.861489,508.38706
48.37,1.012267,0.880465,165.861486,508.387043
48.38,1.012267,0.880465,165.861484,508.387026
48.39,1.012267,0.880465,165.861481,508.387009
48.4,1.012267,0.880465,165.861478,508.386992
48.41,1.012267,0.880465,165.861476,508.386975
48.42,1.012267,0.880465,165.861473,508.386958
48.43,1.012267,0.880465,165.861471,508.386941
48.44,1.012267,0.880465,165.861468,508.386924
48.45,1.012267,0.880465,165.861465,508.386907
48.46,1.012267,0.880465,165.861463,508.38689
48.47,1.012267,0.880465,165.86146,508.386873
48.48,1.012267,0.880465,165.861458,508.386856
48.49,1.012267,0.880465,165.861455,508.386839
48.5,1.012267,0.880465,165.861452,508.386822
48.51,1.012267,0.880465,165.86145,508.386805
48.52,1.012267,0.880465,165.861447,508.386788
48.53,1.012267,0.880464,165.861445,508.386771
48.54,1.012267,0.880464,165.861442,508.386754
48.55,1.012267,0.880464,165.861439,508.386737
48.56,1.012267,0.880464,165.861437,508.38672
48.57,1.012267,0.880464,165.861434,508.386704
48.58,1.012267,0.880464,165.861432,508.386687
48.59,1.012267,0.880464,165.861429,508.38667
48.6,1.012267,0.880464,165.861426,508.386653
48.61,1.012267,0.880464,165.861424,508.386636
48.62,1.012267,0.880464,165.861421,508.386619
48.63,1.012267,0.880464,165.861419,508.386602
48.64,1.012267,0.880464,165.861416,508.386585
48.65,1.012267,0.880464,165.861414,508.386568
48.66,1.012267,0.880464,165.861411,508.386551
48.67,1.012267,0.880464,165.861408,508.386535
48.68,1.012267,0.880464,165.861406,508.386518
48.69,1.012267,0.880464,165.861403,508.386501
48.7,1.012267,0.880464,165.861401,508.386484
48.71,1.012267,0.880464,165.861398,508.386467
48.72,1.012267,0.880464,165.861396,508.38645
48.73,1.012267,0.880464,165.861393,508.386433
48.74,1.012267,0.880464,165.86139,508.386417
48.75,1.012267,0.880464,165.861388,508.3864
48.76,1.012267,0.880464,165.861385,508.386383
48.77,1.012267,0.880464,165.861383,508.386366
48.78,1.012267,0.880464,165.86138,508.386349
48.79,1.012267,0.880464,165.861378,508.386332
48.8,1.012267,0.880464,165.861375,508.386316
48.81,1.012267,0.880464,165.861372,508.386299
48.82,1.012267,0.880464,165.86137,508.386282
48.83,1.012267,0.880464,165.861367,508.386265
48.84,1.012267,0.880464,165.861365,508.386248
48.85,1.012267,0.880464,165.861362,508.386232
48.86,1.012267,0.880464,165.86136,508.386215
48.87,1.012267,0.880464,165.861357,508.386198
48.88,1.012267,0.880463,165.861354,508.386181
48.89,1.012267,0.880463,165.861352,508.386164
48.9,1.012267,0.880463,165.861349,508.386148
48.91,1.012267,0.880463,165.861347,508.386131
48.92,1.012267,0.880463,165.861344,508.386114
48.93,1.012267,0.880463,165.861342,508.386097
48.94,1.012267,0.880463,165.861339,508.386081
48.95,1.012267,0.880463,165.861337,508.386064
48.96,1.012267,0.880463,165.861334,508.386047
48.97,1.012267,0.880463,165.861331,508.38603
48.98,1.012267,0.880463,165.861329,508.386014
48.99,1.012267,0.880463,165.861326,508.385997
49,1.012267,0.880463,165.861324,508.38598
49.01,1.012267,0.880463,165.861321,508.385963
49.02,1.012267,0.880463,165.861319,508.385947
49.03,1.012267,0.880463,165.861316,508.38593
49.04,1.012267,0.880463,165.861314,508.385913
49.05,1.012267,0.880463,165.861311,508.385897
49.06,1.012267,0.880463,165.861309,508.38588
49.07,1.012267,0.880463,165.861306,508.385863
49.08,1.012267,0.880463,165.861303,508.385846
49.09,1.012267,0.880463,165.861301,508.38583
49.1,1.012267,0.880463,165.861298,508.385813
49.11,1.012267,0.880463,165.861296,508.385796
49.12,1.012267,0.880463,165.861293,508.38578
49.13,1.012267,0.880463,165.861291,508.385763
49.14,1.012267,0.880463,165.861288,508.385746
49.15,1.012267,0.880463,165.861286,508.38573
49.16,1.012267,0.880463,165.861283,508.385713
49.17,1.012267,0.880463,165.861281,508.385696
49.18,1.012267,0.880463,165.861278,508.38568
49.19,1.012267,0.880463,165.861276,508.385663
49.2,1.012267,0.880463,165.861273,508.385647
49.21,1.012267,0.880463,165.86127,508.38563
49.22,1.012267,0.880463,165.861268,508.385613
49.23,1.012267,0.880462,165.861265,508.385597
49.24,1.012267,0.880462,165.861263,508.38558
49.25,1.012267,0.880462,165.86126,508.385563
49.26,1.012267,0.880462,165.861258,508.385547
49.27,1.012267,0.880462,165.861255,508.38553
49.28,1.012267,0.880462,165.861253,508.385514
49.29,1.012267,0.880462,165.86125,508.385497
49.3,1.012267,0.880462,165.861248,508.38548
49.31,1.012267,0.880462,165.861245,508.385464
49.32,1.012267,0.880462,165.861243,508.385447
49.33,1.012267,0.880462,165.86124,508.385431
49.34,1.012267,0.880462,165.861238,508.385414
49.35,1.012267,0.880462,165.861235,508.385397
49.36,1.012267,0.880462,165.861233,508.385381
49.37,1.012267,0.880462,165.86123,508.385364
49.38,1.012267,0.880462,165.861228,508.385348
49.39,1.012267,0.880462,165.861225,508.385331
49.4,1.012267,0.880462,165.861223,508.385315
49.41,1.012267,0.880462,165.86122,508.385298
49.42,1.012267,0.880462,165.861217,508.385282
49.43,1.012267,0.880462,165.861215,508.385265
49.44,1.012267,0.880462,165.861212,508.385248
49.45,1.012267,0.880462,165.86121,508.385232
49.46,1.012267,0.880462,165.861207,508.385215
49.47,1.012267,0.880462,165.861205,508.385199
49.48,1.012267,0.880462,165.861202,508.385182
49.49,1.012267,0.880462,165.8612,508.385166
49.5,1.012267,0.880462,165.861197,508.385149
49.51,1.012267,0.880462,165.861195,508.385133
49.52,1.012267,0.880462,165.861192,508.385116
49.53,1.012267,0.880462,165.86119,508.3851
49.54,1.012267,0.880462,165.861187,508.385083
49.55,1.012267,0.880462,165.861185,508.385067
49.56,1.012267,0.880462,165.861182,508.38505
49.57,1.012267,0.880462,165.86118,508.385034
49.58,1.012267,0.880461,165.861177,508.385017
49.59,1.012267,0.880461,165.861175,508.385001
49.6,1.012267,0.880461,165.861172,508.384985
49.61,1.012267,0.880461,165.86117,508.384968
49.62,1.012267,0.880461,165.861167,508.384952
49.63,1.012267,0.880461,165.861165,508.384935
49.64,1.012267,0.880461,165.861162,508.384919
49.65,1.012267,0.880461,165.86116,508.384902
49.66,1.012267,0.880461,165.861157,508.384886
49.67,1.012267,0.880461,165.861155,508.384869
49.68,1.012267,0.880461,165.861152,508.384853
49.69,1.012267,0.880461,165.86115,508.384837
49.7,1.012267,0.880461,165.861147,508.38482
49.71,1.012267,0.880461,165.861145,508.384804
49.72,1.012267,0.880461,165.861142,508.384787
49.73,1.012267,0.880461,165.86114,508.384771
49.74,1.012267,0.880461,165.861137,508.384755
49.75,1.012267,0.880461,165.861135,508.384738
49.76,1.012267,0.880461,165.861132,508.384722
49.77,1.012267,0.880461,165.86113,508.384705
49.78,1.012267,0.880461,165.861128,508.384689
49.79,1.012267,0.880461,165.861125,508.384673
49.8,1.012267,0.880461,165.861123,508.384656
49.81,1.012267,0.880461,165.86112,508.38464
49.82,1.012267,0.880461,165.861118,508.384623
49.83,1.012267,0.880461,165.861115,508.384607
49.84,1.012267,0.880461,165.861113,508.384591
49.85,1.012267,0.880461,165.86111,508.384574
49.86,1.012267,0.880461,165.861108,508.384558
49.87,1.012267,0.880461,165.861105,508.384542
49.88,1.012267,0.880461,165.861103,508.384525
49.89,1.012267,0.880461,165.8611,508.384509
49.9,1.012267,0.880461,165.861098,508.384493
49.91,1.012267,0.880461,165.861095,508.384476
49.92,1.012267,0.880461,165.861093,508.38446
49.93,1.012267,0.880461,165.86109,508.384444
49.94,1.012267,0.88046,165.861088,508.384427
49.95,1.012267,0.88046,165.861085,508.384411
49.96,1.012267,0.88046,165.861083,508.384395
49.97,1.012267,0.88046,165.86108,508.384379
49.98,1.012267,0.88046,165.861078,508.384362
49.99,1.012267,0.88046,165.861075,508.384346
50,1.012267,0.88046,165.861073,508.38433
