b:tnow in s,s:ut in p.u.,s:cur1 in p.u.,s:Q1 in Mvar,s:P1 in MW
0,1.0493,0.814622,212.411827,650
0.01,1.049128,0.815403,212.680104,650.483335
0.02,1.049123,0.8154,212.674255,650.479785
0.03,1.049119,0.815396,212.668412,650.474933
0.04,1.049116,0.81539,212.662711,650.469486
0.05,1.049114,0.815383,212.657225,650.463912
0.06,1.049112,0.815377,212.651988,650.458488
0.07,1.04911,0.81537,212.647012,650.453369
0.08,1.049109,0.815364,212.642293,650.448628
0.09,1.049108,0.815358,212.637822,650.444285
0.1,1.049108,0.815353,212.633581,650.440327
0.11,1.049107,0.815347,212.62955,650.436721
0.12,1.049107,0.815342,212.625709,650.433424
0.13,1.049107,0.815338,212.622035,650.430383
0.14,1.049107,0.815333,212.618503,650.427545
0.15,1.049107,0.815329,212.615093,650.424854
0.16,1.049107,0.815325,212.611783,650.422255
0.17,1.049107,0.81532,212.608551,650.419698
0.18,1.049107,0.815316,212.605379,650.417131
0.19,1.049108,0.815312,212.602247,650.414507
0.2,1.049108,0.815307,212.59914,650.411782
0.21,1.049109,0.815302,212.596042,650.408914
0.22,1.049109,0.815297,212.59294,650.405867
0.23,1.04911,0.815292,212.589822,650.402605
0.24,1.049111,0.815286,212.586675,650.399098
0.25,1.049112,0.81528,212.583492,650.395317
0.26,1.049113,0.815273,212.580264,650.391237
0.27,1.049114,0.815266,212.576985,650.386839
0.28,1.049115,0.815258,212.573648,650.382104
0.29,1.049117,0.81525,212.57025,650.377017
0.3,1.049118,0.815242,212.566788,650.371568
0.31,1.049119,0.815233,212.563258,650.365748
0.32,1.049121,0.815223,212.559661,650.359553
0.33,1.049123,0.815213,212.555995,650.35298
0.34,1.049125,0.815202,212.552262,650.346032
0.35,1.049127,0.815191,212.548462,650.338712
0.36,1.049129,0.815179,212.544599,650.331028
0.37,1.049131,0.815167,212.540675,650.322991
0.38,1.049133,0.815154,212.536694,650.314612
0.39,1.049136,0.815141,212.532661,650.305908
0.4,1.049138,0.815128,212.52858,650.296895
0.41,1.049141,0.815114,212.524457,650.287596
0.42,1.049143,0.815099,212.520298,650.278032
0.43,1.049146,0.815084,212.516109,650.268227
0.44,1.049149,0.815069,212.511898,650.258209
0.45,1.049152,0.815054,212.507672,650.248005
0.46,1.049155,0.815038,212.503439,650.237645
0.47,1.049158,0.815022,212.499206,650.227161
0.48,1.049161,0.815007,212.494983,650.216585
0.49,1.049164,0.814991,212.490777,650.20595
0.5,1.049167,0.814974,212.486597,650.195291
0.51,1.04917,0.814958,212.482454,650.184643
0.52,1.049173,0.814942,212.478354,650.17404
0.53,1.049177,0.814926,212.474308,650.16352
0.54,1.04918,0.814911,212.470325,650.153117
0.55,1.049183,0.814895,212.466415,650.142868
0.56,1.049186,0.81488,212.462585,650.132807
0.57,1.04919,0.814865,212.458846,650.12297
0.58,1.049193,0.81485,212.455205,650.113391
0.59,1.049196,0.814836,212.451673,650.104104
0.6,1.049199,0.814822,212.448258,650.095141
0.61,1.049202,0.814809,212.444968,650.086533
0.62,1.049205,0.814796,212.441811,650.078312
0.63,1.049208,0.814783,212.438796,650.070505
0.64,1.049211,0.814772,212.435929,650.06314
0.65,1.049214,0.814761,212.433218,650.056242
0.66,1.049217,0.814751,212.430671,650.049836
0.67,1.049219,0.814741,212.428292,650.043943
0.68,1.049222,0.814732,212.42609,650.038583
0.69,1.049224,0.814724,212.424068,650.033775
0.7,1.049226,0.814717,212.422233,650.029535
0.71,1.049229,0.81471,212.420588,650.025876
0.72,1.049231,0.814705,212.419139,650.022811
0.73,1.049233,0.8147,212.417888,650.020348
0.74,1.049234,0.814696,212.416839,650.018496
0.75,1.049236,0.814693,212.415994,650.01726
0.76,1.049237,0.814691,212.415356,650.016641
0.77,1.049239,0.81469,212.414925,650.016643
0.78,1.04924,0.81469,212.414703,650.017262
0.79,1.049241,0.81469,212.414689,650.018495
0.8,1.049242,0.814692,212.414884,650.020338
0.81,1.049243,0.814694,212.415287,650.022783
0.82,1.049243,0.814697,212.415896,650.025819
0.83,1.049244,0.814701,212.416709,650.029436
0.84,1.049244,0.814706,212.417724,650.033621
0.85,1.049244,0.814712,212.418937,650.038359
0.86,1.049244,0.814718,212.420346,650.043633
0.87,1.049244,0.814726,212.421945,650.049425
0.88,1.049244,0.814734,212.42373,650.055716
0.89,1.049243,0.814742,212.425696,650.062485
0.9,1.049242,0.814752,212.427837,650.06971
0.91,1.049242,0.814762,212.430147,650.077368
0.92,1.049241,0.814773,212.432621,650.085435
0.93,1.04924,0.814784,212.435249,650.093886
0.94,1.049238,0.814796,212.438027,650.102694
0.95,1.049237,0.814809,212.440945,650.111834
0.96,1.049236,0.814822,212.443995,650.121279
0.97,1.049234,0.814835,212.44717,650.131
0.98,1.049232,0.814849,212.450461,650.140971
0.99,1.049231,0.814863,212.453858,650.151163
1,1.049229,0.814877,212.457354,650.161547
1.01,1.049227,0.814892,212.460938,650.172097
1.02,1.049225,0.814907,212.464601,650.182783
1.03,1.049222,0.814923,212.468333,650.193577
1.04,1.04922,0.814938,212.472125,650.204453
1.05,1.049218,0.814954,212.475968,650.215381
1.06,1.049215,0.814969,212.47985,650.226336
1.07,1.049213,0.814985,212.483763,650.237291
1.08,1.04921,0.815001,212.487697,650.24822
1.09,1.049208,0.815017,212.491642,650.259098
1.1,1.049205,0.815032,212.495587,650.269899
1.11,1.049203,0.815048,212.499525,650.280601
1.12,1.0492,0.815064,212.503444,650.29118
1.13,1.049197,0.815079,212.507337,650.301613
1.14,1.049195,0.815094,212.511193,650.31188
1.15,1.049192,0.815109,212.515004,650.32196
1.16,1.049189,0.815124,212.518762,650.331833
1.17,1.049187,0.815138,212.522458,650.341481
1.18,1.049184,0.815152,212.526083,650.350886
1.19,1.049182,0.815166,212.52963,650.360032
1.2,1.049179,0.815179,212.533092,650.368904
1.21,1.049176,0.815192,212.536462,650.377486
1.22,1.049174,0.815204,212.539731,650.385767
1.23,1.049172,0.815216,212.542895,650.393732
1.24,1.049169,0.815228,212.545948,650.401371
1.25,1.049167,0.815239,212.548882,650.408674
1.26,1.049165,0.81525,212.551694,650.415631
1.27,1.049162,0.81526,212.554379,650.422235
1.28,1.04916,0.81527,212.556931,650.428478
1.29,1.049158,0.815279,212.559348,650.434354
1.3,1.049156,0.815287,212.561625,650.439857
1.31,1.049155,0.815295,212.56376,650.444985
1.32,1.049153,0.815303,212.565751,650.449733
1.33,1.049151,0.81531,212.567593,650.454099
1.34,1.04915,0.815316,212.569288,650.458082
1.35,1.049148,0.815322,212.570832,650.461681
1.36,1.049147,0.815327,212.572225,650.464897
1.37,1.049146,0.815332,212.573466,650.467731
1.38,1.049145,0.815336,212.574557,650.470185
1.39,1.049144,0.815339,212.575496,650.472262
1.4,1.049143,0.815342,212.576286,650.473965
1.41,1.049142,0.815344,212.576927,650.4753
1.42,1.049141,0.815346,212.577421,650.47627
1.43,1.049141,0.815347,212.57777,650.476882
1.44,1.04914,0.815348,212.577976,650.477143
1.45,1.04914,0.815348,212.578043,650.477059
1.46,1.04914,0.815348,212.577973,650.476637
1.47,1.04914,0.815347,212.577769,650.475887
1.48,1.04914,0.815346,212.577436,650.474818
1.49,1.04914,0.815344,212.576978,650.473437
1.5,1.04914,0.815342,212.576397,650.471757
1.51,1.049141,0.815339,212.5757,650.469785
1.52,1.049141,0.815336,212.574891,650.467535
1.53,1.049142,0.815332,212.573975,650.465015
1.54,1.049142,0.815328,212.572956,650.462239
1.55,1.049143,0.815324,212.57184,650.459219
1.56,1.049144,0.815319,212.570633,650.455965
1.57,1.049145,0.815314,212.569341,650.452492
1.58,1.049146,0.815308,212.567967,650.448811
1.59,1.049147,0.815302,212.56652,650.444936
1.6,1.049148,0.815296,212.565003,650.44088
1.61,1.049149,0.81529,212.563424,650.436657
1.62,1.049151,0.815283,212.561787,650.432279
1.63,1.049152,0.815276,212.5601,650.427761
1.64,1.049154,0.815269,212.558366,650.423117
1.65,1.049155,0.815262,212.556594,650.41836
1.66,1.049157,0.815255,212.554787,650.413503
1.67,1.049159,0.815247,212.552953,650.408561
1.68,1.04916,0.815239,212.551095,650.403548
1.69,1.049162,0.815232,212.549221,650.398477
1.7,1.049164,0.815224,212.547335,650.393361
1.71,1.049166,0.815216,212.545443,650.388214
1.72,1.049168,0.815208,212.543549,650.383048
1.73,1.04917,0.8152,212.541659,650.377878
1.74,1.049171,0.815192,212.539778,650.372715
1.75,1.049173,0.815184,212.537909,650.367571
1.76,1.049175,0.815175,212.536058,650.362459
1.77,1.049177,0.815168,212.534228,650.357391
1.78,1.049179,0.81516,212.532424,650.352377
1.79,1.049182,0.815152,212.53065,650.347429
1.8,1.049184,0.815144,212.528908,650.342557
1.81,1.049186,0.815136,212.527204,650.33777
1.82,1.049188,0.815129,212.525538,650.333079
1.83,1.04919,0.815121,212.523915,650.328493
1.84,1.049192,0.815114,212.522338,650.324019
1.85,1.049194,0.815107,212.520808,650.319665
1.86,1.049196,0.8151,212.519328,650.315439
1.87,1.049198,0.815094,212.5179,650.311348
1.88,1.0492,0.815087,212.516526,650.307398
1.89,1.049202,0.815081,212.515207,650.303594
1.9,1.049204,0.815075,212.513945,650.299941
1.91,1.049206,0.815069,212.512741,650.296443
1.92,1.049208,0.815063,212.511596,650.293105
1.93,1.04921,0.815057,212.510511,650.289928
1.94,1.049211,0.815052,212.509487,650.286916
1.95,1.049213,0.815047,212.508523,650.28407
1.96,1.049215,0.815042,212.50762,650.281391
1.97,1.049217,0.815038,212.506779,650.27888
1.98,1.049219,0.815033,212.505999,650.276537
1.99,1.04922,0.815029,212.505281,650.274361
2,1.049222,0.815025,212.504623,650.272352
2.01,1.049224,0.815022,212.504026,650.270507
2.02,1.049226,0.815018,212.503489,650.268824
2.03,1.049227,0.815015,212.503011,650.267301
2.04,1.049229,0.815012,212.502592,650.265935
2.05,1.04923,0.81501,212.502231,650.264722
2.06,1.049232,0.815007,212.501927,650.263657
2.07,1.049233,0.815005,212.50168,650.262738
2.08,1.049235,0.815003,212.501489,650.261959
2.09,1.049236,0.815001,212.501352,650.261315
2.1,1.049238,0.814999,212.501269,650.260801
2.11,1.049239,0.814997,212.50124,650.260412
2.12,1.049241,0.814996,212.501262,650.260142
2.13,1.049242,0.814995,212.501335,650.259985
2.14,1.049243,0.814994,212.501459,650.259936
2.15,1.049245,0.814993,212.501633,650.25999
2.16,1.049246,0.814992,212.501855,650.260139
2.17,1.049247,0.814992,212.502126,650.260379
2.18,1.049248,0.814991,212.502444,650.260703
2.19,1.04925,0.814991,212.502809,650.261106
2.2,1.049251,0.814991,212.503221,650.261582
2.21,1.049252,0.81499,212.503678,650.262127
2.22,1.049253,0.81499,212.504181,650.262734
2.23,1.049254,0.814991,212.504729,650.2634
2.24,1.049255,0.814991,212.505322,650.264118
2.25,1.049256,0.814991,212.50596,650.264886
2.26,1.049257,0.814992,212.506643,650.265699
2.27,1.049258,0.814992,212.50737,650.266554
2.28,1.049259,0.814993,212.508143,650.267447
2.29,1.04926,0.814993,212.50896,650.268375
2.3,1.049261,0.814994,212.509823,650.269336
2.31,1.049262,0.814995,212.510731,650.270328
2.32,1.049263,0.814996,212.511686,650.271349
2.33,1.049263,0.814997,212.512686,650.272398
2.34,1.049264,0.814998,212.513733,650.273474
2.35,1.049265,0.814999,212.514828,650.274578
2.36,1.049265,0.815,212.51597,650.275708
2.37,1.049266,0.815001,212.517161,650.276866
2.38,1.049267,0.815003,212.518401,650.278053
2.39,1.049267,0.815004,212.51969,650.27927
2.4,1.049268,0.815005,212.52103,650.280519
2.41,1.049268,0.815007,212.52242,650.281801
2.42,1.049269,0.815009,212.523862,650.28312
2.43,1.049269,0.815011,212.525356,650.284478
2.44,1.049269,0.815012,212.526902,650.285879
2.45,1.04927,0.815014,212.528501,650.287325
2.46,1.04927,0.815017,212.530154,650.28882
2.47,1.04927,0.815019,212.531861,650.290369
2.48,1.04927,0.815021,212.533621,650.291975
2.49,1.04927,0.815024,212.535437,650.293642
2.5,1.04927,0.815026,212.537306,650.295374
2.51,1.04927,0.815029,212.53923,650.297177
2.52,1.04927,0.815032,212.541209,650.299053
2.53,1.04927,0.815035,212.543241,650.301008
2.54,1.04927,0.815038,212.545328,650.303046
2.55,1.04927,0.815042,212.547468,650.30517
2.56,1.049269,0.815045,212.549661,650.307386
2.57,1.049269,0.815049,212.551906,650.309695
2.58,1.049269,0.815053,212.554202,650.312103
2.59,1.049268,0.815057,212.556548,650.314613
2.6,1.049268,0.815061,212.558943,650.317226
2.61,1.049267,0.815066,212.561386,650.319947
2.62,1.049266,0.81507,212.563875,650.322777
2.63,1.049266,0.815075,212.566408,650.325719
2.64,1.049265,0.81508,212.568983,650.328772
2.65,1.049264,0.815085,212.571599,650.33194
2.66,1.049263,0.815091,212.574253,650.335222
2.67,1.049262,0.815096,212.576943,650.338617
2.68,1.049261,0.815102,212.579666,650.342126
2.69,1.04926,0.815108,212.58242,650.345747
2.7,1.049259,0.815114,212.585201,650.349479
2.71,1.049258,0.81512,212.588007,650.353319
2.72,1.049257,0.815126,212.590835,650.357264
2.73,1.049256,0.815133,212.593681,650.36131
2.74,1.049255,0.81514,212.596542,650.365455
2.75,1.049253,0.815147,212.599414,650.369692
2.76,1.049252,0.815154,212.602294,650.374017
2.77,1.049251,0.815161,212.605178,650.378423
2.78,1.049249,0.815168,212.608062,650.382905
2.79,1.049248,0.815175,212.610942,650.387455
2.8,1.049247,0.815183,212.613814,650.392065
2.81,1.049245,0.81519,212.616675,650.396728
2.82,1.049244,0.815198,212.61952,650.401434
2.83,1.049242,0.815205,212.622344,650.406175
2.84,1.049241,0.815213,212.625145,650.410942
2.85,1.049239,0.81522,212.627917,650.415723
2.86,1.049238,0.815228,212.630657,650.42051
2.87,1.049236,0.815235,212.633361,650.425291
2.88,1.049235,0.815243,212.636023,650.430056
2.89,1.049233,0.81525,212.638641,650.434793
2.9,1.049232,0.815258,212.641211,650.439491
2.91,1.049231,0.815265,212.643728,650.444138
2.92,1.049229,0.815272,212.646189,650.448723
2.93,1.049228,0.815279,212.64859,650.453234
2.94,1.049227,0.815286,212.650928,650.45766
2.95,1.049225,0.815293,212.653199,650.461988
2.96,1.049224,0.815299,212.6554,650.466208
2.97,1.049223,0.815306,212.657527,650.470307
2.98,1.049222,0.815312,212.659579,650.474275
2.99,1.04922,0.815318,212.661551,650.478101
3,1.049219,0.815324,212.663443,650.481773
3.01,1.049218,0.815329,212.66525,650.485281
3.02,1.049217,0.815334,212.666972,650.488616
3.03,1.049216,0.815339,212.668606,650.491768
3.04,1.049216,0.815344,212.67015,650.494728
3.05,1.049215,0.815348,212.671603,650.497486
3.06,1.049214,0.815352,212.672964,650.500036
3.07,1.049213,0.815356,212.674232,650.502369
3.08,1.049213,0.815359,212.675407,650.504479
3.09,1.049212,0.815362,212.676487,650.506359
3.1,1.049212,0.815364,212.677472,650.508005
3.11,1.049212,0.815367,212.678363,650.50941
3.12,1.049211,0.815368,212.67916,650.510573
3.13,1.049211,0.81537,212.679863,650.511488
3.14,1.049211,0.815371,212.680473,650.512153
3.15,1.049211,0.815372,212.680992,650.512568
3.16,1.049211,0.815372,212.68142,650.51273
3.17,1.049211,0.815372,212.68176,650.51264
3.18,1.049211,0.815371,212.682012,650.512298
3.19,1.049211,0.815371,212.68218,650.511706
3.2,1.049212,0.815369,212.682265,650.510867
3.21,1.049212,0.815368,212.68227,650.509783
3.22,1.049213,0.815366,212.682197,650.508458
3.23,1.049213,0.815364,212.68205,650.506898
3.24,1.049214,0.815361,212.681831,650.505106
3.25,1.049215,0.815358,212.681545,650.503091
3.26,1.049215,0.815355,212.681193,650.500857
3.27,1.049216,0.815351,212.68078,650.498415
3.28,1.049217,0.815347,212.68031,650.49577
3.29,1.049218,0.815343,212.679787,650.492933
3.3,1.049219,0.815339,212.679214,650.489912
3.31,1.04922,0.815334,212.678595,650.486719
3.32,1.049221,0.815329,212.677935,650.483363
3.33,1.049223,0.815324,212.677239,650.479856
3.34,1.049224,0.815319,212.676509,650.476208
3.35,1.049225,0.815313,212.675752,650.472433
3.36,1.049226,0.815307,212.674971,650.468542
3.37,1.049228,0.815302,212.67417,650.464548
3.38,1.049229,0.815296,212.673354,650.460463
3.39,1.049231,0.815289,212.672528,650.456301
3.4,1.049232,0.815283,212.671696,650.452076
3.41,1.049234,0.815277,212.670862,650.447799
3.42,1.049235,0.815271,212.670031,650.443485
3.43,1.049237,0.815264,212.669207,650.439148
3.44,1.049238,0.815258,212.668393,650.4348
3.45,1.04924,0.815251,212.667595,650.430454
3.46,1.049241,0.815245,212.666816,650.426125
3.47,1.049243,0.815239,212.66606,650.421825
3.48,1.049244,0.815232,212.665331,650.417567
3.49,1.049246,0.815226,212.664632,650.413363
3.5,1.049247,0.81522,212.663967,650.409225
3.51,1.049249,0.815214,212.663339,650.405166
3.52,1.04925,0.815208,212.662752,650.401198
3.53,1.049252,0.815202,212.662208,650.39733
3.54,1.049253,0.815197,212.661711,650.393574
3.55,1.049255,0.815191,212.661262,650.38994
3.56,1.049256,0.815186,212.660865,650.386438
3.57,1.049258,0.815181,212.660521,650.383076
3.58,1.049259,0.815176,212.660233,650.379864
3.59,1.049261,0.815171,212.660003,650.376809
3.6,1.049262,0.815167,212.659832,650.373919
3.61,1.049263,0.815163,212.659721,650.3712
3.62,1.049264,0.815159,212.659673,650.368658
3.63,1.049266,0.815156,212.659688,650.366299
3.64,1.049267,0.815152,212.659767,650.364128
3.65,1.049268,0.815149,212.659911,650.362149
3.66,1.049269,0.815146,212.660121,650.360364
3.67,1.04927,0.815144,212.660395,650.358778
3.68,1.049271,0.815142,212.660736,650.357392
3.69,1.049272,0.81514,212.661142,650.356207
3.7,1.049273,0.815138,212.661614,650.355225
3.71,1.049274,0.815137,212.662151,650.354445
3.72,1.049275,0.815136,212.662752,650.353868
3.73,1.049275,0.815135,212.663417,650.353491
3.74,1.049276,0.815134,212.664144,650.353313
3.75,1.049277,0.815134,212.664934,650.353333
3.76,1.049278,0.815134,212.665784,650.353546
3.77,1.049278,0.815134,212.666693,650.353951
3.78,1.049279,0.815135,212.66766,650.354542
3.79,1.049279,0.815136,212.668684,650.355316
3.8,1.04928,0.815137,212.669762,650.356267
3.81,1.04928,0.815138,212.670893,650.357391
3.82,1.04928,0.81514,212.672076,650.358681
3.83,1.049281,0.815142,212.673307,650.360132
3.84,1.049281,0.815144,212.674586,650.361738
3.85,1.049281,0.815146,212.67591,650.363491
3.86,1.049281,0.815149,212.677278,650.365385
3.87,1.049282,0.815151,212.678686,650.367412
3.88,1.049282,0.815154,212.680133,650.369565
3.89,1.049282,0.815157,212.681618,650.371837
3.9,1.049282,0.815161,212.683136,650.374219
3.91,1.049282,0.815164,212.684688,650.376705
3.92,1.049282,0.815167,212.686269,650.379285
3.93,1.049282,0.815171,212.687879,650.381953
3.94,1.049282,0.815175,212.689514,650.384699
3.95,1.049282,0.815179,212.691174,650.387517
3.96,1.049282,0.815183,212.692855,650.390397
3.97,1.049282,0.815187,212.694556,650.393333
3.98,1.049281,0.815191,212.696274,650.396317
3.99,1.049281,0.815195,212.698009,650.39934
4,1.049281,0.815199,212.699757,650.402396
4.01,1.049281,0.815204,212.701517,650.405478
4.02,1.049281,0.815208,212.703288,650.408577
4.03,1.04928,0.815212,212.705067,650.411688
4.04,1.04928,0.815217,212.706853,650.414803
4.05,1.04928,0.815221,212.708645,650.417917
4.06,1.049279,0.815226,212.71044,650.421023
4.07,1.049279,0.81523,212.712238,650.424115
4.08,1.049279,0.815234,212.714037,650.427189
4.09,1.049278,0.815239,212.715837,650.430238
4.1,1.049278,0.815243,212.717634,650.433258
4.11,1.049278,0.815247,212.71943,650.436244
4.12,1.049277,0.815252,212.721222,650.439192
4.13,1.049277,0.815256,212.72301,650.442098
4.14,1.049277,0.81526,212.724792,650.444959
4.15,1.049276,0.815264,212.726569,650.447771
4.16,1.049276,0.815268,212.728339,650.450532
4.17,1.049276,0.815272,212.730101,650.453238
4.18,1.049275,0.815276,212.731855,650.455889
4.19,1.049275,0.81528,212.733601,650.458481
4.2,1.049274,0.815284,212.735338,650.461013
4.21,1.049274,0.815288,212.737065,650.463484
4.22,1.049274,0.815291,212.738783,650.465893
4.23,1.049273,0.815295,212.74049,650.468239
4.24,1.049273,0.815299,212.742186,650.470522
4.25,1.049272,0.815302,212.743872,650.472742
4.26,1.049272,0.815305,212.745547,650.474898
4.27,1.049272,0.815309,212.74721,650.476991
4.28,1.049271,0.815312,212.748862,650.479021
4.29,1.049271,0.815315,212.750502,650.48099
4.3,1.04927,0.815318,212.752131,650.482898
4.31,1.04927,0.815321,212.753747,650.484746
4.32,1.04927,0.815324,212.755352,650.486535
4.33,1.049269,0.815327,212.756944,650.488267
4.34,1.049269,0.81533,212.758523,650.489943
4.35,1.049268,0.815333,212.76009,650.491564
4.36,1.049268,0.815335,212.761644,650.493134
4.37,1.049267,0.815338,212.763185,650.494652
4.38,1.049267,0.81534,212.764713,650.496121
4.39,1.049267,0.815343,212.766227,650.497542
4.4,1.049266,0.815345,212.767727,650.498918
4.41,1.049266,0.815348,212.769214,650.50025
4.42,1.049265,0.81535,212.770686,650.501539
4.43,1.049265,0.815352,212.772143,650.502789
4.44,1.049265,0.815355,212.773585,650.503999
4.45,1.049264,0.815357,212.775012,650.505172
4.46,1.049264,0.815359,212.776423,650.50631
4.47,1.049263,0.815361,212.777817,650.507414
4.48,1.049263,0.815363,212.779194,650.508484
4.49,1.049263,0.815365,212.780554,650.509523
4.5,1.049262,0.815367,212.781895,650.510532
4.51,1.049262,0.815369,212.783218,650.511511
4.52,1.049261,0.815371,212.784522,650.512462
4.53,1.049261,0.815372,212.785805,650.513385
4.54,1.049261,0.815374,212.787068,650.51428
4.55,1.04926,0.815376,212.788309,650.515149
4.56,1.04926,0.815378,212.789528,650.515991
4.57,1.04926,0.815379,212.790724,650.516807
4.58,1.049259,0.815381,212.791896,650.517597
4.59,1.049259,0.815382,212.793044,650.51836
4.6,1.049259,0.815384,212.794166,650.519097
4.61,1.049258,0.815385,212.795262,650.519807
4.62,1.049258,0.815387,212.796332,650.520489
4.63,1.049258,0.815388,212.797373,650.521143
4.64,1.049258,0.815389,212.798386,650.521768
4.65,1.049257,0.81539,212.79937,650.522363
4.66,1.049257,0.815392,212.800324,650.522927
4.67,1.049257,0.815393,212.801248,650.523459
4.68,1.049257,0.815394,212.802139,650.523958
4.69,1.049257,0.815395,212.802999,650.524423
4.7,1.049257,0.815396,212.803826,650.524851
4.71,1.049256,0.815396,212.80462,650.525243
4.72,1.049256,0.815397,212.80538,650.525595
4.73,1.049256,0.815398,212.806106,650.525908
4.74,1.049256,0.815398,212.806797,650.526179
4.75,1.049256,0.815399,212.807453,650.526406
4.76,1.049256,0.815399,212.808074,650.526589
4.77,1.049256,0.8154,212.808659,650.526726
4.78,1.049256,0.8154,212.809209,650.526815
4.79,1.049257,0.8154,212.809723,650.526855
4.8,1.049257,0.8154,212.8102,650.526845
4.81,1.049257,0.8154,212.810642,650.526783
4.82,1.049257,0.8154,212.811049,650.526668
4.83,1.049257,0.8154,212.81142,650.526499
4.84,1.049258,0.815399,212.811756,650.526274
4.85,1.049258,0.815399,212.812058,650.525994
4.86,1.049258,0.815398,212.812325,650.525657
4.87,1.049259,0.815398,212.812559,650.525263
4.88,1.049259,0.815397,212.81276,650.52481
4.89,1.049259,0.815396,212.81293,650.5243
4.9,1.04926,0.815395,212.813068,650.523731
4.91,1.04926,0.815394,212.813176,650.523104
4.92,1.049261,0.815393,212.813255,650.522418
4.93,1.049261,0.815392,212.813306,650.521675
4.94,1.049262,0.81539,212.81333,650.520875
4.95,1.049263,0.815389,212.813329,650.520019
4.96,1.049263,0.815387,212.813305,650.519106
4.97,1.049264,0.815386,212.813257,650.51814
4.98,1.049265,0.815384,212.813189,650.517121
4.99,1.049265,0.815382,212.813101,650.516051
5,1.049266,0.81538,212.812996,650.514931
5.01,1.049267,0.815378,212.812875,650.513764
5.02,1.049268,0.815376,212.81274,650.512552
5.03,1.049268,0.815374,212.812593,650.511297
5.04,1.049269,0.815372,212.812436,650.510001
5.05,1.04927,0.81537,212.81227,650.508669
5.06,1.049271,0.815367,212.812098,650.507301
5.07,1.049272,0.815365,212.811922,650.505903
5.08,1.049273,0.815363,212.811744,650.504477
5.09,1.049274,0.81536,212.811566,650.503026
5.1,1.049275,0.815358,212.81139,650.501554
5.11,1.049276,0.815355,212.811217,650.500066
5.12,1.049276,0.815353,212.811051,650.498564
5.13,1.049277,0.81535,212.810894,650.497053
5.14,1.049278,0.815348,212.810746,650.495537
5.15,1.049279,0.815345,212.810611,650.494021
5.16,1.04928,0.815343,212.810491,650.492508
5.17,1.049281,0.815341,212.810387,650.491002
5.18,1.049282,0.815338,212.810301,650.48951
5.19,1.049283,0.815336,212.810236,650.488033
5.2,1.049284,0.815333,212.810193,650.486578
5.21,1.049285,0.815331,212.810174,650.485149
5.22,1.049286,0.815329,212.810181,650.48375
5.23,1.049287,0.815326,212.810215,650.482385
5.24,1.049287,0.815324,212.810278,650.48106
5.25,1.049288,0.815322,212.810372,650.479777
5.26,1.049289,0.81532,212.810498,650.478543
5.27,1.04929,0.815318,212.810657,650.477359
5.28,1.049291,0.815316,212.81085,650.476232
5.29,1.049292,0.815315,212.81108,650.475164
5.3,1.049292,0.815313,212.811346,650.47416
5.31,1.049293,0.815312,212.81165,650.473223
5.32,1.049294,0.81531,212.811993,650.472357
5.33,1.049294,0.815309,212.812375,650.471565
5.34,1.049295,0.815308,212.812797,650.47085
5.35,1.049296,0.815307,212.81326,650.470215
5.36,1.049296,0.815306,212.813764,650.469663
5.37,1.049297,0.815305,212.814309,650.469197
5.38,1.049297,0.815304,212.814895,650.468818
5.39,1.049298,0.815304,212.815523,650.468529
5.4,1.049298,0.815304,212.816192,650.468332
5.41,1.049299,0.815304,212.816903,650.468228
5.42,1.049299,0.815303,212.817655,650.468218
5.43,1.049299,0.815304,212.818447,650.468304
5.44,1.0493,0.815304,212.819279,650.468486
5.45,1.0493,0.815304,212.820151,650.468766
5.46,1.0493,0.815305,212.821062,650.469142
5.47,1.0493,0.815306,212.822011,650.469615
5.48,1.049301,0.815306,212.822997,650.470186
5.49,1.049301,0.815307,212.824019,650.470852
5.5,1.049301,0.815309,212.825076,650.471614
5.51,1.049301,0.81531,212.826167,650.47247
5.52,1.049301,0.815311,212.827291,650.473419
5.53,1.049301,0.815313,212.828446,650.47446
5.54,1.049301,0.815315,212.829631,650.47559
5.55,1.049301,0.815317,212.830844,650.476807
5.56,1.049301,0.815319,212.832084,650.478109
5.57,1.049301,0.815321,212.833349,650.479494
5.58,1.049301,0.815323,212.834638,650.480958
5.59,1.0493,0.815325,212.835949,650.482499
5.6,1.0493,0.815328,212.83728,650.484114
5.61,1.0493,0.81533,212.838629,650.485798
5.62,1.0493,0.815333,212.839996,650.487549
5.63,1.0493,0.815336,212.841377,650.489363
5.64,1.049299,0.815339,212.842771,650.491235
5.65,1.049299,0.815342,212.844176,650.493162
5.66,1.049299,0.815345,212.84559,650.49514
5.67,1.049298,0.815348,212.847012,650.497164
5.68,1.049298,0.815351,212.84844,650.499231
5.69,1.049297,0.815354,212.849871,650.501335
5.7,1.049297,0.815357,212.851305,650.503472
5.71,1.049297,0.815361,212.852739,650.505638
5.72,1.049296,0.815364,212.854171,650.507827
5.73,1.049296,0.815367,212.855601,650.510036
5.74,1.049295,0.815371,212.857025,650.51226
5.75,1.049295,0.815374,212.858443,650.514494
5.76,1.049294,0.815378,212.859853,650.516734
5.77,1.049294,0.815381,212.861253,650.518974
5.78,1.049294,0.815384,212.862642,650.521212
5.79,1.049293,0.815388,212.864019,650.523441
5.8,1.049293,0.815391,212.865382,650.525658
5.81,1.049292,0.815395,212.866729,650.527859
5.82,1.049292,0.815398,212.86806,650.530039
5.83,1.049291,0.815401,212.869374,650.532195
5.84,1.049291,0.815404,212.870669,650.534322
5.85,1.04929,0.815408,212.871945,650.536417
5.86,1.04929,0.815411,212.873199,650.538476
5.87,1.04929,0.815414,212.874433,650.540495
5.88,1.049289,0.815417,212.875644,650.542472
5.89,1.049289,0.81542,212.876832,650.544403
5.9,1.049288,0.815423,212.877996,650.546286
5.91,1.049288,0.815425,212.879137,650.548116
5.92,1.049288,0.815428,212.880252,650.549893
5.93,1.049287,0.815431,212.881343,650.551613
5.94,1.049287,0.815433,212.882408,650.553274
5.95,1.049286,0.815436,212.883447,650.554875
5.96,1.049286,0.815438,212.88446,650.556413
5.97,1.049286,0.81544,212.885447,650.557887
5.98,1.049286,0.815443,212.886408,650.559296
5.99,1.049285,0.815445,212.887343,650.560638
6,1.049285,0.815447,212.888252,650.561913
6.01,1.049285,0.815449,212.889134,650.563119
6.02,1.049284,0.81545,212.889991,650.564256
6.03,1.049284,0.815452,212.890822,650.565324
6.04,1.049284,0.815454,212.891627,650.566323
6.05,1.049284,0.815455,212.892408,650.567252
6.06,1.049284,0.815457,212.893164,650.568111
6.07,1.049283,0.815458,212.893895,650.568902
6.08,1.049283,0.815459,212.894603,650.569625
6.09,1.049283,0.81546,212.895287,650.57028
6.1,1.049283,0.815461,212.895948,650.570868
6.11,1.049283,0.815462,212.896586,650.57139
6.12,1.049283,0.815463,212.897203,650.571848
6.13,1.049283,0.815464,212.897798,650.572242
6.14,1.049283,0.815464,212.898373,650.572574
6.15,1.049283,0.815465,212.898927,650.572846
6.16,1.049283,0.815465,212.899462,650.573058
6.17,1.049283,0.815466,212.899977,650.573214
6.18,1.049283,0.815466,212.900475,650.573314
6.19,1.049283,0.815466,212.900954,650.573361
6.2,1.049283,0.815466,212.901416,650.573356
6.21,1.049283,0.815466,212.901862,650.573301
6.22,1.049283,0.815466,212.902292,650.573199
6.23,1.049283,0.815466,212.902706,650.573052
6.24,1.049283,0.815466,212.903106,650.572861
6.25,1.049283,0.815466,212.903491,650.572629
6.26,1.049283,0.815466,212.903863,650.572358
6.27,1.049283,0.815466,212.904221,650.572051
6.28,1.049283,0.815465,212.904567,650.571708
6.29,1.049283,0.815465,212.9049,650.571333
6.3,1.049283,0.815464,212.905222,650.570928
6.31,1.049284,0.815464,212.905532,650.570494
6.32,1.049284,0.815463,212.905832,650.570034
6.33,1.049284,0.815463,212.906121,650.56955
6.34,1.049284,0.815462,212.906401,650.569043
6.35,1.049284,0.815462,212.90667,650.568517
6.36,1.049284,0.815461,212.906931,650.567972
6.37,1.049285,0.81546,212.907182,650.56741
6.38,1.049285,0.815459,212.907425,650.566834
6.39,1.049285,0.815459,212.907659,650.566245
6.4,1.049285,0.815458,212.907885,650.565644
6.41,1.049285,0.815457,212.908104,650.565034
6.42,1.049286,0.815456,212.908315,650.564415
6.43,1.049286,0.815456,212.908518,650.563789
6.44,1.049286,0.815455,212.908714,650.563158
6.45,1.049286,0.815454,212.908903,650.562523
6.46,1.049287,0.815453,212.909086,650.561885
6.47,1.049287,0.815452,212.909262,650.561245
6.48,1.049287,0.815451,212.909431,650.560604
6.49,1.049287,0.81545,212.909595,650.559963
6.5,1.049288,0.81545,212.909752,650.559324
6.51,1.049288,0.815449,212.909903,650.558687
6.52,1.049288,0.815448,212.910048,650.558053
6.53,1.049289,0.815447,212.910188,650.557423
6.54,1.049289,0.815446,212.910322,650.556797
6.55,1.049289,0.815445,212.910451,650.556177
6.56,1.049289,0.815444,212.910575,650.555562
6.57,1.04929,0.815443,212.910695,650.554954
6.58,1.04929,0.815442,212.910809,650.554352
6.59,1.04929,0.815442,212.910919,650.553758
6.6,1.049291,0.815441,212.911025,650.553171
6.61,1.049291,0.81544,212.911127,650.552593
6.62,1.049292,0.815439,212.911225,650.552023
6.63,1.049292,0.815438,212.91132,650.551463
6.64,1.049292,0.815437,212.911411,650.550912
6.65,1.049293,0.815436,212.9115,650.55037
6.66,1.049293,0.815435,212.911586,650.549839
6.67,1.049293,0.815435,212.91167,650.549318
6.68,1.049294,0.815434,212.911753,650.548809
6.69,1.049294,0.815433,212.911834,650.54831
6.7,1.049294,0.815432,212.911914,650.547823
6.71,1.049295,0.815431,212.911994,650.547348
6.72,1.049295,0.81543,212.912074,650.546885
6.73,1.049296,0.81543,212.912154,650.546435
6.74,1.049296,0.815429,212.912236,650.545999
6.75,1.049296,0.815428,212.912319,650.545575
6.76,1.049297,0.815427,212.912404,650.545166
6.77,1.049297,0.815427,212.912491,650.544772
6.78,1.049298,0.815426,212.912582,650.544392
6.79,1.049298,0.815425,212.912677,650.544029
6.8,1.049299,0.815425,212.912776,650.543681
6.81,1.049299,0.815424,212.91288,650.54335
6.82,1.049299,0.815423,212.91299,650.543037
6.83,1.0493,0.815423,212.913106,650.542741
6.84,1.0493,0.815422,212.913229,650.542464
6.85,1.049301,0.815422,212.91336,650.542207
6.86,1.049301,0.815421,212.913499,650.54197
6.87,1.049301,0.815421,212.913647,650.541753
6.88,1.049302,0.81542,212.913805,650.541558
6.89,1.049302,0.81542,212.913972,650.541385
6.9,1.049302,0.815419,212.914151,650.541235
6.91,1.049303,0.815419,212.914341,650.541109
6.92,1.049303,0.815419,212.914543,650.541008
6.93,1.049304,0.815418,212.914757,650.540932
6.94,1.049304,0.815418,212.914985,650.540882
6.95,1.049304,0.815418,212.915227,650.540859
6.96,1.049304,0.815418,212.915483,650.540863
6.97,1.049305,0.815418,212.915753,650.540896
6.98,1.049305,0.815418,212.916039,650.540958
6.99,1.049305,0.815418,212.91634,650.54105
7,1.049306,0.815418,212.916658,650.541172
7.01,1.049306,0.815418,212.916992,650.541326
7.02,1.049306,0.815418,212.917343,650.541511
7.03,1.049306,0.815418,212.917711,650.541728
7.04,1.049307,0.815418,212.918096,650.541978
7.05,1.049307,0.815419,212.918498,650.542261
7.06,1.049307,0.815419,212.918919,650.542578
7.07,1.049307,0.815419,212.919357,650.542929
7.08,1.049307,0.81542,212.919813,650.543314
7.09,1.049307,0.81542,212.920287,650.543734
7.1,1.049308,0.815421,212.920779,650.544188
7.11,1.049308,0.815422,212.921289,650.544677
7.12,1.049308,0.815422,212.921816,650.5452
7.13,1.049308,0.815423,212.922361,650.545759
7.14,1.049308,0.815424,212.922923,650.546352
7.15,1.049308,0.815425,212.923502,650.546979
7.16,1.049308,0.815426,212.924098,650.54764
7.17,1.049308,0.815427,212.924709,650.548334
7.18,1.049308,0.815428,212.925337,650.549062
7.19,1.049308,0.815429,212.92598,650.549822
7.2,1.049308,0.81543,212.926638,650.550614
7.21,1.049308,0.815431,212.927311,650.551438
7.22,1.049308,0.815433,212.927996,650.552291
7.23,1.049308,0.815434,212.928695,650.553174
7.24,1.049308,0.815435,212.929406,650.554085
7.25,1.049307,0.815437,212.930128,650.555023
7.26,1.049307,0.815438,212.930862,650.555987
7.27,1.049307,0.81544,212.931604,650.556976
7.28,1.049307,0.815441,212.932356,650.557989
7.29,1.049307,0.815443,212.933116,650.559023
7.3,1.049307,0.815445,212.933884,650.560078
7.31,1.049306,0.815446,212.934657,650.561152
7.32,1.049306,0.815448,212.935436,650.562244
7.33,1.049306,0.81545,212.936219,650.563351
7.34,1.049306,0.815452,212.937005,650.564472
7.35,1.049305,0.815453,212.937793,650.565606
7.36,1.049305,0.815455,212.938583,650.566749
7.37,1.049305,0.815457,212.939372,650.567902
7.38,1.049305,0.815459,212.940161,650.569061
7.39,1.049304,0.815461,212.940948,650.570224
7.4,1.049304,0.815462,212.941731,650.57139
7.41,1.049304,0.815464,212.942511,650.572557
7.42,1.049303,0.815466,212.943285,650.573723
7.43,1.049303,0.815468,212.944054,650.574885
7.44,1.049303,0.81547,212.944815,650.576042
7.45,1.049303,0.815472,212.945567,650.577192
7.46,1.049302,0.815473,212.946311,650.578332
7.47,1.049302,0.815475,212.947045,650.579461
7.48,1.049302,0.815477,212.947767,650.580577
7.49,1.049301,0.815479,212.948478,650.581678
7.5,1.049301,0.81548,212.949176,650.582762
7.51,1.049301,0.815482,212.94986,650.583827
7.52,1.0493,0.815484,212.950529,650.584871
7.53,1.0493,0.815485,212.951183,650.585893
7.54,1.0493,0.815487,212.951822,650.586891
7.55,1.0493,0.815489,212.952443,650.587863
7.56,1.049299,0.81549,212.953048,650.588807
7.57,1.049299,0.815491,212.953634,650.589723
7.58,1.049299,0.815493,212.954202,650.590609
7.59,1.049298,0.815494,212.954751,650.591463
7.6,1.049298,0.815496,212.955281,650.592284
7.61,1.049298,0.815497,212.955791,650.593071
7.62,1.049298,0.815498,212.956281,650.593824
7.63,1.049298,0.815499,212.95675,650.59454
7.64,1.049297,0.8155,212.957199,650.595219
7.65,1.049297,0.815501,212.957627,650.59586
7.66,1.049297,0.815502,212.958034,650.596463
7.67,1.049297,0.815503,212.95842,650.597027
7.68,1.049297,0.815504,212.958785,650.597551
7.69,1.049297,0.815505,212.959128,650.598035
7.7,1.049297,0.815505,212.959451,650.598479
7.71,1.049296,0.815506,212.959753,650.598883
7.72,1.049296,0.815507,212.960034,650.599246
7.73,1.049296,0.815507,212.960294,650.599568
7.74,1.049296,0.815508,212.960534,650.59985
7.75,1.049296,0.815508,212.960754,650.600092
7.76,1.049296,0.815508,212.960955,650.600293
7.77,1.049296,0.815509,212.961136,650.600455
7.78,1.049296,0.815509,212.961299,650.600578
7.79,1.049296,0.815509,212.961443,650.600663
7.8,1.049296,0.815509,212.961569,650.60071
7.81,1.049296,0.815509,212.961678,650.60072
7.82,1.049296,0.815509,212.961771,650.600693
7.83,1.049296,0.815509,212.961847,650.600631
7.84,1.049296,0.815509,212.961907,650.600535
7.85,1.049296,0.815509,212.961953,650.600406
7.86,1.049297,0.815508,212.961984,650.600244
7.87,1.049297,0.815508,212.962002,650.600051
7.88,1.049297,0.815508,212.962007,650.599829
7.89,1.049297,0.815507,212.962,650.599578
7.9,1.049297,0.815507,212.961981,650.5993
7.91,1.049297,0.815506,212.961951,650.598996
7.92,1.049297,0.815506,212.961912,650.598667
7.93,1.049298,0.815505,212.961863,650.598316
7.94,1.049298,0.815505,212.961805,650.597943
7.95,1.049298,0.815504,212.96174,650.59755
7.96,1.049298,0.815503,212.961668,650.597138
7.97,1.049298,0.815503,212.961589,650.59671
7.98,1.049299,0.815502,212.961505,650.596266
7.99,1.049299,0.815501,212.961415,650.595808
8,1.049299,0.815501,212.961322,650.595338
8.01,1.049299,0.8155,212.961225,650.594856
8.02,1.0493,0.815499,212.961125,650.594366
8.03,1.0493,0.815498,212.961022,650.593867
8.04,1.0493,0.815498,212.960919,650.593362
8.05,1.0493,0.815497,212.960814,650.592852
8.06,1.0493,0.815496,212.960708,650.592339
8.07,1.049301,0.815495,212.960603,650.591823
8.08,1.049301,0.815494,212.960498,650.591307
8.09,1.049301,0.815493,212.960395,650.590791
8.1,1.049301,0.815493,212.960293,650.590277
8.11,1.049302,0.815492,212.960194,650.589767
8.12,1.049302,0.815491,212.960097,650.58926
8.13,1.049302,0.81549,212.960003,650.588759
8.14,1.049303,0.815489,212.959912,650.588265
8.15,1.049303,0.815489,212.959825,650.587778
8.16,1.049303,0.815488,212.959742,650.5873
8.17,1.049303,0.815487,212.959663,650.586832
8.18,1.049304,0.815486,212.959589,650.586374
8.19,1.049304,0.815486,212.95952,650.585928
8.2,1.049304,0.815485,212.959456,650.585494
8.21,1.049304,0.815484,212.959398,650.585073
8.22,1.049304,0.815484,212.959344,650.584666
8.23,1.049305,0.815483,212.959297,650.584273
8.24,1.049305,0.815482,212.959255,650.583895
8.25,1.049305,0.815482,212.959219,650.583533
8.26,1.049305,0.815481,212.959189,650.583187
8.27,1.049306,0.815481,212.959165,650.582857
8.28,1.049306,0.81548,212.959147,650.582544
8.29,1.049306,0.81548,212.959135,650.582248
8.3,1.049306,0.815479,212.959129,650.58197
8.31,1.049306,0.815479,212.959129,650.581709
8.32,1.049307,0.815478,212.959135,650.581467
8.33,1.049307,0.815478,212.959147,650.581242
8.34,1.049307,0.815477,212.959165,650.581036
8.35,1.049307,0.815477,212.959189,650.580849
8.36,1.049307,0.815477,212.959218,650.580679
8.37,1.049308,0.815476,212.959254,650.580529
8.38,1.049308,0.815476,212.959295,650.580396
8.39,1.049308,0.815476,212.959342,650.580282
8.4,1.049308,0.815476,212.959394,650.580187
8.41,1.049308,0.815476,212.959451,650.58011
8.42,1.049308,0.815475,212.959514,650.580051
8.43,1.049309,0.815475,212.959582,650.580009
8.44,1.049309,0.815475,212.959655,650.579986
8.45,1.049309,0.815475,212.959733,650.579981
8.46,1.049309,0.815475,212.959816,650.579993
8.47,1.049309,0.815475,212.959904,650.580022
8.48,1.049309,0.815475,212.959997,650.580069
8.49,1.049309,0.815475,212.960094,650.580133
8.5,1.049309,0.815475,212.960195,650.580213
8.51,1.04931,0.815475,212.960302,650.58031
8.52,1.04931,0.815475,212.960412,650.580423
8.53,1.04931,0.815475,212.960527,650.580552
8.54,1.04931,0.815475,212.960646,650.580697
8.55,1.04931,0.815476,212.960769,650.580858
8.56,1.04931,0.815476,212.960897,650.581034
8.57,1.04931,0.815476,212.961028,650.581225
8.58,1.04931,0.815476,212.961164,650.581431
8.59,1.04931,0.815476,212.961304,650.581651
8.6,1.04931,0.815477,212.961448,650.581886
8.61,1.04931,0.815477,212.961595,650.582136
8.62,1.049311,0.815477,212.961747,650.582399
8.63,1.049311,0.815478,212.961903,650.582676
8.64,1.049311,0.815478,212.962063,650.582967
8.65,1.049311,0.815478,212.962227,650.583271
8.66,1.049311,0.815479,212.962394,650.583588
8.67,1.049311,0.815479,212.962566,650.583918
8.68,1.049311,0.815479,212.962742,650.584261
8.69,1.049311,0.81548,212.962921,650.584616
8.7,1.049311,0.81548,212.963105,650.584984
8.71,1.049311,0.815481,212.963293,650.585364
8.72,1.049311,0.815481,212.963485,650.585755
8.73,1.049311,0.815482,212.96368,650.586159
8.74,1.049311,0.815482,212.96388,650.586574
8.75,1.049311,0.815483,212.964084,650.586999
8.76,1.049311,0.815484,212.964291,650.587436
8.77,1.049311,0.815484,212.964503,650.587884
8.78,1.049311,0.815485,212.964718,650.588342
8.79,1.049311,0.815485,212.964938,650.588811
8.8,1.049311,0.815486,212.965161,650.589289
8.81,1.049311,0.815487,212.965388,650.589777
8.82,1.049311,0.815488,212.965619,650.590275
8.83,1.049311,0.815488,212.965853,650.590781
8.84,1.04931,0.815489,212.966091,650.591296
8.85,1.04931,0.81549,212.966332,650.59182
8.86,1.04931,0.81549,212.966577,650.592351
8.87,1.04931,0.815491,212.966824,650.592891
8.88,1.04931,0.815492,212.967075,650.593437
8.89,1.04931,0.815493,212.967329,650.59399
8.9,1.04931,0.815494,212.967585,650.59455
8.91,1.04931,0.815494,212.967844,650.595115
8.92,1.04931,0.815495,212.968105,650.595686
8.93,1.04931,0.815496,212.968368,650.596261
8.94,1.04931,0.815497,212.968633,650.596841
8.95,1.049309,0.815498,212.9689,650.597425
8.96,1.049309,0.815499,212.969168,650.598012
8.97,1.049309,0.815499,212.969437,650.598602
8.98,1.049309,0.8155,212.969707,650.599193
8.99,1.049309,0.815501,212.969977,650.599786
9,1.049309,0.815502,212.970248,650.60038
9.01,1.049309,0.815503,212.970518,650.600974
9.02,1.049308,0.815504,212.970788,650.601567
9.03,1.049308,0.815505,212.971057,650.602158
9.04,1.049308,0.815506,212.971324,650.602747
9.05,1.049308,0.815507,212.97159,650.603334
9.06,1.049308,0.815507,212.971854,650.603917
9.07,1.049308,0.815508,212.972115,650.604495
9.08,1.049307,0.815509,212.972374,650.605068
9.09,1.049307,0.81551,212.972629,650.605636
9.1,1.049307,0.815511,212.97288,650.606196
9.11,1.049307,0.815512,212.973128,650.606749
9.12,1.049307,0.815513,212.973371,650.607293
9.13,1.049307,0.815513,212.973609,650.607829
9.14,1.049306,0.815514,212.973842,650.608354
9.15,1.049306,0.815515,212.974069,650.608869
9.16,1.049306,0.815516,212.97429,650.609372
9.17,1.049306,0.815517,212.974505,650.609862
9.18,1.049306,0.815517,212.974712,650.61034
9.19,1.049306,0.815518,212.974912,650.610803
9.2,1.049305,0.815519,212.975105,650.611252
9.21,1.049305,0.81552,212.975289,650.611686
9.22,1.049305,0.81552,212.975465,650.612104
9.23,1.049305,0.815521,212.975632,650.612505
9.24,1.049305,0.815521,212.97579,650.612889
9.25,1.049305,0.815522,212.975939,650.613254
9.26,1.049304,0.815523,212.976078,650.613602
9.27,1.049304,0.815523,212.976207,650.61393
9.28,1.049304,0.815524,212.976326,650.614238
9.29,1.049304,0.815524,212.976434,650.614527
9.3,1.049304,0.815525,212.976531,650.614795
9.31,1.049304,0.815525,212.976618,650.615042
9.32,1.049304,0.815525,212.976693,650.615268
9.33,1.049304,0.815526,212.976758,650.615473
9.34,1.049303,0.815526,212.976811,650.615655
9.35,1.049303,0.815526,212.976852,650.615816
9.36,1.049303,0.815526,212.976882,650.615955
9.37,1.049303,0.815527,212.976901,650.616071
9.38,1.049303,0.815527,212.976908,650.616165
9.39,1.049303,0.815527,212.976903,650.616236
9.4,1.049303,0.815527,212.976887,650.616285
9.41,1.049303,0.815527,212.976859,650.616312
9.42,1.049303,0.815527,212.97682,650.616317
9.43,1.049303,0.815527,212.97677,650.6163
9.44,1.049303,0.815527,212.976708,650.616261
9.45,1.049303,0.815527,212.976636,650.616201
9.46,1.049303,0.815527,212.976553,650.61612
9.47,1.049303,0.815527,212.976459,650.616019
9.48,1.049303,0.815526,212.976356,650.615897
9.49,1.049303,0.815526,212.976242,650.615756
9.5,1.049303,0.815526,212.976118,650.615595
9.51,1.049303,0.815526,212.975985,650.615416
9.52,1.049303,0.815525,212.975843,650.61522
9.53,1.049303,0.815525,212.975693,650.615006
9.54,1.049303,0.815525,212.975534,650.614776
9.55,1.049303,0.815524,212.975367,650.61453
9.56,1.049303,0.815524,212.975192,650.614269
9.57,1.049303,0.815523,212.975011,650.613994
9.58,1.049304,0.815523,212.974823,650.613706
9.59,1.049304,0.815522,212.974628,650.613406
9.6,1.049304,0.815522,212.974428,650.613094
9.61,1.049304,0.815521,212.974223,650.612773
9.62,1.049304,0.815521,212.974013,650.612441
9.63,1.049304,0.81552,212.973798,650.612101
9.64,1.049304,0.81552,212.97358,650.611754
9.65,1.049304,0.815519,212.973359,650.6114
9.66,1.049304,0.815519,212.973135,650.611041
9.67,1.049305,0.815518,212.972909,650.610678
9.68,1.049305,0.815517,212.972681,650.610311
9.69,1.049305,0.815517,212.972452,650.609942
9.7,1.049305,0.815516,212.972222,650.609572
9.71,1.049305,0.815516,212.971991,650.609201
9.72,1.049305,0.815515,212.971761,650.608832
9.73,1.049305,0.815514,212.971532,650.608464
9.74,1.049306,0.815514,212.971304,650.608099
9.75,1.049306,0.815513,212.971078,650.607737
9.76,1.049306,0.815512,212.970854,650.607381
9.77,1.049306,0.815512,212.970632,650.60703
9.78,1.049306,0.815511,212.970414,650.606685
9.79,1.049306,0.815511,212.970198,650.606348
9.8,1.049306,0.81551,212.969987,650.60602
9.81,1.049307,0.81551,212.96978,650.6057
9.82,1.049307,0.815509,212.969577,650.605391
9.83,1.049307,0.815509,212.969379,650.605092
9.84,1.049307,0.815508,212.969187,650.604805
9.85,1.049307,0.815508,212.968999,650.604529
9.86,1.049307,0.815507,212.968818,650.604267
9.87,1.049307,0.815507,212.968642,650.604017
9.88,1.049308,0.815506,212.968473,650.603782
9.89,1.049308,0.815506,212.96831,650.603561
9.9,1.049308,0.815505,212.968154,650.603355
9.91,1.049308,0.815505,212.968005,650.603164
9.92,1.049308,0.815505,212.967862,650.602988
9.93,1.049308,0.815504,212.967727,650.602829
9.94,1.049308,0.815504,212.967599,650.602686
9.95,1.049308,0.815504,212.967478,650.602559
9.96,1.049308,0.815504,212.967364,650.602449
9.97,1.049308,0.815503,212.967257,650.602356
9.98,1.049309,0.815503,212.967158,650.602279
9.99,1.049309,0.815503,212.967066,650.60222
10,1.049309,0.815503,212.966982,650.602177
10.01,1.049309,0.815503,212.966905,650.602152
10.02,1.049309,0.815503,212.966834,650.602143
10.03,1.049309,0.815503,212.966771,650.602151
10.04,1.049309,0.815503,212.966715,650.602175
10.05,1.049309,0.815503,212.966666,650.602216
10.06,1.049309,0.815503,212.966623,650.602273
10.07,1.049309,0.815503,212.966587,650.602345
10.08,1.049309,0.815503,212.966557,650.602433
10.09,1.049309,0.815503,212.966534,650.602537
10.1,1.049309,0.815503,212.966516,650.602655
10.11,1.049309,0.815503,212.966504,650.602788
10.12,1.049309,0.815503,212.966498,650.602934
10.13,1.049309,0.815504,212.966497,650.603094
10.14,1.049309,0.815504,212.966501,650.603267
10.15,1.049309,0.815504,212.96651,650.603453
10.16,1.049309,0.815504,212.966523,650.603651
10.17,1.049309,0.815505,212.966541,650.603861
10.18,1.049309,0.815505,212.966563,650.604081
10.19,1.049309,0.815505,212.966589,650.604312
10.2,1.049309,0.815506,212.966618,650.604553
10.21,1.049309,0.815506,212.966651,650.604804
10.22,1.049309,0.815506,212.966687,650.605063
10.23,1.049309,0.815507,212.966725,650.605331
10.24,1.049308,0.815507,212.966766,650.605606
10.25,1.049308,0.815507,212.966809,650.605889
10.26,1.049308,0.815508,212.966855,650.606178
10.27,1.049308,0.815508,212.966902,650.606473
10.28,1.049308,0.815509,212.96695,650.606773
10.29,1.049308,0.815509,212.967,650.607079
10.3,1.049308,0.815509,212.967051,650.607388
10.31,1.049308,0.81551,212.967103,650.607702
10.32,1.049308,0.81551,212.967155,650.608019
10.33,1.049308,0.815511,212.967208,650.608339
10.34,1.049308,0.815511,212.967261,650.608662
10.35,1.049308,0.815512,212.967313,650.608986
10.36,1.049307,0.815512,212.967366,650.609311
10.37,1.049307,0.815513,212.967418,650.609638
10.38,1.049307,0.815513,212.96747,650.609965
10.39,1.049307,0.815514,212.967521,650.610292
10.4,1.049307,0.815514,212.967571,650.61062
10.41,1.049307,0.815515,212.96762,650.610946
10.42,1.049307,0.815515,212.967669,650.611272
10.43,1.049307,0.815515,212.967715,650.611596
10.44,1.049307,0.815516,212.967761,650.611919
10.45,1.049307,0.815516,212.967805,650.61224
10.46,1.049306,0.815517,212.967847,650.612558
10.47,1.049306,0.815517,212.967888,650.612875
10.48,1.049306,0.815518,212.967927,650.613188
10.49,1.049306,0.815518,212.967964,650.613499
10.5,1.049306,0.815519,212.968,650.613807
10.51,1.049306,0.815519,212.968033,650.614111
10.52,1.049306,0.81552,212.968065,650.614412
10.53,1.049306,0.81552,212.968094,650.614709
10.54,1.049306,0.81552,212.968122,650.615002
10.55,1.049305,0.815521,212.968147,650.615292
10.56,1.049305,0.815521,212.968171,650.615577
10.57,1.049305,0.815522,212.968192,650.615858
10.58,1.049305,0.815522,212.968211,650.616135
10.59,1.049305,0.815522,212.968227,650.616407
10.6,1.049305,0.815523,212.968242,650.616675
10.61,1.049305,0.815523,212.968254,650.616939
10.62,1.049305,0.815524,212.968264,650.617197
10.63,1.049305,0.815524,212.968272,650.617452
10.64,1.049304,0.815524,212.968278,650.617701
10.65,1.049304,0.815525,212.968281,650.617945
10.66,1.049304,0.815525,212.968282,650.618185
10.67,1.049304,0.815525,212.968281,650.618419
10.68,1.049304,0.815526,212.968277,650.618648
10.69,1.049304,0.815526,212.968272,650.618873
10.7,1.049304,0.815526,212.968263,650.619092
10.71,1.049304,0.815527,212.968253,650.619306
10.72,1.049304,0.815527,212.96824,650.619514
10.73,1.049303,0.815527,212.968224,650.619718
10.74,1.049303,0.815528,212.968207,650.619915
10.75,1.049303,0.815528,212.968186,650.620108
10.76,1.049303,0.815528,212.968164,650.620294
10.77,1.049303,0.815529,212.968138,650.620475
10.78,1.049303,0.815529,212.96811,650.62065
10.79,1.049303,0.815529,212.96808,650.620819
10.8,1.049303,0.815529,212.968047,650.620983
10.81,1.049303,0.81553,212.968011,650.62114
10.82,1.049302,0.81553,212.967972,650.621291
10.83,1.049302,0.81553,212.967931,650.621435
10.84,1.049302,0.81553,212.967886,650.621574
10.85,1.049302,0.81553,212.967839,650.621705
10.86,1.049302,0.815531,212.967789,650.62183
10.87,1.049302,0.815531,212.967736,650.621948
10.88,1.049302,0.815531,212.967679,650.62206
10.89,1.049302,0.815531,212.96762,650.622164
10.9,1.049302,0.815531,212.967557,650.622261
10.91,1.049302,0.815531,212.967491,650.622351
10.92,1.049302,0.815532,212.967421,650.622433
10.93,1.049302,0.815532,212.967348,650.622508
10.94,1.049301,0.815532,212.967272,650.622575
10.95,1.049301,0.815532,212.967192,650.622634
10.96,1.049301,0.815532,212.967108,650.622685
10.97,1.049301,0.815532,212.967021,650.622729
10.98,1.049301,0.815532,212.96693,650.622764
10.99,1.049301,0.815532,212.966835,650.622791
11,1.049301,0.815532,212.966736,650.622809
11.01,1.049301,0.815532,212.966634,650.622819
11.02,1.049301,0.815532,212.966527,650.622821
11.03,1.049301,0.815532,212.966417,650.622814
11.04,1.049301,0.815532,212.966303,650.622799
11.05,1.049301,0.815532,212.966184,650.622774
11.06,1.049301,0.815532,212.966062,650.622742
11.07,1.049301,0.815532,212.965936,650.6227
11.08,1.049301,0.815532,212.965805,650.62265
11.09,1.049301,0.815532,212.965671,650.622592
11.1,1.049301,0.815532,212.965533,650.622525
11.11,1.049301,0.815532,212.965391,650.622449
11.12,1.049301,0.815532,212.965245,650.622365
11.13,1.049301,0.815531,212.965095,650.622273
11.14,1.0493,0.815531,212.964941,650.622172
11.15,1.0493,0.815531,212.964784,650.622064
11.16,1.0493,0.815531,212.964623,650.621947
11.17,1.0493,0.815531,212.964458,650.621823
11.18,1.0493,0.81553,212.96429,650.621691
11.19,1.0493,0.81553,212.964119,650.621552
11.2,1.0493,0.81553,212.963945,650.621407
11.21,1.0493,0.81553,212.963767,650.621254
11.22,1.0493,0.81553,212.963587,650.621095
11.23,1.049301,0.815529,212.963404,650.620929
11.24,1.049301,0.815529,212.963218,650.620758
11.25,1.049301,0.815529,212.963029,650.620582
11.26,1.049301,0.815528,212.962839,650.6204
11.27,1.049301,0.815528,212.962646,650.620213
11.28,1.049301,0.815528,212.962451,650.620023
11.29,1.049301,0.815527,212.962255,650.619828
11.3,1.049301,0.815527,212.962057,650.619629
11.31,1.049301,0.815527,212.961858,650.619428
11.32,1.049301,0.815526,212.961658,650.619224
11.33,1.049301,0.815526,212.961457,650.619018
11.34,1.049301,0.815526,212.961255,650.61881
11.35,1.049301,0.815525,212.961053,650.618601
11.36,1.049301,0.815525,212.96085,650.618392
11.37,1.049301,0.815525,212.960648,650.618182
11.38,1.049301,0.815524,212.960447,650.617973
11.39,1.049301,0.815524,212.960245,650.617765
11.4,1.049301,0.815524,212.960045,650.617558
11.41,1.049301,0.815523,212.959846,650.617353
11.42,1.049301,0.815523,212.959648,650.61715
11.43,1.049301,0.815523,212.959451,650.616951
11.44,1.049301,0.815522,212.959256,650.616754
11.45,1.049301,0.815522,212.959064,650.616562
11.46,1.049301,0.815522,212.958874,650.616375
11.47,1.049301,0.815521,212.958686,650.616192
11.48,1.049302,0.815521,212.958501,650.616015
11.49,1.049302,0.815521,212.958319,650.615844
11.5,1.049302,0.81552,212.95814,650.61568
11.51,1.049302,0.81552,212.957964,650.615522
11.52,1.049302,0.81552,212.957792,650.615372
11.53,1.049302,0.81552,212.957624,650.615229
11.54,1.049302,0.815519,212.957459,650.615094
11.55,1.049302,0.815519,212.957299,650.614968
11.56,1.049302,0.815519,212.957143,650.614851
11.57,1.049302,0.815519,212.956992,650.614743
11.58,1.049302,0.815519,212.956845,650.614645
11.59,1.049302,0.815518,212.956702,650.614556
11.6,1.049302,0.815518,212.956565,650.614478
11.61,1.049302,0.815518,212.956432,650.61441
11.62,1.049302,0.815518,212.956305,650.614352
11.63,1.049302,0.815518,212.956182,650.614305
11.64,1.049302,0.815518,212.956065,650.614269
11.65,1.049302,0.815518,212.955952,650.614243
11.66,1.049302,0.815518,212.955845,650.614229
11.67,1.049302,0.815518,212.955743,650.614226
11.68,1.049302,0.815518,212.955647,650.614234
11.69,1.049302,0.815518,212.955555,650.614254
11.7,1.049302,0.815518,212.955469,650.614284
11.71,1.049302,0.815518,212.955388,650.614326
11.72,1.049302,0.815518,212.955312,650.614378
11.73,1.049302,0.815518,212.955241,650.614442
11.74,1.049302,0.815518,212.955175,650.614516
11.75,1.049302,0.815518,212.955115,650.614601
11.76,1.049302,0.815518,212.955058,650.614696
11.77,1.049302,0.815518,212.955007,650.614802
11.78,1.049302,0.815518,212.95496,650.614917
11.79,1.049302,0.815518,212.954918,650.615042
11.8,1.049302,0.815519,212.95488,650.615177
11.81,1.049302,0.815519,212.954846,650.61532
11.82,1.049302,0.815519,212.954816,650.615473
11.83,1.049302,0.815519,212.95479,650.615634
11.84,1.049302,0.815519,212.954768,650.615802
11.85,1.049301,0.81552,212.954749,650.615979
11.86,1.049301,0.81552,212.954733,650.616162
11.87,1.049301,0.81552,212.954721,650.616352
11.88,1.049301,0.81552,212.954711,650.616549
11.89,1.049301,0.815521,212.954704,650.616752
11.9,1.049301,0.815521,212.954699,650.61696
11.91,1.049301,0.815521,212.954697,650.617172
11.92,1.049301,0.815522,212.954697,650.61739
11.93,1.049301,0.815522,212.954698,650.617611
11.94,1.049301,0.815522,212.954701,650.617836
11.95,1.049301,0.815523,212.954706,650.618064
11.96,1.049301,0.815523,212.954711,650.618294
11.97,1.0493,0.815523,212.954718,650.618526
11.98,1.0493,0.815524,212.954725,650.61876
11.99,1.0493,0.815524,212.954732,650.618995
12,1.0493,0.815524,212.95474,650.61923
12.01,1.0493,0.815525,212.954748,650.619465
12.02,1.0493,0.815525,212.954756,650.6197
12.03,1.0493,0.815525,212.954763,650.619934
12.04,1.0493,0.815526,212.95477,650.620167
12.05,1.0493,0.815526,212.954776,650.620398
12.06,1.0493,0.815526,212.954781,650.620626
12.07,1.049299,0.815527,212.954785,650.620852
12.08,1.049299,0.815527,212.954788,650.621075
12.09,1.049299,0.815527,212.954789,650.621295
12.1,1.049299,0.815528,212.954788,650.62151
12.11,1.049299,0.815528,212.954786,650.621722
12.12,1.049299,0.815528,212.954782,650.621929
12.13,1.049299,0.815529,212.954776,650.622131
12.14,1.049299,0.815529,212.954767,650.622328
12.15,1.049299,0.815529,212.954757,650.62252
12.16,1.049298,0.81553,212.954744,650.622705
12.17,1.049298,0.81553,212.954728,650.622885
12.18,1.049298,0.81553,212.95471,650.623059
12.19,1.049298,0.81553,212.954689,650.623227
12.2,1.049298,0.815531,212.954666,650.623388
12.21,1.049298,0.815531,212.95464,650.623542
12.22,1.049298,0.815531,212.954611,650.62369
12.23,1.049298,0.815531,212.954579,650.623831
12.24,1.049298,0.815532,212.954544,650.623964
12.25,1.049298,0.815532,212.954507,650.624091
12.26,1.049298,0.815532,212.954466,650.62421
12.27,1.049297,0.815532,212.954423,650.624322
12.28,1.049297,0.815532,212.954376,650.624427
12.29,1.049297,0.815532,212.954327,650.624525
12.3,1.049297,0.815533,212.954275,650.624616
12.31,1.049297,0.815533,212.95422,650.624699
12.32,1.049297,0.815533,212.954162,650.624776
12.33,1.049297,0.815533,212.954102,650.624845
12.34,1.049297,0.815533,212.954039,650.624908
12.35,1.049297,0.815533,212.953973,650.624963
12.36,1.049297,0.815533,212.953904,650.625012
12.37,1.049297,0.815533,212.953833,650.625054
12.38,1.049297,0.815533,212.95376,650.62509
12.39,1.049297,0.815533,212.953684,650.625119
12.4,1.049297,0.815533,212.953605,650.625143
12.41,1.049297,0.815533,212.953525,650.62516
12.42,1.049297,0.815533,212.953442,650.625171
12.43,1.049296,0.815533,212.953357,650.625177
12.44,1.049296,0.815533,212.95327,650.625177
12.45,1.049296,0.815533,212.953182,650.625172
12.46,1.049296,0.815533,212.953091,650.625161
12.47,1.049296,0.815533,212.952999,650.625146
12.48,1.049296,0.815533,212.952905,650.625126
12.49,1.049296,0.815533,212.952809,650.625101
12.5,1.049296,0.815533,212.952712,650.625072
12.51,1.049296,0.815533,212.952614,650.625039
12.52,1.049296,0.815533,212.952514,650.625002
12.53,1.049296,0.815533,212.952413,650.624961
12.54,1.049296,0.815533,212.952311,650.624917
12.55,1.049296,0.815533,212.952208,650.624869
12.56,1.049296,0.815533,212.952104,650.624818
12.57,1.049296,0.815533,212.951999,650.624764
12.58,1.049296,0.815533,212.951893,650.624707
12.59,1.049296,0.815533,212.951787,650.624647
12.6,1.049296,0.815533,212.951679,650.624585
12.61,1.049296,0.815532,212.951571,650.62452
12.62,1.049296,0.815532,212.951463,650.624454
12.63,1.049296,0.815532,212.951354,650.624385
12.64,1.049296,0.815532,212.951245,650.624314
12.65,1.049296,0.815532,212.951135,650.624241
12.66,1.049296,0.815532,212.951025,650.624167
12.67,1.049296,0.815532,212.950915,650.624091
12.68,1.049296,0.815532,212.950804,650.624013
12.69,1.049296,0.815532,212.950693,650.623935
12.7,1.049296,0.815531,212.950582,650.623855
12.71,1.049296,0.815531,212.950471,650.623773
12.72,1.049296,0.815531,212.95036,650.623691
12.73,1.049296,0.815531,212.950249,650.623608
12.74,1.049296,0.815531,212.950138,650.623524
12.75,1.049296,0.815531,212.950026,650.623439
12.76,1.049296,0.815531,212.949915,650.623353
12.77,1.049296,0.815531,212.949804,650.623266
12.78,1.049296,0.81553,212.949693,650.623179
12.79,1.049296,0.81553,212.949582,650.623091
12.8,1.049296,0.81553,212.949471,650.623003
12.81,1.049296,0.81553,212.94936,650.622914
12.82,1.049296,0.81553,212.949249,650.622825
12.83,1.049296,0.81553,212.949139,650.622735
12.84,1.049296,0.81553,212.949029,650.622645
12.85,1.049296,0.815529,212.948919,650.622554
12.86,1.049296,0.815529,212.948809,650.622463
12.87,1.049296,0.815529,212.948699,650.622372
12.88,1.049296,0.815529,212.94859,650.622281
12.89,1.049296,0.815529,212.948481,650.62219
12.9,1.049296,0.815529,212.948372,650.622099
12.91,1.049296,0.815528,212.948264,650.622007
12.92,1.049296,0.815528,212.948156,650.621916
12.93,1.049296,0.815528,212.948048,650.621825
12.94,1.049296,0.815528,212.947941,650.621733
12.95,1.049296,0.815528,212.947834,650.621643
12.96,1.049296,0.815528,212.947728,650.621552
12.97,1.049296,0.815528,212.947623,650.621462
12.98,1.049296,0.815527,212.947517,650.621372
12.99,1.049296,0.815527,212.947413,650.621282
13,1.049296,0.815527,212.947309,650.621193
13.01,1.049296,0.815527,212.947206,650.621105
13.02,1.049296,0.815527,212.947103,650.621018
13.03,1.049296,0.815527,212.947002,650.620932
13.04,1.049296,0.815526,212.946901,650.620846
13.05,1.049296,0.815526,212.946801,650.620762
13.06,1.049296,0.815526,212.946702,650.620679
13.07,1.049296,0.815526,212.946604,650.620597
13.08,1.049296,0.815526,212.946507,650.620517
13.09,1.049296,0.815526,212.946412,650.620438
13.1,1.049296,0.815526,212.946317,650.620362
13.11,1.049296,0.815526,212.946224,650.620287
13.12,1.049296,0.815525,212.946132,650.620214
13.13,1.049296,0.815525,212.946041,650.620143
13.14,1.049296,0.815525,212.945952,650.620074
13.15,1.049296,0.815525,212.945865,650.620008
13.16,1.049296,0.815525,212.945779,650.619945
13.17,1.049296,0.815525,212.945695,650.619884
13.18,1.049296,0.815525,212.945612,650.619827
13.19,1.049296,0.815525,212.945532,650.619772
13.2,1.049296,0.815524,212.945453,650.61972
13.21,1.049296,0.815524,212.945376,650.619672
13.22,1.049296,0.815524,212.945301,650.619627
13.23,1.049296,0.815524,212.945229,650.619586
13.24,1.049296,0.815524,212.945158,650.619549
13.25,1.049296,0.815524,212.94509,650.619516
13.26,1.049296,0.815524,212.945023,650.619486
13.27,1.049296,0.815524,212.94496,650.619461
13.28,1.049296,0.815524,212.944898,650.61944
13.29,1.049296,0.815524,212.944839,650.619424
13.3,1.049296,0.815524,212.944782,650.619411
13.31,1.049296,0.815524,212.944728,650.619404
13.32,1.049296,0.815524,212.944677,650.619401
13.33,1.049296,0.815524,212.944628,650.619403
13.34,1.049296,0.815524,212.944581,650.619409
13.35,1.049296,0.815524,212.944537,650.619421
13.36,1.049296,0.815524,212.944496,650.619437
13.37,1.049296,0.815524,212.944457,650.619458
13.38,1.049296,0.815524,212.944421,650.619485
13.39,1.049296,0.815524,212.944388,650.619516
13.4,1.049296,0.815524,212.944357,650.619552
13.41,1.049296,0.815524,212.944329,650.619593
13.42,1.049296,0.815524,212.944303,650.619639
13.43,1.049296,0.815524,212.94428,650.61969
13.44,1.049296,0.815524,212.94426,650.619745
13.45,1.049296,0.815524,212.944242,650.619805
13.46,1.049296,0.815524,212.944226,650.61987
13.47,1.049296,0.815524,212.944213,650.61994
13.48,1.049296,0.815524,212.944203,650.620014
13.49,1.049296,0.815524,212.944194,650.620092
13.5,1.049296,0.815525,212.944188,650.620175
13.51,1.049296,0.815525,212.944184,650.620261
13.52,1.049296,0.815525,212.944182,650.620352
13.53,1.049296,0.815525,212.944182,650.620446
13.54,1.049296,0.815525,212.944183,650.620544
13.55,1.049296,0.815525,212.944187,650.620645
13.56,1.049296,0.815525,212.944193,650.620749
13.57,1.049296,0.815526,212.9442,650.620856
13.58,1.049296,0.815526,212.944208,650.620966
13.59,1.049296,0.815526,212.944218,650.621078
13.6,1.049296,0.815526,212.944229,650.621193
13.61,1.049296,0.815526,212.944242,650.621309
13.62,1.049296,0.815526,212.944255,650.621428
13.63,1.049296,0.815527,212.944269,650.621547
13.64,1.049296,0.815527,212.944285,650.621668
13.65,1.049296,0.815527,212.9443,650.62179
13.66,1.049296,0.815527,212.944317,650.621913
13.67,1.049295,0.815527,212.944334,650.622035
13.68,1.049295,0.815528,212.944351,650.622158
13.69,1.049295,0.815528,212.944368,650.622281
13.7,1.049295,0.815528,212.944386,650.622403
13.71,1.049295,0.815528,212.944403,650.622524
13.72,1.049295,0.815528,212.94442,650.622645
13.73,1.049295,0.815528,212.944437,650.622764
13.74,1.049295,0.815529,212.944453,650.622881
13.75,1.049295,0.815529,212.944469,650.622997
13.76,1.049295,0.815529,212.944484,650.62311
13.77,1.049295,0.815529,212.944498,650.623221
13.78,1.049295,0.815529,212.944511,650.623329
13.79,1.049295,0.815529,212.944524,650.623434
13.8,1.049295,0.81553,212.944535,650.623536
13.81,1.049295,0.81553,212.944545,650.623635
13.82,1.049295,0.81553,212.944553,650.62373
13.83,1.049295,0.81553,212.944561,650.623821
13.84,1.049295,0.81553,212.944566,650.623908
13.85,1.049295,0.81553,212.94457,650.623991
13.86,1.049295,0.81553,212.944573,650.624069
13.87,1.049295,0.815531,212.944574,650.624143
13.88,1.049294,0.815531,212.944572,650.624212
13.89,1.049294,0.815531,212.944569,650.624276
13.9,1.049294,0.815531,212.944565,650.624335
13.91,1.049294,0.815531,212.944558,650.624389
13.92,1.049294,0.815531,212.944549,650.624438
13.93,1.049294,0.815531,212.944538,650.624482
13.94,1.049294,0.815531,212.944525,650.624519
13.95,1.049294,0.815531,212.94451,650.624552
13.96,1.049294,0.815531,212.944493,650.624579
13.97,1.049294,0.815531,212.944474,650.6246
13.98,1.049294,0.815531,212.944453,650.624616
13.99,1.049294,0.815531,212.944429,650.624627
14,1.049294,0.815531,212.944404,650.624632
14.01,1.049294,0.815531,212.944377,650.624631
14.02,1.049294,0.815531,212.944347,650.624625
14.03,1.049294,0.815531,212.944316,650.624613
14.04,1.049294,0.815531,212.944282,650.624597
14.05,1.049294,0.815531,212.944247,650.624574
14.06,1.049294,0.815531,212.94421,650.624547
14.07,1.049294,0.815531,212.944171,650.624515
14.08,1.049294,0.815531,212.94413,650.624478
14.09,1.049294,0.815531,212.944087,650.624436
14.1,1.049294,0.815531,212.944043,650.62439
14.11,1.049294,0.815531,212.943997,650.624339
14.12,1.049294,0.815531,212.94395,650.624283
14.13,1.049294,0.815531,212.943902,650.624224
14.14,1.049294,0.815531,212.943852,650.62416
14.15,1.049294,0.815531,212.9438,650.624093
14.16,1.049294,0.81553,212.943748,650.624022
14.17,1.049294,0.81553,212.943695,650.623948
14.18,1.049294,0.81553,212.94364,650.623871
14.19,1.049294,0.81553,212.943585,650.623791
14.2,1.049294,0.81553,212.943529,650.623708
14.21,1.049294,0.81553,212.943472,650.623622
14.22,1.049294,0.81553,212.943415,650.623534
14.23,1.049294,0.81553,212.943357,650.623444
14.24,1.049294,0.815529,212.943299,650.623352
14.25,1.049294,0.815529,212.94324,650.623259
14.26,1.049294,0.815529,212.943181,650.623164
14.27,1.049294,0.815529,212.943122,650.623068
14.28,1.049294,0.815529,212.943063,650.62297
14.29,1.049294,0.815529,212.943005,650.622872
14.3,1.049294,0.815529,212.942946,650.622774
14.31,1.049294,0.815528,212.942887,650.622675
14.32,1.049294,0.815528,212.942829,650.622576
14.33,1.049294,0.815528,212.942771,650.622477
14.34,1.049294,0.815528,212.942714,650.622378
14.35,1.049295,0.815528,212.942657,650.622279
14.36,1.049295,0.815528,212.942601,650.622181
14.37,1.049295,0.815527,212.942545,650.622084
14.38,1.049295,0.815527,212.94249,650.621988
14.39,1.049295,0.815527,212.942437,650.621893
14.4,1.049295,0.815527,212.942384,650.621799
14.41,1.049295,0.815527,212.942331,650.621706
14.42,1.049295,0.815527,212.94228,650.621615
14.43,1.049295,0.815527,212.94223,650.621526
14.44,1.049295,0.815526,212.942181,650.621438
14.45,1.049295,0.815526,212.942134,650.621352
14.46,1.049295,0.815526,212.942087,650.621268
14.47,1.049295,0.815526,212.942042,650.621186
14.48,1.049295,0.815526,212.941997,650.621106
14.49,1.049295,0.815526,212.941955,650.621029
14.5,1.049295,0.815526,212.941913,650.620953
14.51,1.049295,0.815525,212.941873,650.62088
14.52,1.049295,0.815525,212.941834,650.620809
14.53,1.049295,0.815525,212.941796,650.620741
14.54,1.049295,0.815525,212.94176,650.620675
14.55,1.049295,0.815525,212.941725,650.620611
14.56,1.049295,0.815525,212.941691,650.62055
14.57,1.049295,0.815525,212.941659,650.620491
14.58,1.049295,0.815525,212.941628,650.620435
14.59,1.049295,0.815525,212.941598,650.620381
14.6,1.049295,0.815525,212.94157,650.620329
14.61,1.049295,0.815524,212.941543,650.62028
14.62,1.049295,0.815524,212.941518,650.620234
14.63,1.049295,0.815524,212.941494,650.620189
14.64,1.049295,0.815524,212.941471,650.620147
14.65,1.049295,0.815524,212.941449,650.620107
14.66,1.049295,0.815524,212.941428,650.62007
14.67,1.049295,0.815524,212.941409,650.620034
14.68,1.049295,0.815524,212.941391,650.620001
14.69,1.049296,0.815524,212.941374,650.61997
14.7,1.049296,0.815524,212.941359,650.619941
14.71,1.049296,0.815524,212.941344,650.619914
14.72,1.049296,0.815524,212.941331,650.619889
14.73,1.049296,0.815524,212.941318,650.619865
14.74,1.049296,0.815524,212.941307,650.619844
14.75,1.049296,0.815524,212.941297,650.619824
14.76,1.049296,0.815524,212.941287,650.619806
14.77,1.049296,0.815524,212.941279,650.61979
14.78,1.049296,0.815523,212.941272,650.619775
14.79,1.049296,0.815523,212.941266,650.619762
14.8,1.049296,0.815523,212.94126,650.61975
14.81,1.049296,0.815523,212.941256,650.61974
14.82,1.049296,0.815523,212.941252,650.619731
14.83,1.049296,0.815523,212.94125,650.619723
14.84,1.049296,0.815523,212.941248,650.619717
14.85,1.049296,0.815523,212.941247,650.619712
14.86,1.049296,0.815523,212.941246,650.619708
14.87,1.049296,0.815523,212.941247,650.619706
14.88,1.049296,0.815523,212.941248,650.619704
14.89,1.049296,0.815523,212.941251,650.619704
14.9,1.049296,0.815523,212.941254,650.619705
14.91,1.049296,0.815523,212.941257,650.619706
14.92,1.049296,0.815523,212.941262,650.619709
14.93,1.049296,0.815523,212.941267,650.619713
14.94,1.049296,0.815523,212.941273,650.619718
14.95,1.049296,0.815523,212.941279,650.619724
14.96,1.049296,0.815523,212.941287,650.619731
14.97,1.049296,0.815523,212.941295,650.619739
14.98,1.049296,0.815523,212.941303,650.619748
14.99,1.049296,0.815523,212.941313,650.619758
15,1.049296,0.815523,212.941323,650.619769
15.01,1.049296,0.815523,212.941334,650.619781
15.02,1.049296,0.815523,212.941345,650.619793
15.03,1.049296,0.815523,212.941357,650.619807
15.04,1.049296,0.815523,212.94137,650.619821
15.05,1.049296,0.815523,212.941384,650.619837
15.06,1.049296,0.815523,212.941398,650.619854
15.07,1.049296,0.815523,212.941413,650.619871
15.08,1.049296,0.815523,212.941429,650.619889
15.09,1.049296,0.815523,212.941445,650.619909
15.1,1.049296,0.815523,212.941462,650.619929
15.11,1.049296,0.815523,212.941479,650.61995
15.12,1.049296,0.815523,212.941497,650.619972
15.13,1.049296,0.815524,212.941516,650.619995
15.14,1.049296,0.815524,212.941535,650.620019
15.15,1.049296,0.815524,212.941555,650.620044
15.16,1.049296,0.815524,212.941576,650.620069
15.17,1.049296,0.815524,212.941597,650.620096
15.18,1.049296,0.815524,212.941619,650.620123
15.19,1.049296,0.815524,212.941641,650.620151
15.2,1.049296,0.815524,212.941664,650.62018
15.21,1.049296,0.815524,212.941688,650.62021
15.22,1.049296,0.815524,212.941711,650.62024
15.23,1.049296,0.815524,212.941736,650.620271
15.24,1.049296,0.815524,212.94176,650.620303
15.25,1.049296,0.815524,212.941786,650.620335
15.26,1.049296,0.815524,212.941811,650.620368
15.27,1.049296,0.815524,212.941837,650.620401
15.28,1.049296,0.815524,212.941863,650.620435
15.29,1.049296,0.815524,212.94189,650.620469
15.3,1.049296,0.815524,212.941917,650.620503
15.31,1.049296,0.815524,212.941944,650.620538
15.32,1.049296,0.815524,212.941971,650.620572
15.33,1.049296,0.815524,212.941998,650.620607
15.34,1.049296,0.815524,212.942026,650.620641
15.35,1.049296,0.815525,212.942053,650.620676
15.36,1.049296,0.815525,212.942081,650.62071
15.37,1.049296,0.815525,212.942108,650.620744
15.38,1.049296,0.815525,212.942136,650.620778
15.39,1.049296,0.815525,212.942163,650.620811
15.4,1.049296,0.815525,212.94219,650.620843
15.41,1.049296,0.815525,212.942217,650.620875
15.42,1.049296,0.815525,212.942244,650.620906
15.43,1.049296,0.815525,212.94227,650.620936
15.44,1.049296,0.815525,212.942296,650.620964
15.45,1.049296,0.815525,212.942322,650.620992
15.46,1.049296,0.815525,212.942347,650.621019
15.47,1.049296,0.815525,212.942371,650.621044
15.48,1.049296,0.815525,212.942395,650.621068
15.49,1.049296,0.815525,212.942419,650.62109
15.5,1.049296,0.815525,212.942441,650.621111
15.51,1.049296,0.815525,212.942464,650.62113
15.52,1.049296,0.815525,212.942485,650.621146
15.53,1.049296,0.815525,212.942505,650.621161
15.54,1.049296,0.815525,212.942525,650.621174
15.55,1.049296,0.815525,212.942544,650.621185
15.56,1.049296,0.815525,212.942562,650.621194
15.57,1.049296,0.815525,212.942579,650.6212
15.58,1.049296,0.815525,212.942595,650.621204
15.59,1.049296,0.815525,212.942611,650.621205
15.6,1.049296,0.815525,212.942625,650.621204
15.61,1.049296,0.815525,212.942638,650.6212
15.62,1.049296,0.815525,212.94265,650.621194
15.63,1.049296,0.815525,212.942661,650.621184
15.64,1.049296,0.815525,212.942671,650.621172
15.65,1.049296,0.815525,212.942679,650.621158
15.66,1.049296,0.815525,212.942687,650.62114
15.67,1.049296,0.815525,212.942693,650.62112
15.68,1.049296,0.815525,212.942699,650.621096
15.69,1.049296,0.815525,212.942703,650.62107
15.7,1.049296,0.815525,212.942706,650.621041
15.71,1.049296,0.815525,212.942708,650.621009
15.72,1.049296,0.815525,212.942709,650.620974
15.73,1.049296,0.815525,212.942708,650.620937
15.74,1.049296,0.815525,212.942707,650.620896
15.75,1.049296,0.815525,212.942704,650.620853
15.76,1.049296,0.815525,212.942701,650.620807
15.77,1.049296,0.815525,212.942696,650.620758
15.78,1.049296,0.815525,212.942691,650.620706
15.79,1.049296,0.815525,212.942684,650.620652
15.8,1.049296,0.815525,212.942677,650.620596
15.81,1.049296,0.815524,212.942668,650.620537
15.82,1.049296,0.815524,212.942659,650.620476
15.83,1.049296,0.815524,212.942649,650.620412
15.84,1.049296,0.815524,212.942638,650.620346
15.85,1.049296,0.815524,212.942627,650.620278
15.86,1.049296,0.815524,212.942614,650.620209
15.87,1.049296,0.815524,212.942601,650.620137
15.88,1.049296,0.815524,212.942588,650.620064
15.89,1.049296,0.815524,212.942574,650.619989
15.9,1.049297,0.815523,212.942559,650.619912
15.91,1.049297,0.815523,212.942544,650.619835
15.92,1.049297,0.815523,212.942529,650.619756
15.93,1.049297,0.815523,212.942514,650.619676
15.94,1.049297,0.815523,212.942498,650.619595
15.95,1.049297,0.815523,212.942482,650.619513
15.96,1.049297,0.815523,212.942466,650.619431
15.97,1.049297,0.815523,212.94245,650.619348
15.98,1.049297,0.815522,212.942433,650.619265
15.99,1.049297,0.815522,212.942417,650.619181
16,1.049297,0.815522,212.942401,650.619098
16.01,1.049297,0.815522,212.942386,650.619015
16.02,1.049297,0.815522,212.94237,650.618932
16.03,1.049297,0.815522,212.942355,650.618849
16.04,1.049297,0.815522,212.94234,650.618767
16.05,1.049297,0.815522,212.942326,650.618685
16.06,1.049297,0.815521,212.942312,650.618604
16.07,1.049297,0.815521,212.942298,650.618524
16.08,1.049297,0.815521,212.942286,650.618445
16.09,1.049297,0.815521,212.942273,650.618368
16.1,1.049297,0.815521,212.942262,650.618291
16.11,1.049297,0.815521,212.942251,650.618216
16.12,1.049297,0.815521,212.942241,650.618143
16.13,1.049297,0.815521,212.942232,650.618071
16.14,1.049297,0.81552,212.942223,650.618001
16.15,1.049297,0.81552,212.942216,650.617933
16.16,1.049297,0.81552,212.942209,650.617866
16.17,1.049298,0.81552,212.942204,650.617802
16.18,1.049298,0.81552,212.942199,650.61774
16.19,1.049298,0.81552,212.942195,650.617679
16.2,1.049298,0.81552,212.942193,650.617621
16.21,1.049298,0.81552,212.942191,650.617566
16.22,1.049298,0.81552,212.94219,650.617512
16.23,1.049298,0.81552,212.942191,650.617461
16.24,1.049298,0.81552,212.942192,650.617412
16.25,1.049298,0.815519,212.942195,650.617365
16.26,1.049298,0.815519,212.942198,650.617321
16.27,1.049298,0.815519,212.942203,650.61728
16.28,1.049298,0.815519,212.942209,650.61724
16.29,1.049298,0.815519,212.942216,650.617204
16.3,1.049298,0.815519,212.942223,650.617169
16.31,1.049298,0.815519,212.942232,650.617137
16.32,1.049298,0.815519,212.942242,650.617107
16.33,1.049298,0.815519,212.942253,650.61708
16.34,1.049298,0.815519,212.942265,650.617055
16.35,1.049298,0.815519,212.942278,650.617032
16.36,1.049298,0.815519,212.942292,650.617011
16.37,1.049298,0.815519,212.942307,650.616993
16.38,1.049298,0.815519,212.942323,650.616976
16.39,1.049298,0.815519,212.94234,650.616962
16.4,1.049298,0.815519,212.942357,650.61695
16.41,1.049298,0.815519,212.942375,650.616939
16.42,1.049298,0.815519,212.942395,650.616931
16.43,1.049298,0.815519,212.942414,650.616924
16.44,1.049298,0.815519,212.942435,650.616919
16.45,1.049298,0.815519,212.942456,650.616915
16.46,1.049298,0.815519,212.942478,650.616913
16.47,1.049298,0.815519,212.942501,650.616912
16.48,1.049298,0.815519,212.942524,650.616913
16.49,1.049298,0.815519,212.942547,650.616915
16.5,1.049298,0.815519,212.942571,650.616918
16.51,1.049298,0.815519,212.942596,650.616922
16.52,1.049298,0.815519,212.942621,650.616927
16.53,1.049298,0.815519,212.942646,650.616933
16.54,1.049298,0.815519,212.942672,650.61694
16.55,1.049298,0.815519,212.942698,650.616948
16.56,1.049298,0.815519,212.942724,650.616956
16.57,1.049298,0.815519,212.94275,650.616964
16.58,1.049298,0.815519,212.942777,650.616973
16.59,1.049298,0.815519,212.942804,650.616982
16.6,1.049298,0.815519,212.942831,650.616992
16.61,1.049298,0.815519,212.942858,650.617002
16.62,1.049298,0.815519,212.942885,650.617012
16.63,1.049298,0.815519,212.942912,650.617021
16.64,1.049298,0.815519,212.942938,650.617031
16.65,1.049298,0.815519,212.942965,650.617041
16.66,1.049298,0.815519,212.942992,650.61705
16.67,1.049298,0.815519,212.943019,650.617059
16.68,1.049298,0.815519,212.943046,650.617068
16.69,1.049298,0.815519,212.943072,650.617077
16.7,1.049298,0.815519,212.943098,650.617085
16.71,1.049298,0.815519,212.943124,650.617092
16.72,1.049298,0.815519,212.94315,650.617099
16.73,1.049298,0.815519,212.943176,650.617105
16.74,1.049298,0.815519,212.943201,650.617111
16.75,1.049298,0.815519,212.943226,650.617116
16.76,1.049298,0.815519,212.943251,650.617121
16.77,1.049298,0.815519,212.943276,650.617124
16.78,1.049298,0.815519,212.9433,650.617127
16.79,1.049298,0.815519,212.943324,650.61713
16.8,1.049298,0.815519,212.943347,650.617131
16.81,1.049299,0.815519,212.943371,650.617132
16.82,1.049299,0.815519,212.943394,650.617131
16.83,1.049299,0.815519,212.943416,650.61713
16.84,1.049299,0.815519,212.943438,650.617128
16.85,1.049299,0.815519,212.94346,650.617126
16.86,1.049299,0.815519,212.943482,650.617122
16.87,1.049299,0.815519,212.943503,650.617118
16.88,1.049299,0.815519,212.943524,650.617112
16.89,1.049299,0.815519,212.943544,650.617106
16.9,1.049299,0.815519,212.943564,650.617099
16.91,1.049299,0.815519,212.943584,650.617092
16.92,1.049299,0.815519,212.943603,650.617083
16.93,1.049299,0.815519,212.943622,650.617074
16.94,1.049299,0.815519,212.943641,650.617064
16.95,1.049299,0.815519,212.943659,650.617053
16.96,1.049299,0.815519,212.943677,650.617041
16.97,1.049299,0.815519,212.943695,650.617029
16.98,1.049299,0.815519,212.943712,650.617016
16.99,1.049299,0.815519,212.943729,650.617002
17,1.049299,0.815519,212.943745,650.616987
17.01,1.049299,0.815519,212.943762,650.616972
17.02,1.049299,0.815519,212.943778,650.616956
17.03,1.049299,0.815519,212.943793,650.61694
17.04,1.049299,0.815519,212.943808,650.616922
17.05,1.049299,0.815519,212.943823,650.616904
17.06,1.049299,0.815519,212.943838,650.616886
17.07,1.049299,0.815519,212.943852,650.616867
17.08,1.049299,0.815519,212.943866,650.616847
17.09,1.049299,0.815519,212.943879,650.616827
17.1,1.049299,0.815519,212.943892,650.616806
17.11,1.049299,0.815519,212.943905,650.616784
17.12,1.049299,0.815519,212.943918,650.616762
17.13,1.049299,0.815519,212.94393,650.616739
17.14,1.049299,0.815519,212.943942,650.616716
17.15,1.049299,0.815519,212.943953,650.616692
17.16,1.049299,0.815519,212.943964,650.616667
17.17,1.049299,0.815519,212.943975,650.616642
17.18,1.049299,0.815519,212.943985,650.616616
17.19,1.049299,0.815518,212.943995,650.61659
17.2,1.049299,0.815518,212.944005,650.616562
17.21,1.049299,0.815518,212.944014,650.616535
17.22,1.049299,0.815518,212.944023,650.616506
17.23,1.049299,0.815518,212.944031,650.616477
17.24,1.049299,0.815518,212.944039,650.616448
17.25,1.049299,0.815518,212.944047,650.616417
17.26,1.049299,0.815518,212.944054,650.616386
17.27,1.049299,0.815518,212.944061,650.616355
17.28,1.049299,0.815518,212.944067,650.616322
17.29,1.049299,0.815518,212.944073,650.616289
17.3,1.049299,0.815518,212.944079,650.616255
17.31,1.049299,0.815518,212.944084,650.61622
17.32,1.049299,0.815518,212.944088,650.616185
17.33,1.049299,0.815518,212.944092,650.616149
17.34,1.049299,0.815518,212.944096,650.616112
17.35,1.049299,0.815518,212.944099,650.616074
17.36,1.049299,0.815518,212.944102,650.616035
17.37,1.049299,0.815518,212.944105,650.615996
17.38,1.049299,0.815518,212.944106,650.615955
17.39,1.049299,0.815518,212.944108,650.615914
17.4,1.049299,0.815518,212.944109,650.615872
17.41,1.049299,0.815517,212.944109,650.615829
17.42,1.049299,0.815517,212.944109,650.615785
17.43,1.049299,0.815517,212.944109,650.615741
17.44,1.049299,0.815517,212.944108,650.615695
17.45,1.049299,0.815517,212.944107,650.615649
17.46,1.049299,0.815517,212.944105,650.615602
17.47,1.049299,0.815517,212.944103,650.615554
17.48,1.049299,0.815517,212.9441,650.615505
17.49,1.049299,0.815517,212.944097,650.615456
17.5,1.049299,0.815517,212.944094,650.615405
17.51,1.049299,0.815517,212.94409,650.615354
17.52,1.049299,0.815517,212.944086,650.615302
17.53,1.049299,0.815517,212.944081,650.61525
17.54,1.049299,0.815517,212.944076,650.615197
17.55,1.049299,0.815517,212.944071,650.615143
17.56,1.049299,0.815516,212.944065,650.615088
17.57,1.049299,0.815516,212.944059,650.615033
17.58,1.049299,0.815516,212.944053,650.614977
17.59,1.049299,0.815516,212.944047,650.614921
17.6,1.049299,0.815516,212.94404,650.614864
17.61,1.049299,0.815516,212.944033,650.614807
17.62,1.049299,0.815516,212.944026,650.61475
17.63,1.049299,0.815516,212.944019,650.614692
17.64,1.049299,0.815516,212.944011,650.614634
17.65,1.049299,0.815516,212.944004,650.614575
17.66,1.049299,0.815516,212.943996,650.614517
17.67,1.049299,0.815516,212.943988,650.614458
17.68,1.0493,0.815515,212.943981,650.6144
17.69,1.0493,0.815515,212.943973,650.614341
17.7,1.0493,0.815515,212.943965,650.614282
17.71,1.0493,0.815515,212.943958,650.614224
17.72,1.0493,0.815515,212.94395,650.614165
17.73,1.0493,0.815515,212.943942,650.614107
17.74,1.0493,0.815515,212.943935,650.61405
17.75,1.0493,0.815515,212.943928,650.613992
17.76,1.0493,0.815515,212.943921,650.613936
17.77,1.0493,0.815515,212.943914,650.613879
17.78,1.0493,0.815515,212.943907,650.613823
17.79,1.0493,0.815515,212.9439,650.613768
17.8,1.0493,0.815514,212.943894,650.613714
17.81,1.0493,0.815514,212.943888,650.61366
17.82,1.0493,0.815514,212.943883,650.613607
17.83,1.0493,0.815514,212.943878,650.613555
17.84,1.0493,0.815514,212.943873,650.613504
17.85,1.0493,0.815514,212.943868,650.613454
17.86,1.0493,0.815514,212.943864,650.613404
17.87,1.0493,0.815514,212.94386,650.613356
17.88,1.0493,0.815514,212.943857,650.613309
17.89,1.0493,0.815514,212.943854,650.613264
17.9,1.0493,0.815514,212.943852,650.613219
17.91,1.0493,0.815514,212.94385,650.613176
17.92,1.0493,0.815514,212.943849,650.613133
17.93,1.0493,0.815514,212.943848,650.613093
17.94,1.0493,0.815513,212.943848,650.613053
17.95,1.0493,0.815513,212.943848,650.613015
17.96,1.0493,0.815513,212.943848,650.612978
17.97,1.0493,0.815513,212.943849,650.612943
17.98,1.0493,0.815513,212.943851,650.612909
17.99,1.0493,0.815513,212.943853,650.612876
18,1.0493,0.815513,212.943856,650.612845
18.01,1.0493,0.815513,212.943859,650.612815
18.02,1.0493,0.815513,212.943863,650.612787
18.03,1.0493,0.815513,212.943867,650.612759
18.04,1.0493,0.815513,212.943872,650.612734
18.05,1.0493,0.815513,212.943877,650.612709
18.06,1.0493,0.815513,212.943882,650.612686
18.07,1.0493,0.815513,212.943888,650.612665
18.08,1.0493,0.815513,212.943895,650.612644
18.09,1.0493,0.815513,212.943902,650.612625
18.1,1.0493,0.815513,212.943909,650.612607
18.11,1.0493,0.815513,212.943917,650.612591
18.12,1.0493,0.815513,212.943925,650.612575
18.13,1.0493,0.815513,212.943933,650.612561
18.14,1.0493,0.815513,212.943942,650.612547
18.15,1.0493,0.815513,212.943951,650.612535
18.16,1.0493,0.815513,212.94396,650.612523
18.17,1.0493,0.815513,212.943969,650.612513
18.18,1.0493,0.815513,212.943979,650.612503
18.19,1.0493,0.815513,212.943989,650.612494
18.2,1.0493,0.815513,212.943999,650.612486
18.21,1.0493,0.815513,212.944009,650.612479
18.22,1.0493,0.815513,212.94402,650.612472
18.23,1.0493,0.815513,212.94403,650.612465
18.24,1.0493,0.815513,212.94404,650.612459
18.25,1.0493,0.815513,212.944051,650.612454
18.26,1.0493,0.815513,212.944061,650.612449
18.27,1.0493,0.815513,212.944072,650.612444
18.28,1.0493,0.815513,212.944082,650.612439
18.29,1.0493,0.815513,212.944092,650.612434
18.3,1.0493,0.815513,212.944103,650.61243
18.31,1.0493,0.815513,212.944113,650.612425
18.32,1.0493,0.815513,212.944122,650.61242
18.33,1.0493,0.815513,212.944132,650.612415
18.34,1.0493,0.815513,212.944141,650.61241
18.35,1.0493,0.815513,212.94415,650.612405
18.36,1.0493,0.815513,212.944159,650.612399
18.37,1.0493,0.815513,212.944168,650.612393
18.38,1.0493,0.815513,212.944176,650.612387
18.39,1.0493,0.815513,212.944184,650.61238
18.4,1.0493,0.815513,212.944191,650.612372
18.41,1.0493,0.815513,212.944199,650.612364
18.42,1.0493,0.815513,212.944205,650.612355
18.43,1.0493,0.815513,212.944212,650.612346
18.44,1.0493,0.815513,212.944217,650.612335
18.45,1.0493,0.815513,212.944223,650.612324
18.46,1.0493,0.815513,212.944228,650.612312
18.47,1.0493,0.815513,212.944232,650.612299
18.48,1.0493,0.815513,212.944236,650.612286
18.49,1.0493,0.815513,212.944239,650.612271
18.5,1.0493,0.815513,212.944242,650.612255
18.51,1.0493,0.815513,212.944245,650.612239
18.52,1.0493,0.815513,212.944246,650.612221
18.53,1.0493,0.815513,212.944248,650.612202
18.54,1.0493,0.815513,212.944249,650.612183
18.55,1.0493,0.815513,212.944249,650.612162
18.56,1.0493,0.815512,212.944248,650.61214
18.57,1.0493,0.815512,212.944248,650.612117
18.58,1.0493,0.815512,212.944246,650.612093
18.59,1.0493,0.815512,212.944244,650.612068
18.6,1.0493,0.815512,212.944242,650.612042
18.61,1.0493,0.815512,212.944239,650.612015
18.62,1.0493,0.815512,212.944235,650.611987
18.63,1.0493,0.815512,212.944231,650.611958
18.64,1.0493,0.815512,212.944226,650.611928
18.65,1.0493,0.815512,212.944221,650.611897
18.66,1.0493,0.815512,212.944216,650.611864
18.67,1.0493,0.815512,212.94421,650.611831
18.68,1.0493,0.815512,212.944203,650.611797
18.69,1.0493,0.815512,212.944196,650.611762
18.7,1.0493,0.815512,212.944188,650.611726
18.71,1.0493,0.815512,212.94418,650.61169
18.72,1.0493,0.815512,212.944172,650.611652
18.73,1.0493,0.815512,212.944163,650.611614
18.74,1.0493,0.815512,212.944154,650.611574
18.75,1.0493,0.815512,212.944144,650.611535
18.76,1.0493,0.815512,212.944134,650.611494
18.77,1.0493,0.815512,212.944124,650.611453
18.78,1.0493,0.815512,212.944113,650.611411
18.79,1.0493,0.815512,212.944102,650.611369
18.8,1.0493,0.815511,212.944091,650.611326
18.81,1.0493,0.815511,212.944079,650.611282
18.82,1.0493,0.815511,212.944067,650.611238
18.83,1.0493,0.815511,212.944054,650.611194
18.84,1.0493,0.815511,212.944042,650.611149
18.85,1.0493,0.815511,212.944029,650.611103
18.86,1.0493,0.815511,212.944016,650.611058
18.87,1.0493,0.815511,212.944002,650.611012
18.88,1.0493,0.815511,212.943989,650.610966
18.89,1.0493,0.815511,212.943975,650.610919
18.9,1.0493,0.815511,212.943961,650.610872
18.91,1.0493,0.815511,212.943947,650.610825
18.92,1.0493,0.815511,212.943932,650.610778
18.93,1.0493,0.815511,212.943918,650.610731
18.94,1.0493,0.815511,212.943903,650.610684
18.95,1.0493,0.815511,212.943888,650.610636
18.96,1.0493,0.81551,212.943873,650.610589
18.97,1.0493,0.81551,212.943858,650.610541
18.98,1.0493,0.81551,212.943842,650.610494
18.99,1.0493,0.81551,212.943827,650.610446
19,1.0493,0.81551,212.943811,650.610399
19.01,1.0493,0.81551,212.943796,650.610351
19.02,1.0493,0.81551,212.94378,650.610304
19.03,1.0493,0.81551,212.943764,650.610256
19.04,1.0493,0.81551,212.943748,650.610209
19.05,1.0493,0.81551,212.943732,650.610162
19.06,1.0493,0.81551,212.943716,650.610115
19.07,1.0493,0.81551,212.943699,650.610068
19.08,1.0493,0.81551,212.943683,650.610021
19.09,1.0493,0.81551,212.943667,650.609974
19.1,1.0493,0.81551,212.94365,650.609927
19.11,1.0493,0.81551,212.943634,650.609881
19.12,1.0493,0.815509,212.943617,650.609834
19.13,1.0493,0.815509,212.9436,650.609788
19.14,1.0493,0.815509,212.943583,650.609742
19.15,1.0493,0.815509,212.943566,650.609696
19.16,1.0493,0.815509,212.94355,650.60965
19.17,1.0493,0.815509,212.943533,650.609604
19.18,1.0493,0.815509,212.943515,650.609559
19.19,1.0493,0.815509,212.943498,650.609514
19.2,1.0493,0.815509,212.943481,650.609468
19.21,1.0493,0.815509,212.943464,650.609423
19.22,1.0493,0.815509,212.943447,650.609378
19.23,1.0493,0.815509,212.943429,650.609333
19.24,1.0493,0.815509,212.943412,650.609289
19.25,1.0493,0.815509,212.943394,650.609244
19.26,1.0493,0.815509,212.943377,650.6092
19.27,1.0493,0.815509,212.943359,650.609155
19.28,1.0493,0.815508,212.943342,650.609111
19.29,1.0493,0.815508,212.943324,650.609067
19.3,1.0493,0.815508,212.943306,650.609023
19.31,1.0493,0.815508,212.943289,650.60898
19.32,1.0493,0.815508,212.943271,650.608936
19.33,1.0493,0.815508,212.943253,650.608893
19.34,1.0493,0.815508,212.943235,650.608849
19.35,1.0493,0.815508,212.943217,650.608806
19.36,1.049301,0.815508,212.943199,650.608763
19.37,1.049301,0.815508,212.943182,650.608721
19.38,1.049301,0.815508,212.943164,650.608678
19.39,1.049301,0.815508,212.943146,650.608635
19.4,1.049301,0.815508,212.943128,650.608593
19.41,1.049301,0.815508,212.94311,650.608551
19.42,1.049301,0.815508,212.943092,650.608509
19.43,1.049301,0.815508,212.943074,650.608467
19.44,1.049301,0.815508,212.943056,650.608426
19.45,1.049301,0.815507,212.943038,650.608385
19.46,1.049301,0.815507,212.943021,650.608344
19.47,1.049301,0.815507,212.943003,650.608303
19.48,1.049301,0.815507,212.942985,650.608263
19.49,1.049301,0.815507,212.942968,650.608222
19.5,1.049301,0.815507,212.94295,650.608182
19.51,1.049301,0.815507,212.942932,650.608143
19.52,1.049301,0.815507,212.942915,650.608103
19.53,1.049301,0.815507,212.942898,650.608064
19.54,1.049301,0.815507,212.94288,650.608026
19.55,1.049301,0.815507,212.942863,650.607987
19.56,1.049301,0.815507,212.942846,650.607949
19.57,1.049301,0.815507,212.942829,650.607912
19.58,1.049301,0.815507,212.942812,650.607875
19.59,1.049301,0.815507,212.942795,650.607838
19.6,1.049301,0.815507,212.942779,650.607802
19.61,1.049301,0.815507,212.942762,650.607766
19.62,1.049301,0.815507,212.942746,650.60773
19.63,1.049301,0.815507,212.942729,650.607695
19.64,1.049301,0.815506,212.942713,650.60766
19.65,1.049301,0.815506,212.942697,650.607626
19.66,1.049301,0.815506,212.942681,650.607593
19.67,1.049301,0.815506,212.942666,650.607559
19.68,1.049301,0.815506,212.94265,650.607527
19.69,1.049301,0.815506,212.942635,650.607495
19.7,1.049301,0.815506,212.942619,650.607463
19.71,1.049301,0.815506,212.942604,650.607432
19.72,1.049301,0.815506,212.942589,650.607401
19.73,1.049301,0.815506,212.942574,650.607371
19.74,1.049301,0.815506,212.942559,650.607341
19.75,1.049301,0.815506,212.942545,650.607312
19.76,1.049301,0.815506,212.94253,650.607283
19.77,1.049301,0.815506,212.942516,650.607255
19.78,1.049301,0.815506,212.942502,650.607227
19.79,1.049301,0.815506,212.942487,650.6072
19.8,1.049301,0.815506,212.942473,650.607173
19.81,1.049301,0.815506,212.942459,650.607146
19.82,1.049301,0.815506,212.942446,650.60712
19.83,1.049301,0.815506,212.942432,650.607095
19.84,1.049301,0.815506,212.942418,650.60707
19.85,1.049301,0.815506,212.942405,650.607045
19.86,1.049301,0.815506,212.942391,650.60702
19.87,1.049301,0.815506,212.942377,650.606996
19.88,1.049301,0.815506,212.942364,650.606973
19.89,1.049301,0.815506,212.94235,650.606949
19.9,1.049301,0.815506,212.942337,650.606926
19.91,1.049301,0.815506,212.942323,650.606903
19.92,1.049301,0.815505,212.94231,650.60688
19.93,1.049301,0.815505,212.942296,650.606858
19.94,1.049301,0.815505,212.942283,650.606835
19.95,1.049301,0.815505,212.942269,650.606813
19.96,1.049301,0.815505,212.942255,650.606791
19.97,1.049301,0.815505,212.942242,650.606769
19.98,1.049301,0.815505,212.942228,650.606747
19.99,1.049301,0.815505,212.942214,650.606725
20,1.049301,0.815505,212.9422,650.606703
20.01,1.049301,0.815505,212.942185,650.606681
20.02,1.049301,0.815505,212.942171,650.606659
20.03,1.049301,0.815505,212.942156,650.606636
20.04,1.049301,0.815505,212.942141,650.606614
20.05,1.0493,0.815505,212.942126,650.606591
20.06,1.0493,0.815505,212.942111,650.606569
20.07,1.0493,0.815505,212.942096,650.606546
20.08,1.0493,0.815505,212.94208,650.606522
20.09,1.0493,0.815505,212.942064,650.606499
20.1,1.0493,0.815505,212.942048,650.606475
20.11,1.0493,0.815505,212.942031,650.60645
20.12,1.0493,0.815505,212.942015,650.606425
20.13,1.0493,0.815505,212.941997,650.6064
20.14,1.0493,0.815505,212.94198,650.606374
20.15,1.0493,0.815505,212.941962,650.606348
20.16,1.0493,0.815505,212.941944,650.606322
20.17,1.0493,0.815505,212.941926,650.606294
20.18,1.0493,0.815505,212.941907,650.606267
20.19,1.0493,0.815505,212.941888,650.606238
20.2,1.0493,0.815505,212.941869,650.606209
20.21,1.0493,0.815505,212.941849,650.60618
20.22,1.0493,0.815505,212.941829,650.60615
20.23,1.0493,0.815505,212.941808,650.606119
20.24,1.0493,0.815505,212.941788,650.606088
20.25,1.0493,0.815504,212.941766,650.606055
20.26,1.0493,0.815504,212.941745,650.606023
20.27,1.0493,0.815504,212.941723,650.605989
20.28,1.0493,0.815504,212.9417,650.605955
20.29,1.0493,0.815504,212.941678,650.60592
20.3,1.0493,0.815504,212.941654,650.605885
20.31,1.0493,0.815504,212.941631,650.605849
20.32,1.0493,0.815504,212.941607,650.605812
20.33,1.0493,0.815504,212.941583,650.605774
20.34,1.0493,0.815504,212.941558,650.605736
20.35,1.0493,0.815504,212.941533,650.605697
20.36,1.0493,0.815504,212.941508,650.605657
20.37,1.0493,0.815504,212.941482,650.605617
20.38,1.0493,0.815504,212.941456,650.605576
20.39,1.0493,0.815504,212.94143,650.605535
20.4,1.0493,0.815504,212.941403,650.605493
20.41,1.0493,0.815504,212.941376,650.60545
20.42,1.0493,0.815504,212.941349,650.605407
20.43,1.0493,0.815504,212.941321,650.605363
20.44,1.0493,0.815503,212.941294,650.605319
20.45,1.0493,0.815503,212.941265,650.605274
20.46,1.0493,0.815503,212.941237,650.605229
20.47,1.0493,0.815503,212.941208,650.605183
20.48,1.0493,0.815503,212.94118,650.605137
20.49,1.0493,0.815503,212.941151,650.60509
20.5,1.0493,0.815503,212.941121,650.605043
20.51,1.0493,0.815503,212.941092,650.604996
20.52,1.0493,0.815503,212.941062,650.604948
20.53,1.0493,0.815503,212.941032,650.6049
20.54,1.0493,0.815503,212.941002,650.604852
20.55,1.0493,0.815503,212.940972,650.604804
20.56,1.0493,0.815503,212.940942,650.604755
20.57,1.0493,0.815503,212.940911,650.604707
20.58,1.0493,0.815503,212.940881,650.604658
20.59,1.0493,0.815502,212.94085,650.604609
20.6,1.0493,0.815502,212.94082,650.60456
20.61,1.0493,0.815502,212.940789,650.60451
20.62,1.0493,0.815502,212.940758,650.604461
20.63,1.0493,0.815502,212.940727,650.604412
20.64,1.0493,0.815502,212.940696,650.604363
20.65,1.0493,0.815502,212.940665,650.604314
20.66,1.0493,0.815502,212.940634,650.604265
20.67,1.0493,0.815502,212.940603,650.604216
20.68,1.0493,0.815502,212.940572,650.604167
20.69,1.0493,0.815502,212.940542,650.604118
20.7,1.0493,0.815502,212.940511,650.60407
20.71,1.0493,0.815502,212.94048,650.604022
20.72,1.0493,0.815502,212.940449,650.603974
20.73,1.0493,0.815502,212.940418,650.603926
20.74,1.0493,0.815501,212.940387,650.603878
20.75,1.0493,0.815501,212.940356,650.603831
20.76,1.0493,0.815501,212.940326,650.603784
20.77,1.0493,0.815501,212.940295,650.603738
20.78,1.0493,0.815501,212.940265,650.603691
20.79,1.0493,0.815501,212.940234,650.603645
20.8,1.0493,0.815501,212.940204,650.6036
20.81,1.0493,0.815501,212.940174,650.603554
20.82,1.0493,0.815501,212.940143,650.603509
20.83,1.0493,0.815501,212.940113,650.603465
20.84,1.0493,0.815501,212.940083,650.603421
20.85,1.0493,0.815501,212.940053,650.603377
20.86,1.0493,0.815501,212.940023,650.603333
20.87,1.0493,0.815501,212.939994,650.60329
20.88,1.0493,0.815501,212.939964,650.603247
20.89,1.0493,0.815501,212.939934,650.603205
20.9,1.0493,0.8155,212.939905,650.603163
20.91,1.0493,0.8155,212.939876,650.603122
20.92,1.0493,0.8155,212.939846,650.60308
20.93,1.0493,0.8155,212.939817,650.60304
20.94,1.0493,0.8155,212.939788,650.602999
20.95,1.0493,0.8155,212.939759,650.602959
20.96,1.0493,0.8155,212.93973,650.602919
20.97,1.0493,0.8155,212.939701,650.60288
20.98,1.0493,0.8155,212.939672,650.602841
20.99,1.0493,0.8155,212.939644,650.602802
21,1.0493,0.8155,212.939615,650.602764
21.01,1.0493,0.8155,212.939586,650.602726
21.02,1.0493,0.8155,212.939558,650.602688
21.03,1.0493,0.8155,212.939529,650.602651
21.04,1.0493,0.8155,212.939501,650.602613
21.05,1.0493,0.8155,212.939472,650.602577
21.06,1.0493,0.8155,212.939444,650.60254
21.07,1.0493,0.8155,212.939416,650.602503
21.08,1.0493,0.815499,212.939387,650.602467
21.09,1.0493,0.815499,212.939359,650.602431
21.1,1.0493,0.815499,212.939331,650.602396
21.11,1.0493,0.815499,212.939303,650.60236
21.12,1.0493,0.815499,212.939275,650.602325
21.13,1.0493,0.815499,212.939247,650.60229
21.14,1.0493,0.815499,212.939218,650.602255
21.15,1.0493,0.815499,212.93919,650.60222
21.16,1.0493,0.815499,212.939162,650.602185
21.17,1.0493,0.815499,212.939134,650.602151
21.18,1.0493,0.815499,212.939106,650.602116
21.19,1.0493,0.815499,212.939078,650.602082
21.2,1.0493,0.815499,212.93905,650.602048
21.21,1.0493,0.815499,212.939022,650.602014
21.22,1.0493,0.815499,212.938994,650.60198
21.23,1.0493,0.815499,212.938966,650.601946
21.24,1.0493,0.815499,212.938938,650.601912
21.25,1.0493,0.815499,212.938909,650.601879
21.26,1.0493,0.815499,212.938881,650.601845
21.27,1.0493,0.815499,212.938853,650.601812
21.28,1.0493,0.815498,212.938825,650.601778
21.29,1.0493,0.815498,212.938797,650.601745
21.3,1.0493,0.815498,212.938769,650.601711
21.31,1.0493,0.815498,212.938741,650.601678
21.32,1.0493,0.815498,212.938712,650.601645
21.33,1.0493,0.815498,212.938684,650.601612
21.34,1.0493,0.815498,212.938656,650.601579
21.35,1.0493,0.815498,212.938628,650.601545
21.36,1.0493,0.815498,212.938599,650.601512
21.37,1.0493,0.815498,212.938571,650.601479
21.38,1.0493,0.815498,212.938543,650.601446
21.39,1.0493,0.815498,212.938514,650.601413
21.4,1.0493,0.815498,212.938486,650.60138
21.41,1.0493,0.815498,212.938458,650.601347
21.42,1.0493,0.815498,212.938429,650.601314
21.43,1.0493,0.815498,212.938401,650.601282
21.44,1.0493,0.815498,212.938372,650.601249
21.45,1.0493,0.815498,212.938344,650.601216
21.46,1.0493,0.815498,212.938315,650.601183
21.47,1.0493,0.815498,212.938287,650.60115
21.48,1.0493,0.815498,212.938258,650.601118
21.49,1.0493,0.815498,212.93823,650.601085
21.5,1.0493,0.815497,212.938201,650.601052
21.51,1.0493,0.815497,212.938173,650.601019
21.52,1.0493,0.815497,212.938144,650.600987
21.53,1.0493,0.815497,212.938115,650.600954
21.54,1.0493,0.815497,212.938087,650.600921
21.55,1.0493,0.815497,212.938058,650.600889
21.56,1.0493,0.815497,212.938029,650.600856
21.57,1.0493,0.815497,212.938,650.600823
21.58,1.0493,0.815497,212.937971,650.600791
21.59,1.0493,0.815497,212.937942,650.600758
21.6,1.0493,0.815497,212.937913,650.600725
21.61,1.0493,0.815497,212.937884,650.600693
21.62,1.0493,0.815497,212.937855,650.60066
21.63,1.0493,0.815497,212.937826,650.600627
21.64,1.0493,0.815497,212.937797,650.600594
21.65,1.0493,0.815497,212.937768,650.600561
21.66,1.0493,0.815497,212.937738,650.600529
21.67,1.0493,0.815497,212.937709,650.600496
21.68,1.0493,0.815497,212.93768,650.600463
21.69,1.0493,0.815497,212.93765,650.60043
21.7,1.0493,0.815497,212.93762,650.600397
21.71,1.0493,0.815497,212.937591,650.600363
21.72,1.0493,0.815496,212.937561,650.60033
21.73,1.0493,0.815496,212.937531,650.600297
21.74,1.0493,0.815496,212.937501,650.600263
21.75,1.0493,0.815496,212.937471,650.60023
21.76,1.0493,0.815496,212.937441,650.600196
21.77,1.0493,0.815496,212.93741,650.600162
21.78,1.0493,0.815496,212.93738,650.600128
21.79,1.0493,0.815496,212.937349,650.600094
21.8,1.0493,0.815496,212.937319,650.600059
21.81,1.0493,0.815496,212.937288,650.600025
21.82,1.0493,0.815496,212.937257,650.59999
21.83,1.0493,0.815496,212.937226,650.599955
21.84,1.0493,0.815496,212.937194,650.59992
21.85,1.0493,0.815496,212.937163,650.599885
21.86,1.0493,0.815496,212.937131,650.599849
21.87,1.0493,0.815496,212.9371,650.599813
21.88,1.0493,0.815496,212.937068,650.599777
21.89,1.0493,0.815496,212.937036,650.599741
21.9,1.0493,0.815496,212.937004,650.599704
21.91,1.0493,0.815496,212.936971,650.599668
21.92,1.0493,0.815496,212.936939,650.599631
21.93,1.0493,0.815495,212.936906,650.599593
21.94,1.0493,0.815495,212.936873,650.599556
21.95,1.0493,0.815495,212.93684,650.599518
21.96,1.0493,0.815495,212.936807,650.59948
21.97,1.0493,0.815495,212.936774,650.599441
21.98,1.0493,0.815495,212.93674,650.599402
21.99,1.0493,0.815495,212.936707,650.599363
22,1.0493,0.815495,212.936673,650.599324
22.01,1.0493,0.815495,212.936639,650.599284
22.02,1.0493,0.815495,212.936605,650.599244
22.03,1.0493,0.815495,212.93657,650.599204
22.04,1.0493,0.815495,212.936536,650.599164
22.05,1.0493,0.815495,212.936501,650.599123
22.06,1.0493,0.815495,212.936466,650.599082
22.07,1.0493,0.815495,212.936431,650.59904
22.08,1.0493,0.815495,212.936396,650.598999
22.09,1.0493,0.815495,212.93636,650.598957
22.1,1.0493,0.815494,212.936325,650.598914
22.11,1.0493,0.815494,212.936289,650.598872
22.12,1.0493,0.815494,212.936254,650.598829
22.13,1.0493,0.815494,212.936218,650.598786
22.14,1.0493,0.815494,212.936182,650.598743
22.15,1.0493,0.815494,212.936146,650.5987
22.16,1.0493,0.815494,212.936109,650.598656
22.17,1.0493,0.815494,212.936073,650.598612
22.18,1.0493,0.815494,212.936036,650.598568
22.19,1.0493,0.815494,212.936,650.598524
22.2,1.0493,0.815494,212.935963,650.598479
22.21,1.0493,0.815494,212.935927,650.598435
22.22,1.0493,0.815494,212.93589,650.59839
22.23,1.0493,0.815494,212.935853,650.598345
22.24,1.0493,0.815494,212.935816,650.5983
22.25,1.0493,0.815494,212.935779,650.598255
22.26,1.0493,0.815493,212.935742,650.59821
22.27,1.0493,0.815493,212.935705,650.598165
22.28,1.0493,0.815493,212.935668,650.59812
22.29,1.0493,0.815493,212.93563,650.598075
22.3,1.0493,0.815493,212.935593,650.59803
22.31,1.0493,0.815493,212.935556,650.597984
22.32,1.0493,0.815493,212.935519,650.597939
22.33,1.0493,0.815493,212.935482,650.597894
22.34,1.0493,0.815493,212.935445,650.597849
22.35,1.0493,0.815493,212.935408,650.597804
22.36,1.0493,0.815493,212.93537,650.597759
22.37,1.0493,0.815493,212.935333,650.597714
22.38,1.0493,0.815493,212.935296,650.597669
22.39,1.0493,0.815493,212.935259,650.597625
22.4,1.0493,0.815493,212.935222,650.59758
22.41,1.0493,0.815492,212.935186,650.597536
22.42,1.0493,0.815492,212.935149,650.597492
22.43,1.0493,0.815492,212.935112,650.597448
22.44,1.0493,0.815492,212.935075,650.597404
22.45,1.0493,0.815492,212.935039,650.597361
22.46,1.0493,0.815492,212.935002,650.597317
22.47,1.0493,0.815492,212.934966,650.597274
22.48,1.0493,0.815492,212.93493,650.597231
22.49,1.0493,0.815492,212.934893,650.597189
22.5,1.0493,0.815492,212.934857,650.597147
22.51,1.0493,0.815492,212.934821,650.597105
22.52,1.0493,0.815492,212.934785,650.597063
22.53,1.0493,0.815492,212.934749,650.597021
22.54,1.0493,0.815492,212.934714,650.59698
22.55,1.0493,0.815492,212.934678,650.596939
22.56,1.0493,0.815492,212.934643,650.596899
22.57,1.0493,0.815491,212.934607,650.596858
22.58,1.0493,0.815491,212.934572,650.596818
22.59,1.0493,0.815491,212.934537,650.596778
22.6,1.0493,0.815491,212.934502,650.596739
22.61,1.0493,0.815491,212.934467,650.5967
22.62,1.0493,0.815491,212.934432,650.596661
22.63,1.0493,0.815491,212.934397,650.596623
22.64,1.0493,0.815491,212.934362,650.596584
22.65,1.0493,0.815491,212.934328,650.596546
22.66,1.0493,0.815491,212.934293,650.596509
22.67,1.0493,0.815491,212.934259,650.596471
22.68,1.0493,0.815491,212.934225,650.596434
22.69,1.0493,0.815491,212.934191,650.596397
22.7,1.0493,0.815491,212.934157,650.596361
22.71,1.0493,0.815491,212.934123,650.596325
22.72,1.0493,0.815491,212.934089,650.596288
22.73,1.0493,0.815491,212.934055,650.596253
22.74,1.0493,0.815491,212.934021,650.596217
22.75,1.0493,0.81549,212.933987,650.596182
22.76,1.0493,0.81549,212.933954,650.596146
22.77,1.0493,0.81549,212.93392,650.596111
22.78,1.0493,0.81549,212.933887,650.596077
22.79,1.0493,0.81549,212.933853,650.596042
22.8,1.0493,0.81549,212.93382,650.596007
22.81,1.0493,0.81549,212.933786,650.595973
22.82,1.0493,0.81549,212.933753,650.595939
22.83,1.0493,0.81549,212.93372,650.595905
22.84,1.0493,0.81549,212.933686,650.595871
22.85,1.0493,0.81549,212.933653,650.595837
22.86,1.0493,0.81549,212.93362,650.595803
22.87,1.0493,0.81549,212.933586,650.59577
22.88,1.0493,0.81549,212.933553,650.595736
22.89,1.0493,0.81549,212.93352,650.595702
22.9,1.0493,0.81549,212.933487,650.595669
22.91,1.0493,0.81549,212.933453,650.595635
22.92,1.0493,0.81549,212.93342,650.595602
22.93,1.0493,0.81549,212.933387,650.595568
22.94,1.0493,0.81549,212.933353,650.595535
22.95,1.0493,0.815489,212.93332,650.595501
22.96,1.0493,0.815489,212.933287,650.595468
22.97,1.0493,0.815489,212.933253,650.595434
22.98,1.0493,0.815489,212.93322,650.595401
22.99,1.0493,0.815489,212.933186,650.595367
23,1.0493,0.815489,212.933153,650.595334
23.01,1.0493,0.815489,212.933119,650.5953
23.02,1.0493,0.815489,212.933086,650.595266
23.03,1.0493,0.815489,212.933052,650.595232
23.04,1.0493,0.815489,212.933018,650.595198
23.05,1.0493,0.815489,212.932985,650.595164
23.06,1.0493,0.815489,212.932951,650.59513
23.07,1.0493,0.815489,212.932917,650.595096
23.08,1.0493,0.815489,212.932883,650.595062
23.09,1.0493,0.815489,212.932849,650.595027
23.1,1.0493,0.815489,212.932815,650.594992
23.11,1.0493,0.815489,212.932781,650.594958
23.12,1.0493,0.815489,212.932747,650.594923
23.13,1.0493,0.815489,212.932712,650.594888
23.14,1.0493,0.815489,212.932678,650.594853
23.15,1.0493,0.815489,212.932644,650.594818
23.16,1.0493,0.815488,212.932609,650.594782
23.17,1.0493,0.815488,212.932575,650.594747
23.18,1.0493,0.815488,212.93254,650.594711
23.19,1.0493,0.815488,212.932506,650.594676
23.2,1.0493,0.815488,212.932471,650.59464
23.21,1.0493,0.815488,212.932436,650.594604
23.22,1.0493,0.815488,212.932402,650.594568
23.23,1.0493,0.815488,212.932367,650.594532
23.24,1.0493,0.815488,212.932332,650.594495
23.25,1.0493,0.815488,212.932297,650.594459
23.26,1.0493,0.815488,212.932262,650.594422
23.27,1.0493,0.815488,212.932227,650.594385
23.28,1.0493,0.815488,212.932192,650.594349
23.29,1.0493,0.815488,212.932157,650.594312
23.3,1.0493,0.815488,212.932121,650.594275
23.31,1.0493,0.815488,212.932086,650.594238
23.32,1.0493,0.815488,212.932051,650.5942
23.33,1.0493,0.815488,212.932016,650.594163
23.34,1.0493,0.815488,212.93198,650.594125
23.35,1.0493,0.815487,212.931945,650.594088
23.36,1.0493,0.815487,212.931909,650.59405
23.37,1.0493,0.815487,212.931874,650.594012
23.38,1.0493,0.815487,212.931838,650.593975
23.39,1.0493,0.815487,212.931802,650.593937
23.4,1.0493,0.815487,212.931767,650.593899
23.41,1.0493,0.815487,212.931731,650.59386
23.42,1.0493,0.815487,212.931695,650.593822
23.43,1.0493,0.815487,212.931659,650.593784
23.44,1.0493,0.815487,212.931624,650.593746
23.45,1.0493,0.815487,212.931588,650.593707
23.46,1.0493,0.815487,212.931552,650.593669
23.47,1.0493,0.815487,212.931516,650.59363
23.48,1.0493,0.815487,212.93148,650.593591
23.49,1.0493,0.815487,212.931444,650.593553
23.5,1.0493,0.815487,212.931408,650.593514
23.51,1.0493,0.815487,212.931372,650.593475
23.52,1.0493,0.815487,212.931335,650.593436
23.53,1.0493,0.815486,212.931299,650.593397
23.54,1.0493,0.815486,212.931263,650.593358
23.55,1.0493,0.815486,212.931227,650.593319
23.56,1.0493,0.815486,212.93119,650.59328
23.57,1.0493,0.815486,212.931154,650.59324
23.58,1.0493,0.815486,212.931118,650.593201
23.59,1.0493,0.815486,212.931081,650.593162
23.6,1.0493,0.815486,212.931045,650.593122
23.61,1.0493,0.815486,212.931008,650.593083
23.62,1.0493,0.815486,212.930972,650.593043
23.63,1.0493,0.815486,212.930935,650.593003
23.64,1.0493,0.815486,212.930899,650.592964
23.65,1.0493,0.815486,212.930862,650.592924
23.66,1.0493,0.815486,212.930825,650.592884
23.67,1.0493,0.815486,212.930789,650.592844
23.68,1.0493,0.815486,212.930752,650.592804
23.69,1.0493,0.815486,212.930715,650.592764
23.7,1.0493,0.815485,212.930678,650.592724
23.71,1.0493,0.815485,212.930641,650.592684
23.72,1.0493,0.815485,212.930604,650.592644
23.73,1.0493,0.815485,212.930567,650.592603
23.74,1.0493,0.815485,212.930531,650.592563
23.75,1.0493,0.815485,212.930493,650.592523
23.76,1.0493,0.815485,212.930456,650.592482
23.77,1.0493,0.815485,212.930419,650.592442
23.78,1.0493,0.815485,212.930382,650.592401
23.79,1.0493,0.815485,212.930345,650.59236
23.8,1.0493,0.815485,212.930308,650.59232
23.81,1.0493,0.815485,212.930271,650.592279
23.82,1.0493,0.815485,212.930234,650.592238
23.83,1.0493,0.815485,212.930196,650.592197
23.84,1.0493,0.815485,212.930159,650.592156
23.85,1.0493,0.815485,212.930122,650.592115
23.86,1.0493,0.815485,212.930084,650.592074
23.87,1.0493,0.815484,212.930047,650.592033
23.88,1.0493,0.815484,212.93001,650.591992
23.89,1.0493,0.815484,212.929972,650.591951
23.9,1.0493,0.815484,212.929935,650.59191
23.91,1.0493,0.815484,212.929898,650.591869
23.92,1.0493,0.815484,212.92986,650.591827
23.93,1.0493,0.815484,212.929823,650.591786
23.94,1.0493,0.815484,212.929786,650.591745
23.95,1.0493,0.815484,212.929748,650.591704
23.96,1.0493,0.815484,212.929711,650.591662
23.97,1.0493,0.815484,212.929674,650.591621
23.98,1.0493,0.815484,212.929636,650.59158
23.99,1.0493,0.815484,212.929599,650.591539
24,1.0493,0.815484,212.929562,650.591498
24.01,1.0493,0.815484,212.929524,650.591457
24.02,1.0493,0.815484,212.929487,650.591415
24.03,1.0493,0.815483,212.92945,650.591374
24.04,1.0493,0.815483,212.929413,650.591333
24.05,1.0493,0.815483,212.929375,650.591292
24.06,1.0493,0.815483,212.929338,650.591252
24.07,1.0493,0.815483,212.929301,650.591211
24.08,1.0493,0.815483,212.929264,650.59117
24.09,1.0493,0.815483,212.929227,650.591129
24.1,1.0493,0.815483,212.92919,650.591089
24.11,1.0493,0.815483,212.929153,650.591048
24.12,1.0493,0.815483,212.929116,650.591008
24.13,1.0493,0.815483,212.92908,650.590968
24.14,1.0493,0.815483,212.929043,650.590927
24.15,1.0493,0.815483,212.929006,650.590887
24.16,1.0493,0.815483,212.92897,650.590847
24.17,1.0493,0.815483,212.928933,650.590807
24.18,1.0493,0.815483,212.928897,650.590768
24.19,1.0493,0.815483,212.92886,650.590728
24.2,1.0493,0.815482,212.928824,650.590689
24.21,1.0493,0.815482,212.928787,650.590649
24.22,1.0493,0.815482,212.928751,650.59061
24.23,1.0493,0.815482,212.928715,650.590571
24.24,1.0493,0.815482,212.928679,650.590532
24.25,1.0493,0.815482,212.928643,650.590494
24.26,1.0493,0.815482,212.928607,650.590455
24.27,1.0493,0.815482,212.928571,650.590417
24.28,1.0493,0.815482,212.928536,650.590378
24.29,1.0493,0.815482,212.9285,650.59034
24.3,1.0493,0.815482,212.928464,650.590302
24.31,1.0493,0.815482,212.928429,650.590265
24.32,1.0493,0.815482,212.928393,650.590227
24.33,1.0493,0.815482,212.928358,650.590189
24.34,1.0493,0.815482,212.928323,650.590152
24.35,1.0493,0.815482,212.928288,650.590115
24.36,1.0493,0.815482,212.928252,650.590078
24.37,1.0493,0.815482,212.928217,650.590041
24.38,1.0493,0.815481,212.928182,650.590004
24.39,1.0493,0.815481,212.928147,650.589968
24.4,1.0493,0.815481,212.928113,650.589931
24.41,1.0493,0.815481,212.928078,650.589895
24.42,1.0493,0.815481,212.928043,650.589859
24.43,1.0493,0.815481,212.928008,650.589823
24.44,1.0493,0.815481,212.927974,650.589787
24.45,1.0493,0.815481,212.927939,650.589751
24.46,1.0493,0.815481,212.927905,650.589716
24.47,1.0493,0.815481,212.92787,650.58968
24.48,1.0493,0.815481,212.927836,650.589645
24.49,1.0493,0.815481,212.927801,650.589609
24.5,1.0493,0.815481,212.927767,650.589574
24.51,1.0493,0.815481,212.927733,650.589539
24.52,1.0493,0.815481,212.927699,650.589503
24.53,1.0493,0.815481,212.927664,650.589468
24.54,1.0493,0.815481,212.92763,650.589433
24.55,1.0493,0.815481,212.927596,650.589398
24.56,1.0493,0.815481,212.927562,650.589363
24.57,1.0493,0.815481,212.927528,650.589328
24.58,1.0493,0.81548,212.927494,650.589294
24.59,1.0493,0.81548,212.92746,650.589259
24.6,1.0493,0.81548,212.927425,650.589224
24.61,1.0493,0.81548,212.927391,650.589189
24.62,1.0493,0.81548,212.927357,650.589154
24.63,1.0493,0.81548,212.927323,650.589119
24.64,1.0493,0.81548,212.927289,650.589084
24.65,1.0493,0.81548,212.927255,650.58905
24.66,1.0493,0.81548,212.927221,650.589015
24.67,1.0493,0.81548,212.927187,650.58898
24.68,1.0493,0.81548,212.927153,650.588945
24.69,1.0493,0.81548,212.927119,650.588909
24.7,1.0493,0.81548,212.927084,650.588874
24.71,1.0493,0.81548,212.92705,650.588839
24.72,1.0493,0.81548,212.927016,650.588804
24.73,1.0493,0.81548,212.926982,650.588768
24.74,1.0493,0.81548,212.926947,650.588733
24.75,1.0493,0.81548,212.926913,650.588697
24.76,1.0493,0.81548,212.926879,650.588662
24.77,1.0493,0.81548,212.926844,650.588626
24.78,1.0493,0.815479,212.92681,650.58859
24.79,1.0493,0.815479,212.926775,650.588554
24.8,1.0493,0.815479,212.926741,650.588518
24.81,1.0493,0.815479,212.926706,650.588482
24.82,1.0493,0.815479,212.926672,650.588445
24.83,1.0493,0.815479,212.926637,650.588409
24.84,1.0493,0.815479,212.926603,650.588373
24.85,1.0493,0.815479,212.926568,650.588336
24.86,1.0493,0.815479,212.926533,650.588299
24.87,1.0493,0.815479,212.926498,650.588262
24.88,1.0493,0.815479,212.926463,650.588225
24.89,1.0493,0.815479,212.926429,650.588188
24.9,1.0493,0.815479,212.926394,650.588151
24.91,1.0493,0.815479,212.926359,650.588113
24.92,1.0493,0.815479,212.926324,650.588076
24.93,1.0493,0.815479,212.926289,650.588038
24.94,1.0493,0.815479,212.926254,650.588
24.95,1.0493,0.815479,212.926219,650.587962
24.96,1.0493,0.815479,212.926184,650.587924
24.97,1.0493,0.815478,212.926148,650.587886
24.98,1.0493,0.815478,212.926113,650.587848
24.99,1.0493,0.815478,212.926078,650.587809
25,1.0493,0.815478,212.926043,650.587771
25.01,1.0493,0.815478,212.926007,650.587732
25.02,1.0493,0.815478,212.925972,650.587694
25.03,1.0493,0.815478,212.925937,650.587655
25.04,1.0493,0.815478,212.925901,650.587616
25.05,1.0493,0.815478,212.925866,650.587577
25.06,1.0493,0.815478,212.925831,650.587538
25.07,1.0493,0.815478,212.925795,650.587499
25.08,1.0493,0.815478,212.92576,650.58746
25.09,1.0493,0.815478,212.925724,650.58742
25.1,1.0493,0.815478,212.925689,650.587381
25.11,1.0493,0.815478,212.925654,650.587342
25.12,1.0493,0.815478,212.925618,650.587302
25.13,1.0493,0.815478,212.925583,650.587263
25.14,1.0493,0.815477,212.925547,650.587223
25.15,1.0493,0.815477,212.925512,650.587184
25.16,1.0493,0.815477,212.925476,650.587144
25.17,1.0493,0.815477,212.925441,650.587104
25.18,1.0493,0.815477,212.925405,650.587064
25.19,1.0493,0.815477,212.92537,650.587025
25.2,1.0493,0.815477,212.925334,650.586985
25.21,1.0493,0.815477,212.925299,650.586945
25.22,1.0493,0.815477,212.925264,650.586905
25.23,1.0493,0.815477,212.925228,650.586866
25.24,1.0493,0.815477,212.925193,650.586826
25.25,1.0493,0.815477,212.925157,650.586786
25.26,1.0493,0.815477,212.925122,650.586746
25.27,1.0493,0.815477,212.925087,650.586706
25.28,1.0493,0.815477,212.925051,650.586666
25.29,1.0493,0.815477,212.925016,650.586627
25.3,1.0493,0.815477,212.924981,650.586587
25.31,1.0493,0.815477,212.924946,650.586547
25.32,1.0493,0.815476,212.92491,650.586507
25.33,1.0493,0.815476,212.924875,650.586468
25.34,1.0493,0.815476,212.92484,650.586428
25.35,1.0493,0.815476,212.924805,650.586388
25.36,1.0493,0.815476,212.92477,650.586348
25.37,1.0493,0.815476,212.924735,650.586309
25.38,1.0493,0.815476,212.9247,650.586269
25.39,1.0493,0.815476,212.924664,650.58623
25.4,1.0493,0.815476,212.924629,650.58619
25.41,1.0493,0.815476,212.924594,650.586151
25.42,1.0493,0.815476,212.92456,650.586111
25.43,1.0493,0.815476,212.924525,650.586072
25.44,1.0493,0.815476,212.92449,650.586032
25.45,1.0493,0.815476,212.924455,650.585993
25.46,1.0493,0.815476,212.92442,650.585953
25.47,1.0493,0.815476,212.924385,650.585914
25.48,1.0493,0.815476,212.924351,650.585875
25.49,1.0493,0.815476,212.924316,650.585835
25.5,1.0493,0.815475,212.924281,650.585796
25.51,1.0493,0.815475,212.924246,650.585757
25.52,1.0493,0.815475,212.924212,650.585718
25.53,1.0493,0.815475,212.924177,650.585679
25.54,1.0493,0.815475,212.924143,650.58564
25.55,1.0493,0.815475,212.924108,650.585601
25.56,1.0493,0.815475,212.924074,650.585562
25.57,1.0493,0.815475,212.924039,650.585523
25.58,1.0493,0.815475,212.924005,650.585484
25.59,1.0493,0.815475,212.92397,650.585445
25.6,1.0493,0.815475,212.923936,650.585406
25.61,1.0493,0.815475,212.923902,650.585367
25.62,1.0493,0.815475,212.923867,650.585328
25.63,1.0493,0.815475,212.923833,650.58529
25.64,1.0493,0.815475,212.923799,650.585251
25.65,1.0493,0.815475,212.923765,650.585212
25.66,1.0493,0.815475,212.92373,650.585173
25.67,1.0493,0.815474,212.923696,650.585135
25.68,1.0493,0.815474,212.923662,650.585096
25.69,1.0493,0.815474,212.923628,650.585058
25.7,1.0493,0.815474,212.923594,650.585019
25.71,1.0493,0.815474,212.92356,650.584981
25.72,1.0493,0.815474,212.923526,650.584942
25.73,1.0493,0.815474,212.923492,650.584904
25.74,1.0493,0.815474,212.923458,650.584865
25.75,1.0493,0.815474,212.923424,650.584827
25.76,1.0493,0.815474,212.923391,650.584789
25.77,1.0493,0.815474,212.923357,650.58475
25.78,1.0493,0.815474,212.923323,650.584712
25.79,1.0493,0.815474,212.923289,650.584674
25.8,1.0493,0.815474,212.923256,650.584636
25.81,1.0493,0.815474,212.923222,650.584598
25.82,1.0493,0.815474,212.923189,650.58456
25.83,1.0493,0.815474,212.923155,650.584521
25.84,1.0493,0.815474,212.923122,650.584483
25.85,1.0493,0.815474,212.923088,650.584446
25.86,1.0493,0.815473,212.923055,650.584408
25.87,1.0493,0.815473,212.923022,650.58437
25.88,1.0493,0.815473,212.922988,650.584332
25.89,1.0493,0.815473,212.922955,650.584294
25.9,1.0493,0.815473,212.922922,650.584257
25.91,1.0493,0.815473,212.922889,650.584219
25.92,1.0493,0.815473,212.922855,650.584181
25.93,1.0493,0.815473,212.922822,650.584144
25.94,1.0493,0.815473,212.922789,650.584106
25.95,1.0493,0.815473,212.922756,650.584069
25.96,1.0493,0.815473,212.922724,650.584031
25.97,1.0493,0.815473,212.922691,650.583994
25.98,1.0493,0.815473,212.922658,650.583957
25.99,1.0493,0.815473,212.922625,650.583919
26,1.0493,0.815473,212.922592,650.583882
26.01,1.0493,0.815473,212.92256,650.583845
26.02,1.0493,0.815473,212.922527,650.583808
26.03,1.0493,0.815473,212.922494,650.583771
26.04,1.0493,0.815473,212.922462,650.583734
26.05,1.0493,0.815472,212.922429,650.583697
26.06,1.0493,0.815472,212.922397,650.58366
26.07,1.0493,0.815472,212.922365,650.583623
26.08,1.0493,0.815472,212.922332,650.583587
26.09,1.0493,0.815472,212.9223,650.58355
26.1,1.0493,0.815472,212.922268,650.583513
26.11,1.0493,0.815472,212.922236,650.583477
26.12,1.0493,0.815472,212.922203,650.58344
26.13,1.0493,0.815472,212.922171,650.583404
26.14,1.0493,0.815472,212.922139,650.583367
26.15,1.0493,0.815472,212.922107,650.583331
26.16,1.0493,0.815472,212.922075,650.583294
26.17,1.0493,0.815472,212.922043,650.583258
26.18,1.0493,0.815472,212.922011,650.583222
26.19,1.0493,0.815472,212.921979,650.583185
26.2,1.0493,0.815472,212.921947,650.583149
26.21,1.0493,0.815472,212.921916,650.583113
26.22,1.0493,0.815472,212.921884,650.583077
26.23,1.0493,0.815472,212.921852,650.58304
26.24,1.0493,0.815471,212.92182,650.583004
26.25,1.0493,0.815471,212.921789,650.582968
26.26,1.0493,0.815471,212.921757,650.582932
26.27,1.0493,0.815471,212.921725,650.582896
26.28,1.0493,0.815471,212.921694,650.58286
26.29,1.0493,0.815471,212.921662,650.582824
26.3,1.0493,0.815471,212.921631,650.582787
26.31,1.0493,0.815471,212.921599,650.582751
26.32,1.0493,0.815471,212.921567,650.582715
26.33,1.0493,0.815471,212.921536,650.582679
26.34,1.0493,0.815471,212.921504,650.582643
26.35,1.0493,0.815471,212.921473,650.582606
26.36,1.0493,0.815471,212.921441,650.58257
26.37,1.0493,0.815471,212.92141,650.582534
26.38,1.0493,0.815471,212.921378,650.582498
26.39,1.0493,0.815471,212.921347,650.582461
26.4,1.0493,0.815471,212.921315,650.582425
26.41,1.0493,0.815471,212.921284,650.582389
26.42,1.0493,0.815471,212.921252,650.582352
26.43,1.0493,0.815471,212.921221,650.582316
26.44,1.0493,0.81547,212.921189,650.582279
26.45,1.0493,0.81547,212.921158,650.582243
26.46,1.0493,0.81547,212.921127,650.582206
26.47,1.0493,0.81547,212.921095,650.582169
26.48,1.0493,0.81547,212.921064,650.582132
26.49,1.0493,0.81547,212.921032,650.582096
26.5,1.0493,0.81547,212.921001,650.582059
26.51,1.0493,0.81547,212.920969,650.582022
26.52,1.0493,0.81547,212.920938,650.581985
26.53,1.0493,0.81547,212.920906,650.581948
26.54,1.0493,0.81547,212.920874,650.58191
26.55,1.0493,0.81547,212.920843,650.581873
26.56,1.0493,0.81547,212.920811,650.581836
26.57,1.0493,0.81547,212.92078,650.581798
26.58,1.0493,0.81547,212.920748,650.581761
26.59,1.0493,0.81547,212.920717,650.581723
26.6,1.0493,0.81547,212.920685,650.581686
26.61,1.0493,0.81547,212.920654,650.581648
26.62,1.0493,0.81547,212.920622,650.58161
26.63,1.0493,0.815469,212.92059,650.581573
26.64,1.0493,0.815469,212.920559,650.581535
26.65,1.0493,0.815469,212.920527,650.581497
26.66,1.0493,0.815469,212.920496,650.581459
26.67,1.0493,0.815469,212.920464,650.581421
26.68,1.0493,0.815469,212.920432,650.581382
26.69,1.0493,0.815469,212.920401,650.581344
26.7,1.0493,0.815469,212.920369,650.581306
26.71,1.0493,0.815469,212.920337,650.581267
26.72,1.0493,0.815469,212.920306,650.581229
26.73,1.0493,0.815469,212.920274,650.581191
26.74,1.0493,0.815469,212.920242,650.581152
26.75,1.0493,0.815469,212.920211,650.581113
26.76,1.0493,0.815469,212.920179,650.581075
26.77,1.0493,0.815469,212.920148,650.581036
26.78,1.0493,0.815469,212.920116,650.580997
26.79,1.0493,0.815469,212.920084,650.580959
26.8,1.0493,0.815469,212.920053,650.58092
26.81,1.0493,0.815468,212.920021,650.580881
26.82,1.0493,0.815468,212.91999,650.580842
26.83,1.0493,0.815468,212.919958,650.580803
26.84,1.0493,0.815468,212.919927,650.580764
26.85,1.0493,0.815468,212.919895,650.580725
26.86,1.0493,0.815468,212.919864,650.580686
26.87,1.0493,0.815468,212.919832,650.580647
26.88,1.0493,0.815468,212.919801,650.580608
26.89,1.0493,0.815468,212.919769,650.580569
26.9,1.0493,0.815468,212.919738,650.58053
26.91,1.0493,0.815468,212.919707,650.580491
26.92,1.0493,0.815468,212.919675,650.580453
26.93,1.0493,0.815468,212.919644,650.580414
26.94,1.0493,0.815468,212.919613,650.580375
26.95,1.0493,0.815468,212.919581,650.580336
26.96,1.0493,0.815468,212.91955,650.580297
26.97,1.0493,0.815468,212.919519,650.580258
26.98,1.0493,0.815468,212.919488,650.580219
26.99,1.0493,0.815467,212.919457,650.58018
27,1.0493,0.815467,212.919426,650.580141
27.01,1.0493,0.815467,212.919395,650.580102
27.02,1.0493,0.815467,212.919364,650.580064
27.03,1.0493,0.815467,212.919333,650.580025
27.04,1.0493,0.815467,212.919302,650.579986
27.05,1.0493,0.815467,212.919271,650.579948
27.06,1.0493,0.815467,212.91924,650.579909
27.07,1.0493,0.815467,212.91921,650.579871
27.08,1.0493,0.815467,212.919179,650.579832
27.09,1.0493,0.815467,212.919148,650.579794
27.1,1.0493,0.815467,212.919118,650.579755
27.11,1.0493,0.815467,212.919087,650.579717
27.12,1.0493,0.815467,212.919057,650.579678
27.13,1.0493,0.815467,212.919026,650.57964
27.14,1.0493,0.815467,212.918996,650.579602
27.15,1.0493,0.815467,212.918965,650.579564
27.16,1.0493,0.815467,212.918935,650.579526
27.17,1.0493,0.815467,212.918905,650.579488
27.18,1.0493,0.815466,212.918874,650.57945
27.19,1.0493,0.815466,212.918844,650.579412
27.2,1.0493,0.815466,212.918814,650.579374
27.21,1.0493,0.815466,212.918784,650.579336
27.22,1.0493,0.815466,212.918754,650.579298
27.23,1.0493,0.815466,212.918724,650.579261
27.24,1.0493,0.815466,212.918694,650.579223
27.25,1.0493,0.815466,212.918664,650.579185
27.26,1.0493,0.815466,212.918634,650.579148
27.27,1.0493,0.815466,212.918604,650.57911
27.28,1.0493,0.815466,212.918575,650.579073
27.29,1.0493,0.815466,212.918545,650.579036
27.3,1.0493,0.815466,212.918515,650.578998
27.31,1.0493,0.815466,212.918486,650.578961
27.32,1.0493,0.815466,212.918456,650.578924
27.33,1.0493,0.815466,212.918427,650.578886
27.34,1.0493,0.815466,212.918397,650.578849
27.35,1.0493,0.815466,212.918368,650.578812
27.36,1.0493,0.815466,212.918338,650.578775
27.37,1.0493,0.815465,212.918309,650.578738
27.38,1.0493,0.815465,212.918279,650.578701
27.39,1.0493,0.815465,212.91825,650.578664
27.4,1.0493,0.815465,212.918221,650.578627
27.41,1.0493,0.815465,212.918192,650.57859
27.42,1.0493,0.815465,212.918162,650.578553
27.43,1.0493,0.815465,212.918133,650.578516
27.44,1.0493,0.815465,212.918104,650.578479
27.45,1.0493,0.815465,212.918075,650.578443
27.46,1.0493,0.815465,212.918046,650.578406
27.47,1.0493,0.815465,212.918017,650.578369
27.48,1.0493,0.815465,212.917988,650.578332
27.49,1.0493,0.815465,212.917959,650.578296
27.5,1.0493,0.815465,212.91793,650.578259
27.51,1.0493,0.815465,212.917901,650.578222
27.52,1.0493,0.815465,212.917872,650.578186
27.53,1.0493,0.815465,212.917843,650.578149
27.54,1.0493,0.815465,212.917815,650.578112
27.55,1.0493,0.815465,212.917786,650.578076
27.56,1.0493,0.815464,212.917757,650.578039
27.57,1.0493,0.815464,212.917728,650.578002
27.58,1.0493,0.815464,212.9177,650.577966
27.59,1.0493,0.815464,212.917671,650.577929
27.6,1.0493,0.815464,212.917642,650.577893
27.61,1.0493,0.815464,212.917614,650.577856
27.62,1.0493,0.815464,212.917585,650.57782
27.63,1.0493,0.815464,212.917557,650.577783
27.64,1.0493,0.815464,212.917528,650.577746
27.65,1.0493,0.815464,212.9175,650.57771
27.66,1.0493,0.815464,212.917471,650.577673
27.67,1.0493,0.815464,212.917443,650.577637
27.68,1.0493,0.815464,212.917414,650.5776
27.69,1.0493,0.815464,212.917386,650.577564
27.7,1.0493,0.815464,212.917358,650.577527
27.71,1.0493,0.815464,212.917329,650.577491
27.72,1.0493,0.815464,212.917301,650.577454
27.73,1.0493,0.815464,212.917273,650.577418
27.74,1.0493,0.815464,212.917244,650.577381
27.75,1.0493,0.815464,212.917216,650.577345
27.76,1.0493,0.815463,212.917188,650.577308
27.77,1.0493,0.815463,212.91716,650.577272
27.78,1.0493,0.815463,212.917132,650.577235
27.79,1.0493,0.815463,212.917104,650.577199
27.8,1.0493,0.815463,212.917075,650.577162
27.81,1.0493,0.815463,212.917047,650.577126
27.82,1.0493,0.815463,212.917019,650.57709
27.83,1.0493,0.815463,212.916991,650.577053
27.84,1.0493,0.815463,212.916963,650.577017
27.85,1.0493,0.815463,212.916935,650.57698
27.86,1.0493,0.815463,212.916907,650.576944
27.87,1.0493,0.815463,212.916879,650.576907
27.88,1.0493,0.815463,212.916851,650.576871
27.89,1.0493,0.815463,212.916824,650.576834
27.9,1.0493,0.815463,212.916796,650.576798
27.91,1.0493,0.815463,212.916768,650.576761
27.92,1.0493,0.815463,212.91674,650.576725
27.93,1.0493,0.815463,212.916712,650.576688
27.94,1.0493,0.815463,212.916684,650.576652
27.95,1.0493,0.815462,212.916657,650.576616
27.96,1.0493,0.815462,212.916629,650.576579
27.97,1.0493,0.815462,212.916601,650.576543
27.98,1.0493,0.815462,212.916574,650.576506
27.99,1.0493,0.815462,212.916546,650.57647
28,1.0493,0.815462,212.916518,650.576433
28.01,1.0493,0.815462,212.916491,650.576397
28.02,1.0493,0.815462,212.916463,650.57636
28.03,1.0493,0.815462,212.916435,650.576324
28.04,1.0493,0.815462,212.916408,650.576287
28.05,1.0493,0.815462,212.91638,650.576251
28.06,1.0493,0.815462,212.916353,650.576214
28.07,1.0493,0.815462,212.916325,650.576178
28.08,1.0493,0.815462,212.916298,650.576141
28.09,1.0493,0.815462,212.91627,650.576105
28.1,1.0493,0.815462,212.916243,650.576068
28.11,1.0493,0.815462,212.916215,650.576031
28.12,1.0493,0.815462,212.916188,650.575995
28.13,1.0493,0.815462,212.91616,650.575958
28.14,1.0493,0.815462,212.916133,650.575921
28.15,1.0493,0.815461,212.916105,650.575885
28.16,1.0493,0.815461,212.916078,650.575848
28.17,1.0493,0.815461,212.91605,650.575811
28.18,1.0493,0.815461,212.916023,650.575775
28.19,1.0493,0.815461,212.915996,650.575738
28.2,1.0493,0.815461,212.915968,650.575701
28.21,1.0493,0.815461,212.915941,650.575664
28.22,1.0493,0.815461,212.915913,650.575628
28.23,1.0493,0.815461,212.915886,650.575591
28.24,1.0493,0.815461,212.915859,650.575554
28.25,1.0493,0.815461,212.915831,650.575517
28.26,1.0493,0.815461,212.915804,650.57548
28.27,1.0493,0.815461,212.915777,650.575443
28.28,1.0493,0.815461,212.915749,650.575406
28.29,1.0493,0.815461,212.915722,650.575369
28.3,1.0493,0.815461,212.915695,650.575332
28.31,1.0493,0.815461,212.915667,650.575295
28.32,1.0493,0.815461,212.91564,650.575258
28.33,1.0493,0.815461,212.915613,650.575221
28.34,1.0493,0.81546,212.915586,650.575184
28.35,1.0493,0.81546,212.915558,650.575147
28.36,1.0493,0.81546,212.915531,650.57511
28.37,1.0493,0.81546,212.915504,650.575072
28.38,1.0493,0.81546,212.915477,650.575035
28.39,1.0493,0.81546,212.915449,650.574998
28.4,1.0493,0.81546,212.915422,650.574961
28.41,1.0493,0.81546,212.915395,650.574923
28.42,1.0493,0.81546,212.915368,650.574886
28.43,1.0493,0.81546,212.915341,650.574849
28.44,1.0493,0.81546,212.915313,650.574812
28.45,1.0493,0.81546,212.915286,650.574774
28.46,1.0493,0.81546,212.915259,650.574737
28.47,1.0493,0.81546,212.915232,650.574699
28.48,1.0493,0.81546,212.915205,650.574662
28.49,1.0493,0.81546,212.915178,650.574625
28.5,1.0493,0.81546,212.915151,650.574587
28.51,1.0493,0.81546,212.915123,650.57455
28.52,1.0493,0.81546,212.915096,650.574512
28.53,1.0493,0.815459,212.915069,650.574475
28.54,1.0493,0.815459,212.915042,650.574437
28.55,1.0493,0.815459,212.915015,650.5744
28.56,1.0493,0.815459,212.914988,650.574363
28.57,1.0493,0.815459,212.914961,650.574325
28.58,1.0493,0.815459,212.914934,650.574288
28.59,1.0493,0.815459,212.914907,650.57425
28.6,1.0493,0.815459,212.91488,650.574213
28.61,1.0493,0.815459,212.914854,650.574175
28.62,1.0493,0.815459,212.914827,650.574138
28.63,1.0493,0.815459,212.9148,650.574101
28.64,1.0493,0.815459,212.914773,650.574063
28.65,1.0493,0.815459,212.914746,650.574026
28.66,1.0493,0.815459,212.914719,650.573988
28.67,1.0493,0.815459,212.914693,650.573951
28.68,1.0493,0.815459,212.914666,650.573914
28.69,1.0493,0.815459,212.914639,650.573877
28.7,1.0493,0.815459,212.914613,650.573839
28.71,1.0493,0.815459,212.914586,650.573802
28.72,1.0493,0.815458,212.914559,650.573765
28.73,1.0493,0.815458,212.914533,650.573728
28.74,1.0493,0.815458,212.914506,650.573691
28.75,1.0493,0.815458,212.91448,650.573653
28.76,1.0493,0.815458,212.914453,650.573616
28.77,1.0493,0.815458,212.914427,650.573579
28.78,1.0493,0.815458,212.914401,650.573542
28.79,1.0493,0.815458,212.914374,650.573505
28.8,1.0493,0.815458,212.914348,650.573468
28.81,1.0493,0.815458,212.914322,650.573432
28.82,1.0493,0.815458,212.914295,650.573395
28.83,1.0493,0.815458,212.914269,650.573358
28.84,1.0493,0.815458,212.914243,650.573321
28.85,1.0493,0.815458,212.914217,650.573284
28.86,1.0493,0.815458,212.914191,650.573248
28.87,1.0493,0.815458,212.914165,650.573211
28.88,1.0493,0.815458,212.914139,650.573175
28.89,1.0493,0.815458,212.914113,650.573138
28.9,1.0493,0.815458,212.914087,650.573102
28.91,1.0493,0.815458,212.914061,650.573065
28.92,1.0493,0.815457,212.914035,650.573029
28.93,1.0493,0.815457,212.914009,650.572992
28.94,1.0493,0.815457,212.913983,650.572956
28.95,1.0493,0.815457,212.913957,650.57292
28.96,1.0493,0.815457,212.913931,650.572883
28.97,1.0493,0.815457,212.913906,650.572847
28.98,1.0493,0.815457,212.91388,650.572811
28.99,1.0493,0.815457,212.913854,650.572775
29,1.0493,0.815457,212.913829,650.572739
29.01,1.0493,0.815457,212.913803,650.572703
29.02,1.0493,0.815457,212.913777,650.572667
29.03,1.0493,0.815457,212.913752,650.572631
29.04,1.0493,0.815457,212.913726,650.572595
29.05,1.0493,0.815457,212.913701,650.572559
29.06,1.0493,0.815457,212.913675,650.572523
29.07,1.0493,0.815457,212.91365,650.572487
29.08,1.0493,0.815457,212.913624,650.572451
29.09,1.0493,0.815457,212.913599,650.572416
29.1,1.0493,0.815457,212.913573,650.57238
29.11,1.0493,0.815457,212.913548,650.572344
29.12,1.0493,0.815456,212.913523,650.572308
29.13,1.0493,0.815456,212.913497,650.572273
29.14,1.0493,0.815456,212.913472,650.572237
29.15,1.0493,0.815456,212.913447,650.572201
29.16,1.0493,0.815456,212.913422,650.572166
29.17,1.0493,0.815456,212.913396,650.57213
29.18,1.0493,0.815456,212.913371,650.572094
29.19,1.0493,0.815456,212.913346,650.572059
29.2,1.0493,0.815456,212.913321,650.572023
29.21,1.0493,0.815456,212.913296,650.571988
29.22,1.0493,0.815456,212.91327,650.571952
29.23,1.0493,0.815456,212.913245,650.571916
29.24,1.0493,0.815456,212.91322,650.571881
29.25,1.0493,0.815456,212.913195,650.571845
29.26,1.0493,0.815456,212.91317,650.57181
29.27,1.0493,0.815456,212.913145,650.571774
29.28,1.0493,0.815456,212.91312,650.571739
29.29,1.0493,0.815456,212.913095,650.571703
29.3,1.0493,0.815456,212.91307,650.571667
29.31,1.0493,0.815456,212.913044,650.571632
29.32,1.0493,0.815455,212.913019,650.571596
29.33,1.0493,0.815455,212.912994,650.571561
29.34,1.0493,0.815455,212.912969,650.571525
29.35,1.0493,0.815455,212.912944,650.57149
29.36,1.0493,0.815455,212.912919,650.571454
29.37,1.0493,0.815455,212.912894,650.571418
29.38,1.0493,0.815455,212.912869,650.571383
29.39,1.0493,0.815455,212.912844,650.571347
29.4,1.0493,0.815455,212.912819,650.571312
29.41,1.0493,0.815455,212.912794,650.571276
29.42,1.0493,0.815455,212.912769,650.57124
29.43,1.0493,0.815455,212.912745,650.571205
29.44,1.0493,0.815455,212.91272,650.571169
29.45,1.0493,0.815455,212.912695,650.571133
29.46,1.0493,0.815455,212.91267,650.571098
29.47,1.0493,0.815455,212.912645,650.571062
29.48,1.0493,0.815455,212.91262,650.571026
29.49,1.0493,0.815455,212.912595,650.57099
29.5,1.0493,0.815455,212.91257,650.570955
29.51,1.0493,0.815455,212.912545,650.570919
29.52,1.0493,0.815454,212.91252,650.570883
29.53,1.0493,0.815454,212.912495,650.570847
29.54,1.0493,0.815454,212.91247,650.570812
29.55,1.0493,0.815454,212.912446,650.570776
29.56,1.0493,0.815454,212.912421,650.57074
29.57,1.0493,0.815454,212.912396,650.570704
29.58,1.0493,0.815454,212.912371,650.570668
29.59,1.0493,0.815454,212.912346,650.570633
29.6,1.0493,0.815454,212.912321,650.570597
29.61,1.0493,0.815454,212.912296,650.570561
29.62,1.0493,0.815454,212.912272,650.570525
29.63,1.0493,0.815454,212.912247,650.570489
29.64,1.0493,0.815454,212.912222,650.570453
29.65,1.0493,0.815454,212.912197,650.570418
29.66,1.0493,0.815454,212.912172,650.570382
29.67,1.0493,0.815454,212.912147,650.570346
29.68,1.0493,0.815454,212.912123,650.57031
29.69,1.0493,0.815454,212.912098,650.570274
29.7,1.0493,0.815454,212.912073,650.570238
29.71,1.0493,0.815454,212.912048,650.570202
29.72,1.0493,0.815453,212.912023,650.570166
29.73,1.0493,0.815453,212.911999,650.570131
29.74,1.0493,0.815453,212.911974,650.570095
29.75,1.0493,0.815453,212.911949,650.570059
29.76,1.0493,0.815453,212.911924,650.570023
29.77,1.0493,0.815453,212.9119,650.569987
29.78,1.0493,0.815453,212.911875,650.569951
29.79,1.0493,0.815453,212.91185,650.569915
29.8,1.0493,0.815453,212.911826,650.569879
29.81,1.0493,0.815453,212.911801,650.569843
29.82,1.0493,0.815453,212.911776,650.569807
29.83,1.0493,0.815453,212.911751,650.569772
29.84,1.0493,0.815453,212.911727,650.569736
29.85,1.0493,0.815453,212.911702,650.5697
29.86,1.0493,0.815453,212.911677,650.569664
29.87,1.0493,0.815453,212.911653,650.569628
29.88,1.0493,0.815453,212.911628,650.569592
29.89,1.0493,0.815453,212.911603,650.569556
29.9,1.0493,0.815453,212.911579,650.56952
29.91,1.0493,0.815453,212.911554,650.569484
29.92,1.0493,0.815452,212.91153,650.569448
29.93,1.0493,0.815452,212.911505,650.569413
29.94,1.0493,0.815452,212.91148,650.569377
29.95,1.0493,0.815452,212.911456,650.569341
29.96,1.0493,0.815452,212.911431,650.569305
29.97,1.0493,0.815452,212.911407,650.569269
29.98,1.0493,0.815452,212.911382,650.569233
29.99,1.0493,0.815452,212.911357,650.569197
30,1.0493,0.815452,212.911333,650.569161
30.01,1.0493,0.815452,212.911308,650.569126
30.02,1.0493,0.815452,212.911284,650.56909
30.03,1.0493,0.815452,212.911259,650.569054
30.04,1.0493,0.815452,212.911235,650.569018
30.05,1.0493,0.815452,212.91121,650.568982
30.06,1.0493,0.815452,212.911185,650.568946
30.07,1.0493,0.815452,212.911161,650.56891
30.08,1.0493,0.815452,212.911136,650.568874
30.09,1.0493,0.815452,212.911112,650.568839
30.1,1.0493,0.815452,212.911087,650.568803
30.11,1.0493,0.815452,212.911063,650.568767
30.12,1.0493,0.815451,212.911038,650.568731
30.13,1.0493,0.815451,212.911014,650.568695
30.14,1.0493,0.815451,212.910989,650.568659
30.15,1.0493,0.815451,212.910965,650.568623
30.16,1.0493,0.815451,212.91094,650.568588
30.17,1.0493,0.815451,212.910916,650.568552
30.18,1.0493,0.815451,212.910891,650.568516
30.19,1.0493,0.815451,212.910867,650.56848
30.2,1.0493,0.815451,212.910843,650.568444
30.21,1.0493,0.815451,212.910818,650.568408
30.22,1.0493,0.815451,212.910794,650.568373
30.23,1.0493,0.815451,212.910769,650.568337
30.24,1.0493,0.815451,212.910745,650.568301
30.25,1.0493,0.815451,212.91072,650.568265
30.26,1.0493,0.815451,212.910696,650.56823
30.27,1.0493,0.815451,212.910672,650.568194
30.28,1.0493,0.815451,212.910647,650.568158
30.29,1.0493,0.815451,212.910623,650.568122
30.3,1.0493,0.815451,212.910598,650.568087
30.31,1.0493,0.815451,212.910574,650.568051
30.32,1.0493,0.81545,212.91055,650.568015
30.33,1.0493,0.81545,212.910525,650.567979
30.34,1.0493,0.81545,212.910501,650.567944
30.35,1.0493,0.81545,212.910477,650.567908
30.36,1.0493,0.81545,212.910452,650.567872
30.37,1.0493,0.81545,212.910428,650.567837
30.38,1.0493,0.81545,212.910404,650.567801
30.39,1.0493,0.81545,212.910379,650.567766
30.4,1.0493,0.81545,212.910355,650.56773
30.41,1.0493,0.81545,212.910331,650.567694
30.42,1.0493,0.81545,212.910307,650.567659
30.43,1.0493,0.81545,212.910282,650.567623
30.44,1.0493,0.81545,212.910258,650.567588
30.45,1.0493,0.81545,212.910234,650.567552
30.46,1.0493,0.81545,212.91021,650.567517
30.47,1.0493,0.81545,212.910186,650.567481
30.48,1.0493,0.81545,212.910161,650.567446
30.49,1.0493,0.81545,212.910137,650.567411
30.5,1.0493,0.81545,212.910113,650.567375
30.51,1.0493,0.81545,212.910089,650.56734
30.52,1.0493,0.815449,212.910065,650.567304
30.53,1.0493,0.815449,212.910041,650.567269
30.54,1.0493,0.815449,212.910017,650.567234
30.55,1.0493,0.815449,212.909993,650.567199
30.56,1.0493,0.815449,212.909969,650.567163
30.57,1.0493,0.815449,212.909944,650.567128
30.58,1.0493,0.815449,212.90992,650.567093
30.59,1.0493,0.815449,212.909896,650.567058
30.6,1.0493,0.815449,212.909872,650.567023
30.61,1.0493,0.815449,212.909848,650.566988
30.62,1.0493,0.815449,212.909824,650.566952
30.63,1.0493,0.815449,212.9098,650.566917
30.64,1.0493,0.815449,212.909776,650.566882
30.65,1.0493,0.815449,212.909752,650.566847
30.66,1.0493,0.815449,212.909729,650.566812
30.67,1.0493,0.815449,212.909705,650.566777
30.68,1.0493,0.815449,212.909681,650.566742
30.69,1.0493,0.815449,212.909657,650.566708
30.7,1.0493,0.815449,212.909633,650.566673
30.71,1.0493,0.815449,212.909609,650.566638
30.72,1.0493,0.815448,212.909585,650.566603
30.73,1.0493,0.815448,212.909561,650.566568
30.74,1.0493,0.815448,212.909537,650.566533
30.75,1.0493,0.815448,212.909513,650.566499
30.76,1.0493,0.815448,212.90949,650.566464
30.77,1.0493,0.815448,212.909466,650.566429
30.78,1.0493,0.815448,212.909442,650.566394
30.79,1.0493,0.815448,212.909418,650.56636
30.8,1.0493,0.815448,212.909394,650.566325
30.81,1.0493,0.815448,212.909371,650.56629
30.82,1.0493,0.815448,212.909347,650.566256
30.83,1.0493,0.815448,212.909323,650.566221
30.84,1.0493,0.815448,212.909299,650.566186
30.85,1.0493,0.815448,212.909275,650.566152
30.86,1.0493,0.815448,212.909252,650.566117
30.87,1.0493,0.815448,212.909228,650.566082
30.88,1.0493,0.815448,212.909204,650.566048
30.89,1.0493,0.815448,212.90918,650.566013
30.9,1.0493,0.815448,212.909156,650.565979
30.91,1.0493,0.815448,212.909133,650.565944
30.92,1.0493,0.815448,212.909109,650.56591
30.93,1.0493,0.815447,212.909085,650.565875
30.94,1.0493,0.815447,212.909061,650.56584
30.95,1.0493,0.815447,212.909038,650.565806
30.96,1.0493,0.815447,212.909014,650.565771
30.97,1.0493,0.815447,212.90899,650.565737
30.98,1.0493,0.815447,212.908966,650.565702
30.99,1.0493,0.815447,212.908943,650.565668
31,1.0493,0.815447,212.908919,650.565633
31.01,1.0493,0.815447,212.908895,650.565599
31.02,1.0493,0.815447,212.908871,650.565564
31.03,1.0493,0.815447,212.908847,650.56553
31.04,1.0493,0.815447,212.908824,650.565495
31.05,1.0493,0.815447,212.9088,650.56546
31.06,1.0493,0.815447,212.908776,650.565426
31.07,1.0493,0.815447,212.908752,650.565391
31.08,1.0493,0.815447,212.908728,650.565357
31.09,1.0493,0.815447,212.908705,650.565322
31.1,1.0493,0.815447,212.908681,650.565287
31.11,1.0493,0.815447,212.908657,650.565253
31.12,1.0493,0.815447,212.908633,650.565218
31.13,1.0493,0.815446,212.908609,650.565184
31.14,1.0493,0.815446,212.908586,650.565149
31.15,1.0493,0.815446,212.908562,650.565114
31.16,1.0493,0.815446,212.908538,650.56508
31.17,1.0493,0.815446,212.908514,650.565045
31.18,1.0493,0.815446,212.90849,650.56501
31.19,1.0493,0.815446,212.908466,650.564976
31.2,1.0493,0.815446,212.908442,650.564941
31.21,1.0493,0.815446,212.908419,650.564906
31.22,1.0493,0.815446,212.908395,650.564872
31.23,1.0493,0.815446,212.908371,650.564837
31.24,1.0493,0.815446,212.908347,650.564802
31.25,1.0493,0.815446,212.908323,650.564768
31.26,1.0493,0.815446,212.908299,650.564733
31.27,1.0493,0.815446,212.908275,650.564698
31.28,1.0493,0.815446,212.908251,650.564663
31.29,1.0493,0.815446,212.908227,650.564629
31.3,1.0493,0.815446,212.908203,650.564594
31.31,1.0493,0.815446,212.90818,650.564559
31.32,1.0493,0.815446,212.908156,650.564524
31.33,1.0493,0.815446,212.908132,650.56449
31.34,1.0493,0.815445,212.908108,650.564455
31.35,1.0493,0.815445,212.908084,650.56442
31.36,1.0493,0.815445,212.90806,650.564385
31.37,1.0493,0.815445,212.908036,650.56435
31.38,1.0493,0.815445,212.908012,650.564316
31.39,1.0493,0.815445,212.907988,650.564281
31.4,1.0493,0.815445,212.907964,650.564246
31.41,1.0493,0.815445,212.90794,650.564211
31.42,1.0493,0.815445,212.907916,650.564177
31.43,1.0493,0.815445,212.907892,650.564142
31.44,1.0493,0.815445,212.907868,650.564107
31.45,1.0493,0.815445,212.907844,650.564072
31.46,1.0493,0.815445,212.90782,650.564037
31.47,1.0493,0.815445,212.907796,650.564003
31.48,1.0493,0.815445,212.907772,650.563968
31.49,1.0493,0.815445,212.907748,650.563933
31.5,1.0493,0.815445,212.907724,650.563898
31.51,1.0493,0.815445,212.9077,650.563864
31.52,1.0493,0.815445,212.907676,650.563829
31.53,1.0493,0.815445,212.907652,650.563794
31.54,1.0493,0.815445,212.907628,650.563759
31.55,1.0493,0.815444,212.907604,650.563725
31.56,1.0493,0.815444,212.90758,650.56369
31.57,1.0493,0.815444,212.907556,650.563655
31.58,1.0493,0.815444,212.907533,650.56362
31.59,1.0493,0.815444,212.907509,650.563586
31.6,1.0493,0.815444,212.907485,650.563551
31.61,1.0493,0.815444,212.907461,650.563516
31.62,1.0493,0.815444,212.907437,650.563482
31.63,1.0493,0.815444,212.907413,650.563447
31.64,1.0493,0.815444,212.907389,650.563412
31.65,1.0493,0.815444,212.907365,650.563378
31.66,1.0493,0.815444,212.907341,650.563343
31.67,1.0493,0.815444,212.907317,650.563309
31.68,1.0493,0.815444,212.907293,650.563274
31.69,1.0493,0.815444,212.907269,650.563239
31.7,1.0493,0.815444,212.907245,650.563205
31.71,1.0493,0.815444,212.907221,650.56317
31.72,1.0493,0.815444,212.907197,650.563136
31.73,1.0493,0.815444,212.907173,650.563101
31.74,1.0493,0.815444,212.907149,650.563067
31.75,1.0493,0.815443,212.907125,650.563032
31.76,1.0493,0.815443,212.907101,650.562998
31.77,1.0493,0.815443,212.907077,650.562963
31.78,1.0493,0.815443,212.907053,650.562929
31.79,1.0493,0.815443,212.907029,650.562894
31.8,1.0493,0.815443,212.907005,650.56286
31.81,1.0493,0.815443,212.906981,650.562825
31.82,1.0493,0.815443,212.906957,650.562791
31.83,1.0493,0.815443,212.906933,650.562757
31.84,1.0493,0.815443,212.906909,650.562722
31.85,1.0493,0.815443,212.906885,650.562688
31.86,1.0493,0.815443,212.906861,650.562653
31.87,1.0493,0.815443,212.906838,650.562619
31.88,1.0493,0.815443,212.906814,650.562585
31.89,1.0493,0.815443,212.90679,650.56255
31.9,1.0493,0.815443,212.906766,650.562516
31.91,1.0493,0.815443,212.906742,650.562482
31.92,1.0493,0.815443,212.906718,650.562448
31.93,1.0493,0.815443,212.906694,650.562413
31.94,1.0493,0.815443,212.90667,650.562379
31.95,1.0493,0.815443,212.906646,650.562345
31.96,1.0493,0.815442,212.906622,650.56231
31.97,1.0493,0.815442,212.906598,650.562276
31.98,1.0493,0.815442,212.906574,650.562242
31.99,1.0493,0.815442,212.90655,650.562208
32,1.0493,0.815442,212.906526,650.562174
32.01,1.0493,0.815442,212.906502,650.562139
32.02,1.0493,0.815442,212.906478,650.562105
32.03,1.0493,0.815442,212.906454,650.562071
32.04,1.0493,0.815442,212.90643,650.562037
32.05,1.0493,0.815442,212.906406,650.562003
32.06,1.0493,0.815442,212.906382,650.561969
32.07,1.0493,0.815442,212.906358,650.561934
32.08,1.0493,0.815442,212.906335,650.5619
32.09,1.0493,0.815442,212.906311,650.561866
32.1,1.0493,0.815442,212.906287,650.561832
32.11,1.0493,0.815442,212.906263,650.561798
32.12,1.0493,0.815442,212.906239,650.561764
32.13,1.0493,0.815442,212.906215,650.56173
32.14,1.0493,0.815442,212.906191,650.561696
32.15,1.0493,0.815442,212.906167,650.561662
32.16,1.0493,0.815442,212.906143,650.561628
32.17,1.0493,0.815441,212.906119,650.561594
32.18,1.0493,0.815441,212.906095,650.56156
32.19,1.0493,0.815441,212.906071,650.561526
32.2,1.0493,0.815441,212.906047,650.561492
32.21,1.0493,0.815441,212.906023,650.561458
32.22,1.0493,0.815441,212.905999,650.561424
32.23,1.0493,0.815441,212.905975,650.56139
32.24,1.0493,0.815441,212.905951,650.561356
32.25,1.0493,0.815441,212.905927,650.561322
32.26,1.0493,0.815441,212.905903,650.561288
32.27,1.0493,0.815441,212.90588,650.561255
32.28,1.0493,0.815441,212.905856,650.561221
32.29,1.0493,0.815441,212.905832,650.561187
32.3,1.0493,0.815441,212.905808,650.561153
32.31,1.0493,0.815441,212.905784,650.561119
32.32,1.0493,0.815441,212.90576,650.561085
32.33,1.0493,0.815441,212.905736,650.561051
32.34,1.0493,0.815441,212.905712,650.561018
32.35,1.0493,0.815441,212.905688,650.560984
32.36,1.0493,0.815441,212.905664,650.56095
32.37,1.0493,0.815441,212.90564,650.560916
32.38,1.0493,0.81544,212.905616,650.560883
32.39,1.0493,0.81544,212.905592,650.560849
32.4,1.0493,0.81544,212.905568,650.560815
32.41,1.0493,0.81544,212.905544,650.560781
32.42,1.0493,0.81544,212.90552,650.560748
32.43,1.0493,0.81544,212.905496,650.560714
32.44,1.0493,0.81544,212.905473,650.56068
32.45,1.0493,0.81544,212.905449,650.560647
32.46,1.0493,0.81544,212.905425,650.560613
32.47,1.0493,0.81544,212.905401,650.560579
32.48,1.0493,0.81544,212.905377,650.560546
32.49,1.0493,0.81544,212.905353,650.560512
32.5,1.0493,0.81544,212.905329,650.560479
32.51,1.0493,0.81544,212.905305,650.560445
32.52,1.0493,0.81544,212.905281,650.560411
32.53,1.0493,0.81544,212.905257,650.560378
32.54,1.0493,0.81544,212.905233,650.560344
32.55,1.0493,0.81544,212.905209,650.560311
32.56,1.0493,0.81544,212.905185,650.560277
32.57,1.0493,0.81544,212.905161,650.560243
32.58,1.0493,0.81544,212.905137,650.56021
32.59,1.0493,0.815439,212.905113,650.560176
32.6,1.0493,0.815439,212.905089,650.560143
32.61,1.0493,0.815439,212.905065,650.560109
32.62,1.0493,0.815439,212.905041,650.560076
32.63,1.0493,0.815439,212.905017,650.560042
32.64,1.0493,0.815439,212.904993,650.560009
32.65,1.0493,0.815439,212.904969,650.559975
32.66,1.0493,0.815439,212.904945,650.559942
32.67,1.0493,0.815439,212.904921,650.559908
32.68,1.0493,0.815439,212.904897,650.559875
32.69,1.0493,0.815439,212.904873,650.559841
32.7,1.0493,0.815439,212.904849,650.559808
32.71,1.0493,0.815439,212.904825,650.559774
32.72,1.0493,0.815439,212.904801,650.559741
32.73,1.0493,0.815439,212.904777,650.559707
32.74,1.0493,0.815439,212.904753,650.559674
32.75,1.0493,0.815439,212.904729,650.55964
32.76,1.0493,0.815439,212.904705,650.559607
32.77,1.0493,0.815439,212.904681,650.559573
32.78,1.0493,0.815439,212.904657,650.55954
32.79,1.0493,0.815439,212.904633,650.559506
32.8,1.0493,0.815439,212.904609,650.559473
32.81,1.0493,0.815438,212.904585,650.559439
32.82,1.0493,0.815438,212.904561,650.559406
32.83,1.0493,0.815438,212.904536,650.559372
32.84,1.0493,0.815438,212.904512,650.559339
32.85,1.0493,0.815438,212.904488,650.559305
32.86,1.0493,0.815438,212.904464,650.559272
32.87,1.0493,0.815438,212.90444,650.559238
32.88,1.0493,0.815438,212.904416,650.559205
32.89,1.0493,0.815438,212.904392,650.559171
32.9,1.0493,0.815438,212.904368,650.559138
32.91,1.0493,0.815438,212.904344,650.559104
32.92,1.0493,0.815438,212.904319,650.559071
32.93,1.0493,0.815438,212.904295,650.559037
32.94,1.0493,0.815438,212.904271,650.559004
32.95,1.0493,0.815438,212.904247,650.55897
32.96,1.0493,0.815438,212.904223,650.558937
32.97,1.0493,0.815438,212.904198,650.558903
32.98,1.0493,0.815438,212.904174,650.55887
32.99,1.0493,0.815438,212.90415,650.558836
33,1.0493,0.815438,212.904126,650.558803
33.01,1.0493,0.815438,212.904102,650.558769
33.02,1.0493,0.815437,212.904077,650.558736
33.03,1.0493,0.815437,212.904053,650.558702
33.04,1.0493,0.815437,212.904029,650.558669
33.05,1.0493,0.815437,212.904005,650.558635
33.06,1.0493,0.815437,212.903981,650.558602
33.07,1.0493,0.815437,212.903956,650.558568
33.08,1.0493,0.815437,212.903932,650.558535
33.09,1.0493,0.815437,212.903908,650.558501
33.1,1.0493,0.815437,212.903884,650.558468
33.11,1.0493,0.815437,212.903859,650.558434
33.12,1.0493,0.815437,212.903835,650.558401
33.13,1.0493,0.815437,212.903811,650.558367
33.14,1.0493,0.815437,212.903787,650.558334
33.15,1.0493,0.815437,212.903762,650.5583
33.16,1.0493,0.815437,212.903738,650.558267
33.17,1.0493,0.815437,212.903714,650.558233
33.18,1.0493,0.815437,212.90369,650.5582
33.19,1.0493,0.815437,212.903665,650.558166
33.2,1.0493,0.815437,212.903641,650.558133
33.21,1.0493,0.815437,212.903617,650.5581
33.22,1.0493,0.815437,212.903592,650.558066
33.23,1.0493,0.815436,212.903568,650.558033
33.24,1.0493,0.815436,212.903544,650.557999
33.25,1.0493,0.815436,212.90352,650.557966
33.26,1.0493,0.815436,212.903495,650.557932
33.27,1.0493,0.815436,212.903471,650.557899
33.28,1.0493,0.815436,212.903447,650.557866
33.29,1.0493,0.815436,212.903422,650.557832
33.3,1.0493,0.815436,212.903398,650.557799
33.31,1.0493,0.815436,212.903374,650.557766
33.32,1.0493,0.815436,212.90335,650.557732
33.33,1.0493,0.815436,212.903325,650.557699
33.34,1.0493,0.815436,212.903301,650.557666
33.35,1.0493,0.815436,212.903277,650.557632
33.36,1.0493,0.815436,212.903252,650.557599
33.37,1.0493,0.815436,212.903228,650.557566
33.38,1.0493,0.815436,212.903204,650.557533
33.39,1.0493,0.815436,212.90318,650.557499
33.4,1.0493,0.815436,212.903155,650.557466
33.41,1.0493,0.815436,212.903131,650.557433
33.42,1.0493,0.815436,212.903107,650.5574
33.43,1.0493,0.815436,212.903082,650.557366
33.44,1.0493,0.815436,212.903058,650.557333
33.45,1.0493,0.815435,212.903034,650.5573
33.46,1.0493,0.815435,212.90301,650.557267
33.47,1.0493,0.815435,212.902985,650.557234
33.48,1.0493,0.815435,212.902961,650.557201
33.49,1.0493,0.815435,212.902937,650.557168
33.5,1.0493,0.815435,212.902912,650.557134
33.51,1.0493,0.815435,212.902888,650.557101
33.52,1.0493,0.815435,212.902864,650.557068
33.53,1.0493,0.815435,212.90284,650.557035
33.54,1.0493,0.815435,212.902815,650.557002
33.55,1.0493,0.815435,212.902791,650.556969
33.56,1.0493,0.815435,212.902767,650.556936
33.57,1.0493,0.815435,212.902743,650.556903
33.58,1.0493,0.815435,212.902718,650.55687
33.59,1.0493,0.815435,212.902694,650.556837
33.6,1.0493,0.815435,212.90267,650.556804
33.61,1.0493,0.815435,212.902645,650.556771
33.62,1.0493,0.815435,212.902621,650.556738
33.63,1.0493,0.815435,212.902597,650.556705
33.64,1.0493,0.815435,212.902573,650.556673
33.65,1.0493,0.815435,212.902548,650.55664
33.66,1.0493,0.815435,212.902524,650.556607
33.67,1.0493,0.815434,212.9025,650.556574
33.68,1.0493,0.815434,212.902476,650.556541
33.69,1.0493,0.815434,212.902451,650.556508
33.7,1.0493,0.815434,212.902427,650.556475
33.71,1.0493,0.815434,212.902403,650.556442
33.72,1.0493,0.815434,212.902379,650.55641
33.73,1.0493,0.815434,212.902354,650.556377
33.74,1.0493,0.815434,212.90233,650.556344
33.75,1.0493,0.815434,212.902306,650.556311
33.76,1.0493,0.815434,212.902282,650.556278
33.77,1.0493,0.815434,212.902257,650.556246
33.78,1.0493,0.815434,212.902233,650.556213
33.79,1.0493,0.815434,212.902209,650.55618
33.8,1.0493,0.815434,212.902184,650.556147
33.81,1.0493,0.815434,212.90216,650.556115
33.82,1.0493,0.815434,212.902136,650.556082
33.83,1.0493,0.815434,212.902112,650.556049
33.84,1.0493,0.815434,212.902087,650.556017
33.85,1.0493,0.815434,212.902063,650.555984
33.86,1.0493,0.815434,212.902039,650.555951
33.87,1.0493,0.815434,212.902015,650.555918
33.88,1.0493,0.815433,212.90199,650.555886
33.89,1.0493,0.815433,212.901966,650.555853
33.9,1.0493,0.815433,212.901942,650.55582
33.91,1.0493,0.815433,212.901918,650.555788
33.92,1.0493,0.815433,212.901893,650.555755
33.93,1.0493,0.815433,212.901869,650.555723
33.94,1.0493,0.815433,212.901845,650.55569
33.95,1.0493,0.815433,212.90182,650.555657
33.96,1.0493,0.815433,212.901796,650.555625
33.97,1.0493,0.815433,212.901772,650.555592
33.98,1.0493,0.815433,212.901748,650.555559
33.99,1.0493,0.815433,212.901723,650.555527
34,1.0493,0.815433,212.901699,650.555494
34.01,1.0493,0.815433,212.901675,650.555462
34.02,1.0493,0.815433,212.90165,650.555429
34.03,1.0493,0.815433,212.901626,650.555396
34.04,1.0493,0.815433,212.901602,650.555364
34.05,1.0493,0.815433,212.901578,650.555331
34.06,1.0493,0.815433,212.901553,650.555299
34.07,1.0493,0.815433,212.901529,650.555266
34.08,1.0493,0.815433,212.901505,650.555234
34.09,1.0493,0.815433,212.90148,650.555201
34.1,1.0493,0.815432,212.901456,650.555169
34.11,1.0493,0.815432,212.901432,650.555136
34.12,1.0493,0.815432,212.901408,650.555104
34.13,1.0493,0.815432,212.901383,650.555071
34.14,1.0493,0.815432,212.901359,650.555039
34.15,1.0493,0.815432,212.901335,650.555006
34.16,1.0493,0.815432,212.90131,650.554974
34.17,1.0493,0.815432,212.901286,650.554941
34.18,1.0493,0.815432,212.901262,650.554909
34.19,1.0493,0.815432,212.901237,650.554876
34.2,1.0493,0.815432,212.901213,650.554844
34.21,1.0493,0.815432,212.901189,650.554811
34.22,1.0493,0.815432,212.901165,650.554779
34.23,1.0493,0.815432,212.90114,650.554746
34.24,1.0493,0.815432,212.901116,650.554714
34.25,1.0493,0.815432,212.901092,650.554681
34.26,1.0493,0.815432,212.901067,650.554649
34.27,1.0493,0.815432,212.901043,650.554617
34.28,1.0493,0.815432,212.901019,650.554584
34.29,1.0493,0.815432,212.900994,650.554552
34.3,1.0493,0.815432,212.90097,650.554519
34.31,1.0493,0.815432,212.900946,650.554487
34.32,1.0493,0.815431,212.900922,650.554455
34.33,1.0493,0.815431,212.900897,650.554422
34.34,1.0493,0.815431,212.900873,650.55439
34.35,1.0493,0.815431,212.900849,650.554357
34.36,1.0493,0.815431,212.900824,650.554325
34.37,1.0493,0.815431,212.9008,650.554293
34.38,1.0493,0.815431,212.900776,650.55426
34.39,1.0493,0.815431,212.900751,650.554228
34.4,1.0493,0.815431,212.900727,650.554196
34.41,1.0493,0.815431,212.900703,650.554163
34.42,1.0493,0.815431,212.900678,650.554131
34.43,1.0493,0.815431,212.900654,650.554099
34.44,1.0493,0.815431,212.90063,650.554066
34.45,1.0493,0.815431,212.900605,650.554034
34.46,1.0493,0.815431,212.900581,650.554002
34.47,1.0493,0.815431,212.900557,650.553969
34.48,1.0493,0.815431,212.900533,650.553937
34.49,1.0493,0.815431,212.900508,650.553905
34.5,1.0493,0.815431,212.900484,650.553872
34.51,1.0493,0.815431,212.90046,650.55384
34.52,1.0493,0.815431,212.900435,650.553808
34.53,1.0493,0.815431,212.900411,650.553776
34.54,1.0493,0.81543,212.900387,650.553743
34.55,1.0493,0.81543,212.900362,650.553711
34.56,1.0493,0.81543,212.900338,650.553679
34.57,1.0493,0.81543,212.900314,650.553647
34.58,1.0493,0.81543,212.900289,650.553614
34.59,1.0493,0.81543,212.900265,650.553582
34.6,1.0493,0.81543,212.900241,650.55355
34.61,1.0493,0.81543,212.900216,650.553518
34.62,1.0493,0.81543,212.900192,650.553485
34.63,1.0493,0.81543,212.900168,650.553453
34.64,1.0493,0.81543,212.900143,650.553421
34.65,1.0493,0.81543,212.900119,650.553389
34.66,1.0493,0.81543,212.900095,650.553356
34.67,1.0493,0.81543,212.90007,650.553324
34.68,1.0493,0.81543,212.900046,650.553292
34.69,1.0493,0.81543,212.900022,650.55326
34.7,1.0493,0.81543,212.899997,650.553227
34.71,1.0493,0.81543,212.899973,650.553195
34.72,1.0493,0.81543,212.899949,650.553163
34.73,1.0493,0.81543,212.899924,650.553131
34.74,1.0493,0.81543,212.8999,650.553099
34.75,1.0493,0.81543,212.899876,650.553066
34.76,1.0493,0.81543,212.899851,650.553034
34.77,1.0493,0.815429,212.899827,650.553002
34.78,1.0493,0.815429,212.899803,650.55297
34.79,1.0493,0.815429,212.899778,650.552938
34.8,1.0493,0.815429,212.899754,650.552906
34.81,1.0493,0.815429,212.89973,650.552873
34.82,1.0493,0.815429,212.899705,650.552841
34.83,1.0493,0.815429,212.899681,650.552809
34.84,1.0493,0.815429,212.899657,650.552777
34.85,1.0493,0.815429,212.899632,650.552745
34.86,1.0493,0.815429,212.899608,650.552713
34.87,1.0493,0.815429,212.899584,650.552681
34.88,1.0493,0.815429,212.899559,650.552649
34.89,1.0493,0.815429,212.899535,650.552617
34.9,1.0493,0.815429,212.899511,650.552584
34.91,1.0493,0.815429,212.899486,650.552552
34.92,1.0493,0.815429,212.899462,650.55252
34.93,1.0493,0.815429,212.899438,650.552488
34.94,1.0493,0.815429,212.899413,650.552456
34.95,1.0493,0.815429,212.899389,650.552424
34.96,1.0493,0.815429,212.899365,650.552392
34.97,1.0493,0.815429,212.899341,650.55236
34.98,1.0493,0.815429,212.899316,650.552328
34.99,1.0493,0.815428,212.899292,650.552296
35,1.0493,0.815428,212.899268,650.552264
35.01,1.0493,0.815428,212.899243,650.552232
35.02,1.0493,0.815428,212.899219,650.5522
35.03,1.0493,0.815428,212.899195,650.552168
35.04,1.0493,0.815428,212.899171,650.552136
35.05,1.0493,0.815428,212.899146,650.552104
35.06,1.0493,0.815428,212.899122,650.552072
35.07,1.0493,0.815428,212.899098,650.55204
35.08,1.0493,0.815428,212.899073,650.552008
35.09,1.0493,0.815428,212.899049,650.551976
35.1,1.0493,0.815428,212.899025,650.551945
35.11,1.0493,0.815428,212.899001,650.551913
35.12,1.0493,0.815428,212.898976,650.551881
35.13,1.0493,0.815428,212.898952,650.551849
35.14,1.0493,0.815428,212.898928,650.551817
35.15,1.0493,0.815428,212.898904,650.551785
35.16,1.0493,0.815428,212.898879,650.551753
35.17,1.0493,0.815428,212.898855,650.551722
35.18,1.0493,0.815428,212.898831,650.55169
35.19,1.0493,0.815428,212.898807,650.551658
35.2,1.0493,0.815428,212.898783,650.551626
35.21,1.0493,0.815427,212.898758,650.551595
35.22,1.0493,0.815427,212.898734,650.551563
35.23,1.0493,0.815427,212.89871,650.551531
35.24,1.0493,0.815427,212.898686,650.551499
35.25,1.0493,0.815427,212.898662,650.551468
35.26,1.0493,0.815427,212.898637,650.551436
35.27,1.0493,0.815427,212.898613,650.551404
35.28,1.0493,0.815427,212.898589,650.551373
35.29,1.0493,0.815427,212.898565,650.551341
35.3,1.0493,0.815427,212.898541,650.551309
35.31,1.0493,0.815427,212.898517,650.551278
35.32,1.0493,0.815427,212.898492,650.551246
35.33,1.0493,0.815427,212.898468,650.551214
35.34,1.0493,0.815427,212.898444,650.551183
35.35,1.0493,0.815427,212.89842,650.551151
35.36,1.0493,0.815427,212.898396,650.55112
35.37,1.0493,0.815427,212.898372,650.551088
35.38,1.0493,0.815427,212.898347,650.551056
35.39,1.0493,0.815427,212.898323,650.551025
35.4,1.0493,0.815427,212.898299,650.550993
35.41,1.0493,0.815427,212.898275,650.550962
35.42,1.0493,0.815427,212.898251,650.55093
35.43,1.0493,0.815427,212.898227,650.550899
35.44,1.0493,0.815426,212.898203,650.550867
35.45,1.0493,0.815426,212.898179,650.550836
35.46,1.0493,0.815426,212.898155,650.550804
35.47,1.0493,0.815426,212.89813,650.550773
35.48,1.0493,0.815426,212.898106,650.550741
35.49,1.0493,0.815426,212.898082,650.55071
35.5,1.0493,0.815426,212.898058,650.550678
35.51,1.0493,0.815426,212.898034,650.550647
35.52,1.0493,0.815426,212.89801,650.550615
35.53,1.0493,0.815426,212.897986,650.550584
35.54,1.0493,0.815426,212.897962,650.550553
35.55,1.0493,0.815426,212.897938,650.550521
35.56,1.0493,0.815426,212.897914,650.55049
35.57,1.0493,0.815426,212.89789,650.550458
35.58,1.0493,0.815426,212.897865,650.550427
35.59,1.0493,0.815426,212.897841,650.550395
35.6,1.0493,0.815426,212.897817,650.550364
35.61,1.0493,0.815426,212.897793,650.550333
35.62,1.0493,0.815426,212.897769,650.550301
35.63,1.0493,0.815426,212.897745,650.55027
35.64,1.0493,0.815426,212.897721,650.550239
35.65,1.0493,0.815426,212.897697,650.550207
35.66,1.0493,0.815425,212.897673,650.550176
35.67,1.0493,0.815425,212.897649,650.550145
35.68,1.0493,0.815425,212.897625,650.550113
35.69,1.0493,0.815425,212.897601,650.550082
35.7,1.0493,0.815425,212.897577,650.550051
35.71,1.0493,0.815425,212.897553,650.550019
35.72,1.0493,0.815425,212.897529,650.549988
35.73,1.0493,0.815425,212.897505,650.549957
35.74,1.0493,0.815425,212.897481,650.549925
35.75,1.0493,0.815425,212.897457,650.549894
35.76,1.0493,0.815425,212.897433,650.549863
35.77,1.0493,0.815425,212.897409,650.549831
35.78,1.0493,0.815425,212.897385,650.5498
35.79,1.0493,0.815425,212.897361,650.549769
35.8,1.0493,0.815425,212.897337,650.549737
35.81,1.0493,0.815425,212.897313,650.549706
35.82,1.0493,0.815425,212.897289,650.549675
35.83,1.0493,0.815425,212.897265,650.549644
35.84,1.0493,0.815425,212.897241,650.549612
35.85,1.0493,0.815425,212.897217,650.549581
35.86,1.0493,0.815425,212.897193,650.54955
35.87,1.0493,0.815425,212.897169,650.549519
35.88,1.0493,0.815425,212.897145,650.549487
35.89,1.0493,0.815424,212.897121,650.549456
35.9,1.0493,0.815424,212.897097,650.549425
35.91,1.0493,0.815424,212.897073,650.549394
35.92,1.0493,0.815424,212.897049,650.549363
35.93,1.0493,0.815424,212.897025,650.549331
35.94,1.0493,0.815424,212.897001,650.5493
35.95,1.0493,0.815424,212.896977,650.549269
35.96,1.0493,0.815424,212.896953,650.549238
35.97,1.0493,0.815424,212.896929,650.549207
35.98,1.0493,0.815424,212.896905,650.549175
35.99,1.0493,0.815424,212.896881,650.549144
36,1.0493,0.815424,212.896857,650.549113
36.01,1.0493,0.815424,212.896833,650.549082
36.02,1.0493,0.815424,212.896809,650.549051
36.03,1.0493,0.815424,212.896785,650.54902
36.04,1.0493,0.815424,212.896761,650.548988
36.05,1.0493,0.815424,212.896737,650.548957
36.06,1.0493,0.815424,212.896713,650.548926
36.07,1.0493,0.815424,212.89669,650.548895
36.08,1.0493,0.815424,212.896666,650.548864
36.09,1.0493,0.815424,212.896642,650.548833
36.1,1.0493,0.815424,212.896618,650.548802
36.11,1.0493,0.815424,212.896594,650.548771
36.12,1.0493,0.815423,212.89657,650.548739
36.13,1.0493,0.815423,212.896546,650.548708
36.14,1.0493,0.815423,212.896522,650.548677
36.15,1.0493,0.815423,212.896498,650.548646
36.16,1.0493,0.815423,212.896474,650.548615
36.17,1.0493,0.815423,212.896451,650.548584
36.18,1.0493,0.815423,212.896427,650.548553
36.19,1.0493,0.815423,212.896403,650.548522
36.2,1.0493,0.815423,212.896379,650.548491
36.21,1.0493,0.815423,212.896355,650.54846
36.22,1.0493,0.815423,212.896331,650.548429
36.23,1.0493,0.815423,212.896307,650.548398
36.24,1.0493,0.815423,212.896284,650.548367
36.25,1.0493,0.815423,212.89626,650.548336
36.26,1.0493,0.815423,212.896236,650.548305
36.27,1.0493,0.815423,212.896212,650.548274
36.28,1.0493,0.815423,212.896188,650.548243
36.29,1.0493,0.815423,212.896164,650.548212
36.3,1.0493,0.815423,212.896141,650.548181
36.31,1.0493,0.815423,212.896117,650.54815
36.32,1.0493,0.815423,212.896093,650.548119
36.33,1.0493,0.815423,212.896069,650.548088
36.34,1.0493,0.815423,212.896045,650.548057
36.35,1.0493,0.815422,212.896022,650.548026
36.36,1.0493,0.815422,212.895998,650.547995
36.37,1.0493,0.815422,212.895974,650.547965
36.38,1.0493,0.815422,212.89595,650.547934
36.39,1.0493,0.815422,212.895926,650.547903
36.4,1.0493,0.815422,212.895903,650.547872
36.41,1.0493,0.815422,212.895879,650.547841
36.42,1.0493,0.815422,212.895855,650.54781
36.43,1.0493,0.815422,212.895831,650.547779
36.44,1.0493,0.815422,212.895808,650.547748
36.45,1.0493,0.815422,212.895784,650.547718
36.46,1.0493,0.815422,212.89576,650.547687
36.47,1.0493,0.815422,212.895737,650.547656
36.48,1.0493,0.815422,212.895713,650.547625
36.49,1.0493,0.815422,212.895689,650.547594
36.5,1.0493,0.815422,212.895665,650.547563
36.51,1.0493,0.815422,212.895642,650.547533
36.52,1.0493,0.815422,212.895618,650.547502
36.53,1.0493,0.815422,212.895594,650.547471
36.54,1.0493,0.815422,212.895571,650.54744
36.55,1.0493,0.815422,212.895547,650.54741
36.56,1.0493,0.815422,212.895523,650.547379
36.57,1.0493,0.815422,212.895499,650.547348
36.58,1.0493,0.815421,212.895476,650.547317
36.59,1.0493,0.815421,212.895452,650.547286
36.6,1.0493,0.815421,212.895429,650.547256
36.61,1.0493,0.815421,212.895405,650.547225
36.62,1.0493,0.815421,212.895381,650.547194
36.63,1.0493,0.815421,212.895358,650.547164
36.64,1.0493,0.815421,212.895334,650.547133
36.65,1.0493,0.815421,212.89531,650.547102
36.66,1.0493,0.815421,212.895287,650.547072
36.67,1.0493,0.815421,212.895263,650.547041
36.68,1.0493,0.815421,212.895239,650.54701
36.69,1.0493,0.815421,212.895216,650.54698
36.7,1.0493,0.815421,212.895192,650.546949
36.71,1.0493,0.815421,212.895169,650.546918
36.72,1.0493,0.815421,212.895145,650.546888
36.73,1.0493,0.815421,212.895121,650.546857
36.74,1.0493,0.815421,212.895098,650.546826
36.75,1.0493,0.815421,212.895074,650.546796
36.76,1.0493,0.815421,212.895051,650.546765
36.77,1.0493,0.815421,212.895027,650.546735
36.78,1.0493,0.815421,212.895004,650.546704
36.79,1.0493,0.815421,212.89498,650.546673
36.8,1.0493,0.815421,212.894957,650.546643
36.81,1.0493,0.81542,212.894933,650.546612
36.82,1.0493,0.81542,212.89491,650.546582
36.83,1.0493,0.81542,212.894886,650.546551
36.84,1.0493,0.81542,212.894863,650.546521
36.85,1.0493,0.81542,212.894839,650.54649
36.86,1.0493,0.81542,212.894816,650.54646
36.87,1.0493,0.81542,212.894792,650.546429
36.88,1.0493,0.81542,212.894769,650.546399
36.89,1.0493,0.81542,212.894745,650.546368
36.9,1.0493,0.81542,212.894722,650.546338
36.91,1.0493,0.81542,212.894698,650.546307
36.92,1.0493,0.81542,212.894675,650.546277
36.93,1.0493,0.81542,212.894651,650.546247
36.94,1.0493,0.81542,212.894628,650.546216
36.95,1.0493,0.81542,212.894604,650.546186
36.96,1.0493,0.81542,212.894581,650.546155
36.97,1.0493,0.81542,212.894558,650.546125
36.98,1.0493,0.81542,212.894534,650.546095
36.99,1.0493,0.81542,212.894511,650.546064
37,1.0493,0.81542,212.894487,650.546034
37.01,1.0493,0.81542,212.894464,650.546003
37.02,1.0493,0.81542,212.894441,650.545973
37.03,1.0493,0.81542,212.894417,650.545943
37.04,1.0493,0.81542,212.894394,650.545912
37.05,1.0493,0.815419,212.89437,650.545882
37.06,1.0493,0.815419,212.894347,650.545852
37.07,1.0493,0.815419,212.894324,650.545821
37.08,1.0493,0.815419,212.8943,650.545791
37.09,1.0493,0.815419,212.894277,650.545761
37.1,1.0493,0.815419,212.894254,650.545731
37.11,1.0493,0.815419,212.89423,650.5457
37.12,1.0493,0.815419,212.894207,650.54567
37.13,1.0493,0.815419,212.894184,650.54564
37.14,1.0493,0.815419,212.89416,650.54561
37.15,1.0493,0.815419,212.894137,650.545579
37.16,1.0493,0.815419,212.894114,650.545549
37.17,1.0493,0.815419,212.894091,650.545519
37.18,1.0493,0.815419,212.894067,650.545489
37.19,1.0493,0.815419,212.894044,650.545458
37.2,1.0493,0.815419,212.894021,650.545428
37.21,1.0493,0.815419,212.893998,650.545398
37.22,1.0493,0.815419,212.893974,650.545368
37.23,1.0493,0.815419,212.893951,650.545338
37.24,1.0493,0.815419,212.893928,650.545308
37.25,1.0493,0.815419,212.893905,650.545277
37.26,1.0493,0.815419,212.893881,650.545247
37.27,1.0493,0.815419,212.893858,650.545217
37.28,1.0493,0.815418,212.893835,650.545187
37.29,1.0493,0.815418,212.893812,650.545157
37.3,1.0493,0.815418,212.893788,650.545127
37.31,1.0493,0.815418,212.893765,650.545097
37.32,1.0493,0.815418,212.893742,650.545066
37.33,1.0493,0.815418,212.893719,650.545036
37.34,1.0493,0.815418,212.893696,650.545006
37.35,1.0493,0.815418,212.893673,650.544976
37.36,1.0493,0.815418,212.893649,650.544946
37.37,1.0493,0.815418,212.893626,650.544916
37.38,1.0493,0.815418,212.893603,650.544886
37.39,1.0493,0.815418,212.89358,650.544856
37.4,1.0493,0.815418,212.893557,650.544826
37.41,1.0493,0.815418,212.893534,650.544796
37.42,1.0493,0.815418,212.89351,650.544766
37.43,1.0493,0.815418,212.893487,650.544736
37.44,1.0493,0.815418,212.893464,650.544705
37.45,1.0493,0.815418,212.893441,650.544675
37.46,1.0493,0.815418,212.893418,650.544645
37.47,1.0493,0.815418,212.893395,650.544615
37.48,1.0493,0.815418,212.893372,650.544585
37.49,1.0493,0.815418,212.893349,650.544555
37.5,1.0493,0.815418,212.893326,650.544525
37.51,1.0493,0.815418,212.893302,650.544495
37.52,1.0493,0.815417,212.893279,650.544465
37.53,1.0493,0.815417,212.893256,650.544435
37.54,1.0493,0.815417,212.893233,650.544405
37.55,1.0493,0.815417,212.89321,650.544375
37.56,1.0493,0.815417,212.893187,650.544345
37.57,1.0493,0.815417,212.893164,650.544315
37.58,1.0493,0.815417,212.893141,650.544285
37.59,1.0493,0.815417,212.893118,650.544255
37.6,1.0493,0.815417,212.893095,650.544226
37.61,1.0493,0.815417,212.893072,650.544196
37.62,1.0493,0.815417,212.893049,650.544166
37.63,1.0493,0.815417,212.893026,650.544136
37.64,1.049299,0.815417,212.893003,650.544106
37.65,1.049299,0.815417,212.89298,650.544076
37.66,1.049299,0.815417,212.892957,650.544046
37.67,1.049299,0.815417,212.892934,650.544016
37.68,1.049299,0.815417,212.892911,650.543986
37.69,1.049299,0.815417,212.892888,650.543956
37.7,1.049299,0.815417,212.892865,650.543926
37.71,1.049299,0.815417,212.892842,650.543896
37.72,1.049299,0.815417,212.892819,650.543866
37.73,1.049299,0.815417,212.892796,650.543837
37.74,1.049299,0.815417,212.892773,650.543807
37.75,1.049299,0.815417,212.89275,650.543777
37.76,1.049299,0.815416,212.892727,650.543747
37.77,1.049299,0.815416,212.892704,650.543717
37.78,1.049299,0.815416,212.892682,650.543687
37.79,1.049299,0.815416,212.892659,650.543658
37.8,1.049299,0.815416,212.892636,650.543628
37.81,1.049299,0.815416,212.892613,650.543598
37.82,1.049299,0.815416,212.89259,650.543568
37.83,1.049299,0.815416,212.892567,650.543538
37.84,1.049299,0.815416,212.892544,650.543508
37.85,1.049299,0.815416,212.892521,650.543479
37.86,1.049299,0.815416,212.892498,650.543449
37.87,1.049299,0.815416,212.892476,650.543419
37.88,1.049299,0.815416,212.892453,650.543389
37.89,1.049299,0.815416,212.89243,650.54336
37.9,1.049299,0.815416,212.892407,650.54333
37.91,1.049299,0.815416,212.892384,650.5433
37.92,1.049299,0.815416,212.892361,650.54327
37.93,1.049299,0.815416,212.892339,650.543241
37.94,1.049299,0.815416,212.892316,650.543211
37.95,1.049299,0.815416,212.892293,650.543181
37.96,1.049299,0.815416,212.89227,650.543151
37.97,1.049299,0.815416,212.892247,650.543122
37.98,1.049299,0.815416,212.892225,650.543092
37.99,1.049299,0.815415,212.892202,650.543062
38,1.049299,0.815415,212.892179,650.543033
38.01,1.049299,0.815415,212.892156,650.543003
38.02,1.049299,0.815415,212.892134,650.542973
38.03,1.049299,0.815415,212.892111,650.542944
38.04,1.049299,0.815415,212.892088,650.542914
38.05,1.049299,0.815415,212.892066,650.542885
38.06,1.049299,0.815415,212.892043,650.542855
38.07,1.049299,0.815415,212.89202,650.542825
38.08,1.049299,0.815415,212.891997,650.542796
38.09,1.049299,0.815415,212.891975,650.542766
38.1,1.049299,0.815415,212.891952,650.542737
38.11,1.049299,0.815415,212.891929,650.542707
38.12,1.049299,0.815415,212.891907,650.542677
38.13,1.049299,0.815415,212.891884,650.542648
38.14,1.049299,0.815415,212.891861,650.542618
38.15,1.049299,0.815415,212.891839,650.542589
38.16,1.049299,0.815415,212.891816,650.542559
38.17,1.049299,0.815415,212.891793,650.54253
38.18,1.049299,0.815415,212.891771,650.5425
38.19,1.049299,0.815415,212.891748,650.542471
38.2,1.049299,0.815415,212.891726,650.542441
38.21,1.049299,0.815415,212.891703,650.542412
38.22,1.049299,0.815415,212.89168,650.542382
38.23,1.049299,0.815415,212.891658,650.542353
38.24,1.049299,0.815414,212.891635,650.542323
38.25,1.049299,0.815414,212.891613,650.542294
38.26,1.049299,0.815414,212.89159,650.542264
38.27,1.049299,0.815414,212.891568,650.542235
38.28,1.049299,0.815414,212.891545,650.542205
38.29,1.049299,0.815414,212.891522,650.542176
38.3,1.049299,0.815414,212.8915,650.542146
38.31,1.049299,0.815414,212.891477,650.542117
38.32,1.049299,0.815414,212.891455,650.542088
38.33,1.049299,0.815414,212.891432,650.542058
38.34,1.049299,0.815414,212.89141,650.542029
38.35,1.049299,0.815414,212.891387,650.541999
38.36,1.049299,0.815414,212.891365,650.54197
38.37,1.049299,0.815414,212.891342,650.541941
38.38,1.049299,0.815414,212.89132,650.541911
38.39,1.049299,0.815414,212.891297,650.541882
38.4,1.049299,0.815414,212.891275,650.541853
38.41,1.049299,0.815414,212.891253,650.541823
38.42,1.049299,0.815414,212.89123,650.541794
38.43,1.049299,0.815414,212.891208,650.541765
38.44,1.049299,0.815414,212.891185,650.541735
38.45,1.049299,0.815414,212.891163,650.541706
38.46,1.049299,0.815414,212.89114,650.541677
38.47,1.049299,0.815414,212.891118,650.541647
38.48,1.049299,0.815413,212.891096,650.541618
38.49,1.049299,0.815413,212.891073,650.541589
38.5,1.049299,0.815413,212.891051,650.54156
38.51,1.049299,0.815413,212.891028,650.54153
38.52,1.049299,0.815413,212.891006,650.541501
38.53,1.049299,0.815413,212.890984,650.541472
38.54,1.049299,0.815413,212.890961,650.541443
38.55,1.049299,0.815413,212.890939,650.541413
38.56,1.049299,0.815413,212.890917,650.541384
38.57,1.049299,0.815413,212.890894,650.541355
38.58,1.049299,0.815413,212.890872,650.541326
38.59,1.049299,0.815413,212.89085,650.541297
38.6,1.049299,0.815413,212.890827,650.541267
38.61,1.049299,0.815413,212.890805,650.541238
38.62,1.049299,0.815413,212.890783,650.541209
38.63,1.049299,0.815413,212.89076,650.54118
38.64,1.049299,0.815413,212.890738,650.541151
38.65,1.049299,0.815413,212.890716,650.541121
38.66,1.049299,0.815413,212.890694,650.541092
38.67,1.049299,0.815413,212.890671,650.541063
38.68,1.049299,0.815413,212.890649,650.541034
38.69,1.049299,0.815413,212.890627,650.541005
38.7,1.049299,0.815413,212.890605,650.540976
38.71,1.049299,0.815413,212.890582,650.540947
38.72,1.049299,0.815412,212.89056,650.540918
38.73,1.049299,0.815412,212.890538,650.540889
38.74,1.049299,0.815412,212.890516,650.540859
38.75,1.049299,0.815412,212.890494,650.54083
38.76,1.049299,0.815412,212.890471,650.540801
38.77,1.049299,0.815412,212.890449,650.540772
38.78,1.049299,0.815412,212.890427,650.540743
38.79,1.049299,0.815412,212.890405,650.540714
38.8,1.049299,0.815412,212.890383,650.540685
38.81,1.049299,0.815412,212.890361,650.540656
38.82,1.049299,0.815412,212.890338,650.540627
38.83,1.049299,0.815412,212.890316,650.540598
38.84,1.049299,0.815412,212.890294,650.540569
38.85,1.049299,0.815412,212.890272,650.54054
38.86,1.049299,0.815412,212.89025,650.540511
38.87,1.049299,0.815412,212.890228,650.540482
38.88,1.049299,0.815412,212.890206,650.540453
38.89,1.049299,0.815412,212.890184,650.540424
38.9,1.049299,0.815412,212.890162,650.540395
38.91,1.049299,0.815412,212.89014,650.540366
38.92,1.049299,0.815412,212.890117,650.540337
38.93,1.049299,0.815412,212.890095,650.540308
38.94,1.049299,0.815412,212.890073,650.540279
38.95,1.049299,0.815412,212.890051,650.54025
38.96,1.049299,0.815412,212.890029,650.540221
38.97,1.049299,0.815411,212.890007,650.540193
38.98,1.049299,0.815411,212.889985,650.540164
38.99,1.049299,0.815411,212.889963,650.540135
39,1.049299,0.815411,212.889941,650.540106
39.01,1.049299,0.815411,212.889919,650.540077
39.02,1.049299,0.815411,212.889897,650.540048
39.03,1.049299,0.815411,212.889875,650.540019
39.04,1.049299,0.815411,212.889853,650.53999
39.05,1.049299,0.815411,212.889831,650.539961
39.06,1.049299,0.815411,212.889809,650.539933
39.07,1.049299,0.815411,212.889787,650.539904
39.08,1.049299,0.815411,212.889765,650.539875
39.09,1.049299,0.815411,212.889743,650.539846
39.1,1.049299,0.815411,212.889721,650.539817
39.11,1.049299,0.815411,212.8897,650.539788
39.12,1.049299,0.815411,212.889678,650.53976
39.13,1.049299,0.815411,212.889656,650.539731
39.14,1.049299,0.815411,212.889634,650.539702
39.15,1.049299,0.815411,212.889612,650.539673
39.16,1.049299,0.815411,212.88959,650.539644
39.17,1.049299,0.815411,212.889568,650.539616
39.18,1.049299,0.815411,212.889546,650.539587
39.19,1.049299,0.815411,212.889524,650.539558
39.2,1.049299,0.815411,212.889502,650.539529
39.21,1.049299,0.81541,212.889481,650.5395
39.22,1.049299,0.81541,212.889459,650.539472
39.23,1.049299,0.81541,212.889437,650.539443
39.24,1.049299,0.81541,212.889415,650.539414
39.25,1.049299,0.81541,212.889393,650.539385
39.26,1.049299,0.81541,212.889371,650.539357
39.27,1.049299,0.81541,212.88935,650.539328
39.28,1.049299,0.81541,212.889328,650.539299
39.29,1.049299,0.81541,212.889306,650.539271
39.3,1.049299,0.81541,212.889284,650.539242
39.31,1.049299,0.81541,212.889262,650.539213
39.32,1.049299,0.81541,212.889241,650.539184
39.33,1.049299,0.81541,212.889219,650.539156
39.34,1.049299,0.81541,212.889197,650.539127
39.35,1.049299,0.81541,212.889175,650.539098
39.36,1.049299,0.81541,212.889153,650.53907
39.37,1.049299,0.81541,212.889132,650.539041
39.38,1.049299,0.81541,212.88911,650.539012
39.39,1.049299,0.81541,212.889088,650.538984
39.4,1.049299,0.81541,212.889066,650.538955
39.41,1.049299,0.81541,212.889045,650.538927
39.42,1.049299,0.81541,212.889023,650.538898
39.43,1.049299,0.81541,212.889001,650.538869
39.44,1.049299,0.81541,212.88898,650.538841
39.45,1.049299,0.81541,212.888958,650.538812
39.46,1.049299,0.815409,212.888936,650.538783
39.47,1.049299,0.815409,212.888915,650.538755
39.48,1.049299,0.815409,212.888893,650.538726
39.49,1.049299,0.815409,212.888871,650.538698
39.5,1.049299,0.815409,212.88885,650.538669
39.51,1.049299,0.815409,212.888828,650.538641
39.52,1.049299,0.815409,212.888806,650.538612
39.53,1.049299,0.815409,212.888785,650.538583
39.54,1.049299,0.815409,212.888763,650.538555
39.55,1.049299,0.815409,212.888741,650.538526
39.56,1.049299,0.815409,212.88872,650.538498
39.57,1.049299,0.815409,212.888698,650.538469
39.58,1.049299,0.815409,212.888677,650.538441
39.59,1.049299,0.815409,212.888655,650.538412
39.6,1.049299,0.815409,212.888633,650.538384
39.61,1.049299,0.815409,212.888612,650.538355
39.62,1.049299,0.815409,212.88859,650.538327
39.63,1.049299,0.815409,212.888569,650.538298
39.64,1.049299,0.815409,212.888547,650.53827
39.65,1.049299,0.815409,212.888526,650.538241
39.66,1.049299,0.815409,212.888504,650.538213
39.67,1.049299,0.815409,212.888483,650.538184
39.68,1.049299,0.815409,212.888461,650.538156
39.69,1.049299,0.815409,212.88844,650.538128
39.7,1.049299,0.815409,212.888418,650.538099
39.71,1.049299,0.815408,212.888397,650.538071
39.72,1.049299,0.815408,212.888375,650.538042
39.73,1.049299,0.815408,212.888354,650.538014
39.74,1.049299,0.815408,212.888332,650.537986
39.75,1.049299,0.815408,212.888311,650.537957
39.76,1.049299,0.815408,212.888289,650.537929
39.77,1.049299,0.815408,212.888268,650.5379
39.78,1.049299,0.815408,212.888246,650.537872
39.79,1.049299,0.815408,212.888225,650.537844
39.8,1.049299,0.815408,212.888204,650.537815
39.81,1.049299,0.815408,212.888182,650.537787
39.82,1.049299,0.815408,212.888161,650.537759
39.83,1.049299,0.815408,212.888139,650.53773
39.84,1.049299,0.815408,212.888118,650.537702
39.85,1.049299,0.815408,212.888097,650.537674
39.86,1.049299,0.815408,212.888075,650.537645
39.87,1.049299,0.815408,212.888054,650.537617
39.88,1.049299,0.815408,212.888032,650.537589
39.89,1.049299,0.815408,212.888011,650.537561
39.9,1.049299,0.815408,212.88799,650.537532
39.91,1.049299,0.815408,212.887968,650.537504
39.92,1.049299,0.815408,212.887947,650.537476
39.93,1.049299,0.815408,212.887926,650.537448
39.94,1.049299,0.815408,212.887904,650.537419
39.95,1.049299,0.815408,212.887883,650.537391
39.96,1.049299,0.815407,212.887862,650.537363
39.97,1.049299,0.815407,212.887841,650.537335
39.98,1.049299,0.815407,212.887819,650.537307
39.99,1.049299,0.815407,212.887798,650.537278
40,1.049299,0.815407,212.887777,650.53725
40.01,1.049299,0.815407,212.887755,650.537222
40.02,1.049299,0.815407,212.887734,650.537194
40.03,1.049299,0.815407,212.887713,650.537166
40.04,1.049299,0.815407,212.887692,650.537137
40.05,1.049299,0.815407,212.88767,650.537109
40.06,1.049299,0.815407,212.887649,650.537081
40.07,1.049299,0.815407,212.887628,650.537053
40.08,1.049299,0.815407,212.887607,650.537025
40.09,1.049299,0.815407,212.887586,650.536997
40.1,1.049299,0.815407,212.887564,650.536969
40.11,1.049299,0.815407,212.887543,650.536941
40.12,1.049299,0.815407,212.887522,650.536912
40.13,1.049299,0.815407,212.887501,650.536884
40.14,1.049299,0.815407,212.88748,650.536856
40.15,1.049299,0.815407,212.887459,650.536828
40.16,1.049299,0.815407,212.887437,650.5368
40.17,1.049299,0.815407,212.887416,650.536772
40.18,1.049299,0.815407,212.887395,650.536744
40.19,1.049299,0.815407,212.887374,650.536716
40.2,1.049299,0.815407,212.887353,650.536688
40.21,1.049299,0.815407,212.887332,650.53666
40.22,1.049299,0.815406,212.887311,650.536632
40.23,1.049299,0.815406,212.88729,650.536604
40.24,1.049299,0.815406,212.887268,650.536576
40.25,1.049299,0.815406,212.887247,650.536548
40.26,1.049299,0.815406,212.887226,650.53652
40.27,1.049299,0.815406,212.887205,650.536492
40.28,1.049299,0.815406,212.887184,650.536464
40.29,1.049299,0.815406,212.887163,650.536436
40.3,1.049299,0.815406,212.887142,650.536408
40.31,1.049299,0.815406,212.887121,650.53638
40.32,1.049299,0.815406,212.8871,650.536352
40.33,1.049299,0.815406,212.887079,650.536324
40.34,1.049299,0.815406,212.887058,650.536296
40.35,1.049299,0.815406,212.887037,650.536268
40.36,1.049299,0.815406,212.887016,650.53624
40.37,1.049299,0.815406,212.886995,650.536212
40.38,1.049299,0.815406,212.886974,650.536184
40.39,1.049299,0.815406,212.886953,650.536156
40.4,1.049299,0.815406,212.886932,650.536129
40.41,1.049299,0.815406,212.886911,650.536101
40.42,1.049299,0.815406,212.88689,650.536073
40.43,1.049299,0.815406,212.886869,650.536045
40.44,1.049299,0.815406,212.886848,650.536017
40.45,1.049299,0.815406,212.886827,650.535989
40.46,1.049299,0.815406,212.886806,650.535961
40.47,1.049299,0.815405,212.886785,650.535933
40.48,1.049299,0.815405,212.886764,650.535906
40.49,1.049299,0.815405,212.886744,650.535878
40.5,1.049299,0.815405,212.886723,650.53585
40.51,1.049299,0.815405,212.886702,650.535822
40.52,1.049299,0.815405,212.886681,650.535794
40.53,1.049299,0.815405,212.88666,650.535766
40.54,1.049299,0.815405,212.886639,650.535739
40.55,1.049299,0.815405,212.886618,650.535711
40.56,1.049299,0.815405,212.886597,650.535683
40.57,1.049299,0.815405,212.886577,650.535655
40.58,1.049299,0.815405,212.886556,650.535627
40.59,1.049299,0.815405,212.886535,650.5356
40.6,1.049299,0.815405,212.886514,650.535572
40.61,1.049299,0.815405,212.886493,650.535544
40.62,1.049299,0.815405,212.886472,650.535516
40.63,1.049299,0.815405,212.886452,650.535489
40.64,1.049299,0.815405,212.886431,650.535461
40.65,1.049299,0.815405,212.88641,650.535433
40.66,1.049299,0.815405,212.886389,650.535405
40.67,1.049299,0.815405,212.886368,650.535378
40.68,1.049299,0.815405,212.886348,650.53535
40.69,1.049299,0.815405,212.886327,650.535322
40.7,1.049299,0.815405,212.886306,650.535295
40.71,1.049299,0.815405,212.886285,650.535267
40.72,1.049299,0.815405,212.886265,650.535239
40.73,1.049299,0.815404,212.886244,650.535212
40.74,1.049299,0.815404,212.886223,650.535184
40.75,1.049299,0.815404,212.886202,650.535156
40.76,1.049299,0.815404,212.886182,650.535129
40.77,1.049299,0.815404,212.886161,650.535101
40.78,1.049299,0.815404,212.88614,650.535073
40.79,1.049299,0.815404,212.88612,650.535046
40.8,1.049299,0.815404,212.886099,650.535018
40.81,1.049299,0.815404,212.886078,650.53499
40.82,1.049299,0.815404,212.886058,650.534963
40.83,1.049299,0.815404,212.886037,650.534935
40.84,1.049299,0.815404,212.886016,650.534907
40.85,1.049299,0.815404,212.885996,650.53488
40.86,1.049299,0.815404,212.885975,650.534852
40.87,1.049299,0.815404,212.885954,650.534825
40.88,1.049299,0.815404,212.885934,650.534797
40.89,1.049299,0.815404,212.885913,650.53477
40.9,1.049299,0.815404,212.885892,650.534742
40.91,1.049299,0.815404,212.885872,650.534714
40.92,1.049299,0.815404,212.885851,650.534687
40.93,1.049299,0.815404,212.885831,650.534659
40.94,1.049299,0.815404,212.88581,650.534632
40.95,1.049299,0.815404,212.885789,650.534604
40.96,1.049299,0.815404,212.885769,650.534577
40.97,1.049299,0.815404,212.885748,650.534549
40.98,1.049299,0.815404,212.885728,650.534522
40.99,1.049299,0.815403,212.885707,650.534494
41,1.049299,0.815403,212.885687,650.534467
41.01,1.049299,0.815403,212.885666,650.534439
41.02,1.049299,0.815403,212.885645,650.534412
41.03,1.049299,0.815403,212.885625,650.534384
41.04,1.049299,0.815403,212.885604,650.534357
41.05,1.049299,0.815403,212.885584,650.534329
41.06,1.049299,0.815403,212.885563,650.534302
41.07,1.049299,0.815403,212.885543,650.534274
41.08,1.049299,0.815403,212.885522,650.534247
41.09,1.049299,0.815403,212.885502,650.534219
41.1,1.049299,0.815403,212.885481,650.534192
41.11,1.049299,0.815403,212.885461,650.534165
41.12,1.049299,0.815403,212.88544,650.534137
41.13,1.049299,0.815403,212.88542,650.53411
41.14,1.049299,0.815403,212.8854,650.534082
41.15,1.049299,0.815403,212.885379,650.534055
41.16,1.049299,0.815403,212.885359,650.534028
41.17,1.049299,0.815403,212.885338,650.534
41.18,1.049299,0.815403,212.885318,650.533973
41.19,1.049299,0.815403,212.885297,650.533945
41.2,1.049299,0.815403,212.885277,650.533918
41.21,1.049299,0.815403,212.885257,650.533891
41.22,1.049299,0.815403,212.885236,650.533863
41.23,1.049299,0.815403,212.885216,650.533836
41.24,1.049299,0.815403,212.885195,650.533809
41.25,1.049299,0.815402,212.885175,650.533781
41.26,1.049299,0.815402,212.885155,650.533754
41.27,1.049299,0.815402,212.885134,650.533727
41.28,1.049299,0.815402,212.885114,650.533699
41.29,1.049299,0.815402,212.885094,650.533672
41.3,1.049299,0.815402,212.885073,650.533645
41.31,1.049299,0.815402,212.885053,650.533618
41.32,1.049299,0.815402,212.885033,650.53359
41.33,1.049299,0.815402,212.885012,650.533563
41.34,1.049299,0.815402,212.884992,650.533536
41.35,1.049299,0.815402,212.884972,650.533508
41.36,1.049299,0.815402,212.884951,650.533481
41.37,1.049299,0.815402,212.884931,650.533454
41.38,1.049299,0.815402,212.884911,650.533427
41.39,1.049299,0.815402,212.884891,650.5334
41.4,1.049299,0.815402,212.88487,650.533372
41.41,1.049299,0.815402,212.88485,650.533345
41.42,1.049299,0.815402,212.88483,650.533318
41.43,1.049299,0.815402,212.884809,650.533291
41.44,1.049299,0.815402,212.884789,650.533264
41.45,1.049299,0.815402,212.884769,650.533236
41.46,1.049299,0.815402,212.884749,650.533209
41.47,1.049299,0.815402,212.884729,650.533182
41.48,1.049299,0.815402,212.884708,650.533155
41.49,1.049299,0.815402,212.884688,650.533128
41.5,1.049299,0.815402,212.884668,650.533101
41.51,1.049299,0.815401,212.884648,650.533073
41.52,1.049299,0.815401,212.884628,650.533046
41.53,1.049299,0.815401,212.884607,650.533019
41.54,1.049299,0.815401,212.884587,650.532992
41.55,1.049299,0.815401,212.884567,650.532965
41.56,1.049299,0.815401,212.884547,650.532938
41.57,1.049299,0.815401,212.884527,650.532911
41.58,1.049299,0.815401,212.884507,650.532884
41.59,1.049299,0.815401,212.884486,650.532857
41.6,1.049299,0.815401,212.884466,650.532829
41.61,1.049299,0.815401,212.884446,650.532802
41.62,1.049299,0.815401,212.884426,650.532775
41.63,1.049299,0.815401,212.884406,650.532748
41.64,1.049299,0.815401,212.884386,650.532721
41.65,1.049299,0.815401,212.884366,650.532694
41.66,1.049299,0.815401,212.884346,650.532667
41.67,1.049299,0.815401,212.884326,650.53264
41.68,1.049299,0.815401,212.884306,650.532613
41.69,1.049299,0.815401,212.884285,650.532586
41.7,1.049299,0.815401,212.884265,650.532559
41.71,1.049299,0.815401,212.884245,650.532532
41.72,1.049299,0.815401,212.884225,650.532505
41.73,1.049299,0.815401,212.884205,650.532478
41.74,1.049299,0.815401,212.884185,650.532451
41.75,1.049299,0.815401,212.884165,650.532424
41.76,1.049299,0.815401,212.884145,650.532397
41.77,1.049299,0.815401,212.884125,650.53237
41.78,1.049299,0.8154,212.884105,650.532343
41.79,1.049299,0.8154,212.884085,650.532317
41.8,1.049299,0.8154,212.884065,650.53229
41.81,1.049299,0.8154,212.884045,650.532263
41.82,1.049299,0.8154,212.884025,650.532236
41.83,1.049299,0.8154,212.884005,650.532209
41.84,1.049299,0.8154,212.883985,650.532182
41.85,1.049299,0.8154,212.883965,650.532155
41.86,1.049299,0.8154,212.883945,650.532128
41.87,1.049299,0.8154,212.883925,650.532101
41.88,1.049299,0.8154,212.883905,650.532074
41.89,1.049299,0.8154,212.883886,650.532048
41.9,1.049299,0.8154,212.883866,650.532021
41.91,1.049299,0.8154,212.883846,650.531994
41.92,1.049299,0.8154,212.883826,650.531967
41.93,1.049299,0.8154,212.883806,650.53194
41.94,1.049299,0.8154,212.883786,650.531913
41.95,1.049299,0.8154,212.883766,650.531886
41.96,1.049299,0.8154,212.883746,650.53186
41.97,1.049299,0.8154,212.883726,650.531833
41.98,1.049299,0.8154,212.883706,650.531806
41.99,1.049299,0.8154,212.883687,650.531779
42,1.049299,0.8154,212.883667,650.531752
42.01,1.049299,0.8154,212.883647,650.531726
42.02,1.049299,0.8154,212.883627,650.531699
42.03,1.049299,0.8154,212.883607,650.531672
42.04,1.049299,0.815399,212.883587,650.531645
42.05,1.049299,0.815399,212.883567,650.531619
42.06,1.049299,0.815399,212.883548,650.531592
42.07,1.049299,0.815399,212.883528,650.531565
42.08,1.049299,0.815399,212.883508,650.531538
42.09,1.049299,0.815399,212.883488,650.531512
42.1,1.049299,0.815399,212.883468,650.531485
42.11,1.049299,0.815399,212.883449,650.531458
42.12,1.049299,0.815399,212.883429,650.531431
42.13,1.049299,0.815399,212.883409,650.531405
42.14,1.049299,0.815399,212.883389,650.531378
42.15,1.049299,0.815399,212.883369,650.531351
42.16,1.049299,0.815399,212.88335,650.531325
42.17,1.049299,0.815399,212.88333,650.531298
42.18,1.049299,0.815399,212.88331,650.531271
42.19,1.049299,0.815399,212.88329,650.531245
42.2,1.049299,0.815399,212.883271,650.531218
42.21,1.049299,0.815399,212.883251,650.531191
42.22,1.049299,0.815399,212.883231,650.531165
42.23,1.049299,0.815399,212.883212,650.531138
42.24,1.049299,0.815399,212.883192,650.531111
42.25,1.049299,0.815399,212.883172,650.531085
42.26,1.049299,0.815399,212.883152,650.531058
42.27,1.049299,0.815399,212.883133,650.531031
42.28,1.049299,0.815399,212.883113,650.531005
42.29,1.049299,0.815399,212.883093,650.530978
42.3,1.049299,0.815399,212.883074,650.530952
42.31,1.049299,0.815398,212.883054,650.530925
42.32,1.049299,0.815398,212.883034,650.530898
42.33,1.049299,0.815398,212.883015,650.530872
42.34,1.049299,0.815398,212.882995,650.530845
42.35,1.049299,0.815398,212.882975,650.530819
42.36,1.049299,0.815398,212.882956,650.530792
42.37,1.049299,0.815398,212.882936,650.530766
42.38,1.049299,0.815398,212.882917,650.530739
42.39,1.049299,0.815398,212.882897,650.530713
42.4,1.049299,0.815398,212.882877,650.530686
42.41,1.049299,0.815398,212.882858,650.53066
42.42,1.049299,0.815398,212.882838,650.530633
42.43,1.049299,0.815398,212.882818,650.530607
42.44,1.049299,0.815398,212.882799,650.53058
42.45,1.049299,0.815398,212.882779,650.530554
42.46,1.049299,0.815398,212.88276,650.530527
42.47,1.049299,0.815398,212.88274,650.530501
42.48,1.049299,0.815398,212.882721,650.530474
42.49,1.049299,0.815398,212.882701,650.530448
42.5,1.049299,0.815398,212.882682,650.530421
42.51,1.049299,0.815398,212.882662,650.530395
42.52,1.049299,0.815398,212.882642,650.530368
42.53,1.049299,0.815398,212.882623,650.530342
42.54,1.049299,0.815398,212.882603,650.530315
42.55,1.049299,0.815398,212.882584,650.530289
42.56,1.049299,0.815398,212.882564,650.530263
42.57,1.049299,0.815398,212.882545,650.530236
42.58,1.049299,0.815397,212.882525,650.53021
42.59,1.049299,0.815397,212.882506,650.530183
42.6,1.049299,0.815397,212.882486,650.530157
42.61,1.049299,0.815397,212.882467,650.53013
42.62,1.049299,0.815397,212.882447,650.530104
42.63,1.049299,0.815397,212.882428,650.530078
42.64,1.049299,0.815397,212.882408,650.530051
42.65,1.049299,0.815397,212.882389,650.530025
42.66,1.049299,0.815397,212.88237,650.529999
42.67,1.049299,0.815397,212.88235,650.529972
42.68,1.049299,0.815397,212.882331,650.529946
42.69,1.049299,0.815397,212.882311,650.52992
42.7,1.049299,0.815397,212.882292,650.529893
42.71,1.049299,0.815397,212.882272,650.529867
42.72,1.049299,0.815397,212.882253,650.529841
42.73,1.049299,0.815397,212.882234,650.529814
42.74,1.049299,0.815397,212.882214,650.529788
42.75,1.049299,0.815397,212.882195,650.529762
42.76,1.049299,0.815397,212.882175,650.529736
42.77,1.049299,0.815397,212.882156,650.529709
42.78,1.049299,0.815397,212.882137,650.529683
42.79,1.049299,0.815397,212.882117,650.529657
42.8,1.049299,0.815397,212.882098,650.52963
42.81,1.049299,0.815397,212.882078,650.529604
42.82,1.049299,0.815397,212.882059,650.529578
42.83,1.049299,0.815397,212.88204,650.529552
42.84,1.049299,0.815397,212.88202,650.529525
42.85,1.049299,0.815396,212.882001,650.529499
42.86,1.049299,0.815396,212.881982,650.529473
42.87,1.049299,0.815396,212.881962,650.529447
42.88,1.049299,0.815396,212.881943,650.529421
42.89,1.049299,0.815396,212.881924,650.529394
42.9,1.049299,0.815396,212.881904,650.529368
42.91,1.049299,0.815396,212.881885,650.529342
42.92,1.049299,0.815396,212.881866,650.529316
42.93,1.049299,0.815396,212.881847,650.52929
42.94,1.049299,0.815396,212.881827,650.529264
42.95,1.049299,0.815396,212.881808,650.529237
42.96,1.049299,0.815396,212.881789,650.529211
42.97,1.049299,0.815396,212.881769,650.529185
42.98,1.049299,0.815396,212.88175,650.529159
42.99,1.049299,0.815396,212.881731,650.529133
43,1.049299,0.815396,212.881712,650.529107
43.01,1.049299,0.815396,212.881692,650.529081
43.02,1.049299,0.815396,212.881673,650.529055
43.03,1.049299,0.815396,212.881654,650.529028
43.04,1.049299,0.815396,212.881635,650.529002
43.05,1.049299,0.815396,212.881616,650.528976
43.06,1.049299,0.815396,212.881596,650.52895
43.07,1.049299,0.815396,212.881577,650.528924
43.08,1.049299,0.815396,212.881558,650.528898
43.09,1.049299,0.815396,212.881539,650.528872
43.1,1.049299,0.815396,212.881519,650.528846
43.11,1.049299,0.815396,212.8815,650.52882
43.12,1.049299,0.815396,212.881481,650.528794
43.13,1.049299,0.815395,212.881462,650.528768
43.14,1.049299,0.815395,212.881443,650.528742
43.15,1.049299,0.815395,212.881424,650.528716
43.16,1.049299,0.815395,212.881404,650.52869
43.17,1.049299,0.815395,212.881385,650.528664
43.18,1.049299,0.815395,212.881366,650.528638
43.19,1.049299,0.815395,212.881347,650.528612
43.2,1.049299,0.815395,212.881328,650.528586
43.21,1.049299,0.815395,212.881309,650.52856
43.22,1.049299,0.815395,212.88129,650.528534
43.23,1.049299,0.815395,212.881271,650.528508
43.24,1.049299,0.815395,212.881251,650.528482
43.25,1.049299,0.815395,212.881232,650.528456
43.26,1.049299,0.815395,212.881213,650.52843
43.27,1.049299,0.815395,212.881194,650.528404
43.28,1.049299,0.815395,212.881175,650.528378
43.29,1.049299,0.815395,212.881156,650.528352
43.3,1.049299,0.815395,212.881137,650.528326
43.31,1.049299,0.815395,212.881118,650.5283
43.32,1.049299,0.815395,212.881099,650.528275
43.33,1.049299,0.815395,212.88108,650.528249
43.34,1.049299,0.815395,212.881061,650.528223
43.35,1.049299,0.815395,212.881042,650.528197
43.36,1.049299,0.815395,212.881023,650.528171
43.37,1.049299,0.815395,212.881003,650.528145
43.38,1.049299,0.815395,212.880984,650.528119
43.39,1.049299,0.815395,212.880965,650.528093
43.4,1.049299,0.815394,212.880946,650.528068
43.41,1.049299,0.815394,212.880927,650.528042
43.42,1.049299,0.815394,212.880908,650.528016
43.43,1.049299,0.815394,212.880889,650.52799
43.44,1.049299,0.815394,212.88087,650.527964
43.45,1.049299,0.815394,212.880851,650.527938
43.46,1.049299,0.815394,212.880832,650.527913
43.47,1.049299,0.815394,212.880813,650.527887
43.48,1.049299,0.815394,212.880794,650.527861
43.49,1.049299,0.815394,212.880775,650.527835
43.5,1.049299,0.815394,212.880757,650.52781
43.51,1.049299,0.815394,212.880738,650.527784
43.52,1.049299,0.815394,212.880719,650.527758
43.53,1.049299,0.815394,212.8807,650.527732
43.54,1.049299,0.815394,212.880681,650.527707
43.55,1.049299,0.815394,212.880662,650.527681
43.56,1.049299,0.815394,212.880643,650.527655
43.57,1.049299,0.815394,212.880624,650.527629
43.58,1.049299,0.815394,212.880605,650.527604
43.59,1.049299,0.815394,212.880586,650.527578
43.6,1.049299,0.815394,212.880567,650.527552
43.61,1.049299,0.815394,212.880548,650.527526
43.62,1.049299,0.815394,212.880529,650.527501
43.63,1.049299,0.815394,212.88051,650.527475
43.64,1.049299,0.815394,212.880492,650.527449
43.65,1.049299,0.815394,212.880473,650.527424
43.66,1.049299,0.815394,212.880454,650.527398
43.67,1.049299,0.815394,212.880435,650.527372
43.68,1.049299,0.815393,212.880416,650.527347
43.69,1.049299,0.815393,212.880397,650.527321
43.7,1.049299,0.815393,212.880378,650.527295
43.71,1.049299,0.815393,212.880359,650.52727
43.72,1.049299,0.815393,212.880341,650.527244
43.73,1.049299,0.815393,212.880322,650.527219
43.74,1.049299,0.815393,212.880303,650.527193
43.75,1.049299,0.815393,212.880284,650.527167
43.76,1.049299,0.815393,212.880265,650.527142
43.77,1.049299,0.815393,212.880246,650.527116
43.78,1.049299,0.815393,212.880228,650.52709
43.79,1.049299,0.815393,212.880209,650.527065
43.8,1.049299,0.815393,212.88019,650.527039
43.81,1.049299,0.815393,212.880171,650.527014
43.82,1.049299,0.815393,212.880152,650.526988
43.83,1.049299,0.815393,212.880134,650.526963
43.84,1.049299,0.815393,212.880115,650.526937
43.85,1.049299,0.815393,212.880096,650.526912
43.86,1.049299,0.815393,212.880077,650.526886
43.87,1.049299,0.815393,212.880059,650.52686
43.88,1.049299,0.815393,212.88004,650.526835
43.89,1.049299,0.815393,212.880021,650.526809
43.9,1.049299,0.815393,212.880002,650.526784
43.91,1.049299,0.815393,212.879983,650.526758
43.92,1.049299,0.815393,212.879965,650.526733
43.93,1.049299,0.815393,212.879946,650.526707
43.94,1.049299,0.815393,212.879927,650.526682
43.95,1.049299,0.815393,212.879909,650.526656
43.96,1.049299,0.815392,212.87989,650.526631
43.97,1.049299,0.815392,212.879871,650.526605
43.98,1.049299,0.815392,212.879852,650.52658
43.99,1.049299,0.815392,212.879834,650.526555
44,1.049299,0.815392,212.879815,650.526529
44.01,1.049299,0.815392,212.879796,650.526504
44.02,1.049299,0.815392,212.879778,650.526478
44.03,1.049299,0.815392,212.879759,650.526453
44.04,1.049299,0.815392,212.87974,650.526427
44.05,1.049299,0.815392,212.879721,650.526402
44.06,1.049299,0.815392,212.879703,650.526377
44.07,1.049299,0.815392,212.879684,650.526351
44.08,1.049299,0.815392,212.879665,650.526326
44.09,1.049299,0.815392,212.879647,650.5263
44.1,1.049299,0.815392,212.879628,650.526275
44.11,1.049299,0.815392,212.879609,650.52625
44.12,1.049299,0.815392,212.879591,650.526224
44.13,1.049299,0.815392,212.879572,650.526199
44.14,1.049299,0.815392,212.879554,650.526173
44.15,1.049299,0.815392,212.879535,650.526148
44.16,1.049299,0.815392,212.879516,650.526123
44.17,1.049299,0.815392,212.879498,650.526097
44.18,1.049299,0.815392,212.879479,650.526072
44.19,1.049299,0.815392,212.87946,650.526047
44.2,1.049299,0.815392,212.879442,650.526021
44.21,1.049299,0.815392,212.879423,650.525996
44.22,1.049299,0.815392,212.879405,650.525971
44.23,1.049299,0.815392,212.879386,650.525946
44.24,1.049299,0.815391,212.879367,650.52592
44.25,1.049299,0.815391,212.879349,650.525895
44.26,1.049299,0.815391,212.87933,650.52587
44.27,1.049299,0.815391,212.879312,650.525844
44.28,1.049299,0.815391,212.879293,650.525819
44.29,1.049299,0.815391,212.879275,650.525794
44.3,1.049299,0.815391,212.879256,650.525769
44.31,1.049299,0.815391,212.879238,650.525743
44.32,1.049299,0.815391,212.879219,650.525718
44.33,1.049299,0.815391,212.8792,650.525693
44.34,1.049299,0.815391,212.879182,650.525668
44.35,1.049299,0.815391,212.879163,650.525643
44.36,1.049299,0.815391,212.879145,650.525617
44.37,1.049299,0.815391,212.879126,650.525592
44.38,1.049299,0.815391,212.879108,650.525567
44.39,1.049299,0.815391,212.879089,650.525542
44.4,1.049299,0.815391,212.879071,650.525517
44.41,1.049299,0.815391,212.879052,650.525491
44.42,1.049299,0.815391,212.879034,650.525466
44.43,1.049299,0.815391,212.879015,650.525441
44.44,1.049299,0.815391,212.878997,650.525416
44.45,1.049299,0.815391,212.878978,650.525391
44.46,1.049299,0.815391,212.87896,650.525366
44.47,1.049299,0.815391,212.878941,650.52534
44.48,1.049299,0.815391,212.878923,650.525315
44.49,1.049299,0.815391,212.878904,650.52529
44.5,1.049299,0.815391,212.878886,650.525265
44.51,1.049299,0.815391,212.878868,650.52524
44.52,1.049299,0.815391,212.878849,650.525215
44.53,1.049299,0.81539,212.878831,650.52519
44.54,1.049299,0.81539,212.878812,650.525165
44.55,1.049299,0.81539,212.878794,650.52514
44.56,1.049299,0.81539,212.878775,650.525115
44.57,1.049299,0.81539,212.878757,650.525089
44.58,1.049299,0.81539,212.878738,650.525064
44.59,1.049299,0.81539,212.87872,650.525039
44.6,1.049299,0.81539,212.878702,650.525014
44.61,1.049299,0.81539,212.878683,650.524989
44.62,1.049299,0.81539,212.878665,650.524964
44.63,1.049299,0.81539,212.878646,650.524939
44.64,1.049299,0.81539,212.878628,650.524914
44.65,1.049299,0.81539,212.87861,650.524889
44.66,1.049299,0.81539,212.878591,650.524864
44.67,1.049299,0.81539,212.878573,650.524839
44.68,1.049299,0.81539,212.878554,650.524814
44.69,1.049299,0.81539,212.878536,650.524789
44.7,1.049299,0.81539,212.878518,650.524764
44.71,1.049299,0.81539,212.878499,650.524739
44.72,1.049299,0.81539,212.878481,650.524714
44.73,1.049299,0.81539,212.878463,650.524689
44.74,1.049299,0.81539,212.878444,650.524664
44.75,1.049299,0.81539,212.878426,650.524639
44.76,1.049299,0.81539,212.878408,650.524614
44.77,1.049299,0.81539,212.878389,650.524589
44.78,1.049299,0.81539,212.878371,650.524565
44.79,1.049299,0.81539,212.878353,650.52454
44.8,1.049299,0.81539,212.878334,650.524515
44.81,1.049299,0.815389,212.878316,650.52449
44.82,1.049299,0.815389,212.878298,650.524465
44.83,1.049299,0.815389,212.878279,650.52444
44.84,1.049299,0.815389,212.878261,650.524415
44.85,1.049299,0.815389,212.878243,650.52439
44.86,1.049299,0.815389,212.878225,650.524365
44.87,1.049299,0.815389,212.878206,650.52434
44.88,1.049299,0.815389,212.878188,650.524316
44.89,1.049299,0.815389,212.87817,650.524291
44.9,1.049299,0.815389,212.878151,650.524266
44.91,1.049299,0.815389,212.878133,650.524241
44.92,1.049299,0.815389,212.878115,650.524216
44.93,1.049299,0.815389,212.878097,650.524191
44.94,1.049299,0.815389,212.878078,650.524167
44.95,1.049299,0.815389,212.87806,650.524142
44.96,1.049299,0.815389,212.878042,650.524117
44.97,1.049299,0.815389,212.878024,650.524092
44.98,1.049299,0.815389,212.878005,650.524067
44.99,1.049299,0.815389,212.877987,650.524042
45,1.049299,0.815389,212.877969,650.524018
45.01,1.049299,0.815389,212.877951,650.523993
45.02,1.049299,0.815389,212.877933,650.523968
45.03,1.049299,0.815389,212.877914,650.523943
45.04,1.049299,0.815389,212.877896,650.523919
45.05,1.049299,0.815389,212.877878,650.523894
45.06,1.049299,0.815389,212.87786,650.523869
45.07,1.049299,0.815389,212.877841,650.523844
45.08,1.049299,0.815389,212.877823,650.52382
45.09,1.049299,0.815389,212.877805,650.523795
45.1,1.049299,0.815388,212.877787,650.52377
45.11,1.049299,0.815388,212.877769,650.523745
45.12,1.049299,0.815388,212.877751,650.523721
45.13,1.049299,0.815388,212.877732,650.523696
45.14,1.049299,0.815388,212.877714,650.523671
45.15,1.049299,0.815388,212.877696,650.523647
45.16,1.049299,0.815388,212.877678,650.523622
45.17,1.049299,0.815388,212.87766,650.523597
45.18,1.049299,0.815388,212.877642,650.523573
45.19,1.049299,0.815388,212.877623,650.523548
45.2,1.049299,0.815388,212.877605,650.523523
45.21,1.049299,0.815388,212.877587,650.523499
45.22,1.049299,0.815388,212.877569,650.523474
45.23,1.049299,0.815388,212.877551,650.523449
45.24,1.049299,0.815388,212.877533,650.523425
45.25,1.049299,0.815388,212.877515,650.5234
45.26,1.049299,0.815388,212.877497,650.523376
45.27,1.049299,0.815388,212.877478,650.523351
45.28,1.049299,0.815388,212.87746,650.523326
45.29,1.049299,0.815388,212.877442,650.523302
45.3,1.049299,0.815388,212.877424,650.523277
45.31,1.049299,0.815388,212.877406,650.523253
45.32,1.049299,0.815388,212.877388,650.523228
45.33,1.049299,0.815388,212.87737,650.523203
45.34,1.049299,0.815388,212.877352,650.523179
45.35,1.049299,0.815388,212.877334,650.523154
45.36,1.049299,0.815388,212.877316,650.52313
45.37,1.049299,0.815388,212.877298,650.523105
45.38,1.049299,0.815388,212.87728,650.523081
45.39,1.049299,0.815387,212.877261,650.523056
45.4,1.049299,0.815387,212.877243,650.523032
45.41,1.049299,0.815387,212.877225,650.523007
45.42,1.049299,0.815387,212.877207,650.522983
45.43,1.049299,0.815387,212.877189,650.522958
45.44,1.049299,0.815387,212.877171,650.522934
45.45,1.049299,0.815387,212.877153,650.522909
45.46,1.049299,0.815387,212.877135,650.522885
45.47,1.049299,0.815387,212.877117,650.52286
45.48,1.049299,0.815387,212.877099,650.522836
45.49,1.049299,0.815387,212.877081,650.522811
45.5,1.049299,0.815387,212.877063,650.522787
45.51,1.049299,0.815387,212.877045,650.522762
45.52,1.049299,0.815387,212.877027,650.522738
45.53,1.049299,0.815387,212.877009,650.522713
45.54,1.049299,0.815387,212.876991,650.522689
45.55,1.049299,0.815387,212.876973,650.522664
45.56,1.049299,0.815387,212.876955,650.52264
45.57,1.049299,0.815387,212.876937,650.522616
45.58,1.049299,0.815387,212.876919,650.522591
45.59,1.049299,0.815387,212.876901,650.522567
45.6,1.049299,0.815387,212.876883,650.522542
45.61,1.049299,0.815387,212.876865,650.522518
45.62,1.049299,0.815387,212.876847,650.522494
45.63,1.049299,0.815387,212.876829,650.522469
45.64,1.049299,0.815387,212.876811,650.522445
45.65,1.049299,0.815387,212.876793,650.52242
45.66,1.049299,0.815387,212.876775,650.522396
45.67,1.049299,0.815387,212.876758,650.522372
45.68,1.049299,0.815386,212.87674,650.522347
45.69,1.049299,0.815386,212.876722,650.522323
45.7,1.049299,0.815386,212.876704,650.522299
45.71,1.049299,0.815386,212.876686,650.522274
45.72,1.049299,0.815386,212.876668,650.52225
45.73,1.049299,0.815386,212.87665,650.522226
45.74,1.049299,0.815386,212.876632,650.522201
45.75,1.049299,0.815386,212.876614,650.522177
45.76,1.049299,0.815386,212.876596,650.522153
45.77,1.049299,0.815386,212.876578,650.522129
45.78,1.049299,0.815386,212.87656,650.522104
45.79,1.049299,0.815386,212.876543,650.52208
45.8,1.049299,0.815386,212.876525,650.522056
45.81,1.049299,0.815386,212.876507,650.522031
45.82,1.049299,0.815386,212.876489,650.522007
45.83,1.049299,0.815386,212.876471,650.521983
45.84,1.049299,0.815386,212.876453,650.521959
45.85,1.049299,0.815386,212.876435,650.521934
45.86,1.049299,0.815386,212.876417,650.52191
45.87,1.049299,0.815386,212.8764,650.521886
45.88,1.049299,0.815386,212.876382,650.521862
45.89,1.049299,0.815386,212.876364,650.521838
45.9,1.049299,0.815386,212.876346,650.521813
45.91,1.049299,0.815386,212.876328,650.521789
45.92,1.049299,0.815386,212.87631,650.521765
45.93,1.049299,0.815386,212.876293,650.521741
45.94,1.049299,0.815386,212.876275,650.521717
45.95,1.049299,0.815386,212.876257,650.521692
45.96,1.049299,0.815386,212.876239,650.521668
45.97,1.049299,0.815386,212.876221,650.521644
45.98,1.049299,0.815385,212.876203,650.52162
45.99,1.049299,0.815385,212.876186,650.521596
46,1.049299,0.815385,212.876168,650.521572
46.01,1.049299,0.815385,212.87615,650.521547
46.02,1.049299,0.815385,212.876132,650.521523
46.03,1.049299,0.815385,212.876114,650.521499
46.04,1.049299,0.815385,212.876097,650.521475
46.05,1.049299,0.815385,212.876079,650.521451
46.06,1.049299,0.815385,212.876061,650.521427
46.07,1.049299,0.815385,212.876043,650.521403
46.08,1.049299,0.815385,212.876025,650.521379
46.09,1.049299,0.815385,212.876008,650.521355
46.1,1.049299,0.815385,212.87599,650.52133
46.11,1.049299,0.815385,212.875972,650.521306
46.12,1.049299,0.815385,212.875954,650.521282
46.13,1.049299,0.815385,212.875937,650.521258
46.14,1.049299,0.815385,212.875919,650.521234
46.15,1.049299,0.815385,212.875901,650.52121
46.16,1.049299,0.815385,212.875883,650.521186
46.17,1.049299,0.815385,212.875866,650.521162
46.18,1.049299,0.815385,212.875848,650.521138
46.19,1.049299,0.815385,212.87583,650.521114
46.2,1.049299,0.815385,212.875813,650.52109
46.21,1.049299,0.815385,212.875795,650.521066
46.22,1.049299,0.815385,212.875777,650.521042
46.23,1.049299,0.815385,212.875759,650.521018
46.24,1.049299,0.815385,212.875742,650.520994
46.25,1.049299,0.815385,212.875724,650.52097
46.26,1.049299,0.815385,212.875706,650.520946
46.27,1.049299,0.815384,212.875689,650.520922
46.28,1.049299,0.815384,212.875671,650.520898
46.29,1.049299,0.815384,212.875653,650.520874
46.3,1.049299,0.815384,212.875635,650.52085
46.31,1.049299,0.815384,212.875618,650.520826
46.32,1.049299,0.815384,212.8756,650.520802
46.33,1.049299,0.815384,212.875582,650.520778
46.34,1.049299,0.815384,212.875565,650.520754
46.35,1.049299,0.815384,212.875547,650.520731
46.36,1.049299,0.815384,212.875529,650.520707
46.37,1.049299,0.815384,212.875512,650.520683
46.38,1.049299,0.815384,212.875494,650.520659
46.39,1.049299,0.815384,212.875476,650.520635
46.4,1.049299,0.815384,212.875459,650.520611
46.41,1.049299,0.815384,212.875441,650.520587
46.42,1.049299,0.815384,212.875424,650.520563
46.43,1.049299,0.815384,212.875406,650.520539
46.44,1.049299,0.815384,212.875388,650.520516
46.45,1.049299,0.815384,212.875371,650.520492
46.46,1.049299,0.815384,212.875353,650.520468
46.47,1.049299,0.815384,212.875335,650.520444
46.48,1.049299,0.815384,212.875318,650.52042
46.49,1.049299,0.815384,212.8753,650.520396
46.5,1.049299,0.815384,212.875283,650.520373
46.51,1.049299,0.815384,212.875265,650.520349
46.52,1.049299,0.815384,212.875247,650.520325
46.53,1.049299,0.815384,212.87523,650.520301
46.54,1.049299,0.815384,212.875212,650.520277
46.55,1.049299,0.815384,212.875195,650.520254
46.56,1.049299,0.815384,212.875177,650.52023
46.57,1.049299,0.815383,212.875159,650.520206
46.58,1.049299,0.815383,212.875142,650.520182
46.59,1.049299,0.815383,212.875124,650.520158
46.6,1.049299,0.815383,212.875107,650.520135
46.61,1.049299,0.815383,212.875089,650.520111
46.62,1.049299,0.815383,212.875072,650.520087
46.63,1.049299,0.815383,212.875054,650.520063
46.64,1.049299,0.815383,212.875037,650.52004
46.65,1.049299,0.815383,212.875019,650.520016
46.66,1.049299,0.815383,212.875001,650.519992
46.67,1.049299,0.815383,212.874984,650.519968
46.68,1.049299,0.815383,212.874966,650.519945
46.69,1.049299,0.815383,212.874949,650.519921
46.7,1.049299,0.815383,212.874931,650.519897
46.71,1.049299,0.815383,212.874914,650.519874
46.72,1.049299,0.815383,212.874896,650.51985
46.73,1.049299,0.815383,212.874879,650.519826
46.74,1.049299,0.815383,212.874861,650.519803
46.75,1.049299,0.815383,212.874844,650.519779
46.76,1.049299,0.815383,212.874826,650.519755
46.77,1.049299,0.815383,212.874809,650.519732
46.78,1.049299,0.815383,212.874791,650.519708
46.79,1.049299,0.815383,212.874774,650.519684
46.8,1.049299,0.815383,212.874756,650.519661
46.81,1.049299,0.815383,212.874739,650.519637
46.82,1.049299,0.815383,212.874721,650.519613
46.83,1.049299,0.815383,212.874704,650.51959
46.84,1.049299,0.815383,212.874686,650.519566
46.85,1.049299,0.815383,212.874669,650.519543
46.86,1.049299,0.815383,212.874651,650.519519
46.87,1.049299,0.815383,212.874634,650.519495
46.88,1.049299,0.815382,212.874616,650.519472
46.89,1.049299,0.815382,212.874599,650.519448
46.9,1.049299,0.815382,212.874582,650.519425
46.91,1.049299,0.815382,212.874564,650.519401
46.92,1.049299,0.815382,212.874547,650.519378
46.93,1.049299,0.815382,212.874529,650.519354
46.94,1.049299,0.815382,212.874512,650.51933
46.95,1.049299,0.815382,212.874494,650.519307
46.96,1.049299,0.815382,212.874477,650.519283
46.97,1.049299,0.815382,212.874459,650.51926
46.98,1.049299,0.815382,212.874442,650.519236
46.99,1.049299,0.815382,212.874425,650.519213
47,1.049299,0.815382,212.874407,650.519189
47.01,1.049299,0.815382,212.87439,650.519166
47.02,1.049299,0.815382,212.874372,650.519142
47.03,1.049299,0.815382,212.874355,650.519119
47.04,1.049299,0.815382,212.874338,650.519095
47.05,1.049299,0.815382,212.87432,650.519072
47.06,1.049299,0.815382,212.874303,650.519048
47.07,1.049299,0.815382,212.874285,650.519025
47.08,1.049299,0.815382,212.874268,650.519001
47.09,1.049299,0.815382,212.874251,650.518978
47.1,1.049299,0.815382,212.874233,650.518954
47.11,1.049299,0.815382,212.874216,650.518931
47.12,1.049299,0.815382,212.874199,650.518908
47.13,1.049299,0.815382,212.874181,650.518884
47.14,1.049299,0.815382,212.874164,650.518861
47.15,1.049299,0.815382,212.874146,650.518837
47.16,1.049299,0.815382,212.874129,650.518814
47.17,1.049299,0.815382,212.874112,650.518791
47.18,1.049299,0.815381,212.874094,650.518767
47.19,1.049299,0.815381,212.874077,650.518744
47.2,1.049299,0.815381,212.87406,650.51872
47.21,1.049299,0.815381,212.874042,650.518697
47.22,1.049299,0.815381,212.874025,650.518674
47.23,1.049299,0.815381,212.874008,650.51865
47.24,1.049299,0.815381,212.87399,650.518627
47.25,1.049299,0.815381,212.873973,650.518603
47.26,1.049299,0.815381,212.873956,650.51858
47.27,1.049299,0.815381,212.873938,650.518557
47.28,1.049299,0.815381,212.873921,650.518533
47.29,1.049299,0.815381,212.873904,650.51851
47.3,1.049299,0.815381,212.873887,650.518487
47.31,1.049299,0.815381,212.873869,650.518463
47.32,1.049299,0.815381,212.873852,650.51844
47.33,1.049299,0.815381,212.873835,650.518417
47.34,1.049299,0.815381,212.873817,650.518394
47.35,1.049299,0.815381,212.8738,650.51837
47.36,1.049299,0.815381,212.873783,650.518347
47.37,1.049299,0.815381,212.873766,650.518324
47.38,1.049299,0.815381,212.873748,650.5183
47.39,1.049299,0.815381,212.873731,650.518277
47.4,1.049299,0.815381,212.873714,650.518254
47.41,1.049299,0.815381,212.873697,650.518231
47.42,1.049299,0.815381,212.873679,650.518207
47.43,1.049299,0.815381,212.873662,650.518184
47.44,1.049299,0.815381,212.873645,650.518161
47.45,1.049299,0.815381,212.873628,650.518138
47.46,1.049299,0.815381,212.87361,650.518114
47.47,1.049299,0.815381,212.873593,650.518091
47.48,1.049299,0.815381,212.873576,650.518068
47.49,1.049299,0.81538,212.873559,650.518045
47.5,1.049299,0.81538,212.873541,650.518022
47.51,1.049299,0.81538,212.873524,650.517998
47.52,1.049299,0.81538,212.873507,650.517975
47.53,1.049299,0.81538,212.87349,650.517952
47.54,1.049299,0.81538,212.873473,650.517929
47.55,1.049299,0.81538,212.873455,650.517906
47.56,1.049299,0.81538,212.873438,650.517882
47.57,1.049299,0.81538,212.873421,650.517859
47.58,1.049299,0.81538,212.873404,650.517836
47.59,1.049299,0.81538,212.873387,650.517813
47.6,1.049299,0.81538,212.873369,650.51779
47.61,1.049299,0.81538,212.873352,650.517767
47.62,1.049299,0.81538,212.873335,650.517744
47.63,1.049299,0.81538,212.873318,650.51772
47.64,1.049299,0.81538,212.873301,650.517697
47.65,1.049299,0.81538,212.873284,650.517674
47.66,1.049299,0.81538,212.873266,650.517651
47.67,1.049299,0.81538,212.873249,650.517628
47.68,1.049299,0.81538,212.873232,650.517605
47.69,1.049299,0.81538,212.873215,650.517582
47.7,1.049299,0.81538,212.873198,650.517559
47.71,1.049299,0.81538,212.873181,650.517536
47.72,1.049299,0.81538,212.873163,650.517513
47.73,1.049299,0.81538,212.873146,650.51749
47.74,1.049299,0.81538,212.873129,650.517466
47.75,1.049299,0.81538,212.873112,650.517443
47.76,1.049299,0.81538,212.873095,650.51742
47.77,1.049299,0.81538,212.873078,650.517397
47.78,1.049299,0.81538,212.873061,650.517374
47.79,1.049299,0.81538,212.873044,650.517351
47.8,1.049299,0.815379,212.873027,650.517328
47.81,1.049299,0.815379,212.873009,650.517305
47.82,1.049299,0.815379,212.872992,650.517282
47.83,1.049299,0.815379,212.872975,650.517259
47.84,1.049299,0.815379,212.872958,650.517236
47.85,1.049299,0.815379,212.872941,650.517213
47.86,1.049299,0.815379,212.872924,650.51719
47.87,1.049299,0.815379,212.872907,650.517167
47.88,1.049299,0.815379,212.87289,650.517144
47.89,1.049299,0.815379,212.872873,650.517121
47.9,1.049299,0.815379,212.872856,650.517098
47.91,1.049299,0.815379,212.872839,650.517075
47.92,1.049299,0.815379,212.872822,650.517053
47.93,1.049299,0.815379,212.872804,650.51703
47.94,1.049299,0.815379,212.872787,650.517007
47.95,1.049299,0.815379,212.87277,650.516984
47.96,1.049299,0.815379,212.872753,650.516961
47.97,1.049299,0.815379,212.872736,650.516938
47.98,1.049299,0.815379,212.872719,650.516915
47.99,1.049299,0.815379,212.872702,650.516892
48,1.049299,0.815379,212.872685,650.516869
48.01,1.049299,0.815379,212.872668,650.516846
48.02,1.049299,0.815379,212.872651,650.516823
48.03,1.049299,0.815379,212.872634,650.516801
48.04,1.049299,0.815379,212.872617,650.516778
48.05,1.049299,0.815379,212.8726,650.516755
48.06,1.049299,0.815379,212.872583,650.516732
48.07,1.049299,0.815379,212.872566,650.516709
48.08,1.049299,0.815379,212.872549,650.516686
48.09,1.049299,0.815379,212.872532,650.516663
48.1,1.049299,0.815379,212.872515,650.516641
48.11,1.049299,0.815378,212.872498,650.516618
48.12,1.049299,0.815378,212.872481,650.516595
48.13,1.049299,0.815378,212.872464,650.516572
48.14,1.049299,0.815378,212.872447,650.516549
48.15,1.049299,0.815378,212.87243,650.516526
48.16,1.049299,0.815378,212.872413,650.516504
48.17,1.049299,0.815378,212.872396,650.516481
48.18,1.049299,0.815378,212.872379,650.516458
48.19,1.049299,0.815378,212.872362,650.516435
48.2,1.049299,0.815378,212.872345,650.516413
48.21,1.049299,0.815378,212.872328,650.51639
48.22,1.049299,0.815378,212.872312,650.516367
48.23,1.049299,0.815378,212.872295,650.516344
48.24,1.049299,0.815378,212.872278,650.516321
48.25,1.049299,0.815378,212.872261,650.516299
48.26,1.049299,0.815378,212.872244,650.516276
48.27,1.049299,0.815378,212.872227,650.516253
48.28,1.049299,0.815378,212.87221,650.516231
48.29,1.049299,0.815378,212.872193,650.516208
48.3,1.049299,0.815378,212.872176,650.516185
48.31,1.049299,0.815378,212.872159,650.516162
48.32,1.049299,0.815378,212.872142,650.51614
48.33,1.049299,0.815378,212.872125,650.516117
48.34,1.049299,0.815378,212.872108,650.516094
48.35,1.049299,0.815378,212.872092,650.516072
48.36,1.049299,0.815378,212.872075,650.516049
48.37,1.049299,0.815378,212.872058,650.516026
48.38,1.049299,0.815378,212.872041,650.516004
48.39,1.049299,0.815378,212.872024,650.515981
48.4,1.049299,0.815378,212.872007,650.515958
48.41,1.049299,0.815378,212.87199,650.515936
48.42,1.049299,0.815377,212.871973,650.515913
48.43,1.049299,0.815377,212.871957,650.51589
48.44,1.049299,0.815377,212.87194,650.515868
48.45,1.049299,0.815377,212.871923,650.515845
48.46,1.049299,0.815377,212.871906,650.515822
48.47,1.049299,0.815377,212.871889,650.5158
48.48,1.049299,0.815377,212.871872,650.515777
48.49,1.049299,0.815377,212.871855,650.515755
48.5,1.049299,0.815377,212.871839,650.515732
48.51,1.049299,0.815377,212.871822,650.515709
48.52,1.049299,0.815377,212.871805,650.515687
48.53,1.049299,0.815377,212.871788,650.515664
48.54,1.049299,0.815377,212.871771,650.515642
48.55,1.049299,0.815377,212.871755,650.515619
48.56,1.049299,0.815377,212.871738,650.515597
48.57,1.049299,0.815377,212.871721,650.515574
48.58,1.049299,0.815377,212.871704,650.515552
48.59,1.049299,0.815377,212.871687,650.515529
48.6,1.049299,0.815377,212.87167,650.515506
48.61,1.049299,0.815377,212.871654,650.515484
48.62,1.049299,0.815377,212.871637,650.515461
48.63,1.049299,0.815377,212.87162,650.515439
48.64,1.049299,0.815377,212.871603,650.515416
48.65,1.049299,0.815377,212.871587,650.515394
48.66,1.049299,0.815377,212.87157,650.515371
48.67,1.049299,0.815377,212.871553,650.515349
48.68,1.049299,0.815377,212.871536,650.515326
48.69,1.049299,0.815377,212.871519,650.515304
48.7,1.049299,0.815377,212.871503,650.515281
48.71,1.049299,0.815377,212.871486,650.515259
48.72,1.049299,0.815377,212.871469,650.515237
48.73,1.049299,0.815377,212.871452,650.515214
48.74,1.049299,0.815376,212.871436,650.515192
48.75,1.049299,0.815376,212.871419,650.515169
48.76,1.049299,0.815376,212.871402,650.515147
48.77,1.049299,0.815376,212.871386,650.515124
48.78,1.049299,0.815376,212.871369,650.515102
48.79,1.049299,0.815376,212.871352,650.515079
48.8,1.049299,0.815376,212.871335,650.515057
48.81,1.049299,0.815376,212.871319,650.515035
48.82,1.049299,0.815376,212.871302,650.515012
48.83,1.049299,0.815376,212.871285,650.51499
48.84,1.049299,0.815376,212.871269,650.514967
48.85,1.049299,0.815376,212.871252,650.514945
48.86,1.049299,0.815376,212.871235,650.514923
48.87,1.049299,0.815376,212.871218,650.5149
48.88,1.049299,0.815376,212.871202,650.514878
48.89,1.049299,0.815376,212.871185,650.514856
48.9,1.049299,0.815376,212.871168,650.514833
48.91,1.049299,0.815376,212.871152,650.514811
48.92,1.049299,0.815376,212.871135,650.514788
48.93,1.049299,0.815376,212.871118,650.514766
48.94,1.049299,0.815376,212.871102,650.514744
48.95,1.049299,0.815376,212.871085,650.514721
48.96,1.049299,0.815376,212.871068,650.514699
48.97,1.049299,0.815376,212.871052,650.514677
48.98,1.049299,0.815376,212.871035,650.514655
48.99,1.049299,0.815376,212.871018,650.514632
49,1.049299,0.815376,212.871002,650.51461
49.01,1.049299,0.815376,212.870985,650.514588
49.02,1.049299,0.815376,212.870969,650.514565
49.03,1.049299,0.815376,212.870952,650.514543
49.04,1.049299,0.815376,212.870935,650.514521
49.05,1.049299,0.815376,212.870919,650.514499
49.06,1.049299,0.815375,212.870902,650.514476
49.07,1.049299,0.815375,212.870885,650.514454
49.08,1.049299,0.815375,212.870869,650.514432
49.09,1.049299,0.815375,212.870852,650.51441
49.1,1.049299,0.815375,212.870836,650.514387
49.11,1.049299,0.815375,212.870819,650.514365
49.12,1.049299,0.815375,212.870802,650.514343
49.13,1.049299,0.815375,212.870786,650.514321
49.14,1.049299,0.815375,212.870769,650.514298
49.15,1.049299,0.815375,212.870753,650.514276
49.16,1.049299,0.815375,212.870736,650.514254
49.17,1.049299,0.815375,212.87072,650.514232
49.18,1.049299,0.815375,212.870703,650.51421
49.19,1.049299,0.815375,212.870686,650.514187
49.2,1.049299,0.815375,212.87067,650.514165
49.21,1.049299,0.815375,212.870653,650.514143
49.22,1.049299,0.815375,212.870637,650.514121
49.23,1.049299,0.815375,212.87062,650.514099
49.24,1.049299,0.815375,212.870604,650.514077
49.25,1.049299,0.815375,212.870587,650.514054
49.26,1.049299,0.815375,212.870571,650.514032
49.27,1.049299,0.815375,212.870554,650.51401
49.28,1.049299,0.815375,212.870537,650.513988
49.29,1.049299,0.815375,212.870521,650.513966
49.3,1.049299,0.815375,212.870504,650.513944
49.31,1.049299,0.815375,212.870488,650.513922
49.32,1.049299,0.815375,212.870471,650.5139
49.33,1.049299,0.815375,212.870455,650.513877
49.34,1.049299,0.815375,212.870438,650.513855
49.35,1.049299,0.815375,212.870422,650.513833
49.36,1.049299,0.815375,212.870405,650.513811
49.37,1.049299,0.815375,212.870389,650.513789
49.38,1.049299,0.815374,212.870372,650.513767
49.39,1.049299,0.815374,212.870356,650.513745
49.4,1.049299,0.815374,212.870339,650.513723
49.41,1.049299,0.815374,212.870323,650.513701
49.42,1.049299,0.815374,212.870307,650.513679
49.43,1.049299,0.815374,212.87029,650.513657
49.44,1.049299,0.815374,212.870274,650.513635
49.45,1.049299,0.815374,212.870257,650.513613
49.46,1.049299,0.815374,212.870241,650.513591
49.47,1.049299,0.815374,212.870224,650.513569
49.48,1.049299,0.815374,212.870208,650.513547
49.49,1.049299,0.815374,212.870191,650.513525
49.5,1.049299,0.815374,212.870175,650.513503
49.51,1.049299,0.815374,212.870158,650.513481
49.52,1.049299,0.815374,212.870142,650.513459
49.53,1.049299,0.815374,212.870126,650.513437
49.54,1.049299,0.815374,212.870109,650.513415
49.55,1.049299,0.815374,212.870093,650.513393
49.56,1.049299,0.815374,212.870076,650.513371
49.57,1.049299,0.815374,212.87006,650.513349
49.58,1.049299,0.815374,212.870044,650.513327
49.59,1.049299,0.815374,212.870027,650.513305
49.6,1.049299,0.815374,212.870011,650.513283
49.61,1.049299,0.815374,212.869994,650.513261
49.62,1.049299,0.815374,212.869978,650.513239
49.63,1.049299,0.815374,212.869962,650.513217
49.64,1.049299,0.815374,212.869945,650.513195
49.65,1.049299,0.815374,212.869929,650.513173
49.66,1.049299,0.815374,212.869912,650.513151
49.67,1.049299,0.815374,212.869896,650.51313
49.68,1.049299,0.815374,212.86988,650.513108
49.69,1.049299,0.815374,212.869863,650.513086
49.7,1.049299,0.815373,212.869847,650.513064
49.71,1.049299,0.815373,212.869831,650.513042
49.72,1.049299,0.815373,212.869814,650.51302
49.73,1.049299,0.815373,212.869798,650.512998
49.74,1.049299,0.815373,212.869782,650.512976
49.75,1.049299,0.815373,212.869765,650.512955
49.76,1.049299,0.815373,212.869749,650.512933
49.77,1.049299,0.815373,212.869733,650.512911
49.78,1.049299,0.815373,212.869716,650.512889
49.79,1.049299,0.815373,212.8697,650.512867
49.8,1.049299,0.815373,212.869684,650.512845
49.81,1.049299,0.815373,212.869667,650.512824
49.82,1.049299,0.815373,212.869651,650.512802
49.83,1.049299,0.815373,212.869635,650.51278
49.84,1.049299,0.815373,212.869618,650.512758
49.85,1.049299,0.815373,212.869602,650.512736
49.86,1.049299,0.815373,212.869586,650.512715
49.87,1.049299,0.815373,212.869569,650.512693
49.88,1.049299,0.815373,212.869553,650.512671
49.89,1.049299,0.815373,212.869537,650.512649
49.9,1.049299,0.815373,212.869521,650.512627
49.91,1.049299,0.815373,212.869504,650.512606
49.92,1.049299,0.815373,212.869488,650.512584
49.93,1.049299,0.815373,212.869472,650.512562
49.94,1.049299,0.815373,212.869456,650.51254
49.95,1.049299,0.815373,212.869439,650.512519
49.96,1.049299,0.815373,212.869423,650.512497
49.97,1.049299,0.815373,212.869407,650.512475
49.98,1.049299,0.815373,212.869391,650.512454
49.99,1.049299,0.815373,212.869374,650.512432
50,1.049299,0.815373,212.869358,650.51241
