b:tnow in s,s:ut in p.u.,s:cur1 in p.u.,s:Q1 in Mvar,s:P1 in MW
0,1.0635,0.764412,101.17501,560
0.01,1.063343,0.765067,101.431383,560.364228
0.02,1.063339,0.765077,101.429869,560.369621
0.03,1.063335,0.765083,101.427964,560.372029
0.04,1.063332,0.765085,101.425668,560.372486
0.05,1.06333,0.765085,101.423059,560.371679
0.06,1.063328,0.765083,101.420229,560.370055
0.07,1.063326,0.765081,101.417266,560.367905
0.08,1.063325,0.765078,101.414243,560.365417
0.09,1.063324,0.765074,101.411217,560.362712
0.1,1.063323,0.76507,101.408227,560.359866
0.11,1.063322,0.765066,101.405303,560.356924
0.12,1.063322,0.765062,101.402461,560.35391
0.13,1.063322,0.765057,101.399711,560.350832
0.14,1.063321,0.765053,101.397055,560.347692
0.15,1.063321,0.765048,101.394489,560.344481
0.16,1.063322,0.765043,101.392009,560.341188
0.17,1.063322,0.765038,101.389604,560.3378
0.18,1.063322,0.765032,101.387266,560.334302
0.19,1.063322,0.765027,101.384983,560.330679
0.2,1.063323,0.765021,101.382742,560.326914
0.21,1.063323,0.765015,101.380532,560.322995
0.22,1.063324,0.765008,101.378342,560.318906
0.23,1.063325,0.765002,101.376161,560.314638
0.24,1.063326,0.764995,101.373979,560.310178
0.25,1.063327,0.764987,101.371785,560.305518
0.26,1.063328,0.764979,101.369572,560.300651
0.27,1.063329,0.764971,101.367333,560.295573
0.28,1.06333,0.764963,101.365059,560.290279
0.29,1.063332,0.764954,101.362747,560.284768
0.3,1.063333,0.764945,101.360392,560.27904
0.31,1.063335,0.764935,101.357989,560.273098
0.32,1.063337,0.764925,101.355538,560.266945
0.33,1.063338,0.764915,101.353036,560.260588
0.34,1.06334,0.764904,101.350483,560.254033
0.35,1.063342,0.764893,101.34788,560.247289
0.36,1.063345,0.764882,101.345227,560.240366
0.37,1.063347,0.76487,101.342527,560.233277
0.38,1.063349,0.764858,101.339783,560.226034
0.39,1.063352,0.764846,101.336998,560.218652
0.4,1.063354,0.764833,101.334176,560.211147
0.41,1.063357,0.764821,101.331324,560.203534
0.42,1.06336,0.764808,101.328445,560.195833
0.43,1.063363,0.764795,101.325547,560.18806
0.44,1.063366,0.764782,101.322635,560.180236
0.45,1.063369,0.764768,101.319717,560.172381
0.46,1.063372,0.764755,101.316799,560.164514
0.47,1.063375,0.764742,101.313891,560.156658
0.48,1.063378,0.764728,101.310999,560.148832
0.49,1.063382,0.764715,101.308132,560.141059
0.5,1.063385,0.764702,101.305298,560.133361
0.51,1.063388,0.764689,101.302505,560.125758
0.52,1.063392,0.764676,101.299763,560.118274
0.53,1.063395,0.764663,101.297079,560.110928
0.54,1.063399,0.76465,101.294463,560.103743
0.55,1.063402,0.764638,101.291923,560.096739
0.56,1.063405,0.764626,101.289467,560.089937
0.57,1.063409,0.764614,101.287104,560.083356
0.58,1.063412,0.764603,101.284842,560.077015
0.59,1.063416,0.764592,101.282688,560.070934
0.6,1.063419,0.764581,101.280651,560.06513
0.61,1.063422,0.764571,101.278737,560.059619
0.62,1.063426,0.764561,101.276955,560.054418
0.63,1.063429,0.764552,101.27531,560.049542
0.64,1.063432,0.764544,101.273809,560.045005
0.65,1.063435,0.764536,101.272458,560.040819
0.66,1.063438,0.764528,101.271263,560.036997
0.67,1.063441,0.764521,101.270228,560.033548
0.68,1.063444,0.764515,101.269358,560.030483
0.69,1.063446,0.764509,101.268657,560.02781
0.7,1.063449,0.764504,101.268129,560.025536
0.71,1.063451,0.7645,101.267777,560.023666
0.72,1.063454,0.764496,101.267603,560.022206
0.73,1.063456,0.764493,101.26761,560.021158
0.74,1.063458,0.764491,101.267799,560.020525
0.75,1.06346,0.76449,101.268171,560.020307
0.76,1.063462,0.764489,101.268727,560.020505
0.77,1.063463,0.764488,101.269466,560.021115
0.78,1.063465,0.764489,101.270387,560.022137
0.79,1.063466,0.76449,101.27149,560.023566
0.8,1.063468,0.764492,101.272773,560.025396
0.81,1.063469,0.764494,101.274234,560.027622
0.82,1.06347,0.764498,101.27587,560.030237
0.83,1.06347,0.764501,101.277677,560.033232
0.84,1.063471,0.764506,101.279652,560.036599
0.85,1.063472,0.764511,101.281792,560.040326
0.86,1.063472,0.764517,101.28409,560.044404
0.87,1.063472,0.764523,101.286544,560.048821
0.88,1.063472,0.76453,101.289146,560.053564
0.89,1.063472,0.764537,101.291891,560.05862
0.9,1.063472,0.764545,101.294773,560.063975
0.91,1.063471,0.764554,101.297786,560.069614
0.92,1.063471,0.764563,101.300923,560.075524
0.93,1.06347,0.764572,101.304176,560.081687
0.94,1.063469,0.764582,101.307538,560.088088
0.95,1.063468,0.764592,101.311002,560.09471
0.96,1.063467,0.764603,101.31456,560.101538
0.97,1.063466,0.764614,101.318203,560.108554
0.98,1.063464,0.764625,101.321925,560.11574
0.99,1.063463,0.764637,101.325715,560.12308
1,1.063461,0.764649,101.329566,560.130556
1.01,1.06346,0.764661,101.333469,560.13815
1.02,1.063458,0.764673,101.337416,560.145844
1.03,1.063456,0.764686,101.341397,560.153622
1.04,1.063454,0.764699,101.345405,560.161465
1.05,1.063452,0.764712,101.349431,560.169357
1.06,1.06345,0.764725,101.353465,560.177279
1.07,1.063448,0.764738,101.3575,560.185214
1.08,1.063446,0.764751,101.361527,560.193147
1.09,1.063443,0.764764,101.365537,560.201059
1.1,1.063441,0.764777,101.369522,560.208935
1.11,1.063439,0.76479,101.373474,560.216759
1.12,1.063436,0.764803,101.377385,560.224515
1.13,1.063434,0.764815,101.381248,560.232187
1.14,1.063431,0.764828,101.385054,560.239761
1.15,1.063429,0.764841,101.388797,560.247222
1.16,1.063426,0.764853,101.392469,560.254556
1.17,1.063424,0.764865,101.396063,560.261749
1.18,1.063421,0.764877,101.399573,560.26879
1.19,1.063419,0.764889,101.402993,560.275664
1.2,1.063417,0.7649,101.406315,560.28236
1.21,1.063414,0.764911,101.409536,560.288866
1.22,1.063412,0.764922,101.412649,560.295172
1.23,1.06341,0.764932,101.415649,560.301267
1.24,1.063407,0.764943,101.418531,560.307142
1.25,1.063405,0.764952,101.421292,560.312787
1.26,1.063403,0.764962,101.423926,560.318194
1.27,1.063401,0.76497,101.426432,560.323354
1.28,1.063399,0.764979,101.428804,560.328262
1.29,1.063397,0.764987,101.43104,560.33291
1.3,1.063395,0.764995,101.433138,560.337292
1.31,1.063393,0.765002,101.435096,560.341402
1.32,1.063392,0.765009,101.436911,560.345237
1.33,1.06339,0.765015,101.438582,560.348793
1.34,1.063388,0.765021,101.440109,560.352065
1.35,1.063387,0.765026,101.44149,560.355052
1.36,1.063386,0.765031,101.442725,560.357751
1.37,1.063385,0.765035,101.443815,560.360161
1.38,1.063383,0.765039,101.444759,560.362282
1.39,1.063382,0.765042,101.445559,560.364114
1.4,1.063382,0.765045,101.446216,560.365657
1.41,1.063381,0.765047,101.44673,560.366913
1.42,1.06338,0.765049,101.447105,560.367883
1.43,1.06338,0.765051,101.447341,560.368572
1.44,1.063379,0.765051,101.447443,560.368981
1.45,1.063379,0.765052,101.447411,560.369115
1.46,1.063378,0.765052,101.447249,560.368979
1.47,1.063378,0.765051,101.446961,560.368577
1.48,1.063378,0.76505,101.446551,560.367916
1.49,1.063378,0.765049,101.446021,560.367002
1.5,1.063379,0.765047,101.445376,560.365841
1.51,1.063379,0.765045,101.44462,560.364442
1.52,1.063379,0.765042,101.443758,560.362812
1.53,1.06338,0.765039,101.442794,560.36096
1.54,1.06338,0.765036,101.441734,560.358894
1.55,1.063381,0.765032,101.440582,560.356624
1.56,1.063382,0.765028,101.439342,560.35416
1.57,1.063383,0.765024,101.438022,560.351512
1.58,1.063384,0.765019,101.436625,560.34869
1.59,1.063385,0.765014,101.435157,560.345706
1.6,1.063386,0.765008,101.433623,560.34257
1.61,1.063387,0.765003,101.43203,560.339293
1.62,1.063388,0.764997,101.430382,560.335888
1.63,1.06339,0.764991,101.428685,560.332366
1.64,1.063391,0.764985,101.426944,560.32874
1.65,1.063393,0.764978,101.425166,560.32502
1.66,1.063394,0.764972,101.423354,560.321219
1.67,1.063396,0.764965,101.421515,560.31735
1.68,1.063397,0.764958,101.419654,560.313424
1.69,1.063399,0.764951,101.417776,560.309453
1.7,1.063401,0.764944,101.415886,560.30545
1.71,1.063403,0.764937,101.413989,560.301426
1.72,1.063404,0.76493,101.412089,560.297393
1.73,1.063406,0.764923,101.410192,560.293362
1.74,1.063408,0.764916,101.408301,560.289344
1.75,1.06341,0.764909,101.40642,560.285351
1.76,1.063412,0.764902,101.404554,560.281393
1.77,1.063414,0.764895,101.402707,560.27748
1.78,1.063416,0.764888,101.400882,560.273622
1.79,1.063418,0.764881,101.399083,560.269828
1.8,1.06342,0.764874,101.397312,560.266108
1.81,1.063422,0.764868,101.395572,560.26247
1.82,1.063424,0.764861,101.393867,560.258921
1.83,1.063426,0.764855,101.392198,560.25547
1.84,1.063428,0.764848,101.390568,560.252124
1.85,1.06343,0.764842,101.388978,560.248887
1.86,1.063432,0.764836,101.387431,560.245768
1.87,1.063434,0.764831,101.385927,560.24277
1.88,1.063436,0.764825,101.384468,560.239898
1.89,1.063438,0.76482,101.383055,560.237156
1.9,1.063439,0.764815,101.381688,560.234548
1.91,1.063441,0.76481,101.380368,560.232077
1.92,1.063443,0.764805,101.379096,560.229743
1.93,1.063445,0.7648,101.37787,560.22755
1.94,1.063447,0.764796,101.376692,560.225498
1.95,1.063449,0.764792,101.37556,560.223587
1.96,1.06345,0.764788,101.374474,560.221818
1.97,1.063452,0.764784,101.373433,560.220188
1.98,1.063454,0.764781,101.372436,560.218698
1.99,1.063456,0.764778,101.371483,560.217345
2,1.063457,0.764775,101.370572,560.216128
2.01,1.063459,0.764772,101.369702,560.215042
2.02,1.063461,0.764769,101.368871,560.214086
2.03,1.063462,0.764767,101.368078,560.213255
2.04,1.063464,0.764765,101.367322,560.212546
2.05,1.063465,0.764763,101.3666,560.211955
2.06,1.063467,0.764761,101.36591,560.211476
2.07,1.063468,0.764759,101.365252,560.211105
2.08,1.063469,0.764758,101.364624,560.210837
2.09,1.063471,0.764756,101.364022,560.210667
2.1,1.063472,0.764755,101.363447,560.210589
2.11,1.063474,0.764754,101.362896,560.210598
2.12,1.063475,0.764753,101.362368,560.210688
2.13,1.063476,0.764752,101.36186,560.210855
2.14,1.063477,0.764752,101.361372,560.211091
2.15,1.063478,0.764751,101.360901,560.211392
2.16,1.06348,0.764751,101.360448,560.211753
2.17,1.063481,0.76475,101.360009,560.212168
2.18,1.063482,0.76475,101.359584,560.212633
2.19,1.063483,0.76475,101.359172,560.213141
2.2,1.063484,0.76475,101.358773,560.213689
2.21,1.063485,0.76475,101.358384,560.214273
2.22,1.063486,0.76475,101.358007,560.214888
2.23,1.063487,0.76475,101.357639,560.21553
2.24,1.063488,0.76475,101.357282,560.216196
2.25,1.063488,0.76475,101.356934,560.216884
2.26,1.063489,0.76475,101.356596,560.217589
2.27,1.06349,0.764751,101.356268,560.218311
2.28,1.063491,0.764751,101.355949,560.219047
2.29,1.063491,0.764751,101.355642,560.219795
2.3,1.063492,0.764752,101.355345,560.220555
2.31,1.063493,0.764752,101.355061,560.221327
2.32,1.063493,0.764753,101.354789,560.222109
2.33,1.063494,0.764754,101.354531,560.222902
2.34,1.063494,0.764754,101.354289,560.223707
2.35,1.063495,0.764755,101.354062,560.224525
2.36,1.063495,0.764756,101.353853,560.225357
2.37,1.063496,0.764756,101.353663,560.226205
2.38,1.063496,0.764757,101.353494,560.227071
2.39,1.063496,0.764758,101.353348,560.227959
2.4,1.063497,0.764759,101.353225,560.228869
2.41,1.063497,0.76476,101.353128,560.229807
2.42,1.063497,0.764761,101.353059,560.230775
2.43,1.063497,0.764763,101.353019,560.231776
2.44,1.063497,0.764764,101.353011,560.232816
2.45,1.063497,0.764765,101.353036,560.233896
2.46,1.063497,0.764767,101.353095,560.235023
2.47,1.063497,0.764769,101.353192,560.2362
2.48,1.063497,0.76477,101.353327,560.237431
2.49,1.063497,0.764772,101.353502,560.238721
2.5,1.063496,0.764774,101.353718,560.240073
2.51,1.063496,0.764776,101.353978,560.241494
2.52,1.063496,0.764779,101.354283,560.242985
2.53,1.063495,0.764781,101.354633,560.244552
2.54,1.063495,0.764784,101.35503,560.246199
2.55,1.063494,0.764787,101.355476,560.247929
2.56,1.063494,0.764789,101.35597,560.249745
2.57,1.063493,0.764793,101.356513,560.251652
2.58,1.063492,0.764796,101.357106,560.253651
2.59,1.063492,0.764799,101.35775,560.255745
2.6,1.063491,0.764803,101.358443,560.257937
2.61,1.06349,0.764807,101.359187,560.260228
2.62,1.063489,0.764811,101.359981,560.26262
2.63,1.063488,0.764815,101.360824,560.265114
2.64,1.063487,0.764819,101.361715,560.26771
2.65,1.063486,0.764824,101.362654,560.270408
2.66,1.063485,0.764829,101.363639,560.273207
2.67,1.063484,0.764834,101.36467,560.276108
2.68,1.063483,0.764839,101.365743,560.279107
2.69,1.063481,0.764844,101.366858,560.282204
2.7,1.06348,0.764849,101.368011,560.285395
2.71,1.063479,0.764855,101.369202,560.288678
2.72,1.063477,0.764861,101.370427,560.292049
2.73,1.063476,0.764867,101.371684,560.295504
2.74,1.063474,0.764873,101.372969,560.299037
2.75,1.063473,0.764879,101.37428,560.302645
2.76,1.063471,0.764885,101.375613,560.30632
2.77,1.06347,0.764892,101.376965,560.310058
2.78,1.063468,0.764898,101.378332,560.313852
2.79,1.063466,0.764905,101.37971,560.317694
2.8,1.063465,0.764911,101.381096,560.321577
2.81,1.063463,0.764918,101.382485,560.325494
2.82,1.063461,0.764925,101.383874,560.329436
2.83,1.06346,0.764931,101.385258,560.333394
2.84,1.063458,0.764938,101.386633,560.337361
2.85,1.063456,0.764945,101.387994,560.341327
2.86,1.063455,0.764952,101.389338,560.345282
2.87,1.063453,0.764959,101.390659,560.349218
2.88,1.063451,0.764965,101.391954,560.353126
2.89,1.06345,0.764972,101.393218,560.356994
2.9,1.063448,0.764978,101.394447,560.360814
2.91,1.063446,0.764985,101.395636,560.364577
2.92,1.063445,0.764991,101.396782,560.368271
2.93,1.063443,0.764997,101.39788,560.371889
2.94,1.063442,0.765003,101.398927,560.37542
2.95,1.06344,0.765009,101.399918,560.378855
2.96,1.063439,0.765015,101.400849,560.382185
2.97,1.063437,0.76502,101.401717,560.385402
2.98,1.063436,0.765026,101.40252,560.388496
2.99,1.063434,0.765031,101.403252,560.391459
3,1.063433,0.765036,101.403912,560.394284
3.01,1.063432,0.76504,101.404497,560.396962
3.02,1.063431,0.765045,101.405003,560.399487
3.03,1.063429,0.765049,101.405429,560.401852
3.04,1.063428,0.765052,101.405772,560.404051
3.05,1.063427,0.765056,101.406031,560.406078
3.06,1.063426,0.765059,101.406204,560.407928
3.07,1.063425,0.765062,101.406289,560.409596
3.08,1.063425,0.765065,101.406285,560.411078
3.09,1.063424,0.765067,101.406193,560.412371
3.1,1.063423,0.765069,101.40601,560.413472
3.11,1.063423,0.76507,101.405737,560.414379
3.12,1.063422,0.765071,101.405374,560.415089
3.13,1.063422,0.765072,101.404921,560.415603
3.14,1.063421,0.765073,101.404379,560.415919
3.15,1.063421,0.765073,101.403748,560.416038
3.16,1.063421,0.765073,101.40303,560.41596
3.17,1.06342,0.765073,101.402226,560.415688
3.18,1.06342,0.765072,101.401338,560.415224
3.19,1.06342,0.765071,101.400368,560.41457
3.2,1.06342,0.765069,101.399318,560.413729
3.21,1.06342,0.765068,101.39819,560.412706
3.22,1.063421,0.765066,101.396987,560.411505
3.23,1.063421,0.765063,101.395712,560.410131
3.24,1.063421,0.765061,101.394368,560.40859
3.25,1.063422,0.765058,101.392958,560.406888
3.26,1.063422,0.765055,101.391486,560.405031
3.27,1.063423,0.765051,101.389955,560.403027
3.28,1.063423,0.765048,101.388369,560.400883
3.29,1.063424,0.765044,101.386733,560.398607
3.3,1.063425,0.76504,101.385049,560.396207
3.31,1.063425,0.765035,101.383323,560.393691
3.32,1.063426,0.765031,101.381559,560.391069
3.33,1.063427,0.765026,101.37976,560.38835
3.34,1.063428,0.765022,101.377932,560.385543
3.35,1.063429,0.765017,101.376078,560.382658
3.36,1.06343,0.765011,101.374204,560.379703
3.37,1.063431,0.765006,101.372314,560.37669
3.38,1.063432,0.765001,101.370412,560.373628
3.39,1.063433,0.764996,101.368502,560.370528
3.4,1.063434,0.76499,101.36659,560.367398
3.41,1.063436,0.764985,101.36468,560.364249
3.42,1.063437,0.764979,101.362775,560.361091
3.43,1.063438,0.764974,101.360881,560.357934
3.44,1.063439,0.764968,101.359001,560.354787
3.45,1.063441,0.764963,101.357139,560.35166
3.46,1.063442,0.764957,101.3553,560.348563
3.47,1.063443,0.764952,101.353487,560.345504
3.48,1.063444,0.764947,101.351704,560.342493
3.49,1.063446,0.764941,101.349955,560.339538
3.5,1.063447,0.764936,101.348242,560.336647
3.51,1.063448,0.764931,101.34657,560.333828
3.52,1.063449,0.764926,101.34494,560.33109
3.53,1.063451,0.764921,101.343356,560.328439
3.54,1.063452,0.764917,101.341821,560.325883
3.55,1.063453,0.764912,101.340337,560.323427
3.56,1.063454,0.764908,101.338906,560.321078
3.57,1.063456,0.764904,101.33753,560.318843
3.58,1.063457,0.7649,101.336212,560.316725
3.59,1.063458,0.764896,101.334952,560.31473
3.6,1.063459,0.764893,101.333752,560.312862
3.61,1.06346,0.764889,101.332613,560.311126
3.62,1.063461,0.764886,101.331536,560.309524
3.63,1.063462,0.764883,101.330523,560.308059
3.64,1.063463,0.764881,101.329573,560.306735
3.65,1.063464,0.764878,101.328687,560.305553
3.66,1.063465,0.764876,101.327865,560.304514
3.67,1.063466,0.764874,101.327107,560.303621
3.68,1.063466,0.764872,101.326413,560.302872
3.69,1.063467,0.764871,101.325782,560.30227
3.7,1.063468,0.76487,101.325214,560.301813
3.71,1.063468,0.764869,101.324707,560.301501
3.72,1.063469,0.764868,101.324262,560.301333
3.73,1.06347,0.764867,101.323876,560.301307
3.74,1.06347,0.764867,101.323549,560.301422
3.75,1.063471,0.764867,101.323278,560.301676
3.76,1.063471,0.764867,101.323064,560.302065
3.77,1.063472,0.764867,101.322903,560.302588
3.78,1.063472,0.764868,101.322795,560.303241
3.79,1.063472,0.764869,101.322736,560.30402
3.8,1.063472,0.76487,101.322726,560.304922
3.81,1.063473,0.764871,101.322762,560.305942
3.82,1.063473,0.764872,101.322842,560.307078
3.83,1.063473,0.764874,101.322964,560.308323
3.84,1.063473,0.764876,101.323126,560.309674
3.85,1.063473,0.764878,101.323325,560.311125
3.86,1.063473,0.76488,101.323559,560.312673
3.87,1.063473,0.764882,101.323825,560.314311
3.88,1.063473,0.764884,101.324122,560.316034
3.89,1.063473,0.764887,101.324448,560.317838
3.9,1.063473,0.76489,101.324798,560.319717
3.91,1.063473,0.764892,101.325173,560.321665
3.92,1.063472,0.764895,101.325568,560.323678
3.93,1.063472,0.764898,101.325982,560.325749
3.94,1.063472,0.764901,101.326413,560.327873
3.95,1.063472,0.764905,101.326858,560.330046
3.96,1.063471,0.764908,101.327315,560.332261
3.97,1.063471,0.764911,101.327783,560.334514
3.98,1.063471,0.764915,101.32826,560.336799
3.99,1.06347,0.764918,101.328742,560.339111
4,1.06347,0.764921,101.32923,560.341445
4.01,1.063469,0.764925,101.32972,560.343797
4.02,1.063469,0.764929,101.330212,560.346161
4.03,1.063469,0.764932,101.330703,560.348534
4.04,1.063468,0.764936,101.331193,560.35091
4.05,1.063468,0.764939,101.33168,560.353286
4.06,1.063467,0.764943,101.332162,560.355658
4.07,1.063467,0.764947,101.332639,560.358021
4.08,1.063466,0.76495,101.33311,560.360373
4.09,1.063465,0.764954,101.333573,560.362709
4.1,1.063465,0.764957,101.334028,560.365026
4.11,1.063464,0.764961,101.334473,560.367322
4.12,1.063464,0.764965,101.334909,560.369593
4.13,1.063463,0.764968,101.335335,560.371837
4.14,1.063462,0.764971,101.33575,560.374051
4.15,1.063462,0.764975,101.336153,560.376234
4.16,1.063461,0.764978,101.336545,560.378382
4.17,1.063461,0.764982,101.336926,560.380496
4.18,1.06346,0.764985,101.337295,560.382572
4.19,1.063459,0.764988,101.337652,560.384609
4.2,1.063459,0.764991,101.337997,560.386607
4.21,1.063458,0.764994,101.33833,560.388564
4.22,1.063457,0.764998,101.338651,560.39048
4.23,1.063457,0.765001,101.338961,560.392353
4.24,1.063456,0.765004,101.33926,560.394184
4.25,1.063455,0.765006,101.339548,560.395972
4.26,1.063455,0.765009,101.339825,560.397717
4.27,1.063454,0.765012,101.340092,560.399418
4.28,1.063453,0.765015,101.340349,560.401077
4.29,1.063453,0.765018,101.340596,560.402694
4.3,1.063452,0.76502,101.340834,560.404268
4.31,1.063451,0.765023,101.341063,560.4058
4.32,1.063451,0.765025,101.341284,560.407292
4.33,1.06345,0.765028,101.341497,560.408742
4.34,1.063449,0.76503,101.341703,560.410154
4.35,1.063449,0.765032,101.341901,560.411526
4.36,1.063448,0.765035,101.342092,560.41286
4.37,1.063447,0.765037,101.342277,560.414157
4.38,1.063447,0.765039,101.342456,560.415419
4.39,1.063446,0.765041,101.342629,560.416645
4.4,1.063445,0.765043,101.342796,560.417836
4.41,1.063445,0.765045,101.342958,560.418995
4.42,1.063444,0.765047,101.343115,560.420122
4.43,1.063443,0.765049,101.343266,560.421217
4.44,1.063443,0.765051,101.343413,560.422282
4.45,1.063442,0.765053,101.343554,560.423318
4.46,1.063441,0.765055,101.34369,560.424326
4.47,1.063441,0.765057,101.343821,560.425305
4.48,1.06344,0.765059,101.343946,560.426258
4.49,1.063439,0.76506,101.344066,560.427185
4.5,1.063439,0.765062,101.34418,560.428086
4.51,1.063438,0.765064,101.344288,560.428962
4.52,1.063438,0.765065,101.344389,560.429814
4.53,1.063437,0.765067,101.344483,560.430642
4.54,1.063436,0.765068,101.34457,560.431446
4.55,1.063436,0.76507,101.344649,560.432226
4.56,1.063435,0.765071,101.34472,560.432983
4.57,1.063435,0.765073,101.344781,560.433717
4.58,1.063434,0.765074,101.344832,560.434427
4.59,1.063434,0.765075,101.344873,560.435113
4.6,1.063433,0.765076,101.344903,560.435776
4.61,1.063433,0.765078,101.34492,560.436415
4.62,1.063432,0.765079,101.344925,560.43703
4.63,1.063432,0.76508,101.344916,560.437619
4.64,1.063431,0.765081,101.344892,560.438183
4.65,1.063431,0.765082,101.344853,560.438721
4.66,1.06343,0.765083,101.344797,560.439232
4.67,1.06343,0.765084,101.344725,560.439716
4.68,1.06343,0.765085,101.344634,560.440171
4.69,1.063429,0.765085,101.344525,560.440597
4.7,1.063429,0.765086,101.344396,560.440992
4.71,1.063429,0.765087,101.344246,560.441357
4.72,1.063428,0.765087,101.344075,560.441689
4.73,1.063428,0.765088,101.343881,560.441988
4.74,1.063428,0.765088,101.343664,560.442253
4.75,1.063428,0.765089,101.343424,560.442483
4.76,1.063428,0.765089,101.34316,560.442676
4.77,1.063427,0.765089,101.34287,560.442832
4.78,1.063427,0.765089,101.342555,560.44295
4.79,1.063427,0.76509,101.342213,560.443029
4.8,1.063427,0.76509,101.341845,560.443068
4.81,1.063427,0.765089,101.34145,560.443066
4.82,1.063427,0.765089,101.341028,560.443022
4.83,1.063427,0.765089,101.340579,560.442936
4.84,1.063427,0.765089,101.340101,560.442806
4.85,1.063427,0.765088,101.339596,560.442633
4.86,1.063428,0.765088,101.339063,560.442416
4.87,1.063428,0.765087,101.338502,560.442154
4.88,1.063428,0.765086,101.337914,560.441848
4.89,1.063428,0.765086,101.337298,560.441496
4.9,1.063429,0.765085,101.336656,560.4411
4.91,1.063429,0.765084,101.335987,560.440659
4.92,1.063429,0.765083,101.335292,560.440174
4.93,1.06343,0.765082,101.334572,560.439644
4.94,1.06343,0.76508,101.333827,560.439071
4.95,1.06343,0.765079,101.333059,560.438455
4.96,1.063431,0.765078,101.332268,560.437797
4.97,1.063431,0.765076,101.331455,560.437098
4.98,1.063432,0.765075,101.330621,560.436359
4.99,1.063432,0.765073,101.329767,560.435582
5,1.063433,0.765071,101.328896,560.434767
5.01,1.063433,0.76507,101.328007,560.433917
5.02,1.063434,0.765068,101.327103,560.433033
5.03,1.063435,0.765066,101.326184,560.432118
5.04,1.063435,0.765064,101.325254,560.431173
5.05,1.063436,0.765062,101.324312,560.430201
5.06,1.063437,0.76506,101.323361,560.429203
5.07,1.063437,0.765058,101.322402,560.428183
5.08,1.063438,0.765056,101.321438,560.427144
5.09,1.063439,0.765054,101.32047,560.426087
5.1,1.063439,0.765052,101.319499,560.425015
5.11,1.06344,0.765049,101.318529,560.423933
5.12,1.063441,0.765047,101.31756,560.422842
5.13,1.063442,0.765045,101.316594,560.421747
5.14,1.063442,0.765043,101.315635,560.420649
5.15,1.063443,0.765041,101.314682,560.419553
5.16,1.063444,0.765038,101.313739,560.418462
5.17,1.063444,0.765036,101.312808,560.41738
5.18,1.063445,0.765034,101.311889,560.416309
5.19,1.063446,0.765032,101.310986,560.415254
5.2,1.063447,0.76503,101.310099,560.414217
5.21,1.063447,0.765028,101.309232,560.413203
5.22,1.063448,0.765026,101.308384,560.412214
5.23,1.063449,0.765024,101.30756,560.411254
5.24,1.063449,0.765022,101.306759,560.410328
5.25,1.06345,0.76502,101.305983,560.409437
5.26,1.063451,0.765018,101.305235,560.408585
5.27,1.063451,0.765017,101.304515,560.407776
5.28,1.063452,0.765015,101.303825,560.407013
5.29,1.063453,0.765013,101.303166,560.406298
5.3,1.063453,0.765012,101.30254,560.405635
5.31,1.063454,0.765011,101.301947,560.405027
5.32,1.063454,0.765009,101.301389,560.404475
5.33,1.063455,0.765008,101.300867,560.403983
5.34,1.063455,0.765007,101.300381,560.403553
5.35,1.063456,0.765006,101.299932,560.403188
5.36,1.063456,0.765006,101.299521,560.402888
5.37,1.063456,0.765005,101.299149,560.402657
5.38,1.063457,0.765004,101.298815,560.402495
5.39,1.063457,0.765004,101.29852,560.402404
5.4,1.063457,0.765004,101.298264,560.402386
5.41,1.063458,0.765004,101.298048,560.402441
5.42,1.063458,0.765003,101.297871,560.402571
5.43,1.063458,0.765004,101.297733,560.402776
5.44,1.063458,0.765004,101.297634,560.403056
5.45,1.063458,0.765004,101.297573,560.403412
5.46,1.063458,0.765005,101.297551,560.403844
5.47,1.063458,0.765005,101.297565,560.40435
5.48,1.063458,0.765006,101.297617,560.404932
5.49,1.063458,0.765007,101.297705,560.405589
5.5,1.063458,0.765008,101.297827,560.406319
5.51,1.063458,0.765009,101.297984,560.407121
5.52,1.063458,0.76501,101.298174,560.407994
5.53,1.063458,0.765012,101.298396,560.408937
5.54,1.063458,0.765013,101.298649,560.409947
5.55,1.063458,0.765015,101.298931,560.411024
5.56,1.063457,0.765017,101.299241,560.412165
5.57,1.063457,0.765019,101.299577,560.413367
5.58,1.063457,0.765021,101.299939,560.414629
5.59,1.063456,0.765023,101.300325,560.415948
5.6,1.063456,0.765025,101.300732,560.41732
5.61,1.063456,0.765027,101.30116,560.418744
5.62,1.063455,0.765029,101.301606,560.420216
5.63,1.063455,0.765032,101.30207,560.421733
5.64,1.063455,0.765034,101.302549,560.423292
5.65,1.063454,0.765037,101.303041,560.424889
5.66,1.063454,0.76504,101.303545,560.426522
5.67,1.063453,0.765042,101.304059,560.428187
5.68,1.063453,0.765045,101.304582,560.42988
5.69,1.063452,0.765048,101.305111,560.431598
5.7,1.063452,0.76505,101.305645,560.433337
5.71,1.063451,0.765053,101.306182,560.435093
5.72,1.06345,0.765056,101.306721,560.436864
5.73,1.06345,0.765059,101.307259,560.438645
5.74,1.063449,0.765062,101.307795,560.440432
5.75,1.063449,0.765065,101.308328,560.442223
5.76,1.063448,0.765068,101.308856,560.444014
5.77,1.063448,0.765071,101.309378,560.4458
5.78,1.063447,0.765074,101.309891,560.447579
5.79,1.063446,0.765077,101.310396,560.449348
5.8,1.063446,0.765079,101.31089,560.451103
5.81,1.063445,0.765082,101.311372,560.452841
5.82,1.063445,0.765085,101.31184,560.454558
5.83,1.063444,0.765088,101.312295,560.456253
5.84,1.063443,0.765091,101.312734,560.457921
5.85,1.063443,0.765093,101.313158,560.459561
5.86,1.063442,0.765096,101.313564,560.461169
5.87,1.063442,0.765099,101.313952,560.462744
5.88,1.063441,0.765101,101.314322,560.464282
5.89,1.06344,0.765104,101.314672,560.465782
5.9,1.06344,0.765106,101.315002,560.467242
5.91,1.063439,0.765108,101.315312,560.468659
5.92,1.063439,0.765111,101.315601,560.470033
5.93,1.063438,0.765113,101.315868,560.471361
5.94,1.063438,0.765115,101.316114,560.472642
5.95,1.063437,0.765117,101.316339,560.473875
5.96,1.063437,0.765119,101.316541,560.475058
5.97,1.063436,0.765121,101.316722,560.476192
5.98,1.063436,0.765123,101.316881,560.477274
5.99,1.063435,0.765124,101.317018,560.478305
6,1.063435,0.765126,101.317133,560.479284
6.01,1.063435,0.765127,101.317226,560.48021
6.02,1.063434,0.765129,101.317299,560.481084
6.03,1.063434,0.76513,101.31735,560.481906
6.04,1.063433,0.765132,101.317381,560.482675
6.05,1.063433,0.765133,101.317391,560.483392
6.06,1.063433,0.765134,101.317382,560.484057
6.07,1.063432,0.765135,101.317354,560.484671
6.08,1.063432,0.765136,101.317307,560.485234
6.09,1.063432,0.765137,101.317242,560.485748
6.1,1.063432,0.765138,101.317159,560.486212
6.11,1.063431,0.765138,101.317059,560.486629
6.12,1.063431,0.765139,101.316944,560.486998
6.13,1.063431,0.765139,101.316812,560.487322
6.14,1.063431,0.76514,101.316666,560.487601
6.15,1.06343,0.76514,101.316505,560.487836
6.16,1.06343,0.765141,101.316331,560.488029
6.17,1.06343,0.765141,101.316144,560.488182
6.18,1.06343,0.765141,101.315945,560.488295
6.19,1.06343,0.765141,101.315735,560.488371
6.2,1.06343,0.765141,101.315513,560.48841
6.21,1.06343,0.765141,101.315282,560.488415
6.22,1.063429,0.765141,101.315041,560.488386
6.23,1.063429,0.765141,101.314792,560.488325
6.24,1.063429,0.765141,101.314534,560.488235
6.25,1.063429,0.765141,101.314269,560.488116
6.26,1.063429,0.765141,101.313997,560.48797
6.27,1.063429,0.765141,101.313719,560.487798
6.28,1.063429,0.76514,101.313434,560.487603
6.29,1.063429,0.76514,101.313145,560.487385
6.3,1.063429,0.76514,101.312851,560.487146
6.31,1.063429,0.765139,101.312552,560.486888
6.32,1.063429,0.765139,101.31225,560.486612
6.33,1.063429,0.765138,101.311944,560.486319
6.34,1.063429,0.765138,101.311635,560.486011
6.35,1.063429,0.765137,101.311323,560.485689
6.36,1.063429,0.765137,101.311008,560.485354
6.37,1.063429,0.765136,101.310692,560.485008
6.38,1.063429,0.765135,101.310373,560.484651
6.39,1.063429,0.765135,101.310053,560.484285
6.4,1.06343,0.765134,101.309731,560.483911
6.41,1.06343,0.765133,101.309408,560.48353
6.42,1.06343,0.765133,101.309084,560.483142
6.43,1.06343,0.765132,101.308758,560.482749
6.44,1.06343,0.765131,101.308432,560.482352
6.45,1.06343,0.765131,101.308104,560.48195
6.46,1.06343,0.76513,101.307776,560.481546
6.47,1.06343,0.765129,101.307447,560.48114
6.48,1.063431,0.765129,101.307117,560.480732
6.49,1.063431,0.765128,101.306786,560.480324
6.5,1.063431,0.765127,101.306455,560.479915
6.51,1.063431,0.765126,101.306122,560.479506
6.52,1.063431,0.765126,101.305789,560.479098
6.53,1.063431,0.765125,101.305455,560.478691
6.54,1.063432,0.765124,101.30512,560.478286
6.55,1.063432,0.765123,101.304784,560.477883
6.56,1.063432,0.765123,101.304448,560.477482
6.57,1.063432,0.765122,101.30411,560.477084
6.58,1.063433,0.765121,101.303771,560.47669
6.59,1.063433,0.76512,101.303432,560.476299
6.6,1.063433,0.765119,101.303092,560.475913
6.61,1.063433,0.765119,101.30275,560.47553
6.62,1.063434,0.765118,101.302408,560.475153
6.63,1.063434,0.765117,101.302066,560.47478
6.64,1.063434,0.765116,101.301722,560.474412
6.65,1.063434,0.765116,101.301378,560.47405
6.66,1.063435,0.765115,101.301033,560.473695
6.67,1.063435,0.765114,101.300688,560.473345
6.68,1.063435,0.765113,101.300343,560.473002
6.69,1.063435,0.765113,101.299998,560.472667
6.7,1.063436,0.765112,101.299653,560.472339
6.71,1.063436,0.765111,101.299309,560.472018
6.72,1.063436,0.765111,101.298965,560.471706
6.73,1.063437,0.76511,101.298622,560.471403
6.74,1.063437,0.765109,101.298281,560.471109
6.75,1.063437,0.765108,101.297941,560.470825
6.76,1.063438,0.765108,101.297603,560.47055
6.77,1.063438,0.765107,101.297268,560.470287
6.78,1.063438,0.765106,101.296935,560.470035
6.79,1.063439,0.765106,101.296605,560.469794
6.8,1.063439,0.765105,101.296279,560.469566
6.81,1.063439,0.765105,101.295957,560.469351
6.82,1.06344,0.765104,101.29564,560.46915
6.83,1.06344,0.765104,101.295328,560.468962
6.84,1.06344,0.765103,101.295021,560.46879
6.85,1.06344,0.765103,101.29472,560.468633
6.86,1.063441,0.765102,101.294426,560.468492
6.87,1.063441,0.765102,101.294139,560.468368
6.88,1.063441,0.765101,101.29386,560.468262
6.89,1.063442,0.765101,101.293588,560.468173
6.9,1.063442,0.7651,101.293326,560.468104
6.91,1.063442,0.7651,101.293073,560.468054
6.92,1.063442,0.7651,101.29283,560.468024
6.93,1.063443,0.7651,101.292597,560.468015
6.94,1.063443,0.765099,101.292375,560.468028
6.95,1.063443,0.765099,101.292164,560.468063
6.96,1.063443,0.765099,101.291966,560.46812
6.97,1.063444,0.765099,101.29178,560.468201
6.98,1.063444,0.765099,101.291606,560.468305
6.99,1.063444,0.765099,101.291446,560.468434
7,1.063444,0.765099,101.2913,560.468588
7.01,1.063444,0.765099,101.291168,560.468767
7.02,1.063445,0.765099,101.291051,560.468972
7.03,1.063445,0.765099,101.290948,560.469203
7.04,1.063445,0.7651,101.290861,560.469461
7.05,1.063445,0.7651,101.290789,560.469746
7.06,1.063445,0.7651,101.290733,560.470057
7.07,1.063445,0.765101,101.290693,560.470396
7.08,1.063445,0.765101,101.290669,560.470762
7.09,1.063445,0.765101,101.290661,560.471155
7.1,1.063445,0.765102,101.290669,560.471576
7.11,1.063445,0.765103,101.290694,560.472025
7.12,1.063445,0.765103,101.290735,560.4725
7.13,1.063445,0.765104,101.290793,560.473003
7.14,1.063445,0.765105,101.290866,560.473533
7.15,1.063445,0.765105,101.290956,560.474089
7.16,1.063445,0.765106,101.291061,560.474671
7.17,1.063445,0.765107,101.291182,560.47528
7.18,1.063445,0.765108,101.291319,560.475913
7.19,1.063445,0.765109,101.291471,560.476572
7.2,1.063445,0.76511,101.291637,560.477254
7.21,1.063445,0.765111,101.291818,560.47796
7.22,1.063444,0.765112,101.292012,560.478688
7.23,1.063444,0.765113,101.29222,560.479439
7.24,1.063444,0.765115,101.292441,560.48021
7.25,1.063444,0.765116,101.292673,560.481001
7.26,1.063444,0.765117,101.292918,560.481811
7.27,1.063443,0.765119,101.293174,560.482639
7.28,1.063443,0.76512,101.293439,560.483484
7.29,1.063443,0.765121,101.293715,560.484344
7.3,1.063443,0.765123,101.293999,560.485219
7.31,1.063442,0.765124,101.294292,560.486107
7.32,1.063442,0.765126,101.294592,560.487006
7.33,1.063442,0.765127,101.294898,560.487916
7.34,1.063441,0.765129,101.29521,560.488835
7.35,1.063441,0.76513,101.295526,560.489762
7.36,1.063441,0.765132,101.295847,560.490695
7.37,1.06344,0.765133,101.296171,560.491632
7.38,1.06344,0.765135,101.296497,560.492573
7.39,1.06344,0.765136,101.296824,560.493516
7.4,1.063439,0.765138,101.297152,560.494458
7.41,1.063439,0.76514,101.297479,560.4954
7.42,1.063439,0.765141,101.297804,560.496338
7.43,1.063438,0.765143,101.298127,560.497273
7.44,1.063438,0.765144,101.298447,560.498201
7.45,1.063438,0.765146,101.298763,560.499122
7.46,1.063437,0.765147,101.299074,560.500034
7.47,1.063437,0.765149,101.29938,560.500936
7.48,1.063436,0.765151,101.299678,560.501826
7.49,1.063436,0.765152,101.29997,560.502703
7.5,1.063436,0.765153,101.300253,560.503565
7.51,1.063435,0.765155,101.300527,560.504411
7.52,1.063435,0.765156,101.300791,560.50524
7.53,1.063435,0.765158,101.301045,560.506051
7.54,1.063434,0.765159,101.301288,560.506841
7.55,1.063434,0.76516,101.30152,560.507611
7.56,1.063434,0.765162,101.301739,560.508359
7.57,1.063433,0.765163,101.301945,560.509083
7.58,1.063433,0.765164,101.302138,560.509783
7.59,1.063433,0.765165,101.302317,560.510459
7.6,1.063432,0.765166,101.302482,560.511108
7.61,1.063432,0.765168,101.302633,560.511731
7.62,1.063432,0.765169,101.302768,560.512326
7.63,1.063431,0.76517,101.302889,560.512893
7.64,1.063431,0.76517,101.302993,560.513431
7.65,1.063431,0.765171,101.303083,560.51394
7.66,1.063431,0.765172,101.303156,560.514419
7.67,1.06343,0.765173,101.303213,560.514868
7.68,1.06343,0.765174,101.303255,560.515287
7.69,1.06343,0.765174,101.30328,560.515675
7.7,1.06343,0.765175,101.30329,560.516032
7.71,1.06343,0.765175,101.303283,560.516358
7.72,1.06343,0.765176,101.303261,560.516653
7.73,1.063429,0.765176,101.303222,560.516918
7.74,1.063429,0.765177,101.303169,560.517151
7.75,1.063429,0.765177,101.3031,560.517355
7.76,1.063429,0.765177,101.303016,560.517528
7.77,1.063429,0.765178,101.302918,560.517671
7.78,1.063429,0.765178,101.302805,560.517785
7.79,1.063429,0.765178,101.302678,560.51787
7.8,1.063429,0.765178,101.302538,560.517927
7.81,1.063429,0.765178,101.302385,560.517956
7.82,1.063429,0.765178,101.302219,560.517958
7.83,1.063429,0.765178,101.302041,560.517934
7.84,1.063429,0.765178,101.301851,560.517884
7.85,1.063429,0.765178,101.30165,560.517809
7.86,1.063429,0.765177,101.301439,560.51771
7.87,1.063429,0.765177,101.301218,560.517589
7.88,1.063429,0.765177,101.300988,560.517445
7.89,1.063429,0.765176,101.300748,560.51728
7.9,1.063429,0.765176,101.300501,560.517096
7.91,1.063429,0.765176,101.300246,560.516892
7.92,1.063429,0.765175,101.299985,560.516671
7.93,1.063429,0.765175,101.299717,560.516432
7.94,1.06343,0.765174,101.299443,560.516178
7.95,1.06343,0.765174,101.299165,560.51591
7.96,1.06343,0.765173,101.298882,560.515628
7.97,1.06343,0.765173,101.298596,560.515333
7.98,1.06343,0.765172,101.298307,560.515028
7.99,1.06343,0.765171,101.298015,560.514712
8,1.063431,0.765171,101.297721,560.514388
8.01,1.063431,0.76517,101.297426,560.514056
8.02,1.063431,0.76517,101.29713,560.513718
8.03,1.063431,0.765169,101.296834,560.513374
8.04,1.063431,0.765168,101.296539,560.513025
8.05,1.063431,0.765168,101.296245,560.512674
8.06,1.063432,0.765167,101.295952,560.51232
8.07,1.063432,0.765166,101.29566,560.511965
8.08,1.063432,0.765166,101.295372,560.51161
8.09,1.063432,0.765165,101.295086,560.511255
8.1,1.063432,0.765164,101.294803,560.510903
8.11,1.063433,0.765163,101.294524,560.510553
8.12,1.063433,0.765163,101.294249,560.510207
8.13,1.063433,0.765162,101.293978,560.509866
8.14,1.063433,0.765161,101.293712,560.509529
8.15,1.063434,0.765161,101.293451,560.509199
8.16,1.063434,0.76516,101.293195,560.508876
8.17,1.063434,0.76516,101.292945,560.50856
8.18,1.063434,0.765159,101.2927,560.508253
8.19,1.063434,0.765158,101.292461,560.507955
8.2,1.063435,0.765158,101.292229,560.507666
8.21,1.063435,0.765157,101.292002,560.507387
8.22,1.063435,0.765157,101.291782,560.507118
8.23,1.063435,0.765156,101.291568,560.506861
8.24,1.063435,0.765156,101.29136,560.506615
8.25,1.063436,0.765155,101.291159,560.506381
8.26,1.063436,0.765155,101.290965,560.506159
8.27,1.063436,0.765154,101.290777,560.505949
8.28,1.063436,0.765154,101.290596,560.505753
8.29,1.063436,0.765153,101.290422,560.505569
8.3,1.063436,0.765153,101.290254,560.505399
8.31,1.063437,0.765153,101.290092,560.505242
8.32,1.063437,0.765152,101.289937,560.505099
8.33,1.063437,0.765152,101.289788,560.504969
8.34,1.063437,0.765152,101.289646,560.504854
8.35,1.063437,0.765151,101.28951,560.504752
8.36,1.063437,0.765151,101.28938,560.504664
8.37,1.063437,0.765151,101.289256,560.50459
8.38,1.063438,0.765151,101.289137,560.50453
8.39,1.063438,0.76515,101.289025,560.504483
8.4,1.063438,0.76515,101.288918,560.504451
8.41,1.063438,0.76515,101.288817,560.504432
8.42,1.063438,0.76515,101.288721,560.504427
8.43,1.063438,0.76515,101.28863,560.504436
8.44,1.063438,0.76515,101.288545,560.504458
8.45,1.063438,0.76515,101.288465,560.504493
8.46,1.063439,0.76515,101.288389,560.504541
8.47,1.063439,0.76515,101.288318,560.504603
8.48,1.063439,0.76515,101.288252,560.504677
8.49,1.063439,0.76515,101.288191,560.504764
8.5,1.063439,0.76515,101.288134,560.504864
8.51,1.063439,0.76515,101.288082,560.504976
8.52,1.063439,0.76515,101.288034,560.5051
8.53,1.063439,0.76515,101.28799,560.505236
8.54,1.063439,0.76515,101.28795,560.505384
8.55,1.063439,0.765151,101.287915,560.505544
8.56,1.063439,0.765151,101.287883,560.505716
8.57,1.063439,0.765151,101.287856,560.505899
8.58,1.063439,0.765151,101.287832,560.506093
8.59,1.06344,0.765151,101.287813,560.506298
8.6,1.06344,0.765152,101.287797,560.506513
8.61,1.06344,0.765152,101.287785,560.50674
8.62,1.06344,0.765152,101.287778,560.506977
8.63,1.06344,0.765152,101.287774,560.507225
8.64,1.06344,0.765153,101.287774,560.507483
8.65,1.06344,0.765153,101.287778,560.50775
8.66,1.06344,0.765154,101.287786,560.508028
8.67,1.06344,0.765154,101.287797,560.508316
8.68,1.06344,0.765154,101.287813,560.508613
8.69,1.06344,0.765155,101.287833,560.50892
8.7,1.06344,0.765155,101.287857,560.509236
8.71,1.06344,0.765156,101.287885,560.509561
8.72,1.06344,0.765156,101.287917,560.509895
8.73,1.06344,0.765157,101.287953,560.510238
8.74,1.06344,0.765157,101.287994,560.51059
8.75,1.06344,0.765158,101.288038,560.51095
8.76,1.063439,0.765158,101.288087,560.511318
8.77,1.063439,0.765159,101.28814,560.511695
8.78,1.063439,0.765159,101.288197,560.51208
8.79,1.063439,0.76516,101.288258,560.512472
8.8,1.063439,0.76516,101.288324,560.512872
8.81,1.063439,0.765161,101.288394,560.513279
8.82,1.063439,0.765162,101.288468,560.513693
8.83,1.063439,0.765162,101.288546,560.514115
8.84,1.063439,0.765163,101.288629,560.514542
8.85,1.063439,0.765164,101.288715,560.514976
8.86,1.063439,0.765164,101.288806,560.515416
8.87,1.063439,0.765165,101.288901,560.515862
8.88,1.063438,0.765166,101.288999,560.516313
8.89,1.063438,0.765166,101.289101,560.51677
8.9,1.063438,0.765167,101.289207,560.517231
8.91,1.063438,0.765168,101.289317,560.517696
8.92,1.063438,0.765169,101.28943,560.518165
8.93,1.063438,0.765169,101.289547,560.518638
8.94,1.063438,0.76517,101.289666,560.519114
8.95,1.063438,0.765171,101.289789,560.519592
8.96,1.063437,0.765172,101.289914,560.520073
8.97,1.063437,0.765172,101.290042,560.520556
8.98,1.063437,0.765173,101.290172,560.521039
8.99,1.063437,0.765174,101.290304,560.521524
9,1.063437,0.765175,101.290439,560.522009
9.01,1.063437,0.765176,101.290574,560.522493
9.02,1.063436,0.765176,101.290711,560.522977
9.03,1.063436,0.765177,101.29085,560.523459
9.04,1.063436,0.765178,101.290989,560.523939
9.05,1.063436,0.765179,101.291128,560.524416
9.06,1.063436,0.76518,101.291267,560.524891
9.07,1.063435,0.76518,101.291407,560.525361
9.08,1.063435,0.765181,101.291546,560.525827
9.09,1.063435,0.765182,101.291684,560.526288
9.1,1.063435,0.765183,101.29182,560.526743
9.11,1.063435,0.765183,101.291956,560.527192
9.12,1.063434,0.765184,101.292089,560.527634
9.13,1.063434,0.765185,101.29222,560.528068
9.14,1.063434,0.765186,101.292348,560.528495
9.15,1.063434,0.765186,101.292474,560.528912
9.16,1.063434,0.765187,101.292596,560.52932
9.17,1.063434,0.765188,101.292714,560.529718
9.18,1.063433,0.765188,101.292829,560.530106
9.19,1.063433,0.765189,101.292939,560.530482
9.2,1.063433,0.76519,101.293044,560.530846
9.21,1.063433,0.76519,101.293144,560.531199
9.22,1.063433,0.765191,101.293239,560.531538
9.23,1.063432,0.765192,101.293329,560.531864
9.24,1.063432,0.765192,101.293412,560.532176
9.25,1.063432,0.765193,101.293489,560.532474
9.26,1.063432,0.765193,101.293559,560.532757
9.27,1.063432,0.765194,101.293623,560.533026
9.28,1.063432,0.765194,101.29368,560.533278
9.29,1.063432,0.765195,101.293729,560.533515
9.3,1.063431,0.765195,101.293771,560.533736
9.31,1.063431,0.765195,101.293806,560.53394
9.32,1.063431,0.765196,101.293832,560.534127
9.33,1.063431,0.765196,101.293851,560.534298
9.34,1.063431,0.765196,101.293861,560.534452
9.35,1.063431,0.765196,101.293863,560.534588
9.36,1.063431,0.765197,101.293857,560.534707
9.37,1.063431,0.765197,101.293843,560.534809
9.38,1.063431,0.765197,101.29382,560.534894
9.39,1.06343,0.765197,101.293789,560.534961
9.4,1.06343,0.765197,101.293749,560.53501
9.41,1.06343,0.765197,101.293701,560.535043
9.42,1.06343,0.765197,101.293645,560.535059
9.43,1.06343,0.765197,101.29358,560.535058
9.44,1.06343,0.765197,101.293508,560.53504
9.45,1.06343,0.765197,101.293427,560.535006
9.46,1.06343,0.765197,101.293339,560.534956
9.47,1.06343,0.765197,101.293242,560.53489
9.48,1.06343,0.765197,101.293139,560.534809
9.49,1.06343,0.765197,101.293028,560.534713
9.5,1.06343,0.765197,101.29291,560.534603
9.51,1.06343,0.765196,101.292785,560.534479
9.52,1.06343,0.765196,101.292654,560.534341
9.53,1.06343,0.765196,101.292516,560.534191
9.54,1.06343,0.765196,101.292373,560.534028
9.55,1.06343,0.765195,101.292224,560.533854
9.56,1.063431,0.765195,101.29207,560.533669
9.57,1.063431,0.765195,101.291911,560.533473
9.58,1.063431,0.765194,101.291747,560.533268
9.59,1.063431,0.765194,101.291579,560.533054
9.6,1.063431,0.765194,101.291408,560.532831
9.61,1.063431,0.765193,101.291233,560.532602
9.62,1.063431,0.765193,101.291056,560.532365
9.63,1.063431,0.765192,101.290875,560.532123
9.64,1.063431,0.765192,101.290693,560.531876
9.65,1.063431,0.765191,101.290509,560.531624
9.66,1.063432,0.765191,101.290324,560.531369
9.67,1.063432,0.76519,101.290138,560.53111
9.68,1.063432,0.76519,101.289952,560.53085
9.69,1.063432,0.765189,101.289766,560.530589
9.7,1.063432,0.765189,101.28958,560.530328
9.71,1.063432,0.765188,101.289395,560.530067
9.72,1.063432,0.765188,101.289211,560.529807
9.73,1.063432,0.765187,101.289029,560.529549
9.74,1.063433,0.765187,101.28885,560.529293
9.75,1.063433,0.765186,101.288673,560.529041
9.76,1.063433,0.765186,101.288498,560.528794
9.77,1.063433,0.765186,101.288327,560.528551
9.78,1.063433,0.765185,101.28816,560.528314
9.79,1.063433,0.765185,101.287996,560.528082
9.8,1.063433,0.765184,101.287837,560.527858
9.81,1.063434,0.765184,101.287682,560.527641
9.82,1.063434,0.765183,101.287532,560.527432
9.83,1.063434,0.765183,101.287388,560.527232
9.84,1.063434,0.765183,101.287249,560.52704
9.85,1.063434,0.765182,101.287115,560.526858
9.86,1.063434,0.765182,101.286988,560.526686
9.87,1.063434,0.765182,101.286866,560.526525
9.88,1.063435,0.765181,101.286751,560.526374
9.89,1.063435,0.765181,101.286642,560.526235
9.9,1.063435,0.765181,101.28654,560.526107
9.91,1.063435,0.76518,101.286445,560.52599
9.92,1.063435,0.76518,101.286356,560.525886
9.93,1.063435,0.76518,101.286275,560.525794
9.94,1.063435,0.76518,101.2862,560.525714
9.95,1.063435,0.76518,101.286133,560.525647
9.96,1.063435,0.765179,101.286072,560.525592
9.97,1.063435,0.765179,101.286019,560.525551
9.98,1.063436,0.765179,101.285973,560.525521
9.99,1.063436,0.765179,101.285933,560.525505
10,1.063436,0.765179,101.285901,560.525501
10.01,1.063436,0.765179,101.285876,560.52551
10.02,1.063436,0.765179,101.285857,560.525532
10.03,1.063436,0.765179,101.285846,560.525566
10.04,1.063436,0.765179,101.285841,560.525612
10.05,1.063436,0.765179,101.285842,560.525671
10.06,1.063436,0.765179,101.28585,560.525741
10.07,1.063436,0.765179,101.285864,560.525823
10.08,1.063436,0.765179,101.285884,560.525917
10.09,1.063436,0.765179,101.28591,560.526022
10.1,1.063436,0.76518,101.285942,560.526137
10.11,1.063436,0.76518,101.285979,560.526264
10.12,1.063436,0.76518,101.286022,560.5264
10.13,1.063436,0.76518,101.28607,560.526546
10.14,1.063436,0.76518,101.286122,560.526702
10.15,1.063436,0.765181,101.28618,560.526867
10.16,1.063436,0.765181,101.286242,560.527041
10.17,1.063436,0.765181,101.286308,560.527223
10.18,1.063436,0.765181,101.286378,560.527414
10.19,1.063436,0.765182,101.286451,560.527611
10.2,1.063436,0.765182,101.286529,560.527816
10.21,1.063436,0.765182,101.286609,560.528028
10.22,1.063436,0.765183,101.286693,560.528246
10.23,1.063436,0.765183,101.286779,560.52847
10.24,1.063436,0.765183,101.286868,560.528699
10.25,1.063436,0.765184,101.28696,560.528934
10.26,1.063436,0.765184,101.287053,560.529173
10.27,1.063436,0.765185,101.287149,560.529416
10.28,1.063436,0.765185,101.287246,560.529664
10.29,1.063435,0.765185,101.287345,560.529914
10.3,1.063435,0.765186,101.287446,560.530168
10.31,1.063435,0.765186,101.287547,560.530424
10.32,1.063435,0.765187,101.287649,560.530683
10.33,1.063435,0.765187,101.287753,560.530944
10.34,1.063435,0.765187,101.287856,560.531206
10.35,1.063435,0.765188,101.287961,560.53147
10.36,1.063435,0.765188,101.288065,560.531734
10.37,1.063435,0.765189,101.28817,560.531999
10.38,1.063435,0.765189,101.288275,560.532264
10.39,1.063435,0.76519,101.28838,560.53253
10.4,1.063435,0.76519,101.288485,560.532795
10.41,1.063434,0.765191,101.288589,560.533059
10.42,1.063434,0.765191,101.288693,560.533323
10.43,1.063434,0.765191,101.288797,560.533586
10.44,1.063434,0.765192,101.2889,560.533847
10.45,1.063434,0.765192,101.289002,560.534107
10.46,1.063434,0.765193,101.289104,560.534366
10.47,1.063434,0.765193,101.289205,560.534622
10.48,1.063434,0.765194,101.289305,560.534877
10.49,1.063434,0.765194,101.289405,560.535129
10.5,1.063434,0.765194,101.289504,560.535379
10.51,1.063434,0.765195,101.289601,560.535627
10.52,1.063433,0.765195,101.289698,560.535872
10.53,1.063433,0.765196,101.289794,560.536114
10.54,1.063433,0.765196,101.289889,560.536354
10.55,1.063433,0.765197,101.289983,560.53659
10.56,1.063433,0.765197,101.290077,560.536824
10.57,1.063433,0.765197,101.290169,560.537054
10.58,1.063433,0.765198,101.29026,560.537281
10.59,1.063433,0.765198,101.290351,560.537505
10.6,1.063433,0.765198,101.29044,560.537725
10.61,1.063433,0.765199,101.290529,560.537942
10.62,1.063432,0.765199,101.290616,560.538156
10.63,1.063432,0.7652,101.290703,560.538366
10.64,1.063432,0.7652,101.290789,560.538572
10.65,1.063432,0.7652,101.290874,560.538775
10.66,1.063432,0.765201,101.290958,560.538974
10.67,1.063432,0.765201,101.291041,560.539169
10.68,1.063432,0.765201,101.291124,560.53936
10.69,1.063432,0.765202,101.291205,560.539547
10.7,1.063432,0.765202,101.291285,560.539731
10.71,1.063432,0.765202,101.291365,560.53991
10.72,1.063431,0.765203,101.291444,560.540085
10.73,1.063431,0.765203,101.291521,560.540256
10.74,1.063431,0.765203,101.291598,560.540422
10.75,1.063431,0.765204,101.291674,560.540584
10.76,1.063431,0.765204,101.291749,560.540742
10.77,1.063431,0.765204,101.291822,560.540895
10.78,1.063431,0.765204,101.291895,560.541044
10.79,1.063431,0.765205,101.291966,560.541188
10.8,1.063431,0.765205,101.292037,560.541327
10.81,1.063431,0.765205,101.292106,560.541461
10.82,1.063431,0.765205,101.292174,560.541591
10.83,1.063431,0.765206,101.29224,560.541715
10.84,1.06343,0.765206,101.292306,560.541834
10.85,1.06343,0.765206,101.292369,560.541948
10.86,1.06343,0.765206,101.292432,560.542057
10.87,1.06343,0.765207,101.292492,560.54216
10.88,1.06343,0.765207,101.292551,560.542257
10.89,1.06343,0.765207,101.292609,560.542349
10.9,1.06343,0.765207,101.292664,560.542435
10.91,1.06343,0.765207,101.292718,560.542515
10.92,1.06343,0.765207,101.292769,560.542589
10.93,1.06343,0.765208,101.292819,560.542657
10.94,1.06343,0.765208,101.292867,560.542719
10.95,1.06343,0.765208,101.292912,560.542774
10.96,1.06343,0.765208,101.292955,560.542824
10.97,1.06343,0.765208,101.292996,560.542866
10.98,1.06343,0.765208,101.293035,560.542903
10.99,1.06343,0.765208,101.293071,560.542932
11,1.06343,0.765208,101.293104,560.542955
11.01,1.06343,0.765208,101.293135,560.542972
11.02,1.06343,0.765208,101.293164,560.542981
11.03,1.063429,0.765208,101.293189,560.542984
11.04,1.063429,0.765208,101.293212,560.54298
11.05,1.063429,0.765208,101.293232,560.542969
11.06,1.063429,0.765208,101.293249,560.542952
11.07,1.063429,0.765208,101.293264,560.542928
11.08,1.063429,0.765208,101.293275,560.542896
11.09,1.063429,0.765208,101.293284,560.542859
11.1,1.063429,0.765208,101.29329,560.542814
11.11,1.063429,0.765208,101.293293,560.542763
11.12,1.063429,0.765208,101.293293,560.542705
11.13,1.063429,0.765208,101.29329,560.542641
11.14,1.063429,0.765208,101.293285,560.542571
11.15,1.063429,0.765208,101.293276,560.542495
11.16,1.063429,0.765208,101.293265,560.542412
11.17,1.063429,0.765208,101.293251,560.542324
11.18,1.063429,0.765207,101.293235,560.54223
11.19,1.063429,0.765207,101.293216,560.54213
11.2,1.06343,0.765207,101.293194,560.542025
11.21,1.06343,0.765207,101.29317,560.541915
11.22,1.06343,0.765207,101.293144,560.541801
11.23,1.06343,0.765207,101.293116,560.541681
11.24,1.06343,0.765206,101.293086,560.541558
11.25,1.06343,0.765206,101.293053,560.54143
11.26,1.06343,0.765206,101.293019,560.541299
11.27,1.06343,0.765206,101.292984,560.541164
11.28,1.06343,0.765205,101.292947,560.541026
11.29,1.06343,0.765205,101.292908,560.540885
11.3,1.06343,0.765205,101.292869,560.540742
11.31,1.06343,0.765205,101.292828,560.540597
11.32,1.06343,0.765204,101.292787,560.54045
11.33,1.06343,0.765204,101.292745,560.540302
11.34,1.06343,0.765204,101.292702,560.540153
11.35,1.06343,0.765204,101.292659,560.540003
11.36,1.06343,0.765203,101.292617,560.539853
11.37,1.06343,0.765203,101.292574,560.539704
11.38,1.063431,0.765203,101.292532,560.539554
11.39,1.063431,0.765203,101.292491,560.539406
11.4,1.063431,0.765202,101.29245,560.53926
11.41,1.063431,0.765202,101.29241,560.539115
11.42,1.063431,0.765202,101.292371,560.538972
11.43,1.063431,0.765202,101.292334,560.538832
11.44,1.063431,0.765201,101.292299,560.538695
11.45,1.063431,0.765201,101.292265,560.538562
11.46,1.063431,0.765201,101.292233,560.538432
11.47,1.063431,0.765201,101.292204,560.538306
11.48,1.063431,0.7652,101.292177,560.538185
11.49,1.063431,0.7652,101.292153,560.538068
11.5,1.063431,0.7652,101.292131,560.537957
11.51,1.063432,0.7652,101.292112,560.537851
11.52,1.063432,0.7652,101.292097,560.537752
11.53,1.063432,0.765199,101.292085,560.537658
11.54,1.063432,0.765199,101.292076,560.537571
11.55,1.063432,0.765199,101.292071,560.53749
11.56,1.063432,0.765199,101.292069,560.537416
11.57,1.063432,0.765199,101.292072,560.53735
11.58,1.063432,0.765199,101.292078,560.537291
11.59,1.063432,0.765199,101.292089,560.53724
11.6,1.063432,0.765199,101.292104,560.537196
11.61,1.063432,0.765198,101.292123,560.537161
11.62,1.063432,0.765198,101.292146,560.537133
11.63,1.063432,0.765198,101.292174,560.537114
11.64,1.063432,0.765198,101.292206,560.537103
11.65,1.063432,0.765198,101.292243,560.5371
11.66,1.063432,0.765198,101.292284,560.537106
11.67,1.063432,0.765198,101.29233,560.53712
11.68,1.063432,0.765198,101.29238,560.537143
11.69,1.063433,0.765198,101.292435,560.537174
11.7,1.063433,0.765198,101.292495,560.537214
11.71,1.063433,0.765198,101.292559,560.537262
11.72,1.063433,0.765199,101.292627,560.537318
11.73,1.063433,0.765199,101.2927,560.537383
11.74,1.063433,0.765199,101.292777,560.537455
11.75,1.063433,0.765199,101.292858,560.537536
11.76,1.063433,0.765199,101.292944,560.537624
11.77,1.063433,0.765199,101.293034,560.537719
11.78,1.063433,0.765199,101.293127,560.537823
11.79,1.063433,0.765199,101.293224,560.537933
11.8,1.063433,0.7652,101.293325,560.53805
11.81,1.063433,0.7652,101.29343,560.538174
11.82,1.063432,0.7652,101.293538,560.538304
11.83,1.063432,0.7652,101.293649,560.53844
11.84,1.063432,0.765201,101.293764,560.538582
11.85,1.063432,0.765201,101.293881,560.53873
11.86,1.063432,0.765201,101.294001,560.538882
11.87,1.063432,0.765201,101.294124,560.53904
11.88,1.063432,0.765202,101.294249,560.539202
11.89,1.063432,0.765202,101.294376,560.539368
11.9,1.063432,0.765202,101.294505,560.539538
11.91,1.063432,0.765202,101.294636,560.539711
11.92,1.063432,0.765203,101.294769,560.539887
11.93,1.063432,0.765203,101.294903,560.540066
11.94,1.063432,0.765203,101.295038,560.540248
11.95,1.063432,0.765204,101.295175,560.540431
11.96,1.063432,0.765204,101.295312,560.540616
11.97,1.063432,0.765204,101.29545,560.540802
11.98,1.063432,0.765205,101.295588,560.540989
11.99,1.063432,0.765205,101.295727,560.541176
12,1.063432,0.765205,101.295865,560.541363
12.01,1.063431,0.765206,101.296004,560.54155
12.02,1.063431,0.765206,101.296142,560.541737
12.03,1.063431,0.765206,101.29628,560.541922
12.04,1.063431,0.765207,101.296417,560.542107
12.05,1.063431,0.765207,101.296553,560.542289
12.06,1.063431,0.765207,101.296688,560.54247
12.07,1.063431,0.765208,101.296822,560.542648
12.08,1.063431,0.765208,101.296955,560.542824
12.09,1.063431,0.765208,101.297086,560.542997
12.1,1.063431,0.765209,101.297216,560.543166
12.11,1.063431,0.765209,101.297344,560.543333
12.12,1.063431,0.765209,101.29747,560.543495
12.13,1.063431,0.765209,101.297595,560.543654
12.14,1.063431,0.76521,101.297717,560.543809
12.15,1.06343,0.76521,101.297837,560.54396
12.16,1.06343,0.76521,101.297955,560.544106
12.17,1.06343,0.765211,101.298071,560.544248
12.18,1.06343,0.765211,101.298184,560.544385
12.19,1.06343,0.765211,101.298295,560.544517
12.2,1.06343,0.765211,101.298404,560.544643
12.21,1.06343,0.765212,101.29851,560.544765
12.22,1.06343,0.765212,101.298613,560.544882
12.23,1.06343,0.765212,101.298714,560.544993
12.24,1.06343,0.765212,101.298812,560.545099
12.25,1.06343,0.765212,101.298908,560.5452
12.26,1.06343,0.765213,101.299001,560.545295
12.27,1.06343,0.765213,101.299092,560.545384
12.28,1.06343,0.765213,101.29918,560.545468
12.29,1.06343,0.765213,101.299265,560.545547
12.3,1.06343,0.765213,101.299348,560.545621
12.31,1.06343,0.765213,101.299429,560.545689
12.32,1.063429,0.765214,101.299507,560.545751
12.33,1.063429,0.765214,101.299582,560.545809
12.34,1.063429,0.765214,101.299655,560.545861
12.35,1.063429,0.765214,101.299726,560.545908
12.36,1.063429,0.765214,101.299795,560.54595
12.37,1.063429,0.765214,101.299861,560.545987
12.38,1.063429,0.765214,101.299926,560.546019
12.39,1.063429,0.765214,101.299988,560.546046
12.4,1.063429,0.765214,101.300048,560.546069
12.41,1.063429,0.765214,101.300107,560.546088
12.42,1.063429,0.765214,101.300163,560.546101
12.43,1.063429,0.765214,101.300218,560.546111
12.44,1.063429,0.765214,101.300271,560.546117
12.45,1.063429,0.765214,101.300323,560.546118
12.46,1.063429,0.765214,101.300373,560.546116
12.47,1.063429,0.765214,101.300421,560.54611
12.48,1.063429,0.765214,101.300468,560.546101
12.49,1.063429,0.765214,101.300514,560.546088
12.5,1.063429,0.765214,101.300558,560.546072
12.51,1.063429,0.765214,101.300602,560.546053
12.52,1.063429,0.765214,101.300644,560.546031
12.53,1.063429,0.765214,101.300685,560.546006
12.54,1.063429,0.765214,101.300725,560.545978
12.55,1.063429,0.765214,101.300765,560.545948
12.56,1.063429,0.765214,101.300803,560.545915
12.57,1.063429,0.765214,101.300841,560.54588
12.58,1.063429,0.765214,101.300878,560.545843
12.59,1.063429,0.765214,101.300914,560.545804
12.6,1.063429,0.765214,101.30095,560.545763
12.61,1.063429,0.765214,101.300985,560.54572
12.62,1.063429,0.765214,101.30102,560.545675
12.63,1.063429,0.765214,101.301054,560.545629
12.64,1.063429,0.765214,101.301087,560.545581
12.65,1.063429,0.765214,101.301121,560.545531
12.66,1.063429,0.765214,101.301153,560.545481
12.67,1.063429,0.765214,101.301186,560.545429
12.68,1.063429,0.765214,101.301218,560.545376
12.69,1.063429,0.765214,101.30125,560.545321
12.7,1.063429,0.765213,101.301281,560.545266
12.71,1.063429,0.765213,101.301312,560.54521
12.72,1.063429,0.765213,101.301343,560.545152
12.73,1.063429,0.765213,101.301374,560.545094
12.74,1.063429,0.765213,101.301404,560.545035
12.75,1.063429,0.765213,101.301434,560.544976
12.76,1.063429,0.765213,101.301464,560.544915
12.77,1.063429,0.765213,101.301493,560.544854
12.78,1.063429,0.765213,101.301522,560.544793
12.79,1.06343,0.765213,101.301551,560.54473
12.8,1.06343,0.765213,101.30158,560.544668
12.81,1.06343,0.765212,101.301608,560.544604
12.82,1.06343,0.765212,101.301636,560.544541
12.83,1.06343,0.765212,101.301664,560.544476
12.84,1.06343,0.765212,101.301692,560.544412
12.85,1.06343,0.765212,101.301719,560.544347
12.86,1.06343,0.765212,101.301746,560.544282
12.87,1.06343,0.765212,101.301773,560.544216
12.88,1.06343,0.765212,101.3018,560.544151
12.89,1.06343,0.765212,101.301826,560.544085
12.9,1.06343,0.765211,101.301852,560.544019
12.91,1.06343,0.765211,101.301877,560.543953
12.92,1.06343,0.765211,101.301903,560.543886
12.93,1.06343,0.765211,101.301928,560.54382
12.94,1.06343,0.765211,101.301953,560.543754
12.95,1.06343,0.765211,101.301978,560.543688
12.96,1.06343,0.765211,101.302002,560.543622
12.97,1.06343,0.765211,101.302027,560.543557
12.98,1.06343,0.765211,101.302051,560.543492
12.99,1.06343,0.76521,101.302075,560.543427
13,1.06343,0.76521,101.302099,560.543363
13.01,1.06343,0.76521,101.302123,560.543299
13.02,1.06343,0.76521,101.302147,560.543236
13.03,1.06343,0.76521,101.302171,560.543173
13.04,1.06343,0.76521,101.302195,560.543112
13.05,1.063431,0.76521,101.302219,560.543051
13.06,1.063431,0.76521,101.302243,560.542991
13.07,1.063431,0.76521,101.302267,560.542933
13.08,1.063431,0.76521,101.302292,560.542875
13.09,1.063431,0.765209,101.302316,560.542819
13.1,1.063431,0.765209,101.302342,560.542765
13.11,1.063431,0.765209,101.302367,560.542711
13.12,1.063431,0.765209,101.302393,560.54266
13.13,1.063431,0.765209,101.302419,560.54261
13.14,1.063431,0.765209,101.302447,560.542563
13.15,1.063431,0.765209,101.302474,560.542517
13.16,1.063431,0.765209,101.302503,560.542473
13.17,1.063431,0.765209,101.302532,560.542432
13.18,1.063431,0.765209,101.302562,560.542393
13.19,1.063431,0.765209,101.302592,560.542356
13.2,1.063431,0.765209,101.302624,560.542322
13.21,1.063431,0.765208,101.302657,560.542291
13.22,1.063431,0.765208,101.302691,560.542262
13.23,1.063431,0.765208,101.302726,560.542236
13.24,1.063431,0.765208,101.302762,560.542214
13.25,1.063431,0.765208,101.302799,560.542194
13.26,1.063431,0.765208,101.302838,560.542178
13.27,1.063431,0.765208,101.302878,560.542165
13.28,1.063431,0.765208,101.30292,560.542155
13.29,1.063431,0.765208,101.302963,560.542149
13.3,1.063432,0.765208,101.303007,560.542146
13.31,1.063432,0.765208,101.303053,560.542147
13.32,1.063432,0.765208,101.303101,560.542152
13.33,1.063432,0.765208,101.30315,560.54216
13.34,1.063432,0.765208,101.303201,560.542172
13.35,1.063432,0.765208,101.303253,560.542188
13.36,1.063432,0.765208,101.303307,560.542207
13.37,1.063432,0.765208,101.303363,560.542231
13.38,1.063432,0.765208,101.303421,560.542258
13.39,1.063432,0.765208,101.30348,560.542289
13.4,1.063432,0.765208,101.303541,560.542323
13.41,1.063432,0.765208,101.303604,560.542362
13.42,1.063432,0.765208,101.303669,560.542404
13.43,1.063432,0.765209,101.303735,560.54245
13.44,1.063432,0.765209,101.303803,560.542499
13.45,1.063432,0.765209,101.303872,560.542552
13.46,1.063432,0.765209,101.303943,560.542609
13.47,1.063432,0.765209,101.304016,560.542669
13.48,1.063432,0.765209,101.30409,560.542732
13.49,1.063432,0.765209,101.304166,560.542799
13.5,1.063432,0.765209,101.304243,560.542868
13.51,1.063432,0.765209,101.304321,560.542941
13.52,1.063432,0.765209,101.304401,560.543016
13.53,1.063432,0.76521,101.304482,560.543094
13.54,1.063432,0.76521,101.304564,560.543175
13.55,1.063432,0.76521,101.304647,560.543258
13.56,1.063432,0.76521,101.304731,560.543343
13.57,1.063432,0.76521,101.304816,560.543431
13.58,1.063432,0.76521,101.304902,560.54352
13.59,1.063432,0.76521,101.304989,560.543611
13.6,1.063432,0.765211,101.305076,560.543703
13.61,1.063432,0.765211,101.305164,560.543797
13.62,1.063431,0.765211,101.305252,560.543892
13.63,1.063431,0.765211,101.30534,560.543987
13.64,1.063431,0.765211,101.305429,560.544084
13.65,1.063431,0.765211,101.305518,560.54418
13.66,1.063431,0.765212,101.305607,560.544277
13.67,1.063431,0.765212,101.305695,560.544375
13.68,1.063431,0.765212,101.305783,560.544471
13.69,1.063431,0.765212,101.305871,560.544568
13.7,1.063431,0.765212,101.305959,560.544664
13.71,1.063431,0.765213,101.306046,560.544759
13.72,1.063431,0.765213,101.306132,560.544853
13.73,1.063431,0.765213,101.306217,560.544946
13.74,1.063431,0.765213,101.306302,560.545037
13.75,1.063431,0.765213,101.306385,560.545127
13.76,1.063431,0.765213,101.306467,560.545215
13.77,1.063431,0.765213,101.306548,560.545301
13.78,1.063431,0.765214,101.306628,560.545384
13.79,1.063431,0.765214,101.306706,560.545465
13.8,1.063431,0.765214,101.306783,560.545544
13.81,1.063431,0.765214,101.306858,560.545619
13.82,1.063431,0.765214,101.306932,560.545692
13.83,1.063431,0.765214,101.307003,560.545761
13.84,1.063431,0.765214,101.307073,560.545828
13.85,1.063431,0.765215,101.307141,560.545891
13.86,1.063431,0.765215,101.307207,560.54595
13.87,1.063431,0.765215,101.307271,560.546006
13.88,1.063431,0.765215,101.307332,560.546058
13.89,1.063431,0.765215,101.307392,560.546106
13.9,1.063431,0.765215,101.307449,560.546151
13.91,1.063431,0.765215,101.307504,560.546191
13.92,1.063431,0.765215,101.307557,560.546227
13.93,1.063431,0.765215,101.307608,560.546259
13.94,1.063431,0.765215,101.307656,560.546287
13.95,1.063431,0.765215,101.307702,560.546311
13.96,1.063431,0.765215,101.307745,560.54633
13.97,1.063431,0.765216,101.307786,560.546346
13.98,1.063431,0.765216,101.307825,560.546357
13.99,1.063431,0.765216,101.307861,560.546364
14,1.063431,0.765216,101.307895,560.546366
14.01,1.063431,0.765216,101.307927,560.546365
14.02,1.063431,0.765216,101.307957,560.546359
14.03,1.063431,0.765216,101.307984,560.546349
14.04,1.063431,0.765216,101.308009,560.546336
14.05,1.063431,0.765216,101.308032,560.546318
14.06,1.063431,0.765216,101.308052,560.546297
14.07,1.063431,0.765215,101.308071,560.546271
14.08,1.063431,0.765215,101.308088,560.546243
14.09,1.063431,0.765215,101.308102,560.54621
14.1,1.063431,0.765215,101.308115,560.546174
14.11,1.063431,0.765215,101.308126,560.546135
14.12,1.063431,0.765215,101.308135,560.546093
14.13,1.063431,0.765215,101.308142,560.546048
14.14,1.063431,0.765215,101.308148,560.545999
14.15,1.063431,0.765215,101.308152,560.545948
14.16,1.063431,0.765215,101.308154,560.545895
14.17,1.063431,0.765215,101.308156,560.545839
14.18,1.063431,0.765215,101.308156,560.54578
14.19,1.063431,0.765215,101.308154,560.54572
14.2,1.063431,0.765215,101.308152,560.545657
14.21,1.063431,0.765214,101.308148,560.545593
14.22,1.063431,0.765214,101.308144,560.545527
14.23,1.063431,0.765214,101.308138,560.54546
14.24,1.063431,0.765214,101.308132,560.545391
14.25,1.063431,0.765214,101.308125,560.545321
14.26,1.063431,0.765214,101.308118,560.545251
14.27,1.063431,0.765214,101.308109,560.545179
14.28,1.063431,0.765214,101.308101,560.545107
14.29,1.063431,0.765213,101.308092,560.545034
14.3,1.063431,0.765213,101.308082,560.544961
14.31,1.063431,0.765213,101.308072,560.544887
14.32,1.063431,0.765213,101.308063,560.544814
14.33,1.063431,0.765213,101.308053,560.54474
14.34,1.063431,0.765213,101.308042,560.544667
14.35,1.063431,0.765213,101.308032,560.544595
14.36,1.063431,0.765213,101.308022,560.544522
14.37,1.063431,0.765212,101.308013,560.544451
14.38,1.063431,0.765212,101.308003,560.54438
14.39,1.063431,0.765212,101.307994,560.54431
14.4,1.063432,0.765212,101.307984,560.544241
14.41,1.063432,0.765212,101.307976,560.544173
14.42,1.063432,0.765212,101.307967,560.544106
14.43,1.063432,0.765212,101.307959,560.54404
14.44,1.063432,0.765212,101.307952,560.543976
14.45,1.063432,0.765211,101.307944,560.543913
14.46,1.063432,0.765211,101.307938,560.543851
14.47,1.063432,0.765211,101.307932,560.543791
14.48,1.063432,0.765211,101.307926,560.543733
14.49,1.063432,0.765211,101.307921,560.543676
14.5,1.063432,0.765211,101.307917,560.543621
14.51,1.063432,0.765211,101.307913,560.543567
14.52,1.063432,0.765211,101.30791,560.543515
14.53,1.063432,0.765211,101.307907,560.543465
14.54,1.063432,0.765211,101.307905,560.543417
14.55,1.063432,0.76521,101.307903,560.543371
14.56,1.063432,0.76521,101.307902,560.543326
14.57,1.063432,0.76521,101.307902,560.543283
14.58,1.063432,0.76521,101.307902,560.543242
14.59,1.063432,0.76521,101.307903,560.543202
14.6,1.063432,0.76521,101.307905,560.543165
14.61,1.063432,0.76521,101.307906,560.543129
14.62,1.063432,0.76521,101.307909,560.543095
14.63,1.063432,0.76521,101.307912,560.543062
14.64,1.063432,0.76521,101.307915,560.543032
14.65,1.063432,0.76521,101.307919,560.543003
14.66,1.063432,0.76521,101.307923,560.542975
14.67,1.063433,0.76521,101.307928,560.542949
14.68,1.063433,0.76521,101.307933,560.542925
14.69,1.063433,0.76521,101.307938,560.542902
14.7,1.063433,0.765209,101.307944,560.542881
14.71,1.063433,0.765209,101.30795,560.542861
14.72,1.063433,0.765209,101.307956,560.542842
14.73,1.063433,0.765209,101.307963,560.542825
14.74,1.063433,0.765209,101.30797,560.542809
14.75,1.063433,0.765209,101.307977,560.542795
14.76,1.063433,0.765209,101.307984,560.542782
14.77,1.063433,0.765209,101.307991,560.54277
14.78,1.063433,0.765209,101.307999,560.542759
14.79,1.063433,0.765209,101.308007,560.542749
14.8,1.063433,0.765209,101.308015,560.54274
14.81,1.063433,0.765209,101.308023,560.542733
14.82,1.063433,0.765209,101.308031,560.542726
14.83,1.063433,0.765209,101.308039,560.542721
14.84,1.063433,0.765209,101.308048,560.542716
14.85,1.063433,0.765209,101.308056,560.542713
14.86,1.063433,0.765209,101.308064,560.54271
14.87,1.063433,0.765209,101.308073,560.542709
14.88,1.063433,0.765209,101.308081,560.542708
14.89,1.063433,0.765209,101.30809,560.542708
14.9,1.063433,0.765209,101.308098,560.542709
14.91,1.063433,0.765209,101.308107,560.54271
14.92,1.063433,0.765209,101.308116,560.542713
14.93,1.063433,0.765209,101.308124,560.542716
14.94,1.063433,0.765209,101.308133,560.542721
14.95,1.063433,0.765209,101.308142,560.542726
14.96,1.063433,0.765209,101.30815,560.542731
14.97,1.063433,0.765209,101.308159,560.542738
14.98,1.063433,0.765209,101.308168,560.542745
14.99,1.063433,0.765209,101.308177,560.542753
15,1.063433,0.765209,101.308186,560.542762
15.01,1.063433,0.765209,101.308195,560.542772
15.02,1.063433,0.765209,101.308204,560.542782
15.03,1.063433,0.765209,101.308213,560.542794
15.04,1.063433,0.765209,101.308222,560.542805
15.05,1.063433,0.765209,101.308231,560.542818
15.06,1.063433,0.765209,101.308241,560.542832
15.07,1.063433,0.765209,101.30825,560.542846
15.08,1.063433,0.765209,101.30826,560.542861
15.09,1.063433,0.765209,101.308269,560.542877
15.1,1.063433,0.765209,101.308279,560.542893
15.11,1.063433,0.765209,101.308289,560.54291
15.12,1.063433,0.765209,101.308299,560.542928
15.13,1.063433,0.765209,101.308309,560.542947
15.14,1.063433,0.765209,101.30832,560.542967
15.15,1.063433,0.765209,101.30833,560.542987
15.16,1.063433,0.765209,101.308341,560.543007
15.17,1.063433,0.765209,101.308351,560.543029
15.18,1.063433,0.765209,101.308362,560.543051
15.19,1.063433,0.765209,101.308373,560.543074
15.2,1.063433,0.765209,101.308384,560.543097
15.21,1.063433,0.765209,101.308395,560.543121
15.22,1.063433,0.765209,101.308407,560.543145
15.23,1.063433,0.76521,101.308418,560.54317
15.24,1.063433,0.76521,101.308429,560.543195
15.25,1.063433,0.76521,101.308441,560.543221
15.26,1.063433,0.76521,101.308452,560.543247
15.27,1.063433,0.76521,101.308464,560.543273
15.28,1.063433,0.76521,101.308475,560.5433
15.29,1.063433,0.76521,101.308487,560.543327
15.3,1.063433,0.76521,101.308498,560.543354
15.31,1.063433,0.76521,101.308509,560.543381
15.32,1.063433,0.76521,101.30852,560.543408
15.33,1.063433,0.76521,101.308531,560.543435
15.34,1.063433,0.76521,101.308542,560.543462
15.35,1.063433,0.76521,101.308552,560.543489
15.36,1.063433,0.76521,101.308563,560.543515
15.37,1.063433,0.76521,101.308573,560.543541
15.38,1.063433,0.76521,101.308582,560.543567
15.39,1.063433,0.76521,101.308591,560.543592
15.4,1.063433,0.76521,101.3086,560.543617
15.41,1.063433,0.76521,101.308609,560.543641
15.42,1.063433,0.76521,101.308616,560.543664
15.43,1.063433,0.76521,101.308624,560.543687
15.44,1.063433,0.76521,101.30863,560.543708
15.45,1.063433,0.76521,101.308636,560.543729
15.46,1.063433,0.76521,101.308642,560.543749
15.47,1.063433,0.76521,101.308647,560.543767
15.48,1.063433,0.765211,101.308651,560.543784
15.49,1.063433,0.765211,101.308654,560.5438
15.5,1.063433,0.765211,101.308656,560.543815
15.51,1.063433,0.765211,101.308658,560.543828
15.52,1.063433,0.765211,101.308658,560.543839
15.53,1.063433,0.765211,101.308658,560.543849
15.54,1.063433,0.765211,101.308656,560.543857
15.55,1.063433,0.765211,101.308654,560.543864
15.56,1.063433,0.765211,101.30865,560.543869
15.57,1.063433,0.765211,101.308646,560.543871
15.58,1.063433,0.765211,101.30864,560.543872
15.59,1.063433,0.765211,101.308633,560.543871
15.6,1.063433,0.765211,101.308625,560.543868
15.61,1.063433,0.765211,101.308616,560.543863
15.62,1.063433,0.765211,101.308605,560.543856
15.63,1.063433,0.765211,101.308594,560.543846
15.64,1.063433,0.765211,101.308581,560.543835
15.65,1.063433,0.765211,101.308567,560.543821
15.66,1.063433,0.765211,101.308551,560.543805
15.67,1.063433,0.765211,101.308534,560.543787
15.68,1.063433,0.76521,101.308516,560.543767
15.69,1.063433,0.76521,101.308497,560.543744
15.7,1.063433,0.76521,101.308477,560.543719
15.71,1.063433,0.76521,101.308455,560.543692
15.72,1.063433,0.76521,101.308432,560.543663
15.73,1.063433,0.76521,101.308407,560.543631
15.74,1.063433,0.76521,101.308381,560.543597
15.75,1.063433,0.76521,101.308355,560.543562
15.76,1.063433,0.76521,101.308327,560.543524
15.77,1.063433,0.76521,101.308297,560.543484
15.78,1.063433,0.76521,101.308267,560.543442
15.79,1.063433,0.76521,101.308235,560.543398
15.8,1.063433,0.76521,101.308203,560.543353
15.81,1.063433,0.76521,101.308169,560.543305
15.82,1.063433,0.76521,101.308134,560.543256
15.83,1.063433,0.765209,101.308098,560.543205
15.84,1.063433,0.765209,101.308062,560.543153
15.85,1.063433,0.765209,101.308024,560.543099
15.86,1.063433,0.765209,101.307986,560.543043
15.87,1.063433,0.765209,101.307946,560.542986
15.88,1.063433,0.765209,101.307906,560.542928
15.89,1.063433,0.765209,101.307866,560.542869
15.9,1.063433,0.765209,101.307824,560.542809
15.91,1.063433,0.765209,101.307782,560.542748
15.92,1.063433,0.765209,101.30774,560.542686
15.93,1.063433,0.765208,101.307697,560.542624
15.94,1.063434,0.765208,101.307653,560.54256
15.95,1.063434,0.765208,101.307609,560.542497
15.96,1.063434,0.765208,101.307565,560.542433
15.97,1.063434,0.765208,101.307521,560.542368
15.98,1.063434,0.765208,101.307476,560.542304
15.99,1.063434,0.765208,101.307431,560.542239
16,1.063434,0.765208,101.307386,560.542174
16.01,1.063434,0.765208,101.307341,560.54211
16.02,1.063434,0.765207,101.307296,560.542046
16.03,1.063434,0.765207,101.307252,560.541982
16.04,1.063434,0.765207,101.307207,560.541919
16.05,1.063434,0.765207,101.307162,560.541856
16.06,1.063434,0.765207,101.307118,560.541794
16.07,1.063434,0.765207,101.307074,560.541733
16.08,1.063434,0.765207,101.30703,560.541672
16.09,1.063434,0.765207,101.306987,560.541613
16.1,1.063434,0.765207,101.306944,560.541555
16.11,1.063434,0.765206,101.306901,560.541497
16.12,1.063434,0.765206,101.306859,560.541441
16.13,1.063434,0.765206,101.306818,560.541387
16.14,1.063434,0.765206,101.306777,560.541333
16.15,1.063434,0.765206,101.306736,560.541281
16.16,1.063434,0.765206,101.306697,560.541231
16.17,1.063434,0.765206,101.306658,560.541182
16.18,1.063434,0.765206,101.306619,560.541134
16.19,1.063434,0.765206,101.306582,560.541089
16.2,1.063434,0.765206,101.306545,560.541045
16.21,1.063434,0.765205,101.306508,560.541002
16.22,1.063434,0.765205,101.306473,560.540962
16.23,1.063434,0.765205,101.306438,560.540923
16.24,1.063434,0.765205,101.306404,560.540886
16.25,1.063434,0.765205,101.306371,560.54085
16.26,1.063434,0.765205,101.306339,560.540817
16.27,1.063434,0.765205,101.306307,560.540785
16.28,1.063434,0.765205,101.306277,560.540755
16.29,1.063434,0.765205,101.306247,560.540727
16.3,1.063434,0.765205,101.306217,560.540701
16.31,1.063434,0.765205,101.306189,560.540676
16.32,1.063434,0.765205,101.306161,560.540654
16.33,1.063435,0.765205,101.306134,560.540633
16.34,1.063435,0.765205,101.306108,560.540613
16.35,1.063435,0.765205,101.306082,560.540596
16.36,1.063435,0.765205,101.306057,560.54058
16.37,1.063435,0.765205,101.306033,560.540565
16.38,1.063435,0.765205,101.306009,560.540552
16.39,1.063435,0.765204,101.305986,560.540541
16.4,1.063435,0.765204,101.305964,560.540531
16.41,1.063435,0.765204,101.305942,560.540522
16.42,1.063435,0.765204,101.305921,560.540515
16.43,1.063435,0.765204,101.3059,560.540509
16.44,1.063435,0.765204,101.305879,560.540504
16.45,1.063435,0.765204,101.305859,560.5405
16.46,1.063435,0.765204,101.30584,560.540497
16.47,1.063435,0.765204,101.30582,560.540496
16.48,1.063435,0.765204,101.305802,560.540495
16.49,1.063435,0.765204,101.305783,560.540495
16.5,1.063435,0.765204,101.305765,560.540496
16.51,1.063435,0.765204,101.305747,560.540498
16.52,1.063435,0.765204,101.305729,560.5405
16.53,1.063435,0.765204,101.305711,560.540503
16.54,1.063435,0.765204,101.305693,560.540507
16.55,1.063435,0.765204,101.305676,560.540511
16.56,1.063435,0.765204,101.305659,560.540515
16.57,1.063435,0.765204,101.305641,560.54052
16.58,1.063435,0.765204,101.305624,560.540525
16.59,1.063435,0.765204,101.305607,560.54053
16.6,1.063435,0.765204,101.305589,560.540535
16.61,1.063435,0.765204,101.305572,560.540541
16.62,1.063435,0.765204,101.305554,560.540546
16.63,1.063435,0.765204,101.305537,560.540552
16.64,1.063435,0.765204,101.305519,560.540557
16.65,1.063435,0.765204,101.305501,560.540562
16.66,1.063435,0.765204,101.305483,560.540567
16.67,1.063435,0.765204,101.305465,560.540572
16.68,1.063435,0.765204,101.305446,560.540576
16.69,1.063435,0.765204,101.305428,560.540581
16.7,1.063435,0.765204,101.305409,560.540584
16.71,1.063435,0.765204,101.305389,560.540588
16.72,1.063435,0.765204,101.30537,560.540591
16.73,1.063435,0.765204,101.30535,560.540593
16.74,1.063435,0.765204,101.30533,560.540596
16.75,1.063435,0.765204,101.30531,560.540597
16.76,1.063435,0.765204,101.305289,560.540598
16.77,1.063435,0.765204,101.305269,560.540599
16.78,1.063435,0.765204,101.305247,560.540599
16.79,1.063435,0.765204,101.305226,560.540598
16.8,1.063435,0.765204,101.305204,560.540597
16.81,1.063435,0.765204,101.305182,560.540595
16.82,1.063435,0.765204,101.30516,560.540593
16.83,1.063435,0.765204,101.305137,560.54059
16.84,1.063435,0.765204,101.305114,560.540587
16.85,1.063435,0.765204,101.305091,560.540582
16.86,1.063435,0.765204,101.305067,560.540578
16.87,1.063435,0.765204,101.305043,560.540572
16.88,1.063435,0.765204,101.305019,560.540566
16.89,1.063435,0.765204,101.304995,560.540559
16.9,1.063435,0.765204,101.30497,560.540552
16.91,1.063435,0.765204,101.304945,560.540544
16.92,1.063435,0.765204,101.30492,560.540536
16.93,1.063435,0.765204,101.304895,560.540527
16.94,1.063435,0.765204,101.304869,560.540517
16.95,1.063435,0.765204,101.304843,560.540507
16.96,1.063435,0.765204,101.304817,560.540497
16.97,1.063435,0.765204,101.304791,560.540485
16.98,1.063435,0.765204,101.304765,560.540473
16.99,1.063435,0.765204,101.304738,560.540461
17,1.063435,0.765204,101.304711,560.540448
17.01,1.063435,0.765204,101.304684,560.540435
17.02,1.063434,0.765204,101.304657,560.540421
17.03,1.063434,0.765204,101.304629,560.540407
17.04,1.063434,0.765204,101.304602,560.540392
17.05,1.063434,0.765204,101.304574,560.540376
17.06,1.063434,0.765204,101.304546,560.54036
17.07,1.063434,0.765204,101.304518,560.540344
17.08,1.063434,0.765204,101.30449,560.540327
17.09,1.063434,0.765204,101.304462,560.54031
17.1,1.063434,0.765204,101.304433,560.540292
17.11,1.063434,0.765204,101.304405,560.540274
17.12,1.063434,0.765204,101.304376,560.540255
17.13,1.063434,0.765204,101.304347,560.540236
17.14,1.063434,0.765204,101.304318,560.540216
17.15,1.063434,0.765204,101.304288,560.540196
17.16,1.063434,0.765204,101.304259,560.540175
17.17,1.063434,0.765204,101.304229,560.540154
17.18,1.063434,0.765204,101.3042,560.540132
17.19,1.063434,0.765204,101.30417,560.54011
17.2,1.063434,0.765204,101.304139,560.540087
17.21,1.063434,0.765204,101.304109,560.540064
17.22,1.063434,0.765203,101.304079,560.54004
17.23,1.063434,0.765203,101.304048,560.540016
17.24,1.063434,0.765203,101.304017,560.539991
17.25,1.063434,0.765203,101.303986,560.539965
17.26,1.063434,0.765203,101.303955,560.539939
17.27,1.063434,0.765203,101.303923,560.539913
17.28,1.063434,0.765203,101.303891,560.539886
17.29,1.063434,0.765203,101.303859,560.539858
17.3,1.063434,0.765203,101.303827,560.539829
17.31,1.063434,0.765203,101.303794,560.5398
17.32,1.063434,0.765203,101.303761,560.539771
17.33,1.063434,0.765203,101.303728,560.53974
17.34,1.063434,0.765203,101.303695,560.539709
17.35,1.063434,0.765203,101.303661,560.539678
17.36,1.063434,0.765203,101.303627,560.539645
17.37,1.063434,0.765203,101.303593,560.539612
17.38,1.063434,0.765203,101.303559,560.539579
17.39,1.063434,0.765203,101.303524,560.539544
17.4,1.063435,0.765203,101.303489,560.539509
17.41,1.063435,0.765203,101.303454,560.539474
17.42,1.063435,0.765202,101.303418,560.539437
17.43,1.063435,0.765202,101.303382,560.5394
17.44,1.063435,0.765202,101.303346,560.539362
17.45,1.063435,0.765202,101.303309,560.539324
17.46,1.063435,0.765202,101.303272,560.539285
17.47,1.063435,0.765202,101.303235,560.539245
17.48,1.063435,0.765202,101.303198,560.539205
17.49,1.063435,0.765202,101.30316,560.539164
17.5,1.063435,0.765202,101.303122,560.539122
17.51,1.063435,0.765202,101.303084,560.53908
17.52,1.063435,0.765202,101.303046,560.539037
17.53,1.063435,0.765202,101.303007,560.538994
17.54,1.063435,0.765202,101.302968,560.53895
17.55,1.063435,0.765202,101.302929,560.538906
17.56,1.063435,0.765202,101.30289,560.538861
17.57,1.063435,0.765201,101.30285,560.538816
17.58,1.063435,0.765201,101.302811,560.538771
17.59,1.063435,0.765201,101.302771,560.538725
17.6,1.063435,0.765201,101.302731,560.538678
17.61,1.063435,0.765201,101.302691,560.538632
17.62,1.063435,0.765201,101.302651,560.538585
17.63,1.063435,0.765201,101.302611,560.538538
17.64,1.063435,0.765201,101.302571,560.538491
17.65,1.063435,0.765201,101.302531,560.538443
17.66,1.063435,0.765201,101.302491,560.538396
17.67,1.063435,0.765201,101.302451,560.538348
17.68,1.063435,0.765201,101.302411,560.538301
17.69,1.063435,0.7652,101.302371,560.538253
17.7,1.063435,0.7652,101.302331,560.538206
17.71,1.063435,0.7652,101.302291,560.538159
17.72,1.063435,0.7652,101.302252,560.538112
17.73,1.063435,0.7652,101.302213,560.538065
17.74,1.063435,0.7652,101.302174,560.538018
17.75,1.063435,0.7652,101.302135,560.537972
17.76,1.063435,0.7652,101.302096,560.537926
17.77,1.063435,0.7652,101.302058,560.537881
17.78,1.063435,0.7652,101.30202,560.537836
17.79,1.063435,0.7652,101.301982,560.537792
17.8,1.063435,0.7652,101.301945,560.537748
17.81,1.063435,0.7652,101.301908,560.537705
17.82,1.063435,0.765199,101.301872,560.537663
17.83,1.063435,0.765199,101.301836,560.537621
17.84,1.063435,0.765199,101.3018,560.53758
17.85,1.063435,0.765199,101.301765,560.53754
17.86,1.063435,0.765199,101.301731,560.5375
17.87,1.063435,0.765199,101.301697,560.537462
17.88,1.063435,0.765199,101.301663,560.537424
17.89,1.063435,0.765199,101.30163,560.537387
17.9,1.063435,0.765199,101.301598,560.537352
17.91,1.063435,0.765199,101.301566,560.537317
17.92,1.063435,0.765199,101.301535,560.537283
17.93,1.063435,0.765199,101.301504,560.53725
17.94,1.063435,0.765199,101.301474,560.537218
17.95,1.063435,0.765199,101.301445,560.537187
17.96,1.063435,0.765199,101.301416,560.537158
17.97,1.063435,0.765199,101.301388,560.537129
17.98,1.063435,0.765199,101.30136,560.537101
17.99,1.063435,0.765198,101.301333,560.537075
18,1.063435,0.765198,101.301307,560.537049
18.01,1.063435,0.765198,101.301281,560.537025
18.02,1.063435,0.765198,101.301256,560.537002
18.03,1.063435,0.765198,101.301232,560.536979
18.04,1.063435,0.765198,101.301208,560.536958
18.05,1.063435,0.765198,101.301185,560.536938
18.06,1.063435,0.765198,101.301162,560.536918
18.07,1.063435,0.765198,101.30114,560.5369
18.08,1.063435,0.765198,101.301119,560.536883
18.09,1.063435,0.765198,101.301098,560.536866
18.1,1.063435,0.765198,101.301077,560.536851
18.11,1.063435,0.765198,101.301057,560.536836
18.12,1.063435,0.765198,101.301038,560.536822
18.13,1.063435,0.765198,101.301019,560.536809
18.14,1.063435,0.765198,101.301001,560.536797
18.15,1.063435,0.765198,101.300983,560.536785
18.16,1.063435,0.765198,101.300965,560.536774
18.17,1.063435,0.765198,101.300948,560.536764
18.18,1.063435,0.765198,101.300931,560.536754
18.19,1.063435,0.765198,101.300915,560.536745
18.2,1.063435,0.765198,101.300899,560.536737
18.21,1.063435,0.765198,101.300883,560.536729
18.22,1.063435,0.765198,101.300867,560.536721
18.23,1.063435,0.765198,101.300852,560.536713
18.24,1.063435,0.765198,101.300837,560.536706
18.25,1.063435,0.765198,101.300822,560.536699
18.26,1.063435,0.765198,101.300808,560.536693
18.27,1.063435,0.765198,101.300793,560.536686
18.28,1.063435,0.765198,101.300779,560.53668
18.29,1.063435,0.765198,101.300764,560.536673
18.3,1.063435,0.765198,101.30075,560.536667
18.31,1.063435,0.765198,101.300736,560.53666
18.32,1.063435,0.765198,101.300722,560.536654
18.33,1.063435,0.765198,101.300708,560.536647
18.34,1.063435,0.765198,101.300694,560.53664
18.35,1.063435,0.765198,101.30068,560.536633
18.36,1.063435,0.765198,101.300666,560.536625
18.37,1.063435,0.765198,101.300652,560.536617
18.38,1.063435,0.765198,101.300637,560.536609
18.39,1.063435,0.765198,101.300623,560.536601
18.4,1.063435,0.765198,101.300608,560.536591
18.41,1.063435,0.765198,101.300593,560.536582
18.42,1.063435,0.765198,101.300579,560.536572
18.43,1.063435,0.765198,101.300563,560.536561
18.44,1.063435,0.765198,101.300548,560.536549
18.45,1.063435,0.765198,101.300533,560.536537
18.46,1.063435,0.765198,101.300517,560.536525
18.47,1.063435,0.765198,101.300501,560.536511
18.48,1.063435,0.765198,101.300485,560.536497
18.49,1.063435,0.765198,101.300468,560.536483
18.5,1.063435,0.765198,101.300452,560.536467
18.51,1.063435,0.765198,101.300435,560.536451
18.52,1.063435,0.765198,101.300418,560.536434
18.53,1.063435,0.765198,101.3004,560.536416
18.54,1.063435,0.765198,101.300383,560.536397
18.55,1.063435,0.765198,101.300365,560.536378
18.56,1.063435,0.765197,101.300346,560.536358
18.57,1.063435,0.765197,101.300328,560.536337
18.58,1.063435,0.765197,101.300309,560.536315
18.59,1.063435,0.765197,101.30029,560.536292
18.6,1.063435,0.765197,101.300271,560.536269
18.61,1.063435,0.765197,101.300251,560.536244
18.62,1.063435,0.765197,101.300231,560.536219
18.63,1.063435,0.765197,101.300211,560.536194
18.64,1.063435,0.765197,101.300191,560.536167
18.65,1.063435,0.765197,101.300171,560.53614
18.66,1.063435,0.765197,101.30015,560.536112
18.67,1.063435,0.765197,101.300129,560.536083
18.68,1.063435,0.765197,101.300108,560.536054
18.69,1.063435,0.765197,101.300087,560.536024
18.7,1.063435,0.765197,101.300065,560.535993
18.71,1.063435,0.765197,101.300044,560.535962
18.72,1.063435,0.765197,101.300022,560.53593
18.73,1.063435,0.765197,101.3,560.535897
18.74,1.063435,0.765197,101.299978,560.535864
18.75,1.063435,0.765197,101.299956,560.53583
18.76,1.063435,0.765197,101.299934,560.535796
18.77,1.063435,0.765197,101.299912,560.535762
18.78,1.063435,0.765197,101.29989,560.535727
18.79,1.063435,0.765197,101.299867,560.535691
18.8,1.063435,0.765196,101.299845,560.535655
18.81,1.063435,0.765196,101.299823,560.535619
18.82,1.063435,0.765196,101.2998,560.535582
18.83,1.063435,0.765196,101.299778,560.535545
18.84,1.063435,0.765196,101.299755,560.535508
18.85,1.063435,0.765196,101.299733,560.53547
18.86,1.063435,0.765196,101.299711,560.535432
18.87,1.063435,0.765196,101.299688,560.535394
18.88,1.063435,0.765196,101.299666,560.535356
18.89,1.063435,0.765196,101.299644,560.535318
18.9,1.063435,0.765196,101.299622,560.535279
18.91,1.063435,0.765196,101.2996,560.53524
18.92,1.063435,0.765196,101.299578,560.535201
18.93,1.063435,0.765196,101.299556,560.535162
18.94,1.063435,0.765196,101.299534,560.535123
18.95,1.063435,0.765196,101.299512,560.535084
18.96,1.063435,0.765196,101.299491,560.535045
18.97,1.063435,0.765196,101.299469,560.535006
18.98,1.063435,0.765195,101.299448,560.534966
18.99,1.063435,0.765195,101.299427,560.534927
19,1.063435,0.765195,101.299406,560.534888
19.01,1.063435,0.765195,101.299385,560.534849
19.02,1.063435,0.765195,101.299364,560.534809
19.03,1.063435,0.765195,101.299344,560.53477
19.04,1.063435,0.765195,101.299323,560.534731
19.05,1.063435,0.765195,101.299303,560.534692
19.06,1.063435,0.765195,101.299282,560.534653
19.07,1.063435,0.765195,101.299262,560.534614
19.08,1.063435,0.765195,101.299242,560.534575
19.09,1.063435,0.765195,101.299223,560.534536
19.1,1.063435,0.765195,101.299203,560.534497
19.11,1.063435,0.765195,101.299183,560.534459
19.12,1.063435,0.765195,101.299164,560.53442
19.13,1.063435,0.765195,101.299145,560.534382
19.14,1.063435,0.765195,101.299126,560.534343
19.15,1.063435,0.765194,101.299107,560.534305
19.16,1.063435,0.765194,101.299088,560.534267
19.17,1.063435,0.765194,101.299069,560.534228
19.18,1.063435,0.765194,101.299051,560.53419
19.19,1.063435,0.765194,101.299032,560.534152
19.2,1.063435,0.765194,101.299014,560.534114
19.21,1.063435,0.765194,101.298996,560.534077
19.22,1.063435,0.765194,101.298978,560.534039
19.23,1.063435,0.765194,101.29896,560.534001
19.24,1.063435,0.765194,101.298942,560.533964
19.25,1.063435,0.765194,101.298925,560.533926
19.26,1.063435,0.765194,101.298907,560.533889
19.27,1.063435,0.765194,101.29889,560.533852
19.28,1.063435,0.765194,101.298872,560.533815
19.29,1.063435,0.765194,101.298855,560.533778
19.3,1.063435,0.765194,101.298838,560.533741
19.31,1.063435,0.765194,101.298821,560.533704
19.32,1.063435,0.765193,101.298804,560.533667
19.33,1.063435,0.765193,101.298788,560.53363
19.34,1.063435,0.765193,101.298771,560.533594
19.35,1.063435,0.765193,101.298755,560.533557
19.36,1.063435,0.765193,101.298739,560.533521
19.37,1.063435,0.765193,101.298722,560.533485
19.38,1.063435,0.765193,101.298706,560.533449
19.39,1.063435,0.765193,101.298691,560.533413
19.4,1.063435,0.765193,101.298675,560.533377
19.41,1.063435,0.765193,101.298659,560.533342
19.42,1.063435,0.765193,101.298644,560.533306
19.43,1.063435,0.765193,101.298629,560.533271
19.44,1.063435,0.765193,101.298614,560.533236
19.45,1.063435,0.765193,101.298599,560.533201
19.46,1.063435,0.765193,101.298584,560.533166
19.47,1.063435,0.765193,101.29857,560.533131
19.48,1.063435,0.765193,101.298555,560.533097
19.49,1.063435,0.765193,101.298541,560.533063
19.5,1.063435,0.765193,101.298527,560.533029
19.51,1.063435,0.765192,101.298514,560.532996
19.52,1.063435,0.765192,101.2985,560.532962
19.53,1.063435,0.765192,101.298487,560.532929
19.54,1.063435,0.765192,101.298474,560.532896
19.55,1.063435,0.765192,101.298461,560.532864
19.56,1.063435,0.765192,101.298448,560.532832
19.57,1.063435,0.765192,101.298436,560.5328
19.58,1.063435,0.765192,101.298424,560.532768
19.59,1.063435,0.765192,101.298412,560.532737
19.6,1.063435,0.765192,101.298401,560.532706
19.61,1.063435,0.765192,101.298389,560.532675
19.62,1.063435,0.765192,101.298378,560.532645
19.63,1.063435,0.765192,101.298368,560.532615
19.64,1.063435,0.765192,101.298357,560.532585
19.65,1.063435,0.765192,101.298347,560.532556
19.66,1.063435,0.765192,101.298337,560.532527
19.67,1.063435,0.765192,101.298327,560.532499
19.68,1.063435,0.765192,101.298318,560.532471
19.69,1.063435,0.765192,101.298309,560.532443
19.7,1.063435,0.765192,101.2983,560.532416
19.71,1.063435,0.765192,101.298292,560.532389
19.72,1.063435,0.765192,101.298284,560.532363
19.73,1.063435,0.765191,101.298276,560.532336
19.74,1.063435,0.765191,101.298268,560.532311
19.75,1.063435,0.765191,101.298261,560.532285
19.76,1.063435,0.765191,101.298254,560.53226
19.77,1.063435,0.765191,101.298247,560.532236
19.78,1.063435,0.765191,101.298241,560.532211
19.79,1.063435,0.765191,101.298235,560.532187
19.8,1.063435,0.765191,101.298229,560.532164
19.81,1.063435,0.765191,101.298223,560.532141
19.82,1.063435,0.765191,101.298218,560.532118
19.83,1.063435,0.765191,101.298213,560.532095
19.84,1.063435,0.765191,101.298208,560.532073
19.85,1.063435,0.765191,101.298203,560.532051
19.86,1.063435,0.765191,101.298199,560.532029
19.87,1.063435,0.765191,101.298195,560.532007
19.88,1.063435,0.765191,101.298191,560.531986
19.89,1.063435,0.765191,101.298187,560.531965
19.9,1.063435,0.765191,101.298183,560.531944
19.91,1.063435,0.765191,101.29818,560.531923
19.92,1.063435,0.765191,101.298177,560.531903
19.93,1.063435,0.765191,101.298173,560.531882
19.94,1.063435,0.765191,101.29817,560.531862
19.95,1.063435,0.765191,101.298168,560.531841
19.96,1.063435,0.765191,101.298165,560.531821
19.97,1.063435,0.765191,101.298162,560.531801
19.98,1.063435,0.765191,101.298159,560.531781
19.99,1.063435,0.765191,101.298157,560.53176
20,1.063435,0.765191,101.298154,560.53174
20.01,1.063435,0.765191,101.298152,560.53172
20.02,1.063435,0.765191,101.29815,560.531699
20.03,1.063435,0.765191,101.298147,560.531679
20.04,1.063435,0.765191,101.298145,560.531658
20.05,1.063435,0.765191,101.298142,560.531637
20.06,1.063435,0.765191,101.29814,560.531616
20.07,1.063435,0.765191,101.298137,560.531594
20.08,1.063435,0.765191,101.298135,560.531573
20.09,1.063435,0.76519,101.298132,560.531551
20.1,1.063435,0.76519,101.29813,560.531529
20.11,1.063435,0.76519,101.298127,560.531506
20.12,1.063435,0.76519,101.298124,560.531484
20.13,1.063435,0.76519,101.298121,560.531461
20.14,1.063435,0.76519,101.298118,560.531437
20.15,1.063435,0.76519,101.298115,560.531413
20.16,1.063435,0.76519,101.298111,560.531389
20.17,1.063435,0.76519,101.298108,560.531364
20.18,1.063435,0.76519,101.298104,560.531339
20.19,1.063435,0.76519,101.2981,560.531313
20.2,1.063435,0.76519,101.298096,560.531287
20.21,1.063435,0.76519,101.298092,560.531261
20.22,1.063435,0.76519,101.298088,560.531233
20.23,1.063435,0.76519,101.298083,560.531206
20.24,1.063435,0.76519,101.298078,560.531178
20.25,1.063435,0.76519,101.298073,560.531149
20.26,1.063435,0.76519,101.298068,560.53112
20.27,1.063435,0.76519,101.298063,560.53109
20.28,1.063435,0.76519,101.298057,560.53106
20.29,1.063435,0.76519,101.298051,560.531029
20.3,1.063435,0.76519,101.298046,560.530998
20.31,1.063435,0.76519,101.298039,560.530966
20.32,1.063435,0.76519,101.298033,560.530934
20.33,1.063435,0.76519,101.298027,560.530901
20.34,1.063435,0.76519,101.29802,560.530868
20.35,1.063435,0.76519,101.298013,560.530834
20.36,1.063435,0.765189,101.298006,560.5308
20.37,1.063435,0.765189,101.297999,560.530765
20.38,1.063435,0.765189,101.297991,560.53073
20.39,1.063435,0.765189,101.297984,560.530694
20.4,1.063435,0.765189,101.297976,560.530658
20.41,1.063435,0.765189,101.297968,560.530621
20.42,1.063435,0.765189,101.29796,560.530584
20.43,1.063435,0.765189,101.297952,560.530547
20.44,1.063435,0.765189,101.297944,560.530509
20.45,1.063435,0.765189,101.297935,560.530471
20.46,1.063435,0.765189,101.297927,560.530432
20.47,1.063435,0.765189,101.297918,560.530393
20.48,1.063435,0.765189,101.297909,560.530354
20.49,1.063435,0.765189,101.297901,560.530315
20.5,1.063435,0.765189,101.297892,560.530275
20.51,1.063435,0.765189,101.297883,560.530235
20.52,1.063435,0.765189,101.297874,560.530195
20.53,1.063435,0.765189,101.297865,560.530154
20.54,1.063435,0.765188,101.297856,560.530114
20.55,1.063435,0.765188,101.297847,560.530073
20.56,1.063435,0.765188,101.297838,560.530032
20.57,1.063435,0.765188,101.297829,560.529991
20.58,1.063435,0.765188,101.29782,560.52995
20.59,1.063435,0.765188,101.297812,560.529909
20.6,1.063435,0.765188,101.297803,560.529868
20.61,1.063435,0.765188,101.297794,560.529827
20.62,1.063435,0.765188,101.297785,560.529785
20.63,1.063435,0.765188,101.297777,560.529744
20.64,1.063435,0.765188,101.297768,560.529703
20.65,1.063435,0.765188,101.297759,560.529662
20.66,1.063435,0.765188,101.297751,560.529621
20.67,1.063435,0.765188,101.297743,560.52958
20.68,1.063435,0.765188,101.297734,560.529539
20.69,1.063435,0.765188,101.297726,560.529498
20.7,1.063435,0.765188,101.297718,560.529458
20.71,1.063435,0.765187,101.297711,560.529417
20.72,1.063435,0.765187,101.297703,560.529377
20.73,1.063435,0.765187,101.297695,560.529337
20.74,1.063435,0.765187,101.297688,560.529297
20.75,1.063435,0.765187,101.297681,560.529258
20.76,1.063435,0.765187,101.297674,560.529218
20.77,1.063435,0.765187,101.297667,560.529179
20.78,1.063435,0.765187,101.29766,560.52914
20.79,1.063435,0.765187,101.297653,560.529101
20.8,1.063435,0.765187,101.297647,560.529063
20.81,1.063435,0.765187,101.297641,560.529025
20.82,1.063435,0.765187,101.297635,560.528987
20.83,1.063435,0.765187,101.297629,560.528949
20.84,1.063435,0.765187,101.297623,560.528912
20.85,1.063435,0.765187,101.297617,560.528875
20.86,1.063435,0.765187,101.297612,560.528838
20.87,1.063435,0.765187,101.297607,560.528801
20.88,1.063435,0.765186,101.297601,560.528765
20.89,1.063435,0.765186,101.297597,560.528729
20.9,1.063435,0.765186,101.297592,560.528694
20.91,1.063435,0.765186,101.297587,560.528658
20.92,1.063435,0.765186,101.297583,560.528623
20.93,1.063435,0.765186,101.297578,560.528588
20.94,1.063435,0.765186,101.297574,560.528554
20.95,1.063435,0.765186,101.29757,560.528519
20.96,1.063435,0.765186,101.297566,560.528485
20.97,1.063435,0.765186,101.297562,560.528452
20.98,1.063435,0.765186,101.297559,560.528418
20.99,1.063435,0.765186,101.297555,560.528385
21,1.063435,0.765186,101.297552,560.528352
21.01,1.063435,0.765186,101.297549,560.528319
21.02,1.063435,0.765186,101.297545,560.528286
21.03,1.063435,0.765186,101.297542,560.528254
21.04,1.063435,0.765186,101.297539,560.528221
21.05,1.063435,0.765186,101.297536,560.528189
21.06,1.063435,0.765186,101.297534,560.528157
21.07,1.063435,0.765186,101.297531,560.528126
21.08,1.063435,0.765186,101.297528,560.528094
21.09,1.063435,0.765185,101.297526,560.528063
21.1,1.063435,0.765185,101.297524,560.528032
21.11,1.063435,0.765185,101.297521,560.528001
21.12,1.063435,0.765185,101.297519,560.52797
21.13,1.063435,0.765185,101.297517,560.527939
21.14,1.063435,0.765185,101.297515,560.527908
21.15,1.063435,0.765185,101.297512,560.527878
21.16,1.063435,0.765185,101.29751,560.527848
21.17,1.063435,0.765185,101.297508,560.527817
21.18,1.063435,0.765185,101.297506,560.527787
21.19,1.063435,0.765185,101.297505,560.527757
21.2,1.063435,0.765185,101.297503,560.527727
21.21,1.063435,0.765185,101.297501,560.527697
21.22,1.063435,0.765185,101.297499,560.527667
21.23,1.063435,0.765185,101.297497,560.527637
21.24,1.063435,0.765185,101.297496,560.527607
21.25,1.063435,0.765185,101.297494,560.527578
21.26,1.063435,0.765185,101.297492,560.527548
21.27,1.063435,0.765185,101.297491,560.527519
21.28,1.063435,0.765185,101.297489,560.527489
21.29,1.063435,0.765185,101.297488,560.52746
21.3,1.063435,0.765185,101.297486,560.52743
21.31,1.063435,0.765185,101.297485,560.527401
21.32,1.063435,0.765184,101.297483,560.527371
21.33,1.063435,0.765184,101.297482,560.527342
21.34,1.063435,0.765184,101.29748,560.527313
21.35,1.063435,0.765184,101.297479,560.527284
21.36,1.063435,0.765184,101.297478,560.527254
21.37,1.063435,0.765184,101.297477,560.527225
21.38,1.063435,0.765184,101.297475,560.527196
21.39,1.063435,0.765184,101.297474,560.527167
21.4,1.063435,0.765184,101.297473,560.527138
21.41,1.063435,0.765184,101.297472,560.527109
21.42,1.063435,0.765184,101.29747,560.52708
21.43,1.063435,0.765184,101.297469,560.527051
21.44,1.063435,0.765184,101.297468,560.527022
21.45,1.063435,0.765184,101.297467,560.526993
21.46,1.063435,0.765184,101.297466,560.526964
21.47,1.063435,0.765184,101.297465,560.526935
21.48,1.063435,0.765184,101.297464,560.526906
21.49,1.063435,0.765184,101.297463,560.526877
21.5,1.063435,0.765184,101.297462,560.526848
21.51,1.063435,0.765184,101.297461,560.526819
21.52,1.063435,0.765184,101.297461,560.52679
21.53,1.063435,0.765184,101.29746,560.526762
21.54,1.063435,0.765184,101.297459,560.526733
21.55,1.063435,0.765184,101.297458,560.526704
21.56,1.063435,0.765184,101.297457,560.526675
21.57,1.063435,0.765183,101.297457,560.526646
21.58,1.063435,0.765183,101.297456,560.526618
21.59,1.063435,0.765183,101.297455,560.526589
21.6,1.063435,0.765183,101.297455,560.52656
21.61,1.063435,0.765183,101.297454,560.526531
21.62,1.063435,0.765183,101.297453,560.526502
21.63,1.063435,0.765183,101.297452,560.526473
21.64,1.063435,0.765183,101.297452,560.526444
21.65,1.063435,0.765183,101.297451,560.526415
21.66,1.063435,0.765183,101.29745,560.526386
21.67,1.063435,0.765183,101.29745,560.526357
21.68,1.063435,0.765183,101.297449,560.526328
21.69,1.063435,0.765183,101.297448,560.526299
21.7,1.063435,0.765183,101.297448,560.52627
21.71,1.063435,0.765183,101.297447,560.52624
21.72,1.063435,0.765183,101.297446,560.526211
21.73,1.063435,0.765183,101.297445,560.526181
21.74,1.063435,0.765183,101.297444,560.526152
21.75,1.063435,0.765183,101.297443,560.526122
21.76,1.063435,0.765183,101.297443,560.526092
21.77,1.063435,0.765183,101.297442,560.526062
21.78,1.063435,0.765183,101.29744,560.526032
21.79,1.063435,0.765183,101.297439,560.526002
21.8,1.063435,0.765183,101.297438,560.525972
21.81,1.063436,0.765183,101.297437,560.525941
21.82,1.063436,0.765182,101.297436,560.525911
21.83,1.063436,0.765182,101.297434,560.52588
21.84,1.063436,0.765182,101.297433,560.525849
21.85,1.063436,0.765182,101.297431,560.525818
21.86,1.063436,0.765182,101.297429,560.525787
21.87,1.063436,0.765182,101.297428,560.525755
21.88,1.063436,0.765182,101.297426,560.525723
21.89,1.063436,0.765182,101.297424,560.525692
21.9,1.063436,0.765182,101.297422,560.525659
21.91,1.063436,0.765182,101.29742,560.525627
21.92,1.063436,0.765182,101.297417,560.525595
21.93,1.063436,0.765182,101.297415,560.525562
21.94,1.063436,0.765182,101.297412,560.525529
21.95,1.063436,0.765182,101.29741,560.525496
21.96,1.063436,0.765182,101.297407,560.525462
21.97,1.063436,0.765182,101.297404,560.525429
21.98,1.063436,0.765182,101.297401,560.525395
21.99,1.063436,0.765182,101.297398,560.525361
22,1.063436,0.765182,101.297395,560.525326
22.01,1.063436,0.765182,101.297391,560.525292
22.02,1.063436,0.765182,101.297388,560.525257
22.03,1.063436,0.765181,101.297384,560.525222
22.04,1.063436,0.765181,101.29738,560.525187
22.05,1.063436,0.765181,101.297376,560.525151
22.06,1.063436,0.765181,101.297372,560.525116
22.07,1.063436,0.765181,101.297368,560.52508
22.08,1.063436,0.765181,101.297364,560.525044
22.09,1.063436,0.765181,101.29736,560.525007
22.1,1.063436,0.765181,101.297355,560.524971
22.11,1.063436,0.765181,101.297351,560.524934
22.12,1.063436,0.765181,101.297346,560.524897
22.13,1.063436,0.765181,101.297341,560.52486
22.14,1.063436,0.765181,101.297336,560.524823
22.15,1.063436,0.765181,101.297331,560.524785
22.16,1.063436,0.765181,101.297326,560.524748
22.17,1.063436,0.765181,101.297321,560.52471
22.18,1.063436,0.765181,101.297316,560.524672
22.19,1.063436,0.765181,101.29731,560.524634
22.2,1.063436,0.765181,101.297305,560.524596
22.21,1.063436,0.765181,101.2973,560.524558
22.22,1.063436,0.76518,101.297294,560.524519
22.23,1.063436,0.76518,101.297289,560.524481
22.24,1.063436,0.76518,101.297283,560.524442
22.25,1.063436,0.76518,101.297277,560.524404
22.26,1.063436,0.76518,101.297272,560.524365
22.27,1.063436,0.76518,101.297266,560.524326
22.28,1.063436,0.76518,101.29726,560.524288
22.29,1.063436,0.76518,101.297255,560.524249
22.3,1.063436,0.76518,101.297249,560.52421
22.31,1.063436,0.76518,101.297243,560.524172
22.32,1.063436,0.76518,101.297237,560.524133
22.33,1.063436,0.76518,101.297232,560.524095
22.34,1.063436,0.76518,101.297226,560.524056
22.35,1.063436,0.76518,101.29722,560.524018
22.36,1.063436,0.76518,101.297215,560.523979
22.37,1.063436,0.76518,101.297209,560.523941
22.38,1.063436,0.76518,101.297204,560.523903
22.39,1.063436,0.765179,101.297198,560.523865
22.4,1.063436,0.765179,101.297193,560.523827
22.41,1.063436,0.765179,101.297187,560.523789
22.42,1.063436,0.765179,101.297182,560.523751
22.43,1.063436,0.765179,101.297177,560.523713
22.44,1.063436,0.765179,101.297172,560.523676
22.45,1.063436,0.765179,101.297167,560.523639
22.46,1.063436,0.765179,101.297162,560.523602
22.47,1.063436,0.765179,101.297157,560.523565
22.48,1.063436,0.765179,101.297152,560.523528
22.49,1.063436,0.765179,101.297147,560.523492
22.5,1.063436,0.765179,101.297142,560.523456
22.51,1.063436,0.765179,101.297138,560.523419
22.52,1.063436,0.765179,101.297133,560.523384
22.53,1.063436,0.765179,101.297129,560.523348
22.54,1.063436,0.765179,101.297125,560.523313
22.55,1.063436,0.765179,101.29712,560.523277
22.56,1.063436,0.765179,101.297116,560.523242
22.57,1.063436,0.765179,101.297112,560.523208
22.58,1.063436,0.765178,101.297108,560.523173
22.59,1.063436,0.765178,101.297105,560.523139
22.6,1.063436,0.765178,101.297101,560.523105
22.61,1.063436,0.765178,101.297097,560.523071
22.62,1.063436,0.765178,101.297094,560.523037
22.63,1.063436,0.765178,101.29709,560.523004
22.64,1.063436,0.765178,101.297087,560.522971
22.65,1.063436,0.765178,101.297084,560.522938
22.66,1.063436,0.765178,101.297081,560.522905
22.67,1.063436,0.765178,101.297078,560.522872
22.68,1.063436,0.765178,101.297075,560.52284
22.69,1.063436,0.765178,101.297072,560.522808
22.7,1.063436,0.765178,101.297069,560.522776
22.71,1.063436,0.765178,101.297066,560.522744
22.72,1.063436,0.765178,101.297064,560.522712
22.73,1.063436,0.765178,101.297061,560.522681
22.74,1.063436,0.765178,101.297058,560.52265
22.75,1.063436,0.765178,101.297056,560.522619
22.76,1.063436,0.765178,101.297053,560.522588
22.77,1.063436,0.765178,101.297051,560.522557
22.78,1.063436,0.765178,101.297049,560.522526
22.79,1.063436,0.765177,101.297046,560.522496
22.8,1.063436,0.765177,101.297044,560.522465
22.81,1.063436,0.765177,101.297042,560.522435
22.82,1.063436,0.765177,101.29704,560.522404
22.83,1.063436,0.765177,101.297037,560.522374
22.84,1.063436,0.765177,101.297035,560.522344
22.85,1.063436,0.765177,101.297033,560.522314
22.86,1.063436,0.765177,101.297031,560.522284
22.87,1.063436,0.765177,101.297029,560.522254
22.88,1.063436,0.765177,101.297027,560.522224
22.89,1.063436,0.765177,101.297024,560.522195
22.9,1.063436,0.765177,101.297022,560.522165
22.91,1.063436,0.765177,101.29702,560.522135
22.92,1.063436,0.765177,101.297018,560.522105
22.93,1.063436,0.765177,101.297015,560.522075
22.94,1.063436,0.765177,101.297013,560.522046
22.95,1.063436,0.765177,101.297011,560.522016
22.96,1.063436,0.765177,101.297009,560.521986
22.97,1.063436,0.765177,101.297006,560.521956
22.98,1.063436,0.765177,101.297004,560.521926
22.99,1.063436,0.765177,101.297001,560.521896
23,1.063436,0.765177,101.296999,560.521866
23.01,1.063436,0.765177,101.296996,560.521836
23.02,1.063436,0.765176,101.296994,560.521806
23.03,1.063436,0.765176,101.296991,560.521776
23.04,1.063436,0.765176,101.296988,560.521746
23.05,1.063436,0.765176,101.296986,560.521715
23.06,1.063436,0.765176,101.296983,560.521685
23.07,1.063436,0.765176,101.29698,560.521655
23.08,1.063436,0.765176,101.296977,560.521624
23.09,1.063436,0.765176,101.296974,560.521594
23.1,1.063436,0.765176,101.296971,560.521563
23.11,1.063436,0.765176,101.296968,560.521532
23.12,1.063436,0.765176,101.296965,560.521501
23.13,1.063436,0.765176,101.296962,560.52147
23.14,1.063436,0.765176,101.296959,560.521439
23.15,1.063436,0.765176,101.296955,560.521408
23.16,1.063436,0.765176,101.296952,560.521377
23.17,1.063436,0.765176,101.296949,560.521345
23.18,1.063436,0.765176,101.296945,560.521314
23.19,1.063436,0.765176,101.296942,560.521282
23.2,1.063436,0.765176,101.296938,560.521251
23.21,1.063436,0.765176,101.296935,560.521219
23.22,1.063436,0.765176,101.296931,560.521187
23.23,1.063436,0.765176,101.296927,560.521155
23.24,1.063436,0.765176,101.296923,560.521123
23.25,1.063436,0.765175,101.29692,560.521091
23.26,1.063436,0.765175,101.296916,560.521059
23.27,1.063436,0.765175,101.296912,560.521027
23.28,1.063436,0.765175,101.296908,560.520994
23.29,1.063436,0.765175,101.296904,560.520962
23.3,1.063436,0.765175,101.2969,560.520929
23.31,1.063436,0.765175,101.296896,560.520897
23.32,1.063436,0.765175,101.296892,560.520864
23.33,1.063436,0.765175,101.296888,560.520831
23.34,1.063436,0.765175,101.296883,560.520798
23.35,1.063436,0.765175,101.296879,560.520765
23.36,1.063436,0.765175,101.296875,560.520732
23.37,1.063436,0.765175,101.296871,560.520699
23.38,1.063436,0.765175,101.296866,560.520666
23.39,1.063436,0.765175,101.296862,560.520633
23.4,1.063436,0.765175,101.296858,560.5206
23.41,1.063436,0.765175,101.296853,560.520566
23.42,1.063436,0.765175,101.296849,560.520533
23.43,1.063436,0.765175,101.296844,560.5205
23.44,1.063436,0.765175,101.29684,560.520466
23.45,1.063436,0.765175,101.296835,560.520433
23.46,1.063436,0.765174,101.296831,560.520399
23.47,1.063436,0.765174,101.296826,560.520365
23.48,1.063436,0.765174,101.296821,560.520331
23.49,1.063436,0.765174,101.296817,560.520298
23.5,1.063436,0.765174,101.296812,560.520264
23.51,1.063436,0.765174,101.296807,560.52023
23.52,1.063436,0.765174,101.296803,560.520196
23.53,1.063436,0.765174,101.296798,560.520162
23.54,1.063436,0.765174,101.296793,560.520128
23.55,1.063436,0.765174,101.296788,560.520094
23.56,1.063436,0.765174,101.296783,560.520059
23.57,1.063436,0.765174,101.296778,560.520025
23.58,1.063436,0.765174,101.296773,560.519991
23.59,1.063436,0.765174,101.296768,560.519957
23.6,1.063436,0.765174,101.296764,560.519922
23.61,1.063436,0.765174,101.296758,560.519888
23.62,1.063436,0.765174,101.296753,560.519853
23.63,1.063436,0.765174,101.296748,560.519819
23.64,1.063436,0.765174,101.296743,560.519784
23.65,1.063436,0.765174,101.296738,560.519749
23.66,1.063436,0.765173,101.296733,560.519715
23.67,1.063436,0.765173,101.296728,560.51968
23.68,1.063436,0.765173,101.296722,560.519645
23.69,1.063436,0.765173,101.296717,560.51961
23.7,1.063436,0.765173,101.296712,560.519575
23.71,1.063436,0.765173,101.296706,560.51954
23.72,1.063436,0.765173,101.296701,560.519505
23.73,1.063436,0.765173,101.296695,560.51947
23.74,1.063436,0.765173,101.29669,560.519435
23.75,1.063436,0.765173,101.296684,560.5194
23.76,1.063436,0.765173,101.296679,560.519365
23.77,1.063436,0.765173,101.296673,560.519329
23.78,1.063436,0.765173,101.296668,560.519294
23.79,1.063436,0.765173,101.296662,560.519258
23.8,1.063436,0.765173,101.296656,560.519223
23.81,1.063436,0.765173,101.29665,560.519188
23.82,1.063436,0.765173,101.296645,560.519152
23.83,1.063436,0.765173,101.296639,560.519116
23.84,1.063436,0.765173,101.296633,560.519081
23.85,1.063436,0.765173,101.296627,560.519045
23.86,1.063436,0.765172,101.296621,560.51901
23.87,1.063436,0.765172,101.296615,560.518974
23.88,1.063436,0.765172,101.29661,560.518938
23.89,1.063436,0.765172,101.296604,560.518902
23.9,1.063436,0.765172,101.296598,560.518867
23.91,1.063436,0.765172,101.296592,560.518831
23.92,1.063436,0.765172,101.296586,560.518795
23.93,1.063437,0.765172,101.29658,560.518759
23.94,1.063437,0.765172,101.296574,560.518724
23.95,1.063437,0.765172,101.296568,560.518688
23.96,1.063437,0.765172,101.296561,560.518652
23.97,1.063437,0.765172,101.296555,560.518616
23.98,1.063437,0.765172,101.296549,560.51858
23.99,1.063437,0.765172,101.296543,560.518545
24,1.063437,0.765172,101.296537,560.518509
24.01,1.063437,0.765172,101.296531,560.518473
24.02,1.063437,0.765172,101.296525,560.518438
24.03,1.063437,0.765172,101.296519,560.518402
24.04,1.063437,0.765172,101.296513,560.518366
24.05,1.063437,0.765171,101.296507,560.518331
24.06,1.063437,0.765171,101.296501,560.518295
24.07,1.063437,0.765171,101.296495,560.51826
24.08,1.063437,0.765171,101.296489,560.518225
24.09,1.063437,0.765171,101.296483,560.518189
24.1,1.063437,0.765171,101.296478,560.518154
24.11,1.063437,0.765171,101.296472,560.518119
24.12,1.063437,0.765171,101.296466,560.518084
24.13,1.063437,0.765171,101.29646,560.518049
24.14,1.063437,0.765171,101.296454,560.518014
24.15,1.063437,0.765171,101.296449,560.517979
24.16,1.063437,0.765171,101.296443,560.517944
24.17,1.063437,0.765171,101.296437,560.51791
24.18,1.063437,0.765171,101.296432,560.517875
24.19,1.063437,0.765171,101.296426,560.517841
24.2,1.063437,0.765171,101.296421,560.517806
24.21,1.063437,0.765171,101.296416,560.517772
24.22,1.063437,0.765171,101.29641,560.517738
24.23,1.063437,0.765171,101.296405,560.517704
24.24,1.063437,0.76517,101.2964,560.51767
24.25,1.063437,0.76517,101.296395,560.517636
24.26,1.063437,0.76517,101.29639,560.517603
24.27,1.063437,0.76517,101.296385,560.517569
24.28,1.063437,0.76517,101.29638,560.517536
24.29,1.063437,0.76517,101.296375,560.517502
24.3,1.063437,0.76517,101.29637,560.517469
24.31,1.063437,0.76517,101.296365,560.517436
24.32,1.063437,0.76517,101.29636,560.517403
24.33,1.063437,0.76517,101.296356,560.517371
24.34,1.063437,0.76517,101.296351,560.517338
24.35,1.063437,0.76517,101.296347,560.517305
24.36,1.063437,0.76517,101.296342,560.517273
24.37,1.063437,0.76517,101.296338,560.517241
24.38,1.063437,0.76517,101.296333,560.517208
24.39,1.063437,0.76517,101.296329,560.517176
24.4,1.063437,0.76517,101.296325,560.517144
24.41,1.063437,0.76517,101.29632,560.517112
24.42,1.063437,0.76517,101.296316,560.51708
24.43,1.063437,0.76517,101.296312,560.517049
24.44,1.063437,0.76517,101.296308,560.517017
24.45,1.063437,0.765169,101.296304,560.516986
24.46,1.063437,0.765169,101.2963,560.516954
24.47,1.063437,0.765169,101.296296,560.516923
24.48,1.063437,0.765169,101.296292,560.516891
24.49,1.063437,0.765169,101.296288,560.51686
24.5,1.063437,0.765169,101.296284,560.516829
24.51,1.063437,0.765169,101.29628,560.516798
24.52,1.063437,0.765169,101.296277,560.516767
24.53,1.063437,0.765169,101.296273,560.516736
24.54,1.063437,0.765169,101.296269,560.516705
24.55,1.063437,0.765169,101.296265,560.516674
24.56,1.063437,0.765169,101.296262,560.516643
24.57,1.063437,0.765169,101.296258,560.516612
24.58,1.063437,0.765169,101.296254,560.516581
24.59,1.063437,0.765169,101.29625,560.51655
24.6,1.063437,0.765169,101.296247,560.516519
24.61,1.063437,0.765169,101.296243,560.516488
24.62,1.063437,0.765169,101.296239,560.516457
24.63,1.063437,0.765169,101.296236,560.516426
24.64,1.063437,0.765169,101.296232,560.516395
24.65,1.063437,0.765169,101.296228,560.516364
24.66,1.063437,0.765169,101.296224,560.516333
24.67,1.063437,0.765169,101.29622,560.516302
24.68,1.063437,0.765168,101.296217,560.516271
24.69,1.063437,0.765168,101.296213,560.51624
24.7,1.063437,0.765168,101.296209,560.516209
24.71,1.063437,0.765168,101.296205,560.516177
24.72,1.063437,0.765168,101.296201,560.516146
24.73,1.063437,0.765168,101.296197,560.516115
24.74,1.063437,0.765168,101.296193,560.516083
24.75,1.063437,0.765168,101.296189,560.516052
24.76,1.063437,0.765168,101.296185,560.51602
24.77,1.063437,0.765168,101.296181,560.515988
24.78,1.063437,0.765168,101.296177,560.515957
24.79,1.063437,0.765168,101.296173,560.515925
24.8,1.063437,0.765168,101.296168,560.515893
24.81,1.063437,0.765168,101.296164,560.515861
24.82,1.063437,0.765168,101.29616,560.515829
24.83,1.063437,0.765168,101.296156,560.515797
24.84,1.063437,0.765168,101.296151,560.515764
24.85,1.063437,0.765168,101.296147,560.515732
24.86,1.063437,0.765168,101.296142,560.515699
24.87,1.063437,0.765168,101.296138,560.515667
24.88,1.063437,0.765168,101.296133,560.515634
24.89,1.063437,0.765168,101.296129,560.515601
24.9,1.063437,0.765167,101.296124,560.515569
24.91,1.063437,0.765167,101.296119,560.515536
24.92,1.063437,0.765167,101.296115,560.515503
24.93,1.063437,0.765167,101.29611,560.515469
24.94,1.063437,0.765167,101.296105,560.515436
24.95,1.063437,0.765167,101.2961,560.515403
24.96,1.063437,0.765167,101.296096,560.515369
24.97,1.063437,0.765167,101.296091,560.515336
24.98,1.063437,0.765167,101.296086,560.515302
24.99,1.063437,0.765167,101.296081,560.515269
25,1.063437,0.765167,101.296076,560.515235
25.01,1.063437,0.765167,101.296071,560.515201
25.02,1.063437,0.765167,101.296066,560.515167
25.03,1.063437,0.765167,101.296061,560.515133
25.04,1.063437,0.765167,101.296056,560.515099
25.05,1.063437,0.765167,101.29605,560.515065
25.06,1.063437,0.765167,101.296045,560.515031
25.07,1.063437,0.765167,101.29604,560.514997
25.08,1.063437,0.765167,101.296035,560.514963
25.09,1.063437,0.765167,101.29603,560.514928
25.1,1.063437,0.765167,101.296025,560.514894
25.11,1.063437,0.765166,101.29602,560.514859
25.12,1.063437,0.765166,101.296014,560.514825
25.13,1.063437,0.765166,101.296009,560.514791
25.14,1.063437,0.765166,101.296004,560.514756
25.15,1.063437,0.765166,101.295999,560.514721
25.16,1.063437,0.765166,101.295993,560.514687
25.17,1.063437,0.765166,101.295988,560.514652
25.18,1.063437,0.765166,101.295983,560.514618
25.19,1.063437,0.765166,101.295978,560.514583
25.2,1.063437,0.765166,101.295973,560.514548
25.21,1.063437,0.765166,101.295967,560.514514
25.22,1.063437,0.765166,101.295962,560.514479
25.23,1.063437,0.765166,101.295957,560.514444
25.24,1.063437,0.765166,101.295952,560.51441
25.25,1.063437,0.765166,101.295947,560.514375
25.26,1.063437,0.765166,101.295941,560.51434
25.27,1.063437,0.765166,101.295936,560.514305
25.28,1.063437,0.765166,101.295931,560.514271
25.29,1.063437,0.765166,101.295926,560.514236
25.3,1.063437,0.765166,101.295921,560.514201
25.31,1.063437,0.765165,101.295916,560.514167
25.32,1.063437,0.765165,101.295911,560.514132
25.33,1.063437,0.765165,101.295906,560.514097
25.34,1.063437,0.765165,101.295901,560.514063
25.35,1.063437,0.765165,101.295895,560.514028
25.36,1.063437,0.765165,101.29589,560.513994
25.37,1.063437,0.765165,101.295885,560.513959
25.38,1.063437,0.765165,101.29588,560.513925
25.39,1.063437,0.765165,101.295875,560.51389
25.4,1.063437,0.765165,101.295871,560.513856
25.41,1.063437,0.765165,101.295866,560.513821
25.42,1.063437,0.765165,101.295861,560.513787
25.43,1.063437,0.765165,101.295856,560.513752
25.44,1.063437,0.765165,101.295851,560.513718
25.45,1.063437,0.765165,101.295846,560.513683
25.46,1.063437,0.765165,101.295841,560.513649
25.47,1.063437,0.765165,101.295836,560.513615
25.48,1.063437,0.765165,101.295832,560.51358
25.49,1.063437,0.765165,101.295827,560.513546
25.5,1.063437,0.765165,101.295822,560.513512
25.51,1.063437,0.765164,101.295817,560.513478
25.52,1.063437,0.765164,101.295813,560.513443
25.53,1.063437,0.765164,101.295808,560.513409
25.54,1.063437,0.765164,101.295803,560.513375
25.55,1.063437,0.765164,101.295798,560.513341
25.56,1.063437,0.765164,101.295794,560.513307
25.57,1.063437,0.765164,101.295789,560.513273
25.58,1.063437,0.765164,101.295784,560.513239
25.59,1.063437,0.765164,101.29578,560.513205
25.6,1.063437,0.765164,101.295775,560.513171
25.61,1.063437,0.765164,101.295771,560.513137
25.62,1.063437,0.765164,101.295766,560.513103
25.63,1.063437,0.765164,101.295761,560.513069
25.64,1.063437,0.765164,101.295757,560.513035
25.65,1.063437,0.765164,101.295752,560.513001
25.66,1.063437,0.765164,101.295748,560.512967
25.67,1.063437,0.765164,101.295743,560.512933
25.68,1.063437,0.765164,101.295739,560.512899
25.69,1.063437,0.765164,101.295734,560.512866
25.7,1.063437,0.765164,101.29573,560.512832
25.71,1.063437,0.765164,101.295726,560.512798
25.72,1.063437,0.765163,101.295721,560.512764
25.73,1.063437,0.765163,101.295717,560.512731
25.74,1.063437,0.765163,101.295712,560.512697
25.75,1.063437,0.765163,101.295708,560.512664
25.76,1.063437,0.765163,101.295704,560.51263
25.77,1.063437,0.765163,101.295699,560.512596
25.78,1.063437,0.765163,101.295695,560.512563
25.79,1.063437,0.765163,101.295691,560.512529
25.8,1.063437,0.765163,101.295686,560.512496
25.81,1.063437,0.765163,101.295682,560.512463
25.82,1.063437,0.765163,101.295678,560.512429
25.83,1.063437,0.765163,101.295674,560.512396
25.84,1.063437,0.765163,101.29567,560.512363
25.85,1.063437,0.765163,101.295665,560.512329
25.86,1.063437,0.765163,101.295661,560.512296
25.87,1.063437,0.765163,101.295657,560.512263
25.88,1.063437,0.765163,101.295653,560.51223
25.89,1.063437,0.765163,101.295649,560.512197
25.9,1.063437,0.765163,101.295645,560.512163
25.91,1.063437,0.765163,101.295641,560.51213
25.92,1.063437,0.765163,101.295637,560.512097
25.93,1.063437,0.765162,101.295633,560.512064
25.94,1.063437,0.765162,101.295629,560.512032
25.95,1.063437,0.765162,101.295625,560.511999
25.96,1.063437,0.765162,101.295621,560.511966
25.97,1.063437,0.765162,101.295618,560.511933
25.98,1.063437,0.765162,101.295614,560.5119
25.99,1.063437,0.765162,101.29561,560.511868
26,1.063437,0.765162,101.295606,560.511835
26.01,1.063437,0.765162,101.295603,560.511802
26.02,1.063437,0.765162,101.295599,560.51177
26.03,1.063437,0.765162,101.295595,560.511737
26.04,1.063437,0.765162,101.295592,560.511705
26.05,1.063437,0.765162,101.295588,560.511672
26.06,1.063437,0.765162,101.295584,560.51164
26.07,1.063437,0.765162,101.295581,560.511607
26.08,1.063437,0.765162,101.295577,560.511575
26.09,1.063437,0.765162,101.295574,560.511543
26.1,1.063437,0.765162,101.295571,560.511511
26.11,1.063437,0.765162,101.295567,560.511478
26.12,1.063437,0.765162,101.295564,560.511446
26.13,1.063437,0.765162,101.29556,560.511414
26.14,1.063437,0.765161,101.295557,560.511382
26.15,1.063437,0.765161,101.295554,560.51135
26.16,1.063437,0.765161,101.29555,560.511318
26.17,1.063437,0.765161,101.295547,560.511286
26.18,1.063437,0.765161,101.295544,560.511254
26.19,1.063437,0.765161,101.295541,560.511222
26.2,1.063437,0.765161,101.295537,560.51119
26.21,1.063437,0.765161,101.295534,560.511158
26.22,1.063437,0.765161,101.295531,560.511126
26.23,1.063437,0.765161,101.295528,560.511094
26.24,1.063437,0.765161,101.295525,560.511062
26.25,1.063437,0.765161,101.295521,560.51103
26.26,1.063437,0.765161,101.295518,560.510998
26.27,1.063437,0.765161,101.295515,560.510966
26.28,1.063437,0.765161,101.295512,560.510934
26.29,1.063437,0.765161,101.295509,560.510902
26.3,1.063437,0.765161,101.295506,560.510871
26.31,1.063437,0.765161,101.295503,560.510839
26.32,1.063437,0.765161,101.295499,560.510807
26.33,1.063437,0.765161,101.295496,560.510775
26.34,1.063437,0.765161,101.295493,560.510743
26.35,1.063437,0.765161,101.29549,560.510711
26.36,1.063437,0.765161,101.295487,560.510679
26.37,1.063437,0.76516,101.295484,560.510647
26.38,1.063437,0.76516,101.295481,560.510615
26.39,1.063437,0.76516,101.295478,560.510583
26.4,1.063437,0.76516,101.295474,560.510551
26.41,1.063437,0.76516,101.295471,560.510519
26.42,1.063437,0.76516,101.295468,560.510486
26.43,1.063437,0.76516,101.295465,560.510454
26.44,1.063437,0.76516,101.295462,560.510422
26.45,1.063437,0.76516,101.295458,560.51039
26.46,1.063437,0.76516,101.295455,560.510357
26.47,1.063437,0.76516,101.295452,560.510325
26.48,1.063437,0.76516,101.295449,560.510293
26.49,1.063437,0.76516,101.295445,560.51026
26.5,1.063437,0.76516,101.295442,560.510228
26.51,1.063437,0.76516,101.295439,560.510195
26.52,1.063437,0.76516,101.295435,560.510162
26.53,1.063437,0.76516,101.295432,560.51013
26.54,1.063437,0.76516,101.295428,560.510097
26.55,1.063437,0.76516,101.295425,560.510064
26.56,1.063437,0.76516,101.295422,560.510031
26.57,1.063437,0.76516,101.295418,560.509998
26.58,1.063437,0.765159,101.295415,560.509965
26.59,1.063437,0.765159,101.295411,560.509932
26.6,1.063437,0.765159,101.295407,560.509899
26.61,1.063437,0.765159,101.295404,560.509866
26.62,1.063437,0.765159,101.2954,560.509833
26.63,1.063437,0.765159,101.295397,560.5098
26.64,1.063437,0.765159,101.295393,560.509767
26.65,1.063437,0.765159,101.295389,560.509733
26.66,1.063437,0.765159,101.295386,560.5097
26.67,1.063437,0.765159,101.295382,560.509666
26.68,1.063437,0.765159,101.295378,560.509633
26.69,1.063437,0.765159,101.295374,560.509599
26.7,1.063437,0.765159,101.295371,560.509566
26.71,1.063437,0.765159,101.295367,560.509532
26.72,1.063437,0.765159,101.295363,560.509498
26.73,1.063438,0.765159,101.295359,560.509465
26.74,1.063438,0.765159,101.295355,560.509431
26.75,1.063438,0.765159,101.295351,560.509397
26.76,1.063438,0.765159,101.295347,560.509363
26.77,1.063438,0.765159,101.295344,560.509329
26.78,1.063438,0.765159,101.29534,560.509296
26.79,1.063438,0.765158,101.295336,560.509262
26.8,1.063438,0.765158,101.295332,560.509228
26.81,1.063438,0.765158,101.295328,560.509194
26.82,1.063438,0.765158,101.295324,560.50916
26.83,1.063438,0.765158,101.29532,560.509126
26.84,1.063438,0.765158,101.295316,560.509092
26.85,1.063438,0.765158,101.295312,560.509058
26.86,1.063438,0.765158,101.295308,560.509024
26.87,1.063438,0.765158,101.295304,560.50899
26.88,1.063438,0.765158,101.2953,560.508955
26.89,1.063438,0.765158,101.295296,560.508921
26.9,1.063438,0.765158,101.295292,560.508887
26.91,1.063438,0.765158,101.295288,560.508853
26.92,1.063438,0.765158,101.295284,560.508819
26.93,1.063438,0.765158,101.295281,560.508785
26.94,1.063438,0.765158,101.295277,560.508751
26.95,1.063438,0.765158,101.295273,560.508717
26.96,1.063438,0.765158,101.295269,560.508683
26.97,1.063438,0.765158,101.295265,560.508649
26.98,1.063438,0.765158,101.295261,560.508615
26.99,1.063438,0.765158,101.295257,560.508581
27,1.063438,0.765157,101.295253,560.508547
27.01,1.063438,0.765157,101.295249,560.508513
27.02,1.063438,0.765157,101.295246,560.50848
27.03,1.063438,0.765157,101.295242,560.508446
27.04,1.063438,0.765157,101.295238,560.508412
27.05,1.063438,0.765157,101.295234,560.508378
27.06,1.063438,0.765157,101.295231,560.508344
27.07,1.063438,0.765157,101.295227,560.508311
27.08,1.063438,0.765157,101.295223,560.508277
27.09,1.063438,0.765157,101.295219,560.508243
27.1,1.063438,0.765157,101.295216,560.50821
27.11,1.063438,0.765157,101.295212,560.508176
27.12,1.063438,0.765157,101.295208,560.508143
27.13,1.063438,0.765157,101.295205,560.508109
27.14,1.063438,0.765157,101.295201,560.508076
27.15,1.063438,0.765157,101.295198,560.508043
27.16,1.063438,0.765157,101.295194,560.508009
27.17,1.063438,0.765157,101.295191,560.507976
27.18,1.063438,0.765157,101.295187,560.507943
27.19,1.063438,0.765157,101.295184,560.507909
27.2,1.063438,0.765157,101.29518,560.507876
27.21,1.063438,0.765156,101.295177,560.507843
27.22,1.063438,0.765156,101.295173,560.50781
27.23,1.063438,0.765156,101.29517,560.507777
27.24,1.063438,0.765156,101.295166,560.507744
27.25,1.063438,0.765156,101.295163,560.507711
27.26,1.063438,0.765156,101.29516,560.507678
27.27,1.063438,0.765156,101.295156,560.507645
27.28,1.063438,0.765156,101.295153,560.507612
27.29,1.063438,0.765156,101.29515,560.507579
27.3,1.063438,0.765156,101.295146,560.507547
27.31,1.063438,0.765156,101.295143,560.507514
27.32,1.063438,0.765156,101.29514,560.507481
27.33,1.063438,0.765156,101.295136,560.507448
27.34,1.063438,0.765156,101.295133,560.507416
27.35,1.063438,0.765156,101.29513,560.507383
27.36,1.063438,0.765156,101.295127,560.507351
27.37,1.063438,0.765156,101.295123,560.507318
27.38,1.063438,0.765156,101.29512,560.507285
27.39,1.063438,0.765156,101.295117,560.507253
27.4,1.063438,0.765156,101.295114,560.50722
27.41,1.063438,0.765156,101.29511,560.507188
27.42,1.063438,0.765155,101.295107,560.507156
27.43,1.063438,0.765155,101.295104,560.507123
27.44,1.063438,0.765155,101.295101,560.507091
27.45,1.063438,0.765155,101.295098,560.507058
27.46,1.063438,0.765155,101.295094,560.507026
27.47,1.063438,0.765155,101.295091,560.506994
27.48,1.063438,0.765155,101.295088,560.506961
27.49,1.063438,0.765155,101.295085,560.506929
27.5,1.063438,0.765155,101.295082,560.506897
27.51,1.063438,0.765155,101.295079,560.506864
27.52,1.063438,0.765155,101.295075,560.506832
27.53,1.063438,0.765155,101.295072,560.5068
27.54,1.063438,0.765155,101.295069,560.506768
27.55,1.063438,0.765155,101.295066,560.506735
27.56,1.063438,0.765155,101.295063,560.506703
27.57,1.063438,0.765155,101.295059,560.506671
27.58,1.063438,0.765155,101.295056,560.506639
27.59,1.063438,0.765155,101.295053,560.506606
27.6,1.063438,0.765155,101.29505,560.506574
27.61,1.063438,0.765155,101.295047,560.506542
27.62,1.063438,0.765155,101.295044,560.50651
27.63,1.063438,0.765155,101.29504,560.506478
27.64,1.063438,0.765154,101.295037,560.506445
27.65,1.063438,0.765154,101.295034,560.506413
27.66,1.063438,0.765154,101.295031,560.506381
27.67,1.063438,0.765154,101.295028,560.506349
27.68,1.063438,0.765154,101.295024,560.506317
27.69,1.063438,0.765154,101.295021,560.506285
27.7,1.063438,0.765154,101.295018,560.506252
27.71,1.063438,0.765154,101.295015,560.50622
27.72,1.063438,0.765154,101.295011,560.506188
27.73,1.063438,0.765154,101.295008,560.506156
27.74,1.063438,0.765154,101.295005,560.506124
27.75,1.063438,0.765154,101.295002,560.506092
27.76,1.063438,0.765154,101.294999,560.50606
27.77,1.063438,0.765154,101.294995,560.506028
27.78,1.063438,0.765154,101.294992,560.505996
27.79,1.063438,0.765154,101.294989,560.505963
27.8,1.063438,0.765154,101.294986,560.505931
27.81,1.063438,0.765154,101.294982,560.505899
27.82,1.063438,0.765154,101.294979,560.505867
27.83,1.063438,0.765154,101.294976,560.505835
27.84,1.063438,0.765154,101.294973,560.505803
27.85,1.063438,0.765154,101.294969,560.505771
27.86,1.063438,0.765153,101.294966,560.505739
27.87,1.063438,0.765153,101.294963,560.505707
27.88,1.063438,0.765153,101.29496,560.505675
27.89,1.063438,0.765153,101.294956,560.505642
27.9,1.063438,0.765153,101.294953,560.50561
27.91,1.063438,0.765153,101.29495,560.505578
27.92,1.063438,0.765153,101.294947,560.505546
27.93,1.063438,0.765153,101.294943,560.505514
27.94,1.063438,0.765153,101.29494,560.505482
27.95,1.063438,0.765153,101.294937,560.50545
27.96,1.063438,0.765153,101.294933,560.505418
27.97,1.063438,0.765153,101.29493,560.505386
27.98,1.063438,0.765153,101.294927,560.505354
27.99,1.063438,0.765153,101.294923,560.505322
28,1.063438,0.765153,101.29492,560.505289
28.01,1.063438,0.765153,101.294917,560.505257
28.02,1.063438,0.765153,101.294913,560.505225
28.03,1.063438,0.765153,101.29491,560.505193
28.04,1.063438,0.765153,101.294907,560.505161
28.05,1.063438,0.765153,101.294903,560.505129
28.06,1.063438,0.765153,101.2949,560.505097
28.07,1.063438,0.765152,101.294896,560.505065
28.08,1.063438,0.765152,101.294893,560.505032
28.09,1.063438,0.765152,101.294889,560.505
28.1,1.063438,0.765152,101.294886,560.504968
28.11,1.063438,0.765152,101.294883,560.504936
28.12,1.063438,0.765152,101.294879,560.504904
28.13,1.063438,0.765152,101.294876,560.504871
28.14,1.063438,0.765152,101.294872,560.504839
28.15,1.063438,0.765152,101.294869,560.504807
28.16,1.063438,0.765152,101.294865,560.504775
28.17,1.063438,0.765152,101.294861,560.504742
28.18,1.063438,0.765152,101.294858,560.50471
28.19,1.063438,0.765152,101.294854,560.504678
28.2,1.063438,0.765152,101.294851,560.504645
28.21,1.063438,0.765152,101.294847,560.504613
28.22,1.063438,0.765152,101.294843,560.504581
28.23,1.063438,0.765152,101.29484,560.504548
28.24,1.063438,0.765152,101.294836,560.504516
28.25,1.063438,0.765152,101.294832,560.504483
28.26,1.063438,0.765152,101.294829,560.504451
28.27,1.063438,0.765152,101.294825,560.504419
28.28,1.063438,0.765152,101.294821,560.504386
28.29,1.063438,0.765151,101.294817,560.504354
28.3,1.063438,0.765151,101.294814,560.504321
28.31,1.063438,0.765151,101.29481,560.504289
28.32,1.063438,0.765151,101.294806,560.504256
28.33,1.063438,0.765151,101.294802,560.504223
28.34,1.063438,0.765151,101.294798,560.504191
28.35,1.063438,0.765151,101.294794,560.504158
28.36,1.063438,0.765151,101.294791,560.504126
28.37,1.063438,0.765151,101.294787,560.504093
28.38,1.063438,0.765151,101.294783,560.50406
28.39,1.063438,0.765151,101.294779,560.504027
28.4,1.063438,0.765151,101.294775,560.503995
28.41,1.063438,0.765151,101.294771,560.503962
28.42,1.063438,0.765151,101.294767,560.503929
28.43,1.063438,0.765151,101.294763,560.503897
28.44,1.063438,0.765151,101.294759,560.503864
28.45,1.063438,0.765151,101.294754,560.503831
28.46,1.063438,0.765151,101.29475,560.503798
28.47,1.063438,0.765151,101.294746,560.503765
28.48,1.063438,0.765151,101.294742,560.503733
28.49,1.063438,0.765151,101.294738,560.5037
28.5,1.063438,0.76515,101.294734,560.503667
28.51,1.063438,0.76515,101.29473,560.503634
28.52,1.063438,0.76515,101.294726,560.503601
28.53,1.063438,0.76515,101.294721,560.503569
28.54,1.063438,0.76515,101.294717,560.503536
28.55,1.063438,0.76515,101.294713,560.503503
28.56,1.063438,0.76515,101.294709,560.50347
28.57,1.063438,0.76515,101.294704,560.503437
28.58,1.063438,0.76515,101.2947,560.503404
28.59,1.063438,0.76515,101.294696,560.503372
28.6,1.063438,0.76515,101.294692,560.503339
28.61,1.063438,0.76515,101.294687,560.503306
28.62,1.063438,0.76515,101.294683,560.503273
28.63,1.063438,0.76515,101.294679,560.50324
28.64,1.063438,0.76515,101.294675,560.503208
28.65,1.063438,0.76515,101.29467,560.503175
28.66,1.063438,0.76515,101.294666,560.503142
28.67,1.063438,0.76515,101.294662,560.503109
28.68,1.063438,0.76515,101.294658,560.503077
28.69,1.063438,0.76515,101.294653,560.503044
28.7,1.063438,0.76515,101.294649,560.503011
28.71,1.063438,0.765149,101.294645,560.502979
28.72,1.063438,0.765149,101.29464,560.502946
28.73,1.063438,0.765149,101.294636,560.502914
28.74,1.063438,0.765149,101.294632,560.502881
28.75,1.063438,0.765149,101.294628,560.502849
28.76,1.063438,0.765149,101.294623,560.502816
28.77,1.063438,0.765149,101.294619,560.502784
28.78,1.063438,0.765149,101.294615,560.502751
28.79,1.063438,0.765149,101.29461,560.502719
28.8,1.063438,0.765149,101.294606,560.502686
28.81,1.063438,0.765149,101.294602,560.502654
28.82,1.063438,0.765149,101.294598,560.502622
28.83,1.063438,0.765149,101.294593,560.502589
28.84,1.063438,0.765149,101.294589,560.502557
28.85,1.063438,0.765149,101.294585,560.502525
28.86,1.063438,0.765149,101.294581,560.502493
28.87,1.063438,0.765149,101.294576,560.502461
28.88,1.063438,0.765149,101.294572,560.502428
28.89,1.063438,0.765149,101.294568,560.502396
28.9,1.063438,0.765149,101.294564,560.502364
28.91,1.063438,0.765149,101.29456,560.502332
28.92,1.063438,0.765149,101.294555,560.5023
28.93,1.063438,0.765148,101.294551,560.502268
28.94,1.063438,0.765148,101.294547,560.502236
28.95,1.063438,0.765148,101.294543,560.502204
28.96,1.063438,0.765148,101.294539,560.502173
28.97,1.063438,0.765148,101.294534,560.502141
28.98,1.063438,0.765148,101.29453,560.502109
28.99,1.063438,0.765148,101.294526,560.502077
29,1.063438,0.765148,101.294522,560.502045
29.01,1.063438,0.765148,101.294518,560.502014
29.02,1.063438,0.765148,101.294513,560.501982
29.03,1.063438,0.765148,101.294509,560.50195
29.04,1.063438,0.765148,101.294505,560.501919
29.05,1.063438,0.765148,101.294501,560.501887
29.06,1.063438,0.765148,101.294497,560.501856
29.07,1.063438,0.765148,101.294493,560.501824
29.08,1.063438,0.765148,101.294488,560.501792
29.09,1.063438,0.765148,101.294484,560.501761
29.1,1.063438,0.765148,101.29448,560.501729
29.11,1.063438,0.765148,101.294476,560.501698
29.12,1.063438,0.765148,101.294472,560.501666
29.13,1.063438,0.765148,101.294467,560.501635
29.14,1.063438,0.765148,101.294463,560.501604
29.15,1.063438,0.765147,101.294459,560.501572
29.16,1.063438,0.765147,101.294455,560.501541
29.17,1.063438,0.765147,101.29445,560.501509
29.18,1.063438,0.765147,101.294446,560.501478
29.19,1.063438,0.765147,101.294442,560.501447
29.2,1.063438,0.765147,101.294438,560.501415
29.21,1.063438,0.765147,101.294433,560.501384
29.22,1.063438,0.765147,101.294429,560.501352
29.23,1.063438,0.765147,101.294425,560.501321
29.24,1.063438,0.765147,101.29442,560.50129
29.25,1.063438,0.765147,101.294416,560.501258
29.26,1.063438,0.765147,101.294412,560.501227
29.27,1.063438,0.765147,101.294407,560.501196
29.28,1.063438,0.765147,101.294403,560.501164
29.29,1.063439,0.765147,101.294399,560.501133
29.3,1.063439,0.765147,101.294394,560.501102
29.31,1.063439,0.765147,101.29439,560.50107
29.32,1.063439,0.765147,101.294386,560.501039
29.33,1.063439,0.765147,101.294381,560.501008
29.34,1.063439,0.765147,101.294377,560.500976
29.35,1.063439,0.765147,101.294372,560.500945
29.36,1.063439,0.765147,101.294368,560.500913
29.37,1.063439,0.765146,101.294363,560.500882
29.38,1.063439,0.765146,101.294359,560.500851
29.39,1.063439,0.765146,101.294354,560.500819
29.4,1.063439,0.765146,101.29435,560.500788
29.41,1.063439,0.765146,101.294345,560.500757
29.42,1.063439,0.765146,101.294341,560.500725
29.43,1.063439,0.765146,101.294336,560.500694
29.44,1.063439,0.765146,101.294331,560.500662
29.45,1.063439,0.765146,101.294327,560.500631
29.46,1.063439,0.765146,101.294322,560.500599
29.47,1.063439,0.765146,101.294318,560.500568
29.48,1.063439,0.765146,101.294313,560.500537
29.49,1.063439,0.765146,101.294308,560.500505
29.5,1.063439,0.765146,101.294304,560.500474
29.51,1.063439,0.765146,101.294299,560.500442
29.52,1.063439,0.765146,101.294294,560.500411
29.53,1.063439,0.765146,101.294289,560.500379
29.54,1.063439,0.765146,101.294285,560.500348
29.55,1.063439,0.765146,101.29428,560.500316
29.56,1.063439,0.765146,101.294275,560.500285
29.57,1.063439,0.765146,101.29427,560.500253
29.58,1.063439,0.765146,101.294266,560.500222
29.59,1.063439,0.765145,101.294261,560.50019
29.6,1.063439,0.765145,101.294256,560.500159
29.61,1.063439,0.765145,101.294251,560.500127
29.62,1.063439,0.765145,101.294246,560.500096
29.63,1.063439,0.765145,101.294241,560.500064
29.64,1.063439,0.765145,101.294237,560.500033
29.65,1.063439,0.765145,101.294232,560.500001
29.66,1.063439,0.765145,101.294227,560.499969
29.67,1.063439,0.765145,101.294222,560.499938
29.68,1.063439,0.765145,101.294217,560.499906
29.69,1.063439,0.765145,101.294212,560.499875
29.7,1.063439,0.765145,101.294207,560.499843
29.71,1.063439,0.765145,101.294202,560.499812
29.72,1.063439,0.765145,101.294197,560.49978
29.73,1.063439,0.765145,101.294192,560.499749
29.74,1.063439,0.765145,101.294187,560.499717
29.75,1.063439,0.765145,101.294182,560.499685
29.76,1.063439,0.765145,101.294177,560.499654
29.77,1.063439,0.765145,101.294172,560.499622
29.78,1.063439,0.765145,101.294167,560.499591
29.79,1.063439,0.765145,101.294162,560.499559
29.8,1.063439,0.765145,101.294157,560.499528
29.81,1.063439,0.765144,101.294152,560.499496
29.82,1.063439,0.765144,101.294147,560.499464
29.83,1.063439,0.765144,101.294142,560.499433
29.84,1.063439,0.765144,101.294137,560.499401
29.85,1.063439,0.765144,101.294131,560.49937
29.86,1.063439,0.765144,101.294126,560.499338
29.87,1.063439,0.765144,101.294121,560.499307
29.88,1.063439,0.765144,101.294116,560.499275
29.89,1.063439,0.765144,101.294111,560.499244
29.9,1.063439,0.765144,101.294106,560.499212
29.91,1.063439,0.765144,101.294101,560.49918
29.92,1.063439,0.765144,101.294095,560.499149
29.93,1.063439,0.765144,101.29409,560.499117
29.94,1.063439,0.765144,101.294085,560.499086
29.95,1.063439,0.765144,101.29408,560.499054
29.96,1.063439,0.765144,101.294075,560.499023
29.97,1.063439,0.765144,101.294069,560.498991
29.98,1.063439,0.765144,101.294064,560.49896
29.99,1.063439,0.765144,101.294059,560.498928
30,1.063439,0.765144,101.294054,560.498897
30.01,1.063439,0.765144,101.294048,560.498865
30.02,1.063439,0.765143,101.294043,560.498833
30.03,1.063439,0.765143,101.294038,560.498802
30.04,1.063439,0.765143,101.294032,560.49877
30.05,1.063439,0.765143,101.294027,560.498739
30.06,1.063439,0.765143,101.294022,560.498707
30.07,1.063439,0.765143,101.294017,560.498676
30.08,1.063439,0.765143,101.294011,560.498644
30.09,1.063439,0.765143,101.294006,560.498613
30.1,1.063439,0.765143,101.294,560.498581
30.11,1.063439,0.765143,101.293995,560.49855
30.12,1.063439,0.765143,101.29399,560.498518
30.13,1.063439,0.765143,101.293984,560.498487
30.14,1.063439,0.765143,101.293979,560.498455
30.15,1.063439,0.765143,101.293974,560.498424
30.16,1.063439,0.765143,101.293968,560.498392
30.17,1.063439,0.765143,101.293963,560.498361
30.18,1.063439,0.765143,101.293957,560.498329
30.19,1.063439,0.765143,101.293952,560.498298
30.2,1.063439,0.765143,101.293946,560.498266
30.21,1.063439,0.765143,101.293941,560.498235
30.22,1.063439,0.765143,101.293935,560.498203
30.23,1.063439,0.765143,101.29393,560.498172
30.24,1.063439,0.765142,101.293925,560.49814
30.25,1.063439,0.765142,101.293919,560.498109
30.26,1.063439,0.765142,101.293914,560.498078
30.27,1.063439,0.765142,101.293908,560.498046
30.28,1.063439,0.765142,101.293903,560.498015
30.29,1.063439,0.765142,101.293897,560.497983
30.3,1.063439,0.765142,101.293892,560.497952
30.31,1.063439,0.765142,101.293886,560.49792
30.32,1.063439,0.765142,101.29388,560.497889
30.33,1.063439,0.765142,101.293875,560.497858
30.34,1.063439,0.765142,101.293869,560.497826
30.35,1.063439,0.765142,101.293864,560.497795
30.36,1.063439,0.765142,101.293858,560.497764
30.37,1.063439,0.765142,101.293853,560.497732
30.38,1.063439,0.765142,101.293847,560.497701
30.39,1.063439,0.765142,101.293842,560.49767
30.4,1.063439,0.765142,101.293836,560.497638
30.41,1.063439,0.765142,101.293831,560.497607
30.42,1.063439,0.765142,101.293825,560.497576
30.43,1.063439,0.765142,101.293819,560.497545
30.44,1.063439,0.765142,101.293814,560.497513
30.45,1.063439,0.765142,101.293808,560.497482
30.46,1.063439,0.765141,101.293803,560.497451
30.47,1.063439,0.765141,101.293797,560.49742
30.48,1.063439,0.765141,101.293792,560.497389
30.49,1.063439,0.765141,101.293786,560.497358
30.5,1.063439,0.765141,101.293781,560.497327
30.51,1.063439,0.765141,101.293775,560.497295
30.52,1.063439,0.765141,101.29377,560.497264
30.53,1.063439,0.765141,101.293764,560.497233
30.54,1.063439,0.765141,101.293758,560.497202
30.55,1.063439,0.765141,101.293753,560.497171
30.56,1.063439,0.765141,101.293747,560.49714
30.57,1.063439,0.765141,101.293742,560.497109
30.58,1.063439,0.765141,101.293736,560.497078
30.59,1.063439,0.765141,101.293731,560.497047
30.6,1.063439,0.765141,101.293725,560.497017
30.61,1.063439,0.765141,101.29372,560.496986
30.62,1.063439,0.765141,101.293714,560.496955
30.63,1.063439,0.765141,101.293709,560.496924
30.64,1.063439,0.765141,101.293703,560.496893
30.65,1.063439,0.765141,101.293698,560.496862
30.66,1.063439,0.765141,101.293692,560.496831
30.67,1.063439,0.765141,101.293687,560.496801
30.68,1.063439,0.76514,101.293681,560.49677
30.69,1.063439,0.76514,101.293675,560.496739
30.7,1.063439,0.76514,101.29367,560.496708
30.71,1.063439,0.76514,101.293664,560.496678
30.72,1.063439,0.76514,101.293659,560.496647
30.73,1.063439,0.76514,101.293653,560.496616
30.74,1.063439,0.76514,101.293648,560.496586
30.75,1.063439,0.76514,101.293642,560.496555
30.76,1.063439,0.76514,101.293637,560.496525
30.77,1.063439,0.76514,101.293631,560.496494
30.78,1.063439,0.76514,101.293626,560.496463
30.79,1.063439,0.76514,101.29362,560.496433
30.8,1.063439,0.76514,101.293615,560.496402
30.81,1.063439,0.76514,101.293609,560.496372
30.82,1.063439,0.76514,101.293604,560.496341
30.83,1.063439,0.76514,101.293598,560.496311
30.84,1.063439,0.76514,101.293593,560.49628
30.85,1.063439,0.76514,101.293587,560.49625
30.86,1.063439,0.76514,101.293582,560.496219
30.87,1.063439,0.76514,101.293576,560.496189
30.88,1.063439,0.76514,101.293571,560.496158
30.89,1.063439,0.76514,101.293565,560.496128
30.9,1.063439,0.76514,101.29356,560.496097
30.91,1.063439,0.765139,101.293554,560.496067
30.92,1.063439,0.765139,101.293549,560.496036
30.93,1.063439,0.765139,101.293543,560.496006
30.94,1.063439,0.765139,101.293538,560.495975
30.95,1.063439,0.765139,101.293532,560.495945
30.96,1.063439,0.765139,101.293527,560.495914
30.97,1.063439,0.765139,101.293521,560.495884
30.98,1.063439,0.765139,101.293515,560.495853
30.99,1.063439,0.765139,101.29351,560.495823
31,1.063439,0.765139,101.293504,560.495793
31.01,1.063439,0.765139,101.293499,560.495762
31.02,1.063439,0.765139,101.293493,560.495732
31.03,1.063439,0.765139,101.293487,560.495701
31.04,1.063439,0.765139,101.293482,560.495671
31.05,1.063439,0.765139,101.293476,560.49564
31.06,1.063439,0.765139,101.293471,560.49561
31.07,1.063439,0.765139,101.293465,560.495579
31.08,1.063439,0.765139,101.293459,560.495549
31.09,1.063439,0.765139,101.293454,560.495518
31.1,1.063439,0.765139,101.293448,560.495488
31.11,1.063439,0.765139,101.293442,560.495457
31.12,1.063439,0.765139,101.293437,560.495427
31.13,1.063439,0.765138,101.293431,560.495396
31.14,1.063439,0.765138,101.293425,560.495366
31.15,1.063439,0.765138,101.29342,560.495335
31.16,1.063439,0.765138,101.293414,560.495305
31.17,1.063439,0.765138,101.293408,560.495274
31.18,1.063439,0.765138,101.293403,560.495244
31.19,1.063439,0.765138,101.293397,560.495213
31.2,1.063439,0.765138,101.293391,560.495183
31.21,1.063439,0.765138,101.293386,560.495152
31.22,1.063439,0.765138,101.29338,560.495122
31.23,1.063439,0.765138,101.293374,560.495091
31.24,1.063439,0.765138,101.293368,560.495061
31.25,1.063439,0.765138,101.293363,560.49503
31.26,1.063439,0.765138,101.293357,560.495
31.27,1.063439,0.765138,101.293351,560.494969
31.28,1.063439,0.765138,101.293345,560.494938
31.29,1.063439,0.765138,101.293339,560.494908
31.3,1.063439,0.765138,101.293334,560.494877
31.31,1.063439,0.765138,101.293328,560.494847
31.32,1.063439,0.765138,101.293322,560.494816
31.33,1.063439,0.765138,101.293316,560.494785
31.34,1.063439,0.765138,101.29331,560.494755
31.35,1.063439,0.765138,101.293305,560.494724
31.36,1.063439,0.765137,101.293299,560.494694
31.37,1.063439,0.765137,101.293293,560.494663
31.38,1.063439,0.765137,101.293287,560.494632
31.39,1.063439,0.765137,101.293281,560.494602
31.4,1.063439,0.765137,101.293276,560.494571
31.41,1.063439,0.765137,101.29327,560.494541
31.42,1.063439,0.765137,101.293264,560.49451
31.43,1.063439,0.765137,101.293258,560.494479
31.44,1.063439,0.765137,101.293252,560.494449
31.45,1.063439,0.765137,101.293247,560.494418
31.46,1.063439,0.765137,101.293241,560.494388
31.47,1.063439,0.765137,101.293235,560.494357
31.48,1.063439,0.765137,101.293229,560.494327
31.49,1.063439,0.765137,101.293223,560.494296
31.5,1.063439,0.765137,101.293217,560.494265
31.51,1.063439,0.765137,101.293212,560.494235
31.52,1.063439,0.765137,101.293206,560.494204
31.53,1.063439,0.765137,101.2932,560.494174
31.54,1.063439,0.765137,101.293194,560.494143
31.55,1.063439,0.765137,101.293188,560.494113
31.56,1.063439,0.765137,101.293182,560.494082
31.57,1.063439,0.765137,101.293177,560.494052
31.58,1.063439,0.765137,101.293171,560.494021
31.59,1.063439,0.765136,101.293165,560.493991
31.6,1.063439,0.765136,101.293159,560.49396
31.61,1.063439,0.765136,101.293153,560.49393
31.62,1.063439,0.765136,101.293148,560.493899
31.63,1.063439,0.765136,101.293142,560.493869
31.64,1.063439,0.765136,101.293136,560.493838
31.65,1.063439,0.765136,101.29313,560.493808
31.66,1.063439,0.765136,101.293124,560.493777
31.67,1.063439,0.765136,101.293119,560.493747
31.68,1.063439,0.765136,101.293113,560.493716
31.69,1.063439,0.765136,101.293107,560.493686
31.7,1.063439,0.765136,101.293101,560.493656
31.71,1.063439,0.765136,101.293095,560.493625
31.72,1.063439,0.765136,101.29309,560.493595
31.73,1.063439,0.765136,101.293084,560.493564
31.74,1.063439,0.765136,101.293078,560.493534
31.75,1.063439,0.765136,101.293072,560.493504
31.76,1.063439,0.765136,101.293067,560.493473
31.77,1.063439,0.765136,101.293061,560.493443
31.78,1.063439,0.765136,101.293055,560.493413
31.79,1.063439,0.765136,101.293049,560.493382
31.8,1.063439,0.765136,101.293044,560.493352
31.81,1.063439,0.765135,101.293038,560.493322
31.82,1.063439,0.765135,101.293032,560.493292
31.83,1.063439,0.765135,101.293026,560.493261
31.84,1.063439,0.765135,101.293021,560.493231
31.85,1.063439,0.765135,101.293015,560.493201
31.86,1.063439,0.765135,101.293009,560.493171
31.87,1.063439,0.765135,101.293003,560.49314
31.88,1.063439,0.765135,101.292998,560.49311
31.89,1.063439,0.765135,101.292992,560.49308
31.9,1.063439,0.765135,101.292986,560.49305
31.91,1.063439,0.765135,101.292981,560.49302
31.92,1.063439,0.765135,101.292975,560.492989
31.93,1.063439,0.765135,101.292969,560.492959
31.94,1.063439,0.765135,101.292963,560.492929
31.95,1.063439,0.765135,101.292958,560.492899
31.96,1.06344,0.765135,101.292952,560.492869
31.97,1.06344,0.765135,101.292946,560.492839
31.98,1.06344,0.765135,101.292941,560.492808
31.99,1.06344,0.765135,101.292935,560.492778
32,1.06344,0.765135,101.292929,560.492748
32.01,1.06344,0.765135,101.292924,560.492718
32.02,1.06344,0.765135,101.292918,560.492688
32.03,1.06344,0.765135,101.292912,560.492658
32.04,1.06344,0.765134,101.292907,560.492628
32.05,1.06344,0.765134,101.292901,560.492598
32.06,1.06344,0.765134,101.292895,560.492568
32.07,1.06344,0.765134,101.29289,560.492538
32.08,1.06344,0.765134,101.292884,560.492508
32.09,1.06344,0.765134,101.292879,560.492478
32.1,1.06344,0.765134,101.292873,560.492448
32.11,1.06344,0.765134,101.292867,560.492418
32.12,1.06344,0.765134,101.292862,560.492388
32.13,1.06344,0.765134,101.292856,560.492358
32.14,1.06344,0.765134,101.29285,560.492328
32.15,1.06344,0.765134,101.292845,560.492298
32.16,1.06344,0.765134,101.292839,560.492268
32.17,1.06344,0.765134,101.292834,560.492238
32.18,1.06344,0.765134,101.292828,560.492208
32.19,1.06344,0.765134,101.292822,560.492178
32.2,1.06344,0.765134,101.292817,560.492148
32.21,1.06344,0.765134,101.292811,560.492118
32.22,1.06344,0.765134,101.292806,560.492088
32.23,1.06344,0.765134,101.2928,560.492059
32.24,1.06344,0.765134,101.292795,560.492029
32.25,1.06344,0.765134,101.292789,560.491999
32.26,1.06344,0.765134,101.292784,560.491969
32.27,1.06344,0.765133,101.292778,560.491939
32.28,1.06344,0.765133,101.292773,560.491909
32.29,1.06344,0.765133,101.292767,560.49188
32.3,1.06344,0.765133,101.292761,560.49185
32.31,1.06344,0.765133,101.292756,560.49182
32.32,1.06344,0.765133,101.29275,560.49179
32.33,1.06344,0.765133,101.292745,560.49176
32.34,1.06344,0.765133,101.29274,560.491731
32.35,1.06344,0.765133,101.292734,560.491701
32.36,1.06344,0.765133,101.292729,560.491671
32.37,1.06344,0.765133,101.292723,560.491641
32.38,1.06344,0.765133,101.292718,560.491612
32.39,1.06344,0.765133,101.292712,560.491582
32.4,1.06344,0.765133,101.292707,560.491552
32.41,1.06344,0.765133,101.292701,560.491523
32.42,1.06344,0.765133,101.292696,560.491493
32.43,1.06344,0.765133,101.29269,560.491463
32.44,1.06344,0.765133,101.292685,560.491434
32.45,1.06344,0.765133,101.29268,560.491404
32.46,1.06344,0.765133,101.292674,560.491374
32.47,1.06344,0.765133,101.292669,560.491345
32.48,1.06344,0.765133,101.292663,560.491315
32.49,1.06344,0.765133,101.292658,560.491285
32.5,1.06344,0.765133,101.292653,560.491256
32.51,1.06344,0.765132,101.292647,560.491226
32.52,1.06344,0.765132,101.292642,560.491197
32.53,1.06344,0.765132,101.292636,560.491167
32.54,1.06344,0.765132,101.292631,560.491137
32.55,1.06344,0.765132,101.292626,560.491108
32.56,1.06344,0.765132,101.29262,560.491078
32.57,1.06344,0.765132,101.292615,560.491049
32.58,1.06344,0.765132,101.29261,560.491019
32.59,1.06344,0.765132,101.292604,560.49099
32.6,1.06344,0.765132,101.292599,560.49096
32.61,1.06344,0.765132,101.292594,560.490931
32.62,1.06344,0.765132,101.292588,560.490901
32.63,1.06344,0.765132,101.292583,560.490871
32.64,1.06344,0.765132,101.292578,560.490842
32.65,1.06344,0.765132,101.292572,560.490812
32.66,1.06344,0.765132,101.292567,560.490783
32.67,1.06344,0.765132,101.292562,560.490753
32.68,1.06344,0.765132,101.292557,560.490724
32.69,1.06344,0.765132,101.292551,560.490694
32.7,1.06344,0.765132,101.292546,560.490665
32.71,1.06344,0.765132,101.292541,560.490635
32.72,1.06344,0.765132,101.292535,560.490606
32.73,1.06344,0.765132,101.29253,560.490576
32.74,1.06344,0.765131,101.292525,560.490547
32.75,1.06344,0.765131,101.29252,560.490517
32.76,1.06344,0.765131,101.292514,560.490488
32.77,1.06344,0.765131,101.292509,560.490458
32.78,1.06344,0.765131,101.292504,560.490429
32.79,1.06344,0.765131,101.292499,560.490399
32.8,1.06344,0.765131,101.292493,560.49037
32.81,1.06344,0.765131,101.292488,560.49034
32.82,1.06344,0.765131,101.292483,560.490311
32.83,1.06344,0.765131,101.292478,560.490281
32.84,1.06344,0.765131,101.292472,560.490252
32.85,1.06344,0.765131,101.292467,560.490222
32.86,1.06344,0.765131,101.292462,560.490193
32.87,1.06344,0.765131,101.292457,560.490163
32.88,1.06344,0.765131,101.292451,560.490134
32.89,1.06344,0.765131,101.292446,560.490104
32.9,1.06344,0.765131,101.292441,560.490075
32.91,1.06344,0.765131,101.292436,560.490045
32.92,1.06344,0.765131,101.29243,560.490016
32.93,1.06344,0.765131,101.292425,560.489986
32.94,1.06344,0.765131,101.29242,560.489957
32.95,1.06344,0.765131,101.292415,560.489927
32.96,1.06344,0.765131,101.292409,560.489898
32.97,1.06344,0.765131,101.292404,560.489868
32.98,1.06344,0.76513,101.292399,560.489839
32.99,1.06344,0.76513,101.292394,560.489809
33,1.06344,0.76513,101.292389,560.48978
33.01,1.06344,0.76513,101.292383,560.48975
33.02,1.06344,0.76513,101.292378,560.489721
33.03,1.06344,0.76513,101.292373,560.489691
33.04,1.06344,0.76513,101.292368,560.489662
33.05,1.06344,0.76513,101.292363,560.489632
33.06,1.06344,0.76513,101.292357,560.489603
33.07,1.06344,0.76513,101.292352,560.489573
33.08,1.06344,0.76513,101.292347,560.489544
33.09,1.06344,0.76513,101.292342,560.489514
33.1,1.06344,0.76513,101.292337,560.489485
33.11,1.06344,0.76513,101.292332,560.489456
33.12,1.06344,0.76513,101.292326,560.489426
33.13,1.06344,0.76513,101.292321,560.489397
33.14,1.06344,0.76513,101.292316,560.489367
33.15,1.06344,0.76513,101.292311,560.489338
33.16,1.06344,0.76513,101.292306,560.489308
33.17,1.06344,0.76513,101.292301,560.489279
33.18,1.06344,0.76513,101.292296,560.489249
33.19,1.06344,0.76513,101.29229,560.48922
33.2,1.06344,0.76513,101.292285,560.48919
33.21,1.06344,0.765129,101.29228,560.489161
33.22,1.06344,0.765129,101.292275,560.489132
33.23,1.06344,0.765129,101.29227,560.489102
33.24,1.06344,0.765129,101.292265,560.489073
33.25,1.06344,0.765129,101.29226,560.489043
33.26,1.06344,0.765129,101.292255,560.489014
33.27,1.06344,0.765129,101.29225,560.488985
33.28,1.06344,0.765129,101.292245,560.488955
33.29,1.06344,0.765129,101.29224,560.488926
33.3,1.06344,0.765129,101.292235,560.488897
33.31,1.06344,0.765129,101.29223,560.488867
33.32,1.06344,0.765129,101.292225,560.488838
33.33,1.06344,0.765129,101.29222,560.488809
33.34,1.06344,0.765129,101.292215,560.488779
33.35,1.06344,0.765129,101.29221,560.48875
33.36,1.06344,0.765129,101.292205,560.488721
33.37,1.06344,0.765129,101.2922,560.488691
33.38,1.06344,0.765129,101.292195,560.488662
33.39,1.06344,0.765129,101.29219,560.488633
33.4,1.06344,0.765129,101.292185,560.488604
33.41,1.06344,0.765129,101.29218,560.488574
33.42,1.06344,0.765129,101.292175,560.488545
33.43,1.06344,0.765129,101.29217,560.488516
33.44,1.06344,0.765129,101.292165,560.488487
33.45,1.06344,0.765128,101.29216,560.488458
33.46,1.06344,0.765128,101.292155,560.488428
33.47,1.06344,0.765128,101.29215,560.488399
33.48,1.06344,0.765128,101.292145,560.48837
33.49,1.06344,0.765128,101.29214,560.488341
33.5,1.06344,0.765128,101.292136,560.488312
33.51,1.06344,0.765128,101.292131,560.488283
33.52,1.06344,0.765128,101.292126,560.488254
33.53,1.06344,0.765128,101.292121,560.488224
33.54,1.06344,0.765128,101.292116,560.488195
33.55,1.06344,0.765128,101.292111,560.488166
33.56,1.06344,0.765128,101.292107,560.488137
33.57,1.06344,0.765128,101.292102,560.488108
33.58,1.06344,0.765128,101.292097,560.488079
33.59,1.06344,0.765128,101.292092,560.48805
33.6,1.06344,0.765128,101.292087,560.488021
33.61,1.06344,0.765128,101.292083,560.487992
33.62,1.06344,0.765128,101.292078,560.487963
33.63,1.06344,0.765128,101.292073,560.487934
33.64,1.06344,0.765128,101.292068,560.487905
33.65,1.06344,0.765128,101.292064,560.487876
33.66,1.06344,0.765128,101.292059,560.487847
33.67,1.06344,0.765128,101.292054,560.487818
33.68,1.06344,0.765128,101.292049,560.487789
33.69,1.06344,0.765127,101.292045,560.48776
33.7,1.06344,0.765127,101.29204,560.487731
33.71,1.06344,0.765127,101.292035,560.487702
33.72,1.06344,0.765127,101.292031,560.487674
33.73,1.06344,0.765127,101.292026,560.487645
33.74,1.06344,0.765127,101.292021,560.487616
33.75,1.06344,0.765127,101.292017,560.487587
33.76,1.06344,0.765127,101.292012,560.487558
33.77,1.06344,0.765127,101.292007,560.487529
33.78,1.06344,0.765127,101.292003,560.4875
33.79,1.06344,0.765127,101.291998,560.487471
33.8,1.06344,0.765127,101.291993,560.487443
33.81,1.06344,0.765127,101.291989,560.487414
33.82,1.06344,0.765127,101.291984,560.487385
33.83,1.06344,0.765127,101.291979,560.487356
33.84,1.06344,0.765127,101.291975,560.487327
33.85,1.06344,0.765127,101.29197,560.487298
33.86,1.06344,0.765127,101.291966,560.48727
33.87,1.06344,0.765127,101.291961,560.487241
33.88,1.06344,0.765127,101.291956,560.487212
33.89,1.06344,0.765127,101.291952,560.487183
33.9,1.06344,0.765127,101.291947,560.487155
33.91,1.06344,0.765127,101.291943,560.487126
33.92,1.06344,0.765127,101.291938,560.487097
33.93,1.06344,0.765126,101.291934,560.487068
33.94,1.06344,0.765126,101.291929,560.48704
33.95,1.06344,0.765126,101.291924,560.487011
33.96,1.06344,0.765126,101.29192,560.486982
33.97,1.06344,0.765126,101.291915,560.486953
33.98,1.06344,0.765126,101.291911,560.486925
33.99,1.06344,0.765126,101.291906,560.486896
34,1.06344,0.765126,101.291902,560.486867
34.01,1.06344,0.765126,101.291897,560.486838
34.02,1.06344,0.765126,101.291893,560.48681
34.03,1.06344,0.765126,101.291888,560.486781
34.04,1.06344,0.765126,101.291884,560.486752
34.05,1.06344,0.765126,101.291879,560.486724
34.06,1.06344,0.765126,101.291875,560.486695
34.07,1.06344,0.765126,101.29187,560.486666
34.08,1.06344,0.765126,101.291866,560.486638
34.09,1.06344,0.765126,101.291861,560.486609
34.1,1.06344,0.765126,101.291857,560.48658
34.11,1.06344,0.765126,101.291853,560.486552
34.12,1.06344,0.765126,101.291848,560.486523
34.13,1.06344,0.765126,101.291844,560.486494
34.14,1.06344,0.765126,101.291839,560.486466
34.15,1.06344,0.765126,101.291835,560.486437
34.16,1.06344,0.765126,101.29183,560.486409
34.17,1.06344,0.765125,101.291826,560.48638
34.18,1.06344,0.765125,101.291822,560.486351
34.19,1.06344,0.765125,101.291817,560.486323
34.2,1.06344,0.765125,101.291813,560.486294
34.21,1.06344,0.765125,101.291808,560.486266
34.22,1.06344,0.765125,101.291804,560.486237
34.23,1.06344,0.765125,101.2918,560.486208
34.24,1.06344,0.765125,101.291795,560.48618
34.25,1.06344,0.765125,101.291791,560.486151
34.26,1.06344,0.765125,101.291786,560.486123
34.27,1.06344,0.765125,101.291782,560.486094
34.28,1.06344,0.765125,101.291778,560.486066
34.29,1.06344,0.765125,101.291773,560.486037
34.3,1.06344,0.765125,101.291769,560.486008
34.31,1.06344,0.765125,101.291765,560.48598
34.32,1.06344,0.765125,101.29176,560.485951
34.33,1.06344,0.765125,101.291756,560.485923
34.34,1.06344,0.765125,101.291752,560.485894
34.35,1.06344,0.765125,101.291747,560.485866
34.36,1.06344,0.765125,101.291743,560.485837
34.37,1.06344,0.765125,101.291739,560.485809
34.38,1.06344,0.765125,101.291734,560.48578
34.39,1.06344,0.765125,101.29173,560.485752
34.4,1.06344,0.765125,101.291726,560.485723
34.41,1.06344,0.765125,101.291721,560.485695
34.42,1.06344,0.765124,101.291717,560.485666
34.43,1.06344,0.765124,101.291713,560.485638
34.44,1.06344,0.765124,101.291709,560.485609
34.45,1.06344,0.765124,101.291704,560.485581
34.46,1.06344,0.765124,101.2917,560.485553
34.47,1.06344,0.765124,101.291696,560.485524
34.48,1.06344,0.765124,101.291692,560.485496
34.49,1.06344,0.765124,101.291687,560.485467
34.5,1.06344,0.765124,101.291683,560.485439
34.51,1.06344,0.765124,101.291679,560.48541
34.52,1.06344,0.765124,101.291675,560.485382
34.53,1.06344,0.765124,101.29167,560.485353
34.54,1.06344,0.765124,101.291666,560.485325
34.55,1.06344,0.765124,101.291662,560.485297
34.56,1.06344,0.765124,101.291658,560.485268
34.57,1.06344,0.765124,101.291653,560.48524
34.58,1.06344,0.765124,101.291649,560.485211
34.59,1.06344,0.765124,101.291645,560.485183
34.6,1.06344,0.765124,101.291641,560.485155
34.61,1.06344,0.765124,101.291636,560.485126
34.62,1.06344,0.765124,101.291632,560.485098
34.63,1.06344,0.765124,101.291628,560.485069
34.64,1.06344,0.765124,101.291624,560.485041
34.65,1.06344,0.765124,101.29162,560.485013
34.66,1.06344,0.765123,101.291615,560.484984
34.67,1.06344,0.765123,101.291611,560.484956
34.68,1.06344,0.765123,101.291607,560.484927
34.69,1.06344,0.765123,101.291603,560.484899
34.7,1.06344,0.765123,101.291599,560.484871
34.71,1.06344,0.765123,101.291595,560.484842
34.72,1.06344,0.765123,101.29159,560.484814
34.73,1.06344,0.765123,101.291586,560.484786
34.74,1.06344,0.765123,101.291582,560.484757
34.75,1.06344,0.765123,101.291578,560.484729
34.76,1.06344,0.765123,101.291574,560.484701
34.77,1.06344,0.765123,101.29157,560.484672
34.78,1.06344,0.765123,101.291565,560.484644
34.79,1.06344,0.765123,101.291561,560.484616
34.8,1.06344,0.765123,101.291557,560.484587
34.81,1.06344,0.765123,101.291553,560.484559
34.82,1.06344,0.765123,101.291549,560.484531
34.83,1.06344,0.765123,101.291545,560.484502
34.84,1.06344,0.765123,101.291541,560.484474
34.85,1.06344,0.765123,101.291536,560.484446
34.86,1.06344,0.765123,101.291532,560.484418
34.87,1.06344,0.765123,101.291528,560.484389
34.88,1.06344,0.765123,101.291524,560.484361
34.89,1.06344,0.765123,101.29152,560.484333
34.9,1.06344,0.765123,101.291516,560.484305
34.91,1.06344,0.765122,101.291512,560.484276
34.92,1.06344,0.765122,101.291508,560.484248
34.93,1.06344,0.765122,101.291504,560.48422
34.94,1.06344,0.765122,101.291499,560.484192
34.95,1.06344,0.765122,101.291495,560.484163
34.96,1.06344,0.765122,101.291491,560.484135
34.97,1.06344,0.765122,101.291487,560.484107
34.98,1.06344,0.765122,101.291483,560.484079
34.99,1.06344,0.765122,101.291479,560.484051
35,1.06344,0.765122,101.291475,560.484022
35.01,1.06344,0.765122,101.291471,560.483994
35.02,1.06344,0.765122,101.291467,560.483966
35.03,1.06344,0.765122,101.291463,560.483938
35.04,1.06344,0.765122,101.291459,560.48391
35.05,1.06344,0.765122,101.291455,560.483882
35.06,1.06344,0.765122,101.291451,560.483854
35.07,1.06344,0.765122,101.291447,560.483825
35.08,1.06344,0.765122,101.291443,560.483797
35.09,1.06344,0.765122,101.291439,560.483769
35.1,1.06344,0.765122,101.291435,560.483741
35.11,1.06344,0.765122,101.291431,560.483713
35.12,1.06344,0.765122,101.291427,560.483685
35.13,1.06344,0.765122,101.291423,560.483657
35.14,1.06344,0.765122,101.291419,560.483629
35.15,1.063441,0.765121,101.291415,560.483601
35.16,1.063441,0.765121,101.291411,560.483573
35.17,1.063441,0.765121,101.291407,560.483545
35.18,1.063441,0.765121,101.291403,560.483517
35.19,1.063441,0.765121,101.291399,560.483489
35.2,1.063441,0.765121,101.291395,560.483461
35.21,1.063441,0.765121,101.291391,560.483433
35.22,1.063441,0.765121,101.291387,560.483405
35.23,1.063441,0.765121,101.291383,560.483377
35.24,1.063441,0.765121,101.291379,560.483349
35.25,1.063441,0.765121,101.291375,560.483321
35.26,1.063441,0.765121,101.291371,560.483293
35.27,1.063441,0.765121,101.291368,560.483265
35.28,1.063441,0.765121,101.291364,560.483237
35.29,1.063441,0.765121,101.29136,560.48321
35.3,1.063441,0.765121,101.291356,560.483182
35.31,1.063441,0.765121,101.291352,560.483154
35.32,1.063441,0.765121,101.291348,560.483126
35.33,1.063441,0.765121,101.291344,560.483098
35.34,1.063441,0.765121,101.29134,560.48307
35.35,1.063441,0.765121,101.291336,560.483042
35.36,1.063441,0.765121,101.291333,560.483015
35.37,1.063441,0.765121,101.291329,560.482987
35.38,1.063441,0.765121,101.291325,560.482959
35.39,1.063441,0.765121,101.291321,560.482931
35.4,1.063441,0.76512,101.291317,560.482903
35.41,1.063441,0.76512,101.291313,560.482875
35.42,1.063441,0.76512,101.291309,560.482848
35.43,1.063441,0.76512,101.291306,560.48282
35.44,1.063441,0.76512,101.291302,560.482792
35.45,1.063441,0.76512,101.291298,560.482764
35.46,1.063441,0.76512,101.291294,560.482737
35.47,1.063441,0.76512,101.29129,560.482709
35.48,1.063441,0.76512,101.291286,560.482681
35.49,1.063441,0.76512,101.291283,560.482653
35.5,1.063441,0.76512,101.291279,560.482626
35.51,1.063441,0.76512,101.291275,560.482598
35.52,1.063441,0.76512,101.291271,560.48257
35.53,1.063441,0.76512,101.291267,560.482543
35.54,1.063441,0.76512,101.291263,560.482515
35.55,1.063441,0.76512,101.29126,560.482487
35.56,1.063441,0.76512,101.291256,560.48246
35.57,1.063441,0.76512,101.291252,560.482432
35.58,1.063441,0.76512,101.291248,560.482404
35.59,1.063441,0.76512,101.291244,560.482377
35.6,1.063441,0.76512,101.291241,560.482349
35.61,1.063441,0.76512,101.291237,560.482321
35.62,1.063441,0.76512,101.291233,560.482294
35.63,1.063441,0.76512,101.291229,560.482266
35.64,1.063441,0.76512,101.291225,560.482238
35.65,1.063441,0.76512,101.291222,560.482211
35.66,1.063441,0.765119,101.291218,560.482183
35.67,1.063441,0.765119,101.291214,560.482155
35.68,1.063441,0.765119,101.29121,560.482128
35.69,1.063441,0.765119,101.291207,560.4821
35.7,1.063441,0.765119,101.291203,560.482073
35.71,1.063441,0.765119,101.291199,560.482045
35.72,1.063441,0.765119,101.291195,560.482017
35.73,1.063441,0.765119,101.291191,560.48199
35.74,1.063441,0.765119,101.291188,560.481962
35.75,1.063441,0.765119,101.291184,560.481935
35.76,1.063441,0.765119,101.29118,560.481907
35.77,1.063441,0.765119,101.291176,560.481879
35.78,1.063441,0.765119,101.291173,560.481852
35.79,1.063441,0.765119,101.291169,560.481824
35.8,1.063441,0.765119,101.291165,560.481797
35.81,1.063441,0.765119,101.291161,560.481769
35.82,1.063441,0.765119,101.291158,560.481742
35.83,1.063441,0.765119,101.291154,560.481714
35.84,1.063441,0.765119,101.29115,560.481687
35.85,1.063441,0.765119,101.291146,560.481659
35.86,1.063441,0.765119,101.291142,560.481631
35.87,1.063441,0.765119,101.291139,560.481604
35.88,1.063441,0.765119,101.291135,560.481576
35.89,1.063441,0.765119,101.291131,560.481549
35.9,1.063441,0.765119,101.291127,560.481521
35.91,1.063441,0.765118,101.291124,560.481494
35.92,1.063441,0.765118,101.29112,560.481466
35.93,1.063441,0.765118,101.291116,560.481439
35.94,1.063441,0.765118,101.291112,560.481411
35.95,1.063441,0.765118,101.291109,560.481384
35.96,1.063441,0.765118,101.291105,560.481356
35.97,1.063441,0.765118,101.291101,560.481329
35.98,1.063441,0.765118,101.291097,560.481302
35.99,1.063441,0.765118,101.291094,560.481274
36,1.063441,0.765118,101.29109,560.481247
36.01,1.063441,0.765118,101.291086,560.481219
36.02,1.063441,0.765118,101.291083,560.481192
36.03,1.063441,0.765118,101.291079,560.481164
36.04,1.063441,0.765118,101.291075,560.481137
36.05,1.063441,0.765118,101.291071,560.481109
36.06,1.063441,0.765118,101.291068,560.481082
36.07,1.063441,0.765118,101.291064,560.481055
36.08,1.063441,0.765118,101.29106,560.481027
36.09,1.063441,0.765118,101.291056,560.481
36.1,1.063441,0.765118,101.291053,560.480972
36.11,1.063441,0.765118,101.291049,560.480945
36.12,1.063441,0.765118,101.291045,560.480918
36.13,1.063441,0.765118,101.291042,560.48089
36.14,1.063441,0.765118,101.291038,560.480863
36.15,1.063441,0.765118,101.291034,560.480835
36.16,1.063441,0.765117,101.29103,560.480808
36.17,1.063441,0.765117,101.291027,560.480781
36.18,1.063441,0.765117,101.291023,560.480753
36.19,1.063441,0.765117,101.291019,560.480726
36.2,1.063441,0.765117,101.291016,560.480699
36.21,1.063441,0.765117,101.291012,560.480671
36.22,1.063441,0.765117,101.291008,560.480644
36.23,1.063441,0.765117,101.291004,560.480617
36.24,1.063441,0.765117,101.291001,560.480589
36.25,1.063441,0.765117,101.290997,560.480562
36.26,1.063441,0.765117,101.290993,560.480535
36.27,1.063441,0.765117,101.29099,560.480508
36.28,1.063441,0.765117,101.290986,560.48048
36.29,1.063441,0.765117,101.290982,560.480453
36.3,1.063441,0.765117,101.290979,560.480426
36.31,1.063441,0.765117,101.290975,560.480398
36.32,1.063441,0.765117,101.290971,560.480371
36.33,1.063441,0.765117,101.290967,560.480344
36.34,1.063441,0.765117,101.290964,560.480317
36.35,1.063441,0.765117,101.29096,560.480289
36.36,1.063441,0.765117,101.290956,560.480262
36.37,1.063441,0.765117,101.290953,560.480235
36.38,1.063441,0.765117,101.290949,560.480208
36.39,1.063441,0.765117,101.290945,560.480181
36.4,1.063441,0.765117,101.290942,560.480153
36.41,1.063441,0.765117,101.290938,560.480126
36.42,1.063441,0.765116,101.290934,560.480099
36.43,1.063441,0.765116,101.290931,560.480072
36.44,1.063441,0.765116,101.290927,560.480045
36.45,1.063441,0.765116,101.290923,560.480017
36.46,1.063441,0.765116,101.29092,560.47999
36.47,1.063441,0.765116,101.290916,560.479963
36.48,1.063441,0.765116,101.290912,560.479936
36.49,1.063441,0.765116,101.290909,560.479909
36.5,1.063441,0.765116,101.290905,560.479882
36.51,1.063441,0.765116,101.290901,560.479854
36.52,1.063441,0.765116,101.290898,560.479827
36.53,1.063441,0.765116,101.290894,560.4798
36.54,1.063441,0.765116,101.29089,560.479773
36.55,1.063441,0.765116,101.290887,560.479746
36.56,1.063441,0.765116,101.290883,560.479719
36.57,1.063441,0.765116,101.290879,560.479692
36.58,1.063441,0.765116,101.290875,560.479665
36.59,1.063441,0.765116,101.290872,560.479638
36.6,1.063441,0.765116,101.290868,560.479611
36.61,1.063441,0.765116,101.290864,560.479584
36.62,1.063441,0.765116,101.290861,560.479556
36.63,1.063441,0.765116,101.290857,560.479529
36.64,1.063441,0.765116,101.290854,560.479502
36.65,1.063441,0.765116,101.29085,560.479475
36.66,1.063441,0.765116,101.290846,560.479448
36.67,1.063441,0.765116,101.290843,560.479421
36.68,1.063441,0.765115,101.290839,560.479394
36.69,1.063441,0.765115,101.290835,560.479367
36.7,1.063441,0.765115,101.290832,560.47934
36.71,1.063441,0.765115,101.290828,560.479313
36.72,1.063441,0.765115,101.290824,560.479286
36.73,1.063441,0.765115,101.290821,560.479259
36.74,1.063441,0.765115,101.290817,560.479232
36.75,1.063441,0.765115,101.290813,560.479205
36.76,1.063441,0.765115,101.29081,560.479178
36.77,1.063441,0.765115,101.290806,560.479151
36.78,1.063441,0.765115,101.290802,560.479125
36.79,1.063441,0.765115,101.290799,560.479098
36.8,1.063441,0.765115,101.290795,560.479071
36.81,1.063441,0.765115,101.290791,560.479044
36.82,1.063441,0.765115,101.290788,560.479017
36.83,1.063441,0.765115,101.290784,560.47899
36.84,1.063441,0.765115,101.290781,560.478963
36.85,1.063441,0.765115,101.290777,560.478936
36.86,1.063441,0.765115,101.290773,560.478909
36.87,1.063441,0.765115,101.29077,560.478882
36.88,1.063441,0.765115,101.290766,560.478856
36.89,1.063441,0.765115,101.290762,560.478829
36.9,1.063441,0.765115,101.290759,560.478802
36.91,1.063441,0.765115,101.290755,560.478775
36.92,1.063441,0.765115,101.290751,560.478748
36.93,1.063441,0.765114,101.290748,560.478721
36.94,1.063441,0.765114,101.290744,560.478695
36.95,1.063441,0.765114,101.290741,560.478668
36.96,1.063441,0.765114,101.290737,560.478641
36.97,1.063441,0.765114,101.290733,560.478614
36.98,1.063441,0.765114,101.29073,560.478588
36.99,1.063441,0.765114,101.290726,560.478561
37,1.063441,0.765114,101.290723,560.478534
37.01,1.063441,0.765114,101.290719,560.478507
37.02,1.063441,0.765114,101.290715,560.47848
37.03,1.063441,0.765114,101.290712,560.478454
37.04,1.063441,0.765114,101.290708,560.478427
37.05,1.063441,0.765114,101.290704,560.4784
37.06,1.063441,0.765114,101.290701,560.478374
37.07,1.063441,0.765114,101.290697,560.478347
37.08,1.063441,0.765114,101.290694,560.47832
37.09,1.063441,0.765114,101.29069,560.478293
37.1,1.063441,0.765114,101.290686,560.478267
37.11,1.063441,0.765114,101.290683,560.47824
37.12,1.063441,0.765114,101.290679,560.478213
37.13,1.063441,0.765114,101.290676,560.478187
37.14,1.063441,0.765114,101.290672,560.47816
37.15,1.063441,0.765114,101.290668,560.478134
37.16,1.063441,0.765114,101.290665,560.478107
37.17,1.063441,0.765114,101.290661,560.47808
37.18,1.063441,0.765114,101.290658,560.478054
37.19,1.063441,0.765113,101.290654,560.478027
37.2,1.063441,0.765113,101.29065,560.478
37.21,1.063441,0.765113,101.290647,560.477974
37.22,1.063441,0.765113,101.290643,560.477947
37.23,1.063441,0.765113,101.29064,560.477921
37.24,1.063441,0.765113,101.290636,560.477894
37.25,1.063441,0.765113,101.290632,560.477867
37.26,1.063441,0.765113,101.290629,560.477841
37.27,1.063441,0.765113,101.290625,560.477814
37.28,1.063441,0.765113,101.290622,560.477788
37.29,1.063441,0.765113,101.290618,560.477761
37.3,1.063441,0.765113,101.290614,560.477735
37.31,1.063441,0.765113,101.290611,560.477708
37.32,1.063441,0.765113,101.290607,560.477681
37.33,1.063441,0.765113,101.290604,560.477655
37.34,1.063441,0.765113,101.2906,560.477628
37.35,1.063441,0.765113,101.290596,560.477602
37.36,1.063441,0.765113,101.290593,560.477575
37.37,1.063441,0.765113,101.290589,560.477549
37.38,1.063441,0.765113,101.290586,560.477522
37.39,1.063441,0.765113,101.290582,560.477496
37.4,1.063441,0.765113,101.290578,560.477469
37.41,1.063441,0.765113,101.290575,560.477443
37.42,1.063441,0.765113,101.290571,560.477416
37.43,1.063441,0.765113,101.290568,560.47739
37.44,1.063441,0.765113,101.290564,560.477363
37.45,1.063441,0.765113,101.29056,560.477337
37.46,1.063441,0.765112,101.290557,560.47731
37.47,1.063441,0.765112,101.290553,560.477284
37.48,1.063441,0.765112,101.29055,560.477258
37.49,1.063441,0.765112,101.290546,560.477231
37.5,1.063441,0.765112,101.290542,560.477205
37.51,1.063441,0.765112,101.290539,560.477178
37.52,1.063441,0.765112,101.290535,560.477152
37.53,1.063441,0.765112,101.290531,560.477125
37.54,1.063441,0.765112,101.290528,560.477099
37.55,1.063441,0.765112,101.290524,560.477072
37.56,1.063441,0.765112,101.290521,560.477046
37.57,1.063441,0.765112,101.290517,560.47702
37.58,1.063441,0.765112,101.290513,560.476993
37.59,1.063441,0.765112,101.29051,560.476967
37.6,1.063441,0.765112,101.290506,560.47694
37.61,1.063441,0.765112,101.290503,560.476914
37.62,1.063441,0.765112,101.290499,560.476888
37.63,1.063441,0.765112,101.290495,560.476861
37.64,1.063441,0.765112,101.290492,560.476835
37.65,1.063441,0.765112,101.290488,560.476809
37.66,1.063441,0.765112,101.290484,560.476782
37.67,1.063441,0.765112,101.290481,560.476756
37.68,1.063441,0.765112,101.290477,560.476729
37.69,1.063441,0.765112,101.290474,560.476703
37.7,1.063441,0.765112,101.29047,560.476677
37.71,1.063441,0.765112,101.290466,560.47665
37.72,1.063441,0.765111,101.290463,560.476624
37.73,1.063441,0.765111,101.290459,560.476598
37.74,1.063441,0.765111,101.290456,560.476571
37.75,1.063441,0.765111,101.290452,560.476545
37.76,1.063441,0.765111,101.290448,560.476519
37.77,1.063441,0.765111,101.290445,560.476493
37.78,1.063441,0.765111,101.290441,560.476466
37.79,1.063441,0.765111,101.290437,560.47644
37.8,1.063441,0.765111,101.290434,560.476414
37.81,1.063441,0.765111,101.29043,560.476387
37.82,1.063441,0.765111,101.290427,560.476361
37.83,1.063441,0.765111,101.290423,560.476335
37.84,1.063441,0.765111,101.290419,560.476309
37.85,1.063441,0.765111,101.290416,560.476282
37.86,1.063441,0.765111,101.290412,560.476256
37.87,1.063441,0.765111,101.290409,560.47623
37.88,1.063441,0.765111,101.290405,560.476204
37.89,1.063441,0.765111,101.290401,560.476177
37.9,1.063441,0.765111,101.290398,560.476151
37.91,1.063441,0.765111,101.290394,560.476125
37.92,1.063441,0.765111,101.29039,560.476099
37.93,1.063441,0.765111,101.290387,560.476073
37.94,1.063441,0.765111,101.290383,560.476047
37.95,1.063441,0.765111,101.29038,560.47602
37.96,1.063441,0.765111,101.290376,560.475994
37.97,1.063441,0.765111,101.290372,560.475968
37.98,1.063441,0.765111,101.290369,560.475942
37.99,1.063441,0.76511,101.290365,560.475916
38,1.063441,0.76511,101.290362,560.47589
38.01,1.063441,0.76511,101.290358,560.475863
38.02,1.063441,0.76511,101.290354,560.475837
38.03,1.063441,0.76511,101.290351,560.475811
38.04,1.063441,0.76511,101.290347,560.475785
38.05,1.063441,0.76511,101.290343,560.475759
38.06,1.063441,0.76511,101.29034,560.475733
38.07,1.063441,0.76511,101.290336,560.475707
38.08,1.063441,0.76511,101.290333,560.475681
38.09,1.063441,0.76511,101.290329,560.475655
38.1,1.063441,0.76511,101.290325,560.475629
38.11,1.063441,0.76511,101.290322,560.475602
38.12,1.063441,0.76511,101.290318,560.475576
38.13,1.063441,0.76511,101.290315,560.47555
38.14,1.063441,0.76511,101.290311,560.475524
38.15,1.063441,0.76511,101.290307,560.475498
38.16,1.063441,0.76511,101.290304,560.475472
38.17,1.063441,0.76511,101.2903,560.475446
38.18,1.063441,0.76511,101.290297,560.47542
38.19,1.063441,0.76511,101.290293,560.475394
38.2,1.063441,0.76511,101.290289,560.475368
38.21,1.063441,0.76511,101.290286,560.475342
38.22,1.063441,0.76511,101.290282,560.475316
38.23,1.063441,0.76511,101.290279,560.47529
38.24,1.063441,0.76511,101.290275,560.475264
38.25,1.063441,0.765109,101.290271,560.475238
38.26,1.063441,0.765109,101.290268,560.475212
38.27,1.063441,0.765109,101.290264,560.475186
38.28,1.063441,0.765109,101.290261,560.47516
38.29,1.063441,0.765109,101.290257,560.475135
38.3,1.063441,0.765109,101.290253,560.475109
38.31,1.063441,0.765109,101.29025,560.475083
38.32,1.063441,0.765109,101.290246,560.475057
38.33,1.063441,0.765109,101.290243,560.475031
38.34,1.063441,0.765109,101.290239,560.475005
38.35,1.063441,0.765109,101.290235,560.474979
38.36,1.063441,0.765109,101.290232,560.474953
38.37,1.063441,0.765109,101.290228,560.474927
38.38,1.063441,0.765109,101.290225,560.474901
38.39,1.063441,0.765109,101.290221,560.474875
38.4,1.063441,0.765109,101.290217,560.47485
38.41,1.063441,0.765109,101.290214,560.474824
38.42,1.063441,0.765109,101.29021,560.474798
38.43,1.063441,0.765109,101.290207,560.474772
38.44,1.063441,0.765109,101.290203,560.474746
38.45,1.063441,0.765109,101.2902,560.47472
38.46,1.063441,0.765109,101.290196,560.474695
38.47,1.063442,0.765109,101.290192,560.474669
38.48,1.063442,0.765109,101.290189,560.474643
38.49,1.063442,0.765109,101.290185,560.474617
38.5,1.063442,0.765109,101.290182,560.474591
38.51,1.063442,0.765109,101.290178,560.474566
38.52,1.063442,0.765108,101.290174,560.47454
38.53,1.063442,0.765108,101.290171,560.474514
38.54,1.063442,0.765108,101.290167,560.474488
38.55,1.063442,0.765108,101.290164,560.474463
38.56,1.063442,0.765108,101.29016,560.474437
38.57,1.063442,0.765108,101.290156,560.474411
38.58,1.063442,0.765108,101.290153,560.474385
38.59,1.063442,0.765108,101.290149,560.47436
38.6,1.063442,0.765108,101.290146,560.474334
38.61,1.063442,0.765108,101.290142,560.474308
38.62,1.063442,0.765108,101.290139,560.474282
38.63,1.063442,0.765108,101.290135,560.474257
38.64,1.063442,0.765108,101.290131,560.474231
38.65,1.063442,0.765108,101.290128,560.474205
38.66,1.063442,0.765108,101.290124,560.47418
38.67,1.063442,0.765108,101.290121,560.474154
38.68,1.063442,0.765108,101.290117,560.474128
38.69,1.063442,0.765108,101.290113,560.474103
38.7,1.063442,0.765108,101.29011,560.474077
38.71,1.063442,0.765108,101.290106,560.474051
38.72,1.063442,0.765108,101.290103,560.474026
38.73,1.063442,0.765108,101.290099,560.474
38.74,1.063442,0.765108,101.290096,560.473974
38.75,1.063442,0.765108,101.290092,560.473949
38.76,1.063442,0.765108,101.290088,560.473923
38.77,1.063442,0.765108,101.290085,560.473897
38.78,1.063442,0.765108,101.290081,560.473872
38.79,1.063442,0.765107,101.290078,560.473846
38.8,1.063442,0.765107,101.290074,560.473821
38.81,1.063442,0.765107,101.290071,560.473795
38.82,1.063442,0.765107,101.290067,560.47377
38.83,1.063442,0.765107,101.290063,560.473744
38.84,1.063442,0.765107,101.29006,560.473718
38.85,1.063442,0.765107,101.290056,560.473693
38.86,1.063442,0.765107,101.290053,560.473667
38.87,1.063442,0.765107,101.290049,560.473642
38.88,1.063442,0.765107,101.290046,560.473616
38.89,1.063442,0.765107,101.290042,560.473591
38.9,1.063442,0.765107,101.290038,560.473565
38.91,1.063442,0.765107,101.290035,560.47354
38.92,1.063442,0.765107,101.290031,560.473514
38.93,1.063442,0.765107,101.290028,560.473489
38.94,1.063442,0.765107,101.290024,560.473463
38.95,1.063442,0.765107,101.290021,560.473438
38.96,1.063442,0.765107,101.290017,560.473412
38.97,1.063442,0.765107,101.290013,560.473387
38.98,1.063442,0.765107,101.29001,560.473361
38.99,1.063442,0.765107,101.290006,560.473336
39,1.063442,0.765107,101.290003,560.47331
39.01,1.063442,0.765107,101.289999,560.473285
39.02,1.063442,0.765107,101.289996,560.473259
39.03,1.063442,0.765107,101.289992,560.473234
39.04,1.063442,0.765107,101.289988,560.473208
39.05,1.063442,0.765107,101.289985,560.473183
39.06,1.063442,0.765107,101.289981,560.473157
39.07,1.063442,0.765106,101.289978,560.473132
39.08,1.063442,0.765106,101.289974,560.473107
39.09,1.063442,0.765106,101.289971,560.473081
39.1,1.063442,0.765106,101.289967,560.473056
39.11,1.063442,0.765106,101.289964,560.47303
39.12,1.063442,0.765106,101.28996,560.473005
39.13,1.063442,0.765106,101.289956,560.47298
39.14,1.063442,0.765106,101.289953,560.472954
39.15,1.063442,0.765106,101.289949,560.472929
39.16,1.063442,0.765106,101.289946,560.472903
39.17,1.063442,0.765106,101.289942,560.472878
39.18,1.063442,0.765106,101.289939,560.472853
39.19,1.063442,0.765106,101.289935,560.472827
39.2,1.063442,0.765106,101.289931,560.472802
39.21,1.063442,0.765106,101.289928,560.472777
39.22,1.063442,0.765106,101.289924,560.472751
39.23,1.063442,0.765106,101.289921,560.472726
39.24,1.063442,0.765106,101.289917,560.472701
39.25,1.063442,0.765106,101.289914,560.472675
39.26,1.063442,0.765106,101.28991,560.47265
39.27,1.063442,0.765106,101.289907,560.472625
39.28,1.063442,0.765106,101.289903,560.472599
39.29,1.063442,0.765106,101.289899,560.472574
39.3,1.063442,0.765106,101.289896,560.472549
39.31,1.063442,0.765106,101.289892,560.472523
39.32,1.063442,0.765106,101.289889,560.472498
39.33,1.063442,0.765106,101.289885,560.472473
39.34,1.063442,0.765105,101.289882,560.472448
39.35,1.063442,0.765105,101.289878,560.472422
39.36,1.063442,0.765105,101.289875,560.472397
39.37,1.063442,0.765105,101.289871,560.472372
39.38,1.063442,0.765105,101.289867,560.472347
39.39,1.063442,0.765105,101.289864,560.472321
39.4,1.063442,0.765105,101.28986,560.472296
39.41,1.063442,0.765105,101.289857,560.472271
39.42,1.063442,0.765105,101.289853,560.472246
39.43,1.063442,0.765105,101.28985,560.47222
39.44,1.063442,0.765105,101.289846,560.472195
39.45,1.063442,0.765105,101.289843,560.47217
39.46,1.063442,0.765105,101.289839,560.472145
39.47,1.063442,0.765105,101.289835,560.47212
39.48,1.063442,0.765105,101.289832,560.472094
39.49,1.063442,0.765105,101.289828,560.472069
39.5,1.063442,0.765105,101.289825,560.472044
39.51,1.063442,0.765105,101.289821,560.472019
39.52,1.063442,0.765105,101.289818,560.471994
39.53,1.063442,0.765105,101.289814,560.471968
39.54,1.063442,0.765105,101.289811,560.471943
39.55,1.063442,0.765105,101.289807,560.471918
39.56,1.063442,0.765105,101.289803,560.471893
39.57,1.063442,0.765105,101.2898,560.471868
39.58,1.063442,0.765105,101.289796,560.471843
39.59,1.063442,0.765105,101.289793,560.471818
39.6,1.063442,0.765105,101.289789,560.471793
39.61,1.063442,0.765105,101.289786,560.471767
39.62,1.063442,0.765104,101.289782,560.471742
39.63,1.063442,0.765104,101.289779,560.471717
39.64,1.063442,0.765104,101.289775,560.471692
39.65,1.063442,0.765104,101.289772,560.471667
39.66,1.063442,0.765104,101.289768,560.471642
39.67,1.063442,0.765104,101.289765,560.471617
39.68,1.063442,0.765104,101.289761,560.471592
39.69,1.063442,0.765104,101.289757,560.471567
39.7,1.063442,0.765104,101.289754,560.471542
39.71,1.063442,0.765104,101.28975,560.471517
39.72,1.063442,0.765104,101.289747,560.471492
39.73,1.063442,0.765104,101.289743,560.471467
39.74,1.063442,0.765104,101.28974,560.471442
39.75,1.063442,0.765104,101.289736,560.471417
39.76,1.063442,0.765104,101.289733,560.471392
39.77,1.063442,0.765104,101.289729,560.471367
39.78,1.063442,0.765104,101.289726,560.471342
39.79,1.063442,0.765104,101.289722,560.471317
39.8,1.063442,0.765104,101.289719,560.471292
39.81,1.063442,0.765104,101.289715,560.471267
39.82,1.063442,0.765104,101.289712,560.471242
39.83,1.063442,0.765104,101.289708,560.471217
39.84,1.063442,0.765104,101.289705,560.471192
39.85,1.063442,0.765104,101.289701,560.471167
39.86,1.063442,0.765104,101.289698,560.471142
39.87,1.063442,0.765104,101.289694,560.471117
39.88,1.063442,0.765104,101.289691,560.471092
39.89,1.063442,0.765104,101.289687,560.471067
39.9,1.063442,0.765103,101.289684,560.471042
39.91,1.063442,0.765103,101.28968,560.471017
39.92,1.063442,0.765103,101.289677,560.470992
39.93,1.063442,0.765103,101.289673,560.470968
39.94,1.063442,0.765103,101.28967,560.470943
39.95,1.063442,0.765103,101.289666,560.470918
39.96,1.063442,0.765103,101.289663,560.470893
39.97,1.063442,0.765103,101.289659,560.470868
39.98,1.063442,0.765103,101.289656,560.470843
39.99,1.063442,0.765103,101.289652,560.470818
40,1.063442,0.765103,101.289649,560.470794
40.01,1.063442,0.765103,101.289645,560.470769
40.02,1.063442,0.765103,101.289642,560.470744
40.03,1.063442,0.765103,101.289638,560.470719
40.04,1.063442,0.765103,101.289635,560.470694
40.05,1.063442,0.765103,101.289631,560.470669
40.06,1.063442,0.765103,101.289628,560.470645
40.07,1.063442,0.765103,101.289624,560.47062
40.08,1.063442,0.765103,101.289621,560.470595
40.09,1.063442,0.765103,101.289617,560.47057
40.1,1.063442,0.765103,101.289614,560.470545
40.11,1.063442,0.765103,101.28961,560.470521
40.12,1.063442,0.765103,101.289607,560.470496
40.13,1.063442,0.765103,101.289603,560.470471
40.14,1.063442,0.765103,101.2896,560.470446
40.15,1.063442,0.765103,101.289596,560.470422
40.16,1.063442,0.765103,101.289593,560.470397
40.17,1.063442,0.765103,101.289589,560.470372
40.18,1.063442,0.765102,101.289586,560.470347
40.19,1.063442,0.765102,101.289582,560.470323
40.2,1.063442,0.765102,101.289579,560.470298
40.21,1.063442,0.765102,101.289575,560.470273
40.22,1.063442,0.765102,101.289572,560.470249
40.23,1.063442,0.765102,101.289568,560.470224
40.24,1.063442,0.765102,101.289565,560.470199
40.25,1.063442,0.765102,101.289561,560.470175
40.26,1.063442,0.765102,101.289558,560.47015
40.27,1.063442,0.765102,101.289554,560.470125
40.28,1.063442,0.765102,101.289551,560.470101
40.29,1.063442,0.765102,101.289548,560.470076
40.3,1.063442,0.765102,101.289544,560.470051
40.31,1.063442,0.765102,101.289541,560.470027
40.32,1.063442,0.765102,101.289537,560.470002
40.33,1.063442,0.765102,101.289534,560.469977
40.34,1.063442,0.765102,101.28953,560.469953
40.35,1.063442,0.765102,101.289527,560.469928
40.36,1.063442,0.765102,101.289523,560.469903
40.37,1.063442,0.765102,101.28952,560.469879
40.38,1.063442,0.765102,101.289516,560.469854
40.39,1.063442,0.765102,101.289513,560.46983
40.4,1.063442,0.765102,101.289509,560.469805
40.41,1.063442,0.765102,101.289506,560.46978
40.42,1.063442,0.765102,101.289502,560.469756
40.43,1.063442,0.765102,101.289499,560.469731
40.44,1.063442,0.765102,101.289496,560.469707
40.45,1.063442,0.765102,101.289492,560.469682
40.46,1.063442,0.765101,101.289489,560.469658
40.47,1.063442,0.765101,101.289485,560.469633
40.48,1.063442,0.765101,101.289482,560.469608
40.49,1.063442,0.765101,101.289478,560.469584
40.5,1.063442,0.765101,101.289475,560.469559
40.51,1.063442,0.765101,101.289471,560.469535
40.52,1.063442,0.765101,101.289468,560.46951
40.53,1.063442,0.765101,101.289464,560.469486
40.54,1.063442,0.765101,101.289461,560.469461
40.55,1.063442,0.765101,101.289458,560.469437
40.56,1.063442,0.765101,101.289454,560.469412
40.57,1.063442,0.765101,101.289451,560.469388
40.58,1.063442,0.765101,101.289447,560.469363
40.59,1.063442,0.765101,101.289444,560.469339
40.6,1.063442,0.765101,101.28944,560.469314
40.61,1.063442,0.765101,101.289437,560.46929
40.62,1.063442,0.765101,101.289433,560.469265
40.63,1.063442,0.765101,101.28943,560.469241
40.64,1.063442,0.765101,101.289427,560.469217
40.65,1.063442,0.765101,101.289423,560.469192
40.66,1.063442,0.765101,101.28942,560.469168
40.67,1.063442,0.765101,101.289416,560.469143
40.68,1.063442,0.765101,101.289413,560.469119
40.69,1.063442,0.765101,101.289409,560.469094
40.7,1.063442,0.765101,101.289406,560.46907
40.71,1.063442,0.765101,101.289403,560.469046
40.72,1.063442,0.765101,101.289399,560.469021
40.73,1.063442,0.765101,101.289396,560.468997
40.74,1.063442,0.7651,101.289392,560.468972
40.75,1.063442,0.7651,101.289389,560.468948
40.76,1.063442,0.7651,101.289385,560.468924
40.77,1.063442,0.7651,101.289382,560.468899
40.78,1.063442,0.7651,101.289379,560.468875
40.79,1.063442,0.7651,101.289375,560.468851
40.8,1.063442,0.7651,101.289372,560.468826
40.81,1.063442,0.7651,101.289368,560.468802
40.82,1.063442,0.7651,101.289365,560.468778
40.83,1.063442,0.7651,101.289361,560.468753
40.84,1.063442,0.7651,101.289358,560.468729
40.85,1.063442,0.7651,101.289355,560.468705
40.86,1.063442,0.7651,101.289351,560.46868
40.87,1.063442,0.7651,101.289348,560.468656
40.88,1.063442,0.7651,101.289344,560.468632
40.89,1.063442,0.7651,101.289341,560.468607
40.9,1.063442,0.7651,101.289337,560.468583
40.91,1.063442,0.7651,101.289334,560.468559
40.92,1.063442,0.7651,101.289331,560.468534
40.93,1.063442,0.7651,101.289327,560.46851
40.94,1.063442,0.7651,101.289324,560.468486
40.95,1.063442,0.7651,101.28932,560.468462
40.96,1.063442,0.7651,101.289317,560.468437
40.97,1.063442,0.7651,101.289314,560.468413
40.98,1.063442,0.7651,101.28931,560.468389
40.99,1.063442,0.7651,101.289307,560.468365
41,1.063442,0.7651,101.289303,560.46834
41.01,1.063442,0.7651,101.2893,560.468316
41.02,1.063442,0.7651,101.289297,560.468292
41.03,1.063442,0.765099,101.289293,560.468268
41.04,1.063442,0.765099,101.28929,560.468243
41.05,1.063442,0.765099,101.289286,560.468219
41.06,1.063442,0.765099,101.289283,560.468195
41.07,1.063442,0.765099,101.28928,560.468171
41.08,1.063442,0.765099,101.289276,560.468147
41.09,1.063442,0.765099,101.289273,560.468122
41.1,1.063442,0.765099,101.289269,560.468098
41.11,1.063442,0.765099,101.289266,560.468074
41.12,1.063442,0.765099,101.289263,560.46805
41.13,1.063442,0.765099,101.289259,560.468026
41.14,1.063442,0.765099,101.289256,560.468002
41.15,1.063442,0.765099,101.289252,560.467978
41.16,1.063442,0.765099,101.289249,560.467953
41.17,1.063442,0.765099,101.289246,560.467929
41.18,1.063442,0.765099,101.289242,560.467905
41.19,1.063442,0.765099,101.289239,560.467881
41.2,1.063442,0.765099,101.289235,560.467857
41.21,1.063442,0.765099,101.289232,560.467833
41.22,1.063442,0.765099,101.289229,560.467809
41.23,1.063442,0.765099,101.289225,560.467785
41.24,1.063442,0.765099,101.289222,560.46776
41.25,1.063442,0.765099,101.289218,560.467736
41.26,1.063442,0.765099,101.289215,560.467712
41.27,1.063442,0.765099,101.289212,560.467688
41.28,1.063442,0.765099,101.289208,560.467664
41.29,1.063442,0.765099,101.289205,560.46764
41.3,1.063442,0.765099,101.289202,560.467616
41.31,1.063442,0.765099,101.289198,560.467592
41.32,1.063442,0.765098,101.289195,560.467568
41.33,1.063442,0.765098,101.289191,560.467544
41.34,1.063442,0.765098,101.289188,560.46752
41.35,1.063442,0.765098,101.289185,560.467496
41.36,1.063442,0.765098,101.289181,560.467472
41.37,1.063442,0.765098,101.289178,560.467448
41.38,1.063442,0.765098,101.289175,560.467424
41.39,1.063442,0.765098,101.289171,560.4674
41.4,1.063442,0.765098,101.289168,560.467376
41.41,1.063442,0.765098,101.289164,560.467352
41.42,1.063442,0.765098,101.289161,560.467328
41.43,1.063442,0.765098,101.289158,560.467304
41.44,1.063442,0.765098,101.289154,560.46728
41.45,1.063442,0.765098,101.289151,560.467256
41.46,1.063442,0.765098,101.289148,560.467232
41.47,1.063442,0.765098,101.289144,560.467208
41.48,1.063442,0.765098,101.289141,560.467184
41.49,1.063442,0.765098,101.289138,560.46716
41.5,1.063442,0.765098,101.289134,560.467136
41.51,1.063442,0.765098,101.289131,560.467112
41.52,1.063442,0.765098,101.289127,560.467089
41.53,1.063442,0.765098,101.289124,560.467065
41.54,1.063442,0.765098,101.289121,560.467041
41.55,1.063442,0.765098,101.289117,560.467017
41.56,1.063442,0.765098,101.289114,560.466993
41.57,1.063442,0.765098,101.289111,560.466969
41.58,1.063442,0.765098,101.289107,560.466945
41.59,1.063442,0.765098,101.289104,560.466921
41.6,1.063442,0.765098,101.289101,560.466897
41.61,1.063442,0.765097,101.289097,560.466874
41.62,1.063442,0.765097,101.289094,560.46685
41.63,1.063442,0.765097,101.289091,560.466826
41.64,1.063442,0.765097,101.289087,560.466802
41.65,1.063442,0.765097,101.289084,560.466778
41.66,1.063442,0.765097,101.289081,560.466754
41.67,1.063442,0.765097,101.289077,560.466731
41.68,1.063442,0.765097,101.289074,560.466707
41.69,1.063442,0.765097,101.289071,560.466683
41.7,1.063442,0.765097,101.289067,560.466659
41.71,1.063442,0.765097,101.289064,560.466635
41.72,1.063442,0.765097,101.289061,560.466612
41.73,1.063442,0.765097,101.289057,560.466588
41.74,1.063442,0.765097,101.289054,560.466564
41.75,1.063442,0.765097,101.289051,560.46654
41.76,1.063442,0.765097,101.289047,560.466517
41.77,1.063442,0.765097,101.289044,560.466493
41.78,1.063442,0.765097,101.289041,560.466469
41.79,1.063442,0.765097,101.289037,560.466445
41.8,1.063442,0.765097,101.289034,560.466422
41.81,1.063442,0.765097,101.289031,560.466398
41.82,1.063442,0.765097,101.289027,560.466374
41.83,1.063442,0.765097,101.289024,560.46635
41.84,1.063442,0.765097,101.289021,560.466327
41.85,1.063442,0.765097,101.289017,560.466303
41.86,1.063442,0.765097,101.289014,560.466279
41.87,1.063442,0.765097,101.289011,560.466256
41.88,1.063442,0.765097,101.289007,560.466232
41.89,1.063442,0.765097,101.289004,560.466208
41.9,1.063442,0.765096,101.289001,560.466185
41.91,1.063442,0.765096,101.288997,560.466161
41.92,1.063442,0.765096,101.288994,560.466137
41.93,1.063442,0.765096,101.288991,560.466114
41.94,1.063442,0.765096,101.288987,560.46609
41.95,1.063442,0.765096,101.288984,560.466066
41.96,1.063442,0.765096,101.288981,560.466043
41.97,1.063442,0.765096,101.288977,560.466019
41.98,1.063442,0.765096,101.288974,560.465995
41.99,1.063442,0.765096,101.288971,560.465972
42,1.063442,0.765096,101.288967,560.465948
42.01,1.063442,0.765096,101.288964,560.465925
42.02,1.063442,0.765096,101.288961,560.465901
42.03,1.063442,0.765096,101.288958,560.465877
42.04,1.063442,0.765096,101.288954,560.465854
42.05,1.063442,0.765096,101.288951,560.46583
42.06,1.063442,0.765096,101.288948,560.465807
42.07,1.063442,0.765096,101.288944,560.465783
42.08,1.063442,0.765096,101.288941,560.465759
42.09,1.063443,0.765096,101.288938,560.465736
42.1,1.063443,0.765096,101.288934,560.465712
42.11,1.063443,0.765096,101.288931,560.465689
42.12,1.063443,0.765096,101.288928,560.465665
42.13,1.063443,0.765096,101.288924,560.465642
42.14,1.063443,0.765096,101.288921,560.465618
42.15,1.063443,0.765096,101.288918,560.465595
42.16,1.063443,0.765096,101.288915,560.465571
42.17,1.063443,0.765096,101.288911,560.465548
42.18,1.063443,0.765096,101.288908,560.465524
42.19,1.063443,0.765096,101.288905,560.465501
42.2,1.063443,0.765095,101.288901,560.465477
42.21,1.063443,0.765095,101.288898,560.465454
42.22,1.063443,0.765095,101.288895,560.46543
42.23,1.063443,0.765095,101.288891,560.465407
42.24,1.063443,0.765095,101.288888,560.465383
42.25,1.063443,0.765095,101.288885,560.46536
42.26,1.063443,0.765095,101.288882,560.465336
42.27,1.063443,0.765095,101.288878,560.465313
42.28,1.063443,0.765095,101.288875,560.465289
42.29,1.063443,0.765095,101.288872,560.465266
42.3,1.063443,0.765095,101.288868,560.465242
42.31,1.063443,0.765095,101.288865,560.465219
42.32,1.063443,0.765095,101.288862,560.465196
42.33,1.063443,0.765095,101.288858,560.465172
42.34,1.063443,0.765095,101.288855,560.465149
42.35,1.063443,0.765095,101.288852,560.465125
42.36,1.063443,0.765095,101.288849,560.465102
42.37,1.063443,0.765095,101.288845,560.465078
42.38,1.063443,0.765095,101.288842,560.465055
42.39,1.063443,0.765095,101.288839,560.465032
42.4,1.063443,0.765095,101.288835,560.465008
42.41,1.063443,0.765095,101.288832,560.464985
42.42,1.063443,0.765095,101.288829,560.464962
42.43,1.063443,0.765095,101.288826,560.464938
42.44,1.063443,0.765095,101.288822,560.464915
42.45,1.063443,0.765095,101.288819,560.464892
42.46,1.063443,0.765095,101.288816,560.464868
42.47,1.063443,0.765095,101.288812,560.464845
42.48,1.063443,0.765095,101.288809,560.464821
42.49,1.063443,0.765095,101.288806,560.464798
42.5,1.063443,0.765094,101.288803,560.464775
42.51,1.063443,0.765094,101.288799,560.464752
42.52,1.063443,0.765094,101.288796,560.464728
42.53,1.063443,0.765094,101.288793,560.464705
42.54,1.063443,0.765094,101.288789,560.464682
42.55,1.063443,0.765094,101.288786,560.464658
42.56,1.063443,0.765094,101.288783,560.464635
42.57,1.063443,0.765094,101.28878,560.464612
42.58,1.063443,0.765094,101.288776,560.464588
42.59,1.063443,0.765094,101.288773,560.464565
42.6,1.063443,0.765094,101.28877,560.464542
42.61,1.063443,0.765094,101.288767,560.464519
42.62,1.063443,0.765094,101.288763,560.464495
42.63,1.063443,0.765094,101.28876,560.464472
42.64,1.063443,0.765094,101.288757,560.464449
42.65,1.063443,0.765094,101.288753,560.464426
42.66,1.063443,0.765094,101.28875,560.464402
42.67,1.063443,0.765094,101.288747,560.464379
42.68,1.063443,0.765094,101.288744,560.464356
42.69,1.063443,0.765094,101.28874,560.464333
42.7,1.063443,0.765094,101.288737,560.46431
42.71,1.063443,0.765094,101.288734,560.464286
42.72,1.063443,0.765094,101.288731,560.464263
42.73,1.063443,0.765094,101.288727,560.46424
42.74,1.063443,0.765094,101.288724,560.464217
42.75,1.063443,0.765094,101.288721,560.464194
42.76,1.063443,0.765094,101.288717,560.464171
42.77,1.063443,0.765094,101.288714,560.464147
42.78,1.063443,0.765094,101.288711,560.464124
42.79,1.063443,0.765094,101.288708,560.464101
42.8,1.063443,0.765093,101.288704,560.464078
42.81,1.063443,0.765093,101.288701,560.464055
42.82,1.063443,0.765093,101.288698,560.464032
42.83,1.063443,0.765093,101.288695,560.464009
42.84,1.063443,0.765093,101.288691,560.463985
42.85,1.063443,0.765093,101.288688,560.463962
42.86,1.063443,0.765093,101.288685,560.463939
42.87,1.063443,0.765093,101.288682,560.463916
42.88,1.063443,0.765093,101.288678,560.463893
42.89,1.063443,0.765093,101.288675,560.46387
42.9,1.063443,0.765093,101.288672,560.463847
42.91,1.063443,0.765093,101.288669,560.463824
42.92,1.063443,0.765093,101.288665,560.463801
42.93,1.063443,0.765093,101.288662,560.463778
42.94,1.063443,0.765093,101.288659,560.463755
42.95,1.063443,0.765093,101.288656,560.463732
42.96,1.063443,0.765093,101.288652,560.463708
42.97,1.063443,0.765093,101.288649,560.463685
42.98,1.063443,0.765093,101.288646,560.463662
42.99,1.063443,0.765093,101.288643,560.463639
43,1.063443,0.765093,101.288639,560.463616
43.01,1.063443,0.765093,101.288636,560.463593
43.02,1.063443,0.765093,101.288633,560.46357
43.03,1.063443,0.765093,101.28863,560.463547
43.04,1.063443,0.765093,101.288626,560.463524
43.05,1.063443,0.765093,101.288623,560.463501
43.06,1.063443,0.765093,101.28862,560.463478
43.07,1.063443,0.765093,101.288617,560.463455
43.08,1.063443,0.765093,101.288613,560.463432
43.09,1.063443,0.765093,101.28861,560.463409
43.1,1.063443,0.765092,101.288607,560.463386
43.11,1.063443,0.765092,101.288604,560.463364
43.12,1.063443,0.765092,101.2886,560.463341
43.13,1.063443,0.765092,101.288597,560.463318
43.14,1.063443,0.765092,101.288594,560.463295
43.15,1.063443,0.765092,101.288591,560.463272
43.16,1.063443,0.765092,101.288587,560.463249
43.17,1.063443,0.765092,101.288584,560.463226
43.18,1.063443,0.765092,101.288581,560.463203
43.19,1.063443,0.765092,101.288578,560.46318
43.2,1.063443,0.765092,101.288574,560.463157
43.21,1.063443,0.765092,101.288571,560.463134
43.22,1.063443,0.765092,101.288568,560.463111
43.23,1.063443,0.765092,101.288565,560.463089
43.24,1.063443,0.765092,101.288561,560.463066
43.25,1.063443,0.765092,101.288558,560.463043
43.26,1.063443,0.765092,101.288555,560.46302
43.27,1.063443,0.765092,101.288552,560.462997
43.28,1.063443,0.765092,101.288548,560.462974
43.29,1.063443,0.765092,101.288545,560.462951
43.3,1.063443,0.765092,101.288542,560.462929
43.31,1.063443,0.765092,101.288539,560.462906
43.32,1.063443,0.765092,101.288536,560.462883
43.33,1.063443,0.765092,101.288532,560.46286
43.34,1.063443,0.765092,101.288529,560.462837
43.35,1.063443,0.765092,101.288526,560.462814
43.36,1.063443,0.765092,101.288523,560.462792
43.37,1.063443,0.765092,101.288519,560.462769
43.38,1.063443,0.765092,101.288516,560.462746
43.39,1.063443,0.765092,101.288513,560.462723
43.4,1.063443,0.765091,101.28851,560.4627
43.41,1.063443,0.765091,101.288506,560.462678
43.42,1.063443,0.765091,101.288503,560.462655
43.43,1.063443,0.765091,101.2885,560.462632
43.44,1.063443,0.765091,101.288497,560.462609
43.45,1.063443,0.765091,101.288494,560.462587
43.46,1.063443,0.765091,101.28849,560.462564
43.47,1.063443,0.765091,101.288487,560.462541
43.48,1.063443,0.765091,101.288484,560.462518
43.49,1.063443,0.765091,101.288481,560.462496
43.5,1.063443,0.765091,101.288477,560.462473
43.51,1.063443,0.765091,101.288474,560.46245
43.52,1.063443,0.765091,101.288471,560.462428
43.53,1.063443,0.765091,101.288468,560.462405
43.54,1.063443,0.765091,101.288465,560.462382
43.55,1.063443,0.765091,101.288461,560.462359
43.56,1.063443,0.765091,101.288458,560.462337
43.57,1.063443,0.765091,101.288455,560.462314
43.58,1.063443,0.765091,101.288452,560.462291
43.59,1.063443,0.765091,101.288448,560.462269
43.6,1.063443,0.765091,101.288445,560.462246
43.61,1.063443,0.765091,101.288442,560.462223
43.62,1.063443,0.765091,101.288439,560.462201
43.63,1.063443,0.765091,101.288436,560.462178
43.64,1.063443,0.765091,101.288432,560.462156
43.65,1.063443,0.765091,101.288429,560.462133
43.66,1.063443,0.765091,101.288426,560.46211
43.67,1.063443,0.765091,101.288423,560.462088
43.68,1.063443,0.765091,101.288419,560.462065
43.69,1.063443,0.765091,101.288416,560.462042
43.7,1.063443,0.765091,101.288413,560.46202
43.71,1.063443,0.76509,101.28841,560.461997
43.72,1.063443,0.76509,101.288407,560.461975
43.73,1.063443,0.76509,101.288403,560.461952
43.74,1.063443,0.76509,101.2884,560.461929
43.75,1.063443,0.76509,101.288397,560.461907
43.76,1.063443,0.76509,101.288394,560.461884
43.77,1.063443,0.76509,101.288391,560.461862
43.78,1.063443,0.76509,101.288387,560.461839
43.79,1.063443,0.76509,101.288384,560.461817
43.8,1.063443,0.76509,101.288381,560.461794
43.81,1.063443,0.76509,101.288378,560.461772
43.82,1.063443,0.76509,101.288374,560.461749
43.83,1.063443,0.76509,101.288371,560.461727
43.84,1.063443,0.76509,101.288368,560.461704
43.85,1.063443,0.76509,101.288365,560.461681
43.86,1.063443,0.76509,101.288362,560.461659
43.87,1.063443,0.76509,101.288358,560.461636
43.88,1.063443,0.76509,101.288355,560.461614
43.89,1.063443,0.76509,101.288352,560.461591
43.9,1.063443,0.76509,101.288349,560.461569
43.91,1.063443,0.76509,101.288346,560.461546
43.92,1.063443,0.76509,101.288342,560.461524
43.93,1.063443,0.76509,101.288339,560.461502
43.94,1.063443,0.76509,101.288336,560.461479
43.95,1.063443,0.76509,101.288333,560.461457
43.96,1.063443,0.76509,101.28833,560.461434
43.97,1.063443,0.76509,101.288326,560.461412
43.98,1.063443,0.76509,101.288323,560.461389
43.99,1.063443,0.76509,101.28832,560.461367
44,1.063443,0.76509,101.288317,560.461344
44.01,1.063443,0.76509,101.288314,560.461322
44.02,1.063443,0.765089,101.28831,560.4613
44.03,1.063443,0.765089,101.288307,560.461277
44.04,1.063443,0.765089,101.288304,560.461255
44.05,1.063443,0.765089,101.288301,560.461232
44.06,1.063443,0.765089,101.288298,560.46121
44.07,1.063443,0.765089,101.288294,560.461188
44.08,1.063443,0.765089,101.288291,560.461165
44.09,1.063443,0.765089,101.288288,560.461143
44.1,1.063443,0.765089,101.288285,560.46112
44.11,1.063443,0.765089,101.288282,560.461098
44.12,1.063443,0.765089,101.288278,560.461076
44.13,1.063443,0.765089,101.288275,560.461053
44.14,1.063443,0.765089,101.288272,560.461031
44.15,1.063443,0.765089,101.288269,560.461009
44.16,1.063443,0.765089,101.288266,560.460986
44.17,1.063443,0.765089,101.288262,560.460964
44.18,1.063443,0.765089,101.288259,560.460942
44.19,1.063443,0.765089,101.288256,560.460919
44.2,1.063443,0.765089,101.288253,560.460897
44.21,1.063443,0.765089,101.28825,560.460875
44.22,1.063443,0.765089,101.288246,560.460852
44.23,1.063443,0.765089,101.288243,560.46083
44.24,1.063443,0.765089,101.28824,560.460808
44.25,1.063443,0.765089,101.288237,560.460785
44.26,1.063443,0.765089,101.288234,560.460763
44.27,1.063443,0.765089,101.28823,560.460741
44.28,1.063443,0.765089,101.288227,560.460719
44.29,1.063443,0.765089,101.288224,560.460696
44.3,1.063443,0.765089,101.288221,560.460674
44.31,1.063443,0.765089,101.288218,560.460652
44.32,1.063443,0.765089,101.288214,560.46063
44.33,1.063443,0.765088,101.288211,560.460607
44.34,1.063443,0.765088,101.288208,560.460585
44.35,1.063443,0.765088,101.288205,560.460563
44.36,1.063443,0.765088,101.288202,560.460541
44.37,1.063443,0.765088,101.288199,560.460518
44.38,1.063443,0.765088,101.288195,560.460496
44.39,1.063443,0.765088,101.288192,560.460474
44.4,1.063443,0.765088,101.288189,560.460452
44.41,1.063443,0.765088,101.288186,560.46043
44.42,1.063443,0.765088,101.288183,560.460407
44.43,1.063443,0.765088,101.288179,560.460385
44.44,1.063443,0.765088,101.288176,560.460363
44.45,1.063443,0.765088,101.288173,560.460341
44.46,1.063443,0.765088,101.28817,560.460319
44.47,1.063443,0.765088,101.288167,560.460297
44.48,1.063443,0.765088,101.288163,560.460274
44.49,1.063443,0.765088,101.28816,560.460252
44.5,1.063443,0.765088,101.288157,560.46023
44.51,1.063443,0.765088,101.288154,560.460208
44.52,1.063443,0.765088,101.288151,560.460186
44.53,1.063443,0.765088,101.288148,560.460164
44.54,1.063443,0.765088,101.288144,560.460142
44.55,1.063443,0.765088,101.288141,560.46012
44.56,1.063443,0.765088,101.288138,560.460097
44.57,1.063443,0.765088,101.288135,560.460075
44.58,1.063443,0.765088,101.288132,560.460053
44.59,1.063443,0.765088,101.288129,560.460031
44.6,1.063443,0.765088,101.288125,560.460009
44.61,1.063443,0.765088,101.288122,560.459987
44.62,1.063443,0.765088,101.288119,560.459965
44.63,1.063443,0.765088,101.288116,560.459943
44.64,1.063443,0.765087,101.288113,560.459921
44.65,1.063443,0.765087,101.288109,560.459899
44.66,1.063443,0.765087,101.288106,560.459877
44.67,1.063443,0.765087,101.288103,560.459855
44.68,1.063443,0.765087,101.2881,560.459833
44.69,1.063443,0.765087,101.288097,560.459811
44.7,1.063443,0.765087,101.288094,560.459789
44.71,1.063443,0.765087,101.28809,560.459767
44.72,1.063443,0.765087,101.288087,560.459745
44.73,1.063443,0.765087,101.288084,560.459723
44.74,1.063443,0.765087,101.288081,560.459701
44.75,1.063443,0.765087,101.288078,560.459679
44.76,1.063443,0.765087,101.288075,560.459657
44.77,1.063443,0.765087,101.288071,560.459635
44.78,1.063443,0.765087,101.288068,560.459613
44.79,1.063443,0.765087,101.288065,560.459591
44.8,1.063443,0.765087,101.288062,560.459569
44.81,1.063443,0.765087,101.288059,560.459547
44.82,1.063443,0.765087,101.288056,560.459525
44.83,1.063443,0.765087,101.288052,560.459503
44.84,1.063443,0.765087,101.288049,560.459481
44.85,1.063443,0.765087,101.288046,560.459459
44.86,1.063443,0.765087,101.288043,560.459437
44.87,1.063443,0.765087,101.28804,560.459415
44.88,1.063443,0.765087,101.288037,560.459393
44.89,1.063443,0.765087,101.288034,560.459371
44.9,1.063443,0.765087,101.28803,560.459349
44.91,1.063443,0.765087,101.288027,560.459328
44.92,1.063443,0.765087,101.288024,560.459306
44.93,1.063443,0.765087,101.288021,560.459284
44.94,1.063443,0.765087,101.288018,560.459262
44.95,1.063443,0.765087,101.288015,560.45924
44.96,1.063443,0.765086,101.288011,560.459218
44.97,1.063443,0.765086,101.288008,560.459196
44.98,1.063443,0.765086,101.288005,560.459174
44.99,1.063443,0.765086,101.288002,560.459153
45,1.063443,0.765086,101.287999,560.459131
45.01,1.063443,0.765086,101.287996,560.459109
45.02,1.063443,0.765086,101.287992,560.459087
45.03,1.063443,0.765086,101.287989,560.459065
45.04,1.063443,0.765086,101.287986,560.459043
45.05,1.063443,0.765086,101.287983,560.459022
45.06,1.063443,0.765086,101.28798,560.459
45.07,1.063443,0.765086,101.287977,560.458978
45.08,1.063443,0.765086,101.287974,560.458956
45.09,1.063443,0.765086,101.28797,560.458934
45.1,1.063443,0.765086,101.287967,560.458913
45.11,1.063443,0.765086,101.287964,560.458891
45.12,1.063443,0.765086,101.287961,560.458869
45.13,1.063443,0.765086,101.287958,560.458847
45.14,1.063443,0.765086,101.287955,560.458825
45.15,1.063443,0.765086,101.287952,560.458804
45.16,1.063443,0.765086,101.287948,560.458782
45.17,1.063443,0.765086,101.287945,560.45876
45.18,1.063443,0.765086,101.287942,560.458738
45.19,1.063443,0.765086,101.287939,560.458717
45.2,1.063443,0.765086,101.287936,560.458695
45.21,1.063443,0.765086,101.287933,560.458673
45.22,1.063443,0.765086,101.28793,560.458651
45.23,1.063443,0.765086,101.287926,560.45863
45.24,1.063443,0.765086,101.287923,560.458608
45.25,1.063443,0.765086,101.28792,560.458586
45.26,1.063443,0.765086,101.287917,560.458565
45.27,1.063443,0.765086,101.287914,560.458543
45.28,1.063443,0.765085,101.287911,560.458521
45.29,1.063443,0.765085,101.287908,560.4585
45.3,1.063443,0.765085,101.287904,560.458478
45.31,1.063443,0.765085,101.287901,560.458456
45.32,1.063443,0.765085,101.287898,560.458435
45.33,1.063443,0.765085,101.287895,560.458413
45.34,1.063443,0.765085,101.287892,560.458391
45.35,1.063443,0.765085,101.287889,560.45837
45.36,1.063443,0.765085,101.287886,560.458348
45.37,1.063443,0.765085,101.287882,560.458326
45.38,1.063443,0.765085,101.287879,560.458305
45.39,1.063443,0.765085,101.287876,560.458283
45.4,1.063443,0.765085,101.287873,560.458261
45.41,1.063443,0.765085,101.28787,560.45824
45.42,1.063443,0.765085,101.287867,560.458218
45.43,1.063443,0.765085,101.287864,560.458197
45.44,1.063443,0.765085,101.287861,560.458175
45.45,1.063443,0.765085,101.287857,560.458153
45.46,1.063443,0.765085,101.287854,560.458132
45.47,1.063443,0.765085,101.287851,560.45811
45.48,1.063443,0.765085,101.287848,560.458089
45.49,1.063443,0.765085,101.287845,560.458067
45.5,1.063443,0.765085,101.287842,560.458046
45.51,1.063443,0.765085,101.287839,560.458024
45.52,1.063443,0.765085,101.287836,560.458002
45.53,1.063443,0.765085,101.287832,560.457981
45.54,1.063443,0.765085,101.287829,560.457959
45.55,1.063443,0.765085,101.287826,560.457938
45.56,1.063443,0.765085,101.287823,560.457916
45.57,1.063443,0.765085,101.28782,560.457895
45.58,1.063443,0.765085,101.287817,560.457873
45.59,1.063443,0.765085,101.287814,560.457852
45.6,1.063443,0.765084,101.287811,560.45783
45.61,1.063443,0.765084,101.287807,560.457809
45.62,1.063443,0.765084,101.287804,560.457787
45.63,1.063443,0.765084,101.287801,560.457766
45.64,1.063443,0.765084,101.287798,560.457744
45.65,1.063443,0.765084,101.287795,560.457723
45.66,1.063443,0.765084,101.287792,560.457701
45.67,1.063443,0.765084,101.287789,560.45768
45.68,1.063443,0.765084,101.287786,560.457658
45.69,1.063443,0.765084,101.287783,560.457637
45.7,1.063443,0.765084,101.287779,560.457615
45.71,1.063443,0.765084,101.287776,560.457594
45.72,1.063443,0.765084,101.287773,560.457573
45.73,1.063443,0.765084,101.28777,560.457551
45.74,1.063443,0.765084,101.287767,560.45753
45.75,1.063443,0.765084,101.287764,560.457508
45.76,1.063443,0.765084,101.287761,560.457487
45.77,1.063443,0.765084,101.287758,560.457465
45.78,1.063443,0.765084,101.287755,560.457444
45.79,1.063443,0.765084,101.287751,560.457423
45.8,1.063443,0.765084,101.287748,560.457401
45.81,1.063443,0.765084,101.287745,560.45738
45.82,1.063443,0.765084,101.287742,560.457358
45.83,1.063443,0.765084,101.287739,560.457337
45.84,1.063443,0.765084,101.287736,560.457316
45.85,1.063443,0.765084,101.287733,560.457294
45.86,1.063443,0.765084,101.28773,560.457273
45.87,1.063443,0.765084,101.287727,560.457252
45.88,1.063443,0.765084,101.287724,560.45723
45.89,1.063443,0.765084,101.28772,560.457209
45.9,1.063443,0.765084,101.287717,560.457188
45.91,1.063443,0.765084,101.287714,560.457166
45.92,1.063443,0.765084,101.287711,560.457145
45.93,1.063443,0.765083,101.287708,560.457124
45.94,1.063443,0.765083,101.287705,560.457102
45.95,1.063443,0.765083,101.287702,560.457081
45.96,1.063443,0.765083,101.287699,560.45706
45.97,1.063443,0.765083,101.287696,560.457038
45.98,1.063443,0.765083,101.287693,560.457017
45.99,1.063443,0.765083,101.28769,560.456996
46,1.063443,0.765083,101.287686,560.456974
46.01,1.063443,0.765083,101.287683,560.456953
46.02,1.063443,0.765083,101.28768,560.456932
46.03,1.063443,0.765083,101.287677,560.456911
46.04,1.063443,0.765083,101.287674,560.456889
46.05,1.063443,0.765083,101.287671,560.456868
46.06,1.063443,0.765083,101.287668,560.456847
46.07,1.063444,0.765083,101.287665,560.456826
46.08,1.063444,0.765083,101.287662,560.456804
46.09,1.063444,0.765083,101.287659,560.456783
46.1,1.063444,0.765083,101.287656,560.456762
46.11,1.063444,0.765083,101.287652,560.456741
46.12,1.063444,0.765083,101.287649,560.456719
46.13,1.063444,0.765083,101.287646,560.456698
46.14,1.063444,0.765083,101.287643,560.456677
46.15,1.063444,0.765083,101.28764,560.456656
46.16,1.063444,0.765083,101.287637,560.456635
46.17,1.063444,0.765083,101.287634,560.456613
46.18,1.063444,0.765083,101.287631,560.456592
46.19,1.063444,0.765083,101.287628,560.456571
46.2,1.063444,0.765083,101.287625,560.45655
46.21,1.063444,0.765083,101.287622,560.456529
46.22,1.063444,0.765083,101.287619,560.456508
46.23,1.063444,0.765083,101.287616,560.456486
46.24,1.063444,0.765083,101.287613,560.456465
46.25,1.063444,0.765082,101.287609,560.456444
46.26,1.063444,0.765082,101.287606,560.456423
46.27,1.063444,0.765082,101.287603,560.456402
46.28,1.063444,0.765082,101.2876,560.456381
46.29,1.063444,0.765082,101.287597,560.45636
46.3,1.063444,0.765082,101.287594,560.456339
46.31,1.063444,0.765082,101.287591,560.456317
46.32,1.063444,0.765082,101.287588,560.456296
46.33,1.063444,0.765082,101.287585,560.456275
46.34,1.063444,0.765082,101.287582,560.456254
46.35,1.063444,0.765082,101.287579,560.456233
46.36,1.063444,0.765082,101.287576,560.456212
46.37,1.063444,0.765082,101.287573,560.456191
46.38,1.063444,0.765082,101.28757,560.45617
46.39,1.063444,0.765082,101.287567,560.456149
46.4,1.063444,0.765082,101.287563,560.456128
46.41,1.063444,0.765082,101.28756,560.456107
46.42,1.063444,0.765082,101.287557,560.456086
46.43,1.063444,0.765082,101.287554,560.456065
46.44,1.063444,0.765082,101.287551,560.456044
46.45,1.063444,0.765082,101.287548,560.456023
46.46,1.063444,0.765082,101.287545,560.456001
46.47,1.063444,0.765082,101.287542,560.45598
46.48,1.063444,0.765082,101.287539,560.455959
46.49,1.063444,0.765082,101.287536,560.455938
46.5,1.063444,0.765082,101.287533,560.455917
46.51,1.063444,0.765082,101.28753,560.455896
46.52,1.063444,0.765082,101.287527,560.455875
46.53,1.063444,0.765082,101.287524,560.455854
46.54,1.063444,0.765082,101.287521,560.455833
46.55,1.063444,0.765082,101.287518,560.455813
46.56,1.063444,0.765082,101.287515,560.455792
46.57,1.063444,0.765082,101.287512,560.455771
46.58,1.063444,0.765081,101.287509,560.45575
46.59,1.063444,0.765081,101.287506,560.455729
46.6,1.063444,0.765081,101.287503,560.455708
46.61,1.063444,0.765081,101.2875,560.455687
46.62,1.063444,0.765081,101.287496,560.455666
46.63,1.063444,0.765081,101.287493,560.455645
46.64,1.063444,0.765081,101.28749,560.455624
46.65,1.063444,0.765081,101.287487,560.455603
46.66,1.063444,0.765081,101.287484,560.455582
46.67,1.063444,0.765081,101.287481,560.455561
46.68,1.063444,0.765081,101.287478,560.45554
46.69,1.063444,0.765081,101.287475,560.455519
46.7,1.063444,0.765081,101.287472,560.455499
46.71,1.063444,0.765081,101.287469,560.455478
46.72,1.063444,0.765081,101.287466,560.455457
46.73,1.063444,0.765081,101.287463,560.455436
46.74,1.063444,0.765081,101.28746,560.455415
46.75,1.063444,0.765081,101.287457,560.455394
46.76,1.063444,0.765081,101.287454,560.455373
46.77,1.063444,0.765081,101.287451,560.455352
46.78,1.063444,0.765081,101.287448,560.455332
46.79,1.063444,0.765081,101.287445,560.455311
46.8,1.063444,0.765081,101.287442,560.45529
46.81,1.063444,0.765081,101.287439,560.455269
46.82,1.063444,0.765081,101.287436,560.455248
46.83,1.063444,0.765081,101.287433,560.455227
46.84,1.063444,0.765081,101.28743,560.455207
46.85,1.063444,0.765081,101.287427,560.455186
46.86,1.063444,0.765081,101.287424,560.455165
46.87,1.063444,0.765081,101.287421,560.455144
46.88,1.063444,0.765081,101.287418,560.455123
46.89,1.063444,0.765081,101.287415,560.455103
46.9,1.063444,0.765081,101.287412,560.455082
46.91,1.063444,0.765081,101.287409,560.455061
46.92,1.063444,0.76508,101.287406,560.45504
46.93,1.063444,0.76508,101.287403,560.45502
46.94,1.063444,0.76508,101.2874,560.454999
46.95,1.063444,0.76508,101.287397,560.454978
46.96,1.063444,0.76508,101.287394,560.454957
46.97,1.063444,0.76508,101.287391,560.454937
46.98,1.063444,0.76508,101.287388,560.454916
46.99,1.063444,0.76508,101.287385,560.454895
47,1.063444,0.76508,101.287382,560.454874
47.01,1.063444,0.76508,101.287379,560.454854
47.02,1.063444,0.76508,101.287376,560.454833
47.03,1.063444,0.76508,101.287373,560.454812
47.04,1.063444,0.76508,101.28737,560.454791
47.05,1.063444,0.76508,101.287367,560.454771
47.06,1.063444,0.76508,101.287364,560.45475
47.07,1.063444,0.76508,101.287361,560.454729
47.08,1.063444,0.76508,101.287358,560.454709
47.09,1.063444,0.76508,101.287355,560.454688
47.1,1.063444,0.76508,101.287352,560.454667
47.11,1.063444,0.76508,101.287349,560.454647
47.12,1.063444,0.76508,101.287346,560.454626
47.13,1.063444,0.76508,101.287343,560.454605
47.14,1.063444,0.76508,101.28734,560.454585
47.15,1.063444,0.76508,101.287337,560.454564
47.16,1.063444,0.76508,101.287334,560.454543
47.17,1.063444,0.76508,101.287331,560.454523
47.18,1.063444,0.76508,101.287328,560.454502
47.19,1.063444,0.76508,101.287325,560.454482
47.2,1.063444,0.76508,101.287322,560.454461
47.21,1.063444,0.76508,101.287319,560.45444
47.22,1.063444,0.76508,101.287316,560.45442
47.23,1.063444,0.76508,101.287313,560.454399
47.24,1.063444,0.76508,101.28731,560.454379
47.25,1.063444,0.765079,101.287307,560.454358
47.26,1.063444,0.765079,101.287304,560.454337
47.27,1.063444,0.765079,101.287301,560.454317
47.28,1.063444,0.765079,101.287298,560.454296
47.29,1.063444,0.765079,101.287295,560.454276
47.3,1.063444,0.765079,101.287292,560.454255
47.31,1.063444,0.765079,101.287289,560.454234
47.32,1.063444,0.765079,101.287286,560.454214
47.33,1.063444,0.765079,101.287283,560.454193
47.34,1.063444,0.765079,101.28728,560.454173
47.35,1.063444,0.765079,101.287277,560.454152
47.36,1.063444,0.765079,101.287274,560.454132
47.37,1.063444,0.765079,101.287271,560.454111
47.38,1.063444,0.765079,101.287268,560.454091
47.39,1.063444,0.765079,101.287265,560.45407
47.4,1.063444,0.765079,101.287262,560.45405
47.41,1.063444,0.765079,101.287259,560.454029
47.42,1.063444,0.765079,101.287257,560.454009
47.43,1.063444,0.765079,101.287254,560.453988
47.44,1.063444,0.765079,101.287251,560.453968
47.45,1.063444,0.765079,101.287248,560.453947
47.46,1.063444,0.765079,101.287245,560.453927
47.47,1.063444,0.765079,101.287242,560.453906
47.48,1.063444,0.765079,101.287239,560.453886
47.49,1.063444,0.765079,101.287236,560.453865
47.5,1.063444,0.765079,101.287233,560.453845
47.51,1.063444,0.765079,101.28723,560.453824
47.52,1.063444,0.765079,101.287227,560.453804
47.53,1.063444,0.765079,101.287224,560.453784
47.54,1.063444,0.765079,101.287221,560.453763
47.55,1.063444,0.765079,101.287218,560.453743
47.56,1.063444,0.765079,101.287215,560.453722
47.57,1.063444,0.765079,101.287212,560.453702
47.58,1.063444,0.765079,101.287209,560.453681
47.59,1.063444,0.765078,101.287206,560.453661
47.6,1.063444,0.765078,101.287203,560.453641
47.61,1.063444,0.765078,101.2872,560.45362
47.62,1.063444,0.765078,101.287198,560.4536
47.63,1.063444,0.765078,101.287195,560.453579
47.64,1.063444,0.765078,101.287192,560.453559
47.65,1.063444,0.765078,101.287189,560.453539
47.66,1.063444,0.765078,101.287186,560.453518
47.67,1.063444,0.765078,101.287183,560.453498
47.68,1.063444,0.765078,101.28718,560.453478
47.69,1.063444,0.765078,101.287177,560.453457
47.7,1.063444,0.765078,101.287174,560.453437
47.71,1.063444,0.765078,101.287171,560.453417
47.72,1.063444,0.765078,101.287168,560.453396
47.73,1.063444,0.765078,101.287165,560.453376
47.74,1.063444,0.765078,101.287162,560.453356
47.75,1.063444,0.765078,101.287159,560.453335
47.76,1.063444,0.765078,101.287156,560.453315
47.77,1.063444,0.765078,101.287154,560.453295
47.78,1.063444,0.765078,101.287151,560.453274
47.79,1.063444,0.765078,101.287148,560.453254
47.8,1.063444,0.765078,101.287145,560.453234
47.81,1.063444,0.765078,101.287142,560.453213
47.82,1.063444,0.765078,101.287139,560.453193
47.83,1.063444,0.765078,101.287136,560.453173
47.84,1.063444,0.765078,101.287133,560.453153
47.85,1.063444,0.765078,101.28713,560.453132
47.86,1.063444,0.765078,101.287127,560.453112
47.87,1.063444,0.765078,101.287124,560.453092
47.88,1.063444,0.765078,101.287121,560.453072
47.89,1.063444,0.765078,101.287119,560.453051
47.9,1.063444,0.765078,101.287116,560.453031
47.91,1.063444,0.765078,101.287113,560.453011
47.92,1.063444,0.765078,101.28711,560.452991
47.93,1.063444,0.765078,101.287107,560.45297
47.94,1.063444,0.765077,101.287104,560.45295
47.95,1.063444,0.765077,101.287101,560.45293
47.96,1.063444,0.765077,101.287098,560.45291
47.97,1.063444,0.765077,101.287095,560.45289
47.98,1.063444,0.765077,101.287092,560.452869
47.99,1.063444,0.765077,101.287089,560.452849
48,1.063444,0.765077,101.287087,560.452829
48.01,1.063444,0.765077,101.287084,560.452809
48.02,1.063444,0.765077,101.287081,560.452789
48.03,1.063444,0.765077,101.287078,560.452769
48.04,1.063444,0.765077,101.287075,560.452748
48.05,1.063444,0.765077,101.287072,560.452728
48.06,1.063444,0.765077,101.287069,560.452708
48.07,1.063444,0.765077,101.287066,560.452688
48.08,1.063444,0.765077,101.287063,560.452668
48.09,1.063444,0.765077,101.28706,560.452648
48.1,1.063444,0.765077,101.287058,560.452627
48.11,1.063444,0.765077,101.287055,560.452607
48.12,1.063444,0.765077,101.287052,560.452587
48.13,1.063444,0.765077,101.287049,560.452567
48.14,1.063444,0.765077,101.287046,560.452547
48.15,1.063444,0.765077,101.287043,560.452527
48.16,1.063444,0.765077,101.28704,560.452507
48.17,1.063444,0.765077,101.287037,560.452487
48.18,1.063444,0.765077,101.287035,560.452467
48.19,1.063444,0.765077,101.287032,560.452447
48.2,1.063444,0.765077,101.287029,560.452426
48.21,1.063444,0.765077,101.287026,560.452406
48.22,1.063444,0.765077,101.287023,560.452386
48.23,1.063444,0.765077,101.28702,560.452366
48.24,1.063444,0.765077,101.287017,560.452346
48.25,1.063444,0.765077,101.287014,560.452326
48.26,1.063444,0.765077,101.287012,560.452306
48.27,1.063444,0.765077,101.287009,560.452286
48.28,1.063444,0.765076,101.287006,560.452266
48.29,1.063444,0.765076,101.287003,560.452246
48.3,1.063444,0.765076,101.287,560.452226
48.31,1.063444,0.765076,101.286997,560.452206
48.32,1.063444,0.765076,101.286994,560.452186
48.33,1.063444,0.765076,101.286991,560.452166
48.34,1.063444,0.765076,101.286989,560.452146
48.35,1.063444,0.765076,101.286986,560.452126
48.36,1.063444,0.765076,101.286983,560.452106
48.37,1.063444,0.765076,101.28698,560.452086
48.38,1.063444,0.765076,101.286977,560.452066
48.39,1.063444,0.765076,101.286974,560.452046
48.4,1.063444,0.765076,101.286971,560.452026
48.41,1.063444,0.765076,101.286969,560.452006
48.42,1.063444,0.765076,101.286966,560.451986
48.43,1.063444,0.765076,101.286963,560.451966
48.44,1.063444,0.765076,101.28696,560.451946
48.45,1.063444,0.765076,101.286957,560.451926
48.46,1.063444,0.765076,101.286954,560.451906
48.47,1.063444,0.765076,101.286951,560.451886
48.48,1.063444,0.765076,101.286949,560.451866
48.49,1.063444,0.765076,101.286946,560.451846
48.5,1.063444,0.765076,101.286943,560.451827
48.51,1.063444,0.765076,101.28694,560.451807
48.52,1.063444,0.765076,101.286937,560.451787
48.53,1.063444,0.765076,101.286934,560.451767
48.54,1.063444,0.765076,101.286931,560.451747
48.55,1.063444,0.765076,101.286929,560.451727
48.56,1.063444,0.765076,101.286926,560.451707
48.57,1.063444,0.765076,101.286923,560.451687
48.58,1.063444,0.765076,101.28692,560.451667
48.59,1.063444,0.765076,101.286917,560.451648
48.6,1.063444,0.765076,101.286914,560.451628
48.61,1.063444,0.765076,101.286912,560.451608
48.62,1.063444,0.765076,101.286909,560.451588
48.63,1.063444,0.765075,101.286906,560.451568
48.64,1.063444,0.765075,101.286903,560.451548
48.65,1.063444,0.765075,101.2869,560.451528
48.66,1.063444,0.765075,101.286897,560.451509
48.67,1.063444,0.765075,101.286895,560.451489
48.68,1.063444,0.765075,101.286892,560.451469
48.69,1.063444,0.765075,101.286889,560.451449
48.7,1.063444,0.765075,101.286886,560.451429
48.71,1.063444,0.765075,101.286883,560.451409
48.72,1.063444,0.765075,101.28688,560.45139
48.73,1.063444,0.765075,101.286878,560.45137
48.74,1.063444,0.765075,101.286875,560.45135
48.75,1.063444,0.765075,101.286872,560.45133
48.76,1.063444,0.765075,101.286869,560.451311
48.77,1.063444,0.765075,101.286866,560.451291
48.78,1.063444,0.765075,101.286864,560.451271
48.79,1.063444,0.765075,101.286861,560.451251
48.8,1.063444,0.765075,101.286858,560.451231
48.81,1.063444,0.765075,101.286855,560.451212
48.82,1.063444,0.765075,101.286852,560.451192
48.83,1.063444,0.765075,101.286849,560.451172
48.84,1.063444,0.765075,101.286847,560.451152
48.85,1.063444,0.765075,101.286844,560.451133
48.86,1.063444,0.765075,101.286841,560.451113
48.87,1.063444,0.765075,101.286838,560.451093
48.88,1.063444,0.765075,101.286835,560.451074
48.89,1.063444,0.765075,101.286833,560.451054
48.9,1.063444,0.765075,101.28683,560.451034
48.91,1.063444,0.765075,101.286827,560.451014
48.92,1.063444,0.765075,101.286824,560.450995
48.93,1.063444,0.765075,101.286821,560.450975
48.94,1.063444,0.765075,101.286819,560.450955
48.95,1.063444,0.765075,101.286816,560.450936
48.96,1.063444,0.765075,101.286813,560.450916
48.97,1.063444,0.765075,101.28681,560.450896
48.98,1.063444,0.765074,101.286807,560.450877
48.99,1.063444,0.765074,101.286805,560.450857
49,1.063444,0.765074,101.286802,560.450837
49.01,1.063444,0.765074,101.286799,560.450818
49.02,1.063444,0.765074,101.286796,560.450798
49.03,1.063444,0.765074,101.286793,560.450778
49.04,1.063444,0.765074,101.286791,560.450759
49.05,1.063444,0.765074,101.286788,560.450739
49.06,1.063444,0.765074,101.286785,560.450719
49.07,1.063444,0.765074,101.286782,560.4507
49.08,1.063444,0.765074,101.286779,560.45068
49.09,1.063444,0.765074,101.286777,560.450661
49.1,1.063444,0.765074,101.286774,560.450641
49.11,1.063444,0.765074,101.286771,560.450621
49.12,1.063444,0.765074,101.286768,560.450602
49.13,1.063444,0.765074,101.286766,560.450582
49.14,1.063444,0.765074,101.286763,560.450563
49.15,1.063444,0.765074,101.28676,560.450543
49.16,1.063444,0.765074,101.286757,560.450524
49.17,1.063444,0.765074,101.286754,560.450504
49.18,1.063444,0.765074,101.286752,560.450484
49.19,1.063444,0.765074,101.286749,560.450465
49.2,1.063444,0.765074,101.286746,560.450445
49.21,1.063444,0.765074,101.286743,560.450426
49.22,1.063444,0.765074,101.286741,560.450406
49.23,1.063444,0.765074,101.286738,560.450387
49.24,1.063444,0.765074,101.286735,560.450367
49.25,1.063444,0.765074,101.286732,560.450348
49.26,1.063444,0.765074,101.286729,560.450328
49.27,1.063444,0.765074,101.286727,560.450309
49.28,1.063444,0.765074,101.286724,560.450289
49.29,1.063444,0.765074,101.286721,560.45027
49.3,1.063444,0.765074,101.286718,560.45025
49.31,1.063444,0.765074,101.286716,560.450231
49.32,1.063444,0.765074,101.286713,560.450211
49.33,1.063444,0.765074,101.28671,560.450192
49.34,1.063444,0.765073,101.286707,560.450172
49.35,1.063444,0.765073,101.286705,560.450153
49.36,1.063444,0.765073,101.286702,560.450133
49.37,1.063444,0.765073,101.286699,560.450114
49.38,1.063444,0.765073,101.286696,560.450094
49.39,1.063444,0.765073,101.286693,560.450075
49.4,1.063444,0.765073,101.286691,560.450055
49.41,1.063444,0.765073,101.286688,560.450036
49.42,1.063444,0.765073,101.286685,560.450016
49.43,1.063444,0.765073,101.286682,560.449997
49.44,1.063444,0.765073,101.28668,560.449978
49.45,1.063444,0.765073,101.286677,560.449958
49.46,1.063444,0.765073,101.286674,560.449939
49.47,1.063444,0.765073,101.286671,560.449919
49.48,1.063444,0.765073,101.286669,560.4499
49.49,1.063444,0.765073,101.286666,560.449881
49.5,1.063444,0.765073,101.286663,560.449861
49.51,1.063444,0.765073,101.28666,560.449842
49.52,1.063444,0.765073,101.286658,560.449822
49.53,1.063444,0.765073,101.286655,560.449803
49.54,1.063444,0.765073,101.286652,560.449784
49.55,1.063444,0.765073,101.28665,560.449764
49.56,1.063444,0.765073,101.286647,560.449745
49.57,1.063444,0.765073,101.286644,560.449725
49.58,1.063444,0.765073,101.286641,560.449706
49.59,1.063444,0.765073,101.286639,560.449687
49.6,1.063444,0.765073,101.286636,560.449667
49.61,1.063444,0.765073,101.286633,560.449648
49.62,1.063444,0.765073,101.28663,560.449629
49.63,1.063444,0.765073,101.286628,560.449609
49.64,1.063444,0.765073,101.286625,560.44959
49.65,1.063444,0.765073,101.286622,560.449571
49.66,1.063444,0.765073,101.286619,560.449551
49.67,1.063444,0.765073,101.286617,560.449532
49.68,1.063444,0.765073,101.286614,560.449513
49.69,1.063444,0.765073,101.286611,560.449494
49.7,1.063444,0.765072,101.286608,560.449474
49.71,1.063444,0.765072,101.286606,560.449455
49.72,1.063444,0.765072,101.286603,560.449436
49.73,1.063444,0.765072,101.2866,560.449416
49.74,1.063444,0.765072,101.286598,560.449397
49.75,1.063444,0.765072,101.286595,560.449378
49.76,1.063444,0.765072,101.286592,560.449359
49.77,1.063444,0.765072,101.286589,560.449339
49.78,1.063444,0.765072,101.286587,560.44932
49.79,1.063444,0.765072,101.286584,560.449301
49.8,1.063444,0.765072,101.286581,560.449282
49.81,1.063444,0.765072,101.286579,560.449262
49.82,1.063444,0.765072,101.286576,560.449243
49.83,1.063444,0.765072,101.286573,560.449224
49.84,1.063444,0.765072,101.28657,560.449205
49.85,1.063444,0.765072,101.286568,560.449186
49.86,1.063444,0.765072,101.286565,560.449166
49.87,1.063444,0.765072,101.286562,560.449147
49.88,1.063444,0.765072,101.28656,560.449128
49.89,1.063444,0.765072,101.286557,560.449109
49.9,1.063444,0.765072,101.286554,560.44909
49.91,1.063444,0.765072,101.286551,560.44907
49.92,1.063444,0.765072,101.286549,560.449051
49.93,1.063444,0.765072,101.286546,560.449032
49.94,1.063444,0.765072,101.286543,560.449013
49.95,1.063444,0.765072,101.286541,560.448994
49.96,1.063444,0.765072,101.286538,560.448974
49.97,1.063444,0.765072,101.286535,560.448955
49.98,1.063444,0.765072,101.286532,560.448936
49.99,1.063444,0.765072,101.28653,560.448917
50,1.063444,0.765072,101.286527,560.448898
