b:tnow in s,s:ut in p.u.,s:cur1 in p.u.,s:Q1 in Mvar,s:P1 in MW
0,1.0278,0.750563,0.439926,540
0.01,1.027652,0.751594,0.600554,540.663421
0.02,1.027649,0.751593,0.596628,540.661832
0.03,1.027647,0.751582,0.593325,540.652307
0.04,1.027646,0.751562,0.590385,540.637222
0.05,1.027644,0.751536,0.587676,540.618209
0.06,1.027643,0.751507,0.585141,540.596331
0.07,1.027643,0.751474,0.582758,540.572302
0.08,1.027642,0.751438,0.580519,540.546615
0.09,1.027642,0.751401,0.578421,540.51963
0.1,1.027642,0.751362,0.576455,540.491625
0.11,1.027643,0.751322,0.574611,540.462827
0.12,1.027643,0.75128,0.572876,540.433437
0.13,1.027644,0.751239,0.571233,540.403639
0.14,1.027645,0.751196,0.569663,540.373605
0.15,1.027645,0.751154,0.568149,540.343506
0.16,1.027646,0.751111,0.566672,540.313505
0.17,1.027647,0.751069,0.565213,540.283764
0.18,1.027648,0.751028,0.563755,540.254441
0.19,1.027649,0.750987,0.562282,540.22569
0.2,1.02765,0.750947,0.560779,540.197659
0.21,1.027651,0.750909,0.559234,540.170492
0.22,1.027652,0.750872,0.557636,540.144325
0.23,1.027654,0.750836,0.555973,540.119284
0.24,1.027655,0.750802,0.554239,540.095489
0.25,1.027656,0.75077,0.552426,540.073049
0.26,1.027657,0.75074,0.55053,540.052061
0.27,1.027658,0.750712,0.548546,540.032612
0.28,1.027659,0.750687,0.546474,540.014778
0.29,1.02766,0.750663,0.54431,539.998621
0.3,1.027661,0.750643,0.542057,539.984193
0.31,1.027663,0.750624,0.539714,539.971529
0.32,1.027664,0.750608,0.537284,539.960656
0.33,1.027665,0.750595,0.534772,539.951586
0.34,1.027666,0.750584,0.53218,539.944318
0.35,1.027667,0.750575,0.529513,539.938838
0.36,1.027668,0.750569,0.526778,539.935124
0.37,1.02767,0.750566,0.523981,539.933137
0.38,1.027671,0.750564,0.521128,539.932831
0.39,1.027672,0.750565,0.518227,539.934148
0.4,1.027673,0.750568,0.515285,539.93702
0.41,1.027674,0.750574,0.512311,539.94137
0.42,1.027676,0.750581,0.509314,539.947113
0.43,1.027677,0.750589,0.506301,539.954156
0.44,1.027678,0.7506,0.503282,539.9624
0.45,1.02768,0.750612,0.500265,539.971741
0.46,1.027681,0.750625,0.49726,539.982068
0.47,1.027682,0.75064,0.494274,539.993268
0.48,1.027684,0.750656,0.491318,540.005224
0.49,1.027685,0.750672,0.4884,540.017818
0.5,1.027686,0.750689,0.485527,540.03093
0.51,1.027688,0.750707,0.48271,540.044441
0.52,1.027689,0.750725,0.479954,540.058232
0.53,1.027691,0.750743,0.477269,540.072186
0.54,1.027692,0.750762,0.47466,540.086188
0.55,1.027694,0.75078,0.472137,540.100128
0.56,1.027695,0.750798,0.469704,540.113898
0.57,1.027697,0.750815,0.467368,540.127396
0.58,1.027699,0.750833,0.465135,540.140525
0.59,1.0277,0.750849,0.46301,540.153196
0.6,1.027702,0.750865,0.460997,540.165322
0.61,1.027703,0.75088,0.459101,540.176829
0.62,1.027705,0.750893,0.457325,540.187646
0.63,1.027707,0.750906,0.455672,540.197711
0.64,1.027708,0.750918,0.454146,540.206972
0.65,1.02771,0.750928,0.452747,540.215382
0.66,1.027711,0.750938,0.451479,540.222906
0.67,1.027713,0.750946,0.450341,540.229515
0.68,1.027715,0.750953,0.449334,540.235188
0.69,1.027716,0.750958,0.448458,540.239915
0.7,1.027718,0.750962,0.447714,540.243693
0.71,1.027719,0.750965,0.447099,540.246526
0.72,1.02772,0.750967,0.446613,540.248427
0.73,1.027722,0.750967,0.446254,540.249416
0.74,1.027723,0.750966,0.446019,540.24952
0.75,1.027724,0.750964,0.445907,540.248775
0.76,1.027726,0.750961,0.445914,540.247219
0.77,1.027727,0.750957,0.446037,540.244898
0.78,1.027728,0.750952,0.446273,540.241865
0.79,1.027729,0.750946,0.446618,540.238175
0.8,1.02773,0.750939,0.447067,540.233888
0.81,1.027731,0.750932,0.447617,540.229067
0.82,1.027732,0.750924,0.448263,540.223779
0.83,1.027732,0.750916,0.449001,540.218092
0.84,1.027733,0.750907,0.449826,540.212077
0.85,1.027734,0.750898,0.450733,540.205805
0.86,1.027734,0.750888,0.451718,540.199348
0.87,1.027734,0.750879,0.452775,540.192776
0.88,1.027735,0.75087,0.453899,540.186161
0.89,1.027735,0.75086,0.455086,540.179572
0.9,1.027735,0.750851,0.456331,540.173076
0.91,1.027735,0.750842,0.457628,540.166738
0.92,1.027735,0.750834,0.458974,540.16062
0.93,1.027735,0.750826,0.460362,540.154782
0.94,1.027734,0.750819,0.46179,540.149278
0.95,1.027734,0.750812,0.463251,540.144158
0.96,1.027734,0.750806,0.464742,540.139471
0.97,1.027733,0.7508,0.466259,540.135256
0.98,1.027732,0.750795,0.467796,540.131551
0.99,1.027732,0.750792,0.469351,540.128389
1,1.027731,0.750789,0.470919,540.125794
1.01,1.02773,0.750787,0.472497,540.123789
1.02,1.027729,0.750785,0.474081,540.122389
1.03,1.027728,0.750785,0.475667,540.121604
1.04,1.027727,0.750786,0.477253,540.121439
1.05,1.027725,0.750787,0.478836,540.121895
1.06,1.027724,0.75079,0.480412,540.122964
1.07,1.027723,0.750793,0.481978,540.124637
1.08,1.027721,0.750797,0.483533,540.126899
1.09,1.02772,0.750802,0.485073,540.129729
1.1,1.027718,0.750808,0.486597,540.133104
1.11,1.027717,0.750814,0.488101,540.136995
1.12,1.027715,0.750822,0.489585,540.141371
1.13,1.027714,0.750829,0.491045,540.146197
1.14,1.027712,0.750838,0.492481,540.151435
1.15,1.027711,0.750847,0.49389,540.157043
1.16,1.027709,0.750856,0.495271,540.162981
1.17,1.027707,0.750866,0.496622,540.169203
1.18,1.027706,0.750876,0.497942,540.175663
1.19,1.027704,0.750887,0.499229,540.182316
1.2,1.027702,0.750897,0.500482,540.189113
1.21,1.027701,0.750908,0.5017,540.196008
1.22,1.027699,0.750919,0.50288,540.202954
1.23,1.027698,0.75093,0.504023,540.209904
1.24,1.027696,0.750941,0.505127,540.216814
1.25,1.027695,0.750951,0.506191,540.22364
1.26,1.027693,0.750961,0.507214,540.230339
1.27,1.027692,0.750972,0.508195,540.236871
1.28,1.02769,0.750981,0.509132,540.2432
1.29,1.027689,0.750991,0.510025,540.24929
1.3,1.027688,0.751,0.510872,540.255108
1.31,1.027687,0.751008,0.511674,540.260625
1.32,1.027686,0.751016,0.512428,540.265816
1.33,1.027684,0.751024,0.513135,540.270658
1.34,1.027683,0.751031,0.513793,540.275131
1.35,1.027682,0.751037,0.514401,540.27922
1.36,1.027682,0.751043,0.514959,540.282912
1.37,1.027681,0.751048,0.515466,540.2862
1.38,1.02768,0.751053,0.515921,540.289078
1.39,1.027679,0.751057,0.516323,540.291545
1.4,1.027679,0.75106,0.516673,540.293602
1.41,1.027678,0.751063,0.516969,540.295255
1.42,1.027678,0.751065,0.517211,540.296513
1.43,1.027678,0.751066,0.517399,540.297387
1.44,1.027677,0.751067,0.517533,540.297892
1.45,1.027677,0.751067,0.517611,540.298044
1.46,1.027677,0.751067,0.517635,540.297863
1.47,1.027677,0.751067,0.517604,540.297371
1.48,1.027677,0.751066,0.517518,540.296591
1.49,1.027677,0.751064,0.517377,540.29555
1.5,1.027677,0.751062,0.517182,540.294273
1.51,1.027677,0.75106,0.516933,540.292789
1.52,1.027677,0.751058,0.51663,540.291126
1.53,1.027678,0.751055,0.516275,540.289313
1.54,1.027678,0.751052,0.515867,540.287381
1.55,1.027678,0.751049,0.515408,540.285359
1.56,1.027679,0.751045,0.514899,540.283276
1.57,1.027679,0.751042,0.514341,540.28116
1.58,1.02768,0.751039,0.513735,540.279041
1.59,1.027681,0.751035,0.513082,540.276944
1.6,1.027681,0.751032,0.512385,540.274895
1.61,1.027682,0.751029,0.511644,540.272918
1.62,1.027683,0.751026,0.510861,540.271036
1.63,1.027684,0.751022,0.510039,540.269269
1.64,1.027685,0.75102,0.509179,540.267635
1.65,1.027686,0.751017,0.508283,540.266151
1.66,1.027686,0.751014,0.507354,540.264829
1.67,1.027687,0.751012,0.506393,540.263683
1.68,1.027688,0.75101,0.505403,540.26272
1.69,1.027689,0.751008,0.504386,540.261948
1.7,1.027691,0.751007,0.503346,540.26137
1.71,1.027692,0.751005,0.502283,540.260987
1.72,1.027693,0.751004,0.501202,540.260798
1.73,1.027694,0.751003,0.500104,540.260801
1.74,1.027695,0.751003,0.498992,540.260987
1.75,1.027696,0.751002,0.497869,540.261351
1.76,1.027697,0.751002,0.496737,540.261879
1.77,1.027699,0.751002,0.4956,540.262562
1.78,1.0277,0.751002,0.494459,540.263382
1.79,1.027701,0.751003,0.493317,540.264325
1.8,1.027703,0.751003,0.492178,540.265372
1.81,1.027704,0.751004,0.491043,540.266505
1.82,1.027705,0.751005,0.489915,540.267702
1.83,1.027706,0.751005,0.488796,540.268942
1.84,1.027708,0.751006,0.487689,540.270204
1.85,1.027709,0.751007,0.486597,540.271463
1.86,1.027711,0.751008,0.48552,540.272698
1.87,1.027712,0.751008,0.484462,540.273885
1.88,1.027713,0.751009,0.483424,540.275002
1.89,1.027715,0.751009,0.482408,540.276025
1.9,1.027716,0.751009,0.481416,540.276933
1.91,1.027718,0.751009,0.480451,540.277704
1.92,1.027719,0.751009,0.479512,540.278319
1.93,1.027721,0.751009,0.478602,540.278759
1.94,1.027722,0.751008,0.477722,540.279006
1.95,1.027724,0.751007,0.476873,540.279044
1.96,1.027725,0.751006,0.476056,540.278859
1.97,1.027727,0.751004,0.475273,540.27844
1.98,1.027728,0.751002,0.474523,540.277775
1.99,1.02773,0.750999,0.473808,540.276857
2,1.027731,0.750997,0.473129,540.27568
2.01,1.027733,0.750994,0.472485,540.27424
2.02,1.027734,0.75099,0.471877,540.272536
2.03,1.027736,0.750986,0.471305,540.27057
2.04,1.027737,0.750982,0.47077,540.268344
2.05,1.027739,0.750978,0.470272,540.265865
2.06,1.02774,0.750973,0.46981,540.263142
2.07,1.027742,0.750967,0.469384,540.260184
2.08,1.027743,0.750962,0.468994,540.257006
2.09,1.027745,0.750956,0.468641,540.253621
2.1,1.027746,0.75095,0.468323,540.250047
2.11,1.027748,0.750944,0.46804,540.246303
2.12,1.027749,0.750937,0.467792,540.24241
2.13,1.02775,0.750931,0.467578,540.238392
2.14,1.027752,0.750924,0.467399,540.23427
2.15,1.027753,0.750917,0.467252,540.230072
2.16,1.027755,0.75091,0.467139,540.225824
2.17,1.027756,0.750903,0.467059,540.221554
2.18,1.027757,0.750896,0.46701,540.217289
2.19,1.027759,0.75089,0.466993,540.213058
2.2,1.02776,0.750883,0.467006,540.208892
2.21,1.027761,0.750876,0.467051,540.204818
2.22,1.027762,0.75087,0.467126,540.200867
2.23,1.027763,0.750864,0.46723,540.197067
2.24,1.027765,0.750858,0.467364,540.193447
2.25,1.027766,0.750852,0.467527,540.190034
2.26,1.027767,0.750847,0.46772,540.186855
2.27,1.027768,0.750842,0.467941,540.183935
2.28,1.027769,0.750838,0.46819,540.1813
2.29,1.02777,0.750834,0.468469,540.178971
2.3,1.027771,0.750831,0.468775,540.17697
2.31,1.027771,0.750828,0.469111,540.175316
2.32,1.027772,0.750825,0.469475,540.174026
2.33,1.027773,0.750824,0.469867,540.173116
2.34,1.027774,0.750822,0.470289,540.172598
2.35,1.027774,0.750822,0.470739,540.172484
2.36,1.027775,0.750822,0.471219,540.172782
2.37,1.027775,0.750822,0.471728,540.173497
2.38,1.027776,0.750824,0.472267,540.174633
2.39,1.027776,0.750825,0.472837,540.17619
2.4,1.027777,0.750828,0.473436,540.178168
2.41,1.027777,0.750831,0.474067,540.180562
2.42,1.027777,0.750835,0.474728,540.183366
2.43,1.027778,0.750839,0.475422,540.186569
2.44,1.027778,0.750844,0.476146,540.190161
2.45,1.027778,0.750849,0.476903,540.194128
2.46,1.027778,0.750855,0.477693,540.198454
2.47,1.027778,0.750862,0.478515,540.20312
2.48,1.027778,0.750869,0.47937,540.208107
2.49,1.027778,0.750876,0.480258,540.213391
2.5,1.027778,0.750884,0.481179,540.218951
2.51,1.027777,0.750892,0.482133,540.224759
2.52,1.027777,0.750901,0.48312,540.23079
2.53,1.027777,0.75091,0.48414,540.237016
2.54,1.027777,0.750919,0.485193,540.243406
2.55,1.027776,0.750928,0.486279,540.249932
2.56,1.027776,0.750938,0.487397,540.256564
2.57,1.027775,0.750947,0.488546,540.263269
2.58,1.027775,0.750957,0.489726,540.270017
2.59,1.027774,0.750967,0.490937,540.276776
2.6,1.027774,0.750977,0.492178,540.283515
2.61,1.027773,0.750986,0.493446,540.290204
2.62,1.027772,0.750996,0.494743,540.296812
2.63,1.027772,0.751005,0.496066,540.303309
2.64,1.027771,0.751015,0.497414,540.309667
2.65,1.02777,0.751024,0.498786,540.315857
2.66,1.02777,0.751033,0.50018,540.321854
2.67,1.027769,0.751041,0.501594,540.327632
2.68,1.027768,0.75105,0.503028,540.333168
2.69,1.027767,0.751058,0.504478,540.338439
2.7,1.027766,0.751065,0.505944,540.343426
2.71,1.027766,0.751072,0.507422,540.34811
2.72,1.027765,0.751079,0.508912,540.352474
2.73,1.027764,0.751085,0.51041,540.356506
2.74,1.027763,0.751091,0.511914,540.360191
2.75,1.027762,0.751096,0.513422,540.363522
2.76,1.027761,0.751101,0.514932,540.366489
2.77,1.02776,0.751105,0.51644,540.369087
2.78,1.02776,0.751109,0.517945,540.371313
2.79,1.027759,0.751112,0.519444,540.373165
2.8,1.027758,0.751115,0.520934,540.374646
2.81,1.027757,0.751117,0.522412,540.375758
2.82,1.027756,0.751119,0.523876,540.376507
2.83,1.027755,0.75112,0.525324,540.3769
2.84,1.027754,0.75112,0.526752,540.376946
2.85,1.027754,0.751121,0.528158,540.376658
2.86,1.027753,0.75112,0.529539,540.376048
2.87,1.027752,0.75112,0.530893,540.375131
2.88,1.027751,0.751119,0.532217,540.373924
2.89,1.027751,0.751117,0.533509,540.372444
2.9,1.02775,0.751115,0.534767,540.370711
2.91,1.027749,0.751113,0.535988,540.368744
2.92,1.027748,0.75111,0.53717,540.366566
2.93,1.027748,0.751108,0.538311,540.364198
2.94,1.027747,0.751105,0.53941,540.361664
2.95,1.027747,0.751101,0.540463,540.358986
2.96,1.027746,0.751098,0.541471,540.356189
2.97,1.027746,0.751094,0.54243,540.353296
2.98,1.027745,0.75109,0.543341,540.350333
2.99,1.027745,0.751087,0.5442,540.347322
3,1.027744,0.751083,0.545009,540.344288
3.01,1.027744,0.751079,0.545764,540.341255
3.02,1.027743,0.751075,0.546466,540.338244
3.03,1.027743,0.751071,0.547115,540.335278
3.04,1.027743,0.751067,0.547709,540.33238
3.05,1.027742,0.751064,0.548248,540.329568
3.06,1.027742,0.75106,0.548733,540.326863
3.07,1.027742,0.751057,0.549163,540.324284
3.08,1.027742,0.751053,0.549539,540.321846
3.09,1.027741,0.75105,0.549861,540.319566
3.1,1.027741,0.751047,0.550129,540.317459
3.11,1.027741,0.751045,0.550345,540.315536
3.12,1.027741,0.751042,0.55051,540.31381
3.13,1.027741,0.75104,0.550624,540.31229
3.14,1.027741,0.751038,0.550688,540.310984
3.15,1.027741,0.751037,0.550704,540.309898
3.16,1.027741,0.751036,0.550674,540.309038
3.17,1.027742,0.751035,0.5506,540.308407
3.18,1.027742,0.751034,0.550482,540.308006
3.19,1.027742,0.751034,0.550322,540.307834
3.2,1.027742,0.751034,0.550124,540.307891
3.21,1.027742,0.751034,0.549888,540.308174
3.22,1.027743,0.751034,0.549618,540.308676
3.23,1.027743,0.751035,0.549314,540.309393
3.24,1.027743,0.751036,0.54898,540.310317
3.25,1.027744,0.751037,0.548618,540.311438
3.26,1.027744,0.751039,0.548231,540.312748
3.27,1.027745,0.75104,0.54782,540.314234
3.28,1.027745,0.751042,0.547388,540.315884
3.29,1.027746,0.751044,0.546938,540.317686
3.3,1.027746,0.751047,0.546473,540.319625
3.31,1.027747,0.751049,0.545994,540.321687
3.32,1.027747,0.751052,0.545505,540.323856
3.33,1.027748,0.751055,0.545007,540.326117
3.34,1.027749,0.751057,0.544503,540.328454
3.35,1.027749,0.75106,0.543997,540.330849
3.36,1.02775,0.751063,0.543489,540.333288
3.37,1.027751,0.751066,0.542982,540.335752
3.38,1.027752,0.751069,0.542479,540.338226
3.39,1.027752,0.751072,0.541982,540.340693
3.4,1.027753,0.751075,0.541493,540.343137
3.41,1.027754,0.751077,0.541013,540.345542
3.42,1.027755,0.75108,0.540545,540.347894
3.43,1.027755,0.751083,0.540091,540.350177
3.44,1.027756,0.751085,0.539653,540.352378
3.45,1.027757,0.751087,0.539231,540.354483
3.46,1.027758,0.75109,0.538828,540.35648
3.47,1.027759,0.751091,0.538446,540.358358
3.48,1.02776,0.751093,0.538084,540.360106
3.49,1.027761,0.751095,0.537745,540.361713
3.5,1.027761,0.751096,0.53743,540.363173
3.51,1.027762,0.751097,0.53714,540.364476
3.52,1.027763,0.751098,0.536875,540.365618
3.53,1.027764,0.751099,0.536636,540.366592
3.54,1.027765,0.7511,0.536425,540.367394
3.55,1.027766,0.7511,0.536241,540.368022
3.56,1.027767,0.7511,0.536085,540.368474
3.57,1.027767,0.7511,0.535957,540.368749
3.58,1.027768,0.751099,0.535858,540.368847
3.59,1.027769,0.751098,0.535788,540.368771
3.6,1.02777,0.751097,0.535747,540.368523
3.61,1.027771,0.751096,0.535734,540.368106
3.62,1.027772,0.751095,0.53575,540.367525
3.63,1.027772,0.751093,0.535794,540.366787
3.64,1.027773,0.751091,0.535867,540.365897
3.65,1.027774,0.751089,0.535967,540.364864
3.66,1.027775,0.751087,0.536095,540.363695
3.67,1.027775,0.751085,0.536249,540.3624
3.68,1.027776,0.751082,0.53643,540.360988
3.69,1.027777,0.75108,0.536637,540.35947
3.7,1.027778,0.751077,0.536868,540.357856
3.71,1.027778,0.751074,0.537124,540.356158
3.72,1.027779,0.751071,0.537404,540.354387
3.73,1.027779,0.751068,0.537707,540.352556
3.74,1.02778,0.751065,0.538032,540.350677
3.75,1.027781,0.751062,0.538379,540.348762
3.76,1.027781,0.751059,0.538746,540.346823
3.77,1.027782,0.751056,0.539133,540.344874
3.78,1.027782,0.751053,0.53954,540.342927
3.79,1.027783,0.75105,0.539964,540.340994
3.8,1.027783,0.751047,0.540407,540.339087
3.81,1.027784,0.751044,0.540866,540.337219
3.82,1.027784,0.751041,0.541341,540.3354
3.83,1.027785,0.751038,0.541831,540.333643
3.84,1.027785,0.751036,0.542336,540.331958
3.85,1.027785,0.751033,0.542855,540.330355
3.86,1.027786,0.751031,0.543387,540.328844
3.87,1.027786,0.751029,0.543931,540.327434
3.88,1.027786,0.751027,0.544488,540.326135
3.89,1.027787,0.751025,0.545056,540.324954
3.9,1.027787,0.751023,0.545635,540.323899
3.91,1.027787,0.751022,0.546224,540.322976
3.92,1.027787,0.75102,0.546822,540.322191
3.93,1.027787,0.751019,0.547431,540.321549
3.94,1.027788,0.751019,0.548048,540.321055
3.95,1.027788,0.751018,0.548674,540.320714
3.96,1.027788,0.751018,0.549308,540.320527
3.97,1.027788,0.751018,0.54995,540.320497
3.98,1.027788,0.751018,0.5506,540.320625
3.99,1.027788,0.751018,0.551257,540.320913
4,1.027788,0.751019,0.551922,540.321361
4.01,1.027788,0.75102,0.552593,540.321967
4.02,1.027788,0.751021,0.553272,540.32273
4.03,1.027788,0.751022,0.553957,540.32365
4.04,1.027788,0.751023,0.554649,540.324722
4.05,1.027788,0.751025,0.555348,540.325944
4.06,1.027788,0.751027,0.556053,540.327311
4.07,1.027788,0.751029,0.556764,540.328821
4.08,1.027788,0.751032,0.557482,540.330466
4.09,1.027787,0.751034,0.558206,540.332244
4.1,1.027787,0.751037,0.558937,540.334146
4.11,1.027787,0.75104,0.559673,540.336169
4.12,1.027787,0.751043,0.560416,540.338303
4.13,1.027787,0.751046,0.561166,540.340544
4.14,1.027787,0.75105,0.561921,540.342883
4.15,1.027786,0.751053,0.562682,540.345314
4.16,1.027786,0.751057,0.56345,540.347828
4.17,1.027786,0.751061,0.564223,540.350417
4.18,1.027786,0.751065,0.565003,540.353075
4.19,1.027785,0.751069,0.565788,540.355791
4.2,1.027785,0.751073,0.566578,540.35856
4.21,1.027785,0.751077,0.567375,540.361371
4.22,1.027784,0.751081,0.568176,540.364218
4.23,1.027784,0.751085,0.568983,540.367091
4.24,1.027784,0.75109,0.569794,540.369983
4.25,1.027783,0.751094,0.57061,540.372886
4.26,1.027783,0.751098,0.571431,540.375791
4.27,1.027783,0.751102,0.572255,540.378692
4.28,1.027782,0.751107,0.573083,540.38158
4.29,1.027782,0.751111,0.573914,540.384448
4.3,1.027781,0.751115,0.574748,540.387288
4.31,1.027781,0.751119,0.575585,540.390095
4.32,1.027781,0.751124,0.576423,540.392861
4.33,1.02778,0.751128,0.577263,540.39558
4.34,1.02778,0.751132,0.578103,540.398245
4.35,1.027779,0.751136,0.578944,540.400851
4.36,1.027779,0.75114,0.579784,540.403392
4.37,1.027778,0.751143,0.580624,540.405863
4.38,1.027778,0.751147,0.581461,540.408259
4.39,1.027778,0.75115,0.582296,540.410575
4.4,1.027777,0.751154,0.583128,540.412807
4.41,1.027777,0.751157,0.583957,540.414951
4.42,1.027776,0.75116,0.58478,540.417004
4.43,1.027776,0.751163,0.585598,540.418962
4.44,1.027775,0.751166,0.58641,540.420822
4.45,1.027775,0.751169,0.587215,540.422582
4.46,1.027774,0.751172,0.588012,540.424239
4.47,1.027774,0.751174,0.5888,540.425792
4.48,1.027774,0.751177,0.589578,540.427239
4.49,1.027773,0.751179,0.590346,540.428578
4.5,1.027773,0.751181,0.591103,540.429809
4.51,1.027772,0.751183,0.591848,540.430932
4.52,1.027772,0.751184,0.592579,540.431945
4.53,1.027772,0.751186,0.593296,540.432849
4.54,1.027771,0.751187,0.593999,540.433644
4.55,1.027771,0.751188,0.594686,540.434331
4.56,1.02777,0.75119,0.595357,540.434911
4.57,1.02777,0.75119,0.596011,540.435385
4.58,1.02777,0.751191,0.596647,540.435754
4.59,1.027769,0.751192,0.597264,540.436021
4.6,1.027769,0.751192,0.597861,540.436187
4.61,1.027769,0.751193,0.598439,540.436254
4.62,1.027769,0.751193,0.598996,540.436225
4.63,1.027768,0.751193,0.599532,540.436103
4.64,1.027768,0.751193,0.600045,540.435891
4.65,1.027768,0.751192,0.600537,540.435591
4.66,1.027768,0.751192,0.601005,540.435208
4.67,1.027767,0.751191,0.60145,540.434745
4.68,1.027767,0.751191,0.601872,540.434205
4.69,1.027767,0.75119,0.602269,540.433593
4.7,1.027767,0.751189,0.602642,540.432912
4.71,1.027767,0.751188,0.602991,540.432168
4.72,1.027767,0.751187,0.603314,540.431364
4.73,1.027767,0.751186,0.603613,540.430505
4.74,1.027767,0.751185,0.603887,540.429596
4.75,1.027767,0.751184,0.604136,540.428641
4.76,1.027767,0.751182,0.60436,540.427645
4.77,1.027767,0.751181,0.60456,540.426614
4.78,1.027767,0.751179,0.604735,540.425551
4.79,1.027767,0.751178,0.604886,540.424463
4.8,1.027767,0.751176,0.605012,540.423355
4.81,1.027767,0.751174,0.605115,540.42223
4.82,1.027767,0.751173,0.605195,540.421095
4.83,1.027767,0.751171,0.605253,540.419955
4.84,1.027768,0.751169,0.605288,540.418814
4.85,1.027768,0.751167,0.605301,540.417678
4.86,1.027768,0.751166,0.605294,540.416552
4.87,1.027768,0.751164,0.605267,540.41544
4.88,1.027769,0.751162,0.60522,540.414348
4.89,1.027769,0.75116,0.605155,540.413279
4.9,1.027769,0.751159,0.605073,540.412239
4.91,1.02777,0.751157,0.604973,540.411232
4.92,1.02777,0.751156,0.604858,540.410262
4.93,1.02777,0.751154,0.604729,540.409333
4.94,1.027771,0.751152,0.604585,540.408449
4.95,1.027771,0.751151,0.60443,540.407614
4.96,1.027772,0.75115,0.604263,540.406831
4.97,1.027772,0.751148,0.604086,540.406104
4.98,1.027773,0.751147,0.603899,540.405435
4.99,1.027773,0.751146,0.603706,540.404827
5,1.027774,0.751145,0.603505,540.404283
5.01,1.027774,0.751144,0.6033,540.403804
5.02,1.027775,0.751143,0.60309,540.403393
5.03,1.027775,0.751142,0.602878,540.403052
5.04,1.027776,0.751141,0.602665,540.402781
5.05,1.027776,0.75114,0.602452,540.402582
5.06,1.027777,0.75114,0.60224,540.402454
5.07,1.027777,0.751139,0.60203,540.4024
5.08,1.027778,0.751139,0.601825,540.402418
5.09,1.027779,0.751138,0.601625,540.402508
5.1,1.027779,0.751138,0.601431,540.402671
5.11,1.02778,0.751138,0.601245,540.402904
5.12,1.02778,0.751138,0.601068,540.403207
5.13,1.027781,0.751138,0.600901,540.403578
5.14,1.027781,0.751139,0.600746,540.404015
5.15,1.027782,0.751139,0.600603,540.404517
5.16,1.027783,0.751139,0.600474,540.405081
5.17,1.027783,0.75114,0.600359,540.405704
5.18,1.027784,0.75114,0.600261,540.406383
5.19,1.027784,0.751141,0.600178,540.407116
5.2,1.027785,0.751142,0.600114,540.407899
5.21,1.027785,0.751142,0.600068,540.408728
5.22,1.027786,0.751143,0.600041,540.409601
5.23,1.027786,0.751144,0.600034,540.410512
5.24,1.027787,0.751145,0.600049,540.411458
5.25,1.027787,0.751146,0.600084,540.412435
5.26,1.027788,0.751147,0.600142,540.413439
5.27,1.027788,0.751148,0.600222,540.414465
5.28,1.027789,0.751149,0.600325,540.415509
5.29,1.027789,0.75115,0.600452,540.416566
5.3,1.027789,0.751152,0.600602,540.417633
5.31,1.02779,0.751153,0.600777,540.418704
5.32,1.02779,0.751154,0.600975,540.419776
5.33,1.02779,0.751155,0.601198,540.420843
5.34,1.027791,0.751157,0.601446,540.421903
5.35,1.027791,0.751158,0.601717,540.42295
5.36,1.027791,0.751159,0.602013,540.423981
5.37,1.027792,0.75116,0.602333,540.424992
5.38,1.027792,0.751161,0.602677,540.42598
5.39,1.027792,0.751163,0.603045,540.42694
5.4,1.027792,0.751164,0.603436,540.42787
5.41,1.027792,0.751165,0.60385,540.428767
5.42,1.027793,0.751166,0.604287,540.429627
5.43,1.027793,0.751167,0.604745,540.430449
5.44,1.027793,0.751168,0.605225,540.43123
5.45,1.027793,0.751169,0.605726,540.431969
5.46,1.027793,0.75117,0.606247,540.432663
5.47,1.027793,0.751171,0.606787,540.433311
5.48,1.027793,0.751172,0.607346,540.433913
5.49,1.027793,0.751172,0.607923,540.434467
5.5,1.027793,0.751173,0.608516,540.434974
5.51,1.027793,0.751174,0.609127,540.435433
5.52,1.027793,0.751174,0.609752,540.435844
5.53,1.027793,0.751175,0.610392,540.436209
5.54,1.027793,0.751175,0.611045,540.436527
5.55,1.027793,0.751176,0.61171,540.436801
5.56,1.027793,0.751176,0.612387,540.437032
5.57,1.027793,0.751176,0.613075,540.437221
5.58,1.027793,0.751177,0.613771,540.437371
5.59,1.027792,0.751177,0.614477,540.437485
5.6,1.027792,0.751177,0.615189,540.437564
5.61,1.027792,0.751177,0.615908,540.437611
5.62,1.027792,0.751178,0.616633,540.437631
5.63,1.027792,0.751178,0.617362,540.437625
5.64,1.027791,0.751178,0.618094,540.437598
5.65,1.027791,0.751178,0.618828,540.437554
5.66,1.027791,0.751178,0.619564,540.437495
5.67,1.027791,0.751178,0.6203,540.437426
5.68,1.027791,0.751178,0.621036,540.437351
5.69,1.02779,0.751178,0.621771,540.437274
5.7,1.02779,0.751178,0.622503,540.437199
5.71,1.02779,0.751178,0.623232,540.43713
5.72,1.027789,0.751179,0.623958,540.437072
5.73,1.027789,0.751179,0.624678,540.437027
5.74,1.027789,0.751179,0.625394,540.437001
5.75,1.027789,0.751179,0.626103,540.436997
5.76,1.027788,0.751179,0.626805,540.437019
5.77,1.027788,0.75118,0.6275,540.437071
5.78,1.027788,0.75118,0.628187,540.437156
5.79,1.027787,0.75118,0.628866,540.437278
5.8,1.027787,0.751181,0.629536,540.437439
5.81,1.027787,0.751181,0.630196,540.437643
5.82,1.027786,0.751182,0.630846,540.437892
5.83,1.027786,0.751183,0.631486,540.43819
5.84,1.027786,0.751183,0.632116,540.438537
5.85,1.027786,0.751184,0.632734,540.438936
5.86,1.027785,0.751185,0.633342,540.439389
5.87,1.027785,0.751186,0.633939,540.439896
5.88,1.027785,0.751187,0.634524,540.440459
5.89,1.027784,0.751188,0.635097,540.441078
5.9,1.027784,0.751189,0.635659,540.441755
5.91,1.027784,0.75119,0.63621,540.442487
5.92,1.027783,0.751192,0.636748,540.443276
5.93,1.027783,0.751193,0.637276,540.444121
5.94,1.027783,0.751195,0.637791,540.44502
5.95,1.027783,0.751196,0.638296,540.445973
5.96,1.027782,0.751198,0.638789,540.446977
5.97,1.027782,0.751199,0.639271,540.44803
5.98,1.027782,0.751201,0.639742,540.449131
5.99,1.027781,0.751203,0.640202,540.450277
6,1.027781,0.751205,0.640652,540.451464
6.01,1.027781,0.751207,0.641091,540.45269
6.02,1.027781,0.751209,0.641521,540.453951
6.03,1.02778,0.75121,0.64194,540.455243
6.04,1.02778,0.751213,0.64235,540.456563
6.05,1.02778,0.751215,0.642751,540.457907
6.06,1.02778,0.751217,0.643143,540.459271
6.07,1.02778,0.751219,0.643527,540.460649
6.08,1.027779,0.751221,0.643902,540.462038
6.09,1.027779,0.751223,0.644269,540.463433
6.1,1.027779,0.751225,0.644628,540.46483
6.11,1.027779,0.751227,0.64498,540.466222
6.12,1.027779,0.751229,0.645325,540.467607
6.13,1.027778,0.751231,0.645662,540.468978
6.14,1.027778,0.751233,0.645994,540.470332
6.15,1.027778,0.751235,0.646319,540.471663
6.16,1.027778,0.751237,0.646637,540.472967
6.17,1.027778,0.751239,0.64695,540.474239
6.18,1.027778,0.751241,0.647257,540.475474
6.19,1.027778,0.751242,0.647559,540.476669
6.2,1.027777,0.751244,0.647855,540.47782
6.21,1.027777,0.751246,0.648147,540.478921
6.22,1.027777,0.751247,0.648433,540.47997
6.23,1.027777,0.751249,0.648714,540.480963
6.24,1.027777,0.75125,0.648991,540.481896
6.25,1.027777,0.751251,0.649263,540.482767
6.26,1.027777,0.751253,0.649531,540.483572
6.27,1.027777,0.751254,0.649794,540.48431
6.28,1.027777,0.751255,0.650053,540.484978
6.29,1.027777,0.751255,0.650307,540.485573
6.3,1.027777,0.751256,0.650557,540.486095
6.31,1.027777,0.751257,0.650802,540.486542
6.32,1.027777,0.751257,0.651044,540.486913
6.33,1.027777,0.751258,0.65128,540.487208
6.34,1.027777,0.751258,0.651512,540.487427
6.35,1.027777,0.751258,0.65174,540.487568
6.36,1.027777,0.751258,0.651963,540.487633
6.37,1.027777,0.751258,0.652182,540.487623
6.38,1.027777,0.751258,0.652395,540.487539
6.39,1.027777,0.751258,0.652604,540.487381
6.4,1.027777,0.751258,0.652808,540.487152
6.41,1.027777,0.751257,0.653007,540.486853
6.42,1.027777,0.751257,0.653201,540.486488
6.43,1.027777,0.751256,0.653389,540.486058
6.44,1.027777,0.751255,0.653573,540.485567
6.45,1.027777,0.751254,0.653751,540.485017
6.46,1.027777,0.751253,0.653923,540.484411
6.47,1.027777,0.751252,0.65409,540.483754
6.48,1.027778,0.751251,0.654252,540.48305
6.49,1.027778,0.75125,0.654408,540.482301
6.5,1.027778,0.751249,0.654558,540.481513
6.51,1.027778,0.751248,0.654702,540.480689
6.52,1.027778,0.751246,0.654841,540.479834
6.53,1.027778,0.751245,0.654975,540.478952
6.54,1.027778,0.751244,0.655102,540.478048
6.55,1.027779,0.751242,0.655225,540.477127
6.56,1.027779,0.751241,0.655341,540.476193
6.57,1.027779,0.751239,0.655453,540.475251
6.58,1.027779,0.751238,0.655559,540.474305
6.59,1.027779,0.751236,0.655659,540.47336
6.6,1.02778,0.751235,0.655755,540.472422
6.61,1.02778,0.751234,0.655846,540.471493
6.62,1.02778,0.751232,0.655933,540.47058
6.63,1.02778,0.751231,0.656015,540.469685
6.64,1.027781,0.751229,0.656093,540.468814
6.65,1.027781,0.751228,0.656167,540.46797
6.66,1.027781,0.751227,0.656237,540.467158
6.67,1.027781,0.751225,0.656305,540.46638
6.68,1.027782,0.751224,0.656369,540.465641
6.69,1.027782,0.751223,0.656431,540.464944
6.7,1.027782,0.751222,0.656491,540.464291
6.71,1.027782,0.751221,0.656549,540.463687
6.72,1.027783,0.75122,0.656606,540.463133
6.73,1.027783,0.751219,0.656662,540.462631
6.74,1.027783,0.751218,0.656717,540.462185
6.75,1.027783,0.751217,0.656773,540.461795
6.76,1.027784,0.751217,0.656829,540.461464
6.77,1.027784,0.751216,0.656887,540.461192
6.78,1.027784,0.751216,0.656946,540.460981
6.79,1.027785,0.751215,0.657007,540.460831
6.8,1.027785,0.751215,0.657071,540.460743
6.81,1.027785,0.751215,0.657138,540.460718
6.82,1.027785,0.751215,0.657209,540.460754
6.83,1.027786,0.751215,0.657284,540.460853
6.84,1.027786,0.751215,0.657364,540.461012
6.85,1.027786,0.751215,0.657449,540.461232
6.86,1.027786,0.751215,0.65754,540.461512
6.87,1.027787,0.751215,0.657638,540.461849
6.88,1.027787,0.751216,0.657743,540.462242
6.89,1.027787,0.751216,0.657855,540.462691
6.9,1.027787,0.751216,0.657975,540.463192
6.91,1.027788,0.751217,0.658103,540.463744
6.92,1.027788,0.751218,0.658241,540.464344
6.93,1.027788,0.751218,0.658387,540.464989
6.94,1.027788,0.751219,0.658544,540.465678
6.95,1.027789,0.75122,0.65871,540.466407
6.96,1.027789,0.751221,0.658887,540.467174
6.97,1.027789,0.751222,0.659075,540.467975
6.98,1.027789,0.751223,0.659274,540.468807
6.99,1.027789,0.751224,0.659484,540.469668
7,1.027789,0.751225,0.659706,540.470554
7.01,1.02779,0.751226,0.65994,540.471461
7.02,1.02779,0.751228,0.660186,540.472387
7.03,1.02779,0.751229,0.660445,540.473328
7.04,1.02779,0.75123,0.660715,540.47428
7.05,1.02779,0.751231,0.660999,540.475242
7.06,1.02779,0.751233,0.661294,540.476208
7.07,1.02779,0.751234,0.661603,540.477177
7.08,1.02779,0.751235,0.661924,540.478145
7.09,1.02779,0.751236,0.662257,540.479109
7.1,1.027791,0.751238,0.662603,540.480066
7.11,1.027791,0.751239,0.662961,540.481014
7.12,1.027791,0.75124,0.663331,540.481949
7.13,1.027791,0.751241,0.663713,540.482869
7.14,1.027791,0.751243,0.664106,540.483772
7.15,1.027791,0.751244,0.664511,540.484654
7.16,1.027791,0.751245,0.664927,540.485515
7.17,1.027791,0.751246,0.665354,540.486352
7.18,1.027791,0.751247,0.665791,540.487163
7.19,1.027791,0.751249,0.666238,540.487947
7.2,1.027791,0.75125,0.666694,540.488702
7.21,1.027791,0.751251,0.66716,540.489427
7.22,1.02779,0.751252,0.667634,540.49012
7.23,1.02779,0.751253,0.668116,540.490781
7.24,1.02779,0.751254,0.668605,540.491409
7.25,1.02779,0.751255,0.669102,540.492003
7.26,1.02779,0.751255,0.669605,540.492564
7.27,1.02779,0.751256,0.670113,540.49309
7.28,1.02779,0.751257,0.670627,540.493582
7.29,1.02779,0.751258,0.671146,540.49404
7.3,1.02779,0.751258,0.671668,540.494464
7.31,1.027789,0.751259,0.672193,540.494855
7.32,1.027789,0.75126,0.672721,540.495214
7.33,1.027789,0.75126,0.673251,540.495541
7.34,1.027789,0.751261,0.673783,540.495836
7.35,1.027789,0.751261,0.674314,540.496102
7.36,1.027789,0.751262,0.674846,540.49634
7.37,1.027789,0.751262,0.675377,540.49655
7.38,1.027788,0.751262,0.675907,540.496734
7.39,1.027788,0.751263,0.676434,540.496894
7.4,1.027788,0.751263,0.676959,540.497032
7.41,1.027788,0.751263,0.677481,540.497148
7.42,1.027788,0.751264,0.677998,540.497246
7.43,1.027787,0.751264,0.678512,540.497326
7.44,1.027787,0.751264,0.67902,540.49739
7.45,1.027787,0.751264,0.679522,540.497441
7.46,1.027787,0.751265,0.680018,540.497481
7.47,1.027787,0.751265,0.680507,540.497511
7.48,1.027787,0.751265,0.680989,540.497533
7.49,1.027786,0.751265,0.681464,540.49755
7.5,1.027786,0.751265,0.68193,540.497563
7.51,1.027786,0.751265,0.682387,540.497574
7.52,1.027786,0.751265,0.682836,540.497586
7.53,1.027786,0.751266,0.683275,540.497599
7.54,1.027786,0.751266,0.683705,540.497616
7.55,1.027785,0.751266,0.684124,540.497639
7.56,1.027785,0.751266,0.684533,540.497668
7.57,1.027785,0.751266,0.684932,540.497706
7.58,1.027785,0.751266,0.685319,540.497755
7.59,1.027785,0.751267,0.685696,540.497815
7.6,1.027785,0.751267,0.686062,540.497887
7.61,1.027785,0.751267,0.686416,540.497974
7.62,1.027784,0.751267,0.686759,540.498075
7.63,1.027784,0.751267,0.687091,540.498192
7.64,1.027784,0.751268,0.687412,540.498326
7.65,1.027784,0.751268,0.68772,540.498478
7.66,1.027784,0.751268,0.688018,540.498647
7.67,1.027784,0.751269,0.688304,540.498835
7.68,1.027784,0.751269,0.688579,540.499041
7.69,1.027784,0.751269,0.688843,540.499266
7.7,1.027784,0.75127,0.689096,540.49951
7.71,1.027784,0.75127,0.689338,540.499773
7.72,1.027784,0.75127,0.68957,540.500054
7.73,1.027784,0.751271,0.689791,540.500354
7.74,1.027784,0.751271,0.690002,540.500671
7.75,1.027784,0.751272,0.690203,540.501006
7.76,1.027784,0.751272,0.690395,540.501356
7.77,1.027784,0.751273,0.690577,540.501723
7.78,1.027784,0.751273,0.690751,540.502104
7.79,1.027784,0.751274,0.690915,540.502498
7.8,1.027784,0.751274,0.691072,540.502905
7.81,1.027784,0.751275,0.69122,540.503323
7.82,1.027784,0.751276,0.691361,540.503752
7.83,1.027784,0.751276,0.691495,540.504188
7.84,1.027784,0.751277,0.691622,540.504632
7.85,1.027784,0.751277,0.691742,540.505082
7.86,1.027784,0.751278,0.691857,540.505535
7.87,1.027784,0.751278,0.691965,540.505991
7.88,1.027784,0.751279,0.692069,540.506447
7.89,1.027784,0.751279,0.692167,540.506903
7.9,1.027785,0.75128,0.692262,540.507356
7.91,1.027785,0.751281,0.692352,540.507805
7.92,1.027785,0.751281,0.692438,540.508248
7.93,1.027785,0.751282,0.692522,540.508683
7.94,1.027785,0.751282,0.692602,540.509109
7.95,1.027785,0.751283,0.69268,540.509523
7.96,1.027785,0.751283,0.692756,540.509926
7.97,1.027786,0.751283,0.69283,540.510314
7.98,1.027786,0.751284,0.692902,540.510686
7.99,1.027786,0.751284,0.692974,540.511041
8,1.027786,0.751285,0.693044,540.511378
8.01,1.027786,0.751285,0.693115,540.511694
8.02,1.027786,0.751285,0.693185,540.51199
8.03,1.027787,0.751285,0.693255,540.512263
8.04,1.027787,0.751286,0.693325,540.512513
8.05,1.027787,0.751286,0.693396,540.512739
8.06,1.027787,0.751286,0.693468,540.51294
8.07,1.027787,0.751286,0.693541,540.513115
8.08,1.027788,0.751286,0.693615,540.513263
8.09,1.027788,0.751286,0.693691,540.513384
8.1,1.027788,0.751286,0.693768,540.513478
8.11,1.027788,0.751286,0.693848,540.513544
8.12,1.027788,0.751286,0.693929,540.513583
8.13,1.027789,0.751286,0.694012,540.513593
8.14,1.027789,0.751286,0.694098,540.513576
8.15,1.027789,0.751285,0.694186,540.513531
8.16,1.027789,0.751285,0.694276,540.51346
8.17,1.02779,0.751285,0.694369,540.513361
8.18,1.02779,0.751284,0.694464,540.513236
8.19,1.02779,0.751284,0.694562,540.513086
8.2,1.02779,0.751284,0.694662,540.512912
8.21,1.02779,0.751283,0.694765,540.512714
8.22,1.027791,0.751283,0.694871,540.512493
8.23,1.027791,0.751282,0.69498,540.512252
8.24,1.027791,0.751282,0.695091,540.51199
8.25,1.027791,0.751281,0.695204,540.511709
8.26,1.027792,0.751281,0.695321,540.511412
8.27,1.027792,0.75128,0.69544,540.511098
8.28,1.027792,0.751279,0.695562,540.510771
8.29,1.027792,0.751279,0.695686,540.510431
8.3,1.027792,0.751278,0.695813,540.510081
8.31,1.027793,0.751277,0.695942,540.509722
8.32,1.027793,0.751277,0.696073,540.509357
8.33,1.027793,0.751276,0.696207,540.508986
8.34,1.027793,0.751275,0.696344,540.508613
8.35,1.027794,0.751275,0.696482,540.508238
8.36,1.027794,0.751274,0.696623,540.507864
8.37,1.027794,0.751273,0.696766,540.507494
8.38,1.027794,0.751273,0.696911,540.507128
8.39,1.027794,0.751272,0.697059,540.506769
8.4,1.027795,0.751271,0.697208,540.506419
8.41,1.027795,0.751271,0.697359,540.506079
8.42,1.027795,0.75127,0.697513,540.505753
8.43,1.027795,0.75127,0.697668,540.505441
8.44,1.027795,0.751269,0.697825,540.505145
8.45,1.027796,0.751269,0.697985,540.504867
8.46,1.027796,0.751268,0.698146,540.504609
8.47,1.027796,0.751268,0.698309,540.504372
8.48,1.027796,0.751267,0.698474,540.504158
8.49,1.027796,0.751267,0.69864,540.503968
8.5,1.027796,0.751266,0.698809,540.503803
8.51,1.027797,0.751266,0.69898,540.503666
8.52,1.027797,0.751266,0.699152,540.503556
8.53,1.027797,0.751266,0.699327,540.503475
8.54,1.027797,0.751265,0.699503,540.503423
8.55,1.027797,0.751265,0.699682,540.503402
8.56,1.027797,0.751265,0.699862,540.503412
8.57,1.027798,0.751265,0.700045,540.503454
8.58,1.027798,0.751265,0.70023,540.503528
8.59,1.027798,0.751265,0.700417,540.503634
8.6,1.027798,0.751265,0.700606,540.503773
8.61,1.027798,0.751265,0.700798,540.503944
8.62,1.027798,0.751266,0.700992,540.504147
8.63,1.027798,0.751266,0.701189,540.504382
8.64,1.027799,0.751266,0.701387,540.504649
8.65,1.027799,0.751266,0.701589,540.504947
8.66,1.027799,0.751267,0.701793,540.505276
8.67,1.027799,0.751267,0.702,540.505634
8.68,1.027799,0.751268,0.702209,540.506022
8.69,1.027799,0.751268,0.702422,540.506437
8.7,1.027799,0.751269,0.702637,540.506879
8.71,1.027799,0.751269,0.702855,540.507347
8.72,1.027799,0.75127,0.703076,540.507839
8.73,1.027799,0.751271,0.7033,540.508354
8.74,1.0278,0.751271,0.703527,540.50889
8.75,1.0278,0.751272,0.703757,540.509447
8.76,1.0278,0.751273,0.70399,540.510022
8.77,1.0278,0.751273,0.704226,540.510613
8.78,1.0278,0.751274,0.704465,540.51122
8.79,1.0278,0.751275,0.704707,540.511839
8.8,1.0278,0.751276,0.704952,540.51247
8.81,1.0278,0.751277,0.705201,540.513111
8.82,1.0278,0.751278,0.705452,540.513759
8.83,1.0278,0.751279,0.705706,540.514412
8.84,1.0278,0.751279,0.705963,540.51507
8.85,1.0278,0.75128,0.706223,540.515729
8.86,1.0278,0.751281,0.706485,540.516389
8.87,1.0278,0.751282,0.706751,540.517046
8.88,1.0278,0.751283,0.707018,540.517699
8.89,1.0278,0.751284,0.707289,540.518347
8.9,1.0278,0.751285,0.707561,540.518988
8.91,1.0278,0.751286,0.707836,540.519619
8.92,1.0278,0.751286,0.708112,540.52024
8.93,1.0278,0.751287,0.708391,540.520848
8.94,1.0278,0.751288,0.708671,540.521442
8.95,1.0278,0.751289,0.708953,540.522021
8.96,1.0278,0.75129,0.709236,540.522582
8.97,1.0278,0.751291,0.70952,540.523126
8.98,1.0278,0.751291,0.709806,540.523649
8.99,1.0278,0.751292,0.710091,540.524153
9,1.0278,0.751293,0.710378,540.524634
9.01,1.0278,0.751293,0.710664,540.525093
9.02,1.0278,0.751294,0.710951,540.525529
9.03,1.0278,0.751295,0.711237,540.52594
9.04,1.0278,0.751295,0.711523,540.526327
9.05,1.0278,0.751296,0.711808,540.526688
9.06,1.0278,0.751296,0.712092,540.527024
9.07,1.0278,0.751297,0.712374,540.527334
9.08,1.0278,0.751297,0.712655,540.527617
9.09,1.0278,0.751297,0.712934,540.527875
9.1,1.0278,0.751298,0.713211,540.528106
9.11,1.0278,0.751298,0.713486,540.528312
9.12,1.0278,0.751298,0.713758,540.528491
9.13,1.0278,0.751298,0.714027,540.528646
9.14,1.0278,0.751299,0.714292,540.528775
9.15,1.0278,0.751299,0.714554,540.528881
9.16,1.0278,0.751299,0.714813,540.528962
9.17,1.0278,0.751299,0.715067,540.529021
9.18,1.0278,0.751299,0.715317,540.529058
9.19,1.0278,0.751299,0.715563,540.529074
9.2,1.0278,0.751299,0.715803,540.52907
9.21,1.0278,0.751299,0.716039,540.529046
9.22,1.0278,0.751299,0.71627,540.529005
9.23,1.0278,0.751299,0.716495,540.528947
9.24,1.0278,0.751299,0.716714,540.528874
9.25,1.0278,0.751299,0.716928,540.528786
9.26,1.0278,0.751299,0.717136,540.528686
9.27,1.0278,0.751299,0.717338,540.528574
9.28,1.0278,0.751298,0.717533,540.528451
9.29,1.0278,0.751298,0.717722,540.52832
9.3,1.0278,0.751298,0.717905,540.528182
9.31,1.0278,0.751298,0.718081,540.528037
9.32,1.0278,0.751298,0.71825,540.527888
9.33,1.0278,0.751297,0.718412,540.527735
9.34,1.0278,0.751297,0.718568,540.52758
9.35,1.0278,0.751297,0.718717,540.527425
9.36,1.0278,0.751297,0.718859,540.52727
9.37,1.0278,0.751296,0.718994,540.527118
9.38,1.0278,0.751296,0.719123,540.526968
9.39,1.0278,0.751296,0.719244,540.526823
9.4,1.0278,0.751296,0.719359,540.526683
9.41,1.0278,0.751295,0.719467,540.52655
9.42,1.0278,0.751295,0.719569,540.526424
9.43,1.0278,0.751295,0.719664,540.526306
9.44,1.0278,0.751295,0.719752,540.526198
9.45,1.0278,0.751295,0.719835,540.526099
9.46,1.027801,0.751294,0.719911,540.526012
9.47,1.027801,0.751294,0.719981,540.525936
9.48,1.027801,0.751294,0.720046,540.525871
9.49,1.027801,0.751294,0.720105,540.525819
9.5,1.027801,0.751294,0.720159,540.52578
9.51,1.027801,0.751294,0.720207,540.525754
9.52,1.027801,0.751293,0.72025,540.52574
9.53,1.027801,0.751293,0.720289,540.525741
9.54,1.027801,0.751293,0.720323,540.525755
9.55,1.027802,0.751293,0.720353,540.525782
9.56,1.027802,0.751293,0.720379,540.525822
9.57,1.027802,0.751293,0.720401,540.525875
9.58,1.027802,0.751293,0.72042,540.525941
9.59,1.027802,0.751293,0.720436,540.52602
9.6,1.027802,0.751293,0.720449,540.52611
9.61,1.027802,0.751293,0.720459,540.526212
9.62,1.027803,0.751293,0.720467,540.526325
9.63,1.027803,0.751293,0.720472,540.526449
9.64,1.027803,0.751293,0.720476,540.526581
9.65,1.027803,0.751293,0.720479,540.526723
9.66,1.027803,0.751294,0.72048,540.526873
9.67,1.027803,0.751294,0.72048,540.52703
9.68,1.027804,0.751294,0.72048,540.527194
9.69,1.027804,0.751294,0.72048,540.527364
9.7,1.027804,0.751294,0.720479,540.527538
9.71,1.027804,0.751294,0.720479,540.527716
9.72,1.027804,0.751294,0.720478,540.527896
9.73,1.027804,0.751294,0.720479,540.528079
9.74,1.027805,0.751294,0.720481,540.528262
9.75,1.027805,0.751295,0.720483,540.528446
9.76,1.027805,0.751295,0.720488,540.528629
9.77,1.027805,0.751295,0.720493,540.528809
9.78,1.027805,0.751295,0.720501,540.528987
9.79,1.027805,0.751295,0.72051,540.529161
9.8,1.027806,0.751295,0.720522,540.529331
9.81,1.027806,0.751295,0.720536,540.529495
9.82,1.027806,0.751295,0.720553,540.529653
9.83,1.027806,0.751295,0.720572,540.529805
9.84,1.027806,0.751296,0.720595,540.529948
9.85,1.027807,0.751296,0.72062,540.530084
9.86,1.027807,0.751296,0.720648,540.53021
9.87,1.027807,0.751296,0.720679,540.530327
9.88,1.027807,0.751296,0.720714,540.530434
9.89,1.027807,0.751296,0.720751,540.530531
9.9,1.027807,0.751296,0.720793,540.530617
9.91,1.027808,0.751296,0.720837,540.530693
9.92,1.027808,0.751296,0.720885,540.530757
9.93,1.027808,0.751296,0.720937,540.53081
9.94,1.027808,0.751296,0.720992,540.530851
9.95,1.027808,0.751296,0.72105,540.530881
9.96,1.027808,0.751295,0.721112,540.5309
9.97,1.027808,0.751295,0.721177,540.530907
9.98,1.027809,0.751295,0.721246,540.530904
9.99,1.027809,0.751295,0.721318,540.530889
10,1.027809,0.751295,0.721394,540.530865
10.01,1.027809,0.751295,0.721473,540.53083
10.02,1.027809,0.751295,0.721554,540.530785
10.03,1.027809,0.751295,0.72164,540.530732
10.04,1.027809,0.751294,0.721728,540.53067
10.05,1.027809,0.751294,0.721818,540.5306
10.06,1.02781,0.751294,0.721912,540.530523
10.07,1.02781,0.751294,0.722009,540.530439
10.08,1.02781,0.751294,0.722108,540.53035
10.09,1.02781,0.751293,0.722209,540.530256
10.1,1.02781,0.751293,0.722313,540.530158
10.11,1.02781,0.751293,0.722419,540.530056
10.12,1.02781,0.751293,0.722528,540.529953
10.13,1.02781,0.751293,0.722638,540.529848
10.14,1.02781,0.751292,0.72275,540.529742
10.15,1.02781,0.751292,0.722864,540.529637
10.16,1.027811,0.751292,0.722979,540.529534
10.17,1.027811,0.751292,0.723096,540.529433
10.18,1.027811,0.751292,0.723214,540.529335
10.19,1.027811,0.751291,0.723334,540.529242
10.2,1.027811,0.751291,0.723454,540.529154
10.21,1.027811,0.751291,0.723575,540.529072
10.22,1.027811,0.751291,0.723698,540.528998
10.23,1.027811,0.751291,0.723821,540.528931
10.24,1.027811,0.751291,0.723944,540.528873
10.25,1.027811,0.751291,0.724068,540.528825
10.26,1.027811,0.75129,0.724192,540.528787
10.27,1.027811,0.75129,0.724316,540.52876
10.28,1.027811,0.75129,0.724441,540.528745
10.29,1.027811,0.75129,0.724566,540.528742
10.3,1.027811,0.75129,0.72469,540.528752
10.31,1.027811,0.75129,0.724814,540.528775
10.32,1.027811,0.75129,0.724939,540.528813
10.33,1.027811,0.75129,0.725062,540.528865
10.34,1.027811,0.75129,0.725186,540.528931
10.35,1.027811,0.751291,0.725309,540.529012
10.36,1.027811,0.751291,0.725431,540.529108
10.37,1.027811,0.751291,0.725553,540.52922
10.38,1.027811,0.751291,0.725674,540.529347
10.39,1.027811,0.751291,0.725794,540.529489
10.4,1.027811,0.751291,0.725913,540.529646
10.41,1.027811,0.751292,0.726032,540.529819
10.42,1.027812,0.751292,0.72615,540.530006
10.43,1.027812,0.751292,0.726267,540.530207
10.44,1.027812,0.751292,0.726383,540.530423
10.45,1.027812,0.751293,0.726498,540.530653
10.46,1.027812,0.751293,0.726613,540.530896
10.47,1.027811,0.751293,0.726726,540.531152
10.48,1.027811,0.751294,0.726838,540.53142
10.49,1.027811,0.751294,0.726949,540.5317
10.5,1.027811,0.751295,0.727059,540.53199
10.51,1.027811,0.751295,0.727168,540.532291
10.52,1.027811,0.751296,0.727276,540.532601
10.53,1.027811,0.751296,0.727383,540.532919
10.54,1.027811,0.751296,0.727489,540.533246
10.55,1.027811,0.751297,0.727593,540.533578
10.56,1.027811,0.751297,0.727697,540.533917
10.57,1.027811,0.751298,0.727799,540.53426
10.58,1.027811,0.751298,0.727901,540.534607
10.59,1.027811,0.751299,0.728001,540.534957
10.6,1.027811,0.751299,0.7281,540.535309
10.61,1.027811,0.7513,0.728198,540.535662
10.62,1.027811,0.7513,0.728294,540.536014
10.63,1.027811,0.751301,0.72839,540.536365
10.64,1.027811,0.751301,0.728484,540.536713
10.65,1.027811,0.751302,0.728577,540.537058
10.66,1.027811,0.751302,0.728669,540.537399
10.67,1.027811,0.751303,0.728759,540.537734
10.68,1.027811,0.751303,0.728848,540.538063
10.69,1.027811,0.751304,0.728936,540.538385
10.7,1.027811,0.751304,0.729022,540.538699
10.71,1.027811,0.751305,0.729107,540.539003
10.72,1.027811,0.751305,0.729191,540.539298
10.73,1.027811,0.751306,0.729273,540.539581
10.74,1.027811,0.751306,0.729353,540.539854
10.75,1.027811,0.751306,0.729432,540.540114
10.76,1.027811,0.751307,0.729509,540.540361
10.77,1.027811,0.751307,0.729585,540.540595
10.78,1.027811,0.751307,0.729659,540.540814
10.79,1.027811,0.751308,0.729731,540.54102
10.8,1.027811,0.751308,0.729801,540.54121
10.81,1.027811,0.751308,0.729869,540.541385
10.82,1.027811,0.751308,0.729935,540.541544
10.83,1.027811,0.751309,0.729999,540.541687
10.84,1.027811,0.751309,0.730062,540.541815
10.85,1.027811,0.751309,0.730122,540.541926
10.86,1.027811,0.751309,0.730179,540.54202
10.87,1.027811,0.751309,0.730235,540.542099
10.88,1.027811,0.751309,0.730288,540.542161
10.89,1.027811,0.751309,0.730339,540.542207
10.9,1.027811,0.751309,0.730387,540.542237
10.91,1.027811,0.751309,0.730432,540.542251
10.92,1.027811,0.751309,0.730476,540.542251
10.93,1.027811,0.751309,0.730516,540.542235
10.94,1.027811,0.751309,0.730554,540.542204
10.95,1.027811,0.751309,0.730588,540.54216
10.96,1.027811,0.751309,0.730621,540.542101
10.97,1.027811,0.751309,0.73065,540.54203
10.98,1.027811,0.751309,0.730676,540.541946
10.99,1.027811,0.751309,0.730699,540.541851
11,1.027811,0.751309,0.73072,540.541744
11.01,1.027811,0.751309,0.730737,540.541627
11.02,1.027811,0.751308,0.730751,540.541501
11.03,1.027811,0.751308,0.730763,540.541366
11.04,1.027811,0.751308,0.730771,540.541222
11.05,1.027811,0.751308,0.730776,540.541072
11.06,1.027811,0.751308,0.730778,540.540915
11.07,1.027811,0.751307,0.730776,540.540753
11.08,1.027811,0.751307,0.730772,540.540586
11.09,1.027811,0.751307,0.730765,540.540415
11.1,1.027811,0.751307,0.730754,540.540242
11.11,1.027811,0.751306,0.730741,540.540066
11.12,1.027811,0.751306,0.730725,540.53989
11.13,1.027811,0.751306,0.730705,540.539713
11.14,1.027811,0.751305,0.730683,540.539537
11.15,1.027811,0.751305,0.730658,540.539362
11.16,1.027811,0.751305,0.73063,540.53919
11.17,1.027811,0.751305,0.730599,540.53902
11.18,1.027811,0.751304,0.730566,540.538855
11.19,1.027811,0.751304,0.73053,540.538694
11.2,1.027811,0.751304,0.730492,540.538538
11.21,1.027811,0.751304,0.730451,540.538388
11.22,1.027811,0.751303,0.730408,540.538244
11.23,1.027811,0.751303,0.730362,540.538108
11.24,1.027811,0.751303,0.730315,540.537979
11.25,1.027812,0.751303,0.730266,540.537858
11.26,1.027812,0.751303,0.730215,540.537746
11.27,1.027812,0.751302,0.730162,540.537643
11.28,1.027812,0.751302,0.730107,540.537549
11.29,1.027812,0.751302,0.730052,540.537465
11.3,1.027812,0.751302,0.729994,540.537391
11.31,1.027812,0.751302,0.729936,540.537327
11.32,1.027812,0.751302,0.729876,540.537273
11.33,1.027812,0.751302,0.729816,540.537229
11.34,1.027812,0.751301,0.729755,540.537196
11.35,1.027812,0.751301,0.729693,540.537174
11.36,1.027812,0.751301,0.729631,540.537162
11.37,1.027812,0.751301,0.729569,540.53716
11.38,1.027812,0.751301,0.729506,540.537169
11.39,1.027812,0.751301,0.729444,540.537187
11.4,1.027812,0.751301,0.729381,540.537215
11.41,1.027812,0.751301,0.729319,540.537253
11.42,1.027813,0.751301,0.729257,540.537301
11.43,1.027813,0.751301,0.729196,540.537357
11.44,1.027813,0.751301,0.729136,540.537421
11.45,1.027813,0.751301,0.729076,540.537494
11.46,1.027813,0.751301,0.729017,540.537574
11.47,1.027813,0.751302,0.72896,540.537662
11.48,1.027813,0.751302,0.728903,540.537757
11.49,1.027813,0.751302,0.728849,540.537857
11.5,1.027813,0.751302,0.728795,540.537964
11.51,1.027813,0.751302,0.728743,540.538075
11.52,1.027813,0.751302,0.728693,540.538191
11.53,1.027813,0.751302,0.728644,540.538312
11.54,1.027813,0.751302,0.728598,540.538435
11.55,1.027813,0.751302,0.728553,540.538562
11.56,1.027813,0.751303,0.728511,540.53869
11.57,1.027813,0.751303,0.72847,540.538821
11.58,1.027813,0.751303,0.728432,540.538952
11.59,1.027813,0.751303,0.728396,540.539084
11.6,1.027813,0.751303,0.728362,540.539216
11.61,1.027813,0.751303,0.72833,540.539348
11.62,1.027813,0.751304,0.728301,540.539478
11.63,1.027814,0.751304,0.728274,540.539607
11.64,1.027814,0.751304,0.728249,540.539734
11.65,1.027814,0.751304,0.728227,540.539858
11.66,1.027814,0.751304,0.728207,540.539979
11.67,1.027814,0.751304,0.728189,540.540096
11.68,1.027814,0.751305,0.728174,540.54021
11.69,1.027814,0.751305,0.728161,540.54032
11.7,1.027814,0.751305,0.728151,540.540425
11.71,1.027814,0.751305,0.728142,540.540525
11.72,1.027814,0.751305,0.728136,540.54062
11.73,1.027814,0.751305,0.728132,540.54071
11.74,1.027814,0.751305,0.72813,540.540794
11.75,1.027814,0.751305,0.72813,540.540873
11.76,1.027814,0.751306,0.728133,540.540946
11.77,1.027814,0.751306,0.728136,540.541014
11.78,1.027814,0.751306,0.728142,540.541075
11.79,1.027814,0.751306,0.728149,540.54113
11.8,1.027814,0.751306,0.728158,540.54118
11.81,1.027814,0.751306,0.728169,540.541224
11.82,1.027814,0.751306,0.728181,540.541262
11.83,1.027813,0.751306,0.728194,540.541295
11.84,1.027813,0.751306,0.728208,540.541323
11.85,1.027813,0.751306,0.728224,540.541345
11.86,1.027813,0.751306,0.72824,540.541362
11.87,1.027813,0.751306,0.728257,540.541375
11.88,1.027813,0.751306,0.728275,540.541384
11.89,1.027813,0.751306,0.728294,540.541388
11.9,1.027813,0.751306,0.728313,540.541389
11.91,1.027813,0.751306,0.728333,540.541386
11.92,1.027813,0.751306,0.728352,540.541381
11.93,1.027813,0.751307,0.728372,540.541373
11.94,1.027813,0.751307,0.728392,540.541362
11.95,1.027813,0.751307,0.728412,540.54135
11.96,1.027813,0.751307,0.728431,540.541337
11.97,1.027813,0.751307,0.72845,540.541323
11.98,1.027813,0.751307,0.728469,540.541308
11.99,1.027813,0.751307,0.728487,540.541293
12,1.027813,0.751307,0.728505,540.541279
12.01,1.027813,0.751307,0.728521,540.541266
12.02,1.027813,0.751307,0.728537,540.541254
12.03,1.027813,0.751307,0.728552,540.541243
12.04,1.027812,0.751307,0.728566,540.541235
12.05,1.027812,0.751307,0.728579,540.54123
12.06,1.027812,0.751307,0.72859,540.541227
12.07,1.027812,0.751307,0.7286,540.541227
12.08,1.027812,0.751307,0.728609,540.541231
12.09,1.027812,0.751307,0.728616,540.541239
12.1,1.027812,0.751307,0.728622,540.541252
12.11,1.027812,0.751307,0.728626,540.541269
12.12,1.027812,0.751307,0.728629,540.54129
12.13,1.027812,0.751307,0.72863,540.541317
12.14,1.027812,0.751307,0.728629,540.541349
12.15,1.027812,0.751308,0.728626,540.541386
12.16,1.027812,0.751308,0.728622,540.541428
12.17,1.027812,0.751308,0.728615,540.541477
12.18,1.027812,0.751308,0.728607,540.54153
12.19,1.027811,0.751308,0.728597,540.54159
12.2,1.027811,0.751308,0.728585,540.541655
12.21,1.027811,0.751308,0.728571,540.541726
12.22,1.027811,0.751308,0.728556,540.541803
12.23,1.027811,0.751309,0.728538,540.541885
12.24,1.027811,0.751309,0.728518,540.541972
12.25,1.027811,0.751309,0.728497,540.542065
12.26,1.027811,0.751309,0.728474,540.542162
12.27,1.027811,0.751309,0.728448,540.542265
12.28,1.027811,0.75131,0.728421,540.542372
12.29,1.027811,0.75131,0.728392,540.542483
12.3,1.027811,0.75131,0.728361,540.542598
12.31,1.027811,0.75131,0.728329,540.542717
12.32,1.027811,0.75131,0.728294,540.54284
12.33,1.027811,0.751311,0.728258,540.542965
12.34,1.02781,0.751311,0.728221,540.543092
12.35,1.02781,0.751311,0.728181,540.543222
12.36,1.02781,0.751311,0.72814,540.543353
12.37,1.02781,0.751311,0.728097,540.543486
12.38,1.02781,0.751312,0.728053,540.543619
12.39,1.02781,0.751312,0.728007,540.543753
12.4,1.02781,0.751312,0.72796,540.543886
12.41,1.02781,0.751312,0.727911,540.544019
12.42,1.02781,0.751313,0.727861,540.544151
12.43,1.02781,0.751313,0.72781,540.544281
12.44,1.02781,0.751313,0.727757,540.544409
12.45,1.02781,0.751313,0.727703,540.544534
12.46,1.02781,0.751313,0.727648,540.544656
12.47,1.02781,0.751314,0.727592,540.544775
12.48,1.02781,0.751314,0.727534,540.54489
12.49,1.02781,0.751314,0.727476,540.545001
12.5,1.02781,0.751314,0.727416,540.545106
12.51,1.02781,0.751314,0.727355,540.545207
12.52,1.02781,0.751315,0.727293,540.545301
12.53,1.027809,0.751315,0.727231,540.54539
12.54,1.027809,0.751315,0.727167,540.545473
12.55,1.027809,0.751315,0.727102,540.545549
12.56,1.027809,0.751315,0.727037,540.545618
12.57,1.027809,0.751315,0.726971,540.545679
12.58,1.027809,0.751315,0.726903,540.545734
12.59,1.027809,0.751315,0.726835,540.54578
12.6,1.027809,0.751316,0.726766,540.545819
12.61,1.027809,0.751316,0.726697,540.54585
12.62,1.027809,0.751316,0.726627,540.545873
12.63,1.027809,0.751316,0.726555,540.545887
12.64,1.027809,0.751316,0.726484,540.545894
12.65,1.027809,0.751316,0.726411,540.545892
12.66,1.027809,0.751316,0.726338,540.545882
12.67,1.027809,0.751316,0.726264,540.545864
12.68,1.027809,0.751316,0.726189,540.545838
12.69,1.027809,0.751316,0.726114,540.545804
12.7,1.027809,0.751316,0.726038,540.545762
12.71,1.027809,0.751316,0.725961,540.545713
12.72,1.027809,0.751316,0.725884,540.545656
12.73,1.027809,0.751316,0.725806,540.545592
12.74,1.027809,0.751315,0.725727,540.545521
12.75,1.027809,0.751315,0.725648,540.545444
12.76,1.027809,0.751315,0.725568,540.54536
12.77,1.027809,0.751315,0.725488,540.54527
12.78,1.027809,0.751315,0.725407,540.545175
12.79,1.027809,0.751315,0.725325,540.545075
12.8,1.027809,0.751315,0.725243,540.54497
12.81,1.027809,0.751315,0.72516,540.544861
12.82,1.027809,0.751315,0.725076,540.544748
12.83,1.027809,0.751314,0.724992,540.544632
12.84,1.027809,0.751314,0.724907,540.544513
12.85,1.027808,0.751314,0.724822,540.544391
12.86,1.027808,0.751314,0.724736,540.544267
12.87,1.027808,0.751314,0.72465,540.544142
12.88,1.027808,0.751314,0.724563,540.544016
12.89,1.027808,0.751313,0.724476,540.54389
12.9,1.027808,0.751313,0.724388,540.543764
12.91,1.027808,0.751313,0.7243,540.543638
12.92,1.027808,0.751313,0.724211,540.543514
12.93,1.027808,0.751313,0.724122,540.543391
12.94,1.027808,0.751313,0.724033,540.54327
12.95,1.027808,0.751312,0.723943,540.543151
12.96,1.027808,0.751312,0.723853,540.543036
12.97,1.027808,0.751312,0.723763,540.542923
12.98,1.027808,0.751312,0.723672,540.542815
12.99,1.027808,0.751312,0.723581,540.542711
13,1.027808,0.751312,0.72349,540.542611
13.01,1.027808,0.751312,0.723399,540.542517
13.02,1.027808,0.751312,0.723308,540.542428
13.03,1.027808,0.751311,0.723217,540.542344
13.04,1.027808,0.751311,0.723126,540.542266
13.05,1.027808,0.751311,0.723035,540.542194
13.06,1.027808,0.751311,0.722944,540.542129
13.07,1.027808,0.751311,0.722853,540.54207
13.08,1.027808,0.751311,0.722762,540.542018
13.09,1.027808,0.751311,0.722672,540.541973
13.1,1.027808,0.751311,0.722582,540.541935
13.11,1.027808,0.751311,0.722492,540.541904
13.12,1.027808,0.751311,0.722402,540.541881
13.13,1.027808,0.751311,0.722314,540.541864
13.14,1.027808,0.751311,0.722225,540.541855
13.15,1.027808,0.751311,0.722137,540.541853
13.16,1.027808,0.751311,0.72205,540.541857
13.17,1.027808,0.751311,0.721964,540.541869
13.18,1.027808,0.751311,0.721878,540.541888
13.19,1.027808,0.751311,0.721793,540.541914
13.2,1.027808,0.751311,0.721709,540.541946
13.21,1.027808,0.751311,0.721625,540.541984
13.22,1.027808,0.751311,0.721543,540.542029
13.23,1.027808,0.751311,0.721461,540.542079
13.24,1.027808,0.751311,0.721381,540.542135
13.25,1.027808,0.751312,0.721302,540.542197
13.26,1.027808,0.751312,0.721223,540.542264
13.27,1.027808,0.751312,0.721146,540.542335
13.28,1.027808,0.751312,0.72107,540.542411
13.29,1.027808,0.751312,0.720995,540.542491
13.3,1.027808,0.751312,0.720921,540.542574
13.31,1.027808,0.751312,0.720849,540.542661
13.32,1.027808,0.751312,0.720777,540.542751
13.33,1.027808,0.751313,0.720707,540.542844
13.34,1.027807,0.751313,0.720639,540.542938
13.35,1.027807,0.751313,0.720571,540.543035
13.36,1.027807,0.751313,0.720505,540.543133
13.37,1.027807,0.751313,0.72044,540.543231
13.38,1.027807,0.751313,0.720377,540.543331
13.39,1.027807,0.751314,0.720314,540.543431
13.4,1.027807,0.751314,0.720253,540.54353
13.41,1.027807,0.751314,0.720194,540.543629
13.42,1.027807,0.751314,0.720135,540.543728
13.43,1.027807,0.751314,0.720078,540.543824
13.44,1.027807,0.751314,0.720021,540.54392
13.45,1.027807,0.751315,0.719967,540.544013
13.46,1.027807,0.751315,0.719913,540.544105
13.47,1.027807,0.751315,0.71986,540.544193
13.48,1.027807,0.751315,0.719808,540.544279
13.49,1.027807,0.751315,0.719758,540.544362
13.5,1.027807,0.751315,0.719708,540.544442
13.51,1.027807,0.751316,0.719659,540.544518
13.52,1.027807,0.751316,0.719611,540.54459
13.53,1.027807,0.751316,0.719564,540.544659
13.54,1.027806,0.751316,0.719518,540.544723
13.55,1.027806,0.751316,0.719472,540.544784
13.56,1.027806,0.751316,0.719427,540.54484
13.57,1.027806,0.751316,0.719383,540.544891
13.58,1.027806,0.751316,0.719339,540.544938
13.59,1.027806,0.751317,0.719296,540.544981
13.6,1.027806,0.751317,0.719252,540.545019
13.61,1.027806,0.751317,0.71921,540.545052
13.62,1.027806,0.751317,0.719167,540.545081
13.63,1.027806,0.751317,0.719125,540.545106
13.64,1.027806,0.751317,0.719083,540.545126
13.65,1.027806,0.751317,0.71904,540.545142
13.66,1.027806,0.751317,0.718998,540.545153
13.67,1.027806,0.751317,0.718956,540.545161
13.68,1.027806,0.751317,0.718913,540.545164
13.69,1.027805,0.751317,0.71887,540.545164
13.7,1.027805,0.751317,0.718827,540.54516
13.71,1.027805,0.751317,0.718783,540.545153
13.72,1.027805,0.751317,0.718739,540.545142
13.73,1.027805,0.751318,0.718694,540.545129
13.74,1.027805,0.751318,0.718649,540.545112
13.75,1.027805,0.751318,0.718603,540.545093
13.76,1.027805,0.751318,0.718556,540.545072
13.77,1.027805,0.751318,0.718509,540.545049
13.78,1.027805,0.751318,0.71846,540.545023
13.79,1.027805,0.751318,0.718411,540.544996
13.8,1.027805,0.751318,0.718361,540.544968
13.81,1.027805,0.751318,0.71831,540.544939
13.82,1.027805,0.751318,0.718257,540.544909
13.83,1.027804,0.751318,0.718204,540.544878
13.84,1.027804,0.751318,0.71815,540.544847
13.85,1.027804,0.751318,0.718094,540.544816
13.86,1.027804,0.751318,0.718037,540.544785
13.87,1.027804,0.751318,0.717979,540.544755
13.88,1.027804,0.751318,0.71792,540.544725
13.89,1.027804,0.751318,0.717859,540.544696
13.9,1.027804,0.751318,0.717798,540.544668
13.91,1.027804,0.751318,0.717735,540.544641
13.92,1.027804,0.751318,0.71767,540.544616
13.93,1.027804,0.751318,0.717605,540.544593
13.94,1.027804,0.751318,0.717538,540.544571
13.95,1.027804,0.751318,0.717469,540.544551
13.96,1.027804,0.751318,0.7174,540.544533
13.97,1.027804,0.751318,0.717329,540.544517
13.98,1.027804,0.751318,0.717257,540.544503
13.99,1.027803,0.751318,0.717184,540.544492
14,1.027803,0.751318,0.717109,540.544483
14.01,1.027803,0.751318,0.717033,540.544477
14.02,1.027803,0.751318,0.716956,540.544473
14.03,1.027803,0.751318,0.716878,540.544471
14.04,1.027803,0.751318,0.716799,540.544472
14.05,1.027803,0.751318,0.716718,540.544475
14.06,1.027803,0.751318,0.716637,540.54448
14.07,1.027803,0.751318,0.716554,540.544488
14.08,1.027803,0.751318,0.716471,540.544498
14.09,1.027803,0.751318,0.716387,540.54451
14.1,1.027803,0.751318,0.716301,540.544524
14.11,1.027803,0.751318,0.716215,540.54454
14.12,1.027803,0.751318,0.716128,540.544558
14.13,1.027803,0.751318,0.716041,540.544578
14.14,1.027803,0.751318,0.715952,540.544598
14.15,1.027803,0.751319,0.715863,540.54462
14.16,1.027803,0.751319,0.715774,540.544644
14.17,1.027803,0.751319,0.715683,540.544668
14.18,1.027803,0.751319,0.715593,540.544693
14.19,1.027803,0.751319,0.715502,540.544718
14.2,1.027803,0.751319,0.71541,540.544744
14.21,1.027803,0.751319,0.715318,540.544769
14.22,1.027803,0.751319,0.715226,540.544795
14.23,1.027803,0.751319,0.715134,540.54482
14.24,1.027802,0.751319,0.715041,540.544845
14.25,1.027802,0.751319,0.714949,540.544869
14.26,1.027802,0.751319,0.714856,540.544892
14.27,1.027802,0.751319,0.714763,540.544914
14.28,1.027802,0.751319,0.71467,540.544934
14.29,1.027802,0.751319,0.714577,540.544953
14.3,1.027802,0.751319,0.714485,540.54497
14.31,1.027802,0.751319,0.714392,540.544985
14.32,1.027802,0.751319,0.7143,540.544998
14.33,1.027802,0.751319,0.714208,540.545009
14.34,1.027802,0.751319,0.714116,540.545017
14.35,1.027802,0.751319,0.714024,540.545022
14.36,1.027802,0.75132,0.713933,540.545025
14.37,1.027802,0.75132,0.713842,540.545025
14.38,1.027802,0.75132,0.713752,540.545021
14.39,1.027802,0.75132,0.713661,540.545015
14.4,1.027802,0.75132,0.713572,540.545006
14.41,1.027802,0.75132,0.713483,540.544993
14.42,1.027802,0.75132,0.713394,540.544977
14.43,1.027802,0.75132,0.713306,540.544958
14.44,1.027802,0.751319,0.713218,540.544935
14.45,1.027802,0.751319,0.713131,540.544909
14.46,1.027802,0.751319,0.713044,540.54488
14.47,1.027802,0.751319,0.712958,540.544847
14.48,1.027802,0.751319,0.712872,540.544811
14.49,1.027802,0.751319,0.712787,540.544772
14.5,1.027802,0.751319,0.712703,540.54473
14.51,1.027802,0.751319,0.712619,540.544685
14.52,1.027802,0.751319,0.712536,540.544637
14.53,1.027802,0.751319,0.712453,540.544586
14.54,1.027802,0.751319,0.712371,540.544532
14.55,1.027802,0.751319,0.71229,540.544476
14.56,1.027802,0.751319,0.712209,540.544418
14.57,1.027802,0.751319,0.712129,540.544357
14.58,1.027802,0.751319,0.712049,540.544295
14.59,1.027802,0.751319,0.71197,540.54423
14.6,1.027802,0.751319,0.711892,540.544165
14.61,1.027802,0.751319,0.711814,540.544097
14.62,1.027802,0.751318,0.711737,540.544029
14.63,1.027802,0.751318,0.71166,540.54396
14.64,1.027802,0.751318,0.711584,540.54389
14.65,1.027802,0.751318,0.711508,540.54382
14.66,1.027802,0.751318,0.711433,540.543749
14.67,1.027802,0.751318,0.711358,540.543679
14.68,1.027802,0.751318,0.711284,540.543609
14.69,1.027802,0.751318,0.711211,540.543539
14.7,1.027802,0.751318,0.711138,540.543471
14.71,1.027802,0.751318,0.711065,540.543403
14.72,1.027802,0.751318,0.710993,540.543337
14.73,1.027802,0.751318,0.710922,540.543272
14.74,1.027802,0.751317,0.71085,540.543208
14.75,1.027802,0.751317,0.71078,540.543147
14.76,1.027802,0.751317,0.71071,540.543088
14.77,1.027802,0.751317,0.71064,540.543031
14.78,1.027802,0.751317,0.710571,540.542977
14.79,1.027802,0.751317,0.710502,540.542926
14.8,1.027801,0.751317,0.710434,540.542878
14.81,1.027801,0.751317,0.710367,540.542832
14.82,1.027801,0.751317,0.710299,540.54279
14.83,1.027801,0.751317,0.710232,540.542751
14.84,1.027801,0.751317,0.710166,540.542716
14.85,1.027801,0.751317,0.7101,540.542685
14.86,1.027801,0.751317,0.710035,540.542657
14.87,1.027801,0.751317,0.70997,540.542633
14.88,1.027801,0.751317,0.709905,540.542612
14.89,1.027801,0.751317,0.709842,540.542596
14.9,1.027801,0.751317,0.709778,540.542583
14.91,1.027801,0.751317,0.709715,540.542575
14.92,1.027801,0.751317,0.709652,540.54257
14.93,1.027801,0.751317,0.70959,540.542569
14.94,1.027801,0.751317,0.709529,540.542572
14.95,1.027801,0.751317,0.709468,540.542579
14.96,1.027801,0.751317,0.709407,540.54259
14.97,1.027801,0.751317,0.709347,540.542605
14.98,1.027801,0.751317,0.709288,540.542622
14.99,1.027801,0.751317,0.709229,540.542644
15,1.027801,0.751317,0.70917,540.542669
15.01,1.027801,0.751317,0.709113,540.542697
15.02,1.027801,0.751317,0.709055,540.542728
15.03,1.027801,0.751317,0.708998,540.542762
15.04,1.027801,0.751317,0.708942,540.542798
15.05,1.027801,0.751317,0.708886,540.542838
15.06,1.027801,0.751317,0.708831,540.542879
15.07,1.027801,0.751318,0.708777,540.542923
15.08,1.027801,0.751318,0.708722,540.542968
15.09,1.027801,0.751318,0.708669,540.543016
15.1,1.027801,0.751318,0.708616,540.543065
15.11,1.027801,0.751318,0.708564,540.543115
15.12,1.027801,0.751318,0.708512,540.543166
15.13,1.027801,0.751318,0.70846,540.543218
15.14,1.027801,0.751318,0.708409,540.543271
15.15,1.027801,0.751318,0.708359,540.543324
15.16,1.027801,0.751318,0.708309,540.543377
15.17,1.027801,0.751318,0.70826,540.54343
15.18,1.027801,0.751319,0.708211,540.543482
15.19,1.027801,0.751319,0.708163,540.543534
15.2,1.027801,0.751319,0.708115,540.543585
15.21,1.0278,0.751319,0.708068,540.543636
15.22,1.0278,0.751319,0.708021,540.543685
15.23,1.0278,0.751319,0.707974,540.543732
15.24,1.0278,0.751319,0.707928,540.543778
15.25,1.0278,0.751319,0.707883,540.543822
15.26,1.0278,0.751319,0.707837,540.543864
15.27,1.0278,0.751319,0.707792,540.543904
15.28,1.0278,0.751319,0.707748,540.543941
15.29,1.0278,0.751319,0.707704,540.543976
15.3,1.0278,0.75132,0.707659,540.544008
15.31,1.0278,0.75132,0.707616,540.544038
15.32,1.0278,0.75132,0.707572,540.544065
15.33,1.0278,0.75132,0.707529,540.544088
15.34,1.0278,0.75132,0.707486,540.544109
15.35,1.0278,0.75132,0.707443,540.544127
15.36,1.0278,0.75132,0.7074,540.544141
15.37,1.0278,0.75132,0.707357,540.544152
15.38,1.0278,0.75132,0.707314,540.54416
15.39,1.0278,0.75132,0.707271,540.544164
15.4,1.0278,0.75132,0.707228,540.544165
15.41,1.0278,0.75132,0.707186,540.544163
15.42,1.0278,0.75132,0.707143,540.544158
15.43,1.0278,0.75132,0.7071,540.544149
15.44,1.0278,0.75132,0.707057,540.544137
15.45,1.0278,0.75132,0.707014,540.544122
15.46,1.0278,0.75132,0.70697,540.544104
15.47,1.0278,0.75132,0.706927,540.544083
15.48,1.0278,0.75132,0.706883,540.54406
15.49,1.0278,0.75132,0.706839,540.544033
15.5,1.0278,0.75132,0.706794,540.544004
15.51,1.0278,0.75132,0.70675,540.543972
15.52,1.0278,0.75132,0.706705,540.543937
15.53,1.0278,0.75132,0.706659,540.543901
15.54,1.0278,0.75132,0.706614,540.543862
15.55,1.0278,0.75132,0.706567,540.543821
15.56,1.027799,0.75132,0.706521,540.543779
15.57,1.027799,0.75132,0.706474,540.543735
15.58,1.027799,0.75132,0.706427,540.543689
15.59,1.027799,0.75132,0.706379,540.543642
15.6,1.027799,0.75132,0.70633,540.543594
15.61,1.027799,0.75132,0.706282,540.543545
15.62,1.027799,0.751319,0.706232,540.543495
15.63,1.027799,0.751319,0.706182,540.543444
15.64,1.027799,0.751319,0.706132,540.543393
15.65,1.027799,0.751319,0.706081,540.543342
15.66,1.027799,0.751319,0.70603,540.54329
15.67,1.027799,0.751319,0.705978,540.543239
15.68,1.027799,0.751319,0.705926,540.543188
15.69,1.027799,0.751319,0.705873,540.543137
15.7,1.027799,0.751319,0.70582,540.543086
15.71,1.027799,0.751319,0.705766,540.543037
15.72,1.027799,0.751319,0.705712,540.542988
15.73,1.027799,0.751319,0.705657,540.542939
15.74,1.027799,0.751319,0.705602,540.542892
15.75,1.027799,0.751319,0.705547,540.542846
15.76,1.027799,0.751319,0.705491,540.542802
15.77,1.027799,0.751319,0.705435,540.542758
15.78,1.027799,0.751318,0.705378,540.542716
15.79,1.027799,0.751318,0.705321,540.542676
15.8,1.027799,0.751318,0.705264,540.542637
15.81,1.027799,0.751318,0.705206,540.542599
15.82,1.027799,0.751318,0.705148,540.542563
15.83,1.027799,0.751318,0.70509,540.542529
15.84,1.027799,0.751318,0.705032,540.542497
15.85,1.027799,0.751318,0.704974,540.542466
15.86,1.027799,0.751318,0.704915,540.542437
15.87,1.027799,0.751318,0.704856,540.54241
15.88,1.027799,0.751318,0.704798,540.542385
15.89,1.027799,0.751318,0.704739,540.542361
15.9,1.027799,0.751318,0.70468,540.542339
15.91,1.027799,0.751318,0.704621,540.542318
15.92,1.027799,0.751318,0.704563,540.542299
15.93,1.027799,0.751318,0.704504,540.542281
15.94,1.027799,0.751318,0.704446,540.542265
15.95,1.027799,0.751318,0.704388,540.54225
15.96,1.027799,0.751318,0.70433,540.542237
15.97,1.027799,0.751318,0.704272,540.542224
15.98,1.027799,0.751318,0.704214,540.542213
15.99,1.027799,0.751318,0.704157,540.542203
16,1.027799,0.751318,0.7041,540.542193
16.01,1.027799,0.751318,0.704044,540.542185
16.02,1.027799,0.751318,0.703987,540.542177
16.03,1.027799,0.751318,0.703932,540.542169
16.04,1.027799,0.751318,0.703877,540.542162
16.05,1.027799,0.751318,0.703822,540.542156
16.06,1.027799,0.751318,0.703768,540.542149
16.07,1.027799,0.751318,0.703714,540.542143
16.08,1.027799,0.751318,0.703661,540.542137
16.09,1.027799,0.751318,0.703609,540.54213
16.1,1.027799,0.751318,0.703557,540.542123
16.11,1.027799,0.751318,0.703506,540.542116
16.12,1.027799,0.751318,0.703455,540.542109
16.13,1.027799,0.751318,0.703405,540.542101
16.14,1.027799,0.751317,0.703356,540.542092
16.15,1.027799,0.751317,0.703308,540.542082
16.16,1.027799,0.751317,0.70326,540.542072
16.17,1.027799,0.751317,0.703213,540.542061
16.18,1.027799,0.751317,0.703167,540.542049
16.19,1.027799,0.751317,0.703122,540.542035
16.2,1.027799,0.751317,0.703077,540.542021
16.21,1.027799,0.751317,0.703033,540.542006
16.22,1.027799,0.751317,0.70299,540.541989
16.23,1.027799,0.751317,0.702948,540.541971
16.24,1.027799,0.751317,0.702906,540.541952
16.25,1.027799,0.751317,0.702865,540.541931
16.26,1.027799,0.751317,0.702825,540.541909
16.27,1.027799,0.751317,0.702786,540.541886
16.28,1.027799,0.751317,0.702747,540.541861
16.29,1.027799,0.751317,0.70271,540.541836
16.3,1.0278,0.751317,0.702673,540.541808
16.31,1.0278,0.751317,0.702637,540.54178
16.32,1.0278,0.751317,0.702601,540.54175
16.33,1.0278,0.751317,0.702566,540.54172
16.34,1.0278,0.751317,0.702532,540.541688
16.35,1.0278,0.751317,0.702499,540.541655
16.36,1.0278,0.751317,0.702466,540.541621
16.37,1.0278,0.751317,0.702434,540.541586
16.38,1.0278,0.751317,0.702403,540.54155
16.39,1.0278,0.751317,0.702372,540.541514
16.4,1.0278,0.751316,0.702342,540.541476
16.41,1.0278,0.751316,0.702312,540.541438
16.42,1.0278,0.751316,0.702283,540.5414
16.43,1.0278,0.751316,0.702255,540.541361
16.44,1.0278,0.751316,0.702227,540.541322
16.45,1.0278,0.751316,0.7022,540.541283
16.46,1.0278,0.751316,0.702173,540.541244
16.47,1.0278,0.751316,0.702147,540.541204
16.48,1.0278,0.751316,0.702121,540.541165
16.49,1.0278,0.751316,0.702096,540.541126
16.5,1.0278,0.751316,0.702071,540.541087
16.51,1.0278,0.751316,0.702046,540.541049
16.52,1.0278,0.751316,0.702022,540.541012
16.53,1.0278,0.751316,0.701998,540.540975
16.54,1.0278,0.751316,0.701975,540.540939
16.55,1.0278,0.751316,0.701952,540.540903
16.56,1.0278,0.751316,0.701929,540.540869
16.57,1.0278,0.751316,0.701907,540.540836
16.58,1.0278,0.751316,0.701885,540.540804
16.59,1.0278,0.751315,0.701863,540.540773
16.6,1.0278,0.751315,0.701841,540.540743
16.61,1.0278,0.751315,0.70182,540.540715
16.62,1.0278,0.751315,0.701799,540.540689
16.63,1.0278,0.751315,0.701778,540.540663
16.64,1.0278,0.751315,0.701758,540.54064
16.65,1.0278,0.751315,0.701738,540.540618
16.66,1.0278,0.751315,0.701717,540.540598
16.67,1.0278,0.751315,0.701697,540.540579
16.68,1.0278,0.751315,0.701678,540.540562
16.69,1.0278,0.751315,0.701658,540.540547
16.7,1.0278,0.751315,0.701639,540.540534
16.71,1.0278,0.751315,0.701619,540.540522
16.72,1.0278,0.751315,0.7016,540.540512
16.73,1.0278,0.751315,0.701581,540.540503
16.74,1.0278,0.751315,0.701562,540.540497
16.75,1.0278,0.751315,0.701544,540.540492
16.76,1.0278,0.751315,0.701525,540.540488
16.77,1.0278,0.751315,0.701507,540.540487
16.78,1.0278,0.751315,0.701488,540.540486
16.79,1.0278,0.751315,0.70147,540.540487
16.8,1.0278,0.751315,0.701452,540.54049
16.81,1.0278,0.751315,0.701434,540.540494
16.82,1.0278,0.751315,0.701416,540.540498
16.83,1.0278,0.751315,0.701399,540.540505
16.84,1.0278,0.751315,0.701381,540.540512
16.85,1.0278,0.751315,0.701364,540.54052
16.86,1.0278,0.751315,0.701346,540.540528
16.87,1.0278,0.751315,0.701329,540.540538
16.88,1.0278,0.751315,0.701312,540.540548
16.89,1.0278,0.751315,0.701295,540.540558
16.9,1.0278,0.751315,0.701278,540.540569
16.91,1.0278,0.751315,0.701261,540.540581
16.92,1.0278,0.751315,0.701245,540.540592
16.93,1.0278,0.751315,0.701228,540.540603
16.94,1.0278,0.751315,0.701212,540.540614
16.95,1.0278,0.751315,0.701195,540.540625
16.96,1.0278,0.751315,0.701179,540.540636
16.97,1.0278,0.751315,0.701163,540.540646
16.98,1.0278,0.751315,0.701147,540.540655
16.99,1.0278,0.751315,0.701131,540.540664
17,1.0278,0.751315,0.701116,540.540672
17.01,1.0278,0.751315,0.7011,540.540679
17.02,1.0278,0.751315,0.701084,540.540684
17.03,1.0278,0.751315,0.701069,540.540689
17.04,1.0278,0.751315,0.701054,540.540693
17.05,1.0278,0.751315,0.701038,540.540695
17.06,1.0278,0.751315,0.701023,540.540695
17.07,1.0278,0.751315,0.701008,540.540694
17.08,1.0278,0.751315,0.700993,540.540692
17.09,1.0278,0.751315,0.700978,540.540687
17.1,1.0278,0.751315,0.700963,540.540682
17.11,1.0278,0.751315,0.700949,540.540674
17.12,1.0278,0.751315,0.700934,540.540664
17.13,1.0278,0.751315,0.700919,540.540653
17.14,1.0278,0.751315,0.700905,540.540639
17.15,1.0278,0.751315,0.70089,540.540624
17.16,1.0278,0.751315,0.700875,540.540607
17.17,1.0278,0.751315,0.700861,540.540587
17.18,1.0278,0.751315,0.700846,540.540566
17.19,1.0278,0.751315,0.700832,540.540543
17.2,1.0278,0.751315,0.700817,540.540517
17.21,1.0278,0.751315,0.700803,540.54049
17.22,1.0278,0.751315,0.700789,540.540461
17.23,1.0278,0.751315,0.700774,540.54043
17.24,1.0278,0.751315,0.70076,540.540397
17.25,1.0278,0.751315,0.700745,540.540362
17.26,1.0278,0.751315,0.700731,540.540326
17.27,1.0278,0.751315,0.700716,540.540288
17.28,1.0278,0.751315,0.700701,540.540248
17.29,1.0278,0.751315,0.700687,540.540207
17.3,1.0278,0.751315,0.700672,540.540164
17.31,1.0278,0.751315,0.700657,540.54012
17.32,1.0278,0.751314,0.700642,540.540074
17.33,1.0278,0.751314,0.700628,540.540028
17.34,1.0278,0.751314,0.700613,540.53998
17.35,1.0278,0.751314,0.700598,540.539931
17.36,1.0278,0.751314,0.700583,540.539882
17.37,1.0278,0.751314,0.700568,540.539831
17.38,1.0278,0.751314,0.700552,540.53978
17.39,1.0278,0.751314,0.700537,540.539728
17.4,1.0278,0.751314,0.700522,540.539676
17.41,1.0278,0.751314,0.700507,540.539623
17.42,1.0278,0.751314,0.700491,540.53957
17.43,1.0278,0.751314,0.700476,540.539517
17.44,1.0278,0.751314,0.70046,540.539464
17.45,1.0278,0.751313,0.700445,540.539411
17.46,1.0278,0.751313,0.700429,540.539358
17.47,1.0278,0.751313,0.700413,540.539306
17.48,1.0278,0.751313,0.700398,540.539254
17.49,1.0278,0.751313,0.700382,540.539202
17.5,1.0278,0.751313,0.700367,540.539151
17.51,1.0278,0.751313,0.700351,540.5391
17.52,1.0278,0.751313,0.700335,540.53905
17.53,1.0278,0.751313,0.70032,540.539001
17.54,1.0278,0.751313,0.700304,540.538953
17.55,1.0278,0.751313,0.700288,540.538906
17.56,1.0278,0.751313,0.700273,540.53886
17.57,1.0278,0.751313,0.700258,540.538815
17.58,1.0278,0.751312,0.700242,540.538771
17.59,1.0278,0.751312,0.700227,540.538728
17.6,1.0278,0.751312,0.700212,540.538687
17.61,1.0278,0.751312,0.700197,540.538647
17.62,1.0278,0.751312,0.700182,540.538608
17.63,1.0278,0.751312,0.700167,540.53857
17.64,1.0278,0.751312,0.700153,540.538534
17.65,1.0278,0.751312,0.700139,540.538499
17.66,1.0278,0.751312,0.700124,540.538465
17.67,1.0278,0.751312,0.700111,540.538433
17.68,1.0278,0.751312,0.700097,540.538402
17.69,1.0278,0.751312,0.700083,540.538373
17.7,1.0278,0.751312,0.70007,540.538345
17.71,1.0278,0.751312,0.700057,540.538318
17.72,1.0278,0.751312,0.700045,540.538292
17.73,1.0278,0.751312,0.700033,540.538268
17.74,1.0278,0.751312,0.700021,540.538244
17.75,1.0278,0.751311,0.700009,540.538222
17.76,1.0278,0.751311,0.699998,540.538201
17.77,1.0278,0.751311,0.699987,540.538181
17.78,1.0278,0.751311,0.699977,540.538162
17.79,1.0278,0.751311,0.699967,540.538144
17.8,1.0278,0.751311,0.699957,540.538127
17.81,1.0278,0.751311,0.699948,540.53811
17.82,1.0278,0.751311,0.69994,540.538095
17.83,1.0278,0.751311,0.699931,540.53808
17.84,1.0278,0.751311,0.699923,540.538065
17.85,1.0278,0.751311,0.699916,540.538051
17.86,1.0278,0.751311,0.699909,540.538037
17.87,1.0278,0.751311,0.699903,540.538024
17.88,1.0278,0.751311,0.699897,540.538011
17.89,1.0278,0.751311,0.699892,540.537998
17.9,1.0278,0.751311,0.699887,540.537986
17.91,1.0278,0.751311,0.699882,540.537973
17.92,1.0278,0.751311,0.699879,540.537961
17.93,1.0278,0.751311,0.699875,540.537948
17.94,1.027801,0.751311,0.699872,540.537935
17.95,1.027801,0.751311,0.69987,540.537922
17.96,1.027801,0.751311,0.699868,540.537909
17.97,1.027801,0.751311,0.699867,540.537895
17.98,1.027801,0.751311,0.699866,540.537881
17.99,1.027801,0.751311,0.699866,540.537866
18,1.027801,0.751311,0.699866,540.537851
18.01,1.027801,0.751311,0.699867,540.537836
18.02,1.027801,0.751311,0.699868,540.53782
18.03,1.027801,0.751311,0.69987,540.537803
18.04,1.027801,0.751311,0.699872,540.537785
18.05,1.027801,0.751311,0.699874,540.537767
18.06,1.027801,0.751311,0.699877,540.537748
18.07,1.027801,0.75131,0.699881,540.537729
18.08,1.027801,0.75131,0.699885,540.537708
18.09,1.027801,0.75131,0.699889,540.537687
18.1,1.027801,0.75131,0.699894,540.537665
18.11,1.027801,0.75131,0.699899,540.537642
18.12,1.027801,0.75131,0.699905,540.537619
18.13,1.027801,0.75131,0.69991,540.537595
18.14,1.027801,0.75131,0.699917,540.53757
18.15,1.027801,0.75131,0.699923,540.537544
18.16,1.027801,0.75131,0.69993,540.537518
18.17,1.027801,0.75131,0.699937,540.53749
18.18,1.027801,0.75131,0.699945,540.537463
18.19,1.027801,0.75131,0.699952,540.537434
18.2,1.027801,0.75131,0.69996,540.537405
18.21,1.027801,0.75131,0.699969,540.537376
18.22,1.027801,0.75131,0.699977,540.537346
18.23,1.027801,0.75131,0.699986,540.537315
18.24,1.027801,0.75131,0.699995,540.537284
18.25,1.027801,0.75131,0.700004,540.537253
18.26,1.027801,0.75131,0.700013,540.537221
18.27,1.027801,0.75131,0.700022,540.537189
18.28,1.027801,0.75131,0.700032,540.537157
18.29,1.027801,0.75131,0.700041,540.537125
18.3,1.027801,0.75131,0.700051,540.537092
18.31,1.027801,0.751309,0.700061,540.53706
18.32,1.027801,0.751309,0.700071,540.537027
18.33,1.027801,0.751309,0.700081,540.536995
18.34,1.027801,0.751309,0.70009,540.536962
18.35,1.027801,0.751309,0.7001,540.53693
18.36,1.027801,0.751309,0.70011,540.536898
18.37,1.027801,0.751309,0.700121,540.536866
18.38,1.027801,0.751309,0.700131,540.536835
18.39,1.027801,0.751309,0.700141,540.536804
18.4,1.027801,0.751309,0.700151,540.536773
18.41,1.027801,0.751309,0.70016,540.536742
18.42,1.027801,0.751309,0.70017,540.536713
18.43,1.027801,0.751309,0.70018,540.536683
18.44,1.027801,0.751309,0.70019,540.536654
18.45,1.027801,0.751309,0.7002,540.536626
18.46,1.027801,0.751309,0.70021,540.536598
18.47,1.027801,0.751309,0.700219,540.536571
18.48,1.027801,0.751309,0.700229,540.536545
18.49,1.027801,0.751309,0.700238,540.536519
18.5,1.027801,0.751309,0.700248,540.536494
18.51,1.027801,0.751309,0.700257,540.536469
18.52,1.027801,0.751309,0.700266,540.536445
18.53,1.027801,0.751309,0.700275,540.536422
18.54,1.027801,0.751308,0.700285,540.536399
18.55,1.027801,0.751308,0.700294,540.536377
18.56,1.027801,0.751308,0.700302,540.536356
18.57,1.027801,0.751308,0.700311,540.536335
18.58,1.027801,0.751308,0.70032,540.536315
18.59,1.027801,0.751308,0.700329,540.536295
18.6,1.027801,0.751308,0.700337,540.536276
18.61,1.027801,0.751308,0.700346,540.536257
18.62,1.027801,0.751308,0.700354,540.536239
18.63,1.027801,0.751308,0.700363,540.536221
18.64,1.027801,0.751308,0.700371,540.536204
18.65,1.027801,0.751308,0.700379,540.536187
18.66,1.027801,0.751308,0.700387,540.53617
18.67,1.027801,0.751308,0.700396,540.536153
18.68,1.027801,0.751308,0.700404,540.536137
18.69,1.027801,0.751308,0.700412,540.536121
18.7,1.027801,0.751308,0.70042,540.536105
18.71,1.027801,0.751308,0.700428,540.536088
18.72,1.027801,0.751308,0.700436,540.536072
18.73,1.027801,0.751308,0.700444,540.536056
18.74,1.027801,0.751308,0.700452,540.536039
18.75,1.027801,0.751308,0.70046,540.536023
18.76,1.027801,0.751308,0.700468,540.536006
18.77,1.027801,0.751308,0.700476,540.535989
18.78,1.027801,0.751308,0.700484,540.535971
18.79,1.027801,0.751308,0.700492,540.535953
18.8,1.027801,0.751308,0.7005,540.535934
18.81,1.027801,0.751308,0.700508,540.535915
18.82,1.027801,0.751308,0.700516,540.535896
18.83,1.027801,0.751308,0.700524,540.535876
18.84,1.027801,0.751308,0.700532,540.535855
18.85,1.027801,0.751308,0.70054,540.535833
18.86,1.027801,0.751308,0.700548,540.535811
18.87,1.027801,0.751307,0.700556,540.535788
18.88,1.027801,0.751307,0.700565,540.535764
18.89,1.027801,0.751307,0.700573,540.535739
18.9,1.027801,0.751307,0.700581,540.535713
18.91,1.027801,0.751307,0.70059,540.535686
18.92,1.027801,0.751307,0.700598,540.535659
18.93,1.027801,0.751307,0.700607,540.53563
18.94,1.027801,0.751307,0.700616,540.535601
18.95,1.027801,0.751307,0.700624,540.535571
18.96,1.027801,0.751307,0.700633,540.535539
18.97,1.027801,0.751307,0.700642,540.535507
18.98,1.027801,0.751307,0.700651,540.535474
18.99,1.027801,0.751307,0.70066,540.53544
19,1.027801,0.751307,0.700669,540.535404
19.01,1.027801,0.751307,0.700678,540.535368
19.02,1.027801,0.751307,0.700687,540.535331
19.03,1.027801,0.751307,0.700697,540.535294
19.04,1.027801,0.751307,0.700706,540.535255
19.05,1.027801,0.751307,0.700715,540.535215
19.06,1.027801,0.751307,0.700725,540.535175
19.07,1.027801,0.751306,0.700734,540.535134
19.08,1.027801,0.751306,0.700744,540.535092
19.09,1.027801,0.751306,0.700754,540.53505
19.1,1.027801,0.751306,0.700764,540.535007
19.11,1.027801,0.751306,0.700773,540.534963
19.12,1.027801,0.751306,0.700783,540.534919
19.13,1.027801,0.751306,0.700793,540.534874
19.14,1.027801,0.751306,0.700804,540.534829
19.15,1.027801,0.751306,0.700814,540.534784
19.16,1.027801,0.751306,0.700824,540.534738
19.17,1.027801,0.751306,0.700834,540.534692
19.18,1.027801,0.751306,0.700845,540.534646
19.19,1.027801,0.751306,0.700855,540.5346
19.2,1.027801,0.751306,0.700866,540.534554
19.21,1.027801,0.751305,0.700876,540.534508
19.22,1.027801,0.751305,0.700887,540.534461
19.23,1.027801,0.751305,0.700898,540.534415
19.24,1.027801,0.751305,0.700909,540.534369
19.25,1.027801,0.751305,0.70092,540.534324
19.26,1.027801,0.751305,0.700931,540.534278
19.27,1.027801,0.751305,0.700942,540.534233
19.28,1.027801,0.751305,0.700953,540.534189
19.29,1.027801,0.751305,0.700964,540.534144
19.3,1.027801,0.751305,0.700976,540.534101
19.31,1.027801,0.751305,0.700987,540.534058
19.32,1.027801,0.751305,0.700999,540.534015
19.33,1.027801,0.751305,0.70101,540.533973
19.34,1.027801,0.751305,0.701022,540.533932
19.35,1.027801,0.751305,0.701034,540.533891
19.36,1.027802,0.751304,0.701046,540.533852
19.37,1.027802,0.751304,0.701058,540.533813
19.38,1.027802,0.751304,0.701071,540.533774
19.39,1.027802,0.751304,0.701083,540.533737
19.4,1.027802,0.751304,0.701096,540.5337
19.41,1.027802,0.751304,0.701108,540.533665
19.42,1.027802,0.751304,0.701121,540.53363
19.43,1.027802,0.751304,0.701134,540.533596
19.44,1.027802,0.751304,0.701147,540.533563
19.45,1.027802,0.751304,0.70116,540.533531
19.46,1.027802,0.751304,0.701174,540.5335
19.47,1.027802,0.751304,0.701187,540.533469
19.48,1.027802,0.751304,0.701201,540.53344
19.49,1.027802,0.751304,0.701215,540.533411
19.5,1.027802,0.751304,0.701229,540.533383
19.51,1.027802,0.751304,0.701243,540.533356
19.52,1.027802,0.751304,0.701258,540.53333
19.53,1.027802,0.751304,0.701272,540.533304
19.54,1.027802,0.751304,0.701287,540.53328
19.55,1.027802,0.751304,0.701302,540.533256
19.56,1.027802,0.751303,0.701317,540.533232
19.57,1.027802,0.751303,0.701333,540.53321
19.58,1.027802,0.751303,0.701348,540.533188
19.59,1.027802,0.751303,0.701364,540.533166
19.6,1.027802,0.751303,0.70138,540.533145
19.61,1.027802,0.751303,0.701396,540.533125
19.62,1.027802,0.751303,0.701413,540.533104
19.63,1.027802,0.751303,0.701429,540.533085
19.64,1.027802,0.751303,0.701446,540.533065
19.65,1.027802,0.751303,0.701463,540.533046
19.66,1.027802,0.751303,0.70148,540.533027
19.67,1.027802,0.751303,0.701498,540.533009
19.68,1.027802,0.751303,0.701515,540.53299
19.69,1.027802,0.751303,0.701533,540.532972
19.7,1.027802,0.751303,0.701551,540.532953
19.71,1.027802,0.751303,0.70157,540.532935
19.72,1.027802,0.751303,0.701588,540.532916
19.73,1.027802,0.751303,0.701607,540.532898
19.74,1.027802,0.751303,0.701626,540.532879
19.75,1.027802,0.751303,0.701645,540.53286
19.76,1.027802,0.751303,0.701664,540.532841
19.77,1.027802,0.751303,0.701684,540.532822
19.78,1.027802,0.751303,0.701703,540.532802
19.79,1.027802,0.751303,0.701723,540.532782
19.8,1.027802,0.751303,0.701743,540.532762
19.81,1.027802,0.751303,0.701763,540.532741
19.82,1.027802,0.751303,0.701783,540.532719
19.83,1.027802,0.751303,0.701804,540.532698
19.84,1.027802,0.751303,0.701824,540.532675
19.85,1.027802,0.751303,0.701845,540.532653
19.86,1.027802,0.751303,0.701866,540.532629
19.87,1.027802,0.751303,0.701887,540.532605
19.88,1.027802,0.751302,0.701908,540.532581
19.89,1.027802,0.751302,0.701929,540.532556
19.9,1.027802,0.751302,0.70195,540.53253
19.91,1.027802,0.751302,0.701971,540.532504
19.92,1.027802,0.751302,0.701993,540.532477
19.93,1.027802,0.751302,0.702014,540.53245
19.94,1.027802,0.751302,0.702035,540.532422
19.95,1.027802,0.751302,0.702057,540.532393
19.96,1.027802,0.751302,0.702078,540.532364
19.97,1.027802,0.751302,0.7021,540.532334
19.98,1.027802,0.751302,0.702122,540.532304
19.99,1.027802,0.751302,0.702143,540.532273
20,1.027802,0.751302,0.702165,540.532242
20.01,1.027802,0.751302,0.702186,540.53221
20.02,1.027802,0.751302,0.702208,540.532177
20.03,1.027802,0.751302,0.702229,540.532145
20.04,1.027802,0.751302,0.702251,540.532111
20.05,1.027802,0.751302,0.702272,540.532078
20.06,1.027802,0.751302,0.702294,540.532044
20.07,1.027802,0.751302,0.702315,540.532009
20.08,1.027802,0.751302,0.702336,540.531975
20.09,1.027802,0.751302,0.702357,540.53194
20.1,1.027802,0.751302,0.702378,540.531905
20.11,1.027802,0.751301,0.702399,540.531869
20.12,1.027802,0.751301,0.70242,540.531834
20.13,1.027802,0.751301,0.702441,540.531798
20.14,1.027802,0.751301,0.702462,540.531762
20.15,1.027802,0.751301,0.702482,540.531726
20.16,1.027802,0.751301,0.702503,540.53169
20.17,1.027802,0.751301,0.702523,540.531654
20.18,1.027802,0.751301,0.702543,540.531618
20.19,1.027802,0.751301,0.702563,540.531582
20.2,1.027802,0.751301,0.702583,540.531546
20.21,1.027802,0.751301,0.702603,540.53151
20.22,1.027802,0.751301,0.702623,540.531474
20.23,1.027802,0.751301,0.702643,540.531439
20.24,1.027802,0.751301,0.702662,540.531403
20.25,1.027802,0.751301,0.702681,540.531368
20.26,1.027802,0.751301,0.7027,540.531333
20.27,1.027802,0.751301,0.702719,540.531298
20.28,1.027802,0.751301,0.702738,540.531263
20.29,1.027802,0.751301,0.702757,540.531229
20.3,1.027802,0.7513,0.702776,540.531195
20.31,1.027802,0.7513,0.702794,540.531161
20.32,1.027802,0.7513,0.702812,540.531128
20.33,1.027802,0.7513,0.702831,540.531095
20.34,1.027802,0.7513,0.702849,540.531062
20.35,1.027802,0.7513,0.702867,540.531029
20.36,1.027802,0.7513,0.702885,540.530997
20.37,1.027802,0.7513,0.702902,540.530965
20.38,1.027802,0.7513,0.70292,540.530934
20.39,1.027802,0.7513,0.702938,540.530902
20.4,1.027802,0.7513,0.702955,540.530871
20.41,1.027802,0.7513,0.702972,540.530841
20.42,1.027802,0.7513,0.70299,540.53081
20.43,1.027802,0.7513,0.703007,540.53078
20.44,1.027802,0.7513,0.703024,540.53075
20.45,1.027802,0.7513,0.703041,540.53072
20.46,1.027802,0.7513,0.703058,540.53069
20.47,1.027802,0.7513,0.703075,540.530661
20.48,1.027802,0.7513,0.703092,540.530632
20.49,1.027802,0.7513,0.703109,540.530603
20.5,1.027802,0.7513,0.703126,540.530574
20.51,1.027802,0.7513,0.703142,540.530545
20.52,1.027802,0.751299,0.703159,540.530516
20.53,1.027802,0.751299,0.703176,540.530487
20.54,1.027802,0.751299,0.703193,540.530458
20.55,1.027802,0.751299,0.703209,540.530429
20.56,1.027802,0.751299,0.703226,540.530401
20.57,1.027802,0.751299,0.703243,540.530372
20.58,1.027802,0.751299,0.70326,540.530343
20.59,1.027802,0.751299,0.703276,540.530314
20.6,1.027802,0.751299,0.703293,540.530284
20.61,1.027802,0.751299,0.70331,540.530255
20.62,1.027802,0.751299,0.703327,540.530225
20.63,1.027802,0.751299,0.703343,540.530195
20.64,1.027802,0.751299,0.70336,540.530165
20.65,1.027802,0.751299,0.703377,540.530135
20.66,1.027802,0.751299,0.703394,540.530105
20.67,1.027802,0.751299,0.703411,540.530074
20.68,1.027802,0.751299,0.703428,540.530043
20.69,1.027802,0.751299,0.703445,540.530011
20.7,1.027802,0.751299,0.703463,540.529979
20.71,1.027802,0.751299,0.70348,540.529947
20.72,1.027802,0.751299,0.703497,540.529915
20.73,1.027802,0.751298,0.703515,540.529882
20.74,1.027802,0.751298,0.703532,540.529849
20.75,1.027802,0.751298,0.70355,540.529815
20.76,1.027802,0.751298,0.703567,540.529781
20.77,1.027802,0.751298,0.703585,540.529747
20.78,1.027802,0.751298,0.703602,540.529712
20.79,1.027802,0.751298,0.70362,540.529677
20.8,1.027802,0.751298,0.703638,540.529641
20.81,1.027802,0.751298,0.703656,540.529605
20.82,1.027802,0.751298,0.703674,540.529569
20.83,1.027802,0.751298,0.703692,540.529532
20.84,1.027802,0.751298,0.70371,540.529496
20.85,1.027802,0.751298,0.703729,540.529458
20.86,1.027802,0.751298,0.703747,540.529421
20.87,1.027802,0.751298,0.703765,540.529383
20.88,1.027802,0.751298,0.703784,540.529345
20.89,1.027802,0.751298,0.703802,540.529307
20.9,1.027802,0.751298,0.703821,540.529268
20.91,1.027802,0.751297,0.703839,540.529229
20.92,1.027802,0.751297,0.703858,540.52919
20.93,1.027802,0.751297,0.703877,540.529151
20.94,1.027802,0.751297,0.703895,540.529112
20.95,1.027802,0.751297,0.703914,540.529073
20.96,1.027802,0.751297,0.703933,540.529034
20.97,1.027802,0.751297,0.703952,540.528994
20.98,1.027802,0.751297,0.703971,540.528955
20.99,1.027802,0.751297,0.70399,540.528915
21,1.027802,0.751297,0.704009,540.528876
21.01,1.027802,0.751297,0.704028,540.528837
21.02,1.027802,0.751297,0.704047,540.528798
21.03,1.027802,0.751297,0.704067,540.528758
21.04,1.027802,0.751297,0.704086,540.52872
21.05,1.027802,0.751297,0.704105,540.528681
21.06,1.027802,0.751297,0.704124,540.528642
21.07,1.027802,0.751297,0.704144,540.528604
21.08,1.027802,0.751296,0.704163,540.528566
21.09,1.027802,0.751296,0.704183,540.528528
21.1,1.027802,0.751296,0.704202,540.528491
21.11,1.027802,0.751296,0.704221,540.528454
21.12,1.027802,0.751296,0.704241,540.528417
21.13,1.027802,0.751296,0.70426,540.528381
21.14,1.027802,0.751296,0.70428,540.528345
21.15,1.027802,0.751296,0.7043,540.52831
21.16,1.027802,0.751296,0.704319,540.528274
21.17,1.027802,0.751296,0.704339,540.52824
21.18,1.027802,0.751296,0.704358,540.528205
21.19,1.027802,0.751296,0.704378,540.528172
21.2,1.027802,0.751296,0.704398,540.528138
21.21,1.027802,0.751296,0.704417,540.528105
21.22,1.027802,0.751296,0.704437,540.528073
21.23,1.027802,0.751296,0.704457,540.528041
21.24,1.027802,0.751296,0.704476,540.52801
21.25,1.027802,0.751296,0.704496,540.527979
21.26,1.027802,0.751296,0.704516,540.527948
21.27,1.027803,0.751296,0.704536,540.527918
21.28,1.027803,0.751295,0.704555,540.527888
21.29,1.027803,0.751295,0.704575,540.527859
21.3,1.027803,0.751295,0.704595,540.52783
21.31,1.027803,0.751295,0.704615,540.527802
21.32,1.027803,0.751295,0.704634,540.527774
21.33,1.027803,0.751295,0.704654,540.527746
21.34,1.027803,0.751295,0.704674,540.527719
21.35,1.027803,0.751295,0.704694,540.527692
21.36,1.027803,0.751295,0.704714,540.527665
21.37,1.027803,0.751295,0.704734,540.527639
21.38,1.027803,0.751295,0.704754,540.527613
21.39,1.027803,0.751295,0.704774,540.527587
21.4,1.027803,0.751295,0.704794,540.527561
21.41,1.027803,0.751295,0.704813,540.527536
21.42,1.027803,0.751295,0.704833,540.52751
21.43,1.027803,0.751295,0.704853,540.527485
21.44,1.027803,0.751295,0.704873,540.52746
21.45,1.027803,0.751295,0.704893,540.527435
21.46,1.027803,0.751295,0.704913,540.52741
21.47,1.027803,0.751295,0.704933,540.527385
21.48,1.027803,0.751295,0.704953,540.527361
21.49,1.027803,0.751295,0.704973,540.527336
21.5,1.027803,0.751295,0.704993,540.527311
21.51,1.027803,0.751295,0.705013,540.527286
21.52,1.027803,0.751295,0.705033,540.52726
21.53,1.027803,0.751294,0.705053,540.527235
21.54,1.027803,0.751294,0.705073,540.527209
21.55,1.027803,0.751294,0.705093,540.527184
21.56,1.027803,0.751294,0.705113,540.527158
21.57,1.027803,0.751294,0.705133,540.527132
21.58,1.027803,0.751294,0.705153,540.527105
21.59,1.027803,0.751294,0.705173,540.527078
21.6,1.027803,0.751294,0.705193,540.527051
21.61,1.027803,0.751294,0.705212,540.527024
21.62,1.027803,0.751294,0.705232,540.526996
21.63,1.027803,0.751294,0.705252,540.526968
21.64,1.027803,0.751294,0.705272,540.52694
21.65,1.027803,0.751294,0.705291,540.526911
21.66,1.027803,0.751294,0.705311,540.526882
21.67,1.027803,0.751294,0.705331,540.526853
21.68,1.027803,0.751294,0.70535,540.526823
21.69,1.027803,0.751294,0.70537,540.526792
21.7,1.027803,0.751294,0.705389,540.526761
21.71,1.027803,0.751294,0.705409,540.52673
21.72,1.027803,0.751294,0.705428,540.526699
21.73,1.027803,0.751294,0.705447,540.526667
21.74,1.027803,0.751294,0.705466,540.526634
21.75,1.027803,0.751294,0.705486,540.526601
21.76,1.027803,0.751293,0.705505,540.526568
21.77,1.027803,0.751293,0.705524,540.526535
21.78,1.027803,0.751293,0.705542,540.526501
21.79,1.027803,0.751293,0.705561,540.526466
21.8,1.027803,0.751293,0.70558,540.526432
21.81,1.027803,0.751293,0.705599,540.526397
21.82,1.027803,0.751293,0.705617,540.526361
21.83,1.027803,0.751293,0.705635,540.526326
21.84,1.027803,0.751293,0.705654,540.52629
21.85,1.027803,0.751293,0.705672,540.526253
21.86,1.027803,0.751293,0.70569,540.526217
21.87,1.027803,0.751293,0.705708,540.52618
21.88,1.027803,0.751293,0.705726,540.526143
21.89,1.027803,0.751293,0.705744,540.526106
21.9,1.027803,0.751293,0.705761,540.526069
21.91,1.027803,0.751293,0.705779,540.526031
21.92,1.027803,0.751293,0.705796,540.525993
21.93,1.027803,0.751293,0.705813,540.525956
21.94,1.027803,0.751293,0.70583,540.525918
21.95,1.027803,0.751292,0.705848,540.52588
21.96,1.027803,0.751292,0.705864,540.525842
21.97,1.027803,0.751292,0.705881,540.525804
21.98,1.027803,0.751292,0.705898,540.525766
21.99,1.027803,0.751292,0.705914,540.525728
22,1.027803,0.751292,0.705931,540.52569
22.01,1.027803,0.751292,0.705947,540.525652
22.02,1.027803,0.751292,0.705963,540.525614
22.03,1.027803,0.751292,0.705979,540.525577
22.04,1.027803,0.751292,0.705995,540.525539
22.05,1.027803,0.751292,0.706011,540.525501
22.06,1.027803,0.751292,0.706027,540.525464
22.07,1.027803,0.751292,0.706042,540.525427
22.08,1.027803,0.751292,0.706058,540.52539
22.09,1.027803,0.751292,0.706073,540.525353
22.1,1.027803,0.751292,0.706089,540.525316
22.11,1.027803,0.751292,0.706104,540.52528
22.12,1.027803,0.751291,0.706119,540.525244
22.13,1.027803,0.751291,0.706134,540.525208
22.14,1.027803,0.751291,0.706149,540.525172
22.15,1.027803,0.751291,0.706163,540.525136
22.16,1.027803,0.751291,0.706178,540.525101
22.17,1.027803,0.751291,0.706193,540.525066
22.18,1.027803,0.751291,0.706207,540.525031
22.19,1.027803,0.751291,0.706222,540.524996
22.2,1.027803,0.751291,0.706236,540.524962
22.21,1.027803,0.751291,0.706251,540.524927
22.22,1.027803,0.751291,0.706265,540.524893
22.23,1.027803,0.751291,0.706279,540.524859
22.24,1.027803,0.751291,0.706293,540.524826
22.25,1.027803,0.751291,0.706307,540.524792
22.26,1.027803,0.751291,0.706321,540.524759
22.27,1.027803,0.751291,0.706336,540.524726
22.28,1.027803,0.751291,0.706349,540.524693
22.29,1.027803,0.751291,0.706363,540.524661
22.3,1.027803,0.751291,0.706377,540.524628
22.31,1.027803,0.75129,0.706391,540.524596
22.32,1.027803,0.75129,0.706405,540.524564
22.33,1.027803,0.75129,0.706419,540.524532
22.34,1.027803,0.75129,0.706433,540.5245
22.35,1.027803,0.75129,0.706447,540.524468
22.36,1.027803,0.75129,0.70646,540.524436
22.37,1.027803,0.75129,0.706474,540.524404
22.38,1.027803,0.75129,0.706488,540.524372
22.39,1.027803,0.75129,0.706502,540.524341
22.4,1.027803,0.75129,0.706516,540.524309
22.41,1.027803,0.75129,0.706529,540.524277
22.42,1.027803,0.75129,0.706543,540.524246
22.43,1.027803,0.75129,0.706557,540.524214
22.44,1.027803,0.75129,0.706571,540.524182
22.45,1.027803,0.75129,0.706585,540.52415
22.46,1.027803,0.75129,0.706599,540.524118
22.47,1.027803,0.75129,0.706612,540.524086
22.48,1.027803,0.75129,0.706626,540.524054
22.49,1.027803,0.75129,0.70664,540.524022
22.5,1.027803,0.75129,0.706654,540.52399
22.51,1.027803,0.751289,0.706668,540.523958
22.52,1.027803,0.751289,0.706682,540.523925
22.53,1.027803,0.751289,0.706696,540.523893
22.54,1.027803,0.751289,0.70671,540.52386
22.55,1.027803,0.751289,0.706724,540.523827
22.56,1.027803,0.751289,0.706738,540.523794
22.57,1.027803,0.751289,0.706752,540.523761
22.58,1.027803,0.751289,0.706766,540.523727
22.59,1.027803,0.751289,0.70678,540.523694
22.6,1.027803,0.751289,0.706794,540.52366
22.61,1.027803,0.751289,0.706808,540.523627
22.62,1.027803,0.751289,0.706822,540.523593
22.63,1.027803,0.751289,0.706836,540.523559
22.64,1.027803,0.751289,0.70685,540.523524
22.65,1.027803,0.751289,0.706864,540.52349
22.66,1.027803,0.751289,0.706878,540.523456
22.67,1.027803,0.751289,0.706893,540.523421
22.68,1.027803,0.751289,0.706907,540.523386
22.69,1.027803,0.751289,0.706921,540.523351
22.7,1.027803,0.751288,0.706935,540.523316
22.71,1.027803,0.751288,0.706949,540.523281
22.72,1.027803,0.751288,0.706963,540.523246
22.73,1.027803,0.751288,0.706977,540.523211
22.74,1.027803,0.751288,0.706991,540.523176
22.75,1.027803,0.751288,0.707005,540.52314
22.76,1.027803,0.751288,0.707019,540.523105
22.77,1.027803,0.751288,0.707033,540.52307
22.78,1.027803,0.751288,0.707047,540.523034
22.79,1.027803,0.751288,0.707061,540.522999
22.8,1.027803,0.751288,0.707074,540.522963
22.81,1.027803,0.751288,0.707088,540.522928
22.82,1.027803,0.751288,0.707102,540.522892
22.83,1.027803,0.751288,0.707116,540.522857
22.84,1.027803,0.751288,0.707129,540.522822
22.85,1.027803,0.751288,0.707143,540.522787
22.86,1.027803,0.751288,0.707157,540.522752
22.87,1.027803,0.751288,0.70717,540.522717
22.88,1.027803,0.751288,0.707184,540.522682
22.89,1.027803,0.751287,0.707197,540.522647
22.9,1.027803,0.751287,0.70721,540.522612
22.91,1.027803,0.751287,0.707224,540.522578
22.92,1.027803,0.751287,0.707237,540.522543
22.93,1.027803,0.751287,0.70725,540.522509
22.94,1.027804,0.751287,0.707263,540.522475
22.95,1.027804,0.751287,0.707276,540.522441
22.96,1.027804,0.751287,0.707289,540.522408
22.97,1.027804,0.751287,0.707302,540.522374
22.98,1.027804,0.751287,0.707315,540.522341
22.99,1.027804,0.751287,0.707327,540.522308
23,1.027804,0.751287,0.70734,540.522275
23.01,1.027804,0.751287,0.707353,540.522242
23.02,1.027804,0.751287,0.707365,540.52221
23.03,1.027804,0.751287,0.707378,540.522177
23.04,1.027804,0.751287,0.70739,540.522145
23.05,1.027804,0.751287,0.707402,540.522113
23.06,1.027804,0.751287,0.707414,540.522081
23.07,1.027804,0.751287,0.707426,540.52205
23.08,1.027804,0.751287,0.707438,540.522018
23.09,1.027804,0.751286,0.70745,540.521987
23.1,1.027804,0.751286,0.707462,540.521956
23.11,1.027804,0.751286,0.707474,540.521925
23.12,1.027804,0.751286,0.707486,540.521895
23.13,1.027804,0.751286,0.707497,540.521864
23.14,1.027804,0.751286,0.707509,540.521834
23.15,1.027804,0.751286,0.70752,540.521803
23.16,1.027804,0.751286,0.707531,540.521773
23.17,1.027804,0.751286,0.707543,540.521743
23.18,1.027804,0.751286,0.707554,540.521713
23.19,1.027804,0.751286,0.707565,540.521683
23.2,1.027804,0.751286,0.707576,540.521654
23.21,1.027804,0.751286,0.707587,540.521624
23.22,1.027804,0.751286,0.707598,540.521594
23.23,1.027804,0.751286,0.707608,540.521564
23.24,1.027804,0.751286,0.707619,540.521535
23.25,1.027804,0.751286,0.70763,540.521505
23.26,1.027804,0.751286,0.70764,540.521475
23.27,1.027804,0.751286,0.707651,540.521445
23.28,1.027804,0.751286,0.707661,540.521416
23.29,1.027804,0.751286,0.707671,540.521386
23.3,1.027804,0.751286,0.707681,540.521356
23.31,1.027804,0.751285,0.707691,540.521326
23.32,1.027804,0.751285,0.707701,540.521296
23.33,1.027804,0.751285,0.707711,540.521265
23.34,1.027804,0.751285,0.707721,540.521235
23.35,1.027804,0.751285,0.707731,540.521204
23.36,1.027804,0.751285,0.70774,540.521174
23.37,1.027804,0.751285,0.70775,540.521143
23.38,1.027804,0.751285,0.70776,540.521112
23.39,1.027804,0.751285,0.707769,540.521081
23.4,1.027804,0.751285,0.707778,540.521049
23.41,1.027804,0.751285,0.707787,540.521018
23.42,1.027804,0.751285,0.707797,540.520986
23.43,1.027804,0.751285,0.707806,540.520954
23.44,1.027804,0.751285,0.707815,540.520922
23.45,1.027804,0.751285,0.707824,540.520889
23.46,1.027804,0.751285,0.707832,540.520857
23.47,1.027804,0.751285,0.707841,540.520824
23.48,1.027804,0.751285,0.70785,540.520791
23.49,1.027804,0.751285,0.707858,540.520757
23.5,1.027804,0.751285,0.707867,540.520724
23.51,1.027804,0.751284,0.707875,540.52069
23.52,1.027804,0.751284,0.707883,540.520656
23.53,1.027804,0.751284,0.707891,540.520622
23.54,1.027804,0.751284,0.707899,540.520587
23.55,1.027804,0.751284,0.707907,540.520552
23.56,1.027804,0.751284,0.707915,540.520518
23.57,1.027804,0.751284,0.707923,540.520482
23.58,1.027804,0.751284,0.707931,540.520447
23.59,1.027804,0.751284,0.707938,540.520411
23.6,1.027804,0.751284,0.707946,540.520376
23.61,1.027804,0.751284,0.707953,540.52034
23.62,1.027804,0.751284,0.707961,540.520304
23.63,1.027804,0.751284,0.707968,540.520268
23.64,1.027804,0.751284,0.707975,540.520231
23.65,1.027804,0.751284,0.707982,540.520195
23.66,1.027804,0.751284,0.707989,540.520158
23.67,1.027804,0.751284,0.707996,540.520121
23.68,1.027804,0.751284,0.708002,540.520085
23.69,1.027804,0.751284,0.708009,540.520048
23.7,1.027804,0.751283,0.708016,540.520011
23.71,1.027804,0.751283,0.708022,540.519974
23.72,1.027804,0.751283,0.708028,540.519937
23.73,1.027804,0.751283,0.708035,540.519899
23.74,1.027804,0.751283,0.708041,540.519862
23.75,1.027804,0.751283,0.708047,540.519825
23.76,1.027804,0.751283,0.708053,540.519788
23.77,1.027804,0.751283,0.708059,540.519751
23.78,1.027804,0.751283,0.708064,540.519714
23.79,1.027804,0.751283,0.70807,540.519677
23.8,1.027804,0.751283,0.708076,540.51964
23.81,1.027804,0.751283,0.708081,540.519603
23.82,1.027804,0.751283,0.708086,540.519566
23.83,1.027804,0.751283,0.708092,540.519529
23.84,1.027804,0.751283,0.708097,540.519493
23.85,1.027804,0.751283,0.708102,540.519456
23.86,1.027804,0.751283,0.708107,540.51942
23.87,1.027804,0.751283,0.708112,540.519384
23.88,1.027804,0.751282,0.708117,540.519347
23.89,1.027804,0.751282,0.708122,540.519312
23.9,1.027804,0.751282,0.708126,540.519276
23.91,1.027804,0.751282,0.708131,540.51924
23.92,1.027804,0.751282,0.708136,540.519205
23.93,1.027804,0.751282,0.70814,540.519169
23.94,1.027804,0.751282,0.708144,540.519134
23.95,1.027804,0.751282,0.708149,540.519099
23.96,1.027804,0.751282,0.708153,540.519064
23.97,1.027804,0.751282,0.708157,540.519029
23.98,1.027804,0.751282,0.708161,540.518995
23.99,1.027804,0.751282,0.708165,540.518961
24,1.027804,0.751282,0.708169,540.518927
24.01,1.027804,0.751282,0.708173,540.518893
24.02,1.027804,0.751282,0.708177,540.518859
24.03,1.027804,0.751282,0.708181,540.518825
24.04,1.027804,0.751282,0.708185,540.518792
24.05,1.027804,0.751282,0.708188,540.518758
24.06,1.027804,0.751282,0.708192,540.518725
24.07,1.027804,0.751281,0.708196,540.518692
24.08,1.027804,0.751281,0.708199,540.518659
24.09,1.027804,0.751281,0.708203,540.518627
24.1,1.027804,0.751281,0.708206,540.518594
24.11,1.027804,0.751281,0.70821,540.518562
24.12,1.027804,0.751281,0.708213,540.518529
24.13,1.027804,0.751281,0.708216,540.518497
24.14,1.027804,0.751281,0.70822,540.518465
24.15,1.027804,0.751281,0.708223,540.518433
24.16,1.027804,0.751281,0.708226,540.518401
24.17,1.027804,0.751281,0.708229,540.518369
24.18,1.027804,0.751281,0.708232,540.518337
24.19,1.027804,0.751281,0.708236,540.518305
24.2,1.027804,0.751281,0.708239,540.518273
24.21,1.027804,0.751281,0.708242,540.518242
24.22,1.027804,0.751281,0.708245,540.51821
24.23,1.027804,0.751281,0.708248,540.518178
24.24,1.027804,0.751281,0.708251,540.518147
24.25,1.027804,0.751281,0.708253,540.518115
24.26,1.027804,0.751281,0.708256,540.518083
24.27,1.027804,0.75128,0.708259,540.518051
24.28,1.027804,0.75128,0.708262,540.518019
24.29,1.027804,0.75128,0.708265,540.517988
24.3,1.027804,0.75128,0.708267,540.517956
24.31,1.027804,0.75128,0.70827,540.517924
24.32,1.027804,0.75128,0.708273,540.517892
24.33,1.027804,0.75128,0.708275,540.51786
24.34,1.027804,0.75128,0.708278,540.517828
24.35,1.027804,0.75128,0.708281,540.517795
24.36,1.027804,0.75128,0.708283,540.517763
24.37,1.027804,0.75128,0.708286,540.517731
24.38,1.027804,0.75128,0.708288,540.517698
24.39,1.027804,0.75128,0.70829,540.517666
24.4,1.027804,0.75128,0.708293,540.517633
24.41,1.027804,0.75128,0.708295,540.5176
24.42,1.027804,0.75128,0.708297,540.517568
24.43,1.027804,0.75128,0.708299,540.517535
24.44,1.027804,0.75128,0.708302,540.517502
24.45,1.027804,0.75128,0.708304,540.517469
24.46,1.027804,0.75128,0.708306,540.517435
24.47,1.027804,0.75128,0.708308,540.517402
24.48,1.027804,0.751279,0.70831,540.517369
24.49,1.027804,0.751279,0.708312,540.517335
24.5,1.027804,0.751279,0.708313,540.517302
24.51,1.027804,0.751279,0.708315,540.517268
24.52,1.027804,0.751279,0.708317,540.517234
24.53,1.027804,0.751279,0.708318,540.517201
24.54,1.027804,0.751279,0.70832,540.517167
24.55,1.027804,0.751279,0.708321,540.517133
24.56,1.027804,0.751279,0.708323,540.517099
24.57,1.027804,0.751279,0.708324,540.517065
24.58,1.027804,0.751279,0.708325,540.517031
24.59,1.027804,0.751279,0.708326,540.516997
24.6,1.027804,0.751279,0.708327,540.516963
24.61,1.027804,0.751279,0.708328,540.516929
24.62,1.027804,0.751279,0.708329,540.516894
24.63,1.027804,0.751279,0.70833,540.51686
24.64,1.027804,0.751279,0.708331,540.516826
24.65,1.027804,0.751279,0.708332,540.516792
24.66,1.027804,0.751279,0.708332,540.516758
24.67,1.027804,0.751279,0.708333,540.516724
24.68,1.027804,0.751278,0.708333,540.516689
24.69,1.027804,0.751278,0.708333,540.516655
24.7,1.027804,0.751278,0.708333,540.516621
24.71,1.027804,0.751278,0.708334,540.516587
24.72,1.027804,0.751278,0.708333,540.516553
24.73,1.027804,0.751278,0.708333,540.516519
24.74,1.027804,0.751278,0.708333,540.516485
24.75,1.027804,0.751278,0.708333,540.516451
24.76,1.027804,0.751278,0.708332,540.516418
24.77,1.027804,0.751278,0.708332,540.516384
24.78,1.027804,0.751278,0.708331,540.51635
24.79,1.027804,0.751278,0.708331,540.516317
24.8,1.027804,0.751278,0.70833,540.516283
24.81,1.027804,0.751278,0.708329,540.51625
24.82,1.027804,0.751278,0.708328,540.516217
24.83,1.027804,0.751278,0.708327,540.516183
24.84,1.027804,0.751278,0.708326,540.51615
24.85,1.027804,0.751278,0.708324,540.516117
24.86,1.027804,0.751278,0.708323,540.516084
24.87,1.027804,0.751278,0.708321,540.516051
24.88,1.027804,0.751278,0.70832,540.516018
24.89,1.027804,0.751277,0.708318,540.515985
24.9,1.027804,0.751277,0.708316,540.515952
24.91,1.027804,0.751277,0.708314,540.51592
24.92,1.027805,0.751277,0.708312,540.515887
24.93,1.027805,0.751277,0.70831,540.515855
24.94,1.027805,0.751277,0.708308,540.515822
24.95,1.027805,0.751277,0.708306,540.51579
24.96,1.027805,0.751277,0.708303,540.515757
24.97,1.027805,0.751277,0.708301,540.515725
24.98,1.027805,0.751277,0.708298,540.515693
24.99,1.027805,0.751277,0.708295,540.51566
25,1.027805,0.751277,0.708293,540.515628
25.01,1.027805,0.751277,0.70829,540.515596
25.02,1.027805,0.751277,0.708287,540.515564
25.03,1.027805,0.751277,0.708284,540.515531
25.04,1.027805,0.751277,0.708281,540.515499
25.05,1.027805,0.751277,0.708277,540.515467
25.06,1.027805,0.751277,0.708274,540.515435
25.07,1.027805,0.751277,0.708271,540.515402
25.08,1.027805,0.751277,0.708267,540.51537
25.09,1.027805,0.751277,0.708264,540.515338
25.1,1.027805,0.751276,0.70826,540.515306
25.11,1.027805,0.751276,0.708256,540.515273
25.12,1.027805,0.751276,0.708252,540.515241
25.13,1.027805,0.751276,0.708249,540.515208
25.14,1.027805,0.751276,0.708245,540.515176
25.15,1.027805,0.751276,0.708241,540.515143
25.16,1.027805,0.751276,0.708236,540.51511
25.17,1.027805,0.751276,0.708232,540.515078
25.18,1.027805,0.751276,0.708228,540.515045
25.19,1.027805,0.751276,0.708224,540.515012
25.2,1.027805,0.751276,0.708219,540.514979
25.21,1.027805,0.751276,0.708215,540.514946
25.22,1.027805,0.751276,0.70821,540.514912
25.23,1.027805,0.751276,0.708206,540.514879
25.24,1.027805,0.751276,0.708201,540.514846
25.25,1.027805,0.751276,0.708196,540.514812
25.26,1.027805,0.751276,0.708191,540.514779
25.27,1.027805,0.751276,0.708186,540.514745
25.28,1.027805,0.751276,0.708181,540.514711
25.29,1.027805,0.751276,0.708176,540.514677
25.3,1.027805,0.751276,0.708171,540.514643
25.31,1.027805,0.751275,0.708166,540.514609
25.32,1.027805,0.751275,0.708161,540.514575
25.33,1.027805,0.751275,0.708155,540.51454
25.34,1.027805,0.751275,0.70815,540.514506
25.35,1.027805,0.751275,0.708145,540.514471
25.36,1.027805,0.751275,0.708139,540.514437
25.37,1.027805,0.751275,0.708133,540.514402
25.38,1.027805,0.751275,0.708128,540.514367
25.39,1.027805,0.751275,0.708122,540.514332
25.4,1.027805,0.751275,0.708116,540.514298
25.41,1.027805,0.751275,0.70811,540.514263
25.42,1.027805,0.751275,0.708104,540.514227
25.43,1.027805,0.751275,0.708099,540.514192
25.44,1.027805,0.751275,0.708092,540.514157
25.45,1.027805,0.751275,0.708086,540.514122
25.46,1.027805,0.751275,0.70808,540.514087
25.47,1.027805,0.751275,0.708074,540.514051
25.48,1.027805,0.751275,0.708068,540.514016
25.49,1.027805,0.751275,0.708061,540.513981
25.5,1.027805,0.751275,0.708055,540.513945
25.51,1.027805,0.751275,0.708048,540.51391
25.52,1.027805,0.751274,0.708042,540.513875
25.53,1.027805,0.751274,0.708035,540.513839
25.54,1.027805,0.751274,0.708028,540.513804
25.55,1.027805,0.751274,0.708022,540.513769
25.56,1.027805,0.751274,0.708015,540.513733
25.57,1.027805,0.751274,0.708008,540.513698
25.58,1.027805,0.751274,0.708001,540.513663
25.59,1.027805,0.751274,0.707994,540.513628
25.6,1.027805,0.751274,0.707987,540.513593
25.61,1.027805,0.751274,0.70798,540.513558
25.62,1.027805,0.751274,0.707973,540.513523
25.63,1.027805,0.751274,0.707965,540.513488
25.64,1.027805,0.751274,0.707958,540.513453
25.65,1.027805,0.751274,0.707951,540.513418
25.66,1.027805,0.751274,0.707943,540.513384
25.67,1.027805,0.751274,0.707936,540.513349
25.68,1.027805,0.751274,0.707928,540.513315
25.69,1.027805,0.751274,0.707921,540.51328
25.7,1.027805,0.751274,0.707913,540.513246
25.71,1.027805,0.751274,0.707905,540.513212
25.72,1.027805,0.751273,0.707898,540.513178
25.73,1.027805,0.751273,0.70789,540.513144
25.74,1.027805,0.751273,0.707882,540.51311
25.75,1.027805,0.751273,0.707874,540.513076
25.76,1.027805,0.751273,0.707866,540.513043
25.77,1.027805,0.751273,0.707858,540.513009
25.78,1.027805,0.751273,0.70785,540.512976
25.79,1.027805,0.751273,0.707842,540.512943
25.8,1.027805,0.751273,0.707834,540.51291
25.81,1.027805,0.751273,0.707825,540.512877
25.82,1.027805,0.751273,0.707817,540.512844
25.83,1.027805,0.751273,0.707809,540.512811
25.84,1.027805,0.751273,0.707801,540.512778
25.85,1.027805,0.751273,0.707792,540.512745
25.86,1.027805,0.751273,0.707784,540.512713
25.87,1.027805,0.751273,0.707775,540.51268
25.88,1.027805,0.751273,0.707767,540.512648
25.89,1.027805,0.751273,0.707758,540.512616
25.9,1.027805,0.751273,0.707749,540.512584
25.91,1.027805,0.751273,0.707741,540.512551
25.92,1.027805,0.751273,0.707732,540.512519
25.93,1.027805,0.751273,0.707723,540.512487
25.94,1.027805,0.751272,0.707714,540.512455
25.95,1.027805,0.751272,0.707706,540.512423
25.96,1.027805,0.751272,0.707697,540.512392
25.97,1.027805,0.751272,0.707688,540.51236
25.98,1.027805,0.751272,0.707679,540.512328
25.99,1.027805,0.751272,0.70767,540.512296
26,1.027805,0.751272,0.707661,540.512264
26.01,1.027805,0.751272,0.707652,540.512233
26.02,1.027805,0.751272,0.707642,540.512201
26.03,1.027805,0.751272,0.707633,540.512169
26.04,1.027805,0.751272,0.707624,540.512137
26.05,1.027805,0.751272,0.707615,540.512106
26.06,1.027805,0.751272,0.707605,540.512074
26.07,1.027805,0.751272,0.707596,540.512042
26.08,1.027805,0.751272,0.707587,540.51201
26.09,1.027805,0.751272,0.707577,540.511978
26.1,1.027805,0.751272,0.707568,540.511946
26.11,1.027805,0.751272,0.707558,540.511914
26.12,1.027805,0.751272,0.707549,540.511882
26.13,1.027805,0.751272,0.707539,540.51185
26.14,1.027805,0.751272,0.70753,540.511818
26.15,1.027805,0.751272,0.70752,540.511786
26.16,1.027805,0.751272,0.70751,540.511754
26.17,1.027805,0.751271,0.7075,540.511722
26.18,1.027805,0.751271,0.70749,540.511689
26.19,1.027805,0.751271,0.707481,540.511657
26.2,1.027805,0.751271,0.707471,540.511624
26.21,1.027805,0.751271,0.707461,540.511592
26.22,1.027805,0.751271,0.707451,540.511559
26.23,1.027805,0.751271,0.707441,540.511527
26.24,1.027805,0.751271,0.70743,540.511494
26.25,1.027805,0.751271,0.70742,540.511461
26.26,1.027805,0.751271,0.70741,540.511428
26.27,1.027805,0.751271,0.7074,540.511395
26.28,1.027805,0.751271,0.707389,540.511362
26.29,1.027805,0.751271,0.707379,540.511329
26.3,1.027805,0.751271,0.707369,540.511296
26.31,1.027805,0.751271,0.707358,540.511263
26.32,1.027805,0.751271,0.707347,540.511229
26.33,1.027805,0.751271,0.707337,540.511196
26.34,1.027805,0.751271,0.707326,540.511163
26.35,1.027805,0.751271,0.707315,540.511129
26.36,1.027805,0.751271,0.707305,540.511096
26.37,1.027805,0.751271,0.707294,540.511062
26.38,1.027805,0.751271,0.707283,540.511028
26.39,1.027805,0.751271,0.707272,540.510995
26.4,1.027804,0.75127,0.707261,540.510961
26.41,1.027804,0.75127,0.70725,540.510927
26.42,1.027804,0.75127,0.707238,540.510894
26.43,1.027804,0.75127,0.707227,540.51086
26.44,1.027804,0.75127,0.707216,540.510826
26.45,1.027804,0.75127,0.707205,540.510792
26.46,1.027804,0.75127,0.707193,540.510759
26.47,1.027804,0.75127,0.707182,540.510725
26.48,1.027804,0.75127,0.70717,540.510691
26.49,1.027804,0.75127,0.707158,540.510657
26.5,1.027804,0.75127,0.707147,540.510623
26.51,1.027804,0.75127,0.707135,540.510589
26.52,1.027804,0.75127,0.707123,540.510556
26.53,1.027804,0.75127,0.707111,540.510522
26.54,1.027804,0.75127,0.707099,540.510488
26.55,1.027804,0.75127,0.707087,540.510454
26.56,1.027804,0.75127,0.707075,540.510421
26.57,1.027804,0.75127,0.707063,540.510387
26.58,1.027804,0.75127,0.707051,540.510353
26.59,1.027804,0.75127,0.707038,540.51032
26.6,1.027804,0.75127,0.707026,540.510286
26.61,1.027804,0.75127,0.707014,540.510253
26.62,1.027804,0.751269,0.707001,540.510219
26.63,1.027804,0.751269,0.706989,540.510186
26.64,1.027804,0.751269,0.706976,540.510152
26.65,1.027804,0.751269,0.706963,540.510119
26.66,1.027804,0.751269,0.706951,540.510085
26.67,1.027804,0.751269,0.706938,540.510052
26.68,1.027804,0.751269,0.706925,540.510019
26.69,1.027804,0.751269,0.706912,540.509986
26.7,1.027804,0.751269,0.706899,540.509953
26.71,1.027804,0.751269,0.706886,540.509919
26.72,1.027804,0.751269,0.706873,540.509886
26.73,1.027804,0.751269,0.70686,540.509853
26.74,1.027804,0.751269,0.706847,540.50982
26.75,1.027804,0.751269,0.706834,540.509787
26.76,1.027804,0.751269,0.706821,540.509754
26.77,1.027804,0.751269,0.706807,540.509721
26.78,1.027804,0.751269,0.706794,540.509689
26.79,1.027804,0.751269,0.706781,540.509656
26.8,1.027804,0.751269,0.706767,540.509623
26.81,1.027804,0.751269,0.706754,540.50959
26.82,1.027804,0.751269,0.70674,540.509557
26.83,1.027804,0.751269,0.706727,540.509525
26.84,1.027804,0.751269,0.706713,540.509492
26.85,1.027804,0.751268,0.706699,540.509459
26.86,1.027804,0.751268,0.706686,540.509426
26.87,1.027804,0.751268,0.706672,540.509394
26.88,1.027804,0.751268,0.706658,540.509361
26.89,1.027804,0.751268,0.706645,540.509328
26.9,1.027804,0.751268,0.706631,540.509296
26.91,1.027804,0.751268,0.706617,540.509263
26.92,1.027804,0.751268,0.706603,540.50923
26.93,1.027804,0.751268,0.706589,540.509198
26.94,1.027804,0.751268,0.706575,540.509165
26.95,1.027804,0.751268,0.706561,540.509132
26.96,1.027804,0.751268,0.706547,540.509099
26.97,1.027804,0.751268,0.706533,540.509067
26.98,1.027804,0.751268,0.706519,540.509034
26.99,1.027804,0.751268,0.706505,540.509001
27,1.027804,0.751268,0.706491,540.508968
27.01,1.027804,0.751268,0.706477,540.508935
27.02,1.027804,0.751268,0.706462,540.508902
27.03,1.027804,0.751268,0.706448,540.508869
27.04,1.027804,0.751268,0.706434,540.508836
27.05,1.027804,0.751268,0.70642,540.508803
27.06,1.027804,0.751268,0.706406,540.50877
27.07,1.027804,0.751268,0.706391,540.508737
27.08,1.027804,0.751268,0.706377,540.508704
27.09,1.027804,0.751267,0.706363,540.508671
27.1,1.027804,0.751267,0.706348,540.508638
27.11,1.027804,0.751267,0.706334,540.508604
27.12,1.027804,0.751267,0.70632,540.508571
27.13,1.027804,0.751267,0.706305,540.508538
27.14,1.027804,0.751267,0.706291,540.508504
27.15,1.027804,0.751267,0.706276,540.508471
27.16,1.027804,0.751267,0.706262,540.508438
27.17,1.027804,0.751267,0.706247,540.508404
27.18,1.027804,0.751267,0.706233,540.508371
27.19,1.027804,0.751267,0.706218,540.508337
27.2,1.027804,0.751267,0.706204,540.508304
27.21,1.027804,0.751267,0.706189,540.50827
27.22,1.027804,0.751267,0.706175,540.508237
27.23,1.027804,0.751267,0.70616,540.508203
27.24,1.027804,0.751267,0.706145,540.508169
27.25,1.027804,0.751267,0.706131,540.508136
27.26,1.027804,0.751267,0.706116,540.508102
27.27,1.027804,0.751267,0.706102,540.508068
27.28,1.027804,0.751267,0.706087,540.508035
27.29,1.027804,0.751267,0.706072,540.508001
27.3,1.027804,0.751267,0.706057,540.507968
27.31,1.027804,0.751267,0.706043,540.507934
27.32,1.027804,0.751266,0.706028,540.5079
27.33,1.027804,0.751266,0.706013,540.507867
27.34,1.027804,0.751266,0.705998,540.507833
27.35,1.027804,0.751266,0.705984,540.5078
27.36,1.027804,0.751266,0.705969,540.507766
27.37,1.027804,0.751266,0.705954,540.507733
27.38,1.027804,0.751266,0.705939,540.507699
27.39,1.027804,0.751266,0.705924,540.507666
27.4,1.027804,0.751266,0.705909,540.507632
27.41,1.027804,0.751266,0.705894,540.507599
27.42,1.027804,0.751266,0.705879,540.507566
27.43,1.027804,0.751266,0.705864,540.507533
27.44,1.027804,0.751266,0.705849,540.507499
27.45,1.027804,0.751266,0.705834,540.507466
27.46,1.027804,0.751266,0.705819,540.507433
27.47,1.027804,0.751266,0.705804,540.5074
27.48,1.027804,0.751266,0.705789,540.507367
27.49,1.027804,0.751266,0.705774,540.507334
27.5,1.027804,0.751266,0.705759,540.507301
27.51,1.027804,0.751266,0.705744,540.507268
27.52,1.027804,0.751266,0.705729,540.507235
27.53,1.027804,0.751266,0.705714,540.507203
27.54,1.027804,0.751266,0.705699,540.50717
27.55,1.027804,0.751265,0.705683,540.507138
27.56,1.027804,0.751265,0.705668,540.507105
27.57,1.027804,0.751265,0.705653,540.507072
27.58,1.027804,0.751265,0.705638,540.50704
27.59,1.027804,0.751265,0.705623,540.507008
27.6,1.027804,0.751265,0.705607,540.506975
27.61,1.027804,0.751265,0.705592,540.506943
27.62,1.027804,0.751265,0.705577,540.506911
27.63,1.027804,0.751265,0.705562,540.506879
27.64,1.027804,0.751265,0.705546,540.506847
27.65,1.027804,0.751265,0.705531,540.506815
27.66,1.027804,0.751265,0.705516,540.506783
27.67,1.027804,0.751265,0.7055,540.506751
27.68,1.027804,0.751265,0.705485,540.506719
27.69,1.027804,0.751265,0.705469,540.506687
27.7,1.027804,0.751265,0.705454,540.506655
27.71,1.027804,0.751265,0.705439,540.506623
27.72,1.027804,0.751265,0.705423,540.506591
27.73,1.027804,0.751265,0.705408,540.50656
27.74,1.027804,0.751265,0.705392,540.506528
27.75,1.027804,0.751265,0.705377,540.506496
27.76,1.027804,0.751265,0.705362,540.506464
27.77,1.027804,0.751265,0.705346,540.506433
27.78,1.027804,0.751265,0.705331,540.506401
27.79,1.027804,0.751265,0.705315,540.506369
27.8,1.027804,0.751264,0.7053,540.506338
27.81,1.027804,0.751264,0.705284,540.506306
27.82,1.027804,0.751264,0.705269,540.506274
27.83,1.027804,0.751264,0.705253,540.506243
27.84,1.027804,0.751264,0.705238,540.506211
27.85,1.027804,0.751264,0.705222,540.506179
27.86,1.027804,0.751264,0.705206,540.506147
27.87,1.027804,0.751264,0.705191,540.506116
27.88,1.027804,0.751264,0.705175,540.506084
27.89,1.027804,0.751264,0.70516,540.506052
27.9,1.027804,0.751264,0.705144,540.50602
27.91,1.027804,0.751264,0.705129,540.505988
27.92,1.027804,0.751264,0.705113,540.505957
27.93,1.027804,0.751264,0.705097,540.505925
27.94,1.027804,0.751264,0.705082,540.505893
27.95,1.027804,0.751264,0.705066,540.505861
27.96,1.027804,0.751264,0.70505,540.505829
27.97,1.027804,0.751264,0.705035,540.505796
27.98,1.027804,0.751264,0.705019,540.505764
27.99,1.027804,0.751264,0.705003,540.505732
28,1.027804,0.751264,0.704988,540.5057
28.01,1.027804,0.751264,0.704972,540.505668
28.02,1.027804,0.751264,0.704956,540.505635
28.03,1.027804,0.751264,0.704941,540.505603
28.04,1.027804,0.751263,0.704925,540.505571
28.05,1.027804,0.751263,0.704909,540.505538
28.06,1.027804,0.751263,0.704893,540.505506
28.07,1.027804,0.751263,0.704878,540.505473
28.08,1.027804,0.751263,0.704862,540.505441
28.09,1.027804,0.751263,0.704846,540.505408
28.1,1.027804,0.751263,0.70483,540.505375
28.11,1.027804,0.751263,0.704814,540.505343
28.12,1.027804,0.751263,0.704799,540.50531
28.13,1.027804,0.751263,0.704783,540.505277
28.14,1.027804,0.751263,0.704767,540.505244
28.15,1.027804,0.751263,0.704751,540.505211
28.16,1.027804,0.751263,0.704735,540.505179
28.17,1.027804,0.751263,0.704719,540.505146
28.18,1.027804,0.751263,0.704703,540.505113
28.19,1.027804,0.751263,0.704687,540.50508
28.2,1.027804,0.751263,0.704672,540.505047
28.21,1.027804,0.751263,0.704656,540.505014
28.22,1.027804,0.751263,0.70464,540.504981
28.23,1.027804,0.751263,0.704624,540.504948
28.24,1.027804,0.751263,0.704608,540.504915
28.25,1.027804,0.751263,0.704592,540.504882
28.26,1.027804,0.751263,0.704576,540.504849
28.27,1.027804,0.751263,0.70456,540.504816
28.28,1.027804,0.751262,0.704544,540.504783
28.29,1.027804,0.751262,0.704528,540.50475
28.3,1.027804,0.751262,0.704512,540.504717
28.31,1.027804,0.751262,0.704496,540.504684
28.32,1.027804,0.751262,0.70448,540.504651
28.33,1.027804,0.751262,0.704464,540.504618
28.34,1.027804,0.751262,0.704448,540.504585
28.35,1.027804,0.751262,0.704432,540.504552
28.36,1.027804,0.751262,0.704416,540.504519
28.37,1.027804,0.751262,0.7044,540.504486
28.38,1.027804,0.751262,0.704384,540.504453
28.39,1.027804,0.751262,0.704368,540.504421
28.4,1.027804,0.751262,0.704351,540.504388
28.41,1.027804,0.751262,0.704335,540.504355
28.42,1.027804,0.751262,0.704319,540.504322
28.43,1.027804,0.751262,0.704303,540.504289
28.44,1.027804,0.751262,0.704287,540.504257
28.45,1.027804,0.751262,0.704271,540.504224
28.46,1.027804,0.751262,0.704255,540.504191
28.47,1.027804,0.751262,0.704239,540.504159
28.48,1.027804,0.751262,0.704223,540.504126
28.49,1.027804,0.751262,0.704207,540.504094
28.5,1.027804,0.751262,0.704191,540.504061
28.51,1.027804,0.751262,0.704175,540.504029
28.52,1.027804,0.751261,0.704159,540.503996
28.53,1.027804,0.751261,0.704143,540.503964
28.54,1.027804,0.751261,0.704126,540.503932
28.55,1.027804,0.751261,0.70411,540.503899
28.56,1.027804,0.751261,0.704094,540.503867
28.57,1.027804,0.751261,0.704078,540.503835
28.58,1.027804,0.751261,0.704062,540.503803
28.59,1.027804,0.751261,0.704046,540.503771
28.6,1.027804,0.751261,0.70403,540.503738
28.61,1.027804,0.751261,0.704014,540.503706
28.62,1.027804,0.751261,0.703998,540.503674
28.63,1.027804,0.751261,0.703982,540.503642
28.64,1.027803,0.751261,0.703966,540.50361
28.65,1.027803,0.751261,0.70395,540.503578
28.66,1.027803,0.751261,0.703934,540.503546
28.67,1.027803,0.751261,0.703919,540.503514
28.68,1.027803,0.751261,0.703903,540.503482
28.69,1.027803,0.751261,0.703887,540.50345
28.7,1.027803,0.751261,0.703871,540.503418
28.71,1.027803,0.751261,0.703855,540.503386
28.72,1.027803,0.751261,0.703839,540.503354
28.73,1.027803,0.751261,0.703823,540.503322
28.74,1.027803,0.751261,0.703808,540.503291
28.75,1.027803,0.751261,0.703792,540.503259
28.76,1.027803,0.75126,0.703776,540.503227
28.77,1.027803,0.75126,0.70376,540.503195
28.78,1.027803,0.75126,0.703745,540.503163
28.79,1.027803,0.75126,0.703729,540.503131
28.8,1.027803,0.75126,0.703713,540.503099
28.81,1.027803,0.75126,0.703697,540.503067
28.82,1.027803,0.75126,0.703682,540.503035
28.83,1.027803,0.75126,0.703666,540.503003
28.84,1.027803,0.75126,0.703651,540.502972
28.85,1.027803,0.75126,0.703635,540.50294
28.86,1.027803,0.75126,0.703619,540.502908
28.87,1.027803,0.75126,0.703604,540.502876
28.88,1.027803,0.75126,0.703588,540.502844
28.89,1.027803,0.75126,0.703573,540.502812
28.9,1.027803,0.75126,0.703557,540.50278
28.91,1.027803,0.75126,0.703542,540.502748
28.92,1.027803,0.75126,0.703527,540.502716
28.93,1.027803,0.75126,0.703511,540.502684
28.94,1.027803,0.75126,0.703496,540.502652
28.95,1.027803,0.75126,0.70348,540.50262
28.96,1.027803,0.75126,0.703465,540.502588
28.97,1.027803,0.75126,0.70345,540.502555
28.98,1.027803,0.75126,0.703435,540.502523
28.99,1.027803,0.75126,0.703419,540.502491
29,1.027803,0.75126,0.703404,540.502459
29.01,1.027803,0.751259,0.703389,540.502427
29.02,1.027803,0.751259,0.703374,540.502395
29.03,1.027803,0.751259,0.703358,540.502363
29.04,1.027803,0.751259,0.703343,540.502331
29.05,1.027803,0.751259,0.703328,540.502299
29.06,1.027803,0.751259,0.703313,540.502266
29.07,1.027803,0.751259,0.703298,540.502234
29.08,1.027803,0.751259,0.703283,540.502202
29.09,1.027803,0.751259,0.703268,540.50217
29.1,1.027803,0.751259,0.703253,540.502138
29.11,1.027803,0.751259,0.703238,540.502106
29.12,1.027803,0.751259,0.703223,540.502074
29.13,1.027803,0.751259,0.703208,540.502042
29.14,1.027803,0.751259,0.703193,540.502009
29.15,1.027803,0.751259,0.703178,540.501977
29.16,1.027803,0.751259,0.703163,540.501945
29.17,1.027803,0.751259,0.703148,540.501913
29.18,1.027803,0.751259,0.703133,540.501881
29.19,1.027803,0.751259,0.703118,540.501849
29.2,1.027803,0.751259,0.703103,540.501817
29.21,1.027803,0.751259,0.703089,540.501785
29.22,1.027803,0.751259,0.703074,540.501753
29.23,1.027803,0.751259,0.703059,540.501721
29.24,1.027803,0.751259,0.703044,540.501689
29.25,1.027803,0.751258,0.70303,540.501657
29.26,1.027803,0.751258,0.703015,540.501625
29.27,1.027803,0.751258,0.703,540.501594
29.28,1.027803,0.751258,0.702985,540.501562
29.29,1.027803,0.751258,0.702971,540.50153
29.3,1.027803,0.751258,0.702956,540.501498
29.31,1.027803,0.751258,0.702942,540.501466
29.32,1.027803,0.751258,0.702927,540.501435
29.33,1.027803,0.751258,0.702912,540.501403
29.34,1.027803,0.751258,0.702898,540.501371
29.35,1.027803,0.751258,0.702883,540.50134
29.36,1.027803,0.751258,0.702869,540.501308
29.37,1.027803,0.751258,0.702854,540.501276
29.38,1.027803,0.751258,0.70284,540.501245
29.39,1.027803,0.751258,0.702825,540.501213
29.4,1.027803,0.751258,0.702811,540.501182
29.41,1.027803,0.751258,0.702796,540.50115
29.42,1.027803,0.751258,0.702782,540.501119
29.43,1.027803,0.751258,0.702768,540.501087
29.44,1.027803,0.751258,0.702753,540.501056
29.45,1.027803,0.751258,0.702739,540.501025
29.46,1.027803,0.751258,0.702724,540.500993
29.47,1.027803,0.751258,0.70271,540.500962
29.48,1.027803,0.751258,0.702696,540.500931
29.49,1.027803,0.751258,0.702682,540.500899
29.5,1.027803,0.751257,0.702667,540.500868
29.51,1.027803,0.751257,0.702653,540.500837
29.52,1.027803,0.751257,0.702639,540.500805
29.53,1.027803,0.751257,0.702625,540.500774
29.54,1.027803,0.751257,0.702611,540.500743
29.55,1.027803,0.751257,0.702596,540.500712
29.56,1.027803,0.751257,0.702582,540.500681
29.57,1.027803,0.751257,0.702568,540.500649
29.58,1.027803,0.751257,0.702554,540.500618
29.59,1.027803,0.751257,0.70254,540.500587
29.6,1.027803,0.751257,0.702526,540.500556
29.61,1.027803,0.751257,0.702512,540.500524
29.62,1.027803,0.751257,0.702498,540.500493
29.63,1.027803,0.751257,0.702484,540.500462
29.64,1.027803,0.751257,0.70247,540.500431
29.65,1.027803,0.751257,0.702456,540.5004
29.66,1.027803,0.751257,0.702443,540.500368
29.67,1.027803,0.751257,0.702429,540.500337
29.68,1.027803,0.751257,0.702415,540.500306
29.69,1.027803,0.751257,0.702401,540.500274
29.7,1.027803,0.751257,0.702387,540.500243
29.71,1.027803,0.751257,0.702374,540.500212
29.72,1.027803,0.751257,0.70236,540.50018
29.73,1.027803,0.751257,0.702346,540.500149
29.74,1.027803,0.751256,0.702332,540.500118
29.75,1.027803,0.751256,0.702319,540.500086
29.76,1.027803,0.751256,0.702305,540.500055
29.77,1.027803,0.751256,0.702292,540.500024
29.78,1.027803,0.751256,0.702278,540.499992
29.79,1.027803,0.751256,0.702265,540.499961
29.8,1.027803,0.751256,0.702251,540.499929
29.81,1.027803,0.751256,0.702238,540.499898
29.82,1.027803,0.751256,0.702224,540.499866
29.83,1.027803,0.751256,0.702211,540.499834
29.84,1.027803,0.751256,0.702197,540.499803
29.85,1.027803,0.751256,0.702184,540.499771
29.86,1.027803,0.751256,0.70217,540.49974
29.87,1.027803,0.751256,0.702157,540.499708
29.88,1.027803,0.751256,0.702144,540.499676
29.89,1.027803,0.751256,0.702131,540.499645
29.9,1.027803,0.751256,0.702117,540.499613
29.91,1.027803,0.751256,0.702104,540.499581
29.92,1.027803,0.751256,0.702091,540.49955
29.93,1.027803,0.751256,0.702078,540.499518
29.94,1.027803,0.751256,0.702065,540.499486
29.95,1.027803,0.751256,0.702052,540.499454
29.96,1.027803,0.751256,0.702038,540.499423
29.97,1.027803,0.751256,0.702025,540.499391
29.98,1.027803,0.751256,0.702012,540.499359
29.99,1.027803,0.751255,0.701999,540.499327
30,1.027803,0.751255,0.701986,540.499295
30.01,1.027803,0.751255,0.701973,540.499264
30.02,1.027803,0.751255,0.701961,540.499232
30.03,1.027803,0.751255,0.701948,540.4992
30.04,1.027803,0.751255,0.701935,540.499168
30.05,1.027803,0.751255,0.701922,540.499136
30.06,1.027803,0.751255,0.701909,540.499105
30.07,1.027803,0.751255,0.701896,540.499073
30.08,1.027803,0.751255,0.701884,540.499041
30.09,1.027803,0.751255,0.701871,540.499009
30.1,1.027803,0.751255,0.701858,540.498978
30.11,1.027803,0.751255,0.701846,540.498946
30.12,1.027803,0.751255,0.701833,540.498914
30.13,1.027803,0.751255,0.70182,540.498882
30.14,1.027803,0.751255,0.701808,540.498851
30.15,1.027803,0.751255,0.701795,540.498819
30.16,1.027803,0.751255,0.701783,540.498787
30.17,1.027803,0.751255,0.70177,540.498756
30.18,1.027803,0.751255,0.701758,540.498724
30.19,1.027803,0.751255,0.701746,540.498693
30.2,1.027803,0.751255,0.701733,540.498661
30.21,1.027803,0.751255,0.701721,540.498629
30.22,1.027803,0.751254,0.701709,540.498598
30.23,1.027803,0.751254,0.701696,540.498566
30.24,1.027803,0.751254,0.701684,540.498535
30.25,1.027803,0.751254,0.701672,540.498504
30.26,1.027803,0.751254,0.70166,540.498472
30.27,1.027803,0.751254,0.701648,540.498441
30.28,1.027803,0.751254,0.701635,540.498409
30.29,1.027803,0.751254,0.701623,540.498378
30.3,1.027803,0.751254,0.701611,540.498347
30.31,1.027803,0.751254,0.701599,540.498316
30.32,1.027803,0.751254,0.701587,540.498284
30.33,1.027803,0.751254,0.701575,540.498253
30.34,1.027803,0.751254,0.701564,540.498222
30.35,1.027803,0.751254,0.701552,540.498191
30.36,1.027803,0.751254,0.70154,540.49816
30.37,1.027803,0.751254,0.701528,540.498129
30.38,1.027803,0.751254,0.701516,540.498097
30.39,1.027803,0.751254,0.701505,540.498066
30.4,1.027803,0.751254,0.701493,540.498035
30.41,1.027803,0.751254,0.701481,540.498004
30.42,1.027803,0.751254,0.70147,540.497973
30.43,1.027803,0.751254,0.701458,540.497942
30.44,1.027803,0.751254,0.701447,540.497912
30.45,1.027803,0.751254,0.701435,540.497881
30.46,1.027803,0.751254,0.701424,540.49785
30.47,1.027803,0.751253,0.701412,540.497819
30.48,1.027803,0.751253,0.701401,540.497788
30.49,1.027803,0.751253,0.70139,540.497757
30.5,1.027803,0.751253,0.701378,540.497726
30.51,1.027803,0.751253,0.701367,540.497695
30.52,1.027803,0.751253,0.701356,540.497665
30.53,1.027803,0.751253,0.701345,540.497634
30.54,1.027803,0.751253,0.701334,540.497603
30.55,1.027803,0.751253,0.701323,540.497572
30.56,1.027803,0.751253,0.701312,540.497541
30.57,1.027803,0.751253,0.701301,540.497511
30.58,1.027803,0.751253,0.70129,540.49748
30.59,1.027803,0.751253,0.701279,540.497449
30.6,1.027803,0.751253,0.701268,540.497418
30.61,1.027803,0.751253,0.701257,540.497387
30.62,1.027803,0.751253,0.701246,540.497357
30.63,1.027803,0.751253,0.701235,540.497326
30.64,1.027803,0.751253,0.701225,540.497295
30.65,1.027803,0.751253,0.701214,540.497264
30.66,1.027803,0.751253,0.701203,540.497234
30.67,1.027803,0.751253,0.701193,540.497203
30.68,1.027803,0.751253,0.701182,540.497172
30.69,1.027803,0.751253,0.701172,540.497141
30.7,1.027803,0.751253,0.701161,540.49711
30.71,1.027803,0.751252,0.701151,540.49708
30.72,1.027803,0.751252,0.70114,540.497049
30.73,1.027803,0.751252,0.70113,540.497018
30.74,1.027803,0.751252,0.701119,540.496987
30.75,1.027803,0.751252,0.701109,540.496956
30.76,1.027803,0.751252,0.701099,540.496925
30.77,1.027803,0.751252,0.701089,540.496895
30.78,1.027803,0.751252,0.701078,540.496864
30.79,1.027803,0.751252,0.701068,540.496833
30.8,1.027803,0.751252,0.701058,540.496802
30.81,1.027803,0.751252,0.701048,540.496771
30.82,1.027803,0.751252,0.701038,540.49674
30.83,1.027803,0.751252,0.701028,540.496709
30.84,1.027803,0.751252,0.701018,540.496679
30.85,1.027803,0.751252,0.701008,540.496648
30.86,1.027803,0.751252,0.700998,540.496617
30.87,1.027803,0.751252,0.700988,540.496586
30.88,1.027803,0.751252,0.700979,540.496555
30.89,1.027803,0.751252,0.700969,540.496524
30.9,1.027803,0.751252,0.700959,540.496493
30.91,1.027803,0.751252,0.700949,540.496462
30.92,1.027803,0.751252,0.70094,540.496432
30.93,1.027803,0.751252,0.70093,540.496401
30.94,1.027803,0.751252,0.70092,540.49637
30.95,1.027803,0.751251,0.700911,540.496339
30.96,1.027803,0.751251,0.700901,540.496308
30.97,1.027803,0.751251,0.700892,540.496277
30.98,1.027803,0.751251,0.700882,540.496246
30.99,1.027803,0.751251,0.700873,540.496215
31,1.027803,0.751251,0.700863,540.496185
31.01,1.027803,0.751251,0.700854,540.496154
31.02,1.027803,0.751251,0.700845,540.496123
31.03,1.027803,0.751251,0.700835,540.496092
31.04,1.027803,0.751251,0.700826,540.496061
31.05,1.027803,0.751251,0.700817,540.496031
31.06,1.027803,0.751251,0.700808,540.496
31.07,1.027803,0.751251,0.700798,540.495969
31.08,1.027803,0.751251,0.700789,540.495938
31.09,1.027803,0.751251,0.70078,540.495907
31.1,1.027803,0.751251,0.700771,540.495877
31.11,1.027803,0.751251,0.700762,540.495846
31.12,1.027803,0.751251,0.700753,540.495815
31.13,1.027803,0.751251,0.700744,540.495785
31.14,1.027803,0.751251,0.700735,540.495754
31.15,1.027803,0.751251,0.700726,540.495723
31.16,1.027803,0.751251,0.700717,540.495693
31.17,1.027803,0.751251,0.700708,540.495662
31.18,1.027803,0.751251,0.7007,540.495631
31.19,1.027803,0.75125,0.700691,540.495601
31.2,1.027803,0.75125,0.700682,540.49557
31.21,1.027803,0.75125,0.700673,540.49554
31.22,1.027803,0.75125,0.700665,540.495509
31.23,1.027803,0.75125,0.700656,540.495479
31.24,1.027803,0.75125,0.700647,540.495448
31.25,1.027803,0.75125,0.700639,540.495418
31.26,1.027803,0.75125,0.70063,540.495387
31.27,1.027803,0.75125,0.700622,540.495357
31.28,1.027803,0.75125,0.700613,540.495326
31.29,1.027803,0.75125,0.700605,540.495296
31.3,1.027803,0.75125,0.700596,540.495265
31.31,1.027803,0.75125,0.700588,540.495235
31.32,1.027803,0.75125,0.70058,540.495204
31.33,1.027803,0.75125,0.700571,540.495174
31.34,1.027803,0.75125,0.700563,540.495143
31.35,1.027803,0.75125,0.700555,540.495113
31.36,1.027803,0.75125,0.700546,540.495083
31.37,1.027803,0.75125,0.700538,540.495052
31.38,1.027803,0.75125,0.70053,540.495022
31.39,1.027803,0.75125,0.700522,540.494991
31.4,1.027803,0.75125,0.700514,540.494961
31.41,1.027803,0.75125,0.700506,540.494931
31.42,1.027803,0.75125,0.700498,540.4949
31.43,1.027803,0.75125,0.70049,540.49487
31.44,1.027803,0.751249,0.700482,540.49484
31.45,1.027803,0.751249,0.700474,540.494809
31.46,1.027803,0.751249,0.700466,540.494779
31.47,1.027803,0.751249,0.700458,540.494748
31.48,1.027803,0.751249,0.700451,540.494718
31.49,1.027803,0.751249,0.700443,540.494688
31.5,1.027803,0.751249,0.700435,540.494657
31.51,1.027803,0.751249,0.700427,540.494627
31.52,1.027803,0.751249,0.70042,540.494597
31.53,1.027803,0.751249,0.700412,540.494566
31.54,1.027803,0.751249,0.700405,540.494536
31.55,1.027803,0.751249,0.700397,540.494505
31.56,1.027803,0.751249,0.700389,540.494475
31.57,1.027803,0.751249,0.700382,540.494444
31.58,1.027803,0.751249,0.700375,540.494414
31.59,1.027803,0.751249,0.700367,540.494384
31.6,1.027803,0.751249,0.70036,540.494353
31.61,1.027803,0.751249,0.700352,540.494323
31.62,1.027803,0.751249,0.700345,540.494292
31.63,1.027803,0.751249,0.700338,540.494262
31.64,1.027803,0.751249,0.700331,540.494231
31.65,1.027803,0.751249,0.700323,540.494201
31.66,1.027803,0.751249,0.700316,540.49417
31.67,1.027803,0.751249,0.700309,540.49414
31.68,1.027803,0.751248,0.700302,540.49411
31.69,1.027803,0.751248,0.700295,540.494079
31.7,1.027803,0.751248,0.700288,540.494049
31.71,1.027803,0.751248,0.700281,540.494018
31.72,1.027803,0.751248,0.700274,540.493988
31.73,1.027803,0.751248,0.700267,540.493957
31.74,1.027803,0.751248,0.70026,540.493927
31.75,1.027803,0.751248,0.700254,540.493896
31.76,1.027803,0.751248,0.700247,540.493866
31.77,1.027803,0.751248,0.70024,540.493835
31.78,1.027803,0.751248,0.700233,540.493805
31.79,1.027803,0.751248,0.700227,540.493774
31.8,1.027803,0.751248,0.70022,540.493744
31.81,1.027803,0.751248,0.700213,540.493713
31.82,1.027803,0.751248,0.700207,540.493683
31.83,1.027803,0.751248,0.7002,540.493652
31.84,1.027803,0.751248,0.700194,540.493622
31.85,1.027803,0.751248,0.700187,540.493591
31.86,1.027803,0.751248,0.700181,540.493561
31.87,1.027803,0.751248,0.700174,540.49353
31.88,1.027803,0.751248,0.700168,540.4935
31.89,1.027803,0.751248,0.700162,540.49347
31.9,1.027803,0.751248,0.700155,540.493439
31.91,1.027803,0.751248,0.700149,540.493409
31.92,1.027803,0.751247,0.700143,540.493379
31.93,1.027803,0.751247,0.700137,540.493348
31.94,1.027803,0.751247,0.70013,540.493318
31.95,1.027803,0.751247,0.700124,540.493287
31.96,1.027803,0.751247,0.700118,540.493257
31.97,1.027803,0.751247,0.700112,540.493227
31.98,1.027803,0.751247,0.700106,540.493197
31.99,1.027803,0.751247,0.7001,540.493166
32,1.027803,0.751247,0.700094,540.493136
32.01,1.027803,0.751247,0.700088,540.493106
32.02,1.027803,0.751247,0.700082,540.493076
32.03,1.027803,0.751247,0.700076,540.493045
32.04,1.027803,0.751247,0.700071,540.493015
32.05,1.027803,0.751247,0.700065,540.492985
32.06,1.027803,0.751247,0.700059,540.492955
32.07,1.027803,0.751247,0.700053,540.492925
32.08,1.027803,0.751247,0.700048,540.492895
32.09,1.027803,0.751247,0.700042,540.492865
32.1,1.027803,0.751247,0.700036,540.492835
32.11,1.027803,0.751247,0.700031,540.492805
32.12,1.027803,0.751247,0.700025,540.492775
32.13,1.027803,0.751247,0.70002,540.492745
32.14,1.027803,0.751247,0.700014,540.492715
32.15,1.027803,0.751247,0.700009,540.492685
32.16,1.027803,0.751246,0.700004,540.492655
32.17,1.027803,0.751246,0.699998,540.492625
32.18,1.027803,0.751246,0.699993,540.492595
32.19,1.027803,0.751246,0.699987,540.492565
32.2,1.027803,0.751246,0.699982,540.492535
32.21,1.027803,0.751246,0.699977,540.492505
32.22,1.027803,0.751246,0.699972,540.492476
32.23,1.027803,0.751246,0.699967,540.492446
32.24,1.027803,0.751246,0.699961,540.492416
32.25,1.027803,0.751246,0.699956,540.492386
32.26,1.027803,0.751246,0.699951,540.492356
32.27,1.027803,0.751246,0.699946,540.492327
32.28,1.027803,0.751246,0.699941,540.492297
32.29,1.027803,0.751246,0.699936,540.492267
32.3,1.027803,0.751246,0.699931,540.492237
32.31,1.027803,0.751246,0.699927,540.492208
32.32,1.027803,0.751246,0.699922,540.492178
32.33,1.027803,0.751246,0.699917,540.492148
32.34,1.027803,0.751246,0.699912,540.492118
32.35,1.027803,0.751246,0.699907,540.492089
32.36,1.027803,0.751246,0.699903,540.492059
32.37,1.027803,0.751246,0.699898,540.492029
32.38,1.027803,0.751246,0.699893,540.492
32.39,1.027803,0.751246,0.699889,540.49197
32.4,1.027803,0.751245,0.699884,540.49194
32.41,1.027803,0.751245,0.699879,540.49191
32.42,1.027803,0.751245,0.699875,540.491881
32.43,1.027803,0.751245,0.69987,540.491851
32.44,1.027803,0.751245,0.699866,540.491821
32.45,1.027803,0.751245,0.699861,540.491792
32.46,1.027803,0.751245,0.699857,540.491762
32.47,1.027803,0.751245,0.699853,540.491732
32.48,1.027803,0.751245,0.699848,540.491703
32.49,1.027803,0.751245,0.699844,540.491673
32.5,1.027803,0.751245,0.69984,540.491643
32.51,1.027803,0.751245,0.699835,540.491613
32.52,1.027803,0.751245,0.699831,540.491584
32.53,1.027803,0.751245,0.699827,540.491554
32.54,1.027803,0.751245,0.699823,540.491524
32.55,1.027803,0.751245,0.699819,540.491495
32.56,1.027803,0.751245,0.699815,540.491465
32.57,1.027803,0.751245,0.699811,540.491435
32.58,1.027803,0.751245,0.699807,540.491405
32.59,1.027803,0.751245,0.699803,540.491376
32.6,1.027803,0.751245,0.699799,540.491346
32.61,1.027803,0.751245,0.699795,540.491316
32.62,1.027803,0.751245,0.699791,540.491286
32.63,1.027803,0.751245,0.699787,540.491257
32.64,1.027803,0.751244,0.699783,540.491227
32.65,1.027803,0.751244,0.699779,540.491197
32.66,1.027803,0.751244,0.699775,540.491167
32.67,1.027803,0.751244,0.699771,540.491138
32.68,1.027803,0.751244,0.699768,540.491108
32.69,1.027803,0.751244,0.699764,540.491078
32.7,1.027803,0.751244,0.69976,540.491049
32.71,1.027803,0.751244,0.699757,540.491019
32.72,1.027803,0.751244,0.699753,540.490989
32.73,1.027803,0.751244,0.699749,540.490959
32.74,1.027803,0.751244,0.699746,540.49093
32.75,1.027803,0.751244,0.699742,540.4909
32.76,1.027803,0.751244,0.699739,540.49087
32.77,1.027803,0.751244,0.699735,540.49084
32.78,1.027803,0.751244,0.699732,540.490811
32.79,1.027803,0.751244,0.699728,540.490781
32.8,1.027803,0.751244,0.699725,540.490751
32.81,1.027803,0.751244,0.699721,540.490722
32.82,1.027803,0.751244,0.699718,540.490692
32.83,1.027803,0.751244,0.699714,540.490662
32.84,1.027803,0.751244,0.699711,540.490632
32.85,1.027803,0.751244,0.699708,540.490603
32.86,1.027803,0.751244,0.699705,540.490573
32.87,1.027803,0.751244,0.699701,540.490543
32.88,1.027803,0.751244,0.699698,540.490514
32.89,1.027803,0.751243,0.699695,540.490484
32.9,1.027803,0.751243,0.699692,540.490454
32.91,1.027803,0.751243,0.699688,540.490425
32.92,1.027803,0.751243,0.699685,540.490395
32.93,1.027803,0.751243,0.699682,540.490366
32.94,1.027803,0.751243,0.699679,540.490336
32.95,1.027803,0.751243,0.699676,540.490306
32.96,1.027803,0.751243,0.699673,540.490277
32.97,1.027803,0.751243,0.69967,540.490247
32.98,1.027803,0.751243,0.699667,540.490218
32.99,1.027803,0.751243,0.699664,540.490188
33,1.027803,0.751243,0.699661,540.490159
33.01,1.027803,0.751243,0.699658,540.490129
33.02,1.027803,0.751243,0.699655,540.4901
33.03,1.027803,0.751243,0.699652,540.49007
33.04,1.027803,0.751243,0.69965,540.490041
33.05,1.027803,0.751243,0.699647,540.490011
33.06,1.027803,0.751243,0.699644,540.489982
33.07,1.027803,0.751243,0.699641,540.489952
33.08,1.027803,0.751243,0.699638,540.489923
33.09,1.027803,0.751243,0.699636,540.489894
33.1,1.027803,0.751243,0.699633,540.489864
33.11,1.027803,0.751243,0.69963,540.489835
33.12,1.027803,0.751243,0.699628,540.489805
33.13,1.027803,0.751242,0.699625,540.489776
33.14,1.027803,0.751242,0.699622,540.489747
33.15,1.027803,0.751242,0.69962,540.489717
33.16,1.027803,0.751242,0.699617,540.489688
33.17,1.027803,0.751242,0.699615,540.489659
33.18,1.027803,0.751242,0.699612,540.489629
33.19,1.027803,0.751242,0.69961,540.4896
33.2,1.027803,0.751242,0.699607,540.489571
33.21,1.027803,0.751242,0.699605,540.489541
33.22,1.027803,0.751242,0.699602,540.489512
33.23,1.027803,0.751242,0.6996,540.489483
33.24,1.027803,0.751242,0.699598,540.489453
33.25,1.027803,0.751242,0.699595,540.489424
33.26,1.027803,0.751242,0.699593,540.489395
33.27,1.027803,0.751242,0.699591,540.489365
33.28,1.027803,0.751242,0.699589,540.489336
33.29,1.027803,0.751242,0.699586,540.489307
33.3,1.027803,0.751242,0.699584,540.489278
33.31,1.027803,0.751242,0.699582,540.489248
33.32,1.027803,0.751242,0.69958,540.489219
33.33,1.027803,0.751242,0.699578,540.48919
33.34,1.027803,0.751242,0.699576,540.489161
33.35,1.027803,0.751242,0.699573,540.489131
33.36,1.027803,0.751242,0.699571,540.489102
33.37,1.027803,0.751241,0.699569,540.489073
33.38,1.027803,0.751241,0.699567,540.489043
33.39,1.027803,0.751241,0.699565,540.489014
33.4,1.027803,0.751241,0.699563,540.488985
33.41,1.027803,0.751241,0.699561,540.488956
33.42,1.027803,0.751241,0.699559,540.488926
33.43,1.027803,0.751241,0.699558,540.488897
33.44,1.027803,0.751241,0.699556,540.488868
33.45,1.027803,0.751241,0.699554,540.488839
33.46,1.027803,0.751241,0.699552,540.48881
33.47,1.027803,0.751241,0.69955,540.48878
33.48,1.027803,0.751241,0.699548,540.488751
33.49,1.027803,0.751241,0.699547,540.488722
33.5,1.027803,0.751241,0.699545,540.488693
33.51,1.027803,0.751241,0.699543,540.488663
33.52,1.027803,0.751241,0.699542,540.488634
33.53,1.027803,0.751241,0.69954,540.488605
33.54,1.027803,0.751241,0.699538,540.488576
33.55,1.027803,0.751241,0.699537,540.488546
33.56,1.027803,0.751241,0.699535,540.488517
33.57,1.027803,0.751241,0.699533,540.488488
33.58,1.027803,0.751241,0.699532,540.488459
33.59,1.027803,0.751241,0.69953,540.48843
33.6,1.027803,0.751241,0.699529,540.4884
33.61,1.027803,0.751241,0.699527,540.488371
33.62,1.027803,0.75124,0.699526,540.488342
33.63,1.027803,0.75124,0.699524,540.488313
33.64,1.027803,0.75124,0.699523,540.488284
33.65,1.027803,0.75124,0.699522,540.488255
33.66,1.027803,0.75124,0.69952,540.488225
33.67,1.027803,0.75124,0.699519,540.488196
33.68,1.027803,0.75124,0.699517,540.488167
33.69,1.027803,0.75124,0.699516,540.488138
33.7,1.027803,0.75124,0.699515,540.488109
33.71,1.027803,0.75124,0.699514,540.48808
33.72,1.027803,0.75124,0.699512,540.488051
33.73,1.027803,0.75124,0.699511,540.488022
33.74,1.027803,0.75124,0.69951,540.487993
33.75,1.027803,0.75124,0.699509,540.487964
33.76,1.027803,0.75124,0.699507,540.487935
33.77,1.027803,0.75124,0.699506,540.487906
33.78,1.027803,0.75124,0.699505,540.487876
33.79,1.027803,0.75124,0.699504,540.487847
33.8,1.027803,0.75124,0.699503,540.487818
33.81,1.027803,0.75124,0.699502,540.487789
33.82,1.027803,0.75124,0.699501,540.487761
33.83,1.027803,0.75124,0.6995,540.487732
33.84,1.027803,0.75124,0.699498,540.487703
33.85,1.027803,0.75124,0.699497,540.487674
33.86,1.027803,0.751239,0.699496,540.487645
33.87,1.027803,0.751239,0.699495,540.487616
33.88,1.027803,0.751239,0.699494,540.487587
33.89,1.027803,0.751239,0.699494,540.487558
33.9,1.027803,0.751239,0.699493,540.487529
33.91,1.027803,0.751239,0.699492,540.4875
33.92,1.027803,0.751239,0.699491,540.487472
33.93,1.027803,0.751239,0.69949,540.487443
33.94,1.027803,0.751239,0.699489,540.487414
33.95,1.027803,0.751239,0.699488,540.487385
33.96,1.027803,0.751239,0.699487,540.487356
33.97,1.027803,0.751239,0.699486,540.487327
33.98,1.027803,0.751239,0.699486,540.487299
33.99,1.027803,0.751239,0.699485,540.48727
34,1.027803,0.751239,0.699484,540.487241
34.01,1.027803,0.751239,0.699483,540.487212
34.02,1.027803,0.751239,0.699483,540.487184
34.03,1.027803,0.751239,0.699482,540.487155
34.04,1.027803,0.751239,0.699481,540.487126
34.05,1.027803,0.751239,0.699481,540.487098
34.06,1.027803,0.751239,0.69948,540.487069
34.07,1.027803,0.751239,0.699479,540.48704
34.08,1.027803,0.751239,0.699479,540.487011
34.09,1.027803,0.751239,0.699478,540.486983
34.1,1.027803,0.751239,0.699477,540.486954
34.11,1.027803,0.751238,0.699477,540.486925
34.12,1.027803,0.751238,0.699476,540.486897
34.13,1.027803,0.751238,0.699476,540.486868
34.14,1.027803,0.751238,0.699475,540.486839
34.15,1.027803,0.751238,0.699474,540.486811
34.16,1.027803,0.751238,0.699474,540.486782
34.17,1.027803,0.751238,0.699473,540.486754
34.18,1.027803,0.751238,0.699473,540.486725
34.19,1.027803,0.751238,0.699472,540.486696
34.2,1.027803,0.751238,0.699472,540.486668
34.21,1.027803,0.751238,0.699472,540.486639
34.22,1.027803,0.751238,0.699471,540.48661
34.23,1.027803,0.751238,0.699471,540.486582
34.24,1.027803,0.751238,0.69947,540.486553
34.25,1.027803,0.751238,0.69947,540.486525
34.26,1.027803,0.751238,0.69947,540.486496
34.27,1.027803,0.751238,0.699469,540.486467
34.28,1.027803,0.751238,0.699469,540.486439
34.29,1.027803,0.751238,0.699468,540.48641
34.3,1.027803,0.751238,0.699468,540.486382
34.31,1.027803,0.751238,0.699468,540.486353
34.32,1.027803,0.751238,0.699468,540.486324
34.33,1.027803,0.751238,0.699467,540.486296
34.34,1.027803,0.751238,0.699467,540.486267
34.35,1.027803,0.751238,0.699467,540.486239
34.36,1.027803,0.751237,0.699466,540.48621
34.37,1.027803,0.751237,0.699466,540.486181
34.38,1.027803,0.751237,0.699466,540.486153
34.39,1.027803,0.751237,0.699466,540.486124
34.4,1.027803,0.751237,0.699466,540.486095
34.41,1.027803,0.751237,0.699465,540.486067
34.42,1.027803,0.751237,0.699465,540.486038
34.43,1.027803,0.751237,0.699465,540.48601
34.44,1.027803,0.751237,0.699465,540.485981
34.45,1.027803,0.751237,0.699465,540.485952
34.46,1.027803,0.751237,0.699465,540.485924
34.47,1.027803,0.751237,0.699464,540.485895
34.48,1.027803,0.751237,0.699464,540.485867
34.49,1.027803,0.751237,0.699464,540.485838
34.5,1.027803,0.751237,0.699464,540.48581
34.51,1.027803,0.751237,0.699464,540.485781
34.52,1.027803,0.751237,0.699464,540.485752
34.53,1.027803,0.751237,0.699464,540.485724
34.54,1.027803,0.751237,0.699464,540.485695
34.55,1.027803,0.751237,0.699464,540.485667
34.56,1.027803,0.751237,0.699464,540.485638
34.57,1.027803,0.751237,0.699464,540.48561
34.58,1.027803,0.751237,0.699464,540.485581
34.59,1.027803,0.751237,0.699464,540.485552
34.6,1.027803,0.751236,0.699464,540.485524
34.61,1.027803,0.751236,0.699464,540.485495
34.62,1.027803,0.751236,0.699464,540.485467
34.63,1.027803,0.751236,0.699464,540.485438
34.64,1.027803,0.751236,0.699464,540.48541
34.65,1.027803,0.751236,0.699464,540.485381
34.66,1.027803,0.751236,0.699464,540.485353
34.67,1.027803,0.751236,0.699464,540.485324
34.68,1.027803,0.751236,0.699464,540.485296
34.69,1.027803,0.751236,0.699464,540.485267
34.7,1.027803,0.751236,0.699464,540.485239
34.71,1.027803,0.751236,0.699464,540.48521
34.72,1.027803,0.751236,0.699464,540.485182
34.73,1.027803,0.751236,0.699464,540.485154
34.74,1.027803,0.751236,0.699465,540.485125
34.75,1.027803,0.751236,0.699465,540.485097
34.76,1.027803,0.751236,0.699465,540.485068
34.77,1.027803,0.751236,0.699465,540.48504
34.78,1.027803,0.751236,0.699465,540.485012
34.79,1.027803,0.751236,0.699465,540.484983
34.8,1.027803,0.751236,0.699465,540.484955
34.81,1.027803,0.751236,0.699466,540.484927
34.82,1.027803,0.751236,0.699466,540.484898
34.83,1.027803,0.751236,0.699466,540.48487
34.84,1.027803,0.751236,0.699466,540.484842
34.85,1.027803,0.751235,0.699466,540.484813
34.86,1.027803,0.751235,0.699467,540.484785
34.87,1.027803,0.751235,0.699467,540.484757
34.88,1.027803,0.751235,0.699467,540.484728
34.89,1.027803,0.751235,0.699467,540.4847
34.9,1.027803,0.751235,0.699468,540.484672
34.91,1.027803,0.751235,0.699468,540.484644
34.92,1.027803,0.751235,0.699468,540.484615
34.93,1.027803,0.751235,0.699468,540.484587
34.94,1.027803,0.751235,0.699469,540.484559
34.95,1.027803,0.751235,0.699469,540.484531
34.96,1.027803,0.751235,0.699469,540.484503
34.97,1.027803,0.751235,0.69947,540.484474
34.98,1.027803,0.751235,0.69947,540.484446
34.99,1.027803,0.751235,0.69947,540.484418
35,1.027803,0.751235,0.699471,540.48439
35.01,1.027803,0.751235,0.699471,540.484362
35.02,1.027803,0.751235,0.699471,540.484334
35.03,1.027803,0.751235,0.699472,540.484305
35.04,1.027803,0.751235,0.699472,540.484277
35.05,1.027803,0.751235,0.699472,540.484249
35.06,1.027803,0.751235,0.699473,540.484221
35.07,1.027803,0.751235,0.699473,540.484193
35.08,1.027803,0.751235,0.699473,540.484165
35.09,1.027803,0.751235,0.699474,540.484137
35.1,1.027803,0.751234,0.699474,540.484109
35.11,1.027803,0.751234,0.699475,540.48408
35.12,1.027803,0.751234,0.699475,540.484052
35.13,1.027803,0.751234,0.699475,540.484024
35.14,1.027803,0.751234,0.699476,540.483996
35.15,1.027803,0.751234,0.699476,540.483968
35.16,1.027803,0.751234,0.699477,540.48394
35.17,1.027803,0.751234,0.699477,540.483912
35.18,1.027803,0.751234,0.699478,540.483884
35.19,1.027803,0.751234,0.699478,540.483856
35.2,1.027803,0.751234,0.699478,540.483828
35.21,1.027803,0.751234,0.699479,540.4838
35.22,1.027803,0.751234,0.699479,540.483772
35.23,1.027803,0.751234,0.69948,540.483744
35.24,1.027803,0.751234,0.69948,540.483716
35.25,1.027803,0.751234,0.699481,540.483688
35.26,1.027803,0.751234,0.699481,540.48366
35.27,1.027803,0.751234,0.699482,540.483632
35.28,1.027803,0.751234,0.699482,540.483604
35.29,1.027803,0.751234,0.699483,540.483576
35.3,1.027803,0.751234,0.699483,540.483548
35.31,1.027803,0.751234,0.699484,540.48352
35.32,1.027803,0.751234,0.699484,540.483492
35.33,1.027803,0.751234,0.699485,540.483464
35.34,1.027803,0.751234,0.699485,540.483436
35.35,1.027803,0.751234,0.699486,540.483408
35.36,1.027803,0.751233,0.699486,540.48338
35.37,1.027803,0.751233,0.699487,540.483352
35.38,1.027803,0.751233,0.699488,540.483324
35.39,1.027803,0.751233,0.699488,540.483296
35.4,1.027803,0.751233,0.699489,540.483268
35.41,1.027803,0.751233,0.699489,540.48324
35.42,1.027803,0.751233,0.69949,540.483212
35.43,1.027803,0.751233,0.69949,540.483184
35.44,1.027803,0.751233,0.699491,540.483156
35.45,1.027803,0.751233,0.699491,540.483128
35.46,1.027803,0.751233,0.699492,540.4831
35.47,1.027803,0.751233,0.699493,540.483072
35.48,1.027803,0.751233,0.699493,540.483045
35.49,1.027803,0.751233,0.699494,540.483017
35.5,1.027803,0.751233,0.699494,540.482989
35.51,1.027803,0.751233,0.699495,540.482961
35.52,1.027803,0.751233,0.699495,540.482933
35.53,1.027803,0.751233,0.699496,540.482905
35.54,1.027803,0.751233,0.699497,540.482877
35.55,1.027803,0.751233,0.699497,540.482849
35.56,1.027803,0.751233,0.699498,540.482822
35.57,1.027803,0.751233,0.699498,540.482794
35.58,1.027803,0.751233,0.699499,540.482766
35.59,1.027803,0.751233,0.6995,540.482738
35.6,1.027803,0.751233,0.6995,540.48271
35.61,1.027803,0.751232,0.699501,540.482683
35.62,1.027803,0.751232,0.699501,540.482655
35.63,1.027803,0.751232,0.699502,540.482627
35.64,1.027803,0.751232,0.699502,540.482599
35.65,1.027803,0.751232,0.699503,540.482571
35.66,1.027803,0.751232,0.699504,540.482544
35.67,1.027803,0.751232,0.699504,540.482516
35.68,1.027803,0.751232,0.699505,540.482488
35.69,1.027803,0.751232,0.699505,540.482461
35.7,1.027803,0.751232,0.699506,540.482433
35.71,1.027803,0.751232,0.699507,540.482405
35.72,1.027803,0.751232,0.699507,540.482377
35.73,1.027803,0.751232,0.699508,540.48235
35.74,1.027803,0.751232,0.699508,540.482322
35.75,1.027803,0.751232,0.699509,540.482294
35.76,1.027803,0.751232,0.69951,540.482267
35.77,1.027803,0.751232,0.69951,540.482239
35.78,1.027803,0.751232,0.699511,540.482211
35.79,1.027803,0.751232,0.699511,540.482184
35.8,1.027803,0.751232,0.699512,540.482156
35.81,1.027803,0.751232,0.699512,540.482129
35.82,1.027803,0.751232,0.699513,540.482101
35.83,1.027803,0.751232,0.699514,540.482073
35.84,1.027803,0.751232,0.699514,540.482046
35.85,1.027803,0.751232,0.699515,540.482018
35.86,1.027803,0.751232,0.699515,540.481991
35.87,1.027803,0.751231,0.699516,540.481963
35.88,1.027803,0.751231,0.699517,540.481936
35.89,1.027803,0.751231,0.699517,540.481908
35.9,1.027803,0.751231,0.699518,540.48188
35.91,1.027803,0.751231,0.699518,540.481853
35.92,1.027803,0.751231,0.699519,540.481825
35.93,1.027803,0.751231,0.699519,540.481798
35.94,1.027803,0.751231,0.69952,540.48177
35.95,1.027803,0.751231,0.699521,540.481743
35.96,1.027803,0.751231,0.699521,540.481715
35.97,1.027803,0.751231,0.699522,540.481688
35.98,1.027803,0.751231,0.699522,540.48166
35.99,1.027803,0.751231,0.699523,540.481633
36,1.027803,0.751231,0.699523,540.481605
36.01,1.027803,0.751231,0.699524,540.481578
36.02,1.027803,0.751231,0.699524,540.48155
36.03,1.027803,0.751231,0.699525,540.481523
36.04,1.027803,0.751231,0.699526,540.481495
36.05,1.027803,0.751231,0.699526,540.481468
36.06,1.027803,0.751231,0.699527,540.48144
36.07,1.027803,0.751231,0.699527,540.481413
36.08,1.027803,0.751231,0.699528,540.481385
36.09,1.027803,0.751231,0.699528,540.481358
36.1,1.027803,0.751231,0.699529,540.48133
36.11,1.027803,0.751231,0.699529,540.481303
36.12,1.027803,0.75123,0.69953,540.481275
36.13,1.027803,0.75123,0.69953,540.481248
36.14,1.027803,0.75123,0.699531,540.481221
36.15,1.027803,0.75123,0.699531,540.481193
36.16,1.027803,0.75123,0.699532,540.481166
36.17,1.027803,0.75123,0.699532,540.481138
36.18,1.027803,0.75123,0.699533,540.481111
36.19,1.027803,0.75123,0.699533,540.481083
36.2,1.027803,0.75123,0.699534,540.481056
36.21,1.027803,0.75123,0.699534,540.481028
36.22,1.027803,0.75123,0.699535,540.481001
36.23,1.027803,0.75123,0.699535,540.480974
36.24,1.027803,0.75123,0.699536,540.480946
36.25,1.027803,0.75123,0.699536,540.480919
36.26,1.027803,0.75123,0.699537,540.480891
36.27,1.027803,0.75123,0.699537,540.480864
36.28,1.027803,0.75123,0.699538,540.480837
36.29,1.027803,0.75123,0.699538,540.480809
36.3,1.027803,0.75123,0.699539,540.480782
36.31,1.027803,0.75123,0.699539,540.480754
36.32,1.027803,0.75123,0.69954,540.480727
36.33,1.027803,0.75123,0.69954,540.4807
36.34,1.027803,0.75123,0.699541,540.480672
36.35,1.027803,0.75123,0.699541,540.480645
36.36,1.027803,0.75123,0.699541,540.480618
36.37,1.027803,0.75123,0.699542,540.48059
36.38,1.027803,0.751229,0.699542,540.480563
36.39,1.027803,0.751229,0.699543,540.480536
36.4,1.027803,0.751229,0.699543,540.480508
36.41,1.027803,0.751229,0.699544,540.480481
36.42,1.027803,0.751229,0.699544,540.480454
36.43,1.027803,0.751229,0.699544,540.480426
36.44,1.027803,0.751229,0.699545,540.480399
36.45,1.027803,0.751229,0.699545,540.480372
36.46,1.027803,0.751229,0.699546,540.480345
36.47,1.027803,0.751229,0.699546,540.480317
36.48,1.027803,0.751229,0.699546,540.48029
36.49,1.027803,0.751229,0.699547,540.480263
36.5,1.027803,0.751229,0.699547,540.480235
36.51,1.027803,0.751229,0.699548,540.480208
36.52,1.027803,0.751229,0.699548,540.480181
36.53,1.027803,0.751229,0.699548,540.480154
36.54,1.027803,0.751229,0.699549,540.480127
36.55,1.027803,0.751229,0.699549,540.480099
36.56,1.027803,0.751229,0.699549,540.480072
36.57,1.027803,0.751229,0.69955,540.480045
36.58,1.027803,0.751229,0.69955,540.480018
36.59,1.027803,0.751229,0.69955,540.479991
36.6,1.027803,0.751229,0.699551,540.479964
36.61,1.027803,0.751229,0.699551,540.479936
36.62,1.027803,0.751229,0.699551,540.479909
36.63,1.027803,0.751229,0.699551,540.479882
36.64,1.027803,0.751228,0.699552,540.479855
36.65,1.027803,0.751228,0.699552,540.479828
36.66,1.027803,0.751228,0.699552,540.479801
36.67,1.027803,0.751228,0.699553,540.479774
36.68,1.027803,0.751228,0.699553,540.479747
36.69,1.027803,0.751228,0.699553,540.47972
36.7,1.027803,0.751228,0.699553,540.479693
36.71,1.027803,0.751228,0.699554,540.479665
36.72,1.027803,0.751228,0.699554,540.479638
36.73,1.027803,0.751228,0.699554,540.479611
36.74,1.027803,0.751228,0.699554,540.479584
36.75,1.027803,0.751228,0.699555,540.479557
36.76,1.027803,0.751228,0.699555,540.47953
36.77,1.027803,0.751228,0.699555,540.479503
36.78,1.027803,0.751228,0.699555,540.479476
36.79,1.027803,0.751228,0.699556,540.479449
36.8,1.027803,0.751228,0.699556,540.479422
36.81,1.027803,0.751228,0.699556,540.479395
36.82,1.027803,0.751228,0.699556,540.479368
36.83,1.027803,0.751228,0.699556,540.479342
36.84,1.027803,0.751228,0.699556,540.479315
36.85,1.027803,0.751228,0.699557,540.479288
36.86,1.027803,0.751228,0.699557,540.479261
36.87,1.027803,0.751228,0.699557,540.479234
36.88,1.027803,0.751228,0.699557,540.479207
36.89,1.027803,0.751228,0.699557,540.47918
36.9,1.027803,0.751227,0.699557,540.479153
36.91,1.027803,0.751227,0.699557,540.479126
36.92,1.027803,0.751227,0.699558,540.479099
36.93,1.027803,0.751227,0.699558,540.479072
36.94,1.027803,0.751227,0.699558,540.479045
36.95,1.027803,0.751227,0.699558,540.479019
36.96,1.027803,0.751227,0.699558,540.478992
36.97,1.027803,0.751227,0.699558,540.478965
36.98,1.027803,0.751227,0.699558,540.478938
36.99,1.027803,0.751227,0.699558,540.478911
37,1.027803,0.751227,0.699558,540.478884
37.01,1.027803,0.751227,0.699558,540.478857
37.02,1.027803,0.751227,0.699558,540.478831
37.03,1.027803,0.751227,0.699558,540.478804
37.04,1.027803,0.751227,0.699559,540.478777
37.05,1.027803,0.751227,0.699559,540.47875
37.06,1.027803,0.751227,0.699559,540.478723
37.07,1.027803,0.751227,0.699559,540.478696
37.08,1.027803,0.751227,0.699559,540.47867
37.09,1.027803,0.751227,0.699559,540.478643
37.1,1.027803,0.751227,0.699559,540.478616
37.11,1.027803,0.751227,0.699559,540.478589
37.12,1.027803,0.751227,0.699558,540.478562
37.13,1.027803,0.751227,0.699558,540.478536
37.14,1.027803,0.751227,0.699558,540.478509
37.15,1.027803,0.751227,0.699558,540.478482
37.16,1.027803,0.751227,0.699558,540.478455
37.17,1.027803,0.751226,0.699558,540.478429
37.18,1.027803,0.751226,0.699558,540.478402
37.19,1.027803,0.751226,0.699558,540.478375
37.2,1.027803,0.751226,0.699558,540.478348
37.21,1.027803,0.751226,0.699558,540.478322
37.22,1.027803,0.751226,0.699558,540.478295
37.23,1.027803,0.751226,0.699558,540.478268
37.24,1.027803,0.751226,0.699557,540.478241
37.25,1.027803,0.751226,0.699557,540.478215
37.26,1.027803,0.751226,0.699557,540.478188
37.27,1.027803,0.751226,0.699557,540.478161
37.28,1.027803,0.751226,0.699557,540.478134
37.29,1.027803,0.751226,0.699557,540.478108
37.3,1.027803,0.751226,0.699556,540.478081
37.31,1.027803,0.751226,0.699556,540.478054
37.32,1.027803,0.751226,0.699556,540.478028
37.33,1.027803,0.751226,0.699556,540.478001
37.34,1.027803,0.751226,0.699556,540.477974
37.35,1.027803,0.751226,0.699555,540.477948
37.36,1.027803,0.751226,0.699555,540.477921
37.37,1.027803,0.751226,0.699555,540.477894
37.38,1.027803,0.751226,0.699555,540.477868
37.39,1.027803,0.751226,0.699554,540.477841
37.4,1.027803,0.751226,0.699554,540.477815
37.41,1.027803,0.751226,0.699554,540.477788
37.42,1.027803,0.751226,0.699553,540.477761
37.43,1.027803,0.751225,0.699553,540.477735
37.44,1.027803,0.751225,0.699553,540.477708
37.45,1.027803,0.751225,0.699552,540.477682
37.46,1.027803,0.751225,0.699552,540.477655
37.47,1.027803,0.751225,0.699552,540.477628
37.48,1.027803,0.751225,0.699551,540.477602
37.49,1.027803,0.751225,0.699551,540.477575
37.5,1.027803,0.751225,0.699551,540.477549
37.51,1.027803,0.751225,0.69955,540.477522
37.52,1.027803,0.751225,0.69955,540.477496
37.53,1.027803,0.751225,0.699549,540.477469
37.54,1.027803,0.751225,0.699549,540.477443
37.55,1.027803,0.751225,0.699549,540.477416
37.56,1.027803,0.751225,0.699548,540.47739
37.57,1.027803,0.751225,0.699548,540.477363
37.58,1.027803,0.751225,0.699547,540.477337
37.59,1.027803,0.751225,0.699547,540.47731
37.6,1.027803,0.751225,0.699546,540.477284
37.61,1.027803,0.751225,0.699546,540.477257
37.62,1.027803,0.751225,0.699545,540.477231
37.63,1.027803,0.751225,0.699545,540.477204
37.64,1.027803,0.751225,0.699544,540.477178
37.65,1.027803,0.751225,0.699544,540.477151
37.66,1.027803,0.751225,0.699543,540.477125
37.67,1.027803,0.751225,0.699542,540.477099
37.68,1.027803,0.751225,0.699542,540.477072
37.69,1.027803,0.751225,0.699541,540.477046
37.7,1.027803,0.751224,0.699541,540.477019
37.71,1.027803,0.751224,0.69954,540.476993
37.72,1.027803,0.751224,0.69954,540.476967
37.73,1.027803,0.751224,0.699539,540.47694
37.74,1.027803,0.751224,0.699538,540.476914
37.75,1.027803,0.751224,0.699538,540.476887
37.76,1.027803,0.751224,0.699537,540.476861
37.77,1.027803,0.751224,0.699536,540.476835
37.78,1.027803,0.751224,0.699536,540.476808
37.79,1.027803,0.751224,0.699535,540.476782
37.8,1.027803,0.751224,0.699534,540.476756
37.81,1.027803,0.751224,0.699533,540.476729
37.82,1.027803,0.751224,0.699533,540.476703
37.83,1.027803,0.751224,0.699532,540.476677
37.84,1.027803,0.751224,0.699531,540.47665
37.85,1.027803,0.751224,0.699531,540.476624
37.86,1.027803,0.751224,0.69953,540.476598
37.87,1.027803,0.751224,0.699529,540.476571
37.88,1.027803,0.751224,0.699528,540.476545
37.89,1.027803,0.751224,0.699527,540.476519
37.9,1.027803,0.751224,0.699527,540.476493
37.91,1.027803,0.751224,0.699526,540.476466
37.92,1.027803,0.751224,0.699525,540.47644
37.93,1.027803,0.751224,0.699524,540.476414
37.94,1.027803,0.751224,0.699523,540.476387
37.95,1.027803,0.751224,0.699522,540.476361
37.96,1.027803,0.751224,0.699522,540.476335
37.97,1.027803,0.751223,0.699521,540.476309
37.98,1.027803,0.751223,0.69952,540.476282
37.99,1.027803,0.751223,0.699519,540.476256
38,1.027803,0.751223,0.699518,540.47623
38.01,1.027803,0.751223,0.699517,540.476204
38.02,1.027803,0.751223,0.699516,540.476177
38.03,1.027803,0.751223,0.699515,540.476151
38.04,1.027803,0.751223,0.699514,540.476125
38.05,1.027803,0.751223,0.699513,540.476099
38.06,1.027803,0.751223,0.699512,540.476073
38.07,1.027803,0.751223,0.699511,540.476046
38.08,1.027803,0.751223,0.69951,540.47602
38.09,1.027803,0.751223,0.699509,540.475994
38.1,1.027803,0.751223,0.699508,540.475968
38.11,1.027803,0.751223,0.699507,540.475942
38.12,1.027803,0.751223,0.699506,540.475915
38.13,1.027803,0.751223,0.699505,540.475889
38.14,1.027803,0.751223,0.699504,540.475863
38.15,1.027803,0.751223,0.699503,540.475837
38.16,1.027803,0.751223,0.699502,540.475811
38.17,1.027803,0.751223,0.699501,540.475785
38.18,1.027803,0.751223,0.6995,540.475759
38.19,1.027803,0.751223,0.699498,540.475732
38.2,1.027803,0.751223,0.699497,540.475706
38.21,1.027803,0.751223,0.699496,540.47568
38.22,1.027803,0.751223,0.699495,540.475654
38.23,1.027803,0.751223,0.699494,540.475628
38.24,1.027803,0.751222,0.699493,540.475602
38.25,1.027803,0.751222,0.699491,540.475576
38.26,1.027803,0.751222,0.69949,540.47555
38.27,1.027803,0.751222,0.699489,540.475524
38.28,1.027803,0.751222,0.699488,540.475498
38.29,1.027803,0.751222,0.699487,540.475472
38.3,1.027803,0.751222,0.699485,540.475446
38.31,1.027803,0.751222,0.699484,540.47542
38.32,1.027803,0.751222,0.699483,540.475394
38.33,1.027803,0.751222,0.699481,540.475368
38.34,1.027803,0.751222,0.69948,540.475342
38.35,1.027803,0.751222,0.699479,540.475316
38.36,1.027803,0.751222,0.699478,540.47529
38.37,1.027803,0.751222,0.699476,540.475264
38.38,1.027803,0.751222,0.699475,540.475238
38.39,1.027803,0.751222,0.699474,540.475212
38.4,1.027803,0.751222,0.699472,540.475186
38.41,1.027803,0.751222,0.699471,540.47516
38.42,1.027803,0.751222,0.699469,540.475134
38.43,1.027803,0.751222,0.699468,540.475108
38.44,1.027803,0.751222,0.699467,540.475082
38.45,1.027803,0.751222,0.699465,540.475056
38.46,1.027803,0.751222,0.699464,540.47503
38.47,1.027803,0.751222,0.699462,540.475004
38.48,1.027803,0.751222,0.699461,540.474978
38.49,1.027803,0.751222,0.699459,540.474952
38.5,1.027803,0.751222,0.699458,540.474926
38.51,1.027803,0.751222,0.699456,540.474901
38.52,1.027803,0.751221,0.699455,540.474875
38.53,1.027803,0.751221,0.699453,540.474849
38.54,1.027803,0.751221,0.699452,540.474823
38.55,1.027803,0.751221,0.69945,540.474797
38.56,1.027803,0.751221,0.699449,540.474771
38.57,1.027803,0.751221,0.699447,540.474746
38.58,1.027803,0.751221,0.699446,540.47472
38.59,1.027803,0.751221,0.699444,540.474694
38.6,1.027803,0.751221,0.699442,540.474668
38.61,1.027803,0.751221,0.699441,540.474642
38.62,1.027803,0.751221,0.699439,540.474616
38.63,1.027803,0.751221,0.699438,540.474591
38.64,1.027803,0.751221,0.699436,540.474565
38.65,1.027803,0.751221,0.699434,540.474539
38.66,1.027803,0.751221,0.699433,540.474513
38.67,1.027803,0.751221,0.699431,540.474488
38.68,1.027803,0.751221,0.699429,540.474462
38.69,1.027803,0.751221,0.699428,540.474436
38.7,1.027803,0.751221,0.699426,540.47441
38.71,1.027803,0.751221,0.699424,540.474385
38.72,1.027803,0.751221,0.699422,540.474359
38.73,1.027803,0.751221,0.699421,540.474333
38.74,1.027803,0.751221,0.699419,540.474307
38.75,1.027803,0.751221,0.699417,540.474282
38.76,1.027803,0.751221,0.699415,540.474256
38.77,1.027803,0.751221,0.699414,540.47423
38.78,1.027803,0.751221,0.699412,540.474205
38.79,1.027803,0.751221,0.69941,540.474179
38.8,1.027803,0.75122,0.699408,540.474153
38.81,1.027803,0.75122,0.699406,540.474127
38.82,1.027803,0.75122,0.699404,540.474102
38.83,1.027803,0.75122,0.699403,540.474076
38.84,1.027803,0.75122,0.699401,540.47405
38.85,1.027803,0.75122,0.699399,540.474025
38.86,1.027803,0.75122,0.699397,540.473999
38.87,1.027803,0.75122,0.699395,540.473973
38.88,1.027803,0.75122,0.699393,540.473948
38.89,1.027803,0.75122,0.699391,540.473922
38.9,1.027803,0.75122,0.699389,540.473897
38.91,1.027803,0.75122,0.699387,540.473871
38.92,1.027803,0.75122,0.699385,540.473845
38.93,1.027803,0.75122,0.699383,540.47382
38.94,1.027803,0.75122,0.699381,540.473794
38.95,1.027803,0.75122,0.699379,540.473768
38.96,1.027803,0.75122,0.699377,540.473743
38.97,1.027803,0.75122,0.699375,540.473717
38.98,1.027803,0.75122,0.699373,540.473692
38.99,1.027803,0.75122,0.699371,540.473666
39,1.027803,0.75122,0.699369,540.47364
39.01,1.027803,0.75122,0.699367,540.473615
39.02,1.027803,0.75122,0.699365,540.473589
39.03,1.027803,0.75122,0.699363,540.473564
39.04,1.027803,0.75122,0.699361,540.473538
39.05,1.027803,0.75122,0.699359,540.473513
39.06,1.027803,0.75122,0.699356,540.473487
39.07,1.027803,0.75122,0.699354,540.473462
39.08,1.027803,0.751219,0.699352,540.473436
39.09,1.027803,0.751219,0.69935,540.47341
39.1,1.027803,0.751219,0.699348,540.473385
39.11,1.027803,0.751219,0.699346,540.473359
39.12,1.027803,0.751219,0.699343,540.473334
39.13,1.027803,0.751219,0.699341,540.473308
39.14,1.027803,0.751219,0.699339,540.473283
39.15,1.027803,0.751219,0.699337,540.473257
39.16,1.027803,0.751219,0.699334,540.473232
39.17,1.027803,0.751219,0.699332,540.473206
39.18,1.027803,0.751219,0.69933,540.473181
39.19,1.027803,0.751219,0.699328,540.473156
39.2,1.027803,0.751219,0.699325,540.47313
39.21,1.027803,0.751219,0.699323,540.473105
39.22,1.027803,0.751219,0.699321,540.473079
39.23,1.027803,0.751219,0.699318,540.473054
39.24,1.027803,0.751219,0.699316,540.473028
39.25,1.027803,0.751219,0.699314,540.473003
39.26,1.027803,0.751219,0.699311,540.472977
39.27,1.027803,0.751219,0.699309,540.472952
39.28,1.027803,0.751219,0.699306,540.472927
39.29,1.027803,0.751219,0.699304,540.472901
39.3,1.027803,0.751219,0.699302,540.472876
39.31,1.027803,0.751219,0.699299,540.47285
39.32,1.027803,0.751219,0.699297,540.472825
39.33,1.027803,0.751219,0.699294,540.4728
39.34,1.027803,0.751219,0.699292,540.472774
39.35,1.027803,0.751219,0.699289,540.472749
39.36,1.027803,0.751218,0.699287,540.472724
39.37,1.027803,0.751218,0.699284,540.472698
39.38,1.027803,0.751218,0.699282,540.472673
39.39,1.027803,0.751218,0.699279,540.472648
39.4,1.027803,0.751218,0.699277,540.472622
39.41,1.027803,0.751218,0.699274,540.472597
39.42,1.027803,0.751218,0.699272,540.472572
39.43,1.027803,0.751218,0.699269,540.472546
39.44,1.027803,0.751218,0.699267,540.472521
39.45,1.027803,0.751218,0.699264,540.472496
39.46,1.027803,0.751218,0.699261,540.472471
39.47,1.027803,0.751218,0.699259,540.472445
39.48,1.027803,0.751218,0.699256,540.47242
39.49,1.027803,0.751218,0.699254,540.472395
39.5,1.027803,0.751218,0.699251,540.47237
39.51,1.027803,0.751218,0.699248,540.472344
39.52,1.027803,0.751218,0.699246,540.472319
39.53,1.027803,0.751218,0.699243,540.472294
39.54,1.027803,0.751218,0.69924,540.472269
39.55,1.027803,0.751218,0.699238,540.472243
39.56,1.027803,0.751218,0.699235,540.472218
39.57,1.027803,0.751218,0.699232,540.472193
39.58,1.027803,0.751218,0.699229,540.472168
39.59,1.027803,0.751218,0.699227,540.472143
39.6,1.027803,0.751218,0.699224,540.472117
39.61,1.027803,0.751218,0.699221,540.472092
39.62,1.027803,0.751218,0.699218,540.472067
39.63,1.027803,0.751218,0.699216,540.472042
39.64,1.027803,0.751218,0.699213,540.472017
39.65,1.027803,0.751217,0.69921,540.471991
39.66,1.027803,0.751217,0.699207,540.471966
39.67,1.027803,0.751217,0.699204,540.471941
39.68,1.027803,0.751217,0.699201,540.471916
39.69,1.027803,0.751217,0.699199,540.471891
39.7,1.027803,0.751217,0.699196,540.471866
39.71,1.027803,0.751217,0.699193,540.471841
39.72,1.027803,0.751217,0.69919,540.471816
39.73,1.027803,0.751217,0.699187,540.47179
39.74,1.027803,0.751217,0.699184,540.471765
39.75,1.027803,0.751217,0.699181,540.47174
39.76,1.027803,0.751217,0.699178,540.471715
39.77,1.027803,0.751217,0.699175,540.47169
39.78,1.027803,0.751217,0.699173,540.471665
39.79,1.027803,0.751217,0.69917,540.47164
39.8,1.027803,0.751217,0.699167,540.471615
39.81,1.027803,0.751217,0.699164,540.47159
39.82,1.027803,0.751217,0.699161,540.471565
39.83,1.027803,0.751217,0.699158,540.47154
39.84,1.027803,0.751217,0.699155,540.471515
39.85,1.027803,0.751217,0.699152,540.47149
39.86,1.027803,0.751217,0.699149,540.471464
39.87,1.027803,0.751217,0.699146,540.471439
39.88,1.027803,0.751217,0.699143,540.471414
39.89,1.027803,0.751217,0.69914,540.471389
39.9,1.027803,0.751217,0.699136,540.471364
39.91,1.027803,0.751217,0.699133,540.471339
39.92,1.027803,0.751217,0.69913,540.471314
39.93,1.027803,0.751216,0.699127,540.471289
39.94,1.027803,0.751216,0.699124,540.471264
39.95,1.027803,0.751216,0.699121,540.471239
39.96,1.027803,0.751216,0.699118,540.471214
39.97,1.027803,0.751216,0.699115,540.471189
39.98,1.027803,0.751216,0.699112,540.471165
39.99,1.027803,0.751216,0.699108,540.47114
40,1.027803,0.751216,0.699105,540.471115
40.01,1.027803,0.751216,0.699102,540.47109
40.02,1.027803,0.751216,0.699099,540.471065
40.03,1.027803,0.751216,0.699096,540.47104
40.04,1.027803,0.751216,0.699093,540.471015
40.05,1.027803,0.751216,0.699089,540.47099
40.06,1.027803,0.751216,0.699086,540.470965
40.07,1.027803,0.751216,0.699083,540.47094
40.08,1.027803,0.751216,0.69908,540.470915
40.09,1.027803,0.751216,0.699076,540.47089
40.1,1.027803,0.751216,0.699073,540.470866
40.11,1.027803,0.751216,0.69907,540.470841
40.12,1.027803,0.751216,0.699067,540.470816
40.13,1.027803,0.751216,0.699063,540.470791
40.14,1.027803,0.751216,0.69906,540.470766
40.15,1.027803,0.751216,0.699057,540.470741
40.16,1.027803,0.751216,0.699053,540.470716
40.17,1.027803,0.751216,0.69905,540.470692
40.18,1.027803,0.751216,0.699047,540.470667
40.19,1.027803,0.751216,0.699043,540.470642
40.2,1.027803,0.751216,0.69904,540.470617
40.21,1.027803,0.751216,0.699037,540.470592
40.22,1.027803,0.751216,0.699033,540.470567
40.23,1.027803,0.751215,0.69903,540.470543
40.24,1.027803,0.751215,0.699026,540.470518
40.25,1.027803,0.751215,0.699023,540.470493
40.26,1.027803,0.751215,0.69902,540.470468
40.27,1.027803,0.751215,0.699016,540.470444
40.28,1.027803,0.751215,0.699013,540.470419
40.29,1.027803,0.751215,0.699009,540.470394
40.3,1.027803,0.751215,0.699006,540.470369
40.31,1.027803,0.751215,0.699002,540.470345
40.32,1.027803,0.751215,0.698999,540.47032
40.33,1.027803,0.751215,0.698995,540.470295
40.34,1.027803,0.751215,0.698992,540.47027
40.35,1.027803,0.751215,0.698988,540.470246
40.36,1.027803,0.751215,0.698985,540.470221
40.37,1.027803,0.751215,0.698981,540.470196
40.38,1.027803,0.751215,0.698978,540.470172
40.39,1.027803,0.751215,0.698974,540.470147
40.4,1.027803,0.751215,0.698971,540.470122
40.41,1.027803,0.751215,0.698967,540.470098
40.42,1.027803,0.751215,0.698964,540.470073
40.43,1.027803,0.751215,0.69896,540.470048
40.44,1.027803,0.751215,0.698957,540.470024
40.45,1.027803,0.751215,0.698953,540.469999
40.46,1.027803,0.751215,0.698949,540.469974
40.47,1.027803,0.751215,0.698946,540.46995
40.48,1.027803,0.751215,0.698942,540.469925
40.49,1.027803,0.751215,0.698939,540.4699
40.5,1.027803,0.751215,0.698935,540.469876
40.51,1.027803,0.751215,0.698931,540.469851
40.52,1.027803,0.751214,0.698928,540.469827
40.53,1.027803,0.751214,0.698924,540.469802
40.54,1.027803,0.751214,0.69892,540.469777
40.55,1.027803,0.751214,0.698917,540.469753
40.56,1.027803,0.751214,0.698913,540.469728
40.57,1.027803,0.751214,0.698909,540.469704
40.58,1.027803,0.751214,0.698906,540.469679
40.59,1.027803,0.751214,0.698902,540.469655
40.6,1.027803,0.751214,0.698898,540.46963
40.61,1.027803,0.751214,0.698895,540.469605
40.62,1.027803,0.751214,0.698891,540.469581
40.63,1.027803,0.751214,0.698887,540.469556
40.64,1.027803,0.751214,0.698883,540.469532
40.65,1.027803,0.751214,0.69888,540.469507
40.66,1.027803,0.751214,0.698876,540.469483
40.67,1.027803,0.751214,0.698872,540.469458
40.68,1.027803,0.751214,0.698868,540.469434
40.69,1.027803,0.751214,0.698864,540.469409
40.7,1.027803,0.751214,0.698861,540.469385
40.71,1.027803,0.751214,0.698857,540.46936
40.72,1.027803,0.751214,0.698853,540.469336
40.73,1.027803,0.751214,0.698849,540.469311
40.74,1.027803,0.751214,0.698845,540.469287
40.75,1.027803,0.751214,0.698842,540.469262
40.76,1.027803,0.751214,0.698838,540.469238
40.77,1.027803,0.751214,0.698834,540.469213
40.78,1.027803,0.751214,0.69883,540.469189
40.79,1.027803,0.751214,0.698826,540.469164
40.8,1.027803,0.751214,0.698822,540.46914
40.81,1.027803,0.751214,0.698818,540.469116
40.82,1.027803,0.751213,0.698815,540.469091
40.83,1.027803,0.751213,0.698811,540.469067
40.84,1.027803,0.751213,0.698807,540.469042
40.85,1.027803,0.751213,0.698803,540.469018
40.86,1.027803,0.751213,0.698799,540.468993
40.87,1.027803,0.751213,0.698795,540.468969
40.88,1.027803,0.751213,0.698791,540.468945
40.89,1.027803,0.751213,0.698787,540.46892
40.9,1.027803,0.751213,0.698783,540.468896
40.91,1.027803,0.751213,0.698779,540.468872
40.92,1.027803,0.751213,0.698775,540.468847
40.93,1.027803,0.751213,0.698771,540.468823
40.94,1.027803,0.751213,0.698767,540.468798
40.95,1.027803,0.751213,0.698763,540.468774
40.96,1.027803,0.751213,0.698759,540.46875
40.97,1.027803,0.751213,0.698755,540.468725
40.98,1.027803,0.751213,0.698751,540.468701
40.99,1.027803,0.751213,0.698747,540.468677
41,1.027803,0.751213,0.698743,540.468652
41.01,1.027803,0.751213,0.698739,540.468628
41.02,1.027803,0.751213,0.698735,540.468604
41.03,1.027803,0.751213,0.698731,540.468579
41.04,1.027803,0.751213,0.698727,540.468555
41.05,1.027803,0.751213,0.698723,540.468531
41.06,1.027803,0.751213,0.698719,540.468507
41.07,1.027803,0.751213,0.698715,540.468482
41.08,1.027803,0.751213,0.698711,540.468458
41.09,1.027803,0.751213,0.698707,540.468434
41.1,1.027803,0.751213,0.698703,540.468409
41.11,1.027803,0.751213,0.698699,540.468385
41.12,1.027803,0.751212,0.698695,540.468361
41.13,1.027803,0.751212,0.698691,540.468337
41.14,1.027803,0.751212,0.698687,540.468313
41.15,1.027803,0.751212,0.698683,540.468288
41.16,1.027803,0.751212,0.698678,540.468264
41.17,1.027803,0.751212,0.698674,540.46824
41.18,1.027803,0.751212,0.69867,540.468216
41.19,1.027803,0.751212,0.698666,540.468191
41.2,1.027803,0.751212,0.698662,540.468167
41.21,1.027803,0.751212,0.698658,540.468143
41.22,1.027803,0.751212,0.698654,540.468119
41.23,1.027803,0.751212,0.698649,540.468095
41.24,1.027803,0.751212,0.698645,540.468071
41.25,1.027803,0.751212,0.698641,540.468046
41.26,1.027803,0.751212,0.698637,540.468022
41.27,1.027803,0.751212,0.698633,540.467998
41.28,1.027803,0.751212,0.698629,540.467974
41.29,1.027803,0.751212,0.698624,540.46795
41.3,1.027803,0.751212,0.69862,540.467926
41.31,1.027803,0.751212,0.698616,540.467902
41.32,1.027803,0.751212,0.698612,540.467877
41.33,1.027803,0.751212,0.698608,540.467853
41.34,1.027803,0.751212,0.698603,540.467829
41.35,1.027803,0.751212,0.698599,540.467805
41.36,1.027803,0.751212,0.698595,540.467781
41.37,1.027803,0.751212,0.698591,540.467757
41.38,1.027803,0.751212,0.698586,540.467733
41.39,1.027803,0.751212,0.698582,540.467709
41.4,1.027803,0.751212,0.698578,540.467685
41.41,1.027803,0.751212,0.698574,540.467661
41.42,1.027803,0.751211,0.698569,540.467637
41.43,1.027803,0.751211,0.698565,540.467613
41.44,1.027803,0.751211,0.698561,540.467589
41.45,1.027803,0.751211,0.698557,540.467565
41.46,1.027803,0.751211,0.698552,540.467541
41.47,1.027803,0.751211,0.698548,540.467517
41.48,1.027803,0.751211,0.698544,540.467493
41.49,1.027803,0.751211,0.698539,540.467468
41.5,1.027803,0.751211,0.698535,540.467444
41.51,1.027803,0.751211,0.698531,540.46742
41.52,1.027803,0.751211,0.698527,540.467397
41.53,1.027803,0.751211,0.698522,540.467373
41.54,1.027803,0.751211,0.698518,540.467349
41.55,1.027803,0.751211,0.698514,540.467325
41.56,1.027803,0.751211,0.698509,540.467301
41.57,1.027803,0.751211,0.698505,540.467277
41.58,1.027803,0.751211,0.698501,540.467253
41.59,1.027803,0.751211,0.698496,540.467229
41.6,1.027803,0.751211,0.698492,540.467205
41.61,1.027803,0.751211,0.698488,540.467181
41.62,1.027803,0.751211,0.698483,540.467157
41.63,1.027803,0.751211,0.698479,540.467133
41.64,1.027803,0.751211,0.698475,540.467109
41.65,1.027803,0.751211,0.69847,540.467085
41.66,1.027803,0.751211,0.698466,540.467061
41.67,1.027803,0.751211,0.698461,540.467037
41.68,1.027803,0.751211,0.698457,540.467013
41.69,1.027803,0.751211,0.698453,540.46699
41.7,1.027803,0.751211,0.698448,540.466966
41.71,1.027803,0.751211,0.698444,540.466942
41.72,1.027803,0.751211,0.69844,540.466918
41.73,1.027803,0.75121,0.698435,540.466894
41.74,1.027803,0.75121,0.698431,540.46687
41.75,1.027803,0.75121,0.698426,540.466846
41.76,1.027803,0.75121,0.698422,540.466822
41.77,1.027803,0.75121,0.698418,540.466799
41.78,1.027803,0.75121,0.698413,540.466775
41.79,1.027803,0.75121,0.698409,540.466751
41.8,1.027803,0.75121,0.698404,540.466727
41.81,1.027803,0.75121,0.6984,540.466703
41.82,1.027803,0.75121,0.698395,540.46668
41.83,1.027803,0.75121,0.698391,540.466656
41.84,1.027803,0.75121,0.698387,540.466632
41.85,1.027803,0.75121,0.698382,540.466608
41.86,1.027803,0.75121,0.698378,540.466584
41.87,1.027803,0.75121,0.698373,540.466561
41.88,1.027803,0.75121,0.698369,540.466537
41.89,1.027803,0.75121,0.698364,540.466513
41.9,1.027803,0.75121,0.69836,540.466489
41.91,1.027803,0.75121,0.698355,540.466465
41.92,1.027803,0.75121,0.698351,540.466442
41.93,1.027803,0.75121,0.698347,540.466418
41.94,1.027803,0.75121,0.698342,540.466394
41.95,1.027803,0.75121,0.698338,540.466371
41.96,1.027803,0.75121,0.698333,540.466347
41.97,1.027803,0.75121,0.698329,540.466323
41.98,1.027803,0.75121,0.698324,540.466299
41.99,1.027803,0.75121,0.69832,540.466276
42,1.027803,0.75121,0.698315,540.466252
42.01,1.027803,0.75121,0.698311,540.466228
42.02,1.027803,0.75121,0.698306,540.466205
42.03,1.027803,0.75121,0.698302,540.466181
42.04,1.027803,0.751209,0.698297,540.466157
42.05,1.027803,0.751209,0.698293,540.466134
42.06,1.027803,0.751209,0.698288,540.46611
42.07,1.027803,0.751209,0.698284,540.466086
42.08,1.027803,0.751209,0.698279,540.466063
42.09,1.027803,0.751209,0.698275,540.466039
42.1,1.027803,0.751209,0.69827,540.466015
42.11,1.027803,0.751209,0.698266,540.465992
42.12,1.027803,0.751209,0.698261,540.465968
42.13,1.027803,0.751209,0.698257,540.465944
42.14,1.027803,0.751209,0.698252,540.465921
42.15,1.027803,0.751209,0.698248,540.465897
42.16,1.027803,0.751209,0.698243,540.465874
42.17,1.027803,0.751209,0.698239,540.46585
42.18,1.027803,0.751209,0.698234,540.465826
42.19,1.027803,0.751209,0.69823,540.465803
42.2,1.027803,0.751209,0.698225,540.465779
42.21,1.027803,0.751209,0.69822,540.465756
42.22,1.027803,0.751209,0.698216,540.465732
42.23,1.027803,0.751209,0.698211,540.465709
42.24,1.027803,0.751209,0.698207,540.465685
42.25,1.027803,0.751209,0.698202,540.465662
42.26,1.027803,0.751209,0.698198,540.465638
42.27,1.027803,0.751209,0.698193,540.465615
42.28,1.027803,0.751209,0.698189,540.465591
42.29,1.027803,0.751209,0.698184,540.465567
42.3,1.027803,0.751209,0.69818,540.465544
42.31,1.027803,0.751209,0.698175,540.46552
42.32,1.027803,0.751209,0.698171,540.465497
42.33,1.027803,0.751209,0.698166,540.465473
42.34,1.027803,0.751209,0.698161,540.46545
42.35,1.027803,0.751208,0.698157,540.465426
42.36,1.027803,0.751208,0.698152,540.465403
42.37,1.027803,0.751208,0.698148,540.46538
42.38,1.027803,0.751208,0.698143,540.465356
42.39,1.027803,0.751208,0.698139,540.465333
42.4,1.027803,0.751208,0.698134,540.465309
42.41,1.027803,0.751208,0.698129,540.465286
42.42,1.027803,0.751208,0.698125,540.465262
42.43,1.027803,0.751208,0.69812,540.465239
42.44,1.027803,0.751208,0.698116,540.465215
42.45,1.027803,0.751208,0.698111,540.465192
42.46,1.027803,0.751208,0.698107,540.465169
42.47,1.027803,0.751208,0.698102,540.465145
42.48,1.027803,0.751208,0.698097,540.465122
42.49,1.027803,0.751208,0.698093,540.465098
42.5,1.027803,0.751208,0.698088,540.465075
42.51,1.027803,0.751208,0.698084,540.465051
42.52,1.027803,0.751208,0.698079,540.465028
42.53,1.027803,0.751208,0.698075,540.465005
42.54,1.027803,0.751208,0.69807,540.464981
42.55,1.027803,0.751208,0.698065,540.464958
42.56,1.027803,0.751208,0.698061,540.464935
42.57,1.027803,0.751208,0.698056,540.464911
42.58,1.027803,0.751208,0.698052,540.464888
42.59,1.027803,0.751208,0.698047,540.464865
42.6,1.027803,0.751208,0.698043,540.464841
42.61,1.027803,0.751208,0.698038,540.464818
42.62,1.027803,0.751208,0.698033,540.464795
42.63,1.027803,0.751208,0.698029,540.464771
42.64,1.027803,0.751208,0.698024,540.464748
42.65,1.027803,0.751208,0.69802,540.464725
42.66,1.027803,0.751207,0.698015,540.464701
42.67,1.027803,0.751207,0.698011,540.464678
42.68,1.027803,0.751207,0.698006,540.464655
42.69,1.027803,0.751207,0.698001,540.464631
42.7,1.027803,0.751207,0.697997,540.464608
42.71,1.027803,0.751207,0.697992,540.464585
42.72,1.027803,0.751207,0.697988,540.464562
42.73,1.027803,0.751207,0.697983,540.464538
42.74,1.027803,0.751207,0.697978,540.464515
42.75,1.027803,0.751207,0.697974,540.464492
42.76,1.027803,0.751207,0.697969,540.464469
42.77,1.027803,0.751207,0.697965,540.464445
42.78,1.027803,0.751207,0.69796,540.464422
42.79,1.027803,0.751207,0.697956,540.464399
42.8,1.027803,0.751207,0.697951,540.464376
42.81,1.027803,0.751207,0.697946,540.464352
42.82,1.027803,0.751207,0.697942,540.464329
42.83,1.027803,0.751207,0.697937,540.464306
42.84,1.027803,0.751207,0.697933,540.464283
42.85,1.027803,0.751207,0.697928,540.46426
42.86,1.027803,0.751207,0.697923,540.464236
42.87,1.027803,0.751207,0.697919,540.464213
42.88,1.027803,0.751207,0.697914,540.46419
42.89,1.027803,0.751207,0.69791,540.464167
42.9,1.027803,0.751207,0.697905,540.464144
42.91,1.027803,0.751207,0.697901,540.464121
42.92,1.027803,0.751207,0.697896,540.464098
42.93,1.027803,0.751207,0.697891,540.464074
42.94,1.027803,0.751207,0.697887,540.464051
42.95,1.027803,0.751207,0.697882,540.464028
42.96,1.027803,0.751207,0.697878,540.464005
42.97,1.027803,0.751207,0.697873,540.463982
42.98,1.027803,0.751206,0.697869,540.463959
42.99,1.027803,0.751206,0.697864,540.463936
43,1.027803,0.751206,0.697859,540.463913
43.01,1.027803,0.751206,0.697855,540.463889
43.02,1.027803,0.751206,0.69785,540.463866
43.03,1.027803,0.751206,0.697846,540.463843
43.04,1.027803,0.751206,0.697841,540.46382
43.05,1.027803,0.751206,0.697837,540.463797
43.06,1.027803,0.751206,0.697832,540.463774
43.07,1.027803,0.751206,0.697828,540.463751
43.08,1.027803,0.751206,0.697823,540.463728
43.09,1.027803,0.751206,0.697818,540.463705
43.1,1.027803,0.751206,0.697814,540.463682
43.11,1.027803,0.751206,0.697809,540.463659
43.12,1.027803,0.751206,0.697805,540.463636
43.13,1.027803,0.751206,0.6978,540.463613
43.14,1.027803,0.751206,0.697796,540.46359
43.15,1.027803,0.751206,0.697791,540.463567
43.16,1.027803,0.751206,0.697787,540.463544
43.17,1.027803,0.751206,0.697782,540.463521
43.18,1.027803,0.751206,0.697778,540.463498
43.19,1.027803,0.751206,0.697773,540.463475
43.2,1.027803,0.751206,0.697768,540.463452
43.21,1.027803,0.751206,0.697764,540.463429
43.22,1.027803,0.751206,0.697759,540.463406
43.23,1.027803,0.751206,0.697755,540.463383
43.24,1.027803,0.751206,0.69775,540.46336
43.25,1.027803,0.751206,0.697746,540.463337
43.26,1.027803,0.751206,0.697741,540.463314
43.27,1.027803,0.751206,0.697737,540.463291
43.28,1.027803,0.751206,0.697732,540.463268
43.29,1.027803,0.751206,0.697728,540.463246
43.3,1.027803,0.751205,0.697723,540.463223
43.31,1.027803,0.751205,0.697719,540.4632
43.32,1.027803,0.751205,0.697714,540.463177
43.33,1.027803,0.751205,0.69771,540.463154
43.34,1.027803,0.751205,0.697705,540.463131
43.35,1.027803,0.751205,0.697701,540.463108
43.36,1.027803,0.751205,0.697696,540.463085
43.37,1.027803,0.751205,0.697692,540.463062
43.38,1.027803,0.751205,0.697687,540.46304
43.39,1.027803,0.751205,0.697683,540.463017
43.4,1.027803,0.751205,0.697678,540.462994
43.41,1.027803,0.751205,0.697674,540.462971
43.42,1.027803,0.751205,0.697669,540.462948
43.43,1.027803,0.751205,0.697665,540.462925
43.44,1.027803,0.751205,0.69766,540.462902
43.45,1.027803,0.751205,0.697656,540.46288
43.46,1.027803,0.751205,0.697651,540.462857
43.47,1.027803,0.751205,0.697647,540.462834
43.48,1.027803,0.751205,0.697642,540.462811
43.49,1.027803,0.751205,0.697638,540.462788
43.5,1.027803,0.751205,0.697633,540.462766
43.51,1.027803,0.751205,0.697629,540.462743
43.52,1.027803,0.751205,0.697624,540.46272
43.53,1.027803,0.751205,0.69762,540.462697
43.54,1.027803,0.751205,0.697615,540.462674
43.55,1.027803,0.751205,0.697611,540.462652
43.56,1.027803,0.751205,0.697606,540.462629
43.57,1.027803,0.751205,0.697602,540.462606
43.58,1.027803,0.751205,0.697598,540.462583
43.59,1.027803,0.751205,0.697593,540.462561
43.6,1.027803,0.751205,0.697589,540.462538
43.61,1.027803,0.751205,0.697584,540.462515
43.62,1.027803,0.751204,0.69758,540.462492
43.63,1.027803,0.751204,0.697575,540.46247
43.64,1.027803,0.751204,0.697571,540.462447
43.65,1.027803,0.751204,0.697567,540.462424
43.66,1.027803,0.751204,0.697562,540.462402
43.67,1.027803,0.751204,0.697558,540.462379
43.68,1.027803,0.751204,0.697553,540.462356
43.69,1.027803,0.751204,0.697549,540.462334
43.7,1.027803,0.751204,0.697544,540.462311
43.71,1.027803,0.751204,0.69754,540.462288
43.72,1.027803,0.751204,0.697536,540.462266
43.73,1.027803,0.751204,0.697531,540.462243
43.74,1.027803,0.751204,0.697527,540.46222
43.75,1.027803,0.751204,0.697522,540.462198
43.76,1.027803,0.751204,0.697518,540.462175
43.77,1.027803,0.751204,0.697514,540.462152
43.78,1.027803,0.751204,0.697509,540.46213
43.79,1.027803,0.751204,0.697505,540.462107
43.8,1.027803,0.751204,0.6975,540.462084
43.81,1.027803,0.751204,0.697496,540.462062
43.82,1.027803,0.751204,0.697492,540.462039
43.83,1.027803,0.751204,0.697487,540.462017
43.84,1.027803,0.751204,0.697483,540.461994
43.85,1.027803,0.751204,0.697479,540.461971
43.86,1.027803,0.751204,0.697474,540.461949
43.87,1.027803,0.751204,0.69747,540.461926
43.88,1.027803,0.751204,0.697466,540.461904
43.89,1.027803,0.751204,0.697461,540.461881
43.9,1.027803,0.751204,0.697457,540.461859
43.91,1.027803,0.751204,0.697453,540.461836
43.92,1.027803,0.751204,0.697448,540.461813
43.93,1.027803,0.751204,0.697444,540.461791
43.94,1.027803,0.751204,0.69744,540.461768
43.95,1.027803,0.751203,0.697435,540.461746
43.96,1.027803,0.751203,0.697431,540.461723
43.97,1.027803,0.751203,0.697427,540.461701
43.98,1.027803,0.751203,0.697422,540.461678
43.99,1.027803,0.751203,0.697418,540.461656
44,1.027803,0.751203,0.697414,540.461633
44.01,1.027803,0.751203,0.697409,540.461611
44.02,1.027803,0.751203,0.697405,540.461588
44.03,1.027803,0.751203,0.697401,540.461566
44.04,1.027803,0.751203,0.697396,540.461543
44.05,1.027803,0.751203,0.697392,540.461521
44.06,1.027803,0.751203,0.697388,540.461498
44.07,1.027803,0.751203,0.697384,540.461476
44.08,1.027803,0.751203,0.697379,540.461454
44.09,1.027803,0.751203,0.697375,540.461431
44.1,1.027803,0.751203,0.697371,540.461409
44.11,1.027803,0.751203,0.697366,540.461386
44.12,1.027803,0.751203,0.697362,540.461364
44.13,1.027803,0.751203,0.697358,540.461341
44.14,1.027803,0.751203,0.697354,540.461319
44.15,1.027803,0.751203,0.697349,540.461297
44.16,1.027803,0.751203,0.697345,540.461274
44.17,1.027803,0.751203,0.697341,540.461252
44.18,1.027803,0.751203,0.697337,540.461229
44.19,1.027803,0.751203,0.697333,540.461207
44.2,1.027803,0.751203,0.697328,540.461185
44.21,1.027803,0.751203,0.697324,540.461162
44.22,1.027803,0.751203,0.69732,540.46114
44.23,1.027803,0.751203,0.697316,540.461117
44.24,1.027803,0.751203,0.697311,540.461095
44.25,1.027803,0.751203,0.697307,540.461073
44.26,1.027803,0.751203,0.697303,540.46105
44.27,1.027803,0.751203,0.697299,540.461028
44.28,1.027803,0.751202,0.697295,540.461006
44.29,1.027803,0.751202,0.697291,540.460983
44.3,1.027803,0.751202,0.697286,540.460961
44.31,1.027803,0.751202,0.697282,540.460939
44.32,1.027803,0.751202,0.697278,540.460916
44.33,1.027803,0.751202,0.697274,540.460894
44.34,1.027803,0.751202,0.69727,540.460872
44.35,1.027803,0.751202,0.697266,540.460849
44.36,1.027803,0.751202,0.697261,540.460827
44.37,1.027803,0.751202,0.697257,540.460805
44.38,1.027803,0.751202,0.697253,540.460783
44.39,1.027803,0.751202,0.697249,540.46076
44.4,1.027803,0.751202,0.697245,540.460738
44.41,1.027803,0.751202,0.697241,540.460716
44.42,1.027803,0.751202,0.697237,540.460694
44.43,1.027803,0.751202,0.697232,540.460671
44.44,1.027803,0.751202,0.697228,540.460649
44.45,1.027803,0.751202,0.697224,540.460627
44.46,1.027803,0.751202,0.69722,540.460605
44.47,1.027803,0.751202,0.697216,540.460582
44.48,1.027803,0.751202,0.697212,540.46056
44.49,1.027803,0.751202,0.697208,540.460538
44.5,1.027803,0.751202,0.697204,540.460516
44.51,1.027802,0.751202,0.6972,540.460494
44.52,1.027802,0.751202,0.697196,540.460471
44.53,1.027802,0.751202,0.697192,540.460449
44.54,1.027802,0.751202,0.697188,540.460427
44.55,1.027802,0.751202,0.697183,540.460405
44.56,1.027802,0.751202,0.697179,540.460383
44.57,1.027802,0.751202,0.697175,540.46036
44.58,1.027802,0.751202,0.697171,540.460338
44.59,1.027802,0.751202,0.697167,540.460316
44.6,1.027802,0.751202,0.697163,540.460294
44.61,1.027802,0.751201,0.697159,540.460272
44.62,1.027802,0.751201,0.697155,540.46025
44.63,1.027802,0.751201,0.697151,540.460228
44.64,1.027802,0.751201,0.697147,540.460205
44.65,1.027802,0.751201,0.697143,540.460183
44.66,1.027802,0.751201,0.697139,540.460161
44.67,1.027802,0.751201,0.697135,540.460139
44.68,1.027802,0.751201,0.697131,540.460117
44.69,1.027802,0.751201,0.697127,540.460095
44.7,1.027802,0.751201,0.697123,540.460073
44.71,1.027802,0.751201,0.697119,540.460051
44.72,1.027802,0.751201,0.697115,540.460029
44.73,1.027802,0.751201,0.697111,540.460006
44.74,1.027802,0.751201,0.697107,540.459984
44.75,1.027802,0.751201,0.697103,540.459962
44.76,1.027802,0.751201,0.697099,540.45994
44.77,1.027802,0.751201,0.697096,540.459918
44.78,1.027802,0.751201,0.697092,540.459896
44.79,1.027802,0.751201,0.697088,540.459874
44.8,1.027802,0.751201,0.697084,540.459852
44.81,1.027802,0.751201,0.69708,540.45983
44.82,1.027802,0.751201,0.697076,540.459808
44.83,1.027802,0.751201,0.697072,540.459786
44.84,1.027802,0.751201,0.697068,540.459764
44.85,1.027802,0.751201,0.697064,540.459742
44.86,1.027802,0.751201,0.69706,540.45972
44.87,1.027802,0.751201,0.697056,540.459698
44.88,1.027802,0.751201,0.697053,540.459676
44.89,1.027802,0.751201,0.697049,540.459654
44.9,1.027802,0.751201,0.697045,540.459632
44.91,1.027802,0.751201,0.697041,540.45961
44.92,1.027802,0.751201,0.697037,540.459588
44.93,1.027802,0.751201,0.697033,540.459566
44.94,1.027802,0.7512,0.697029,540.459544
44.95,1.027802,0.7512,0.697026,540.459522
44.96,1.027802,0.7512,0.697022,540.4595
44.97,1.027802,0.7512,0.697018,540.459478
44.98,1.027802,0.7512,0.697014,540.459457
44.99,1.027802,0.7512,0.69701,540.459435
45,1.027802,0.7512,0.697006,540.459413
45.01,1.027802,0.7512,0.697003,540.459391
45.02,1.027802,0.7512,0.696999,540.459369
45.03,1.027802,0.7512,0.696995,540.459347
45.04,1.027802,0.7512,0.696991,540.459325
45.05,1.027802,0.7512,0.696987,540.459303
45.06,1.027802,0.7512,0.696984,540.459281
45.07,1.027802,0.7512,0.69698,540.459259
45.08,1.027802,0.7512,0.696976,540.459238
45.09,1.027802,0.7512,0.696972,540.459216
45.1,1.027802,0.7512,0.696969,540.459194
45.11,1.027802,0.7512,0.696965,540.459172
45.12,1.027802,0.7512,0.696961,540.45915
45.13,1.027802,0.7512,0.696957,540.459128
45.14,1.027802,0.7512,0.696954,540.459106
45.15,1.027802,0.7512,0.69695,540.459085
45.16,1.027802,0.7512,0.696946,540.459063
45.17,1.027802,0.7512,0.696942,540.459041
45.18,1.027802,0.7512,0.696939,540.459019
45.19,1.027802,0.7512,0.696935,540.458997
45.2,1.027802,0.7512,0.696931,540.458976
45.21,1.027802,0.7512,0.696928,540.458954
45.22,1.027802,0.7512,0.696924,540.458932
45.23,1.027802,0.7512,0.69692,540.45891
45.24,1.027802,0.7512,0.696917,540.458888
45.25,1.027802,0.7512,0.696913,540.458867
45.26,1.027802,0.7512,0.696909,540.458845
45.27,1.027802,0.751199,0.696906,540.458823
45.28,1.027802,0.751199,0.696902,540.458801
45.29,1.027802,0.751199,0.696898,540.45878
45.3,1.027802,0.751199,0.696895,540.458758
45.31,1.027802,0.751199,0.696891,540.458736
45.32,1.027802,0.751199,0.696887,540.458714
45.33,1.027802,0.751199,0.696884,540.458693
45.34,1.027802,0.751199,0.69688,540.458671
45.35,1.027802,0.751199,0.696877,540.458649
45.36,1.027802,0.751199,0.696873,540.458627
45.37,1.027802,0.751199,0.696869,540.458606
45.38,1.027802,0.751199,0.696866,540.458584
45.39,1.027802,0.751199,0.696862,540.458562
45.4,1.027802,0.751199,0.696859,540.458541
45.41,1.027802,0.751199,0.696855,540.458519
45.42,1.027802,0.751199,0.696852,540.458497
45.43,1.027802,0.751199,0.696848,540.458476
45.44,1.027802,0.751199,0.696844,540.458454
45.45,1.027802,0.751199,0.696841,540.458432
45.46,1.027802,0.751199,0.696837,540.458411
45.47,1.027802,0.751199,0.696834,540.458389
45.48,1.027802,0.751199,0.69683,540.458367
45.49,1.027802,0.751199,0.696827,540.458346
45.5,1.027802,0.751199,0.696823,540.458324
45.51,1.027802,0.751199,0.69682,540.458302
45.52,1.027802,0.751199,0.696816,540.458281
45.53,1.027802,0.751199,0.696813,540.458259
45.54,1.027802,0.751199,0.696809,540.458238
45.55,1.027802,0.751199,0.696806,540.458216
45.56,1.027802,0.751199,0.696802,540.458194
45.57,1.027802,0.751199,0.696799,540.458173
45.58,1.027802,0.751199,0.696795,540.458151
45.59,1.027802,0.751199,0.696792,540.45813
45.6,1.027802,0.751199,0.696788,540.458108
45.61,1.027802,0.751198,0.696785,540.458086
45.62,1.027802,0.751198,0.696781,540.458065
45.63,1.027802,0.751198,0.696778,540.458043
45.64,1.027802,0.751198,0.696775,540.458022
45.65,1.027802,0.751198,0.696771,540.458
45.66,1.027802,0.751198,0.696768,540.457979
45.67,1.027802,0.751198,0.696764,540.457957
45.68,1.027802,0.751198,0.696761,540.457936
45.69,1.027802,0.751198,0.696757,540.457914
45.7,1.027802,0.751198,0.696754,540.457893
45.71,1.027802,0.751198,0.696751,540.457871
45.72,1.027802,0.751198,0.696747,540.45785
45.73,1.027802,0.751198,0.696744,540.457828
45.74,1.027802,0.751198,0.696741,540.457807
45.75,1.027802,0.751198,0.696737,540.457785
45.76,1.027802,0.751198,0.696734,540.457764
45.77,1.027802,0.751198,0.69673,540.457742
45.78,1.027802,0.751198,0.696727,540.457721
45.79,1.027802,0.751198,0.696724,540.457699
45.8,1.027802,0.751198,0.69672,540.457678
45.81,1.027802,0.751198,0.696717,540.457656
45.82,1.027802,0.751198,0.696714,540.457635
45.83,1.027802,0.751198,0.69671,540.457613
45.84,1.027802,0.751198,0.696707,540.457592
45.85,1.027802,0.751198,0.696704,540.45757
45.86,1.027802,0.751198,0.696701,540.457549
45.87,1.027802,0.751198,0.696697,540.457528
45.88,1.027802,0.751198,0.696694,540.457506
45.89,1.027802,0.751198,0.696691,540.457485
45.9,1.027802,0.751198,0.696687,540.457463
45.91,1.027802,0.751198,0.696684,540.457442
45.92,1.027802,0.751198,0.696681,540.457421
45.93,1.027802,0.751198,0.696678,540.457399
45.94,1.027802,0.751198,0.696674,540.457378
45.95,1.027802,0.751197,0.696671,540.457356
45.96,1.027802,0.751197,0.696668,540.457335
45.97,1.027802,0.751197,0.696665,540.457314
45.98,1.027802,0.751197,0.696661,540.457292
45.99,1.027802,0.751197,0.696658,540.457271
46,1.027802,0.751197,0.696655,540.45725
46.01,1.027802,0.751197,0.696652,540.457228
46.02,1.027802,0.751197,0.696649,540.457207
46.03,1.027802,0.751197,0.696645,540.457186
46.04,1.027802,0.751197,0.696642,540.457164
46.05,1.027802,0.751197,0.696639,540.457143
46.06,1.027802,0.751197,0.696636,540.457122
46.07,1.027802,0.751197,0.696633,540.4571
46.08,1.027802,0.751197,0.69663,540.457079
46.09,1.027802,0.751197,0.696626,540.457058
46.1,1.027802,0.751197,0.696623,540.457036
46.11,1.027802,0.751197,0.69662,540.457015
46.12,1.027802,0.751197,0.696617,540.456994
46.13,1.027802,0.751197,0.696614,540.456973
46.14,1.027802,0.751197,0.696611,540.456951
46.15,1.027802,0.751197,0.696608,540.45693
46.16,1.027802,0.751197,0.696604,540.456909
46.17,1.027802,0.751197,0.696601,540.456888
46.18,1.027802,0.751197,0.696598,540.456866
46.19,1.027802,0.751197,0.696595,540.456845
46.2,1.027802,0.751197,0.696592,540.456824
46.21,1.027802,0.751197,0.696589,540.456803
46.22,1.027802,0.751197,0.696586,540.456781
46.23,1.027802,0.751197,0.696583,540.45676
46.24,1.027802,0.751197,0.69658,540.456739
46.25,1.027802,0.751197,0.696577,540.456718
46.26,1.027802,0.751197,0.696574,540.456697
46.27,1.027802,0.751197,0.696571,540.456675
46.28,1.027802,0.751197,0.696567,540.456654
46.29,1.027802,0.751196,0.696564,540.456633
46.3,1.027802,0.751196,0.696561,540.456612
46.31,1.027802,0.751196,0.696558,540.456591
46.32,1.027802,0.751196,0.696555,540.456569
46.33,1.027802,0.751196,0.696552,540.456548
46.34,1.027802,0.751196,0.696549,540.456527
46.35,1.027802,0.751196,0.696546,540.456506
46.36,1.027802,0.751196,0.696543,540.456485
46.37,1.027802,0.751196,0.69654,540.456464
46.38,1.027802,0.751196,0.696537,540.456442
46.39,1.027802,0.751196,0.696534,540.456421
46.4,1.027802,0.751196,0.696531,540.4564
46.41,1.027802,0.751196,0.696528,540.456379
46.42,1.027802,0.751196,0.696526,540.456358
46.43,1.027802,0.751196,0.696523,540.456337
46.44,1.027802,0.751196,0.69652,540.456316
46.45,1.027802,0.751196,0.696517,540.456295
46.46,1.027802,0.751196,0.696514,540.456274
46.47,1.027802,0.751196,0.696511,540.456252
46.48,1.027802,0.751196,0.696508,540.456231
46.49,1.027802,0.751196,0.696505,540.45621
46.5,1.027802,0.751196,0.696502,540.456189
46.51,1.027802,0.751196,0.696499,540.456168
46.52,1.027802,0.751196,0.696496,540.456147
46.53,1.027802,0.751196,0.696493,540.456126
46.54,1.027802,0.751196,0.69649,540.456105
46.55,1.027802,0.751196,0.696488,540.456084
46.56,1.027802,0.751196,0.696485,540.456063
46.57,1.027802,0.751196,0.696482,540.456042
46.58,1.027802,0.751196,0.696479,540.456021
46.59,1.027802,0.751196,0.696476,540.456
46.6,1.027802,0.751196,0.696473,540.455979
46.61,1.027802,0.751196,0.69647,540.455958
46.62,1.027802,0.751196,0.696468,540.455937
46.63,1.027802,0.751196,0.696465,540.455916
46.64,1.027802,0.751195,0.696462,540.455895
46.65,1.027802,0.751195,0.696459,540.455874
46.66,1.027802,0.751195,0.696456,540.455853
46.67,1.027802,0.751195,0.696453,540.455832
46.68,1.027802,0.751195,0.696451,540.455811
46.69,1.027802,0.751195,0.696448,540.45579
46.7,1.027802,0.751195,0.696445,540.455769
46.71,1.027802,0.751195,0.696442,540.455748
46.72,1.027802,0.751195,0.696439,540.455727
46.73,1.027802,0.751195,0.696437,540.455706
46.74,1.027802,0.751195,0.696434,540.455685
46.75,1.027802,0.751195,0.696431,540.455664
46.76,1.027802,0.751195,0.696428,540.455643
46.77,1.027802,0.751195,0.696426,540.455622
46.78,1.027802,0.751195,0.696423,540.455602
46.79,1.027802,0.751195,0.69642,540.455581
46.8,1.027802,0.751195,0.696417,540.45556
46.81,1.027802,0.751195,0.696415,540.455539
46.82,1.027802,0.751195,0.696412,540.455518
46.83,1.027802,0.751195,0.696409,540.455497
46.84,1.027802,0.751195,0.696407,540.455476
46.85,1.027802,0.751195,0.696404,540.455455
46.86,1.027802,0.751195,0.696401,540.455434
46.87,1.027802,0.751195,0.696398,540.455414
46.88,1.027802,0.751195,0.696396,540.455393
46.89,1.027802,0.751195,0.696393,540.455372
46.9,1.027802,0.751195,0.69639,540.455351
46.91,1.027802,0.751195,0.696388,540.45533
46.92,1.027802,0.751195,0.696385,540.455309
46.93,1.027802,0.751195,0.696382,540.455289
46.94,1.027802,0.751195,0.69638,540.455268
46.95,1.027802,0.751195,0.696377,540.455247
46.96,1.027802,0.751195,0.696374,540.455226
46.97,1.027802,0.751195,0.696372,540.455205
46.98,1.027802,0.751195,0.696369,540.455184
46.99,1.027802,0.751194,0.696366,540.455164
47,1.027802,0.751194,0.696364,540.455143
47.01,1.027802,0.751194,0.696361,540.455122
47.02,1.027802,0.751194,0.696359,540.455101
47.03,1.027802,0.751194,0.696356,540.45508
47.04,1.027802,0.751194,0.696353,540.45506
47.05,1.027802,0.751194,0.696351,540.455039
47.06,1.027802,0.751194,0.696348,540.455018
47.07,1.027802,0.751194,0.696346,540.454997
47.08,1.027802,0.751194,0.696343,540.454977
47.09,1.027802,0.751194,0.69634,540.454956
47.1,1.027802,0.751194,0.696338,540.454935
47.11,1.027802,0.751194,0.696335,540.454914
47.12,1.027802,0.751194,0.696333,540.454894
47.13,1.027802,0.751194,0.69633,540.454873
47.14,1.027802,0.751194,0.696328,540.454852
47.15,1.027802,0.751194,0.696325,540.454832
47.16,1.027802,0.751194,0.696323,540.454811
47.17,1.027802,0.751194,0.69632,540.45479
47.18,1.027802,0.751194,0.696318,540.454769
47.19,1.027802,0.751194,0.696315,540.454749
47.2,1.027802,0.751194,0.696312,540.454728
47.21,1.027802,0.751194,0.69631,540.454707
47.22,1.027802,0.751194,0.696307,540.454687
47.23,1.027802,0.751194,0.696305,540.454666
47.24,1.027802,0.751194,0.696302,540.454645
47.25,1.027802,0.751194,0.6963,540.454625
47.26,1.027802,0.751194,0.696297,540.454604
47.27,1.027802,0.751194,0.696295,540.454583
47.28,1.027802,0.751194,0.696293,540.454563
47.29,1.027802,0.751194,0.69629,540.454542
47.3,1.027802,0.751194,0.696288,540.454522
47.31,1.027802,0.751194,0.696285,540.454501
47.32,1.027802,0.751194,0.696283,540.45448
47.33,1.027802,0.751194,0.69628,540.45446
47.34,1.027802,0.751193,0.696278,540.454439
47.35,1.027802,0.751193,0.696275,540.454418
47.36,1.027802,0.751193,0.696273,540.454398
47.37,1.027802,0.751193,0.69627,540.454377
47.38,1.027802,0.751193,0.696268,540.454357
47.39,1.027802,0.751193,0.696266,540.454336
47.4,1.027802,0.751193,0.696263,540.454315
47.41,1.027802,0.751193,0.696261,540.454295
47.42,1.027802,0.751193,0.696258,540.454274
47.43,1.027802,0.751193,0.696256,540.454254
47.44,1.027802,0.751193,0.696254,540.454233
47.45,1.027802,0.751193,0.696251,540.454213
47.46,1.027802,0.751193,0.696249,540.454192
47.47,1.027802,0.751193,0.696246,540.454172
47.48,1.027802,0.751193,0.696244,540.454151
47.49,1.027802,0.751193,0.696242,540.454131
47.5,1.027802,0.751193,0.696239,540.45411
47.51,1.027802,0.751193,0.696237,540.45409
47.52,1.027802,0.751193,0.696235,540.454069
47.53,1.027802,0.751193,0.696232,540.454048
47.54,1.027802,0.751193,0.69623,540.454028
47.55,1.027802,0.751193,0.696228,540.454008
47.56,1.027802,0.751193,0.696225,540.453987
47.57,1.027802,0.751193,0.696223,540.453967
47.58,1.027802,0.751193,0.696221,540.453946
47.59,1.027802,0.751193,0.696218,540.453926
47.6,1.027802,0.751193,0.696216,540.453905
47.61,1.027802,0.751193,0.696214,540.453885
47.62,1.027802,0.751193,0.696211,540.453864
47.63,1.027802,0.751193,0.696209,540.453844
47.64,1.027802,0.751193,0.696207,540.453823
47.65,1.027802,0.751193,0.696204,540.453803
47.66,1.027802,0.751193,0.696202,540.453782
47.67,1.027802,0.751193,0.6962,540.453762
47.68,1.027802,0.751193,0.696198,540.453742
47.69,1.027802,0.751192,0.696195,540.453721
47.7,1.027802,0.751192,0.696193,540.453701
47.71,1.027802,0.751192,0.696191,540.45368
47.72,1.027802,0.751192,0.696189,540.45366
47.73,1.027802,0.751192,0.696186,540.45364
47.74,1.027802,0.751192,0.696184,540.453619
47.75,1.027802,0.751192,0.696182,540.453599
47.76,1.027802,0.751192,0.69618,540.453578
47.77,1.027802,0.751192,0.696177,540.453558
47.78,1.027802,0.751192,0.696175,540.453538
47.79,1.027802,0.751192,0.696173,540.453517
47.8,1.027802,0.751192,0.696171,540.453497
47.81,1.027802,0.751192,0.696168,540.453477
47.82,1.027802,0.751192,0.696166,540.453456
47.83,1.027802,0.751192,0.696164,540.453436
47.84,1.027802,0.751192,0.696162,540.453416
47.85,1.027802,0.751192,0.69616,540.453395
47.86,1.027802,0.751192,0.696157,540.453375
47.87,1.027802,0.751192,0.696155,540.453355
47.88,1.027802,0.751192,0.696153,540.453334
47.89,1.027802,0.751192,0.696151,540.453314
47.9,1.027802,0.751192,0.696149,540.453294
47.91,1.027802,0.751192,0.696146,540.453273
47.92,1.027802,0.751192,0.696144,540.453253
47.93,1.027802,0.751192,0.696142,540.453233
47.94,1.027802,0.751192,0.69614,540.453212
47.95,1.027802,0.751192,0.696138,540.453192
47.96,1.027802,0.751192,0.696136,540.453172
47.97,1.027802,0.751192,0.696133,540.453152
47.98,1.027802,0.751192,0.696131,540.453131
47.99,1.027802,0.751192,0.696129,540.453111
48,1.027802,0.751192,0.696127,540.453091
48.01,1.027802,0.751192,0.696125,540.453071
48.02,1.027802,0.751192,0.696123,540.45305
48.03,1.027802,0.751192,0.696121,540.45303
48.04,1.027802,0.751192,0.696119,540.45301
48.05,1.027802,0.751191,0.696116,540.45299
48.06,1.027802,0.751191,0.696114,540.452969
48.07,1.027802,0.751191,0.696112,540.452949
48.08,1.027802,0.751191,0.69611,540.452929
48.09,1.027802,0.751191,0.696108,540.452909
48.1,1.027802,0.751191,0.696106,540.452889
48.11,1.027802,0.751191,0.696104,540.452868
48.12,1.027802,0.751191,0.696102,540.452848
48.13,1.027802,0.751191,0.6961,540.452828
48.14,1.027802,0.751191,0.696098,540.452808
48.15,1.027802,0.751191,0.696095,540.452788
48.16,1.027802,0.751191,0.696093,540.452768
48.17,1.027802,0.751191,0.696091,540.452747
48.18,1.027802,0.751191,0.696089,540.452727
48.19,1.027802,0.751191,0.696087,540.452707
48.2,1.027802,0.751191,0.696085,540.452687
48.21,1.027802,0.751191,0.696083,540.452667
48.22,1.027802,0.751191,0.696081,540.452647
48.23,1.027802,0.751191,0.696079,540.452627
48.24,1.027802,0.751191,0.696077,540.452606
48.25,1.027802,0.751191,0.696075,540.452586
48.26,1.027802,0.751191,0.696073,540.452566
48.27,1.027802,0.751191,0.696071,540.452546
48.28,1.027802,0.751191,0.696069,540.452526
48.29,1.027802,0.751191,0.696067,540.452506
48.3,1.027802,0.751191,0.696065,540.452486
48.31,1.027802,0.751191,0.696063,540.452466
48.32,1.027802,0.751191,0.696061,540.452446
48.33,1.027802,0.751191,0.696059,540.452426
48.34,1.027802,0.751191,0.696057,540.452405
48.35,1.027802,0.751191,0.696055,540.452385
48.36,1.027802,0.751191,0.696053,540.452365
48.37,1.027802,0.751191,0.696051,540.452345
48.38,1.027802,0.751191,0.696049,540.452325
48.39,1.027802,0.751191,0.696047,540.452305
48.4,1.027802,0.75119,0.696045,540.452285
48.41,1.027802,0.75119,0.696043,540.452265
48.42,1.027802,0.75119,0.696041,540.452245
48.43,1.027802,0.75119,0.696039,540.452225
48.44,1.027802,0.75119,0.696037,540.452205
48.45,1.027802,0.75119,0.696035,540.452185
48.46,1.027802,0.75119,0.696033,540.452165
48.47,1.027802,0.75119,0.696031,540.452145
48.48,1.027802,0.75119,0.696029,540.452125
48.49,1.027802,0.75119,0.696027,540.452105
48.5,1.027802,0.75119,0.696025,540.452085
48.51,1.027802,0.75119,0.696023,540.452065
48.52,1.027802,0.75119,0.696021,540.452045
48.53,1.027802,0.75119,0.696019,540.452025
48.54,1.027802,0.75119,0.696017,540.452005
48.55,1.027802,0.75119,0.696015,540.451985
48.56,1.027802,0.75119,0.696014,540.451965
48.57,1.027802,0.75119,0.696012,540.451945
48.58,1.027802,0.75119,0.69601,540.451925
48.59,1.027802,0.75119,0.696008,540.451905
48.6,1.027802,0.75119,0.696006,540.451885
48.61,1.027802,0.75119,0.696004,540.451866
48.62,1.027802,0.75119,0.696002,540.451846
48.63,1.027802,0.75119,0.696,540.451826
48.64,1.027802,0.75119,0.695998,540.451806
48.65,1.027802,0.75119,0.695996,540.451786
48.66,1.027802,0.75119,0.695994,540.451766
48.67,1.027802,0.75119,0.695993,540.451746
48.68,1.027802,0.75119,0.695991,540.451726
48.69,1.027802,0.75119,0.695989,540.451706
48.7,1.027802,0.75119,0.695987,540.451686
48.71,1.027802,0.75119,0.695985,540.451667
48.72,1.027802,0.75119,0.695983,540.451647
48.73,1.027802,0.75119,0.695981,540.451627
48.74,1.027802,0.75119,0.695979,540.451607
48.75,1.027802,0.75119,0.695977,540.451587
48.76,1.027802,0.75119,0.695976,540.451567
48.77,1.027802,0.751189,0.695974,540.451547
48.78,1.027802,0.751189,0.695972,540.451528
48.79,1.027802,0.751189,0.69597,540.451508
48.8,1.027802,0.751189,0.695968,540.451488
48.81,1.027802,0.751189,0.695966,540.451468
48.82,1.027802,0.751189,0.695964,540.451448
48.83,1.027802,0.751189,0.695963,540.451428
48.84,1.027802,0.751189,0.695961,540.451409
48.85,1.027802,0.751189,0.695959,540.451389
48.86,1.027802,0.751189,0.695957,540.451369
48.87,1.027802,0.751189,0.695955,540.451349
48.88,1.027802,0.751189,0.695953,540.451329
48.89,1.027802,0.751189,0.695952,540.45131
48.9,1.027802,0.751189,0.69595,540.45129
48.91,1.027802,0.751189,0.695948,540.45127
48.92,1.027802,0.751189,0.695946,540.45125
48.93,1.027802,0.751189,0.695944,540.451231
48.94,1.027802,0.751189,0.695943,540.451211
48.95,1.027802,0.751189,0.695941,540.451191
48.96,1.027802,0.751189,0.695939,540.451171
48.97,1.027802,0.751189,0.695937,540.451152
48.98,1.027802,0.751189,0.695935,540.451132
48.99,1.027802,0.751189,0.695933,540.451112
49,1.027802,0.751189,0.695932,540.451092
49.01,1.027802,0.751189,0.69593,540.451073
49.02,1.027802,0.751189,0.695928,540.451053
49.03,1.027802,0.751189,0.695926,540.451033
49.04,1.027802,0.751189,0.695925,540.451014
49.05,1.027802,0.751189,0.695923,540.450994
49.06,1.027802,0.751189,0.695921,540.450974
49.07,1.027802,0.751189,0.695919,540.450955
49.08,1.027802,0.751189,0.695917,540.450935
49.09,1.027802,0.751189,0.695916,540.450915
49.1,1.027802,0.751189,0.695914,540.450896
49.11,1.027802,0.751189,0.695912,540.450876
49.12,1.027802,0.751189,0.69591,540.450856
49.13,1.027802,0.751188,0.695909,540.450837
49.14,1.027802,0.751188,0.695907,540.450817
49.15,1.027802,0.751188,0.695905,540.450797
49.16,1.027802,0.751188,0.695903,540.450778
49.17,1.027802,0.751188,0.695901,540.450758
49.18,1.027802,0.751188,0.6959,540.450738
49.19,1.027802,0.751188,0.695898,540.450719
49.2,1.027802,0.751188,0.695896,540.450699
49.21,1.027802,0.751188,0.695894,540.450679
49.22,1.027802,0.751188,0.695893,540.45066
49.23,1.027802,0.751188,0.695891,540.45064
49.24,1.027802,0.751188,0.695889,540.450621
49.25,1.027802,0.751188,0.695887,540.450601
49.26,1.027802,0.751188,0.695886,540.450581
49.27,1.027802,0.751188,0.695884,540.450562
49.28,1.027802,0.751188,0.695882,540.450542
49.29,1.027802,0.751188,0.695881,540.450523
49.3,1.027802,0.751188,0.695879,540.450503
49.31,1.027802,0.751188,0.695877,540.450484
49.32,1.027802,0.751188,0.695875,540.450464
49.33,1.027802,0.751188,0.695874,540.450445
49.34,1.027802,0.751188,0.695872,540.450425
49.35,1.027802,0.751188,0.69587,540.450405
49.36,1.027802,0.751188,0.695868,540.450386
49.37,1.027802,0.751188,0.695867,540.450366
49.38,1.027802,0.751188,0.695865,540.450347
49.39,1.027802,0.751188,0.695863,540.450327
49.4,1.027802,0.751188,0.695862,540.450308
49.41,1.027802,0.751188,0.69586,540.450288
49.42,1.027802,0.751188,0.695858,540.450269
49.43,1.027802,0.751188,0.695856,540.450249
49.44,1.027802,0.751188,0.695855,540.45023
49.45,1.027802,0.751188,0.695853,540.45021
49.46,1.027802,0.751188,0.695851,540.450191
49.47,1.027802,0.751188,0.69585,540.450171
49.48,1.027802,0.751188,0.695848,540.450152
49.49,1.027802,0.751188,0.695846,540.450132
49.5,1.027802,0.751187,0.695845,540.450113
49.51,1.027802,0.751187,0.695843,540.450093
49.52,1.027802,0.751187,0.695841,540.450074
49.53,1.027802,0.751187,0.69584,540.450055
49.54,1.027802,0.751187,0.695838,540.450035
49.55,1.027802,0.751187,0.695836,540.450016
49.56,1.027802,0.751187,0.695834,540.449996
49.57,1.027802,0.751187,0.695833,540.449977
49.58,1.027802,0.751187,0.695831,540.449957
49.59,1.027802,0.751187,0.695829,540.449938
49.6,1.027802,0.751187,0.695828,540.449919
49.61,1.027802,0.751187,0.695826,540.449899
49.62,1.027802,0.751187,0.695824,540.44988
49.63,1.027802,0.751187,0.695823,540.44986
49.64,1.027802,0.751187,0.695821,540.449841
49.65,1.027802,0.751187,0.695819,540.449822
49.66,1.027802,0.751187,0.695818,540.449802
49.67,1.027802,0.751187,0.695816,540.449783
49.68,1.027802,0.751187,0.695814,540.449764
49.69,1.027802,0.751187,0.695813,540.449744
49.7,1.027802,0.751187,0.695811,540.449725
49.71,1.027802,0.751187,0.695809,540.449705
49.72,1.027802,0.751187,0.695808,540.449686
49.73,1.027802,0.751187,0.695806,540.449667
49.74,1.027802,0.751187,0.695804,540.449647
49.75,1.027802,0.751187,0.695803,540.449628
49.76,1.027802,0.751187,0.695801,540.449609
49.77,1.027802,0.751187,0.6958,540.449589
49.78,1.027802,0.751187,0.695798,540.44957
49.79,1.027802,0.751187,0.695796,540.449551
49.8,1.027802,0.751187,0.695795,540.449531
49.81,1.027802,0.751187,0.695793,540.449512
49.82,1.027802,0.751187,0.695791,540.449493
49.83,1.027802,0.751187,0.69579,540.449474
49.84,1.027802,0.751187,0.695788,540.449454
49.85,1.027802,0.751187,0.695786,540.449435
49.86,1.027802,0.751187,0.695785,540.449416
49.87,1.027802,0.751186,0.695783,540.449396
49.88,1.027802,0.751186,0.695781,540.449377
49.89,1.027802,0.751186,0.69578,540.449358
49.9,1.027802,0.751186,0.695778,540.449339
49.91,1.027802,0.751186,0.695777,540.449319
49.92,1.027802,0.751186,0.695775,540.4493
49.93,1.027802,0.751186,0.695773,540.449281
49.94,1.027802,0.751186,0.695772,540.449262
49.95,1.027802,0.751186,0.69577,540.449242
49.96,1.027802,0.751186,0.695768,540.449223
49.97,1.027802,0.751186,0.695767,540.449204
49.98,1.027802,0.751186,0.695765,540.449185
49.99,1.027802,0.751186,0.695764,540.449166
50,1.027802,0.751186,0.695762,540.449146
