b:tnow in s,s:ut in p.u.,s:cur1 in p.u.,s:Q1 in Mvar,s:P1 in MW
0,1.0265,0.808879,22.841625,830
0.01,1.026303,0.809422,23.057975,830.391528
0.02,1.026294,0.809428,23.047133,830.391011
0.03,1.026286,0.809431,23.037758,830.388582
0.04,1.02628,0.809432,23.029549,830.385401
0.05,1.026276,0.809433,23.02227,830.382207
0.06,1.026271,0.809433,23.015743,830.379435
0.07,1.026268,0.809434,23.009833,830.377328
0.08,1.026265,0.809435,23.004438,830.375999
0.09,1.026262,0.809436,22.999476,830.375477
0.1,1.02626,0.809438,22.994883,830.375741
0.11,1.026258,0.809441,22.990608,830.376736
0.12,1.026256,0.809444,22.986607,830.378387
0.13,1.026254,0.809447,22.982845,830.380609
0.14,1.026252,0.809451,22.979292,830.38331
0.15,1.026251,0.809455,22.975923,830.386397
0.16,1.026249,0.80946,22.972716,830.389777
0.17,1.026248,0.809464,22.969653,830.39336
0.18,1.026247,0.809469,22.966716,830.397059
0.19,1.026246,0.809473,22.963894,830.400788
0.2,1.026245,0.809477,22.961173,830.404468
0.21,1.026244,0.809481,22.958544,830.408024
0.22,1.026243,0.809485,22.955999,830.411384
0.23,1.026243,0.809488,22.953532,830.41448
0.24,1.026242,0.809491,22.951137,830.417252
0.25,1.026242,0.809494,22.94881,830.419641
0.26,1.026242,0.809496,22.946549,830.421596
0.27,1.026242,0.809497,22.944352,830.423067
0.28,1.026243,0.809497,22.942218,830.424012
0.29,1.026244,0.809497,22.940147,830.424393
0.3,1.026244,0.809496,22.93814,830.424175
0.31,1.026246,0.809494,22.936198,830.423331
0.32,1.026247,0.809492,22.934323,830.421837
0.33,1.026249,0.809488,22.932518,830.419672
0.34,1.026251,0.809484,22.930784,830.416823
0.35,1.026253,0.809479,22.929126,830.41328
0.36,1.026255,0.809472,22.927546,830.409038
0.37,1.026258,0.809465,22.926048,830.404096
0.38,1.026261,0.809457,22.924636,830.398459
0.39,1.026265,0.809449,22.923312,830.392133
0.4,1.026268,0.809439,22.922081,830.385132
0.41,1.026272,0.809428,22.920946,830.377472
0.42,1.026276,0.809417,22.91991,830.369172
0.43,1.026281,0.809405,22.918978,830.360258
0.44,1.026286,0.809392,22.918152,830.350756
0.45,1.026291,0.809378,22.917436,830.340697
0.46,1.026296,0.809364,22.916832,830.330115
0.47,1.026301,0.809348,22.916343,830.319047
0.48,1.026307,0.809333,22.915972,830.307532
0.49,1.026313,0.809317,22.91572,830.295612
0.5,1.026319,0.8093,22.915589,830.28333
0.51,1.026325,0.809283,22.915582,830.270733
0.52,1.026331,0.809265,22.915699,830.257868
0.53,1.026337,0.809247,22.915942,830.244784
0.54,1.026344,0.809229,22.916311,830.23153
0.55,1.026351,0.809211,22.916805,830.218157
0.56,1.026357,0.809193,22.917427,830.204718
0.57,1.026364,0.809174,22.918174,830.191263
0.58,1.026371,0.809156,22.919047,830.177844
0.59,1.026378,0.809137,22.920044,830.164513
0.6,1.026385,0.809119,22.921164,830.151321
0.61,1.026392,0.809101,22.922406,830.138319
0.62,1.026399,0.809083,22.923767,830.125556
0.63,1.026405,0.809066,22.925246,830.11308
0.64,1.026412,0.809049,22.92684,830.10094
0.65,1.026419,0.809032,22.928546,830.08918
0.66,1.026425,0.809016,22.930361,830.077845
0.67,1.026432,0.809,22.932282,830.066977
0.68,1.026438,0.808985,22.934306,830.056615
0.69,1.026444,0.808971,22.936428,830.046799
0.7,1.02645,0.808958,22.938644,830.037563
0.71,1.026456,0.808945,22.940951,830.02894
0.72,1.026461,0.808933,22.943344,830.020962
0.73,1.026467,0.808921,22.945819,830.013656
0.74,1.026472,0.808911,22.94837,830.007048
0.75,1.026477,0.808902,22.950994,830.001159
0.76,1.026481,0.808893,22.953684,829.99601
0.77,1.026485,0.808885,22.956436,829.991618
0.78,1.026489,0.808879,22.959245,829.987996
0.79,1.026493,0.808873,22.962106,829.985155
0.8,1.026497,0.808868,22.965012,829.983104
0.81,1.0265,0.808865,22.96796,829.981847
0.82,1.026503,0.808862,22.970942,829.981387
0.83,1.026505,0.808861,22.973954,829.981725
0.84,1.026507,0.80886,22.976991,829.982855
0.85,1.026509,0.80886,22.980046,829.984773
0.86,1.026511,0.808862,22.983115,829.98747
0.87,1.026512,0.808864,22.986192,829.990935
0.88,1.026513,0.808868,22.989272,829.995155
0.89,1.026514,0.808872,22.992349,830.000112
0.9,1.026514,0.808878,22.995418,830.00579
0.91,1.026514,0.808884,22.998474,830.012168
0.92,1.026514,0.808891,23.001512,830.019224
0.93,1.026513,0.808899,23.004527,830.026932
0.94,1.026512,0.808908,23.007514,830.035267
0.95,1.026511,0.808918,23.010468,830.044202
0.96,1.02651,0.808928,23.013385,830.053706
0.97,1.026508,0.808939,23.01626,830.06375
0.98,1.026506,0.808951,23.01909,830.0743
0.99,1.026504,0.808964,23.021869,830.085324
1,1.026501,0.808977,23.024594,830.096787
1.01,1.026499,0.808991,23.027262,830.108655
1.02,1.026496,0.809005,23.029869,830.120891
1.03,1.026492,0.80902,23.032411,830.133459
1.04,1.026489,0.809035,23.034885,830.146321
1.05,1.026486,0.809051,23.037289,830.159442
1.06,1.026482,0.809067,23.039619,830.172782
1.07,1.026478,0.809083,23.041874,830.186304
1.08,1.026474,0.8091,23.04405,830.19997
1.09,1.02647,0.809116,23.046146,830.213744
1.1,1.026466,0.809133,23.04816,830.227587
1.11,1.026461,0.80915,23.05009,830.241463
1.12,1.026457,0.809167,23.051935,830.255335
1.13,1.026452,0.809184,23.053695,830.269167
1.14,1.026448,0.809201,23.055367,830.282924
1.15,1.026443,0.809218,23.056952,830.296571
1.16,1.026439,0.809235,23.058449,830.310075
1.17,1.026434,0.809252,23.059857,830.323402
1.18,1.026429,0.809268,23.061178,830.336522
1.19,1.026425,0.809284,23.062411,830.349404
1.2,1.02642,0.8093,23.063557,830.362017
1.21,1.026416,0.809316,23.064616,830.374334
1.22,1.026411,0.809331,23.06559,830.386328
1.23,1.026407,0.809346,23.066479,830.397973
1.24,1.026403,0.80936,23.067286,830.409244
1.25,1.026398,0.809374,23.068011,830.42012
1.26,1.026394,0.809388,23.068657,830.430577
1.27,1.02639,0.809401,23.069226,830.440598
1.28,1.026387,0.809413,23.069719,830.450162
1.29,1.026383,0.809425,23.070139,830.459254
1.3,1.026379,0.809436,23.070489,830.467858
1.31,1.026376,0.809446,23.070771,830.475961
1.32,1.026373,0.809456,23.070988,830.483551
1.33,1.02637,0.809466,23.071143,830.490617
1.34,1.026367,0.809474,23.071239,830.497151
1.35,1.026364,0.809482,23.071279,830.503146
1.36,1.026362,0.80949,23.071266,830.508596
1.37,1.026359,0.809496,23.071204,830.513498
1.38,1.026357,0.809502,23.071095,830.517849
1.39,1.026355,0.809507,23.070945,830.521649
1.4,1.026354,0.809512,23.070755,830.524899
1.41,1.026352,0.809516,23.070529,830.527602
1.42,1.026351,0.809519,23.070271,830.529761
1.43,1.02635,0.809521,23.069985,830.531382
1.44,1.026349,0.809523,23.069673,830.532473
1.45,1.026348,0.809524,23.06934,830.533041
1.46,1.026348,0.809524,23.068988,830.533097
1.47,1.026348,0.809524,23.068622,830.532651
1.48,1.026348,0.809523,23.068244,830.531716
1.49,1.026348,0.809521,23.067857,830.530307
1.5,1.026348,0.809519,23.067465,830.528436
1.51,1.026349,0.809516,23.067072,830.526121
1.52,1.02635,0.809513,23.066678,830.523378
1.53,1.026351,0.809509,23.066289,830.520226
1.54,1.026352,0.809505,23.065905,830.516682
1.55,1.026353,0.8095,23.06553,830.512767
1.56,1.026355,0.809494,23.065167,830.508501
1.57,1.026357,0.809489,23.064816,830.503904
1.58,1.026359,0.809482,23.064481,830.499
1.59,1.026361,0.809476,23.064163,830.493808
1.6,1.026363,0.809468,23.063864,830.488353
1.61,1.026365,0.809461,23.063586,830.482658
1.62,1.026368,0.809453,23.063329,830.476744
1.63,1.026371,0.809445,23.063095,830.470637
1.64,1.026373,0.809437,23.062886,830.464358
1.65,1.026376,0.809428,23.062701,830.457932
1.66,1.026379,0.80942,23.062542,830.451382
1.67,1.026382,0.809411,23.062408,830.444732
1.68,1.026386,0.809402,23.062301,830.438004
1.69,1.026389,0.809392,23.06222,830.431221
1.7,1.026392,0.809383,23.062165,830.424406
1.71,1.026396,0.809374,23.062136,830.41758
1.72,1.026399,0.809364,23.062132,830.410765
1.73,1.026403,0.809355,23.062154,830.403981
1.74,1.026406,0.809346,23.0622,830.397249
1.75,1.02641,0.809336,23.062269,830.390588
1.76,1.026414,0.809327,23.06236,830.384016
1.77,1.026417,0.809318,23.062473,830.377551
1.78,1.026421,0.809309,23.062606,830.371209
1.79,1.026425,0.8093,23.062757,830.365007
1.8,1.026428,0.809291,23.062926,830.35896
1.81,1.026432,0.809282,23.063111,830.35308
1.82,1.026436,0.809274,23.06331,830.34738
1.83,1.026439,0.809266,23.063522,830.341873
1.84,1.026443,0.809258,23.063745,830.336568
1.85,1.026446,0.80925,23.063977,830.331474
1.86,1.02645,0.809242,23.064218,830.3266
1.87,1.026453,0.809235,23.064464,830.321953
1.88,1.026457,0.809228,23.064714,830.317537
1.89,1.02646,0.809221,23.064967,830.313358
1.9,1.026464,0.809215,23.065221,830.309419
1.91,1.026467,0.809209,23.065475,830.305722
1.92,1.02647,0.809203,23.065726,830.302268
1.93,1.026473,0.809197,23.065973,830.299057
1.94,1.026476,0.809192,23.066215,830.296088
1.95,1.026479,0.809187,23.06645,830.293359
1.96,1.026482,0.809182,23.066677,830.290866
1.97,1.026485,0.809178,23.066895,830.288607
1.98,1.026488,0.809174,23.067103,830.286574
1.99,1.026491,0.80917,23.067299,830.284764
2,1.026493,0.809166,23.067483,830.283169
2.01,1.026496,0.809163,23.067654,830.281782
2.02,1.026498,0.80916,23.067811,830.280595
2.03,1.026501,0.809157,23.067954,830.2796
2.04,1.026503,0.809154,23.068082,830.278787
2.05,1.026505,0.809152,23.068195,830.278147
2.06,1.026507,0.80915,23.068293,830.27767
2.07,1.02651,0.809148,23.068375,830.277346
2.08,1.026512,0.809146,23.068442,830.277165
2.09,1.026514,0.809144,23.068495,830.277116
2.1,1.026515,0.809143,23.068532,830.277189
2.11,1.026517,0.809142,23.068555,830.277374
2.12,1.026519,0.80914,23.068564,830.277659
2.13,1.026521,0.809139,23.06856,830.278035
2.14,1.026522,0.809139,23.068544,830.278491
2.15,1.026524,0.809138,23.068516,830.279019
2.16,1.026525,0.809137,23.068477,830.279608
2.17,1.026527,0.809137,23.068428,830.28025
2.18,1.026528,0.809136,23.068371,830.280936
2.19,1.02653,0.809136,23.068307,830.281658
2.2,1.026531,0.809136,23.068236,830.28241
2.21,1.026532,0.809136,23.06816,830.283185
2.22,1.026533,0.809135,23.06808,830.283976
2.23,1.026534,0.809135,23.067998,830.284779
2.24,1.026535,0.809135,23.067915,830.285588
2.25,1.026536,0.809135,23.067832,830.286401
2.26,1.026537,0.809135,23.06775,830.287215
2.27,1.026538,0.809135,23.067672,830.288027
2.28,1.026539,0.809135,23.067597,830.288836
2.29,1.02654,0.809136,23.067528,830.289643
2.3,1.026541,0.809136,23.067465,830.290446
2.31,1.026541,0.809136,23.067411,830.291248
2.32,1.026542,0.809136,23.067365,830.29205
2.33,1.026543,0.809137,23.067329,830.292856
2.34,1.026543,0.809137,23.067304,830.293668
2.35,1.026543,0.809138,23.067291,830.294492
2.36,1.026544,0.809138,23.06729,830.295331
2.37,1.026544,0.809139,23.067303,830.296193
2.38,1.026544,0.809139,23.06733,830.297082
2.39,1.026545,0.80914,23.067371,830.298006
2.4,1.026545,0.809141,23.067427,830.298971
2.41,1.026545,0.809142,23.067498,830.299986
2.42,1.026545,0.809143,23.067584,830.301059
2.43,1.026545,0.809144,23.067685,830.302197
2.44,1.026544,0.809145,23.067801,830.30341
2.45,1.026544,0.809147,23.067932,830.304707
2.46,1.026544,0.809149,23.068077,830.306095
2.47,1.026543,0.80915,23.068237,830.307584
2.48,1.026543,0.809152,23.068409,830.309183
2.49,1.026542,0.809154,23.068595,830.310901
2.5,1.026542,0.809157,23.068792,830.312746
2.51,1.026541,0.809159,23.068999,830.314726
2.52,1.02654,0.809162,23.069217,830.31685
2.53,1.026539,0.809165,23.069442,830.319125
2.54,1.026538,0.809168,23.069675,830.321558
2.55,1.026537,0.809172,23.069914,830.324155
2.56,1.026535,0.809176,23.070157,830.326923
2.57,1.026534,0.809179,23.070403,830.329867
2.58,1.026533,0.809184,23.07065,830.332991
2.59,1.026531,0.809188,23.070896,830.336299
2.6,1.026529,0.809193,23.071139,830.339795
2.61,1.026528,0.809198,23.071379,830.34348
2.62,1.026526,0.809203,23.071612,830.347356
2.63,1.026524,0.809209,23.071838,830.351423
2.64,1.026522,0.809215,23.072053,830.355681
2.65,1.026519,0.809221,23.072257,830.360127
2.66,1.026517,0.809227,23.072447,830.36476
2.67,1.026515,0.809234,23.072621,830.369576
2.68,1.026512,0.80924,23.072778,830.37457
2.69,1.02651,0.809247,23.072915,830.379737
2.7,1.026507,0.809255,23.073031,830.38507
2.71,1.026504,0.809262,23.073124,830.390561
2.72,1.026501,0.80927,23.073192,830.396203
2.73,1.026498,0.809278,23.073234,830.401985
2.74,1.026496,0.809286,23.073247,830.407897
2.75,1.026492,0.809294,23.073231,830.413929
2.76,1.026489,0.809303,23.073184,830.420067
2.77,1.026486,0.809311,23.073104,830.4263
2.78,1.026483,0.80932,23.072991,830.432613
2.79,1.02648,0.809329,23.072843,830.438993
2.8,1.026476,0.809337,23.072659,830.445423
2.81,1.026473,0.809346,23.072439,830.45189
2.82,1.02647,0.809355,23.07218,830.458376
2.83,1.026466,0.809364,23.071884,830.464867
2.84,1.026463,0.809373,23.071549,830.471344
2.85,1.02646,0.809382,23.071175,830.47779
2.86,1.026456,0.809391,23.070762,830.48419
2.87,1.026453,0.8094,23.070309,830.490525
2.88,1.02645,0.809409,23.069817,830.496778
2.89,1.026446,0.809417,23.069285,830.502931
2.9,1.026443,0.809426,23.068715,830.508968
2.91,1.02644,0.809434,23.068106,830.514872
2.92,1.026436,0.809442,23.067459,830.520625
2.93,1.026433,0.80945,23.066775,830.526212
2.94,1.02643,0.809458,23.066054,830.531616
2.95,1.026427,0.809465,23.065297,830.536823
2.96,1.026424,0.809472,23.064507,830.541817
2.97,1.026421,0.809479,23.063682,830.546584
2.98,1.026418,0.809486,23.062826,830.551111
2.99,1.026416,0.809492,23.061939,830.555385
3,1.026413,0.809498,23.061024,830.559395
3.01,1.026411,0.809504,23.06008,830.563129
3.02,1.026408,0.809509,23.059111,830.566578
3.03,1.026406,0.809514,23.058118,830.569732
3.04,1.026404,0.809518,23.057102,830.572584
3.05,1.026402,0.809522,23.056066,830.575126
3.06,1.0264,0.809526,23.055012,830.577354
3.07,1.026398,0.809529,23.053941,830.579263
3.08,1.026397,0.809532,23.052856,830.580848
3.09,1.026395,0.809534,23.051758,830.582109
3.1,1.026394,0.809536,23.050651,830.583043
3.11,1.026392,0.809538,23.049535,830.583651
3.12,1.026391,0.809539,23.048413,830.583935
3.13,1.02639,0.809539,23.047287,830.583896
3.14,1.02639,0.80954,23.04616,830.583539
3.15,1.026389,0.80954,23.045033,830.582868
3.16,1.026389,0.809539,23.043909,830.581889
3.17,1.026388,0.809538,23.042789,830.580608
3.18,1.026388,0.809537,23.041675,830.579035
3.19,1.026388,0.809535,23.04057,830.577178
3.2,1.026388,0.809533,23.039476,830.575047
3.21,1.026388,0.80953,23.038393,830.572653
3.22,1.026389,0.809527,23.037325,830.570009
3.23,1.026389,0.809524,23.036273,830.567125
3.24,1.02639,0.80952,23.035238,830.564017
3.25,1.02639,0.809517,23.034221,830.560698
3.26,1.026391,0.809513,23.033226,830.557182
3.27,1.026392,0.809508,23.032252,830.553486
3.28,1.026393,0.809504,23.031302,830.549624
3.29,1.026394,0.809499,23.030376,830.545614
3.3,1.026396,0.809494,23.029475,830.541472
3.31,1.026397,0.809488,23.028601,830.537214
3.32,1.026398,0.809483,23.027755,830.532858
3.33,1.0264,0.809477,23.026937,830.528421
3.34,1.026402,0.809472,23.026148,830.523919
3.35,1.026403,0.809466,23.025388,830.519372
3.36,1.026405,0.80946,23.024659,830.514795
3.37,1.026407,0.809454,23.023961,830.510205
3.38,1.026409,0.809448,23.023294,830.50562
3.39,1.02641,0.809442,23.022657,830.501055
3.4,1.026412,0.809436,23.022053,830.496527
3.41,1.026414,0.809431,23.021479,830.492052
3.42,1.026416,0.809425,23.020937,830.487645
3.43,1.026418,0.809419,23.020426,830.48332
3.44,1.02642,0.809413,23.019947,830.479092
3.45,1.026422,0.809408,23.019497,830.474974
3.46,1.026424,0.809402,23.019079,830.470979
3.47,1.026426,0.809397,23.01869,830.467118
3.48,1.026428,0.809392,23.018331,830.463403
3.49,1.02643,0.809387,23.018,830.459845
3.5,1.026432,0.809382,23.017698,830.456452
3.51,1.026434,0.809377,23.017423,830.453234
3.52,1.026436,0.809373,23.017175,830.450199
3.53,1.026438,0.809368,23.016953,830.447353
3.54,1.02644,0.809364,23.016756,830.444703
3.55,1.026441,0.809361,23.016583,830.442253
3.56,1.026443,0.809357,23.016434,830.440009
3.57,1.026445,0.809354,23.016308,830.437972
3.58,1.026446,0.809351,23.016203,830.436146
3.59,1.026448,0.809348,23.016119,830.434532
3.6,1.026449,0.809345,23.016054,830.43313
3.61,1.026451,0.809343,23.016009,830.431941
3.62,1.026452,0.809341,23.015981,830.430963
3.63,1.026453,0.809339,23.01597,830.430194
3.64,1.026454,0.809338,23.015975,830.429632
3.65,1.026456,0.809337,23.015996,830.429273
3.66,1.026457,0.809336,23.01603,830.429112
3.67,1.026458,0.809335,23.016078,830.429146
3.68,1.026459,0.809334,23.016139,830.429368
3.69,1.026459,0.809334,23.016211,830.429772
3.7,1.02646,0.809334,23.016294,830.430352
3.71,1.026461,0.809334,23.016387,830.431101
3.72,1.026461,0.809335,23.016489,830.432011
3.73,1.026462,0.809335,23.0166,830.433073
3.74,1.026463,0.809336,23.016719,830.43428
3.75,1.026463,0.809337,23.016846,830.435624
3.76,1.026463,0.809338,23.016979,830.437094
3.77,1.026464,0.80934,23.017118,830.438682
3.78,1.026464,0.809341,23.017264,830.440379
3.79,1.026464,0.809343,23.017414,830.442176
3.8,1.026464,0.809344,23.01757,830.444063
3.81,1.026464,0.809346,23.01773,830.44603
3.82,1.026464,0.809348,23.017895,830.448069
3.83,1.026464,0.80935,23.018063,830.450171
3.84,1.026464,0.809353,23.018236,830.452326
3.85,1.026464,0.809355,23.018412,830.454527
3.86,1.026464,0.809357,23.018591,830.456763
3.87,1.026463,0.80936,23.018774,830.459027
3.88,1.026463,0.809362,23.018959,830.461312
3.89,1.026463,0.809364,23.019148,830.463609
3.9,1.026463,0.809367,23.01934,830.465911
3.91,1.026462,0.80937,23.019536,830.468212
3.92,1.026462,0.809372,23.019734,830.470506
3.93,1.026461,0.809375,23.019935,830.472786
3.94,1.026461,0.809377,23.02014,830.475047
3.95,1.02646,0.80938,23.020348,830.477285
3.96,1.02646,0.809382,23.02056,830.479495
3.97,1.026459,0.809385,23.020775,830.481673
3.98,1.026459,0.809387,23.020994,830.483816
3.99,1.026458,0.80939,23.021217,830.485922
4,1.026458,0.809392,23.021443,830.487988
4.01,1.026457,0.809395,23.021674,830.490012
4.02,1.026457,0.809397,23.021909,830.491994
4.03,1.026456,0.8094,23.022148,830.493934
4.04,1.026455,0.809402,23.022392,830.49583
4.05,1.026455,0.809404,23.02264,830.497683
4.06,1.026454,0.809406,23.022893,830.499495
4.07,1.026453,0.809409,23.023151,830.501267
4.08,1.026453,0.809411,23.023413,830.503
4.09,1.026452,0.809413,23.02368,830.504697
4.1,1.026451,0.809415,23.023953,830.506361
4.11,1.026451,0.809417,23.02423,830.507994
4.12,1.02645,0.80942,23.024511,830.5096
4.13,1.026449,0.809422,23.024798,830.511182
4.14,1.026449,0.809424,23.025089,830.512744
4.15,1.026448,0.809426,23.025385,830.514291
4.16,1.026447,0.809428,23.025685,830.515826
4.17,1.026446,0.80943,23.025989,830.517355
4.18,1.026446,0.809432,23.026298,830.518881
4.19,1.026445,0.809434,23.02661,830.520409
4.2,1.026444,0.809436,23.026925,830.521945
4.21,1.026443,0.809438,23.027244,830.523492
4.22,1.026443,0.809441,23.027565,830.525056
4.23,1.026442,0.809443,23.027889,830.52664
4.24,1.026441,0.809445,23.028215,830.52825
4.25,1.02644,0.809447,23.028542,830.52989
4.26,1.026439,0.80945,23.028871,830.531564
4.27,1.026438,0.809452,23.0292,830.533276
4.28,1.026438,0.809454,23.029529,830.535029
4.29,1.026437,0.809457,23.029858,830.536828
4.3,1.026436,0.809459,23.030186,830.538675
4.31,1.026435,0.809462,23.030512,830.540573
4.32,1.026434,0.809465,23.030836,830.542524
4.33,1.026433,0.809467,23.031157,830.544532
4.34,1.026432,0.80947,23.031475,830.546596
4.35,1.026431,0.809473,23.031788,830.54872
4.36,1.02643,0.809476,23.032097,830.550903
4.37,1.026429,0.809479,23.0324,830.553146
4.38,1.026428,0.809482,23.032697,830.555449
4.39,1.026427,0.809485,23.032988,830.557812
4.4,1.026425,0.809488,23.033271,830.560233
4.41,1.026424,0.809492,23.033546,830.562711
4.42,1.026423,0.809495,23.033812,830.565245
4.43,1.026422,0.809499,23.034069,830.567831
4.44,1.026421,0.809502,23.034316,830.570467
4.45,1.02642,0.809506,23.034553,830.57315
4.46,1.026418,0.809509,23.034778,830.575876
4.47,1.026417,0.809513,23.034992,830.578641
4.48,1.026416,0.809517,23.035194,830.58144
4.49,1.026415,0.80952,23.035383,830.584268
4.5,1.026414,0.809524,23.035559,830.58712
4.51,1.026412,0.809528,23.035722,830.589989
4.52,1.026411,0.809532,23.035871,830.592871
4.53,1.02641,0.809535,23.036006,830.595758
4.54,1.026409,0.809539,23.036126,830.598644
4.55,1.026407,0.809543,23.036232,830.601522
4.56,1.026406,0.809547,23.036323,830.604384
4.57,1.026405,0.80955,23.036399,830.607224
4.58,1.026404,0.809554,23.03646,830.610033
4.59,1.026403,0.809558,23.036506,830.612804
4.6,1.026402,0.809561,23.036537,830.615529
4.61,1.026401,0.809565,23.036553,830.618201
4.62,1.0264,0.809568,23.036554,830.620811
4.63,1.026398,0.809571,23.036541,830.623352
4.64,1.026397,0.809574,23.036513,830.625815
4.65,1.026397,0.809578,23.036471,830.628193
4.66,1.026396,0.80958,23.036415,830.630479
4.67,1.026395,0.809583,23.036347,830.632665
4.68,1.026394,0.809586,23.036265,830.634744
4.69,1.026393,0.809589,23.036171,830.636708
4.7,1.026392,0.809591,23.036066,830.638552
4.71,1.026392,0.809593,23.035949,830.640268
4.72,1.026391,0.809595,23.035822,830.64185
4.73,1.026391,0.809597,23.035685,830.643293
4.74,1.02639,0.809599,23.03554,830.644592
4.75,1.02639,0.8096,23.035386,830.645741
4.76,1.026389,0.809601,23.035225,830.646737
4.77,1.026389,0.809602,23.035058,830.647574
4.78,1.026389,0.809603,23.034885,830.64825
4.79,1.026389,0.809604,23.034708,830.648762
4.8,1.026388,0.809604,23.034527,830.649106
4.81,1.026388,0.809604,23.034344,830.649283
4.82,1.026389,0.809604,23.034159,830.649289
4.83,1.026389,0.809604,23.033974,830.649124
4.84,1.026389,0.809604,23.03379,830.648789
4.85,1.026389,0.809603,23.033608,830.648283
4.86,1.02639,0.809602,23.033428,830.647608
4.87,1.02639,0.809601,23.033252,830.646765
4.88,1.02639,0.809599,23.033081,830.645757
4.89,1.026391,0.809598,23.032916,830.644587
4.9,1.026392,0.809596,23.032758,830.643258
4.91,1.026392,0.809594,23.032609,830.641774
4.92,1.026393,0.809592,23.032468,830.640139
4.93,1.026394,0.809589,23.032338,830.638359
4.94,1.026395,0.809587,23.032219,830.63644
4.95,1.026396,0.809584,23.032112,830.634388
4.96,1.026397,0.809581,23.032018,830.63221
4.97,1.026398,0.809578,23.031938,830.629913
4.98,1.0264,0.809574,23.031872,830.627504
4.99,1.026401,0.809571,23.031823,830.624992
5,1.026402,0.809567,23.031789,830.622385
5.01,1.026404,0.809564,23.031773,830.619693
5.02,1.026405,0.80956,23.031774,830.616924
5.03,1.026406,0.809556,23.031794,830.614088
5.04,1.026408,0.809552,23.031832,830.611195
5.05,1.026409,0.809548,23.03189,830.608255
5.06,1.026411,0.809544,23.031967,830.605279
5.07,1.026413,0.809539,23.032064,830.602276
5.08,1.026414,0.809535,23.032182,830.599257
5.09,1.026416,0.809531,23.032321,830.596233
5.1,1.026418,0.809527,23.03248,830.593214
5.11,1.026419,0.809523,23.032661,830.590212
5.12,1.026421,0.809518,23.032862,830.587237
5.13,1.026423,0.809514,23.033084,830.584298
5.14,1.026424,0.80951,23.033327,830.581408
5.15,1.026426,0.809506,23.033591,830.578575
5.16,1.026428,0.809502,23.033875,830.575811
5.17,1.026429,0.809498,23.034179,830.573124
5.18,1.026431,0.809494,23.034504,830.570525
5.19,1.026433,0.80949,23.034847,830.568023
5.2,1.026434,0.809487,23.03521,830.565627
5.21,1.026436,0.809483,23.035591,830.563344
5.22,1.026437,0.80948,23.03599,830.561184
5.23,1.026439,0.809477,23.036406,830.559154
5.24,1.02644,0.809474,23.036839,830.557261
5.25,1.026442,0.809471,23.037288,830.555512
5.26,1.026443,0.809469,23.037752,830.553913
5.27,1.026444,0.809466,23.03823,830.55247
5.28,1.026446,0.809464,23.038722,830.551188
5.29,1.026447,0.809462,23.039226,830.550072
5.3,1.026448,0.80946,23.039742,830.549125
5.31,1.026449,0.809458,23.040269,830.54835
5.32,1.02645,0.809457,23.040805,830.547752
5.33,1.026451,0.809456,23.04135,830.547331
5.34,1.026452,0.809455,23.041904,830.547089
5.35,1.026453,0.809454,23.042464,830.547027
5.36,1.026454,0.809454,23.04303,830.547146
5.37,1.026454,0.809454,23.0436,830.547444
5.38,1.026455,0.809454,23.044175,830.547922
5.39,1.026455,0.809454,23.044752,830.548576
5.4,1.026456,0.809454,23.045332,830.549406
5.41,1.026456,0.809455,23.045912,830.550408
5.42,1.026457,0.809456,23.046492,830.551579
5.43,1.026457,0.809457,23.047071,830.552915
5.44,1.026457,0.809458,23.047648,830.554412
5.45,1.026457,0.80946,23.048222,830.556064
5.46,1.026457,0.809462,23.048792,830.557866
5.47,1.026457,0.809464,23.049358,830.559812
5.48,1.026457,0.809466,23.049919,830.561896
5.49,1.026457,0.809468,23.050473,830.564111
5.5,1.026456,0.809471,23.05102,830.56645
5.51,1.026456,0.809473,23.05156,830.568905
5.52,1.026456,0.809476,23.052092,830.571468
5.53,1.026455,0.809479,23.052615,830.574131
5.54,1.026455,0.809482,23.053128,830.576887
5.55,1.026454,0.809485,23.053632,830.579726
5.56,1.026454,0.809489,23.054125,830.58264
5.57,1.026453,0.809492,23.054608,830.585619
5.58,1.026452,0.809496,23.05508,830.588655
5.59,1.026452,0.809499,23.05554,830.591739
5.6,1.026451,0.809503,23.055988,830.594862
5.61,1.02645,0.809507,23.056425,830.598014
5.62,1.026449,0.80951,23.05685,830.601187
5.63,1.026448,0.809514,23.057262,830.604372
5.64,1.026447,0.809518,23.057663,830.607559
5.65,1.026446,0.809522,23.058051,830.610741
5.66,1.026445,0.809526,23.058427,830.613909
5.67,1.026444,0.80953,23.058792,830.617053
5.68,1.026443,0.809533,23.059144,830.620168
5.69,1.026442,0.809537,23.059484,830.623244
5.7,1.026441,0.809541,23.059813,830.626275
5.71,1.02644,0.809545,23.060131,830.629252
5.72,1.026439,0.809548,23.060438,830.632171
5.73,1.026438,0.809552,23.060734,830.635023
5.74,1.026437,0.809555,23.06102,830.637803
5.75,1.026436,0.809559,23.061295,830.640506
5.76,1.026435,0.809562,23.061561,830.643127
5.77,1.026434,0.809566,23.061818,830.64566
5.78,1.026433,0.809569,23.062067,830.648102
5.79,1.026432,0.809572,23.062307,830.650449
5.8,1.026431,0.809575,23.062539,830.652697
5.81,1.02643,0.809578,23.062764,830.654844
5.82,1.026429,0.80958,23.062982,830.656888
5.83,1.026428,0.809583,23.063194,830.658826
5.84,1.026428,0.809585,23.0634,830.660657
5.85,1.026427,0.809588,23.0636,830.662381
5.86,1.026426,0.80959,23.063796,830.663997
5.87,1.026425,0.809592,23.063988,830.665505
5.88,1.026424,0.809594,23.064175,830.666906
5.89,1.026424,0.809596,23.064359,830.6682
5.9,1.026423,0.809598,23.06454,830.66939
5.91,1.026422,0.809599,23.064719,830.670476
5.92,1.026421,0.809601,23.064895,830.671462
5.93,1.026421,0.809602,23.06507,830.672349
5.94,1.02642,0.809603,23.065244,830.673141
5.95,1.02642,0.809604,23.065416,830.673841
5.96,1.026419,0.809605,23.065588,830.674453
5.97,1.026419,0.809606,23.065759,830.67498
5.98,1.026418,0.809607,23.06593,830.675426
5.99,1.026418,0.809608,23.066102,830.675797
6,1.026417,0.809609,23.066274,830.676096
6.01,1.026417,0.809609,23.066446,830.676328
6.02,1.026417,0.809609,23.066619,830.676499
6.03,1.026416,0.80961,23.066793,830.676613
6.04,1.026416,0.80961,23.066967,830.676675
6.05,1.026416,0.80961,23.067143,830.676691
6.06,1.026416,0.809611,23.067319,830.676666
6.07,1.026415,0.809611,23.067497,830.676605
6.08,1.026415,0.809611,23.067675,830.676513
6.09,1.026415,0.809611,23.067854,830.676396
6.1,1.026415,0.809611,23.068034,830.676258
6.11,1.026415,0.809611,23.068215,830.676105
6.12,1.026415,0.809611,23.068396,830.675941
6.13,1.026415,0.809611,23.068578,830.675771
6.14,1.026414,0.80961,23.068759,830.6756
6.15,1.026414,0.80961,23.068941,830.675432
6.16,1.026414,0.80961,23.069122,830.675271
6.17,1.026414,0.80961,23.069303,830.675121
6.18,1.026414,0.80961,23.069483,830.674986
6.19,1.026414,0.80961,23.069662,830.674868
6.2,1.026414,0.80961,23.069839,830.674772
6.21,1.026414,0.80961,23.070015,830.674699
6.22,1.026414,0.80961,23.070189,830.674652
6.23,1.026414,0.80961,23.07036,830.674634
6.24,1.026414,0.80961,23.070529,830.674646
6.25,1.026414,0.80961,23.070696,830.67469
6.26,1.026414,0.80961,23.070859,830.674767
6.27,1.026414,0.80961,23.071018,830.674877
6.28,1.026414,0.80961,23.071174,830.675022
6.29,1.026414,0.80961,23.071325,830.6752
6.3,1.026414,0.809611,23.071473,830.675413
6.31,1.026414,0.809611,23.071616,830.67566
6.32,1.026414,0.809611,23.071754,830.675939
6.33,1.026414,0.809611,23.071887,830.67625
6.34,1.026414,0.809612,23.072015,830.676592
6.35,1.026414,0.809612,23.072137,830.676962
6.36,1.026414,0.809612,23.072254,830.677358
6.37,1.026414,0.809613,23.072365,830.677779
6.38,1.026414,0.809613,23.072471,830.678222
6.39,1.026414,0.809614,23.072571,830.678684
6.4,1.026415,0.809614,23.072665,830.679163
6.41,1.026415,0.809614,23.072753,830.679655
6.42,1.026415,0.809615,23.072835,830.680157
6.43,1.026415,0.809615,23.072911,830.680666
6.44,1.026415,0.809616,23.072981,830.681178
6.45,1.026415,0.809616,23.073046,830.681689
6.46,1.026415,0.809617,23.073106,830.682197
6.47,1.026415,0.809617,23.07316,830.682697
6.48,1.026415,0.809617,23.073208,830.683186
6.49,1.026415,0.809618,23.073252,830.68366
6.5,1.026415,0.809618,23.073292,830.684115
6.51,1.026416,0.809618,23.073327,830.684548
6.52,1.026416,0.809619,23.073357,830.684955
6.53,1.026416,0.809619,23.073385,830.685333
6.54,1.026416,0.809619,23.073408,830.685678
6.55,1.026416,0.809619,23.073429,830.685987
6.56,1.026416,0.809619,23.073448,830.686257
6.57,1.026417,0.809619,23.073464,830.686485
6.58,1.026417,0.809619,23.073479,830.686668
6.59,1.026417,0.809619,23.073492,830.686805
6.6,1.026417,0.809619,23.073505,830.686892
6.61,1.026418,0.809619,23.073517,830.686928
6.62,1.026418,0.809619,23.07353,830.686911
6.63,1.026418,0.809618,23.073544,830.68684
6.64,1.026419,0.809618,23.07356,830.686713
6.65,1.026419,0.809617,23.073577,830.68653
6.66,1.02642,0.809617,23.073597,830.686289
6.67,1.02642,0.809616,23.073619,830.685991
6.68,1.02642,0.809616,23.073646,830.685636
6.69,1.026421,0.809615,23.073676,830.685224
6.7,1.026421,0.809614,23.073711,830.684756
6.71,1.026422,0.809613,23.073751,830.684232
6.72,1.026422,0.809612,23.073797,830.683655
6.73,1.026423,0.809611,23.073849,830.683025
6.74,1.026424,0.80961,23.073908,830.682345
6.75,1.026424,0.809609,23.073973,830.681617
6.76,1.026425,0.809608,23.074046,830.680843
6.77,1.026425,0.809606,23.074127,830.680026
6.78,1.026426,0.809605,23.074217,830.679169
6.79,1.026427,0.809604,23.074315,830.678277
6.8,1.026427,0.809602,23.074421,830.677351
6.81,1.026428,0.809601,23.074538,830.676396
6.82,1.026429,0.809599,23.074663,830.675417
6.83,1.026429,0.809598,23.074799,830.674416
6.84,1.02643,0.809596,23.074944,830.6734
6.85,1.026431,0.809595,23.0751,830.672371
6.86,1.026431,0.809593,23.075266,830.671336
6.87,1.026432,0.809592,23.075442,830.670298
6.88,1.026433,0.80959,23.075629,830.669264
6.89,1.026434,0.809588,23.075827,830.668237
6.9,1.026434,0.809587,23.076034,830.667222
6.91,1.026435,0.809585,23.076252,830.666226
6.92,1.026436,0.809584,23.076481,830.665253
6.93,1.026436,0.809583,23.076719,830.664308
6.94,1.026437,0.809581,23.076967,830.663395
6.95,1.026437,0.80958,23.077226,830.662521
6.96,1.026438,0.809578,23.077493,830.66169
6.97,1.026439,0.809577,23.07777,830.660907
6.98,1.026439,0.809576,23.078056,830.660176
6.99,1.02644,0.809575,23.078351,830.659502
7,1.02644,0.809574,23.078653,830.65889
7.01,1.026441,0.809573,23.078964,830.658342
7.02,1.026441,0.809572,23.079281,830.657864
7.03,1.026442,0.809571,23.079606,830.657459
7.04,1.026442,0.809571,23.079936,830.657131
7.05,1.026443,0.80957,23.080273,830.656882
7.06,1.026443,0.80957,23.080615,830.656716
7.07,1.026443,0.80957,23.080961,830.656635
7.08,1.026444,0.809569,23.081312,830.656642
7.09,1.026444,0.809569,23.081666,830.656738
7.1,1.026444,0.809569,23.082023,830.656926
7.11,1.026444,0.809569,23.082383,830.657206
7.12,1.026444,0.80957,23.082743,830.657579
7.13,1.026445,0.80957,23.083105,830.658047
7.14,1.026445,0.809571,23.083467,830.65861
7.15,1.026445,0.809571,23.083829,830.659267
7.16,1.026445,0.809572,23.08419,830.660019
7.17,1.026445,0.809573,23.084549,830.660864
7.18,1.026444,0.809574,23.084906,830.661802
7.19,1.026444,0.809575,23.08526,830.66283
7.2,1.026444,0.809576,23.08561,830.663948
7.21,1.026444,0.809578,23.085957,830.665153
7.22,1.026444,0.809579,23.086298,830.666443
7.23,1.026443,0.809581,23.086634,830.667814
7.24,1.026443,0.809582,23.086964,830.669265
7.25,1.026443,0.809584,23.087288,830.670792
7.26,1.026442,0.809586,23.087605,830.67239
7.27,1.026442,0.809588,23.087914,830.674057
7.28,1.026441,0.80959,23.088215,830.675788
7.29,1.026441,0.809592,23.088508,830.677579
7.3,1.02644,0.809594,23.088792,830.679424
7.31,1.02644,0.809597,23.089067,830.681321
7.32,1.026439,0.809599,23.089332,830.683263
7.33,1.026439,0.809601,23.089587,830.685245
7.34,1.026438,0.809604,23.089832,830.687263
7.35,1.026437,0.809606,23.090067,830.68931
7.36,1.026437,0.809609,23.090291,830.691383
7.37,1.026436,0.809612,23.090504,830.693474
7.38,1.026435,0.809614,23.090706,830.695578
7.39,1.026434,0.809617,23.090897,830.697691
7.4,1.026434,0.809619,23.091076,830.699805
7.41,1.026433,0.809622,23.091245,830.701917
7.42,1.026432,0.809625,23.091402,830.704019
7.43,1.026431,0.809627,23.091547,830.706108
7.44,1.026431,0.80963,23.091682,830.708176
7.45,1.02643,0.809633,23.091805,830.71022
7.46,1.026429,0.809635,23.091917,830.712233
7.47,1.026428,0.809638,23.092019,830.714212
7.48,1.026428,0.80964,23.092109,830.71615
7.49,1.026427,0.809643,23.09219,830.718043
7.5,1.026426,0.809645,23.09226,830.719887
7.51,1.026425,0.809647,23.09232,830.721678
7.52,1.026425,0.80965,23.09237,830.72341
7.53,1.026424,0.809652,23.092411,830.725081
7.54,1.026423,0.809654,23.092443,830.726687
7.55,1.026423,0.809656,23.092467,830.728225
7.56,1.026422,0.809658,23.092482,830.729691
7.57,1.026421,0.80966,23.092489,830.731082
7.58,1.026421,0.809661,23.092489,830.732397
7.59,1.02642,0.809663,23.092482,830.733632
7.6,1.02642,0.809665,23.092468,830.734787
7.61,1.026419,0.809666,23.092449,830.735859
7.62,1.026419,0.809668,23.092423,830.736847
7.63,1.026418,0.809669,23.092393,830.737751
7.64,1.026418,0.80967,23.092357,830.738568
7.65,1.026417,0.809671,23.092318,830.7393
7.66,1.026417,0.809672,23.092274,830.739946
7.67,1.026416,0.809673,23.092228,830.740507
7.68,1.026416,0.809673,23.092178,830.740982
7.69,1.026416,0.809674,23.092127,830.741373
7.7,1.026416,0.809674,23.092073,830.741681
7.71,1.026415,0.809675,23.092018,830.741906
7.72,1.026415,0.809675,23.091961,830.742052
7.73,1.026415,0.809675,23.091905,830.74212
7.74,1.026415,0.809675,23.091848,830.742112
7.75,1.026415,0.809675,23.091791,830.74203
7.76,1.026415,0.809675,23.091735,830.741876
7.77,1.026415,0.809675,23.091679,830.741655
7.78,1.026415,0.809675,23.091625,830.741369
7.79,1.026415,0.809674,23.091573,830.74102
7.8,1.026415,0.809674,23.091523,830.740613
7.81,1.026415,0.809674,23.091475,830.740151
7.82,1.026415,0.809673,23.091429,830.739637
7.83,1.026415,0.809672,23.091386,830.739076
7.84,1.026415,0.809672,23.091346,830.73847
7.85,1.026416,0.809671,23.091309,830.737825
7.86,1.026416,0.80967,23.091275,830.737143
7.87,1.026416,0.809669,23.091245,830.73643
7.88,1.026416,0.809668,23.091219,830.735688
7.89,1.026417,0.809667,23.091196,830.734922
7.9,1.026417,0.809666,23.091177,830.734136
7.91,1.026417,0.809665,23.091161,830.733334
7.92,1.026418,0.809664,23.09115,830.73252
7.93,1.026418,0.809663,23.091142,830.731698
7.94,1.026418,0.809662,23.091138,830.730871
7.95,1.026419,0.809661,23.091139,830.730044
7.96,1.026419,0.80966,23.091142,830.729219
7.97,1.026419,0.809659,23.09115,830.728402
7.98,1.02642,0.809657,23.091161,830.727594
7.99,1.02642,0.809656,23.091176,830.726799
8,1.026421,0.809655,23.091194,830.72602
8.01,1.026421,0.809654,23.091216,830.72526
8.02,1.026422,0.809653,23.09124,830.724523
8.03,1.026422,0.809652,23.091268,830.723809
8.04,1.026422,0.809651,23.091298,830.723123
8.05,1.026423,0.80965,23.091331,830.722465
8.06,1.026423,0.809649,23.091366,830.721839
8.07,1.026424,0.809648,23.091404,830.721245
8.08,1.026424,0.809647,23.091443,830.720686
8.09,1.026425,0.809647,23.091485,830.720162
8.1,1.026425,0.809646,23.091528,830.719676
8.11,1.026425,0.809645,23.091573,830.719227
8.12,1.026426,0.809644,23.091618,830.718817
8.13,1.026426,0.809644,23.091665,830.718446
8.14,1.026427,0.809643,23.091713,830.718115
8.15,1.026427,0.809642,23.091761,830.717824
8.16,1.026427,0.809642,23.091809,830.717572
8.17,1.026428,0.809641,23.091858,830.717359
8.18,1.026428,0.809641,23.091907,830.717186
8.19,1.026428,0.80964,23.091956,830.717051
8.2,1.026429,0.80964,23.092004,830.716953
8.21,1.026429,0.80964,23.092052,830.716892
8.22,1.026429,0.80964,23.092099,830.716867
8.23,1.02643,0.809639,23.092146,830.716876
8.24,1.02643,0.809639,23.092191,830.716919
8.25,1.02643,0.809639,23.092236,830.716992
8.26,1.02643,0.809639,23.092279,830.717096
8.27,1.026431,0.809639,23.092322,830.717228
8.28,1.026431,0.809639,23.092363,830.717387
8.29,1.026431,0.809639,23.092402,830.71757
8.3,1.026431,0.809639,23.092441,830.717777
8.31,1.026432,0.809639,23.092478,830.718004
8.32,1.026432,0.809639,23.092514,830.71825
8.33,1.026432,0.809639,23.092548,830.718513
8.34,1.026432,0.809639,23.092581,830.718791
8.35,1.026432,0.809639,23.092612,830.719081
8.36,1.026433,0.809639,23.092643,830.719383
8.37,1.026433,0.80964,23.092672,830.719694
8.38,1.026433,0.80964,23.092699,830.720011
8.39,1.026433,0.80964,23.092726,830.720334
8.4,1.026433,0.80964,23.092752,830.72066
8.41,1.026433,0.80964,23.092777,830.720988
8.42,1.026434,0.809641,23.092801,830.721315
8.43,1.026434,0.809641,23.092824,830.72164
8.44,1.026434,0.809641,23.092847,830.721963
8.45,1.026434,0.809641,23.092869,830.72228
8.46,1.026434,0.809641,23.092891,830.722592
8.47,1.026434,0.809642,23.092913,830.722896
8.48,1.026434,0.809642,23.092935,830.723192
8.49,1.026434,0.809642,23.092957,830.723479
8.5,1.026435,0.809642,23.092979,830.723756
8.51,1.026435,0.809642,23.093002,830.724022
8.52,1.026435,0.809642,23.093025,830.724277
8.53,1.026435,0.809643,23.09305,830.724521
8.54,1.026435,0.809643,23.093075,830.724753
8.55,1.026435,0.809643,23.093101,830.724972
8.56,1.026435,0.809643,23.093129,830.72518
8.57,1.026435,0.809643,23.093158,830.725376
8.58,1.026435,0.809643,23.093188,830.72556
8.59,1.026436,0.809643,23.09322,830.725733
8.6,1.026436,0.809643,23.093254,830.725896
8.61,1.026436,0.809643,23.09329,830.726048
8.62,1.026436,0.809644,23.093328,830.726192
8.63,1.026436,0.809644,23.093367,830.726327
8.64,1.026436,0.809644,23.093409,830.726455
8.65,1.026436,0.809644,23.093453,830.726576
8.66,1.026436,0.809644,23.0935,830.726693
8.67,1.026436,0.809644,23.093548,830.726806
8.68,1.026436,0.809644,23.093599,830.726916
8.69,1.026436,0.809644,23.093652,830.727025
8.7,1.026436,0.809644,23.093708,830.727135
8.71,1.026436,0.809644,23.093766,830.727247
8.72,1.026436,0.809644,23.093826,830.727362
8.73,1.026436,0.809644,23.093888,830.727482
8.74,1.026437,0.809644,23.093952,830.727609
8.75,1.026437,0.809644,23.094019,830.727744
8.76,1.026437,0.809645,23.094087,830.727889
8.77,1.026437,0.809645,23.094158,830.728045
8.78,1.026437,0.809645,23.09423,830.728214
8.79,1.026437,0.809645,23.094303,830.728397
8.8,1.026437,0.809645,23.094379,830.728596
8.81,1.026437,0.809646,23.094455,830.728813
8.82,1.026436,0.809646,23.094533,830.729048
8.83,1.026436,0.809646,23.094611,830.729304
8.84,1.026436,0.809646,23.09469,830.72958
8.85,1.026436,0.809647,23.09477,830.729879
8.86,1.026436,0.809647,23.09485,830.730201
8.87,1.026436,0.809648,23.094931,830.730547
8.88,1.026436,0.809648,23.095011,830.730919
8.89,1.026436,0.809648,23.09509,830.731316
8.9,1.026436,0.809649,23.095169,830.731739
8.91,1.026436,0.80965,23.095247,830.73219
8.92,1.026435,0.80965,23.095324,830.732667
8.93,1.026435,0.809651,23.0954,830.733172
8.94,1.026435,0.809651,23.095474,830.733705
8.95,1.026435,0.809652,23.095546,830.734264
8.96,1.026435,0.809653,23.095616,830.734851
8.97,1.026435,0.809654,23.095683,830.735465
8.98,1.026434,0.809654,23.095748,830.736105
8.99,1.026434,0.809655,23.095809,830.73677
9,1.026434,0.809656,23.095868,830.737461
9.01,1.026434,0.809657,23.095923,830.738175
9.02,1.026433,0.809658,23.095974,830.738913
9.03,1.026433,0.809659,23.096022,830.739672
9.04,1.026433,0.80966,23.096065,830.740452
9.05,1.026432,0.809661,23.096104,830.74125
9.06,1.026432,0.809662,23.096139,830.742067
9.07,1.026432,0.809663,23.096169,830.742899
9.08,1.026431,0.809664,23.096194,830.743746
9.09,1.026431,0.809665,23.096214,830.744605
9.1,1.026431,0.809666,23.096229,830.745475
9.11,1.02643,0.809667,23.096239,830.746353
9.12,1.02643,0.809669,23.096243,830.747237
9.13,1.02643,0.80967,23.096242,830.748126
9.14,1.026429,0.809671,23.096235,830.749016
9.15,1.026429,0.809672,23.096223,830.749907
9.16,1.026429,0.809673,23.096205,830.750795
9.17,1.026428,0.809674,23.096182,830.751678
9.18,1.026428,0.809675,23.096152,830.752554
9.19,1.026428,0.809677,23.096118,830.753421
9.2,1.026427,0.809678,23.096077,830.754277
9.21,1.026427,0.809679,23.096031,830.755118
9.22,1.026427,0.80968,23.095979,830.755943
9.23,1.026426,0.809681,23.095922,830.75675
9.24,1.026426,0.809682,23.09586,830.757535
9.25,1.026426,0.809683,23.095792,830.758298
9.26,1.026425,0.809684,23.095719,830.759037
9.27,1.026425,0.809685,23.095641,830.759748
9.28,1.026425,0.809686,23.095558,830.76043
9.29,1.026425,0.809686,23.095471,830.761082
9.3,1.026424,0.809687,23.09538,830.761701
9.31,1.026424,0.809688,23.095284,830.762286
9.32,1.026424,0.809689,23.095184,830.762835
9.33,1.026424,0.809689,23.09508,830.763348
9.34,1.026423,0.80969,23.094973,830.763822
9.35,1.026423,0.809691,23.094862,830.764257
9.36,1.026423,0.809691,23.094748,830.764651
9.37,1.026423,0.809692,23.094632,830.765004
9.38,1.026423,0.809692,23.094513,830.765314
9.39,1.026422,0.809692,23.094391,830.765582
9.4,1.026422,0.809693,23.094268,830.765807
9.41,1.026422,0.809693,23.094143,830.765989
9.42,1.026422,0.809693,23.094017,830.766126
9.43,1.026422,0.809693,23.093889,830.766221
9.44,1.026422,0.809693,23.093761,830.766272
9.45,1.026422,0.809693,23.093632,830.766279
9.46,1.026422,0.809693,23.093503,830.766245
9.47,1.026422,0.809693,23.093374,830.766168
9.48,1.026422,0.809693,23.093246,830.76605
9.49,1.026422,0.809693,23.093117,830.765891
9.5,1.026422,0.809693,23.09299,830.765693
9.51,1.026422,0.809692,23.092864,830.765457
9.52,1.026422,0.809692,23.09274,830.765185
9.53,1.026422,0.809692,23.092617,830.764876
9.54,1.026423,0.809691,23.092495,830.764534
9.55,1.026423,0.809691,23.092376,830.76416
9.56,1.026423,0.80969,23.09226,830.763755
9.57,1.026423,0.80969,23.092146,830.763322
9.58,1.026423,0.809689,23.092034,830.762861
9.59,1.026423,0.809688,23.091926,830.762377
9.6,1.026424,0.809688,23.09182,830.761869
9.61,1.026424,0.809687,23.091718,830.761341
9.62,1.026424,0.809686,23.09162,830.760795
9.63,1.026424,0.809686,23.091525,830.760233
9.64,1.026425,0.809685,23.091433,830.759657
9.65,1.026425,0.809684,23.091345,830.75907
9.66,1.026425,0.809683,23.091261,830.758473
9.67,1.026425,0.809682,23.091181,830.75787
9.68,1.026426,0.809682,23.091105,830.757263
9.69,1.026426,0.809681,23.091034,830.756653
9.7,1.026426,0.80968,23.090966,830.756044
9.71,1.026427,0.809679,23.090902,830.755438
9.72,1.026427,0.809678,23.090842,830.754836
9.73,1.026427,0.809677,23.090786,830.754241
9.74,1.026428,0.809677,23.090735,830.753655
9.75,1.026428,0.809676,23.090687,830.753081
9.76,1.026428,0.809675,23.090643,830.75252
9.77,1.026429,0.809674,23.090603,830.751974
9.78,1.026429,0.809674,23.090567,830.751445
9.79,1.026429,0.809673,23.090535,830.750935
9.8,1.02643,0.809672,23.090506,830.750446
9.81,1.02643,0.809671,23.09048,830.749979
9.82,1.02643,0.809671,23.090459,830.749535
9.83,1.02643,0.80967,23.09044,830.749117
9.84,1.026431,0.809669,23.090424,830.748724
9.85,1.026431,0.809669,23.090412,830.748359
9.86,1.026431,0.809668,23.090402,830.748023
9.87,1.026432,0.809668,23.090395,830.747715
9.88,1.026432,0.809667,23.09039,830.747438
9.89,1.026432,0.809667,23.090388,830.747191
9.9,1.026432,0.809667,23.090388,830.746976
9.91,1.026432,0.809666,23.09039,830.746792
9.92,1.026433,0.809666,23.090394,830.746641
9.93,1.026433,0.809666,23.0904,830.746521
9.94,1.026433,0.809665,23.090407,830.746433
9.95,1.026433,0.809665,23.090416,830.746378
9.96,1.026433,0.809665,23.090425,830.746354
9.97,1.026434,0.809665,23.090436,830.746361
9.98,1.026434,0.809665,23.090448,830.7464
9.99,1.026434,0.809665,23.09046,830.746469
10,1.026434,0.809665,23.090473,830.746568
10.01,1.026434,0.809665,23.090487,830.746696
10.02,1.026434,0.809665,23.0905,830.746852
10.03,1.026434,0.809665,23.090514,830.747036
10.04,1.026434,0.809665,23.090528,830.747246
10.05,1.026434,0.809665,23.090542,830.747481
10.06,1.026434,0.809666,23.090555,830.74774
10.07,1.026434,0.809666,23.090568,830.748022
10.08,1.026434,0.809666,23.090581,830.748326
10.09,1.026434,0.809666,23.090593,830.74865
10.1,1.026435,0.809667,23.090604,830.748993
10.11,1.026434,0.809667,23.090615,830.749353
10.12,1.026434,0.809667,23.090625,830.74973
10.13,1.026434,0.809668,23.090634,830.750121
10.14,1.026434,0.809668,23.090642,830.750526
10.15,1.026434,0.809669,23.09065,830.750942
10.16,1.026434,0.809669,23.090656,830.751369
10.17,1.026434,0.80967,23.090662,830.751804
10.18,1.026434,0.80967,23.090666,830.752247
10.19,1.026434,0.809671,23.090669,830.752695
10.2,1.026434,0.809671,23.090672,830.753148
10.21,1.026434,0.809672,23.090673,830.753605
10.22,1.026434,0.809672,23.090673,830.754063
10.23,1.026434,0.809673,23.090672,830.754522
10.24,1.026434,0.809673,23.090671,830.75498
10.25,1.026434,0.809674,23.090668,830.755436
10.26,1.026433,0.809674,23.090664,830.755889
10.27,1.026433,0.809675,23.09066,830.756338
10.28,1.026433,0.809675,23.090655,830.756782
10.29,1.026433,0.809676,23.090649,830.75722
10.3,1.026433,0.809676,23.090642,830.757651
10.31,1.026433,0.809677,23.090635,830.758074
10.32,1.026433,0.809677,23.090627,830.758489
10.33,1.026433,0.809678,23.090618,830.758895
10.34,1.026432,0.809678,23.090609,830.759291
10.35,1.026432,0.809679,23.0906,830.759677
10.36,1.026432,0.809679,23.09059,830.760052
10.37,1.026432,0.80968,23.09058,830.760417
10.38,1.026432,0.80968,23.09057,830.76077
10.39,1.026432,0.809681,23.090559,830.761112
10.4,1.026432,0.809681,23.090549,830.761443
10.41,1.026431,0.809682,23.090538,830.761762
10.42,1.026431,0.809682,23.090528,830.76207
10.43,1.026431,0.809682,23.090517,830.762367
10.44,1.026431,0.809683,23.090507,830.762652
10.45,1.026431,0.809683,23.090497,830.762927
10.46,1.026431,0.809683,23.090487,830.763191
10.47,1.026431,0.809684,23.090477,830.763445
10.48,1.026431,0.809684,23.090468,830.763689
10.49,1.02643,0.809684,23.090459,830.763924
10.5,1.02643,0.809685,23.09045,830.76415
10.51,1.02643,0.809685,23.090442,830.764368
10.52,1.02643,0.809685,23.090434,830.764578
10.53,1.02643,0.809686,23.090426,830.764781
10.54,1.02643,0.809686,23.090419,830.764978
10.55,1.02643,0.809686,23.090412,830.765168
10.56,1.02643,0.809687,23.090405,830.765354
10.57,1.026429,0.809687,23.090399,830.765535
10.58,1.026429,0.809687,23.090394,830.765712
10.59,1.026429,0.809687,23.090388,830.765887
10.6,1.026429,0.809688,23.090383,830.766059
10.61,1.026429,0.809688,23.090378,830.766229
10.62,1.026429,0.809688,23.090374,830.766398
10.63,1.026429,0.809688,23.090369,830.766566
10.64,1.026429,0.809689,23.090365,830.766735
10.65,1.026428,0.809689,23.090361,830.766905
10.66,1.026428,0.809689,23.090356,830.767075
10.67,1.026428,0.809689,23.090352,830.767248
10.68,1.026428,0.80969,23.090348,830.767423
10.69,1.026428,0.80969,23.090343,830.7676
10.7,1.026428,0.80969,23.090338,830.767781
10.71,1.026428,0.80969,23.090333,830.767965
10.72,1.026428,0.809691,23.090327,830.768152
10.73,1.026428,0.809691,23.090321,830.768344
10.74,1.026427,0.809691,23.090315,830.768539
10.75,1.026427,0.809692,23.090308,830.768739
10.76,1.026427,0.809692,23.0903,830.768943
10.77,1.026427,0.809692,23.090291,830.769152
10.78,1.026427,0.809692,23.090282,830.769364
10.79,1.026427,0.809693,23.090272,830.769581
10.8,1.026427,0.809693,23.09026,830.769802
10.81,1.026427,0.809693,23.090248,830.770027
10.82,1.026426,0.809694,23.090235,830.770255
10.83,1.026426,0.809694,23.09022,830.770486
10.84,1.026426,0.809694,23.090204,830.770719
10.85,1.026426,0.809695,23.090187,830.770956
10.86,1.026426,0.809695,23.090169,830.771193
10.87,1.026426,0.809695,23.090149,830.771433
10.88,1.026426,0.809696,23.090128,830.771673
10.89,1.026426,0.809696,23.090106,830.771912
10.9,1.026426,0.809696,23.090082,830.772152
10.91,1.026425,0.809697,23.090057,830.77239
10.92,1.026425,0.809697,23.09003,830.772626
10.93,1.026425,0.809697,23.090002,830.772859
10.94,1.026425,0.809698,23.089972,830.773089
10.95,1.026425,0.809698,23.089941,830.773315
10.96,1.026425,0.809698,23.089909,830.773535
10.97,1.026425,0.809698,23.089875,830.77375
10.98,1.026425,0.809699,23.08984,830.773958
10.99,1.026425,0.809699,23.089803,830.774158
11,1.026425,0.809699,23.089765,830.77435
11.01,1.026425,0.809699,23.089726,830.774533
11.02,1.026424,0.8097,23.089686,830.774706
11.03,1.026424,0.8097,23.089645,830.774868
11.04,1.026424,0.8097,23.089603,830.775019
11.05,1.026424,0.8097,23.089559,830.775158
11.06,1.026424,0.8097,23.089515,830.775284
11.07,1.026424,0.8097,23.08947,830.775397
11.08,1.026424,0.809701,23.089425,830.775495
11.09,1.026424,0.809701,23.089379,830.775579
11.1,1.026424,0.809701,23.089332,830.775648
11.11,1.026424,0.809701,23.089285,830.775702
11.12,1.026424,0.809701,23.089238,830.775739
11.13,1.026424,0.809701,23.089191,830.77576
11.14,1.026424,0.809701,23.089144,830.775764
11.15,1.026424,0.809701,23.089097,830.775751
11.16,1.026424,0.809701,23.08905,830.775721
11.17,1.026424,0.809701,23.089004,830.775674
11.18,1.026424,0.809701,23.088958,830.77561
11.19,1.026424,0.809701,23.088912,830.775529
11.2,1.026424,0.8097,23.088868,830.77543
11.21,1.026424,0.8097,23.088825,830.775315
11.22,1.026424,0.8097,23.088782,830.775183
11.23,1.026425,0.8097,23.088741,830.775034
11.24,1.026425,0.8097,23.088701,830.774869
11.25,1.026425,0.809699,23.088663,830.774689
11.26,1.026425,0.809699,23.088626,830.774494
11.27,1.026425,0.809699,23.088591,830.774283
11.28,1.026425,0.809699,23.088557,830.774059
11.29,1.026425,0.809698,23.088526,830.773822
11.3,1.026425,0.809698,23.088496,830.773572
11.31,1.026425,0.809698,23.088469,830.773311
11.32,1.026426,0.809697,23.088444,830.773039
11.33,1.026426,0.809697,23.088421,830.772756
11.34,1.026426,0.809696,23.088401,830.772465
11.35,1.026426,0.809696,23.088383,830.772165
11.36,1.026426,0.809696,23.088368,830.771859
11.37,1.026426,0.809695,23.088355,830.771546
11.38,1.026426,0.809695,23.088345,830.771229
11.39,1.026427,0.809694,23.088338,830.770908
11.4,1.026427,0.809694,23.088334,830.770584
11.41,1.026427,0.809693,23.088332,830.770259
11.42,1.026427,0.809693,23.088333,830.769934
11.43,1.026427,0.809692,23.088337,830.769609
11.44,1.026427,0.809692,23.088344,830.769287
11.45,1.026428,0.809692,23.088354,830.768968
11.46,1.026428,0.809691,23.088367,830.768653
11.47,1.026428,0.809691,23.088382,830.768344
11.48,1.026428,0.80969,23.088401,830.768041
11.49,1.026428,0.80969,23.088422,830.767746
11.5,1.026428,0.809689,23.088446,830.767461
11.51,1.026429,0.809689,23.088473,830.767185
11.52,1.026429,0.809689,23.088502,830.76692
11.53,1.026429,0.809688,23.088534,830.766668
11.54,1.026429,0.809688,23.088568,830.766428
11.55,1.026429,0.809688,23.088605,830.766202
11.56,1.026429,0.809687,23.088645,830.765991
11.57,1.02643,0.809687,23.088686,830.765796
11.58,1.02643,0.809687,23.08873,830.765617
11.59,1.02643,0.809686,23.088776,830.765455
11.6,1.02643,0.809686,23.088825,830.76531
11.61,1.02643,0.809686,23.088875,830.765184
11.62,1.02643,0.809686,23.088926,830.765077
11.63,1.02643,0.809686,23.08898,830.764989
11.64,1.02643,0.809685,23.089035,830.76492
11.65,1.02643,0.809685,23.089091,830.764871
11.66,1.026431,0.809685,23.089149,830.764843
11.67,1.026431,0.809685,23.089209,830.764834
11.68,1.026431,0.809685,23.089269,830.764846
11.69,1.026431,0.809685,23.08933,830.764878
11.7,1.026431,0.809685,23.089392,830.76493
11.71,1.026431,0.809685,23.089455,830.765003
11.72,1.026431,0.809685,23.089518,830.765095
11.73,1.026431,0.809685,23.089582,830.765208
11.74,1.026431,0.809685,23.089646,830.765339
11.75,1.026431,0.809686,23.089711,830.765489
11.76,1.026431,0.809686,23.089776,830.765658
11.77,1.026431,0.809686,23.08984,830.765845
11.78,1.026431,0.809686,23.089905,830.766049
11.79,1.026431,0.809686,23.089969,830.76627
11.8,1.026431,0.809687,23.090033,830.766506
11.81,1.026431,0.809687,23.090097,830.766759
11.82,1.026431,0.809687,23.09016,830.767025
11.83,1.026431,0.809688,23.090222,830.767305
11.84,1.026431,0.809688,23.090284,830.767598
11.85,1.02643,0.809688,23.090345,830.767903
11.86,1.02643,0.809689,23.090406,830.768218
11.87,1.02643,0.809689,23.090465,830.768544
11.88,1.02643,0.809689,23.090523,830.768878
11.89,1.02643,0.80969,23.090581,830.76922
11.9,1.02643,0.80969,23.090637,830.76957
11.91,1.02643,0.809691,23.090692,830.769925
11.92,1.02643,0.809691,23.090746,830.770284
11.93,1.02643,0.809692,23.090799,830.770648
11.94,1.02643,0.809692,23.090851,830.771014
11.95,1.026429,0.809693,23.090901,830.771382
11.96,1.026429,0.809693,23.09095,830.771751
11.97,1.026429,0.809693,23.090998,830.772119
11.98,1.026429,0.809694,23.091045,830.772485
11.99,1.026429,0.809694,23.09109,830.77285
12,1.026429,0.809695,23.091134,830.773211
12.01,1.026429,0.809695,23.091177,830.773567
12.02,1.026428,0.809696,23.091219,830.773919
12.03,1.026428,0.809696,23.091259,830.774264
12.04,1.026428,0.809697,23.091299,830.774603
12.05,1.026428,0.809697,23.091337,830.774934
12.06,1.026428,0.809697,23.091374,830.775257
12.07,1.026428,0.809698,23.09141,830.775571
12.08,1.026428,0.809698,23.091445,830.775875
12.09,1.026428,0.809699,23.091479,830.776168
12.1,1.026427,0.809699,23.091512,830.776451
12.11,1.026427,0.809699,23.091544,830.776723
12.12,1.026427,0.8097,23.091575,830.776983
12.13,1.026427,0.8097,23.091606,830.77723
12.14,1.026427,0.8097,23.091636,830.777466
12.15,1.026427,0.809701,23.091665,830.777688
12.16,1.026427,0.809701,23.091694,830.777898
12.17,1.026427,0.809701,23.091722,830.778094
12.18,1.026426,0.809702,23.09175,830.778277
12.19,1.026426,0.809702,23.091778,830.778447
12.2,1.026426,0.809702,23.091805,830.778604
12.21,1.026426,0.809702,23.091831,830.778747
12.22,1.026426,0.809703,23.091858,830.778878
12.23,1.026426,0.809703,23.091884,830.778995
12.24,1.026426,0.809703,23.091911,830.7791
12.25,1.026426,0.809703,23.091937,830.779192
12.26,1.026426,0.809703,23.091963,830.779272
12.27,1.026426,0.809703,23.091989,830.779339
12.28,1.026426,0.809703,23.092016,830.779396
12.29,1.026425,0.809704,23.092042,830.779441
12.3,1.026425,0.809704,23.092069,830.779475
12.31,1.026425,0.809704,23.092096,830.779499
12.32,1.026425,0.809704,23.092123,830.779514
12.33,1.026425,0.809704,23.092151,830.779519
12.34,1.026425,0.809704,23.092179,830.779515
12.35,1.026425,0.809704,23.092207,830.779504
12.36,1.026425,0.809704,23.092235,830.779484
12.37,1.026425,0.809704,23.092264,830.779458
12.38,1.026425,0.809704,23.092293,830.779425
12.39,1.026425,0.809704,23.092323,830.779386
12.4,1.026425,0.809704,23.092353,830.779342
12.41,1.026425,0.809704,23.092384,830.779294
12.42,1.026425,0.809704,23.092415,830.779241
12.43,1.026425,0.809704,23.092446,830.779185
12.44,1.026425,0.809704,23.092478,830.779126
12.45,1.026425,0.809704,23.09251,830.779064
12.46,1.026425,0.809703,23.092542,830.779001
12.47,1.026425,0.809703,23.092575,830.778936
12.48,1.026425,0.809703,23.092608,830.778871
12.49,1.026425,0.809703,23.092642,830.778805
12.5,1.026425,0.809703,23.092676,830.77874
12.51,1.026425,0.809703,23.09271,830.778675
12.52,1.026425,0.809703,23.092745,830.778611
12.53,1.026425,0.809703,23.092779,830.778548
12.54,1.026425,0.809703,23.092814,830.778487
12.55,1.026425,0.809703,23.09285,830.778428
12.56,1.026425,0.809703,23.092885,830.778371
12.57,1.026425,0.809703,23.09292,830.778317
12.58,1.026425,0.809703,23.092956,830.778266
12.59,1.026425,0.809703,23.092991,830.778217
12.6,1.026425,0.809703,23.093027,830.778172
12.61,1.026425,0.809702,23.093063,830.77813
12.62,1.026425,0.809702,23.093098,830.778091
12.63,1.026425,0.809702,23.093134,830.778055
12.64,1.026425,0.809702,23.093169,830.778022
12.65,1.026425,0.809702,23.093205,830.777993
12.66,1.026425,0.809702,23.09324,830.777967
12.67,1.026425,0.809702,23.093275,830.777944
12.68,1.026425,0.809702,23.09331,830.777923
12.69,1.026425,0.809702,23.093345,830.777906
12.7,1.026425,0.809702,23.09338,830.777891
12.71,1.026425,0.809702,23.093414,830.777879
12.72,1.026425,0.809702,23.093448,830.777868
12.73,1.026425,0.809702,23.093482,830.77786
12.74,1.026426,0.809702,23.093516,830.777853
12.75,1.026426,0.809702,23.093549,830.777847
12.76,1.026426,0.809702,23.093583,830.777843
12.77,1.026426,0.809702,23.093616,830.777839
12.78,1.026426,0.809702,23.093649,830.777835
12.79,1.026426,0.809702,23.093681,830.777832
12.8,1.026426,0.809702,23.093714,830.777828
12.81,1.026426,0.809702,23.093746,830.777824
12.82,1.026426,0.809702,23.093778,830.777818
12.83,1.026426,0.809702,23.09381,830.777812
12.84,1.026426,0.809702,23.093842,830.777803
12.85,1.026426,0.809702,23.093873,830.777793
12.86,1.026426,0.809702,23.093905,830.77778
12.87,1.026426,0.809702,23.093937,830.777765
12.88,1.026426,0.809701,23.093968,830.777747
12.89,1.026426,0.809701,23.094,830.777725
12.9,1.026426,0.809701,23.094032,830.7777
12.91,1.026426,0.809701,23.094064,830.777672
12.92,1.026426,0.809701,23.094096,830.777639
12.93,1.026426,0.809701,23.094128,830.777603
12.94,1.026426,0.809701,23.09416,830.777562
12.95,1.026426,0.809701,23.094193,830.777517
12.96,1.026426,0.809701,23.094227,830.777467
12.97,1.026426,0.809701,23.09426,830.777412
12.98,1.026427,0.809701,23.094294,830.777353
12.99,1.026427,0.809701,23.094329,830.777289
13,1.026427,0.8097,23.094364,830.777221
13.01,1.026427,0.8097,23.0944,830.777147
13.02,1.026427,0.8097,23.094436,830.777069
13.03,1.026427,0.8097,23.094473,830.776987
13.04,1.026427,0.8097,23.094511,830.7769
13.05,1.026427,0.8097,23.094549,830.776809
13.06,1.026427,0.8097,23.094589,830.776714
13.07,1.026427,0.8097,23.094629,830.776615
13.08,1.026427,0.809699,23.09467,830.776512
13.09,1.026427,0.809699,23.094712,830.776406
13.1,1.026427,0.809699,23.094755,830.776297
13.11,1.026427,0.809699,23.094799,830.776185
13.12,1.026427,0.809699,23.094845,830.776071
13.13,1.026428,0.809699,23.094891,830.775955
13.14,1.026428,0.809698,23.094938,830.775838
13.15,1.026428,0.809698,23.094986,830.775719
13.16,1.026428,0.809698,23.095036,830.7756
13.17,1.026428,0.809698,23.095086,830.77548
13.18,1.026428,0.809698,23.095138,830.775361
13.19,1.026428,0.809698,23.095191,830.775242
13.2,1.026428,0.809697,23.095245,830.775125
13.21,1.026428,0.809697,23.0953,830.775009
13.22,1.026428,0.809697,23.095356,830.774895
13.23,1.026428,0.809697,23.095413,830.774784
13.24,1.026428,0.809697,23.095471,830.774676
13.25,1.026428,0.809697,23.095531,830.774572
13.26,1.026428,0.809696,23.095591,830.774472
13.27,1.026429,0.809696,23.095653,830.774377
13.28,1.026429,0.809696,23.095715,830.774287
13.29,1.026429,0.809696,23.095778,830.774202
13.3,1.026429,0.809696,23.095843,830.774123
13.31,1.026429,0.809696,23.095908,830.774051
13.32,1.026429,0.809696,23.095974,830.773986
13.33,1.026429,0.809696,23.09604,830.773928
13.34,1.026429,0.809695,23.096108,830.773878
13.35,1.026429,0.809695,23.096176,830.773836
13.36,1.026429,0.809695,23.096245,830.773802
13.37,1.026429,0.809695,23.096314,830.773777
13.38,1.026429,0.809695,23.096383,830.77376
13.39,1.026429,0.809695,23.096453,830.773753
13.4,1.026429,0.809695,23.096524,830.773755
13.41,1.026429,0.809695,23.096594,830.773767
13.42,1.026429,0.809695,23.096665,830.773788
13.43,1.026429,0.809695,23.096736,830.773819
13.44,1.026429,0.809695,23.096807,830.77386
13.45,1.026429,0.809695,23.096878,830.77391
13.46,1.026429,0.809695,23.096949,830.77397
13.47,1.026429,0.809695,23.09702,830.774041
13.48,1.026429,0.809696,23.09709,830.77412
13.49,1.026429,0.809696,23.09716,830.77421
13.5,1.026429,0.809696,23.09723,830.774308
13.51,1.026429,0.809696,23.097299,830.774416
13.52,1.026429,0.809696,23.097368,830.774533
13.53,1.026429,0.809696,23.097436,830.774658
13.54,1.026429,0.809696,23.097503,830.774792
13.55,1.026429,0.809697,23.09757,830.774934
13.56,1.026429,0.809697,23.097636,830.775083
13.57,1.026429,0.809697,23.097701,830.77524
13.58,1.026429,0.809697,23.097765,830.775404
13.59,1.026429,0.809697,23.097828,830.775574
13.6,1.026429,0.809698,23.09789,830.77575
13.61,1.026429,0.809698,23.097952,830.775931
13.62,1.026429,0.809698,23.098011,830.776117
13.63,1.026429,0.809698,23.09807,830.776308
13.64,1.026428,0.809698,23.098128,830.776502
13.65,1.026428,0.809699,23.098184,830.7767
13.66,1.026428,0.809699,23.098239,830.7769
13.67,1.026428,0.809699,23.098293,830.777103
13.68,1.026428,0.809699,23.098346,830.777306
13.69,1.026428,0.8097,23.098397,830.777511
13.7,1.026428,0.8097,23.098447,830.777716
13.71,1.026428,0.8097,23.098495,830.77792
13.72,1.026428,0.809701,23.098542,830.778124
13.73,1.026428,0.809701,23.098588,830.778326
13.74,1.026428,0.809701,23.098633,830.778525
13.75,1.026428,0.809701,23.098676,830.778722
13.76,1.026428,0.809702,23.098717,830.778915
13.77,1.026427,0.809702,23.098758,830.779105
13.78,1.026427,0.809702,23.098797,830.77929
13.79,1.026427,0.809702,23.098835,830.779469
13.8,1.026427,0.809703,23.098871,830.779644
13.81,1.026427,0.809703,23.098906,830.779812
13.82,1.026427,0.809703,23.09894,830.779973
13.83,1.026427,0.809703,23.098973,830.780128
13.84,1.026427,0.809703,23.099005,830.780275
13.85,1.026427,0.809704,23.099036,830.780414
13.86,1.026427,0.809704,23.099065,830.780545
13.87,1.026427,0.809704,23.099094,830.780668
13.88,1.026427,0.809704,23.099121,830.780781
13.89,1.026427,0.809704,23.099148,830.780886
13.9,1.026427,0.809704,23.099174,830.780981
13.91,1.026426,0.809704,23.099198,830.781067
13.92,1.026426,0.809705,23.099223,830.781143
13.93,1.026426,0.809705,23.099246,830.781209
13.94,1.026426,0.809705,23.099269,830.781265
13.95,1.026426,0.809705,23.099291,830.781311
13.96,1.026426,0.809705,23.099312,830.781347
13.97,1.026426,0.809705,23.099334,830.781374
13.98,1.026426,0.809705,23.099354,830.78139
13.99,1.026426,0.809705,23.099374,830.781396
14,1.026426,0.809705,23.099394,830.781392
14.01,1.026426,0.809705,23.099414,830.781379
14.02,1.026426,0.809705,23.099433,830.781356
14.03,1.026426,0.809705,23.099452,830.781324
14.04,1.026426,0.809705,23.099471,830.781283
14.05,1.026426,0.809705,23.09949,830.781233
14.06,1.026426,0.809705,23.099509,830.781175
14.07,1.026426,0.809705,23.099528,830.781108
14.08,1.026426,0.809705,23.099547,830.781034
14.09,1.026426,0.809705,23.099566,830.780952
14.1,1.026426,0.809705,23.099585,830.780863
14.11,1.026426,0.809704,23.099604,830.780767
14.12,1.026426,0.809704,23.099623,830.780665
14.13,1.026426,0.809704,23.099643,830.780557
14.14,1.026426,0.809704,23.099663,830.780444
14.15,1.026426,0.809704,23.099683,830.780325
14.16,1.026426,0.809704,23.099703,830.780203
14.17,1.026426,0.809704,23.099724,830.780076
14.18,1.026426,0.809703,23.099745,830.779946
14.19,1.026427,0.809703,23.099767,830.779812
14.2,1.026427,0.809703,23.099788,830.779676
14.21,1.026427,0.809703,23.099811,830.779538
14.22,1.026427,0.809703,23.099833,830.779398
14.23,1.026427,0.809703,23.099856,830.779257
14.24,1.026427,0.809702,23.099879,830.779116
14.25,1.026427,0.809702,23.099903,830.778974
14.26,1.026427,0.809702,23.099927,830.778832
14.27,1.026427,0.809702,23.099951,830.778691
14.28,1.026427,0.809702,23.099976,830.778551
14.29,1.026427,0.809701,23.100001,830.778412
14.3,1.026427,0.809701,23.100026,830.778275
14.31,1.026427,0.809701,23.100052,830.778141
14.32,1.026427,0.809701,23.100078,830.778009
14.33,1.026427,0.809701,23.100104,830.77788
14.34,1.026427,0.809701,23.10013,830.777754
14.35,1.026427,0.8097,23.100157,830.777631
14.36,1.026428,0.8097,23.100184,830.777512
14.37,1.026428,0.8097,23.100211,830.777397
14.38,1.026428,0.8097,23.100239,830.777287
14.39,1.026428,0.8097,23.100266,830.77718
14.4,1.026428,0.8097,23.100294,830.777079
14.41,1.026428,0.809699,23.100321,830.776982
14.42,1.026428,0.809699,23.100349,830.776889
14.43,1.026428,0.809699,23.100377,830.776802
14.44,1.026428,0.809699,23.100404,830.776719
14.45,1.026428,0.809699,23.100432,830.776642
14.46,1.026428,0.809699,23.10046,830.77657
14.47,1.026428,0.809699,23.100487,830.776502
14.48,1.026428,0.809699,23.100515,830.77644
14.49,1.026428,0.809699,23.100542,830.776382
14.5,1.026428,0.809698,23.10057,830.776329
14.51,1.026428,0.809698,23.100597,830.776281
14.52,1.026428,0.809698,23.100624,830.776238
14.53,1.026428,0.809698,23.10065,830.776199
14.54,1.026429,0.809698,23.100677,830.776165
14.55,1.026429,0.809698,23.100703,830.776135
14.56,1.026429,0.809698,23.100729,830.776109
14.57,1.026429,0.809698,23.100755,830.776086
14.58,1.026429,0.809698,23.10078,830.776068
14.59,1.026429,0.809698,23.100806,830.776052
14.6,1.026429,0.809698,23.10083,830.77604
14.61,1.026429,0.809698,23.100855,830.776031
14.62,1.026429,0.809698,23.100879,830.776025
14.63,1.026429,0.809698,23.100903,830.776021
14.64,1.026429,0.809698,23.100927,830.776019
14.65,1.026429,0.809698,23.10095,830.77602
14.66,1.026429,0.809698,23.100973,830.776022
14.67,1.026429,0.809698,23.100996,830.776025
14.68,1.026429,0.809698,23.101018,830.77603
14.69,1.026429,0.809698,23.10104,830.776036
14.7,1.026429,0.809698,23.101061,830.776043
14.71,1.026429,0.809698,23.101083,830.77605
14.72,1.026429,0.809698,23.101104,830.776057
14.73,1.026429,0.809698,23.101125,830.776065
14.74,1.026429,0.809698,23.101145,830.776072
14.75,1.026429,0.809698,23.101165,830.77608
14.76,1.026429,0.809698,23.101185,830.776087
14.77,1.026429,0.809698,23.101205,830.776093
14.78,1.026429,0.809698,23.101225,830.776098
14.79,1.026429,0.809698,23.101244,830.776103
14.8,1.026429,0.809698,23.101263,830.776106
14.81,1.026429,0.809698,23.101282,830.776109
14.82,1.026429,0.809697,23.101301,830.77611
14.83,1.026429,0.809697,23.10132,830.776109
14.84,1.026429,0.809697,23.101339,830.776108
14.85,1.026429,0.809697,23.101357,830.776105
14.86,1.026429,0.809697,23.101375,830.7761
14.87,1.026429,0.809697,23.101394,830.776094
14.88,1.026429,0.809697,23.101412,830.776087
14.89,1.026429,0.809697,23.10143,830.776078
14.9,1.026429,0.809697,23.101448,830.776068
14.91,1.026429,0.809697,23.101466,830.776056
14.92,1.026429,0.809697,23.101485,830.776043
14.93,1.026429,0.809697,23.101503,830.776029
14.94,1.026429,0.809697,23.101521,830.776014
14.95,1.02643,0.809697,23.101539,830.775997
14.96,1.02643,0.809697,23.101557,830.77598
14.97,1.02643,0.809697,23.101575,830.775962
14.98,1.02643,0.809697,23.101594,830.775943
14.99,1.02643,0.809697,23.101612,830.775924
15,1.02643,0.809697,23.10163,830.775905
15.01,1.02643,0.809697,23.101649,830.775885
15.02,1.02643,0.809697,23.101667,830.775866
15.03,1.02643,0.809697,23.101685,830.775846
15.04,1.02643,0.809697,23.101704,830.775827
15.05,1.02643,0.809697,23.101722,830.775808
15.06,1.02643,0.809697,23.101741,830.775791
15.07,1.02643,0.809697,23.101759,830.775774
15.08,1.02643,0.809697,23.101777,830.775758
15.09,1.02643,0.809697,23.101796,830.775743
15.1,1.02643,0.809697,23.101814,830.77573
15.11,1.02643,0.809697,23.101832,830.775718
15.12,1.02643,0.809697,23.10185,830.775708
15.13,1.02643,0.809697,23.101868,830.7757
15.14,1.02643,0.809697,23.101886,830.775695
15.15,1.02643,0.809697,23.101904,830.775691
15.16,1.02643,0.809697,23.101922,830.77569
15.17,1.02643,0.809697,23.101939,830.775691
15.18,1.02643,0.809697,23.101956,830.775694
15.19,1.02643,0.809697,23.101973,830.775701
15.2,1.02643,0.809697,23.10199,830.77571
15.21,1.02643,0.809697,23.102006,830.775722
15.22,1.02643,0.809697,23.102022,830.775736
15.23,1.02643,0.809697,23.102037,830.775754
15.24,1.02643,0.809697,23.102052,830.775775
15.25,1.02643,0.809697,23.102067,830.775798
15.26,1.02643,0.809697,23.102081,830.775825
15.27,1.02643,0.809697,23.102095,830.775854
15.28,1.02643,0.809697,23.102108,830.775886
15.29,1.02643,0.809697,23.102121,830.775921
15.3,1.026429,0.809697,23.102133,830.775959
15.31,1.026429,0.809697,23.102145,830.776
15.32,1.026429,0.809697,23.102156,830.776043
15.33,1.026429,0.809697,23.102166,830.776088
15.34,1.026429,0.809697,23.102176,830.776136
15.35,1.026429,0.809698,23.102185,830.776186
15.36,1.026429,0.809698,23.102193,830.776237
15.37,1.026429,0.809698,23.1022,830.776291
15.38,1.026429,0.809698,23.102207,830.776346
15.39,1.026429,0.809698,23.102213,830.776403
15.4,1.026429,0.809698,23.102218,830.776461
15.41,1.026429,0.809698,23.102222,830.77652
15.42,1.026429,0.809698,23.102225,830.77658
15.43,1.026429,0.809698,23.102228,830.77664
15.44,1.026429,0.809698,23.10223,830.7767
15.45,1.026429,0.809698,23.102231,830.77676
15.46,1.026429,0.809698,23.102231,830.776821
15.47,1.026429,0.809698,23.10223,830.77688
15.48,1.026429,0.809699,23.102228,830.776939
15.49,1.026429,0.809699,23.102226,830.776997
15.5,1.026429,0.809699,23.102222,830.777053
15.51,1.026429,0.809699,23.102218,830.777108
15.52,1.026429,0.809699,23.102213,830.777161
15.53,1.026429,0.809699,23.102207,830.777212
15.54,1.026429,0.809699,23.1022,830.777261
15.55,1.026429,0.809699,23.102193,830.777306
15.56,1.026429,0.809699,23.102184,830.777349
15.57,1.026429,0.809699,23.102175,830.777389
15.58,1.026429,0.809699,23.102165,830.777426
15.59,1.026429,0.809699,23.102155,830.777459
15.6,1.026429,0.809699,23.102143,830.777488
15.61,1.026429,0.809699,23.102131,830.777513
15.62,1.026429,0.809699,23.102119,830.777534
15.63,1.026429,0.809699,23.102105,830.77755
15.64,1.026429,0.809699,23.102091,830.777562
15.65,1.026429,0.809699,23.102077,830.77757
15.66,1.026429,0.809699,23.102062,830.777573
15.67,1.026429,0.8097,23.102046,830.77757
15.68,1.026429,0.8097,23.10203,830.777563
15.69,1.026429,0.809699,23.102013,830.777551
15.7,1.026429,0.809699,23.101997,830.777533
15.71,1.026429,0.809699,23.101979,830.777511
15.72,1.026429,0.809699,23.101962,830.777483
15.73,1.026429,0.809699,23.101944,830.77745
15.74,1.026429,0.809699,23.101925,830.777411
15.75,1.026429,0.809699,23.101907,830.777368
15.76,1.026429,0.809699,23.101888,830.77732
15.77,1.026429,0.809699,23.101869,830.777266
15.78,1.026429,0.809699,23.10185,830.777207
15.79,1.026429,0.809699,23.101831,830.777144
15.8,1.026429,0.809699,23.101812,830.777076
15.81,1.026429,0.809699,23.101793,830.777003
15.82,1.026429,0.809699,23.101774,830.776926
15.83,1.026429,0.809699,23.101755,830.776844
15.84,1.026429,0.809699,23.101736,830.776758
15.85,1.026429,0.809698,23.101717,830.776669
15.86,1.026429,0.809698,23.101698,830.776575
15.87,1.026429,0.809698,23.101679,830.776479
15.88,1.026429,0.809698,23.101661,830.776378
15.89,1.026429,0.809698,23.101642,830.776275
15.9,1.026429,0.809698,23.101624,830.776169
15.91,1.026429,0.809698,23.101606,830.776061
15.92,1.026429,0.809698,23.101589,830.77595
15.93,1.026429,0.809697,23.101571,830.775838
15.94,1.026429,0.809697,23.101554,830.775723
15.95,1.026429,0.809697,23.101537,830.775608
15.96,1.026429,0.809697,23.101521,830.775491
15.97,1.026429,0.809697,23.101505,830.775373
15.98,1.026429,0.809697,23.101489,830.775255
15.99,1.026429,0.809697,23.101474,830.775136
16,1.026429,0.809696,23.101459,830.775018
16.01,1.026429,0.809696,23.101444,830.7749
16.02,1.026429,0.809696,23.101429,830.774782
16.03,1.02643,0.809696,23.101415,830.774666
16.04,1.02643,0.809696,23.101402,830.77455
16.05,1.02643,0.809696,23.101388,830.774436
16.06,1.02643,0.809695,23.101375,830.774324
16.07,1.02643,0.809695,23.101363,830.774213
16.08,1.02643,0.809695,23.10135,830.774105
16.09,1.02643,0.809695,23.101338,830.773999
16.1,1.02643,0.809695,23.101326,830.773896
16.11,1.02643,0.809695,23.101315,830.773795
16.12,1.02643,0.809695,23.101304,830.773698
16.13,1.02643,0.809695,23.101293,830.773604
16.14,1.02643,0.809694,23.101282,830.773513
16.15,1.02643,0.809694,23.101271,830.773425
16.16,1.02643,0.809694,23.101261,830.773341
16.17,1.02643,0.809694,23.101251,830.773261
16.18,1.02643,0.809694,23.101241,830.773185
16.19,1.02643,0.809694,23.101231,830.773113
16.2,1.02643,0.809694,23.101221,830.773045
16.21,1.02643,0.809694,23.101211,830.772981
16.22,1.02643,0.809694,23.101202,830.772921
16.23,1.02643,0.809693,23.101192,830.772865
16.24,1.02643,0.809693,23.101183,830.772813
16.25,1.02643,0.809693,23.101173,830.772765
16.26,1.02643,0.809693,23.101163,830.772722
16.27,1.02643,0.809693,23.101154,830.772683
16.28,1.026431,0.809693,23.101144,830.772648
16.29,1.026431,0.809693,23.101135,830.772616
16.3,1.026431,0.809693,23.101125,830.772589
16.31,1.026431,0.809693,23.101115,830.772566
16.32,1.026431,0.809693,23.101105,830.772546
16.33,1.026431,0.809693,23.101094,830.77253
16.34,1.026431,0.809693,23.101084,830.772517
16.35,1.026431,0.809693,23.101073,830.772508
16.36,1.026431,0.809693,23.101063,830.772502
16.37,1.026431,0.809693,23.101052,830.772499
16.38,1.026431,0.809693,23.10104,830.772499
16.39,1.026431,0.809693,23.101029,830.772502
16.4,1.026431,0.809693,23.101017,830.772507
16.41,1.026431,0.809693,23.101005,830.772515
16.42,1.026431,0.809693,23.100993,830.772524
16.43,1.026431,0.809693,23.10098,830.772536
16.44,1.026431,0.809693,23.100967,830.77255
16.45,1.026431,0.809693,23.100954,830.772565
16.46,1.026431,0.809693,23.10094,830.772581
16.47,1.026431,0.809693,23.100927,830.772599
16.48,1.026431,0.809693,23.100913,830.772618
16.49,1.026431,0.809693,23.100898,830.772638
16.5,1.026431,0.809693,23.100883,830.772658
16.51,1.026431,0.809693,23.100868,830.772679
16.52,1.026431,0.809693,23.100853,830.7727
16.53,1.026431,0.809693,23.100837,830.772721
16.54,1.026431,0.809693,23.100821,830.772742
16.55,1.026431,0.809693,23.100805,830.772762
16.56,1.026431,0.809693,23.100788,830.772782
16.57,1.026431,0.809693,23.100771,830.772802
16.58,1.026431,0.809693,23.100754,830.772821
16.59,1.026431,0.809693,23.100737,830.772839
16.6,1.026431,0.809693,23.100719,830.772856
16.61,1.026431,0.809693,23.100701,830.772872
16.62,1.026431,0.809693,23.100683,830.772887
16.63,1.026431,0.809693,23.100664,830.7729
16.64,1.026431,0.809693,23.100645,830.772912
16.65,1.02643,0.809693,23.100626,830.772922
16.66,1.02643,0.809693,23.100607,830.772931
16.67,1.02643,0.809693,23.100588,830.772938
16.68,1.02643,0.809693,23.100568,830.772944
16.69,1.02643,0.809693,23.100549,830.772948
16.7,1.02643,0.809694,23.100529,830.77295
16.71,1.02643,0.809694,23.100509,830.77295
16.72,1.02643,0.809694,23.100489,830.772948
16.73,1.02643,0.809694,23.100468,830.772945
16.74,1.02643,0.809694,23.100448,830.77294
16.75,1.02643,0.809694,23.100427,830.772933
16.76,1.02643,0.809694,23.100407,830.772924
16.77,1.02643,0.809694,23.100386,830.772914
16.78,1.02643,0.809694,23.100365,830.772902
16.79,1.02643,0.809694,23.100344,830.772888
16.8,1.02643,0.809694,23.100323,830.772873
16.81,1.02643,0.809694,23.100302,830.772856
16.82,1.02643,0.809693,23.100281,830.772838
16.83,1.02643,0.809693,23.10026,830.772819
16.84,1.02643,0.809693,23.100238,830.772798
16.85,1.02643,0.809693,23.100217,830.772776
16.86,1.02643,0.809693,23.100196,830.772753
16.87,1.02643,0.809693,23.100174,830.772729
16.88,1.02643,0.809693,23.100153,830.772704
16.89,1.02643,0.809693,23.100131,830.772679
16.9,1.02643,0.809693,23.10011,830.772652
16.91,1.02643,0.809693,23.100088,830.772625
16.92,1.02643,0.809693,23.100066,830.772598
16.93,1.02643,0.809693,23.100045,830.77257
16.94,1.02643,0.809693,23.100023,830.772541
16.95,1.02643,0.809693,23.100001,830.772513
16.96,1.02643,0.809693,23.099979,830.772484
16.97,1.02643,0.809693,23.099957,830.772455
16.98,1.02643,0.809693,23.099935,830.772426
16.99,1.02643,0.809693,23.099913,830.772398
17,1.02643,0.809693,23.099891,830.772369
17.01,1.02643,0.809693,23.099869,830.772341
17.02,1.02643,0.809693,23.099846,830.772312
17.03,1.02643,0.809693,23.099824,830.772285
17.04,1.02643,0.809693,23.099801,830.772257
17.05,1.02643,0.809693,23.099779,830.77223
17.06,1.02643,0.809693,23.099756,830.772204
17.07,1.02643,0.809693,23.099733,830.772177
17.08,1.02643,0.809693,23.09971,830.772152
17.09,1.02643,0.809693,23.099687,830.772127
17.1,1.02643,0.809693,23.099663,830.772102
17.11,1.02643,0.809693,23.09964,830.772078
17.12,1.02643,0.809693,23.099616,830.772055
17.13,1.02643,0.809693,23.099592,830.772031
17.14,1.02643,0.809693,23.099568,830.772009
17.15,1.02643,0.809693,23.099544,830.771987
17.16,1.02643,0.809693,23.09952,830.771965
17.17,1.02643,0.809693,23.099495,830.771943
17.18,1.02643,0.809693,23.09947,830.771922
17.19,1.02643,0.809693,23.099445,830.771901
17.2,1.02643,0.809693,23.09942,830.771881
17.21,1.02643,0.809693,23.099394,830.77186
17.22,1.02643,0.809693,23.099369,830.77184
17.23,1.02643,0.809693,23.099343,830.771819
17.24,1.02643,0.809693,23.099317,830.771799
17.25,1.02643,0.809693,23.099291,830.771778
17.26,1.02643,0.809693,23.099264,830.771757
17.27,1.02643,0.809693,23.099237,830.771735
17.28,1.02643,0.809693,23.09921,830.771713
17.29,1.02643,0.809693,23.099183,830.771691
17.3,1.02643,0.809693,23.099156,830.771667
17.31,1.02643,0.809693,23.099128,830.771644
17.32,1.02643,0.809693,23.099101,830.771619
17.33,1.02643,0.809692,23.099073,830.771593
17.34,1.02643,0.809692,23.099045,830.771567
17.35,1.02643,0.809692,23.099016,830.771539
17.36,1.02643,0.809692,23.098988,830.77151
17.37,1.02643,0.809692,23.098959,830.77148
17.38,1.02643,0.809692,23.098931,830.771448
17.39,1.02643,0.809692,23.098902,830.771415
17.4,1.02643,0.809692,23.098873,830.771381
17.41,1.02643,0.809692,23.098844,830.771345
17.42,1.02643,0.809692,23.098815,830.771307
17.43,1.02643,0.809692,23.098786,830.771267
17.44,1.02643,0.809692,23.098757,830.771226
17.45,1.02643,0.809692,23.098727,830.771183
17.46,1.02643,0.809692,23.098698,830.771139
17.47,1.02643,0.809692,23.098669,830.771092
17.48,1.02643,0.809692,23.09864,830.771044
17.49,1.02643,0.809692,23.098611,830.770993
17.5,1.02643,0.809692,23.098581,830.770941
17.51,1.02643,0.809692,23.098552,830.770887
17.52,1.02643,0.809692,23.098523,830.770831
17.53,1.02643,0.809692,23.098494,830.770773
17.54,1.02643,0.809692,23.098465,830.770713
17.55,1.02643,0.809691,23.098437,830.770652
17.56,1.02643,0.809691,23.098408,830.770588
17.57,1.02643,0.809691,23.09838,830.770523
17.58,1.02643,0.809691,23.098352,830.770456
17.59,1.02643,0.809691,23.098324,830.770388
17.6,1.02643,0.809691,23.098296,830.770318
17.61,1.02643,0.809691,23.098268,830.770247
17.62,1.02643,0.809691,23.098241,830.770174
17.63,1.02643,0.809691,23.098214,830.7701
17.64,1.02643,0.809691,23.098187,830.770025
17.65,1.02643,0.809691,23.09816,830.769949
17.66,1.02643,0.809691,23.098134,830.769872
17.67,1.02643,0.80969,23.098108,830.769794
17.68,1.02643,0.80969,23.098082,830.769716
17.69,1.02643,0.80969,23.098057,830.769636
17.7,1.02643,0.80969,23.098032,830.769557
17.71,1.02643,0.80969,23.098007,830.769477
17.72,1.02643,0.80969,23.097982,830.769396
17.73,1.02643,0.80969,23.097958,830.769316
17.74,1.02643,0.80969,23.097935,830.769236
17.75,1.026431,0.80969,23.097911,830.769156
17.76,1.026431,0.80969,23.097888,830.769076
17.77,1.026431,0.809689,23.097865,830.768997
17.78,1.026431,0.809689,23.097843,830.768918
17.79,1.026431,0.809689,23.097821,830.76884
17.8,1.026431,0.809689,23.097799,830.768764
17.81,1.026431,0.809689,23.097778,830.768688
17.82,1.026431,0.809689,23.097757,830.768613
17.83,1.026431,0.809689,23.097736,830.768539
17.84,1.026431,0.809689,23.097715,830.768467
17.85,1.026431,0.809689,23.097695,830.768397
17.86,1.026431,0.809689,23.097675,830.768328
17.87,1.026431,0.809689,23.097656,830.768261
17.88,1.026431,0.809689,23.097637,830.768195
17.89,1.026431,0.809688,23.097618,830.768132
17.9,1.026431,0.809688,23.097599,830.76807
17.91,1.026431,0.809688,23.09758,830.768011
17.92,1.026431,0.809688,23.097562,830.767954
17.93,1.026431,0.809688,23.097544,830.767899
17.94,1.026431,0.809688,23.097526,830.767846
17.95,1.026431,0.809688,23.097509,830.767795
17.96,1.026431,0.809688,23.097491,830.767747
17.97,1.026431,0.809688,23.097474,830.767702
17.98,1.026431,0.809688,23.097457,830.767658
17.99,1.026431,0.809688,23.09744,830.767618
18,1.026431,0.809688,23.097423,830.767579
18.01,1.026431,0.809688,23.097406,830.767543
18.02,1.026431,0.809688,23.09739,830.76751
18.03,1.026431,0.809688,23.097373,830.767479
18.04,1.026431,0.809688,23.097357,830.76745
18.05,1.026431,0.809688,23.09734,830.767424
18.06,1.026431,0.809688,23.097324,830.767399
18.07,1.026431,0.809688,23.097308,830.767378
18.08,1.026431,0.809688,23.097291,830.767358
18.09,1.026431,0.809688,23.097275,830.76734
18.1,1.026431,0.809688,23.097259,830.767325
18.11,1.026431,0.809688,23.097242,830.767311
18.12,1.026431,0.809687,23.097226,830.767299
18.13,1.026431,0.809687,23.097209,830.767289
18.14,1.026431,0.809687,23.097193,830.767281
18.15,1.026431,0.809687,23.097176,830.767274
18.16,1.026431,0.809687,23.097159,830.767269
18.17,1.026431,0.809687,23.097143,830.767264
18.18,1.026431,0.809687,23.097126,830.767262
18.19,1.026431,0.809688,23.097109,830.76726
18.2,1.026431,0.809688,23.097092,830.767259
18.21,1.026431,0.809688,23.097074,830.767259
18.22,1.026431,0.809688,23.097057,830.76726
18.23,1.026431,0.809688,23.097039,830.767261
18.24,1.026431,0.809688,23.097022,830.767263
18.25,1.026431,0.809688,23.097004,830.767265
18.26,1.026431,0.809688,23.096986,830.767267
18.27,1.026431,0.809688,23.096968,830.76727
18.28,1.026431,0.809688,23.09695,830.767272
18.29,1.026431,0.809688,23.096931,830.767274
18.3,1.026431,0.809688,23.096913,830.767276
18.31,1.026431,0.809688,23.096894,830.767277
18.32,1.026431,0.809688,23.096875,830.767278
18.33,1.026431,0.809688,23.096856,830.767278
18.34,1.026431,0.809688,23.096837,830.767278
18.35,1.026431,0.809688,23.096818,830.767276
18.36,1.026431,0.809688,23.096799,830.767274
18.37,1.026431,0.809688,23.096779,830.76727
18.38,1.026431,0.809688,23.09676,830.767265
18.39,1.026431,0.809688,23.09674,830.767259
18.4,1.026431,0.809688,23.09672,830.767252
18.41,1.026431,0.809688,23.0967,830.767243
18.42,1.026431,0.809688,23.09668,830.767233
18.43,1.026431,0.809688,23.09666,830.767221
18.44,1.026431,0.809688,23.09664,830.767207
18.45,1.026431,0.809688,23.09662,830.767192
18.46,1.026431,0.809688,23.0966,830.767176
18.47,1.02643,0.809688,23.09658,830.767157
18.48,1.02643,0.809688,23.096559,830.767137
18.49,1.02643,0.809688,23.096539,830.767115
18.5,1.02643,0.809688,23.096519,830.767092
18.51,1.02643,0.809688,23.096499,830.767066
18.52,1.02643,0.809688,23.096478,830.767039
18.53,1.02643,0.809688,23.096458,830.76701
18.54,1.02643,0.809688,23.096438,830.76698
18.55,1.02643,0.809688,23.096417,830.766948
18.56,1.02643,0.809688,23.096397,830.766914
18.57,1.02643,0.809688,23.096377,830.766878
18.58,1.02643,0.809687,23.096357,830.766841
18.59,1.02643,0.809687,23.096337,830.766802
18.6,1.02643,0.809687,23.096317,830.766761
18.61,1.02643,0.809687,23.096297,830.76672
18.62,1.02643,0.809687,23.096277,830.766676
18.63,1.02643,0.809687,23.096257,830.766632
18.64,1.02643,0.809687,23.096238,830.766586
18.65,1.02643,0.809687,23.096218,830.766539
18.66,1.02643,0.809687,23.096199,830.76649
18.67,1.02643,0.809687,23.096179,830.766441
18.68,1.02643,0.809687,23.09616,830.766391
18.69,1.02643,0.809687,23.096141,830.766339
18.7,1.02643,0.809687,23.096122,830.766287
18.71,1.02643,0.809687,23.096103,830.766234
18.72,1.02643,0.809687,23.096085,830.766181
18.73,1.02643,0.809687,23.096066,830.766126
18.74,1.02643,0.809687,23.096047,830.766072
18.75,1.02643,0.809687,23.096029,830.766016
18.76,1.02643,0.809687,23.096011,830.765961
18.77,1.02643,0.809687,23.095993,830.765905
18.78,1.02643,0.809687,23.095975,830.765849
18.79,1.02643,0.809686,23.095957,830.765792
18.8,1.02643,0.809686,23.095939,830.765736
18.81,1.02643,0.809686,23.095922,830.765679
18.82,1.02643,0.809686,23.095904,830.765623
18.83,1.02643,0.809686,23.095887,830.765566
18.84,1.02643,0.809686,23.09587,830.76551
18.85,1.02643,0.809686,23.095852,830.765454
18.86,1.02643,0.809686,23.095835,830.765398
18.87,1.02643,0.809686,23.095819,830.765343
18.88,1.02643,0.809686,23.095802,830.765288
18.89,1.02643,0.809686,23.095785,830.765233
18.9,1.02643,0.809686,23.095768,830.765178
18.91,1.02643,0.809686,23.095752,830.765124
18.92,1.02643,0.809686,23.095736,830.765071
18.93,1.02643,0.809686,23.095719,830.765017
18.94,1.02643,0.809686,23.095703,830.764965
18.95,1.02643,0.809686,23.095687,830.764913
18.96,1.02643,0.809685,23.095671,830.764861
18.97,1.02643,0.809685,23.095655,830.76481
18.98,1.02643,0.809685,23.095639,830.764759
18.99,1.02643,0.809685,23.095623,830.764709
19,1.026431,0.809685,23.095607,830.764659
19.01,1.026431,0.809685,23.095591,830.76461
19.02,1.026431,0.809685,23.095576,830.764561
19.03,1.026431,0.809685,23.09556,830.764513
19.04,1.026431,0.809685,23.095545,830.764464
19.05,1.026431,0.809685,23.095529,830.764417
19.06,1.026431,0.809685,23.095514,830.764369
19.07,1.026431,0.809685,23.095498,830.764322
19.08,1.026431,0.809685,23.095483,830.764276
19.09,1.026431,0.809685,23.095468,830.764229
19.1,1.026431,0.809685,23.095452,830.764183
19.11,1.026431,0.809685,23.095437,830.764137
19.12,1.026431,0.809685,23.095422,830.764091
19.13,1.026431,0.809685,23.095407,830.764045
19.14,1.026431,0.809685,23.095392,830.763999
19.15,1.026431,0.809684,23.095377,830.763953
19.16,1.026431,0.809684,23.095362,830.763907
19.17,1.026431,0.809684,23.095347,830.763861
19.18,1.026431,0.809684,23.095333,830.763815
19.19,1.026431,0.809684,23.095318,830.763769
19.2,1.026431,0.809684,23.095303,830.763722
19.21,1.026431,0.809684,23.095289,830.763675
19.22,1.026431,0.809684,23.095274,830.763628
19.23,1.026431,0.809684,23.09526,830.763581
19.24,1.026431,0.809684,23.095245,830.763534
19.25,1.026431,0.809684,23.095231,830.763486
19.26,1.026431,0.809684,23.095217,830.763437
19.27,1.026431,0.809684,23.095203,830.763389
19.28,1.026431,0.809684,23.095189,830.76334
19.29,1.026431,0.809684,23.095175,830.76329
19.3,1.026431,0.809684,23.095162,830.76324
19.31,1.026431,0.809684,23.095148,830.76319
19.32,1.026431,0.809684,23.095135,830.763139
19.33,1.026431,0.809684,23.095121,830.763088
19.34,1.026431,0.809683,23.095108,830.763036
19.35,1.026431,0.809683,23.095095,830.762984
19.36,1.026431,0.809683,23.095082,830.762931
19.37,1.026431,0.809683,23.09507,830.762878
19.38,1.026431,0.809683,23.095057,830.762825
19.39,1.026431,0.809683,23.095044,830.762771
19.4,1.026431,0.809683,23.095032,830.762717
19.41,1.026431,0.809683,23.09502,830.762662
19.42,1.026431,0.809683,23.095008,830.762607
19.43,1.026431,0.809683,23.094996,830.762552
19.44,1.026431,0.809683,23.094985,830.762497
19.45,1.026431,0.809683,23.094974,830.762442
19.46,1.026431,0.809683,23.094962,830.762386
19.47,1.026431,0.809683,23.094951,830.762331
19.48,1.026431,0.809683,23.09494,830.762275
19.49,1.026431,0.809683,23.09493,830.762219
19.5,1.026431,0.809682,23.094919,830.762163
19.51,1.026431,0.809682,23.094909,830.762108
19.52,1.026431,0.809682,23.094899,830.762052
19.53,1.026431,0.809682,23.094889,830.761997
19.54,1.026431,0.809682,23.094879,830.761942
19.55,1.026431,0.809682,23.09487,830.761887
19.56,1.026431,0.809682,23.09486,830.761833
19.57,1.026431,0.809682,23.094851,830.761779
19.58,1.026431,0.809682,23.094842,830.761726
19.59,1.026431,0.809682,23.094833,830.761673
19.6,1.026431,0.809682,23.094825,830.76162
19.61,1.026431,0.809682,23.094816,830.761569
19.62,1.026431,0.809682,23.094808,830.761517
19.63,1.026431,0.809682,23.0948,830.761467
19.64,1.026431,0.809682,23.094792,830.761418
19.65,1.026431,0.809682,23.094784,830.761369
19.66,1.026431,0.809682,23.094776,830.761321
19.67,1.026431,0.809682,23.094768,830.761274
19.68,1.026431,0.809681,23.094761,830.761227
19.69,1.026431,0.809681,23.094753,830.761182
19.7,1.026431,0.809681,23.094746,830.761138
19.71,1.026431,0.809681,23.094739,830.761095
19.72,1.026431,0.809681,23.094732,830.761053
19.73,1.026431,0.809681,23.094725,830.761011
19.74,1.026431,0.809681,23.094718,830.760971
19.75,1.026431,0.809681,23.094711,830.760932
19.76,1.026431,0.809681,23.094704,830.760894
19.77,1.026431,0.809681,23.094697,830.760857
19.78,1.026431,0.809681,23.09469,830.760821
19.79,1.026431,0.809681,23.094684,830.760786
19.8,1.026431,0.809681,23.094677,830.760752
19.81,1.026431,0.809681,23.09467,830.76072
19.82,1.026431,0.809681,23.094664,830.760688
19.83,1.026431,0.809681,23.094657,830.760657
19.84,1.026431,0.809681,23.09465,830.760627
19.85,1.026431,0.809681,23.094643,830.760598
19.86,1.026431,0.809681,23.094637,830.76057
19.87,1.026431,0.809681,23.09463,830.760543
19.88,1.026431,0.809681,23.094623,830.760516
19.89,1.026431,0.809681,23.094616,830.76049
19.9,1.026431,0.809681,23.094609,830.760465
19.91,1.026431,0.809681,23.094602,830.760441
19.92,1.026431,0.809681,23.094595,830.760417
19.93,1.026431,0.809681,23.094588,830.760394
19.94,1.026431,0.809681,23.094581,830.760371
19.95,1.026431,0.809681,23.094574,830.760349
19.96,1.026431,0.809681,23.094567,830.760327
19.97,1.026431,0.809681,23.094559,830.760305
19.98,1.026431,0.809681,23.094552,830.760283
19.99,1.026431,0.809681,23.094544,830.760262
20,1.026431,0.809681,23.094536,830.76024
20.01,1.026431,0.809681,23.094528,830.760219
20.02,1.026431,0.80968,23.09452,830.760197
20.03,1.026431,0.80968,23.094512,830.760176
20.04,1.026431,0.80968,23.094504,830.760154
20.05,1.026431,0.80968,23.094496,830.760132
20.06,1.026431,0.80968,23.094488,830.760109
20.07,1.026431,0.80968,23.094479,830.760086
20.08,1.026431,0.80968,23.094471,830.760063
20.09,1.026431,0.80968,23.094462,830.760039
20.1,1.026431,0.80968,23.094453,830.760015
20.11,1.026431,0.80968,23.094444,830.759989
20.12,1.026431,0.80968,23.094435,830.759963
20.13,1.026431,0.80968,23.094426,830.759937
20.14,1.026431,0.80968,23.094417,830.759909
20.15,1.026431,0.80968,23.094408,830.75988
20.16,1.026431,0.80968,23.094399,830.759851
20.17,1.026431,0.80968,23.094389,830.759821
20.18,1.026431,0.80968,23.09438,830.759789
20.19,1.026431,0.80968,23.09437,830.759757
20.2,1.026431,0.80968,23.094361,830.759723
20.21,1.026431,0.80968,23.094351,830.759688
20.22,1.026431,0.80968,23.094341,830.759652
20.23,1.026431,0.80968,23.094332,830.759615
20.24,1.026431,0.80968,23.094322,830.759577
20.25,1.026431,0.80968,23.094312,830.759538
20.26,1.026431,0.80968,23.094302,830.759497
20.27,1.026431,0.80968,23.094293,830.759455
20.28,1.026431,0.80968,23.094283,830.759412
20.29,1.026431,0.80968,23.094273,830.759368
20.3,1.026431,0.80968,23.094263,830.759323
20.31,1.026431,0.80968,23.094253,830.759276
20.32,1.026431,0.80968,23.094243,830.759229
20.33,1.026431,0.80968,23.094234,830.75918
20.34,1.026431,0.80968,23.094224,830.75913
20.35,1.026431,0.809679,23.094214,830.759079
20.36,1.026431,0.809679,23.094205,830.759027
20.37,1.026431,0.809679,23.094195,830.758974
20.38,1.026431,0.809679,23.094185,830.758919
20.39,1.026431,0.809679,23.094176,830.758864
20.4,1.026431,0.809679,23.094166,830.758808
20.41,1.026431,0.809679,23.094157,830.758752
20.42,1.026431,0.809679,23.094148,830.758694
20.43,1.026431,0.809679,23.094138,830.758636
20.44,1.026431,0.809679,23.094129,830.758577
20.45,1.026431,0.809679,23.09412,830.758517
20.46,1.026431,0.809679,23.094111,830.758457
20.47,1.026431,0.809679,23.094102,830.758396
20.48,1.026431,0.809679,23.094093,830.758334
20.49,1.026431,0.809679,23.094085,830.758273
20.5,1.026431,0.809679,23.094076,830.758211
20.51,1.026431,0.809678,23.094067,830.758148
20.52,1.026431,0.809678,23.094059,830.758086
20.53,1.026431,0.809678,23.09405,830.758023
20.54,1.026431,0.809678,23.094042,830.75796
20.55,1.026431,0.809678,23.094034,830.757897
20.56,1.026431,0.809678,23.094026,830.757834
20.57,1.026431,0.809678,23.094018,830.757771
20.58,1.026431,0.809678,23.09401,830.757708
20.59,1.026431,0.809678,23.094002,830.757645
20.6,1.026431,0.809678,23.093994,830.757583
20.61,1.026431,0.809678,23.093987,830.75752
20.62,1.026431,0.809678,23.093979,830.757458
20.63,1.026431,0.809678,23.093972,830.757397
20.64,1.026431,0.809678,23.093964,830.757336
20.65,1.026431,0.809678,23.093957,830.757275
20.66,1.026431,0.809677,23.09395,830.757214
20.67,1.026431,0.809677,23.093943,830.757154
20.68,1.026431,0.809677,23.093935,830.757095
20.69,1.026431,0.809677,23.093928,830.757036
20.7,1.026431,0.809677,23.093921,830.756978
20.71,1.026431,0.809677,23.093915,830.75692
20.72,1.026431,0.809677,23.093908,830.756863
20.73,1.026431,0.809677,23.093901,830.756807
20.74,1.026431,0.809677,23.093894,830.756751
20.75,1.026431,0.809677,23.093887,830.756696
20.76,1.026431,0.809677,23.093881,830.756641
20.77,1.026431,0.809677,23.093874,830.756587
20.78,1.026431,0.809677,23.093867,830.756534
20.79,1.026431,0.809677,23.093861,830.756482
20.8,1.026431,0.809677,23.093854,830.75643
20.81,1.026431,0.809676,23.093848,830.756378
20.82,1.026431,0.809676,23.093841,830.756328
20.83,1.026431,0.809676,23.093835,830.756278
20.84,1.026431,0.809676,23.093828,830.756229
20.85,1.026431,0.809676,23.093822,830.75618
20.86,1.026431,0.809676,23.093815,830.756132
20.87,1.026431,0.809676,23.093809,830.756084
20.88,1.026431,0.809676,23.093802,830.756037
20.89,1.026431,0.809676,23.093796,830.75599
20.9,1.026431,0.809676,23.093789,830.755944
20.91,1.026431,0.809676,23.093783,830.755899
20.92,1.026431,0.809676,23.093776,830.755853
20.93,1.026431,0.809676,23.09377,830.755809
20.94,1.026431,0.809676,23.093763,830.755764
20.95,1.026431,0.809676,23.093756,830.75572
20.96,1.026431,0.809676,23.09375,830.755676
20.97,1.026431,0.809676,23.093743,830.755632
20.98,1.026431,0.809676,23.093737,830.755589
20.99,1.026431,0.809676,23.09373,830.755546
21,1.026431,0.809676,23.093723,830.755503
21.01,1.026431,0.809675,23.093717,830.75546
21.02,1.026431,0.809675,23.09371,830.755417
21.03,1.026431,0.809675,23.093703,830.755375
21.04,1.026431,0.809675,23.093697,830.755332
21.05,1.026431,0.809675,23.09369,830.75529
21.06,1.026431,0.809675,23.093683,830.755247
21.07,1.026432,0.809675,23.093676,830.755205
21.08,1.026432,0.809675,23.093669,830.755162
21.09,1.026432,0.809675,23.093663,830.755119
21.1,1.026432,0.809675,23.093656,830.755077
21.11,1.026432,0.809675,23.093649,830.755034
21.12,1.026432,0.809675,23.093642,830.754991
21.13,1.026432,0.809675,23.093635,830.754948
21.14,1.026432,0.809675,23.093628,830.754904
21.15,1.026432,0.809675,23.093622,830.754861
21.16,1.026432,0.809675,23.093615,830.754817
21.17,1.026432,0.809675,23.093608,830.754773
21.18,1.026432,0.809675,23.093601,830.754729
21.19,1.026432,0.809675,23.093594,830.754685
21.2,1.026432,0.809675,23.093587,830.754641
21.21,1.026432,0.809675,23.09358,830.754596
21.22,1.026432,0.809674,23.093574,830.754552
21.23,1.026432,0.809674,23.093567,830.754507
21.24,1.026432,0.809674,23.09356,830.754462
21.25,1.026432,0.809674,23.093553,830.754416
21.26,1.026432,0.809674,23.093546,830.754371
21.27,1.026432,0.809674,23.093539,830.754325
21.28,1.026432,0.809674,23.093532,830.75428
21.29,1.026432,0.809674,23.093526,830.754234
21.3,1.026432,0.809674,23.093519,830.754188
21.31,1.026432,0.809674,23.093512,830.754142
21.32,1.026432,0.809674,23.093505,830.754096
21.33,1.026432,0.809674,23.093498,830.75405
21.34,1.026432,0.809674,23.093492,830.754003
21.35,1.026432,0.809674,23.093485,830.753957
21.36,1.026432,0.809674,23.093478,830.753911
21.37,1.026432,0.809674,23.093471,830.753865
21.38,1.026432,0.809674,23.093464,830.753819
21.39,1.026432,0.809674,23.093458,830.753773
21.4,1.026432,0.809674,23.093451,830.753727
21.41,1.026432,0.809674,23.093444,830.753681
21.42,1.026432,0.809674,23.093437,830.753635
21.43,1.026432,0.809673,23.093431,830.75359
21.44,1.026432,0.809673,23.093424,830.753544
21.45,1.026432,0.809673,23.093417,830.753499
21.46,1.026432,0.809673,23.09341,830.753454
21.47,1.026432,0.809673,23.093403,830.753409
21.48,1.026432,0.809673,23.093396,830.753364
21.49,1.026432,0.809673,23.093389,830.75332
21.5,1.026432,0.809673,23.093383,830.753276
21.51,1.026432,0.809673,23.093376,830.753232
21.52,1.026432,0.809673,23.093369,830.753189
21.53,1.026432,0.809673,23.093362,830.753145
21.54,1.026432,0.809673,23.093354,830.753102
21.55,1.026432,0.809673,23.093347,830.75306
21.56,1.026432,0.809673,23.09334,830.753017
21.57,1.026432,0.809673,23.093333,830.752975
21.58,1.026432,0.809673,23.093326,830.752933
21.59,1.026432,0.809673,23.093318,830.752892
21.6,1.026432,0.809673,23.093311,830.752851
21.61,1.026432,0.809673,23.093304,830.75281
21.62,1.026432,0.809673,23.093296,830.752769
21.63,1.026432,0.809673,23.093289,830.752729
21.64,1.026432,0.809673,23.093281,830.752689
21.65,1.026432,0.809673,23.093273,830.752649
21.66,1.026432,0.809672,23.093265,830.752609
21.67,1.026432,0.809672,23.093257,830.75257
21.68,1.026432,0.809672,23.093249,830.752531
21.69,1.026432,0.809672,23.093241,830.752492
21.7,1.026432,0.809672,23.093233,830.752453
21.71,1.026432,0.809672,23.093225,830.752414
21.72,1.026432,0.809672,23.093217,830.752375
21.73,1.026432,0.809672,23.093208,830.752337
21.74,1.026432,0.809672,23.0932,830.752298
21.75,1.026432,0.809672,23.093191,830.752259
21.76,1.026432,0.809672,23.093182,830.752221
21.77,1.026432,0.809672,23.093173,830.752182
21.78,1.026432,0.809672,23.093164,830.752144
21.79,1.026432,0.809672,23.093155,830.752105
21.8,1.026432,0.809672,23.093146,830.752066
21.81,1.026432,0.809672,23.093137,830.752027
21.82,1.026432,0.809672,23.093128,830.751988
21.83,1.026432,0.809672,23.093118,830.751948
21.84,1.026432,0.809672,23.093109,830.751909
21.85,1.026432,0.809672,23.093099,830.751869
21.86,1.026432,0.809672,23.093089,830.751829
21.87,1.026432,0.809672,23.09308,830.751788
21.88,1.026432,0.809672,23.09307,830.751747
21.89,1.026432,0.809672,23.09306,830.751706
21.9,1.026432,0.809672,23.09305,830.751664
21.91,1.026432,0.809671,23.093039,830.751622
21.92,1.026432,0.809671,23.093029,830.751579
21.93,1.026432,0.809671,23.093019,830.751536
21.94,1.026432,0.809671,23.093008,830.751493
21.95,1.026432,0.809671,23.092998,830.751448
21.96,1.026432,0.809671,23.092987,830.751404
21.97,1.026432,0.809671,23.092977,830.751359
21.98,1.026432,0.809671,23.092966,830.751313
21.99,1.026432,0.809671,23.092955,830.751267
22,1.026432,0.809671,23.092944,830.75122
22.01,1.026432,0.809671,23.092933,830.751172
22.02,1.026432,0.809671,23.092923,830.751124
22.03,1.026432,0.809671,23.092912,830.751075
22.04,1.026432,0.809671,23.092901,830.751026
22.05,1.026432,0.809671,23.092889,830.750976
22.06,1.026432,0.809671,23.092878,830.750926
22.07,1.026432,0.809671,23.092867,830.750875
22.08,1.026432,0.809671,23.092856,830.750823
22.09,1.026432,0.809671,23.092845,830.750771
22.1,1.026432,0.809671,23.092834,830.750718
22.11,1.026432,0.80967,23.092823,830.750665
22.12,1.026432,0.80967,23.092811,830.750611
22.13,1.026432,0.80967,23.0928,830.750557
22.14,1.026432,0.80967,23.092789,830.750502
22.15,1.026432,0.80967,23.092778,830.750447
22.16,1.026432,0.80967,23.092767,830.750391
22.17,1.026432,0.80967,23.092755,830.750335
22.18,1.026432,0.80967,23.092744,830.750279
22.19,1.026432,0.80967,23.092733,830.750222
22.2,1.026432,0.80967,23.092722,830.750164
22.21,1.026432,0.80967,23.092711,830.750107
22.22,1.026432,0.80967,23.0927,830.750049
22.23,1.026432,0.80967,23.092688,830.749991
22.24,1.026432,0.80967,23.092677,830.749933
22.25,1.026432,0.80967,23.092666,830.749875
22.26,1.026432,0.80967,23.092655,830.749816
22.27,1.026432,0.809669,23.092644,830.749757
22.28,1.026432,0.809669,23.092633,830.749699
22.29,1.026432,0.809669,23.092622,830.74964
22.3,1.026432,0.809669,23.092611,830.749581
22.31,1.026432,0.809669,23.092601,830.749523
22.32,1.026432,0.809669,23.09259,830.749464
22.33,1.026432,0.809669,23.092579,830.749405
22.34,1.026432,0.809669,23.092568,830.749347
22.35,1.026432,0.809669,23.092557,830.749289
22.36,1.026432,0.809669,23.092547,830.749231
22.37,1.026432,0.809669,23.092536,830.749173
22.38,1.026432,0.809669,23.092525,830.749115
22.39,1.026432,0.809669,23.092514,830.749058
22.4,1.026432,0.809669,23.092504,830.749001
22.41,1.026432,0.809669,23.092493,830.748945
22.42,1.026432,0.809668,23.092483,830.748889
22.43,1.026432,0.809668,23.092472,830.748833
22.44,1.026432,0.809668,23.092461,830.748777
22.45,1.026432,0.809668,23.092451,830.748722
22.46,1.026432,0.809668,23.09244,830.748668
22.47,1.026432,0.809668,23.09243,830.748614
22.48,1.026432,0.809668,23.092419,830.74856
22.49,1.026432,0.809668,23.092409,830.748507
22.5,1.026432,0.809668,23.092398,830.748455
22.51,1.026432,0.809668,23.092388,830.748402
22.52,1.026432,0.809668,23.092377,830.748351
22.53,1.026432,0.809668,23.092367,830.7483
22.54,1.026432,0.809668,23.092356,830.748249
22.55,1.026432,0.809668,23.092346,830.748199
22.56,1.026432,0.809668,23.092335,830.74815
22.57,1.026432,0.809668,23.092324,830.748101
22.58,1.026432,0.809668,23.092314,830.748053
22.59,1.026432,0.809667,23.092303,830.748005
22.6,1.026432,0.809667,23.092292,830.747958
22.61,1.026432,0.809667,23.092282,830.747911
22.62,1.026432,0.809667,23.092271,830.747864
22.63,1.026432,0.809667,23.09226,830.747818
22.64,1.026432,0.809667,23.092249,830.747773
22.65,1.026432,0.809667,23.092239,830.747728
22.66,1.026432,0.809667,23.092228,830.747683
22.67,1.026432,0.809667,23.092217,830.747639
22.68,1.026432,0.809667,23.092206,830.747595
22.69,1.026432,0.809667,23.092195,830.747552
22.7,1.026432,0.809667,23.092184,830.747509
22.71,1.026432,0.809667,23.092173,830.747466
22.72,1.026432,0.809667,23.092161,830.747423
22.73,1.026432,0.809667,23.09215,830.747381
22.74,1.026432,0.809667,23.092139,830.747339
22.75,1.026432,0.809667,23.092128,830.747298
22.76,1.026432,0.809667,23.092116,830.747256
22.77,1.026432,0.809667,23.092105,830.747215
22.78,1.026432,0.809667,23.092093,830.747173
22.79,1.026432,0.809667,23.092082,830.747132
22.8,1.026432,0.809667,23.09207,830.747091
22.81,1.026432,0.809666,23.092058,830.74705
22.82,1.026432,0.809666,23.092046,830.747009
22.83,1.026432,0.809666,23.092035,830.746969
22.84,1.026432,0.809666,23.092023,830.746928
22.85,1.026432,0.809666,23.092011,830.746887
22.86,1.026432,0.809666,23.091999,830.746846
22.87,1.026432,0.809666,23.091987,830.746805
22.88,1.026432,0.809666,23.091975,830.746764
22.89,1.026432,0.809666,23.091962,830.746723
22.9,1.026432,0.809666,23.09195,830.746681
22.91,1.026432,0.809666,23.091938,830.74664
22.92,1.026432,0.809666,23.091926,830.746598
22.93,1.026432,0.809666,23.091913,830.746557
22.94,1.026432,0.809666,23.091901,830.746515
22.95,1.026432,0.809666,23.091888,830.746473
22.96,1.026432,0.809666,23.091876,830.74643
22.97,1.026432,0.809666,23.091863,830.746388
22.98,1.026432,0.809666,23.09185,830.746345
22.99,1.026432,0.809666,23.091838,830.746302
23,1.026432,0.809666,23.091825,830.746259
23.01,1.026432,0.809666,23.091812,830.746215
23.02,1.026432,0.809666,23.0918,830.746171
23.03,1.026432,0.809666,23.091787,830.746127
23.04,1.026432,0.809665,23.091774,830.746083
23.05,1.026432,0.809665,23.091761,830.746038
23.06,1.026433,0.809665,23.091748,830.745994
23.07,1.026433,0.809665,23.091735,830.745949
23.08,1.026433,0.809665,23.091722,830.745903
23.09,1.026433,0.809665,23.091709,830.745858
23.1,1.026433,0.809665,23.091696,830.745812
23.11,1.026433,0.809665,23.091683,830.745766
23.12,1.026433,0.809665,23.09167,830.74572
23.13,1.026433,0.809665,23.091657,830.745674
23.14,1.026433,0.809665,23.091643,830.745627
23.15,1.026433,0.809665,23.09163,830.745581
23.16,1.026433,0.809665,23.091617,830.745534
23.17,1.026433,0.809665,23.091604,830.745487
23.18,1.026433,0.809665,23.09159,830.745439
23.19,1.026433,0.809665,23.091577,830.745392
23.2,1.026433,0.809665,23.091564,830.745344
23.21,1.026433,0.809665,23.09155,830.745297
23.22,1.026433,0.809665,23.091537,830.745249
23.23,1.026433,0.809665,23.091524,830.745201
23.24,1.026433,0.809665,23.09151,830.745153
23.25,1.026433,0.809664,23.091497,830.745106
23.26,1.026433,0.809664,23.091483,830.745058
23.27,1.026433,0.809664,23.09147,830.74501
23.28,1.026433,0.809664,23.091457,830.744961
23.29,1.026433,0.809664,23.091443,830.744913
23.3,1.026433,0.809664,23.09143,830.744865
23.31,1.026433,0.809664,23.091416,830.744817
23.32,1.026433,0.809664,23.091402,830.744769
23.33,1.026433,0.809664,23.091389,830.744721
23.34,1.026433,0.809664,23.091375,830.744673
23.35,1.026433,0.809664,23.091362,830.744625
23.36,1.026433,0.809664,23.091348,830.744577
23.37,1.026433,0.809664,23.091334,830.744529
23.38,1.026433,0.809664,23.09132,830.744481
23.39,1.026433,0.809664,23.091307,830.744434
23.4,1.026433,0.809664,23.091293,830.744386
23.41,1.026433,0.809664,23.091279,830.744338
23.42,1.026433,0.809664,23.091265,830.744291
23.43,1.026433,0.809664,23.091251,830.744243
23.44,1.026433,0.809664,23.091237,830.744196
23.45,1.026433,0.809663,23.091223,830.744149
23.46,1.026433,0.809663,23.09121,830.744101
23.47,1.026433,0.809663,23.091195,830.744054
23.48,1.026433,0.809663,23.091181,830.744007
23.49,1.026433,0.809663,23.091167,830.74396
23.5,1.026433,0.809663,23.091153,830.743913
23.51,1.026433,0.809663,23.091139,830.743866
23.52,1.026433,0.809663,23.091125,830.743819
23.53,1.026433,0.809663,23.091111,830.743772
23.54,1.026433,0.809663,23.091096,830.743725
23.55,1.026433,0.809663,23.091082,830.743678
23.56,1.026433,0.809663,23.091068,830.743631
23.57,1.026433,0.809663,23.091053,830.743585
23.58,1.026433,0.809663,23.091039,830.743538
23.59,1.026433,0.809663,23.091025,830.743491
23.6,1.026433,0.809663,23.09101,830.743444
23.61,1.026433,0.809663,23.090996,830.743397
23.62,1.026433,0.809663,23.090981,830.74335
23.63,1.026433,0.809663,23.090967,830.743303
23.64,1.026433,0.809663,23.090952,830.743256
23.65,1.026433,0.809662,23.090937,830.743208
23.66,1.026433,0.809662,23.090923,830.743161
23.67,1.026433,0.809662,23.090908,830.743114
23.68,1.026433,0.809662,23.090893,830.743066
23.69,1.026433,0.809662,23.090879,830.743018
23.7,1.026433,0.809662,23.090864,830.74297
23.71,1.026433,0.809662,23.090849,830.742922
23.72,1.026433,0.809662,23.090834,830.742874
23.73,1.026433,0.809662,23.090819,830.742826
23.74,1.026433,0.809662,23.090805,830.742778
23.75,1.026433,0.809662,23.09079,830.742729
23.76,1.026433,0.809662,23.090775,830.74268
23.77,1.026433,0.809662,23.09076,830.742631
23.78,1.026433,0.809662,23.090745,830.742582
23.79,1.026433,0.809662,23.09073,830.742532
23.8,1.026433,0.809662,23.090715,830.742483
23.81,1.026433,0.809662,23.0907,830.742433
23.82,1.026433,0.809662,23.090685,830.742383
23.83,1.026433,0.809662,23.090671,830.742333
23.84,1.026433,0.809661,23.090656,830.742282
23.85,1.026433,0.809661,23.090641,830.742232
23.86,1.026433,0.809661,23.090626,830.742181
23.87,1.026433,0.809661,23.090611,830.74213
23.88,1.026433,0.809661,23.090596,830.742079
23.89,1.026433,0.809661,23.090581,830.742028
23.9,1.026433,0.809661,23.090566,830.741976
23.91,1.026433,0.809661,23.090552,830.741924
23.92,1.026433,0.809661,23.090537,830.741873
23.93,1.026433,0.809661,23.090522,830.741821
23.94,1.026433,0.809661,23.090507,830.741768
23.95,1.026433,0.809661,23.090492,830.741716
23.96,1.026433,0.809661,23.090478,830.741664
23.97,1.026433,0.809661,23.090463,830.741611
23.98,1.026433,0.809661,23.090448,830.741559
23.99,1.026433,0.809661,23.090434,830.741506
24,1.026433,0.809661,23.090419,830.741454
24.01,1.026433,0.809661,23.090404,830.741401
24.02,1.026433,0.80966,23.09039,830.741348
24.03,1.026433,0.80966,23.090375,830.741295
24.04,1.026433,0.80966,23.090361,830.741242
24.05,1.026433,0.80966,23.090346,830.74119
24.06,1.026433,0.80966,23.090332,830.741137
24.07,1.026433,0.80966,23.090318,830.741084
24.08,1.026433,0.80966,23.090303,830.741032
24.09,1.026433,0.80966,23.090289,830.740979
24.1,1.026433,0.80966,23.090275,830.740927
24.11,1.026433,0.80966,23.09026,830.740874
24.12,1.026433,0.80966,23.090246,830.740822
24.13,1.026433,0.80966,23.090232,830.74077
24.14,1.026433,0.80966,23.090218,830.740718
24.15,1.026433,0.80966,23.090204,830.740666
24.16,1.026433,0.80966,23.09019,830.740615
24.17,1.026433,0.80966,23.090176,830.740564
24.18,1.026433,0.80966,23.090162,830.740512
24.19,1.026433,0.80966,23.090148,830.740462
24.2,1.026433,0.809659,23.090134,830.740411
24.21,1.026433,0.809659,23.09012,830.74036
24.22,1.026433,0.809659,23.090106,830.74031
24.23,1.026433,0.809659,23.090092,830.74026
24.24,1.026433,0.809659,23.090078,830.740211
24.25,1.026433,0.809659,23.090064,830.740161
24.26,1.026433,0.809659,23.09005,830.740112
24.27,1.026433,0.809659,23.090036,830.740063
24.28,1.026433,0.809659,23.090023,830.740015
24.29,1.026433,0.809659,23.090009,830.739967
24.3,1.026433,0.809659,23.089995,830.739919
24.31,1.026433,0.809659,23.089981,830.739871
24.32,1.026433,0.809659,23.089968,830.739824
24.33,1.026433,0.809659,23.089954,830.739777
24.34,1.026433,0.809659,23.08994,830.73973
24.35,1.026433,0.809659,23.089926,830.739684
24.36,1.026433,0.809659,23.089913,830.739637
24.37,1.026433,0.809659,23.089899,830.739591
24.38,1.026433,0.809659,23.089885,830.739546
24.39,1.026433,0.809659,23.089872,830.739501
24.4,1.026433,0.809658,23.089858,830.739455
24.41,1.026433,0.809658,23.089844,830.739411
24.42,1.026433,0.809658,23.08983,830.739366
24.43,1.026433,0.809658,23.089817,830.739322
24.44,1.026433,0.809658,23.089803,830.739277
24.45,1.026433,0.809658,23.089789,830.739234
24.46,1.026433,0.809658,23.089776,830.73919
24.47,1.026433,0.809658,23.089762,830.739146
24.48,1.026433,0.809658,23.089748,830.739103
24.49,1.026433,0.809658,23.089734,830.739059
24.5,1.026433,0.809658,23.08972,830.739016
24.51,1.026433,0.809658,23.089707,830.738973
24.52,1.026433,0.809658,23.089693,830.73893
24.53,1.026433,0.809658,23.089679,830.738888
24.54,1.026433,0.809658,23.089665,830.738845
24.55,1.026433,0.809658,23.089651,830.738802
24.56,1.026433,0.809658,23.089637,830.738759
24.57,1.026433,0.809658,23.089623,830.738717
24.58,1.026433,0.809658,23.089609,830.738674
24.59,1.026433,0.809658,23.089595,830.738631
24.6,1.026433,0.809658,23.089581,830.738589
24.61,1.026433,0.809658,23.089567,830.738546
24.62,1.026433,0.809658,23.089553,830.738503
24.63,1.026433,0.809657,23.089539,830.738461
24.64,1.026433,0.809657,23.089525,830.738418
24.65,1.026433,0.809657,23.089511,830.738375
24.66,1.026433,0.809657,23.089497,830.738331
24.67,1.026433,0.809657,23.089483,830.738288
24.68,1.026433,0.809657,23.089469,830.738245
24.69,1.026433,0.809657,23.089455,830.738201
24.7,1.026433,0.809657,23.089441,830.738158
24.71,1.026433,0.809657,23.089427,830.738114
24.72,1.026433,0.809657,23.089413,830.73807
24.73,1.026433,0.809657,23.089399,830.738025
24.74,1.026433,0.809657,23.089384,830.737981
24.75,1.026433,0.809657,23.08937,830.737936
24.76,1.026433,0.809657,23.089356,830.737892
24.77,1.026433,0.809657,23.089342,830.737846
24.78,1.026433,0.809657,23.089328,830.737801
24.79,1.026433,0.809657,23.089314,830.737756
24.8,1.026433,0.809657,23.0893,830.73771
24.81,1.026433,0.809657,23.089286,830.737664
24.82,1.026433,0.809657,23.089271,830.737618
24.83,1.026433,0.809657,23.089257,830.737572
24.84,1.026433,0.809657,23.089243,830.737525
24.85,1.026433,0.809656,23.089229,830.737478
24.86,1.026433,0.809656,23.089215,830.737431
24.87,1.026433,0.809656,23.089201,830.737384
24.88,1.026433,0.809656,23.089187,830.737336
24.89,1.026433,0.809656,23.089173,830.737289
24.9,1.026433,0.809656,23.089159,830.737241
24.91,1.026433,0.809656,23.089145,830.737193
24.92,1.026433,0.809656,23.089131,830.737145
24.93,1.026433,0.809656,23.089117,830.737096
24.94,1.026433,0.809656,23.089103,830.737048
24.95,1.026433,0.809656,23.089089,830.736999
24.96,1.026433,0.809656,23.089075,830.73695
24.97,1.026433,0.809656,23.089061,830.736901
24.98,1.026433,0.809656,23.089047,830.736852
24.99,1.026433,0.809656,23.089034,830.736802
25,1.026433,0.809656,23.08902,830.736753
25.01,1.026433,0.809656,23.089006,830.736703
25.02,1.026433,0.809656,23.088992,830.736654
25.03,1.026433,0.809656,23.088979,830.736604
25.04,1.026433,0.809656,23.088965,830.736554
25.05,1.026433,0.809655,23.088951,830.736504
25.06,1.026433,0.809655,23.088938,830.736454
25.07,1.026433,0.809655,23.088924,830.736404
25.08,1.026433,0.809655,23.08891,830.736354
25.09,1.026433,0.809655,23.088897,830.736304
25.1,1.026433,0.809655,23.088883,830.736254
25.11,1.026433,0.809655,23.08887,830.736204
25.12,1.026433,0.809655,23.088856,830.736154
25.13,1.026433,0.809655,23.088843,830.736104
25.14,1.026433,0.809655,23.08883,830.736054
25.15,1.026433,0.809655,23.088816,830.736004
25.16,1.026433,0.809655,23.088803,830.735954
25.17,1.026433,0.809655,23.08879,830.735904
25.18,1.026433,0.809655,23.088776,830.735854
25.19,1.026433,0.809655,23.088763,830.735804
25.2,1.026433,0.809655,23.08875,830.735754
25.21,1.026433,0.809655,23.088737,830.735705
25.22,1.026433,0.809655,23.088724,830.735655
25.23,1.026433,0.809655,23.08871,830.735605
25.24,1.026433,0.809654,23.088697,830.735556
25.25,1.026433,0.809654,23.088684,830.735507
25.26,1.026433,0.809654,23.088671,830.735457
25.27,1.026433,0.809654,23.088658,830.735408
25.28,1.026433,0.809654,23.088645,830.735359
25.29,1.026433,0.809654,23.088632,830.73531
25.3,1.026433,0.809654,23.088619,830.735261
25.31,1.026433,0.809654,23.088606,830.735212
25.32,1.026433,0.809654,23.088593,830.735163
25.33,1.026433,0.809654,23.08858,830.735114
25.34,1.026433,0.809654,23.088567,830.735065
25.35,1.026433,0.809654,23.088555,830.735017
25.36,1.026433,0.809654,23.088542,830.734968
25.37,1.026433,0.809654,23.088529,830.73492
25.38,1.026433,0.809654,23.088516,830.734871
25.39,1.026433,0.809654,23.088503,830.734823
25.4,1.026433,0.809654,23.088491,830.734775
25.41,1.026433,0.809654,23.088478,830.734727
25.42,1.026433,0.809654,23.088465,830.734678
25.43,1.026433,0.809654,23.088453,830.73463
25.44,1.026433,0.809653,23.08844,830.734582
25.45,1.026433,0.809653,23.088427,830.734534
25.46,1.026433,0.809653,23.088415,830.734486
25.47,1.026433,0.809653,23.088402,830.734438
25.48,1.026433,0.809653,23.08839,830.73439
25.49,1.026433,0.809653,23.088377,830.734342
25.5,1.026433,0.809653,23.088365,830.734294
25.51,1.026433,0.809653,23.088352,830.734246
25.52,1.026433,0.809653,23.08834,830.734198
25.53,1.026433,0.809653,23.088327,830.73415
25.54,1.026433,0.809653,23.088315,830.734102
25.55,1.026433,0.809653,23.088303,830.734054
25.56,1.026433,0.809653,23.08829,830.734006
25.57,1.026433,0.809653,23.088278,830.733958
25.58,1.026433,0.809653,23.088266,830.73391
25.59,1.026433,0.809653,23.088253,830.733862
25.6,1.026433,0.809653,23.088241,830.733814
25.61,1.026433,0.809653,23.088229,830.733766
25.62,1.026433,0.809653,23.088217,830.733718
25.63,1.026433,0.809653,23.088205,830.73367
25.64,1.026433,0.809652,23.088193,830.733621
25.65,1.026433,0.809652,23.088181,830.733573
25.66,1.026434,0.809652,23.088169,830.733525
25.67,1.026434,0.809652,23.088157,830.733476
25.68,1.026434,0.809652,23.088145,830.733428
25.69,1.026434,0.809652,23.088133,830.733379
25.7,1.026434,0.809652,23.088121,830.733331
25.71,1.026434,0.809652,23.088109,830.733282
25.72,1.026434,0.809652,23.088097,830.733234
25.73,1.026434,0.809652,23.088085,830.733185
25.74,1.026434,0.809652,23.088074,830.733137
25.75,1.026434,0.809652,23.088062,830.733088
25.76,1.026434,0.809652,23.08805,830.733039
25.77,1.026434,0.809652,23.088039,830.732991
25.78,1.026434,0.809652,23.088027,830.732942
25.79,1.026434,0.809652,23.088016,830.732893
25.8,1.026434,0.809652,23.088004,830.732845
25.81,1.026434,0.809652,23.087993,830.732796
25.82,1.026434,0.809652,23.087981,830.732747
25.83,1.026434,0.809651,23.08797,830.732698
25.84,1.026434,0.809651,23.087958,830.73265
25.85,1.026434,0.809651,23.087947,830.732601
25.86,1.026434,0.809651,23.087936,830.732553
25.87,1.026434,0.809651,23.087925,830.732504
25.88,1.026434,0.809651,23.087913,830.732455
25.89,1.026434,0.809651,23.087902,830.732407
25.9,1.026434,0.809651,23.087891,830.732359
25.91,1.026434,0.809651,23.08788,830.73231
25.92,1.026434,0.809651,23.087869,830.732262
25.93,1.026434,0.809651,23.087858,830.732214
25.94,1.026434,0.809651,23.087847,830.732166
25.95,1.026434,0.809651,23.087836,830.732118
25.96,1.026434,0.809651,23.087825,830.73207
25.97,1.026434,0.809651,23.087815,830.732022
25.98,1.026434,0.809651,23.087804,830.731974
25.99,1.026434,0.809651,23.087793,830.731926
26,1.026434,0.809651,23.087782,830.731879
26.01,1.026434,0.809651,23.087772,830.731831
26.02,1.026434,0.809651,23.087761,830.731784
26.03,1.026434,0.80965,23.08775,830.731737
26.04,1.026434,0.80965,23.08774,830.73169
26.05,1.026434,0.80965,23.087729,830.731643
26.06,1.026434,0.80965,23.087718,830.731596
26.07,1.026434,0.80965,23.087708,830.731549
26.08,1.026434,0.80965,23.087697,830.731502
26.09,1.026434,0.80965,23.087687,830.731456
26.1,1.026434,0.80965,23.087677,830.73141
26.11,1.026434,0.80965,23.087666,830.731363
26.12,1.026434,0.80965,23.087656,830.731317
26.13,1.026434,0.80965,23.087645,830.731271
26.14,1.026434,0.80965,23.087635,830.731225
26.15,1.026434,0.80965,23.087625,830.731179
26.16,1.026434,0.80965,23.087614,830.731134
26.17,1.026434,0.80965,23.087604,830.731088
26.18,1.026434,0.80965,23.087594,830.731043
26.19,1.026434,0.80965,23.087583,830.730997
26.2,1.026434,0.80965,23.087573,830.730952
26.21,1.026434,0.80965,23.087563,830.730907
26.22,1.026434,0.80965,23.087553,830.730862
26.23,1.026434,0.80965,23.087542,830.730817
26.24,1.026434,0.80965,23.087532,830.730772
26.25,1.026434,0.809649,23.087522,830.730727
26.26,1.026434,0.809649,23.087512,830.730682
26.27,1.026434,0.809649,23.087502,830.730637
26.28,1.026434,0.809649,23.087492,830.730592
26.29,1.026434,0.809649,23.087481,830.730547
26.3,1.026434,0.809649,23.087471,830.730503
26.31,1.026434,0.809649,23.087461,830.730458
26.32,1.026434,0.809649,23.087451,830.730413
26.33,1.026434,0.809649,23.087441,830.730369
26.34,1.026434,0.809649,23.087431,830.730324
26.35,1.026434,0.809649,23.087421,830.730279
26.36,1.026434,0.809649,23.087411,830.730234
26.37,1.026434,0.809649,23.0874,830.730189
26.38,1.026434,0.809649,23.08739,830.730145
26.39,1.026434,0.809649,23.08738,830.7301
26.4,1.026434,0.809649,23.08737,830.730055
26.41,1.026434,0.809649,23.08736,830.73001
26.42,1.026434,0.809649,23.08735,830.729964
26.43,1.026434,0.809649,23.08734,830.729919
26.44,1.026434,0.809649,23.08733,830.729874
26.45,1.026434,0.809649,23.08732,830.729829
26.46,1.026434,0.809649,23.08731,830.729783
26.47,1.026434,0.809648,23.0873,830.729737
26.48,1.026434,0.809648,23.08729,830.729692
26.49,1.026434,0.809648,23.08728,830.729646
26.5,1.026434,0.809648,23.08727,830.7296
26.51,1.026434,0.809648,23.08726,830.729554
26.52,1.026434,0.809648,23.087251,830.729508
26.53,1.026434,0.809648,23.087241,830.729461
26.54,1.026434,0.809648,23.087231,830.729415
26.55,1.026434,0.809648,23.087221,830.729368
26.56,1.026434,0.809648,23.087211,830.729322
26.57,1.026434,0.809648,23.087201,830.729275
26.58,1.026434,0.809648,23.087191,830.729228
26.59,1.026434,0.809648,23.087182,830.729181
26.6,1.026434,0.809648,23.087172,830.729133
26.61,1.026434,0.809648,23.087162,830.729086
26.62,1.026434,0.809648,23.087152,830.729038
26.63,1.026434,0.809648,23.087143,830.728991
26.64,1.026434,0.809648,23.087133,830.728943
26.65,1.026434,0.809648,23.087123,830.728895
26.66,1.026434,0.809648,23.087114,830.728847
26.67,1.026434,0.809647,23.087104,830.728799
26.68,1.026434,0.809647,23.087095,830.72875
26.69,1.026434,0.809647,23.087085,830.728702
26.7,1.026434,0.809647,23.087076,830.728653
26.71,1.026434,0.809647,23.087066,830.728605
26.72,1.026434,0.809647,23.087057,830.728556
26.73,1.026434,0.809647,23.087047,830.728507
26.74,1.026434,0.809647,23.087038,830.728458
26.75,1.026434,0.809647,23.087029,830.728409
26.76,1.026434,0.809647,23.087019,830.72836
26.77,1.026434,0.809647,23.08701,830.728311
26.78,1.026434,0.809647,23.087001,830.728262
26.79,1.026434,0.809647,23.086991,830.728213
26.8,1.026434,0.809647,23.086982,830.728163
26.81,1.026434,0.809647,23.086973,830.728114
26.82,1.026434,0.809647,23.086964,830.728065
26.83,1.026434,0.809647,23.086955,830.728015
26.84,1.026434,0.809647,23.086946,830.727966
26.85,1.026434,0.809647,23.086937,830.727917
26.86,1.026434,0.809647,23.086928,830.727867
26.87,1.026434,0.809646,23.086919,830.727818
26.88,1.026434,0.809646,23.08691,830.727769
26.89,1.026434,0.809646,23.086901,830.727719
26.9,1.026434,0.809646,23.086892,830.72767
26.91,1.026434,0.809646,23.086883,830.727621
26.92,1.026434,0.809646,23.086874,830.727571
26.93,1.026434,0.809646,23.086866,830.727522
26.94,1.026434,0.809646,23.086857,830.727473
26.95,1.026434,0.809646,23.086848,830.727424
26.96,1.026434,0.809646,23.086839,830.727375
26.97,1.026434,0.809646,23.086831,830.727326
26.98,1.026434,0.809646,23.086822,830.727277
26.99,1.026434,0.809646,23.086814,830.727228
27,1.026434,0.809646,23.086805,830.72718
27.01,1.026434,0.809646,23.086796,830.727131
27.02,1.026434,0.809646,23.086788,830.727082
27.03,1.026434,0.809646,23.086779,830.727034
27.04,1.026434,0.809646,23.086771,830.726986
27.05,1.026434,0.809646,23.086762,830.726937
27.06,1.026434,0.809645,23.086754,830.726889
27.07,1.026434,0.809645,23.086746,830.726841
27.08,1.026434,0.809645,23.086737,830.726793
27.09,1.026434,0.809645,23.086729,830.726745
27.1,1.026434,0.809645,23.086721,830.726697
27.11,1.026434,0.809645,23.086712,830.72665
27.12,1.026434,0.809645,23.086704,830.726602
27.13,1.026434,0.809645,23.086696,830.726554
27.14,1.026434,0.809645,23.086688,830.726507
27.15,1.026434,0.809645,23.086679,830.72646
27.16,1.026434,0.809645,23.086671,830.726412
27.17,1.026434,0.809645,23.086663,830.726365
27.18,1.026434,0.809645,23.086655,830.726318
27.19,1.026434,0.809645,23.086647,830.726271
27.2,1.026434,0.809645,23.086639,830.726224
27.21,1.026434,0.809645,23.08663,830.726177
27.22,1.026434,0.809645,23.086622,830.72613
27.23,1.026434,0.809645,23.086614,830.726084
27.24,1.026434,0.809645,23.086606,830.726037
27.25,1.026434,0.809645,23.086598,830.725991
27.26,1.026434,0.809645,23.08659,830.725944
27.27,1.026434,0.809644,23.086582,830.725897
27.28,1.026434,0.809644,23.086574,830.725851
27.29,1.026434,0.809644,23.086566,830.725805
27.3,1.026434,0.809644,23.086558,830.725758
27.31,1.026434,0.809644,23.08655,830.725712
27.32,1.026434,0.809644,23.086542,830.725666
27.33,1.026434,0.809644,23.086534,830.725619
27.34,1.026434,0.809644,23.086526,830.725573
27.35,1.026434,0.809644,23.086518,830.725527
27.36,1.026434,0.809644,23.086511,830.725481
27.37,1.026434,0.809644,23.086503,830.725434
27.38,1.026434,0.809644,23.086495,830.725388
27.39,1.026434,0.809644,23.086487,830.725342
27.4,1.026434,0.809644,23.086479,830.725296
27.41,1.026434,0.809644,23.086471,830.72525
27.42,1.026434,0.809644,23.086463,830.725203
27.43,1.026434,0.809644,23.086456,830.725157
27.44,1.026434,0.809644,23.086448,830.725111
27.45,1.026434,0.809644,23.08644,830.725065
27.46,1.026434,0.809644,23.086432,830.725019
27.47,1.026434,0.809643,23.086425,830.724972
27.48,1.026434,0.809643,23.086417,830.724926
27.49,1.026434,0.809643,23.086409,830.72488
27.5,1.026434,0.809643,23.086401,830.724833
27.51,1.026434,0.809643,23.086394,830.724787
27.52,1.026434,0.809643,23.086386,830.724741
27.53,1.026434,0.809643,23.086378,830.724694
27.54,1.026434,0.809643,23.086371,830.724648
27.55,1.026434,0.809643,23.086363,830.724602
27.56,1.026434,0.809643,23.086355,830.724555
27.57,1.026434,0.809643,23.086348,830.724509
27.58,1.026434,0.809643,23.08634,830.724462
27.59,1.026434,0.809643,23.086333,830.724416
27.6,1.026434,0.809643,23.086325,830.724369
27.61,1.026434,0.809643,23.086318,830.724323
27.62,1.026434,0.809643,23.08631,830.724276
27.63,1.026434,0.809643,23.086302,830.72423
27.64,1.026434,0.809643,23.086295,830.724183
27.65,1.026434,0.809643,23.086287,830.724137
27.66,1.026434,0.809643,23.08628,830.72409
27.67,1.026434,0.809643,23.086272,830.724044
27.68,1.026434,0.809642,23.086265,830.723997
27.69,1.026434,0.809642,23.086258,830.72395
27.7,1.026434,0.809642,23.08625,830.723904
27.71,1.026434,0.809642,23.086243,830.723857
27.72,1.026434,0.809642,23.086235,830.723811
27.73,1.026434,0.809642,23.086228,830.723764
27.74,1.026434,0.809642,23.08622,830.723718
27.75,1.026434,0.809642,23.086213,830.723671
27.76,1.026434,0.809642,23.086206,830.723625
27.77,1.026434,0.809642,23.086198,830.723578
27.78,1.026434,0.809642,23.086191,830.723532
27.79,1.026434,0.809642,23.086184,830.723486
27.8,1.026434,0.809642,23.086176,830.723439
27.81,1.026434,0.809642,23.086169,830.723393
27.82,1.026434,0.809642,23.086162,830.723347
27.83,1.026434,0.809642,23.086154,830.7233
27.84,1.026434,0.809642,23.086147,830.723254
27.85,1.026434,0.809642,23.08614,830.723208
27.86,1.026434,0.809642,23.086133,830.723162
27.87,1.026434,0.809642,23.086125,830.723116
27.88,1.026434,0.809642,23.086118,830.72307
27.89,1.026434,0.809641,23.086111,830.723024
27.9,1.026434,0.809641,23.086103,830.722978
27.91,1.026434,0.809641,23.086096,830.722932
27.92,1.026434,0.809641,23.086089,830.722886
27.93,1.026434,0.809641,23.086082,830.72284
27.94,1.026434,0.809641,23.086074,830.722794
27.95,1.026434,0.809641,23.086067,830.722748
27.96,1.026434,0.809641,23.08606,830.722702
27.97,1.026434,0.809641,23.086053,830.722656
27.98,1.026434,0.809641,23.086045,830.722611
27.99,1.026434,0.809641,23.086038,830.722565
28,1.026434,0.809641,23.086031,830.722519
28.01,1.026434,0.809641,23.086024,830.722474
28.02,1.026434,0.809641,23.086016,830.722428
28.03,1.026434,0.809641,23.086009,830.722382
28.04,1.026434,0.809641,23.086002,830.722337
28.05,1.026434,0.809641,23.085995,830.722291
28.06,1.026434,0.809641,23.085987,830.722246
28.07,1.026434,0.809641,23.08598,830.7222
28.08,1.026434,0.809641,23.085973,830.722154
28.09,1.026434,0.809641,23.085966,830.722109
28.1,1.026434,0.80964,23.085958,830.722063
28.11,1.026434,0.80964,23.085951,830.722018
28.12,1.026434,0.80964,23.085944,830.721972
28.13,1.026434,0.80964,23.085936,830.721926
28.14,1.026434,0.80964,23.085929,830.721881
28.15,1.026434,0.80964,23.085922,830.721835
28.16,1.026434,0.80964,23.085915,830.72179
28.17,1.026434,0.80964,23.085907,830.721744
28.18,1.026434,0.80964,23.0859,830.721698
28.19,1.026434,0.80964,23.085893,830.721652
28.2,1.026434,0.80964,23.085885,830.721607
28.21,1.026434,0.80964,23.085878,830.721561
28.22,1.026434,0.80964,23.085871,830.721515
28.23,1.026434,0.80964,23.085863,830.721469
28.24,1.026434,0.80964,23.085856,830.721423
28.25,1.026434,0.80964,23.085849,830.721377
28.26,1.026434,0.80964,23.085841,830.721331
28.27,1.026434,0.80964,23.085834,830.721285
28.28,1.026434,0.80964,23.085827,830.721239
28.29,1.026434,0.80964,23.085819,830.721193
28.3,1.026434,0.80964,23.085812,830.721147
28.31,1.026434,0.809639,23.085805,830.7211
28.32,1.026434,0.809639,23.085798,830.721054
28.33,1.026434,0.809639,23.08579,830.721008
28.34,1.026434,0.809639,23.085783,830.720961
28.35,1.026434,0.809639,23.085776,830.720915
28.36,1.026434,0.809639,23.085768,830.720868
28.37,1.026434,0.809639,23.085761,830.720821
28.38,1.026434,0.809639,23.085754,830.720775
28.39,1.026434,0.809639,23.085746,830.720728
28.4,1.026434,0.809639,23.085739,830.720681
28.41,1.026434,0.809639,23.085732,830.720634
28.42,1.026434,0.809639,23.085724,830.720587
28.43,1.026434,0.809639,23.085717,830.72054
28.44,1.026434,0.809639,23.08571,830.720493
28.45,1.026434,0.809639,23.085702,830.720446
28.46,1.026434,0.809639,23.085695,830.720399
28.47,1.026434,0.809639,23.085688,830.720352
28.48,1.026434,0.809639,23.085681,830.720305
28.49,1.026434,0.809639,23.085673,830.720257
28.5,1.026434,0.809639,23.085666,830.72021
28.51,1.026434,0.809638,23.085659,830.720163
28.52,1.026435,0.809638,23.085651,830.720115
28.53,1.026435,0.809638,23.085644,830.720068
28.54,1.026435,0.809638,23.085637,830.720021
28.55,1.026435,0.809638,23.08563,830.719973
28.56,1.026435,0.809638,23.085622,830.719926
28.57,1.026435,0.809638,23.085615,830.719879
28.58,1.026435,0.809638,23.085608,830.719831
28.59,1.026435,0.809638,23.085601,830.719784
28.6,1.026435,0.809638,23.085594,830.719736
28.61,1.026435,0.809638,23.085586,830.719689
28.62,1.026435,0.809638,23.085579,830.719642
28.63,1.026435,0.809638,23.085572,830.719594
28.64,1.026435,0.809638,23.085565,830.719547
28.65,1.026435,0.809638,23.085558,830.7195
28.66,1.026435,0.809638,23.08555,830.719452
28.67,1.026435,0.809638,23.085543,830.719405
28.68,1.026435,0.809638,23.085536,830.719358
28.69,1.026435,0.809638,23.085529,830.719311
28.7,1.026435,0.809638,23.085522,830.719264
28.71,1.026435,0.809637,23.085515,830.719217
28.72,1.026435,0.809637,23.085508,830.71917
28.73,1.026435,0.809637,23.0855,830.719123
28.74,1.026435,0.809637,23.085493,830.719076
28.75,1.026435,0.809637,23.085486,830.719029
28.76,1.026435,0.809637,23.085479,830.718982
28.77,1.026435,0.809637,23.085472,830.718935
28.78,1.026435,0.809637,23.085465,830.718889
28.79,1.026435,0.809637,23.085458,830.718842
28.8,1.026435,0.809637,23.08545,830.718796
28.81,1.026435,0.809637,23.085443,830.718749
28.82,1.026435,0.809637,23.085436,830.718703
28.83,1.026435,0.809637,23.085429,830.718656
28.84,1.026435,0.809637,23.085422,830.71861
28.85,1.026435,0.809637,23.085415,830.718564
28.86,1.026435,0.809637,23.085408,830.718518
28.87,1.026435,0.809637,23.085401,830.718472
28.88,1.026435,0.809637,23.085393,830.718426
28.89,1.026435,0.809637,23.085386,830.71838
28.9,1.026435,0.809637,23.085379,830.718334
28.91,1.026435,0.809637,23.085372,830.718289
28.92,1.026435,0.809636,23.085365,830.718243
28.93,1.026435,0.809636,23.085358,830.718197
28.94,1.026435,0.809636,23.085351,830.718152
28.95,1.026435,0.809636,23.085343,830.718106
28.96,1.026435,0.809636,23.085336,830.718061
28.97,1.026435,0.809636,23.085329,830.718016
28.98,1.026435,0.809636,23.085322,830.71797
28.99,1.026435,0.809636,23.085315,830.717925
29,1.026435,0.809636,23.085307,830.71788
29.01,1.026435,0.809636,23.0853,830.717835
29.02,1.026435,0.809636,23.085293,830.71779
29.03,1.026435,0.809636,23.085286,830.717745
29.04,1.026435,0.809636,23.085279,830.7177
29.05,1.026435,0.809636,23.085271,830.717655
29.06,1.026435,0.809636,23.085264,830.71761
29.07,1.026435,0.809636,23.085257,830.717565
29.08,1.026435,0.809636,23.08525,830.71752
29.09,1.026435,0.809636,23.085242,830.717475
29.1,1.026435,0.809636,23.085235,830.717431
29.11,1.026435,0.809636,23.085228,830.717386
29.12,1.026435,0.809636,23.08522,830.717341
29.13,1.026435,0.809635,23.085213,830.717296
29.14,1.026435,0.809635,23.085206,830.717252
29.15,1.026435,0.809635,23.085198,830.717207
29.16,1.026435,0.809635,23.085191,830.717162
29.17,1.026435,0.809635,23.085184,830.717117
29.18,1.026435,0.809635,23.085176,830.717073
29.19,1.026435,0.809635,23.085169,830.717028
29.2,1.026435,0.809635,23.085161,830.716983
29.21,1.026435,0.809635,23.085154,830.716939
29.22,1.026435,0.809635,23.085147,830.716894
29.23,1.026435,0.809635,23.085139,830.716849
29.24,1.026435,0.809635,23.085132,830.716804
29.25,1.026435,0.809635,23.085124,830.716759
29.26,1.026435,0.809635,23.085117,830.716715
29.27,1.026435,0.809635,23.085109,830.71667
29.28,1.026435,0.809635,23.085102,830.716625
29.29,1.026435,0.809635,23.085094,830.71658
29.3,1.026435,0.809635,23.085087,830.716535
29.31,1.026435,0.809635,23.085079,830.71649
29.32,1.026435,0.809635,23.085072,830.716445
29.33,1.026435,0.809635,23.085064,830.7164
29.34,1.026435,0.809634,23.085057,830.716355
29.35,1.026435,0.809634,23.085049,830.71631
29.36,1.026435,0.809634,23.085042,830.716265
29.37,1.026435,0.809634,23.085034,830.71622
29.38,1.026435,0.809634,23.085027,830.716175
29.39,1.026435,0.809634,23.085019,830.71613
29.4,1.026435,0.809634,23.085011,830.716085
29.41,1.026435,0.809634,23.085004,830.71604
29.42,1.026435,0.809634,23.084996,830.715995
29.43,1.026435,0.809634,23.084989,830.715949
29.44,1.026435,0.809634,23.084981,830.715904
29.45,1.026435,0.809634,23.084973,830.715859
29.46,1.026435,0.809634,23.084966,830.715814
29.47,1.026435,0.809634,23.084958,830.715768
29.48,1.026435,0.809634,23.08495,830.715723
29.49,1.026435,0.809634,23.084943,830.715678
29.5,1.026435,0.809634,23.084935,830.715632
29.51,1.026435,0.809634,23.084927,830.715587
29.52,1.026435,0.809634,23.08492,830.715542
29.53,1.026435,0.809634,23.084912,830.715496
29.54,1.026435,0.809634,23.084904,830.715451
29.55,1.026435,0.809633,23.084897,830.715405
29.56,1.026435,0.809633,23.084889,830.71536
29.57,1.026435,0.809633,23.084881,830.715315
29.58,1.026435,0.809633,23.084873,830.715269
29.59,1.026435,0.809633,23.084866,830.715224
29.6,1.026435,0.809633,23.084858,830.715179
29.61,1.026435,0.809633,23.08485,830.715133
29.62,1.026435,0.809633,23.084842,830.715088
29.63,1.026435,0.809633,23.084834,830.715043
29.64,1.026435,0.809633,23.084827,830.714997
29.65,1.026435,0.809633,23.084819,830.714952
29.66,1.026435,0.809633,23.084811,830.714907
29.67,1.026435,0.809633,23.084803,830.714861
29.68,1.026435,0.809633,23.084795,830.714816
29.69,1.026435,0.809633,23.084788,830.714771
29.7,1.026435,0.809633,23.08478,830.714725
29.71,1.026435,0.809633,23.084772,830.71468
29.72,1.026435,0.809633,23.084764,830.714635
29.73,1.026435,0.809633,23.084756,830.71459
29.74,1.026435,0.809633,23.084748,830.714545
29.75,1.026435,0.809633,23.08474,830.714499
29.76,1.026435,0.809633,23.084732,830.714454
29.77,1.026435,0.809632,23.084725,830.714409
29.78,1.026435,0.809632,23.084717,830.714364
29.79,1.026435,0.809632,23.084709,830.714319
29.8,1.026435,0.809632,23.084701,830.714274
29.81,1.026435,0.809632,23.084693,830.714229
29.82,1.026435,0.809632,23.084685,830.714184
29.83,1.026435,0.809632,23.084677,830.714139
29.84,1.026435,0.809632,23.084669,830.714093
29.85,1.026435,0.809632,23.084661,830.714048
29.86,1.026435,0.809632,23.084653,830.714003
29.87,1.026435,0.809632,23.084645,830.713958
29.88,1.026435,0.809632,23.084637,830.713914
29.89,1.026435,0.809632,23.084629,830.713869
29.9,1.026435,0.809632,23.084621,830.713824
29.91,1.026435,0.809632,23.084613,830.713779
29.92,1.026435,0.809632,23.084604,830.713734
29.93,1.026435,0.809632,23.084596,830.713689
29.94,1.026435,0.809632,23.084588,830.713644
29.95,1.026435,0.809632,23.08458,830.713599
29.96,1.026435,0.809632,23.084572,830.713554
29.97,1.026435,0.809632,23.084564,830.713509
29.98,1.026435,0.809631,23.084556,830.713464
29.99,1.026435,0.809631,23.084548,830.713419
30,1.026435,0.809631,23.084539,830.713374
30.01,1.026435,0.809631,23.084531,830.713329
30.02,1.026435,0.809631,23.084523,830.713284
30.03,1.026435,0.809631,23.084515,830.71324
30.04,1.026435,0.809631,23.084507,830.713195
30.05,1.026435,0.809631,23.084498,830.71315
30.06,1.026435,0.809631,23.08449,830.713105
30.07,1.026435,0.809631,23.084482,830.71306
30.08,1.026435,0.809631,23.084474,830.713015
30.09,1.026435,0.809631,23.084465,830.71297
30.1,1.026435,0.809631,23.084457,830.712925
30.11,1.026435,0.809631,23.084449,830.71288
30.12,1.026435,0.809631,23.084441,830.712835
30.13,1.026435,0.809631,23.084432,830.71279
30.14,1.026435,0.809631,23.084424,830.712745
30.15,1.026435,0.809631,23.084416,830.7127
30.16,1.026435,0.809631,23.084407,830.712654
30.17,1.026435,0.809631,23.084399,830.712609
30.18,1.026435,0.809631,23.084391,830.712564
30.19,1.026435,0.80963,23.084382,830.712519
30.2,1.026435,0.80963,23.084374,830.712474
30.21,1.026435,0.80963,23.084366,830.712429
30.22,1.026435,0.80963,23.084357,830.712384
30.23,1.026435,0.80963,23.084349,830.712339
30.24,1.026435,0.80963,23.08434,830.712294
30.25,1.026435,0.80963,23.084332,830.712248
30.26,1.026435,0.80963,23.084324,830.712203
30.27,1.026435,0.80963,23.084315,830.712158
30.28,1.026435,0.80963,23.084307,830.712113
30.29,1.026435,0.80963,23.084298,830.712068
30.3,1.026435,0.80963,23.08429,830.712023
30.31,1.026435,0.80963,23.084282,830.711977
30.32,1.026435,0.80963,23.084273,830.711932
30.33,1.026435,0.80963,23.084265,830.711887
30.34,1.026435,0.80963,23.084256,830.711842
30.35,1.026435,0.80963,23.084248,830.711797
30.36,1.026435,0.80963,23.084239,830.711752
30.37,1.026435,0.80963,23.084231,830.711707
30.38,1.026435,0.80963,23.084223,830.711662
30.39,1.026435,0.80963,23.084214,830.711616
30.4,1.026435,0.809629,23.084206,830.711571
30.41,1.026435,0.809629,23.084197,830.711526
30.42,1.026435,0.809629,23.084189,830.711481
30.43,1.026435,0.809629,23.08418,830.711436
30.44,1.026435,0.809629,23.084172,830.711391
30.45,1.026435,0.809629,23.084163,830.711346
30.46,1.026435,0.809629,23.084155,830.711301
30.47,1.026435,0.809629,23.084146,830.711257
30.48,1.026435,0.809629,23.084138,830.711212
30.49,1.026435,0.809629,23.084129,830.711167
30.5,1.026435,0.809629,23.084121,830.711122
30.51,1.026435,0.809629,23.084112,830.711077
30.52,1.026435,0.809629,23.084104,830.711033
30.53,1.026435,0.809629,23.084095,830.710988
30.54,1.026435,0.809629,23.084087,830.710943
30.55,1.026435,0.809629,23.084078,830.710899
30.56,1.026435,0.809629,23.084069,830.710854
30.57,1.026435,0.809629,23.084061,830.71081
30.58,1.026435,0.809629,23.084052,830.710765
30.59,1.026435,0.809629,23.084044,830.710721
30.6,1.026435,0.809629,23.084035,830.710676
30.61,1.026435,0.809628,23.084027,830.710632
30.62,1.026435,0.809628,23.084018,830.710588
30.63,1.026435,0.809628,23.084009,830.710543
30.64,1.026435,0.809628,23.084001,830.710499
30.65,1.026435,0.809628,23.083992,830.710455
30.66,1.026435,0.809628,23.083983,830.710411
30.67,1.026435,0.809628,23.083975,830.710367
30.68,1.026435,0.809628,23.083966,830.710323
30.69,1.026435,0.809628,23.083958,830.710279
30.7,1.026435,0.809628,23.083949,830.710235
30.71,1.026435,0.809628,23.08394,830.710191
30.72,1.026435,0.809628,23.083932,830.710147
30.73,1.026435,0.809628,23.083923,830.710103
30.74,1.026435,0.809628,23.083914,830.710059
30.75,1.026435,0.809628,23.083905,830.710016
30.76,1.026435,0.809628,23.083897,830.709972
30.77,1.026435,0.809628,23.083888,830.709928
30.78,1.026435,0.809628,23.083879,830.709884
30.79,1.026435,0.809628,23.08387,830.709841
30.8,1.026435,0.809628,23.083862,830.709797
30.81,1.026435,0.809628,23.083853,830.709754
30.82,1.026435,0.809628,23.083844,830.70971
30.83,1.026435,0.809627,23.083835,830.709666
30.84,1.026435,0.809627,23.083827,830.709623
30.85,1.026435,0.809627,23.083818,830.709579
30.86,1.026435,0.809627,23.083809,830.709536
30.87,1.026435,0.809627,23.0838,830.709492
30.88,1.026435,0.809627,23.083791,830.709449
30.89,1.026435,0.809627,23.083782,830.709405
30.9,1.026435,0.809627,23.083773,830.709362
30.91,1.026435,0.809627,23.083765,830.709318
30.92,1.026435,0.809627,23.083756,830.709275
30.93,1.026435,0.809627,23.083747,830.709231
30.94,1.026435,0.809627,23.083738,830.709188
30.95,1.026435,0.809627,23.083729,830.709145
30.96,1.026435,0.809627,23.08372,830.709101
30.97,1.026435,0.809627,23.083711,830.709058
30.98,1.026435,0.809627,23.083702,830.709014
30.99,1.026435,0.809627,23.083693,830.708971
31,1.026435,0.809627,23.083684,830.708927
31.01,1.026436,0.809627,23.083675,830.708884
31.02,1.026436,0.809627,23.083666,830.70884
31.03,1.026436,0.809627,23.083657,830.708797
31.04,1.026436,0.809627,23.083648,830.708753
31.05,1.026436,0.809626,23.083639,830.708709
31.06,1.026436,0.809626,23.08363,830.708666
31.07,1.026436,0.809626,23.083621,830.708622
31.08,1.026436,0.809626,23.083612,830.708579
31.09,1.026436,0.809626,23.083603,830.708535
31.1,1.026436,0.809626,23.083594,830.708491
31.11,1.026436,0.809626,23.083585,830.708448
31.12,1.026436,0.809626,23.083576,830.708404
31.13,1.026436,0.809626,23.083567,830.70836
31.14,1.026436,0.809626,23.083557,830.708316
31.15,1.026436,0.809626,23.083548,830.708273
31.16,1.026436,0.809626,23.083539,830.708229
31.17,1.026436,0.809626,23.08353,830.708185
31.18,1.026436,0.809626,23.083521,830.708141
31.19,1.026436,0.809626,23.083512,830.708097
31.2,1.026436,0.809626,23.083503,830.708054
31.21,1.026436,0.809626,23.083494,830.70801
31.22,1.026436,0.809626,23.083484,830.707966
31.23,1.026436,0.809626,23.083475,830.707922
31.24,1.026436,0.809626,23.083466,830.707878
31.25,1.026436,0.809626,23.083457,830.707834
31.26,1.026436,0.809626,23.083448,830.70779
31.27,1.026436,0.809625,23.083439,830.707746
31.28,1.026436,0.809625,23.083429,830.707702
31.29,1.026436,0.809625,23.08342,830.707658
31.3,1.026436,0.809625,23.083411,830.707614
31.31,1.026436,0.809625,23.083402,830.70757
31.32,1.026436,0.809625,23.083393,830.707526
31.33,1.026436,0.809625,23.083384,830.707482
31.34,1.026436,0.809625,23.083374,830.707438
31.35,1.026436,0.809625,23.083365,830.707394
31.36,1.026436,0.809625,23.083356,830.70735
31.37,1.026436,0.809625,23.083347,830.707306
31.38,1.026436,0.809625,23.083337,830.707262
31.39,1.026436,0.809625,23.083328,830.707218
31.4,1.026436,0.809625,23.083319,830.707174
31.41,1.026436,0.809625,23.08331,830.70713
31.42,1.026436,0.809625,23.083301,830.707087
31.43,1.026436,0.809625,23.083291,830.707043
31.44,1.026436,0.809625,23.083282,830.706999
31.45,1.026436,0.809625,23.083273,830.706955
31.46,1.026436,0.809625,23.083264,830.706911
31.47,1.026436,0.809625,23.083254,830.706867
31.48,1.026436,0.809625,23.083245,830.706823
31.49,1.026436,0.809624,23.083236,830.706779
31.5,1.026436,0.809624,23.083227,830.706735
31.51,1.026436,0.809624,23.083217,830.706691
31.52,1.026436,0.809624,23.083208,830.706648
31.53,1.026436,0.809624,23.083199,830.706604
31.54,1.026436,0.809624,23.083189,830.70656
31.55,1.026436,0.809624,23.08318,830.706516
31.56,1.026436,0.809624,23.083171,830.706472
31.57,1.026436,0.809624,23.083162,830.706429
31.58,1.026436,0.809624,23.083152,830.706385
31.59,1.026436,0.809624,23.083143,830.706341
31.6,1.026436,0.809624,23.083134,830.706298
31.61,1.026436,0.809624,23.083124,830.706254
31.62,1.026436,0.809624,23.083115,830.70621
31.63,1.026436,0.809624,23.083106,830.706167
31.64,1.026436,0.809624,23.083097,830.706123
31.65,1.026436,0.809624,23.083087,830.70608
31.66,1.026436,0.809624,23.083078,830.706036
31.67,1.026436,0.809624,23.083069,830.705993
31.68,1.026436,0.809624,23.083059,830.705949
31.69,1.026436,0.809624,23.08305,830.705906
31.7,1.026436,0.809623,23.083041,830.705862
31.71,1.026436,0.809623,23.083031,830.705819
31.72,1.026436,0.809623,23.083022,830.705775
31.73,1.026436,0.809623,23.083013,830.705732
31.74,1.026436,0.809623,23.083003,830.705689
31.75,1.026436,0.809623,23.082994,830.705645
31.76,1.026436,0.809623,23.082985,830.705602
31.77,1.026436,0.809623,23.082975,830.705558
31.78,1.026436,0.809623,23.082966,830.705515
31.79,1.026436,0.809623,23.082957,830.705472
31.8,1.026436,0.809623,23.082947,830.705429
31.81,1.026436,0.809623,23.082938,830.705385
31.82,1.026436,0.809623,23.082928,830.705342
31.83,1.026436,0.809623,23.082919,830.705299
31.84,1.026436,0.809623,23.08291,830.705255
31.85,1.026436,0.809623,23.0829,830.705212
31.86,1.026436,0.809623,23.082891,830.705169
31.87,1.026436,0.809623,23.082882,830.705126
31.88,1.026436,0.809623,23.082872,830.705082
31.89,1.026436,0.809623,23.082863,830.705039
31.9,1.026436,0.809623,23.082853,830.704996
31.91,1.026436,0.809623,23.082844,830.704953
31.92,1.026436,0.809623,23.082835,830.70491
31.93,1.026436,0.809622,23.082825,830.704866
31.94,1.026436,0.809622,23.082816,830.704823
31.95,1.026436,0.809622,23.082807,830.70478
31.96,1.026436,0.809622,23.082797,830.704737
31.97,1.026436,0.809622,23.082788,830.704694
31.98,1.026436,0.809622,23.082778,830.704651
31.99,1.026436,0.809622,23.082769,830.704607
32,1.026436,0.809622,23.08276,830.704564
32.01,1.026436,0.809622,23.08275,830.704521
32.02,1.026436,0.809622,23.082741,830.704478
32.03,1.026436,0.809622,23.082731,830.704435
32.04,1.026436,0.809622,23.082722,830.704392
32.05,1.026436,0.809622,23.082713,830.704349
32.06,1.026436,0.809622,23.082703,830.704305
32.07,1.026436,0.809622,23.082694,830.704262
32.08,1.026436,0.809622,23.082684,830.704219
32.09,1.026436,0.809622,23.082675,830.704176
32.1,1.026436,0.809622,23.082666,830.704133
32.11,1.026436,0.809622,23.082656,830.70409
32.12,1.026436,0.809622,23.082647,830.704047
32.13,1.026436,0.809622,23.082637,830.704004
32.14,1.026436,0.809622,23.082628,830.703961
32.15,1.026436,0.809621,23.082619,830.703918
32.16,1.026436,0.809621,23.082609,830.703875
32.17,1.026436,0.809621,23.0826,830.703832
32.18,1.026436,0.809621,23.08259,830.703789
32.19,1.026436,0.809621,23.082581,830.703745
32.2,1.026436,0.809621,23.082572,830.703703
32.21,1.026436,0.809621,23.082562,830.70366
32.22,1.026436,0.809621,23.082553,830.703617
32.23,1.026436,0.809621,23.082543,830.703574
32.24,1.026436,0.809621,23.082534,830.703531
32.25,1.026436,0.809621,23.082525,830.703488
32.26,1.026436,0.809621,23.082515,830.703445
32.27,1.026436,0.809621,23.082506,830.703402
32.28,1.026436,0.809621,23.082496,830.703359
32.29,1.026436,0.809621,23.082487,830.703316
32.3,1.026436,0.809621,23.082478,830.703273
32.31,1.026436,0.809621,23.082468,830.703231
32.32,1.026436,0.809621,23.082459,830.703188
32.33,1.026436,0.809621,23.08245,830.703145
32.34,1.026436,0.809621,23.08244,830.703102
32.35,1.026436,0.809621,23.082431,830.70306
32.36,1.026436,0.809621,23.082421,830.703017
32.37,1.026436,0.80962,23.082412,830.702974
32.38,1.026436,0.80962,23.082403,830.702932
32.39,1.026436,0.80962,23.082393,830.702889
32.4,1.026436,0.80962,23.082384,830.702846
32.41,1.026436,0.80962,23.082374,830.702804
32.42,1.026436,0.80962,23.082365,830.702761
32.43,1.026436,0.80962,23.082356,830.702719
32.44,1.026436,0.80962,23.082346,830.702676
32.45,1.026436,0.80962,23.082337,830.702634
32.46,1.026436,0.80962,23.082327,830.702591
32.47,1.026436,0.80962,23.082318,830.702549
32.48,1.026436,0.80962,23.082309,830.702506
32.49,1.026436,0.80962,23.082299,830.702464
32.5,1.026436,0.80962,23.08229,830.702421
32.51,1.026436,0.80962,23.082281,830.702379
32.52,1.026436,0.80962,23.082271,830.702337
32.53,1.026436,0.80962,23.082262,830.702294
32.54,1.026436,0.80962,23.082252,830.702252
32.55,1.026436,0.80962,23.082243,830.70221
32.56,1.026436,0.80962,23.082234,830.702167
32.57,1.026436,0.80962,23.082224,830.702125
32.58,1.026436,0.80962,23.082215,830.702083
32.59,1.026436,0.80962,23.082205,830.70204
32.6,1.026436,0.809619,23.082196,830.701998
32.61,1.026436,0.809619,23.082187,830.701956
32.62,1.026436,0.809619,23.082177,830.701914
32.63,1.026436,0.809619,23.082168,830.701872
32.64,1.026436,0.809619,23.082158,830.701829
32.65,1.026436,0.809619,23.082149,830.701787
32.66,1.026436,0.809619,23.08214,830.701745
32.67,1.026436,0.809619,23.08213,830.701703
32.68,1.026436,0.809619,23.082121,830.701661
32.69,1.026436,0.809619,23.082111,830.701618
32.7,1.026436,0.809619,23.082102,830.701576
32.71,1.026436,0.809619,23.082092,830.701534
32.72,1.026436,0.809619,23.082083,830.701492
32.73,1.026436,0.809619,23.082074,830.70145
32.74,1.026436,0.809619,23.082064,830.701407
32.75,1.026436,0.809619,23.082055,830.701365
32.76,1.026436,0.809619,23.082045,830.701323
32.77,1.026436,0.809619,23.082036,830.701281
32.78,1.026436,0.809619,23.082027,830.701239
32.79,1.026436,0.809619,23.082017,830.701196
32.8,1.026436,0.809619,23.082008,830.701154
32.81,1.026436,0.809619,23.081998,830.701112
32.82,1.026436,0.809618,23.081989,830.70107
32.83,1.026436,0.809618,23.08198,830.701028
32.84,1.026436,0.809618,23.08197,830.700985
32.85,1.026436,0.809618,23.081961,830.700943
32.86,1.026436,0.809618,23.081951,830.700901
32.87,1.026436,0.809618,23.081942,830.700859
32.88,1.026436,0.809618,23.081933,830.700816
32.89,1.026436,0.809618,23.081923,830.700774
32.9,1.026436,0.809618,23.081914,830.700732
32.91,1.026436,0.809618,23.081904,830.70069
32.92,1.026436,0.809618,23.081895,830.700647
32.93,1.026436,0.809618,23.081886,830.700605
32.94,1.026436,0.809618,23.081876,830.700563
32.95,1.026436,0.809618,23.081867,830.70052
32.96,1.026436,0.809618,23.081857,830.700478
32.97,1.026436,0.809618,23.081848,830.700436
32.98,1.026436,0.809618,23.081839,830.700394
32.99,1.026436,0.809618,23.081829,830.700351
33,1.026436,0.809618,23.08182,830.700309
33.01,1.026436,0.809618,23.08181,830.700266
33.02,1.026436,0.809618,23.081801,830.700224
33.03,1.026436,0.809618,23.081792,830.700182
33.04,1.026436,0.809618,23.081782,830.700139
33.05,1.026436,0.809617,23.081773,830.700097
33.06,1.026436,0.809617,23.081764,830.700055
33.07,1.026436,0.809617,23.081754,830.700012
33.08,1.026436,0.809617,23.081745,830.69997
33.09,1.026436,0.809617,23.081736,830.699928
33.1,1.026436,0.809617,23.081726,830.699885
33.11,1.026436,0.809617,23.081717,830.699843
33.12,1.026436,0.809617,23.081708,830.699801
33.13,1.026436,0.809617,23.081698,830.699758
33.14,1.026436,0.809617,23.081689,830.699716
33.15,1.026436,0.809617,23.08168,830.699674
33.16,1.026436,0.809617,23.08167,830.699631
33.17,1.026436,0.809617,23.081661,830.699589
33.18,1.026436,0.809617,23.081652,830.699547
33.19,1.026436,0.809617,23.081642,830.699505
33.2,1.026436,0.809617,23.081633,830.699462
33.21,1.026436,0.809617,23.081624,830.69942
33.22,1.026436,0.809617,23.081614,830.699378
33.23,1.026436,0.809617,23.081605,830.699336
33.24,1.026436,0.809617,23.081596,830.699293
33.25,1.026436,0.809617,23.081587,830.699251
33.26,1.026436,0.809617,23.081577,830.699209
33.27,1.026436,0.809617,23.081568,830.699167
33.28,1.026436,0.809616,23.081559,830.699125
33.29,1.026436,0.809616,23.08155,830.699083
33.3,1.026436,0.809616,23.08154,830.69904
33.31,1.026436,0.809616,23.081531,830.698998
33.32,1.026436,0.809616,23.081522,830.698956
33.33,1.026436,0.809616,23.081513,830.698914
33.34,1.026436,0.809616,23.081503,830.698872
33.35,1.026436,0.809616,23.081494,830.69883
33.36,1.026436,0.809616,23.081485,830.698788
33.37,1.026436,0.809616,23.081476,830.698746
33.38,1.026436,0.809616,23.081466,830.698704
33.39,1.026436,0.809616,23.081457,830.698662
33.4,1.026436,0.809616,23.081448,830.69862
33.41,1.026436,0.809616,23.081439,830.698579
33.42,1.026436,0.809616,23.081429,830.698537
33.43,1.026436,0.809616,23.08142,830.698495
33.44,1.026436,0.809616,23.081411,830.698453
33.45,1.026436,0.809616,23.081402,830.698411
33.46,1.026436,0.809616,23.081393,830.698369
33.47,1.026436,0.809616,23.081383,830.698328
33.48,1.026436,0.809616,23.081374,830.698286
33.49,1.026436,0.809616,23.081365,830.698244
33.5,1.026436,0.809616,23.081356,830.698202
33.51,1.026436,0.809615,23.081347,830.698161
33.52,1.026436,0.809615,23.081338,830.698119
33.53,1.026436,0.809615,23.081328,830.698077
33.54,1.026436,0.809615,23.081319,830.698036
33.55,1.026436,0.809615,23.08131,830.697994
33.56,1.026436,0.809615,23.081301,830.697953
33.57,1.026436,0.809615,23.081292,830.697911
33.58,1.026436,0.809615,23.081283,830.69787
33.59,1.026436,0.809615,23.081273,830.697828
33.6,1.026436,0.809615,23.081264,830.697786
33.61,1.026436,0.809615,23.081255,830.697745
33.62,1.026436,0.809615,23.081246,830.697703
33.63,1.026436,0.809615,23.081237,830.697662
33.64,1.026436,0.809615,23.081228,830.69762
33.65,1.026436,0.809615,23.081219,830.697579
33.66,1.026436,0.809615,23.081209,830.697537
33.67,1.026436,0.809615,23.0812,830.697496
33.68,1.026436,0.809615,23.081191,830.697455
33.69,1.026436,0.809615,23.081182,830.697413
33.7,1.026436,0.809615,23.081173,830.697372
33.71,1.026436,0.809615,23.081164,830.69733
33.72,1.026436,0.809615,23.081155,830.697289
33.73,1.026436,0.809615,23.081146,830.697248
33.74,1.026436,0.809614,23.081136,830.697206
33.75,1.026436,0.809614,23.081127,830.697165
33.76,1.026436,0.809614,23.081118,830.697123
33.77,1.026436,0.809614,23.081109,830.697082
33.78,1.026436,0.809614,23.0811,830.697041
33.79,1.026436,0.809614,23.081091,830.696999
33.8,1.026436,0.809614,23.081082,830.696958
33.81,1.026436,0.809614,23.081073,830.696917
33.82,1.026436,0.809614,23.081064,830.696875
33.83,1.026436,0.809614,23.081055,830.696834
33.84,1.026436,0.809614,23.081046,830.696793
33.85,1.026436,0.809614,23.081036,830.696751
33.86,1.026436,0.809614,23.081027,830.69671
33.87,1.026436,0.809614,23.081018,830.696669
33.88,1.026437,0.809614,23.081009,830.696627
33.89,1.026437,0.809614,23.081,830.696586
33.9,1.026437,0.809614,23.080991,830.696545
33.91,1.026437,0.809614,23.080982,830.696504
33.92,1.026437,0.809614,23.080973,830.696462
33.93,1.026437,0.809614,23.080964,830.696421
33.94,1.026437,0.809614,23.080955,830.69638
33.95,1.026437,0.809614,23.080946,830.696339
33.96,1.026437,0.809614,23.080937,830.696297
33.97,1.026437,0.809613,23.080928,830.696256
33.98,1.026437,0.809613,23.080919,830.696215
33.99,1.026437,0.809613,23.08091,830.696174
34,1.026437,0.809613,23.080901,830.696132
34.01,1.026437,0.809613,23.080892,830.696091
34.02,1.026437,0.809613,23.080883,830.69605
34.03,1.026437,0.809613,23.080874,830.696009
34.04,1.026437,0.809613,23.080865,830.695968
34.05,1.026437,0.809613,23.080856,830.695926
34.06,1.026437,0.809613,23.080847,830.695885
34.07,1.026437,0.809613,23.080838,830.695844
34.08,1.026437,0.809613,23.080829,830.695803
34.09,1.026437,0.809613,23.08082,830.695762
34.1,1.026437,0.809613,23.080811,830.695721
34.11,1.026437,0.809613,23.080802,830.695679
34.12,1.026437,0.809613,23.080793,830.695638
34.13,1.026437,0.809613,23.080784,830.695597
34.14,1.026437,0.809613,23.080775,830.695556
34.15,1.026437,0.809613,23.080766,830.695515
34.16,1.026437,0.809613,23.080757,830.695474
34.17,1.026437,0.809613,23.080748,830.695433
34.18,1.026437,0.809613,23.080739,830.695392
34.19,1.026437,0.809613,23.08073,830.695351
34.2,1.026437,0.809612,23.080721,830.69531
34.21,1.026437,0.809612,23.080712,830.695269
34.22,1.026437,0.809612,23.080703,830.695228
34.23,1.026437,0.809612,23.080694,830.695187
34.24,1.026437,0.809612,23.080686,830.695146
34.25,1.026437,0.809612,23.080677,830.695105
34.26,1.026437,0.809612,23.080668,830.695064
34.27,1.026437,0.809612,23.080659,830.695023
34.28,1.026437,0.809612,23.08065,830.694982
34.29,1.026437,0.809612,23.080641,830.694941
34.3,1.026437,0.809612,23.080632,830.6949
34.31,1.026437,0.809612,23.080623,830.69486
34.32,1.026437,0.809612,23.080614,830.694819
34.33,1.026437,0.809612,23.080605,830.694778
34.34,1.026437,0.809612,23.080596,830.694737
34.35,1.026437,0.809612,23.080588,830.694696
34.36,1.026437,0.809612,23.080579,830.694655
34.37,1.026437,0.809612,23.08057,830.694615
34.38,1.026437,0.809612,23.080561,830.694574
34.39,1.026437,0.809612,23.080552,830.694533
34.4,1.026437,0.809612,23.080543,830.694492
34.41,1.026437,0.809612,23.080534,830.694451
34.42,1.026437,0.809612,23.080525,830.694411
34.43,1.026437,0.809612,23.080516,830.69437
34.44,1.026437,0.809611,23.080508,830.694329
34.45,1.026437,0.809611,23.080499,830.694288
34.46,1.026437,0.809611,23.08049,830.694248
34.47,1.026437,0.809611,23.080481,830.694207
34.48,1.026437,0.809611,23.080472,830.694166
34.49,1.026437,0.809611,23.080463,830.694125
34.5,1.026437,0.809611,23.080454,830.694085
34.51,1.026437,0.809611,23.080446,830.694044
34.52,1.026437,0.809611,23.080437,830.694003
34.53,1.026437,0.809611,23.080428,830.693963
34.54,1.026437,0.809611,23.080419,830.693922
34.55,1.026437,0.809611,23.08041,830.693881
34.56,1.026437,0.809611,23.080401,830.693841
34.57,1.026437,0.809611,23.080392,830.6938
34.58,1.026437,0.809611,23.080384,830.693759
34.59,1.026437,0.809611,23.080375,830.693719
34.6,1.026437,0.809611,23.080366,830.693678
34.61,1.026437,0.809611,23.080357,830.693637
34.62,1.026437,0.809611,23.080348,830.693597
34.63,1.026437,0.809611,23.08034,830.693556
34.64,1.026437,0.809611,23.080331,830.693515
34.65,1.026437,0.809611,23.080322,830.693475
34.66,1.026437,0.809611,23.080313,830.693434
34.67,1.026437,0.80961,23.080304,830.693393
34.68,1.026437,0.80961,23.080295,830.693353
34.69,1.026437,0.80961,23.080287,830.693312
34.7,1.026437,0.80961,23.080278,830.693271
34.71,1.026437,0.80961,23.080269,830.693231
34.72,1.026437,0.80961,23.08026,830.69319
34.73,1.026437,0.80961,23.080252,830.693149
34.74,1.026437,0.80961,23.080243,830.693109
34.75,1.026437,0.80961,23.080234,830.693068
34.76,1.026437,0.80961,23.080225,830.693027
34.77,1.026437,0.80961,23.080216,830.692987
34.78,1.026437,0.80961,23.080208,830.692946
34.79,1.026437,0.80961,23.080199,830.692905
34.8,1.026437,0.80961,23.08019,830.692865
34.81,1.026437,0.80961,23.080181,830.692824
34.82,1.026437,0.80961,23.080173,830.692784
34.83,1.026437,0.80961,23.080164,830.692743
34.84,1.026437,0.80961,23.080155,830.692702
34.85,1.026437,0.80961,23.080146,830.692662
34.86,1.026437,0.80961,23.080138,830.692621
34.87,1.026437,0.80961,23.080129,830.692581
34.88,1.026437,0.80961,23.08012,830.69254
34.89,1.026437,0.80961,23.080112,830.6925
34.9,1.026437,0.80961,23.080103,830.692459
34.91,1.026437,0.809609,23.080094,830.692418
34.92,1.026437,0.809609,23.080085,830.692378
34.93,1.026437,0.809609,23.080077,830.692337
34.94,1.026437,0.809609,23.080068,830.692297
34.95,1.026437,0.809609,23.080059,830.692256
34.96,1.026437,0.809609,23.080051,830.692216
34.97,1.026437,0.809609,23.080042,830.692175
34.98,1.026437,0.809609,23.080033,830.692135
34.99,1.026437,0.809609,23.080025,830.692095
35,1.026437,0.809609,23.080016,830.692054
35.01,1.026437,0.809609,23.080007,830.692014
35.02,1.026437,0.809609,23.079999,830.691973
35.03,1.026437,0.809609,23.07999,830.691933
35.04,1.026437,0.809609,23.079981,830.691892
35.05,1.026437,0.809609,23.079973,830.691852
35.06,1.026437,0.809609,23.079964,830.691812
35.07,1.026437,0.809609,23.079955,830.691771
35.08,1.026437,0.809609,23.079947,830.691731
35.09,1.026437,0.809609,23.079938,830.691691
35.1,1.026437,0.809609,23.079929,830.691651
35.11,1.026437,0.809609,23.079921,830.69161
35.12,1.026437,0.809609,23.079912,830.69157
35.13,1.026437,0.809609,23.079903,830.69153
35.14,1.026437,0.809609,23.079895,830.69149
35.15,1.026437,0.809608,23.079886,830.691449
35.16,1.026437,0.809608,23.079878,830.691409
35.17,1.026437,0.809608,23.079869,830.691369
35.18,1.026437,0.809608,23.07986,830.691329
35.19,1.026437,0.809608,23.079852,830.691289
35.2,1.026437,0.809608,23.079843,830.691249
35.21,1.026437,0.809608,23.079834,830.691209
35.22,1.026437,0.809608,23.079826,830.691169
35.23,1.026437,0.809608,23.079817,830.691128
35.24,1.026437,0.809608,23.079809,830.691088
35.25,1.026437,0.809608,23.0798,830.691048
35.26,1.026437,0.809608,23.079791,830.691008
35.27,1.026437,0.809608,23.079783,830.690968
35.28,1.026437,0.809608,23.079774,830.690928
35.29,1.026437,0.809608,23.079766,830.690888
35.3,1.026437,0.809608,23.079757,830.690849
35.31,1.026437,0.809608,23.079749,830.690809
35.32,1.026437,0.809608,23.07974,830.690769
35.33,1.026437,0.809608,23.079731,830.690729
35.34,1.026437,0.809608,23.079723,830.690689
35.35,1.026437,0.809608,23.079714,830.690649
35.36,1.026437,0.809608,23.079706,830.690609
35.37,1.026437,0.809608,23.079697,830.690569
35.38,1.026437,0.809608,23.079689,830.69053
35.39,1.026437,0.809607,23.07968,830.69049
35.4,1.026437,0.809607,23.079671,830.69045
35.41,1.026437,0.809607,23.079663,830.69041
35.42,1.026437,0.809607,23.079654,830.69037
35.43,1.026437,0.809607,23.079646,830.690331
35.44,1.026437,0.809607,23.079637,830.690291
35.45,1.026437,0.809607,23.079629,830.690251
35.46,1.026437,0.809607,23.07962,830.690211
35.47,1.026437,0.809607,23.079612,830.690172
35.48,1.026437,0.809607,23.079603,830.690132
35.49,1.026437,0.809607,23.079594,830.690092
35.5,1.026437,0.809607,23.079586,830.690052
35.51,1.026437,0.809607,23.079577,830.690013
35.52,1.026437,0.809607,23.079569,830.689973
35.53,1.026437,0.809607,23.07956,830.689933
35.54,1.026437,0.809607,23.079552,830.689894
35.55,1.026437,0.809607,23.079543,830.689854
35.56,1.026437,0.809607,23.079535,830.689814
35.57,1.026437,0.809607,23.079526,830.689775
35.58,1.026437,0.809607,23.079518,830.689735
35.59,1.026437,0.809607,23.079509,830.689695
35.6,1.026437,0.809607,23.079501,830.689656
35.61,1.026437,0.809607,23.079492,830.689616
35.62,1.026437,0.809607,23.079484,830.689576
35.63,1.026437,0.809606,23.079475,830.689537
35.64,1.026437,0.809606,23.079467,830.689497
35.65,1.026437,0.809606,23.079458,830.689457
35.66,1.026437,0.809606,23.079449,830.689418
35.67,1.026437,0.809606,23.079441,830.689378
35.68,1.026437,0.809606,23.079432,830.689339
35.69,1.026437,0.809606,23.079424,830.689299
35.7,1.026437,0.809606,23.079415,830.689259
35.71,1.026437,0.809606,23.079407,830.68922
35.72,1.026437,0.809606,23.079398,830.68918
35.73,1.026437,0.809606,23.07939,830.689141
35.74,1.026437,0.809606,23.079381,830.689101
35.75,1.026437,0.809606,23.079373,830.689061
35.76,1.026437,0.809606,23.079364,830.689022
35.77,1.026437,0.809606,23.079356,830.688982
35.78,1.026437,0.809606,23.079348,830.688943
35.79,1.026437,0.809606,23.079339,830.688903
35.8,1.026437,0.809606,23.079331,830.688864
35.81,1.026437,0.809606,23.079322,830.688824
35.82,1.026437,0.809606,23.079314,830.688785
35.83,1.026437,0.809606,23.079305,830.688745
35.84,1.026437,0.809606,23.079297,830.688706
35.85,1.026437,0.809606,23.079288,830.688666
35.86,1.026437,0.809606,23.07928,830.688627
35.87,1.026437,0.809605,23.079271,830.688587
35.88,1.026437,0.809605,23.079263,830.688548
35.89,1.026437,0.809605,23.079254,830.688508
35.9,1.026437,0.809605,23.079246,830.688469
35.91,1.026437,0.809605,23.079237,830.688429
35.92,1.026437,0.809605,23.079229,830.68839
35.93,1.026437,0.809605,23.07922,830.68835
35.94,1.026437,0.809605,23.079212,830.688311
35.95,1.026437,0.809605,23.079204,830.688271
35.96,1.026437,0.809605,23.079195,830.688232
35.97,1.026437,0.809605,23.079187,830.688193
35.98,1.026437,0.809605,23.079178,830.688153
35.99,1.026437,0.809605,23.07917,830.688114
36,1.026437,0.809605,23.079161,830.688074
36.01,1.026437,0.809605,23.079153,830.688035
36.02,1.026437,0.809605,23.079144,830.687996
36.03,1.026437,0.809605,23.079136,830.687956
36.04,1.026437,0.809605,23.079128,830.687917
36.05,1.026437,0.809605,23.079119,830.687878
36.06,1.026437,0.809605,23.079111,830.687838
36.07,1.026437,0.809605,23.079102,830.687799
36.08,1.026437,0.809605,23.079094,830.68776
36.09,1.026437,0.809605,23.079085,830.687721
36.1,1.026437,0.809605,23.079077,830.687681
36.11,1.026437,0.809604,23.079069,830.687642
36.12,1.026437,0.809604,23.07906,830.687603
36.13,1.026437,0.809604,23.079052,830.687564
36.14,1.026437,0.809604,23.079043,830.687524
36.15,1.026437,0.809604,23.079035,830.687485
36.16,1.026437,0.809604,23.079026,830.687446
36.17,1.026437,0.809604,23.079018,830.687407
36.18,1.026437,0.809604,23.07901,830.687368
36.19,1.026437,0.809604,23.079001,830.687328
36.2,1.026437,0.809604,23.078993,830.687289
36.21,1.026437,0.809604,23.078984,830.68725
36.22,1.026437,0.809604,23.078976,830.687211
36.23,1.026437,0.809604,23.078968,830.687172
36.24,1.026437,0.809604,23.078959,830.687133
36.25,1.026437,0.809604,23.078951,830.687094
36.26,1.026437,0.809604,23.078942,830.687054
36.27,1.026437,0.809604,23.078934,830.687015
36.28,1.026437,0.809604,23.078926,830.686976
36.29,1.026437,0.809604,23.078917,830.686937
36.3,1.026437,0.809604,23.078909,830.686898
36.31,1.026437,0.809604,23.0789,830.686859
36.32,1.026437,0.809604,23.078892,830.68682
36.33,1.026437,0.809604,23.078884,830.686781
36.34,1.026437,0.809604,23.078875,830.686742
36.35,1.026437,0.809604,23.078867,830.686703
36.36,1.026437,0.809603,23.078859,830.686664
36.37,1.026437,0.809603,23.07885,830.686625
36.38,1.026437,0.809603,23.078842,830.686586
36.39,1.026437,0.809603,23.078833,830.686547
36.4,1.026437,0.809603,23.078825,830.686508
36.41,1.026437,0.809603,23.078817,830.686469
36.42,1.026437,0.809603,23.078808,830.68643
36.43,1.026437,0.809603,23.0788,830.686391
36.44,1.026437,0.809603,23.078792,830.686352
36.45,1.026437,0.809603,23.078783,830.686313
36.46,1.026437,0.809603,23.078775,830.686274
36.47,1.026437,0.809603,23.078766,830.686235
36.48,1.026437,0.809603,23.078758,830.686196
36.49,1.026437,0.809603,23.07875,830.686157
36.5,1.026437,0.809603,23.078741,830.686118
36.51,1.026437,0.809603,23.078733,830.68608
36.52,1.026437,0.809603,23.078725,830.686041
36.53,1.026437,0.809603,23.078716,830.686002
36.54,1.026437,0.809603,23.078708,830.685963
36.55,1.026437,0.809603,23.0787,830.685924
36.56,1.026437,0.809603,23.078691,830.685885
36.57,1.026437,0.809603,23.078683,830.685846
36.58,1.026437,0.809603,23.078675,830.685807
36.59,1.026437,0.809603,23.078666,830.685769
36.6,1.026437,0.809602,23.078658,830.68573
36.61,1.026437,0.809602,23.07865,830.685691
36.62,1.026437,0.809602,23.078641,830.685652
36.63,1.026437,0.809602,23.078633,830.685613
36.64,1.026437,0.809602,23.078625,830.685575
36.65,1.026437,0.809602,23.078616,830.685536
36.66,1.026437,0.809602,23.078608,830.685497
36.67,1.026437,0.809602,23.0786,830.685458
36.68,1.026437,0.809602,23.078591,830.685419
36.69,1.026437,0.809602,23.078583,830.685381
36.7,1.026437,0.809602,23.078575,830.685342
36.71,1.026437,0.809602,23.078566,830.685303
36.72,1.026437,0.809602,23.078558,830.685264
36.73,1.026437,0.809602,23.07855,830.685226
36.74,1.026437,0.809602,23.078541,830.685187
36.75,1.026437,0.809602,23.078533,830.685148
36.76,1.026437,0.809602,23.078525,830.68511
36.77,1.026437,0.809602,23.078516,830.685071
36.78,1.026437,0.809602,23.078508,830.685032
36.79,1.026437,0.809602,23.0785,830.684994
36.8,1.026437,0.809602,23.078492,830.684955
36.81,1.026437,0.809602,23.078483,830.684917
36.82,1.026437,0.809602,23.078475,830.684878
36.83,1.026437,0.809602,23.078467,830.684839
36.84,1.026437,0.809602,23.078458,830.684801
36.85,1.026437,0.809601,23.07845,830.684762
36.86,1.026437,0.809601,23.078442,830.684724
36.87,1.026437,0.809601,23.078434,830.684685
36.88,1.026437,0.809601,23.078425,830.684647
36.89,1.026437,0.809601,23.078417,830.684608
36.9,1.026437,0.809601,23.078409,830.68457
36.91,1.026437,0.809601,23.0784,830.684531
36.92,1.026437,0.809601,23.078392,830.684493
36.93,1.026437,0.809601,23.078384,830.684454
36.94,1.026437,0.809601,23.078376,830.684416
36.95,1.026437,0.809601,23.078367,830.684377
36.96,1.026437,0.809601,23.078359,830.684339
36.97,1.026437,0.809601,23.078351,830.684301
36.98,1.026438,0.809601,23.078343,830.684262
36.99,1.026438,0.809601,23.078334,830.684224
37,1.026438,0.809601,23.078326,830.684185
37.01,1.026438,0.809601,23.078318,830.684147
37.02,1.026438,0.809601,23.07831,830.684109
37.03,1.026438,0.809601,23.078301,830.68407
37.04,1.026438,0.809601,23.078293,830.684032
37.05,1.026438,0.809601,23.078285,830.683994
37.06,1.026438,0.809601,23.078276,830.683956
37.07,1.026438,0.809601,23.078268,830.683917
37.08,1.026438,0.809601,23.07826,830.683879
37.09,1.026438,0.809601,23.078252,830.683841
37.1,1.026438,0.8096,23.078243,830.683802
37.11,1.026438,0.8096,23.078235,830.683764
37.12,1.026438,0.8096,23.078227,830.683726
37.13,1.026438,0.8096,23.078219,830.683688
37.14,1.026438,0.8096,23.07821,830.68365
37.15,1.026438,0.8096,23.078202,830.683611
37.16,1.026438,0.8096,23.078194,830.683573
37.17,1.026438,0.8096,23.078186,830.683535
37.18,1.026438,0.8096,23.078178,830.683497
37.19,1.026438,0.8096,23.078169,830.683459
37.2,1.026438,0.8096,23.078161,830.683421
37.21,1.026438,0.8096,23.078153,830.683383
37.22,1.026438,0.8096,23.078145,830.683344
37.23,1.026438,0.8096,23.078136,830.683306
37.24,1.026438,0.8096,23.078128,830.683268
37.25,1.026438,0.8096,23.07812,830.68323
37.26,1.026438,0.8096,23.078112,830.683192
37.27,1.026438,0.8096,23.078103,830.683154
37.28,1.026438,0.8096,23.078095,830.683116
37.29,1.026438,0.8096,23.078087,830.683078
37.3,1.026438,0.8096,23.078079,830.68304
37.31,1.026438,0.8096,23.078071,830.683002
37.32,1.026438,0.8096,23.078062,830.682964
37.33,1.026438,0.8096,23.078054,830.682926
37.34,1.026438,0.8096,23.078046,830.682888
37.35,1.026438,0.809599,23.078038,830.68285
37.36,1.026438,0.809599,23.078029,830.682812
37.37,1.026438,0.809599,23.078021,830.682774
37.38,1.026438,0.809599,23.078013,830.682736
37.39,1.026438,0.809599,23.078005,830.682698
37.4,1.026438,0.809599,23.077997,830.68266
37.41,1.026438,0.809599,23.077988,830.682622
37.42,1.026438,0.809599,23.07798,830.682584
37.43,1.026438,0.809599,23.077972,830.682546
37.44,1.026438,0.809599,23.077964,830.682508
37.45,1.026438,0.809599,23.077956,830.68247
37.46,1.026438,0.809599,23.077947,830.682432
37.47,1.026438,0.809599,23.077939,830.682394
37.48,1.026438,0.809599,23.077931,830.682356
37.49,1.026438,0.809599,23.077923,830.682318
37.5,1.026438,0.809599,23.077915,830.68228
37.51,1.026438,0.809599,23.077906,830.682242
37.52,1.026438,0.809599,23.077898,830.682204
37.53,1.026438,0.809599,23.07789,830.682166
37.54,1.026438,0.809599,23.077882,830.682128
37.55,1.026438,0.809599,23.077874,830.682091
37.56,1.026438,0.809599,23.077865,830.682053
37.57,1.026438,0.809599,23.077857,830.682015
37.58,1.026438,0.809599,23.077849,830.681977
37.59,1.026438,0.809599,23.077841,830.681939
37.6,1.026438,0.809598,23.077833,830.681901
37.61,1.026438,0.809598,23.077825,830.681863
37.62,1.026438,0.809598,23.077816,830.681825
37.63,1.026438,0.809598,23.077808,830.681788
37.64,1.026438,0.809598,23.0778,830.68175
37.65,1.026438,0.809598,23.077792,830.681712
37.66,1.026438,0.809598,23.077784,830.681674
37.67,1.026438,0.809598,23.077776,830.681636
37.68,1.026438,0.809598,23.077767,830.681599
37.69,1.026438,0.809598,23.077759,830.681561
37.7,1.026438,0.809598,23.077751,830.681523
37.71,1.026438,0.809598,23.077743,830.681485
37.72,1.026438,0.809598,23.077735,830.681447
37.73,1.026438,0.809598,23.077727,830.68141
37.74,1.026438,0.809598,23.077719,830.681372
37.75,1.026438,0.809598,23.07771,830.681334
37.76,1.026438,0.809598,23.077702,830.681296
37.77,1.026438,0.809598,23.077694,830.681259
37.78,1.026438,0.809598,23.077686,830.681221
37.79,1.026438,0.809598,23.077678,830.681183
37.8,1.026438,0.809598,23.07767,830.681146
37.81,1.026438,0.809598,23.077662,830.681108
37.82,1.026438,0.809598,23.077654,830.68107
37.83,1.026438,0.809598,23.077645,830.681033
37.84,1.026438,0.809598,23.077637,830.680995
37.85,1.026438,0.809598,23.077629,830.680957
37.86,1.026438,0.809597,23.077621,830.68092
37.87,1.026438,0.809597,23.077613,830.680882
37.88,1.026438,0.809597,23.077605,830.680845
37.89,1.026438,0.809597,23.077597,830.680807
37.9,1.026438,0.809597,23.077589,830.680769
37.91,1.026438,0.809597,23.077581,830.680732
37.92,1.026438,0.809597,23.077572,830.680694
37.93,1.026438,0.809597,23.077564,830.680657
37.94,1.026438,0.809597,23.077556,830.680619
37.95,1.026438,0.809597,23.077548,830.680582
37.96,1.026438,0.809597,23.07754,830.680544
37.97,1.026438,0.809597,23.077532,830.680507
37.98,1.026438,0.809597,23.077524,830.680469
37.99,1.026438,0.809597,23.077516,830.680432
38,1.026438,0.809597,23.077508,830.680394
38.01,1.026438,0.809597,23.0775,830.680357
38.02,1.026438,0.809597,23.077492,830.680319
38.03,1.026438,0.809597,23.077483,830.680282
38.04,1.026438,0.809597,23.077475,830.680244
38.05,1.026438,0.809597,23.077467,830.680207
38.06,1.026438,0.809597,23.077459,830.68017
38.07,1.026438,0.809597,23.077451,830.680132
38.08,1.026438,0.809597,23.077443,830.680095
38.09,1.026438,0.809597,23.077435,830.680057
38.1,1.026438,0.809597,23.077427,830.68002
38.11,1.026438,0.809596,23.077419,830.679983
38.12,1.026438,0.809596,23.077411,830.679945
38.13,1.026438,0.809596,23.077403,830.679908
38.14,1.026438,0.809596,23.077395,830.679871
38.15,1.026438,0.809596,23.077387,830.679833
38.16,1.026438,0.809596,23.077379,830.679796
38.17,1.026438,0.809596,23.077371,830.679759
38.18,1.026438,0.809596,23.077363,830.679721
38.19,1.026438,0.809596,23.077355,830.679684
38.2,1.026438,0.809596,23.077347,830.679647
38.21,1.026438,0.809596,23.077338,830.67961
38.22,1.026438,0.809596,23.07733,830.679572
38.23,1.026438,0.809596,23.077322,830.679535
38.24,1.026438,0.809596,23.077314,830.679498
38.25,1.026438,0.809596,23.077306,830.679461
38.26,1.026438,0.809596,23.077298,830.679423
38.27,1.026438,0.809596,23.07729,830.679386
38.28,1.026438,0.809596,23.077282,830.679349
38.29,1.026438,0.809596,23.077274,830.679312
38.3,1.026438,0.809596,23.077266,830.679275
38.31,1.026438,0.809596,23.077258,830.679238
38.32,1.026438,0.809596,23.07725,830.6792
38.33,1.026438,0.809596,23.077242,830.679163
38.34,1.026438,0.809596,23.077234,830.679126
38.35,1.026438,0.809596,23.077226,830.679089
38.36,1.026438,0.809596,23.077218,830.679052
38.37,1.026438,0.809595,23.07721,830.679015
38.38,1.026438,0.809595,23.077202,830.678978
38.39,1.026438,0.809595,23.077194,830.67894
38.4,1.026438,0.809595,23.077186,830.678903
38.41,1.026438,0.809595,23.077178,830.678866
38.42,1.026438,0.809595,23.07717,830.678829
38.43,1.026438,0.809595,23.077162,830.678792
38.44,1.026438,0.809595,23.077154,830.678755
38.45,1.026438,0.809595,23.077146,830.678718
38.46,1.026438,0.809595,23.077138,830.678681
38.47,1.026438,0.809595,23.077131,830.678644
38.48,1.026438,0.809595,23.077123,830.678607
38.49,1.026438,0.809595,23.077115,830.67857
38.5,1.026438,0.809595,23.077107,830.678533
38.51,1.026438,0.809595,23.077099,830.678496
38.52,1.026438,0.809595,23.077091,830.678459
38.53,1.026438,0.809595,23.077083,830.678422
38.54,1.026438,0.809595,23.077075,830.678385
38.55,1.026438,0.809595,23.077067,830.678348
38.56,1.026438,0.809595,23.077059,830.678311
38.57,1.026438,0.809595,23.077051,830.678274
38.58,1.026438,0.809595,23.077043,830.678237
38.59,1.026438,0.809595,23.077035,830.6782
38.6,1.026438,0.809595,23.077027,830.678163
38.61,1.026438,0.809595,23.077019,830.678127
38.62,1.026438,0.809595,23.077011,830.67809
38.63,1.026438,0.809594,23.077003,830.678053
38.64,1.026438,0.809594,23.076996,830.678016
38.65,1.026438,0.809594,23.076988,830.677979
38.66,1.026438,0.809594,23.07698,830.677942
38.67,1.026438,0.809594,23.076972,830.677905
38.68,1.026438,0.809594,23.076964,830.677869
38.69,1.026438,0.809594,23.076956,830.677832
38.7,1.026438,0.809594,23.076948,830.677795
38.71,1.026438,0.809594,23.07694,830.677758
38.72,1.026438,0.809594,23.076932,830.677721
38.73,1.026438,0.809594,23.076924,830.677685
38.74,1.026438,0.809594,23.076917,830.677648
38.75,1.026438,0.809594,23.076909,830.677611
38.76,1.026438,0.809594,23.076901,830.677574
38.77,1.026438,0.809594,23.076893,830.677538
38.78,1.026438,0.809594,23.076885,830.677501
38.79,1.026438,0.809594,23.076877,830.677464
38.8,1.026438,0.809594,23.076869,830.677428
38.81,1.026438,0.809594,23.076861,830.677391
38.82,1.026438,0.809594,23.076854,830.677354
38.83,1.026438,0.809594,23.076846,830.677318
38.84,1.026438,0.809594,23.076838,830.677281
38.85,1.026438,0.809594,23.07683,830.677244
38.86,1.026438,0.809594,23.076822,830.677208
38.87,1.026438,0.809594,23.076814,830.677171
38.88,1.026438,0.809594,23.076807,830.677134
38.89,1.026438,0.809593,23.076799,830.677098
38.9,1.026438,0.809593,23.076791,830.677061
38.91,1.026438,0.809593,23.076783,830.677025
38.92,1.026438,0.809593,23.076775,830.676988
38.93,1.026438,0.809593,23.076767,830.676952
38.94,1.026438,0.809593,23.07676,830.676915
38.95,1.026438,0.809593,23.076752,830.676878
38.96,1.026438,0.809593,23.076744,830.676842
38.97,1.026438,0.809593,23.076736,830.676805
38.98,1.026438,0.809593,23.076728,830.676769
38.99,1.026438,0.809593,23.07672,830.676732
39,1.026438,0.809593,23.076713,830.676696
39.01,1.026438,0.809593,23.076705,830.676659
39.02,1.026438,0.809593,23.076697,830.676623
39.03,1.026438,0.809593,23.076689,830.676586
39.04,1.026438,0.809593,23.076681,830.67655
39.05,1.026438,0.809593,23.076674,830.676513
39.06,1.026438,0.809593,23.076666,830.676477
39.07,1.026438,0.809593,23.076658,830.67644
39.08,1.026438,0.809593,23.07665,830.676404
39.09,1.026438,0.809593,23.076642,830.676368
39.1,1.026438,0.809593,23.076635,830.676331
39.11,1.026438,0.809593,23.076627,830.676295
39.12,1.026438,0.809593,23.076619,830.676258
39.13,1.026438,0.809593,23.076611,830.676222
39.14,1.026438,0.809593,23.076604,830.676186
39.15,1.026438,0.809592,23.076596,830.676149
39.16,1.026438,0.809592,23.076588,830.676113
39.17,1.026438,0.809592,23.07658,830.676076
39.18,1.026438,0.809592,23.076573,830.67604
39.19,1.026438,0.809592,23.076565,830.676004
39.2,1.026438,0.809592,23.076557,830.675967
39.21,1.026438,0.809592,23.076549,830.675931
39.22,1.026438,0.809592,23.076542,830.675895
39.23,1.026438,0.809592,23.076534,830.675858
39.24,1.026438,0.809592,23.076526,830.675822
39.25,1.026438,0.809592,23.076518,830.675786
39.26,1.026438,0.809592,23.076511,830.675749
39.27,1.026438,0.809592,23.076503,830.675713
39.28,1.026438,0.809592,23.076495,830.675677
39.29,1.026438,0.809592,23.076488,830.67564
39.3,1.026438,0.809592,23.07648,830.675604
39.31,1.026438,0.809592,23.076472,830.675568
39.32,1.026438,0.809592,23.076464,830.675532
39.33,1.026438,0.809592,23.076457,830.675495
39.34,1.026438,0.809592,23.076449,830.675459
39.35,1.026438,0.809592,23.076441,830.675423
39.36,1.026438,0.809592,23.076434,830.675387
39.37,1.026438,0.809592,23.076426,830.67535
39.38,1.026438,0.809592,23.076418,830.675314
39.39,1.026438,0.809592,23.076411,830.675278
39.4,1.026438,0.809592,23.076403,830.675242
39.41,1.026438,0.809592,23.076395,830.675206
39.42,1.026438,0.809591,23.076388,830.675169
39.43,1.026438,0.809591,23.07638,830.675133
39.44,1.026438,0.809591,23.076372,830.675097
39.45,1.026438,0.809591,23.076365,830.675061
39.46,1.026438,0.809591,23.076357,830.675025
39.47,1.026438,0.809591,23.076349,830.674989
39.48,1.026438,0.809591,23.076342,830.674953
39.49,1.026438,0.809591,23.076334,830.674916
39.5,1.026438,0.809591,23.076326,830.67488
39.51,1.026438,0.809591,23.076319,830.674844
39.52,1.026438,0.809591,23.076311,830.674808
39.53,1.026438,0.809591,23.076304,830.674772
39.54,1.026438,0.809591,23.076296,830.674736
39.55,1.026438,0.809591,23.076288,830.6747
39.56,1.026438,0.809591,23.076281,830.674664
39.57,1.026438,0.809591,23.076273,830.674628
39.58,1.026438,0.809591,23.076266,830.674592
39.59,1.026438,0.809591,23.076258,830.674556
39.6,1.026438,0.809591,23.07625,830.67452
39.61,1.026438,0.809591,23.076243,830.674484
39.62,1.026438,0.809591,23.076235,830.674448
39.63,1.026438,0.809591,23.076228,830.674412
39.64,1.026438,0.809591,23.07622,830.674376
39.65,1.026438,0.809591,23.076212,830.67434
39.66,1.026438,0.809591,23.076205,830.674304
39.67,1.026438,0.809591,23.076197,830.674268
39.68,1.026438,0.80959,23.07619,830.674232
39.69,1.026438,0.80959,23.076182,830.674196
39.7,1.026438,0.80959,23.076175,830.67416
39.71,1.026438,0.80959,23.076167,830.674124
39.72,1.026438,0.80959,23.076159,830.674088
39.73,1.026438,0.80959,23.076152,830.674052
39.74,1.026438,0.80959,23.076144,830.674017
39.75,1.026438,0.80959,23.076137,830.673981
39.76,1.026438,0.80959,23.076129,830.673945
39.77,1.026438,0.80959,23.076122,830.673909
39.78,1.026438,0.80959,23.076114,830.673873
39.79,1.026438,0.80959,23.076107,830.673837
39.8,1.026438,0.80959,23.076099,830.673802
39.81,1.026438,0.80959,23.076092,830.673766
39.82,1.026438,0.80959,23.076084,830.67373
39.83,1.026438,0.80959,23.076077,830.673694
39.84,1.026438,0.80959,23.076069,830.673658
39.85,1.026438,0.80959,23.076062,830.673623
39.86,1.026438,0.80959,23.076054,830.673587
39.87,1.026438,0.80959,23.076047,830.673551
39.88,1.026438,0.80959,23.076039,830.673515
39.89,1.026438,0.80959,23.076032,830.67348
39.9,1.026438,0.80959,23.076024,830.673444
39.91,1.026438,0.80959,23.076017,830.673408
39.92,1.026438,0.80959,23.076009,830.673373
39.93,1.026438,0.80959,23.076002,830.673337
39.94,1.026438,0.80959,23.075994,830.673301
39.95,1.026438,0.809589,23.075987,830.673266
39.96,1.026438,0.809589,23.075979,830.67323
39.97,1.026438,0.809589,23.075972,830.673194
39.98,1.026438,0.809589,23.075964,830.673159
39.99,1.026438,0.809589,23.075957,830.673123
40,1.026438,0.809589,23.07595,830.673087
40.01,1.026438,0.809589,23.075942,830.673052
40.02,1.026438,0.809589,23.075935,830.673016
40.03,1.026438,0.809589,23.075927,830.672981
40.04,1.026438,0.809589,23.07592,830.672945
40.05,1.026438,0.809589,23.075912,830.672909
40.06,1.026438,0.809589,23.075905,830.672874
40.07,1.026438,0.809589,23.075898,830.672838
40.08,1.026438,0.809589,23.07589,830.672803
40.09,1.026438,0.809589,23.075883,830.672767
40.1,1.026438,0.809589,23.075875,830.672732
40.11,1.026438,0.809589,23.075868,830.672696
40.12,1.026438,0.809589,23.075861,830.672661
40.13,1.026438,0.809589,23.075853,830.672625
40.14,1.026438,0.809589,23.075846,830.67259
40.15,1.026438,0.809589,23.075838,830.672554
40.16,1.026438,0.809589,23.075831,830.672519
40.17,1.026438,0.809589,23.075824,830.672483
40.18,1.026438,0.809589,23.075816,830.672448
40.19,1.026438,0.809589,23.075809,830.672412
40.2,1.026438,0.809589,23.075802,830.672377
40.21,1.026438,0.809589,23.075794,830.672342
40.22,1.026438,0.809588,23.075787,830.672306
40.23,1.026438,0.809588,23.075779,830.672271
40.24,1.026438,0.809588,23.075772,830.672235
40.25,1.026438,0.809588,23.075765,830.6722
40.26,1.026438,0.809588,23.075757,830.672164
40.27,1.026438,0.809588,23.07575,830.672129
40.28,1.026438,0.809588,23.075743,830.672094
40.29,1.026438,0.809588,23.075735,830.672058
40.3,1.026438,0.809588,23.075728,830.672023
40.31,1.026438,0.809588,23.075721,830.671988
40.32,1.026438,0.809588,23.075713,830.671952
40.33,1.026438,0.809588,23.075706,830.671917
40.34,1.026438,0.809588,23.075699,830.671882
40.35,1.026438,0.809588,23.075691,830.671846
40.36,1.026438,0.809588,23.075684,830.671811
40.37,1.026438,0.809588,23.075677,830.671776
40.38,1.026439,0.809588,23.07567,830.67174
40.39,1.026439,0.809588,23.075662,830.671705
40.4,1.026439,0.809588,23.075655,830.67167
40.41,1.026439,0.809588,23.075648,830.671635
40.42,1.026439,0.809588,23.07564,830.671599
40.43,1.026439,0.809588,23.075633,830.671564
40.44,1.026439,0.809588,23.075626,830.671529
40.45,1.026439,0.809588,23.075619,830.671494
40.46,1.026439,0.809588,23.075611,830.671458
40.47,1.026439,0.809588,23.075604,830.671423
40.48,1.026439,0.809588,23.075597,830.671388
40.49,1.026439,0.809588,23.07559,830.671353
40.5,1.026439,0.809587,23.075582,830.671318
40.51,1.026439,0.809587,23.075575,830.671282
40.52,1.026439,0.809587,23.075568,830.671247
40.53,1.026439,0.809587,23.075561,830.671212
40.54,1.026439,0.809587,23.075553,830.671177
40.55,1.026439,0.809587,23.075546,830.671142
40.56,1.026439,0.809587,23.075539,830.671107
40.57,1.026439,0.809587,23.075532,830.671072
40.58,1.026439,0.809587,23.075524,830.671037
40.59,1.026439,0.809587,23.075517,830.671001
40.6,1.026439,0.809587,23.07551,830.670966
40.61,1.026439,0.809587,23.075503,830.670931
40.62,1.026439,0.809587,23.075496,830.670896
40.63,1.026439,0.809587,23.075488,830.670861
40.64,1.026439,0.809587,23.075481,830.670826
40.65,1.026439,0.809587,23.075474,830.670791
40.66,1.026439,0.809587,23.075467,830.670756
40.67,1.026439,0.809587,23.07546,830.670721
40.68,1.026439,0.809587,23.075452,830.670686
40.69,1.026439,0.809587,23.075445,830.670651
40.7,1.026439,0.809587,23.075438,830.670616
40.71,1.026439,0.809587,23.075431,830.670581
40.72,1.026439,0.809587,23.075424,830.670546
40.73,1.026439,0.809587,23.075417,830.670511
40.74,1.026439,0.809587,23.075409,830.670476
40.75,1.026439,0.809587,23.075402,830.670441
40.76,1.026439,0.809587,23.075395,830.670406
40.77,1.026439,0.809586,23.075388,830.670371
40.78,1.026439,0.809586,23.075381,830.670336
40.79,1.026439,0.809586,23.075374,830.670301
40.8,1.026439,0.809586,23.075367,830.670266
40.81,1.026439,0.809586,23.075359,830.670232
40.82,1.026439,0.809586,23.075352,830.670197
40.83,1.026439,0.809586,23.075345,830.670162
40.84,1.026439,0.809586,23.075338,830.670127
40.85,1.026439,0.809586,23.075331,830.670092
40.86,1.026439,0.809586,23.075324,830.670057
40.87,1.026439,0.809586,23.075317,830.670022
40.88,1.026439,0.809586,23.07531,830.669987
40.89,1.026439,0.809586,23.075302,830.669953
40.9,1.026439,0.809586,23.075295,830.669918
40.91,1.026439,0.809586,23.075288,830.669883
40.92,1.026439,0.809586,23.075281,830.669848
40.93,1.026439,0.809586,23.075274,830.669813
40.94,1.026439,0.809586,23.075267,830.669779
40.95,1.026439,0.809586,23.07526,830.669744
40.96,1.026439,0.809586,23.075253,830.669709
40.97,1.026439,0.809586,23.075246,830.669674
40.98,1.026439,0.809586,23.075239,830.669639
40.99,1.026439,0.809586,23.075232,830.669605
41,1.026439,0.809586,23.075225,830.66957
41.01,1.026439,0.809586,23.075218,830.669535
41.02,1.026439,0.809586,23.07521,830.6695
41.03,1.026439,0.809586,23.075203,830.669466
41.04,1.026439,0.809585,23.075196,830.669431
41.05,1.026439,0.809585,23.075189,830.669396
41.06,1.026439,0.809585,23.075182,830.669362
41.07,1.026439,0.809585,23.075175,830.669327
41.08,1.026439,0.809585,23.075168,830.669292
41.09,1.026439,0.809585,23.075161,830.669257
41.1,1.026439,0.809585,23.075154,830.669223
41.11,1.026439,0.809585,23.075147,830.669188
41.12,1.026439,0.809585,23.07514,830.669154
41.13,1.026439,0.809585,23.075133,830.669119
41.14,1.026439,0.809585,23.075126,830.669084
41.15,1.026439,0.809585,23.075119,830.66905
41.16,1.026439,0.809585,23.075112,830.669015
41.17,1.026439,0.809585,23.075105,830.66898
41.18,1.026439,0.809585,23.075098,830.668946
41.19,1.026439,0.809585,23.075091,830.668911
41.2,1.026439,0.809585,23.075084,830.668877
41.21,1.026439,0.809585,23.075077,830.668842
41.22,1.026439,0.809585,23.07507,830.668807
41.23,1.026439,0.809585,23.075063,830.668773
41.24,1.026439,0.809585,23.075056,830.668738
41.25,1.026439,0.809585,23.075049,830.668704
41.26,1.026439,0.809585,23.075042,830.668669
41.27,1.026439,0.809585,23.075035,830.668635
41.28,1.026439,0.809585,23.075028,830.6686
41.29,1.026439,0.809585,23.075021,830.668566
41.3,1.026439,0.809585,23.075014,830.668531
41.31,1.026439,0.809585,23.075007,830.668497
41.32,1.026439,0.809584,23.075001,830.668462
41.33,1.026439,0.809584,23.074994,830.668428
41.34,1.026439,0.809584,23.074987,830.668393
41.35,1.026439,0.809584,23.07498,830.668359
41.36,1.026439,0.809584,23.074973,830.668324
41.37,1.026439,0.809584,23.074966,830.66829
41.38,1.026439,0.809584,23.074959,830.668256
41.39,1.026439,0.809584,23.074952,830.668221
41.4,1.026439,0.809584,23.074945,830.668187
41.41,1.026439,0.809584,23.074938,830.668152
41.42,1.026439,0.809584,23.074931,830.668118
41.43,1.026439,0.809584,23.074924,830.668084
41.44,1.026439,0.809584,23.074917,830.668049
41.45,1.026439,0.809584,23.074911,830.668015
41.46,1.026439,0.809584,23.074904,830.667981
41.47,1.026439,0.809584,23.074897,830.667946
41.48,1.026439,0.809584,23.07489,830.667912
41.49,1.026439,0.809584,23.074883,830.667878
41.5,1.026439,0.809584,23.074876,830.667843
41.51,1.026439,0.809584,23.074869,830.667809
41.52,1.026439,0.809584,23.074862,830.667775
41.53,1.026439,0.809584,23.074855,830.66774
41.54,1.026439,0.809584,23.074849,830.667706
41.55,1.026439,0.809584,23.074842,830.667672
41.56,1.026439,0.809584,23.074835,830.667638
41.57,1.026439,0.809584,23.074828,830.667603
41.58,1.026439,0.809584,23.074821,830.667569
41.59,1.026439,0.809584,23.074814,830.667535
41.6,1.026439,0.809583,23.074807,830.667501
41.61,1.026439,0.809583,23.074801,830.667467
41.62,1.026439,0.809583,23.074794,830.667432
41.63,1.026439,0.809583,23.074787,830.667398
41.64,1.026439,0.809583,23.07478,830.667364
41.65,1.026439,0.809583,23.074773,830.66733
41.66,1.026439,0.809583,23.074766,830.667296
41.67,1.026439,0.809583,23.07476,830.667262
41.68,1.026439,0.809583,23.074753,830.667227
41.69,1.026439,0.809583,23.074746,830.667193
41.7,1.026439,0.809583,23.074739,830.667159
41.71,1.026439,0.809583,23.074732,830.667125
41.72,1.026439,0.809583,23.074726,830.667091
41.73,1.026439,0.809583,23.074719,830.667057
41.74,1.026439,0.809583,23.074712,830.667023
41.75,1.026439,0.809583,23.074705,830.666989
41.76,1.026439,0.809583,23.074698,830.666955
41.77,1.026439,0.809583,23.074691,830.666921
41.78,1.026439,0.809583,23.074685,830.666887
41.79,1.026439,0.809583,23.074678,830.666853
41.8,1.026439,0.809583,23.074671,830.666819
41.81,1.026439,0.809583,23.074664,830.666785
41.82,1.026439,0.809583,23.074658,830.666751
41.83,1.026439,0.809583,23.074651,830.666717
41.84,1.026439,0.809583,23.074644,830.666683
41.85,1.026439,0.809583,23.074637,830.666649
41.86,1.026439,0.809583,23.07463,830.666615
41.87,1.026439,0.809583,23.074624,830.666581
41.88,1.026439,0.809582,23.074617,830.666547
41.89,1.026439,0.809582,23.07461,830.666513
41.9,1.026439,0.809582,23.074603,830.666479
41.91,1.026439,0.809582,23.074597,830.666445
41.92,1.026439,0.809582,23.07459,830.666411
41.93,1.026439,0.809582,23.074583,830.666377
41.94,1.026439,0.809582,23.074576,830.666343
41.95,1.026439,0.809582,23.07457,830.666309
41.96,1.026439,0.809582,23.074563,830.666275
41.97,1.026439,0.809582,23.074556,830.666241
41.98,1.026439,0.809582,23.074549,830.666207
41.99,1.026439,0.809582,23.074543,830.666174
42,1.026439,0.809582,23.074536,830.66614
42.01,1.026439,0.809582,23.074529,830.666106
42.02,1.026439,0.809582,23.074523,830.666072
42.03,1.026439,0.809582,23.074516,830.666038
42.04,1.026439,0.809582,23.074509,830.666004
42.05,1.026439,0.809582,23.074502,830.665971
42.06,1.026439,0.809582,23.074496,830.665937
42.07,1.026439,0.809582,23.074489,830.665903
42.08,1.026439,0.809582,23.074482,830.665869
42.09,1.026439,0.809582,23.074476,830.665835
42.1,1.026439,0.809582,23.074469,830.665802
42.11,1.026439,0.809582,23.074462,830.665768
42.12,1.026439,0.809582,23.074455,830.665734
42.13,1.026439,0.809582,23.074449,830.6657
42.14,1.026439,0.809582,23.074442,830.665666
42.15,1.026439,0.809582,23.074435,830.665633
42.16,1.026439,0.809582,23.074429,830.665599
42.17,1.026439,0.809581,23.074422,830.665565
42.18,1.026439,0.809581,23.074415,830.665532
42.19,1.026439,0.809581,23.074409,830.665498
42.2,1.026439,0.809581,23.074402,830.665464
42.21,1.026439,0.809581,23.074395,830.66543
42.22,1.026439,0.809581,23.074389,830.665397
42.23,1.026439,0.809581,23.074382,830.665363
42.24,1.026439,0.809581,23.074375,830.665329
42.25,1.026439,0.809581,23.074369,830.665296
42.26,1.026439,0.809581,23.074362,830.665262
42.27,1.026439,0.809581,23.074355,830.665228
42.28,1.026439,0.809581,23.074349,830.665195
42.29,1.026439,0.809581,23.074342,830.665161
42.3,1.026439,0.809581,23.074335,830.665128
42.31,1.026439,0.809581,23.074329,830.665094
42.32,1.026439,0.809581,23.074322,830.66506
42.33,1.026439,0.809581,23.074316,830.665027
42.34,1.026439,0.809581,23.074309,830.664993
42.35,1.026439,0.809581,23.074302,830.66496
42.36,1.026439,0.809581,23.074296,830.664926
42.37,1.026439,0.809581,23.074289,830.664893
42.38,1.026439,0.809581,23.074282,830.664859
42.39,1.026439,0.809581,23.074276,830.664825
42.4,1.026439,0.809581,23.074269,830.664792
42.41,1.026439,0.809581,23.074262,830.664758
42.42,1.026439,0.809581,23.074256,830.664725
42.43,1.026439,0.809581,23.074249,830.664691
42.44,1.026439,0.809581,23.074243,830.664658
42.45,1.026439,0.80958,23.074236,830.664624
42.46,1.026439,0.80958,23.074229,830.664591
42.47,1.026439,0.80958,23.074223,830.664557
42.48,1.026439,0.80958,23.074216,830.664524
42.49,1.026439,0.80958,23.07421,830.664491
42.5,1.026439,0.80958,23.074203,830.664457
42.51,1.026439,0.80958,23.074196,830.664424
42.52,1.026439,0.80958,23.07419,830.66439
42.53,1.026439,0.80958,23.074183,830.664357
42.54,1.026439,0.80958,23.074177,830.664323
42.55,1.026439,0.80958,23.07417,830.66429
42.56,1.026439,0.80958,23.074164,830.664257
42.57,1.026439,0.80958,23.074157,830.664223
42.58,1.026439,0.80958,23.07415,830.66419
42.59,1.026439,0.80958,23.074144,830.664157
42.6,1.026439,0.80958,23.074137,830.664123
42.61,1.026439,0.80958,23.074131,830.66409
42.62,1.026439,0.80958,23.074124,830.664057
42.63,1.026439,0.80958,23.074118,830.664023
42.64,1.026439,0.80958,23.074111,830.66399
42.65,1.026439,0.80958,23.074104,830.663957
42.66,1.026439,0.80958,23.074098,830.663923
42.67,1.026439,0.80958,23.074091,830.66389
42.68,1.026439,0.80958,23.074085,830.663857
42.69,1.026439,0.80958,23.074078,830.663823
42.7,1.026439,0.80958,23.074072,830.66379
42.71,1.026439,0.80958,23.074065,830.663757
42.72,1.026439,0.80958,23.074059,830.663724
42.73,1.026439,0.80958,23.074052,830.66369
42.74,1.026439,0.809579,23.074045,830.663657
42.75,1.026439,0.809579,23.074039,830.663624
42.76,1.026439,0.809579,23.074032,830.663591
42.77,1.026439,0.809579,23.074026,830.663557
42.78,1.026439,0.809579,23.074019,830.663524
42.79,1.026439,0.809579,23.074013,830.663491
42.8,1.026439,0.809579,23.074006,830.663458
42.81,1.026439,0.809579,23.074,830.663425
42.82,1.026439,0.809579,23.073993,830.663392
42.83,1.026439,0.809579,23.073987,830.663358
42.84,1.026439,0.809579,23.07398,830.663325
42.85,1.026439,0.809579,23.073974,830.663292
42.86,1.026439,0.809579,23.073967,830.663259
42.87,1.026439,0.809579,23.073961,830.663226
42.88,1.026439,0.809579,23.073954,830.663193
42.89,1.026439,0.809579,23.073948,830.66316
42.9,1.026439,0.809579,23.073941,830.663127
42.91,1.026439,0.809579,23.073935,830.663093
42.92,1.026439,0.809579,23.073928,830.66306
42.93,1.026439,0.809579,23.073922,830.663027
42.94,1.026439,0.809579,23.073915,830.662994
42.95,1.026439,0.809579,23.073909,830.662961
42.96,1.026439,0.809579,23.073902,830.662928
42.97,1.026439,0.809579,23.073896,830.662895
42.98,1.026439,0.809579,23.073889,830.662862
42.99,1.026439,0.809579,23.073883,830.662829
43,1.026439,0.809579,23.073876,830.662796
43.01,1.026439,0.809579,23.07387,830.662763
43.02,1.026439,0.809579,23.073863,830.66273
43.03,1.026439,0.809578,23.073857,830.662697
43.04,1.026439,0.809578,23.07385,830.662664
43.05,1.026439,0.809578,23.073844,830.662631
43.06,1.026439,0.809578,23.073837,830.662598
43.07,1.026439,0.809578,23.073831,830.662565
43.08,1.026439,0.809578,23.073824,830.662532
43.09,1.026439,0.809578,23.073818,830.662499
43.1,1.026439,0.809578,23.073811,830.662466
43.11,1.026439,0.809578,23.073805,830.662433
43.12,1.026439,0.809578,23.073798,830.6624
43.13,1.026439,0.809578,23.073792,830.662368
43.14,1.026439,0.809578,23.073785,830.662335
43.15,1.026439,0.809578,23.073779,830.662302
43.16,1.026439,0.809578,23.073773,830.662269
43.17,1.026439,0.809578,23.073766,830.662236
43.18,1.026439,0.809578,23.07376,830.662203
43.19,1.026439,0.809578,23.073753,830.66217
43.2,1.026439,0.809578,23.073747,830.662137
43.21,1.026439,0.809578,23.07374,830.662105
43.22,1.026439,0.809578,23.073734,830.662072
43.23,1.026439,0.809578,23.073727,830.662039
43.24,1.026439,0.809578,23.073721,830.662006
43.25,1.026439,0.809578,23.073714,830.661973
43.26,1.026439,0.809578,23.073708,830.661941
43.27,1.026439,0.809578,23.073702,830.661908
43.28,1.026439,0.809578,23.073695,830.661875
43.29,1.026439,0.809578,23.073689,830.661842
43.3,1.026439,0.809578,23.073682,830.66181
43.31,1.026439,0.809578,23.073676,830.661777
43.32,1.026439,0.809577,23.073669,830.661744
43.33,1.026439,0.809577,23.073663,830.661711
43.34,1.026439,0.809577,23.073657,830.661679
43.35,1.026439,0.809577,23.07365,830.661646
43.36,1.026439,0.809577,23.073644,830.661613
43.37,1.026439,0.809577,23.073637,830.661581
43.38,1.026439,0.809577,23.073631,830.661548
43.39,1.026439,0.809577,23.073624,830.661515
43.4,1.026439,0.809577,23.073618,830.661483
43.41,1.026439,0.809577,23.073612,830.66145
43.42,1.026439,0.809577,23.073605,830.661417
43.43,1.026439,0.809577,23.073599,830.661385
43.44,1.026439,0.809577,23.073592,830.661352
43.45,1.026439,0.809577,23.073586,830.661319
43.46,1.026439,0.809577,23.07358,830.661287
43.47,1.026439,0.809577,23.073573,830.661254
43.48,1.026439,0.809577,23.073567,830.661222
43.49,1.026439,0.809577,23.07356,830.661189
43.5,1.026439,0.809577,23.073554,830.661156
43.51,1.026439,0.809577,23.073548,830.661124
43.52,1.026439,0.809577,23.073541,830.661091
43.53,1.026439,0.809577,23.073535,830.661059
43.54,1.026439,0.809577,23.073528,830.661026
43.55,1.026439,0.809577,23.073522,830.660994
43.56,1.026439,0.809577,23.073516,830.660961
43.57,1.026439,0.809577,23.073509,830.660929
43.58,1.026439,0.809577,23.073503,830.660896
43.59,1.026439,0.809577,23.073496,830.660864
43.6,1.026439,0.809577,23.07349,830.660831
43.61,1.026439,0.809577,23.073484,830.660799
43.62,1.026439,0.809576,23.073477,830.660766
43.63,1.026439,0.809576,23.073471,830.660734
43.64,1.026439,0.809576,23.073464,830.660701
43.65,1.026439,0.809576,23.073458,830.660669
43.66,1.026439,0.809576,23.073452,830.660636
43.67,1.026439,0.809576,23.073445,830.660604
43.68,1.026439,0.809576,23.073439,830.660571
43.69,1.026439,0.809576,23.073433,830.660539
43.7,1.026439,0.809576,23.073426,830.660507
43.71,1.026439,0.809576,23.07342,830.660474
43.72,1.026439,0.809576,23.073413,830.660442
43.73,1.026439,0.809576,23.073407,830.660409
43.74,1.026439,0.809576,23.073401,830.660377
43.75,1.026439,0.809576,23.073394,830.660345
43.76,1.026439,0.809576,23.073388,830.660312
43.77,1.026439,0.809576,23.073382,830.66028
43.78,1.026439,0.809576,23.073375,830.660248
43.79,1.026439,0.809576,23.073369,830.660215
43.8,1.026439,0.809576,23.073362,830.660183
43.81,1.026439,0.809576,23.073356,830.660151
43.82,1.026439,0.809576,23.07335,830.660118
43.83,1.026439,0.809576,23.073343,830.660086
43.84,1.026439,0.809576,23.073337,830.660054
43.85,1.026439,0.809576,23.073331,830.660021
43.86,1.026439,0.809576,23.073324,830.659989
43.87,1.026439,0.809576,23.073318,830.659957
43.88,1.026439,0.809576,23.073312,830.659924
43.89,1.026439,0.809576,23.073305,830.659892
43.9,1.026439,0.809576,23.073299,830.65986
43.91,1.026439,0.809575,23.073293,830.659828
43.92,1.026439,0.809575,23.073286,830.659795
43.93,1.026439,0.809575,23.07328,830.659763
43.94,1.026439,0.809575,23.073274,830.659731
43.95,1.026439,0.809575,23.073267,830.659699
43.96,1.026439,0.809575,23.073261,830.659667
43.97,1.026439,0.809575,23.073255,830.659634
43.98,1.026439,0.809575,23.073248,830.659602
43.99,1.026439,0.809575,23.073242,830.65957
44,1.026439,0.809575,23.073235,830.659538
44.01,1.026439,0.809575,23.073229,830.659506
44.02,1.026439,0.809575,23.073223,830.659474
44.03,1.026439,0.809575,23.073216,830.659441
44.04,1.026439,0.809575,23.07321,830.659409
44.05,1.026439,0.809575,23.073204,830.659377
44.06,1.026439,0.809575,23.073197,830.659345
44.07,1.026439,0.809575,23.073191,830.659313
44.08,1.026439,0.809575,23.073185,830.659281
44.09,1.026439,0.809575,23.073178,830.659249
44.1,1.026439,0.809575,23.073172,830.659217
44.11,1.02644,0.809575,23.073166,830.659185
44.12,1.02644,0.809575,23.07316,830.659152
44.13,1.02644,0.809575,23.073153,830.65912
44.14,1.02644,0.809575,23.073147,830.659088
44.15,1.02644,0.809575,23.073141,830.659056
44.16,1.02644,0.809575,23.073134,830.659024
44.17,1.02644,0.809575,23.073128,830.658992
44.18,1.02644,0.809575,23.073122,830.65896
44.19,1.02644,0.809575,23.073115,830.658928
44.2,1.02644,0.809575,23.073109,830.658896
44.21,1.02644,0.809574,23.073103,830.658864
44.22,1.02644,0.809574,23.073096,830.658832
44.23,1.02644,0.809574,23.07309,830.6588
44.24,1.02644,0.809574,23.073084,830.658768
44.25,1.02644,0.809574,23.073077,830.658736
44.26,1.02644,0.809574,23.073071,830.658704
44.27,1.02644,0.809574,23.073065,830.658672
44.28,1.02644,0.809574,23.073058,830.658641
44.29,1.02644,0.809574,23.073052,830.658609
44.3,1.02644,0.809574,23.073046,830.658577
44.31,1.02644,0.809574,23.07304,830.658545
44.32,1.02644,0.809574,23.073033,830.658513
44.33,1.02644,0.809574,23.073027,830.658481
44.34,1.02644,0.809574,23.073021,830.658449
44.35,1.02644,0.809574,23.073014,830.658417
44.36,1.02644,0.809574,23.073008,830.658385
44.37,1.02644,0.809574,23.073002,830.658354
44.38,1.02644,0.809574,23.072995,830.658322
44.39,1.02644,0.809574,23.072989,830.65829
44.4,1.02644,0.809574,23.072983,830.658258
44.41,1.02644,0.809574,23.072977,830.658226
44.42,1.02644,0.809574,23.07297,830.658194
44.43,1.02644,0.809574,23.072964,830.658163
44.44,1.02644,0.809574,23.072958,830.658131
44.45,1.02644,0.809574,23.072951,830.658099
44.46,1.02644,0.809574,23.072945,830.658067
44.47,1.02644,0.809574,23.072939,830.658035
44.48,1.02644,0.809574,23.072932,830.658004
44.49,1.02644,0.809574,23.072926,830.657972
44.5,1.02644,0.809574,23.07292,830.65794
44.51,1.02644,0.809573,23.072914,830.657908
44.52,1.02644,0.809573,23.072907,830.657877
44.53,1.02644,0.809573,23.072901,830.657845
44.54,1.02644,0.809573,23.072895,830.657813
44.55,1.02644,0.809573,23.072888,830.657782
44.56,1.02644,0.809573,23.072882,830.65775
44.57,1.02644,0.809573,23.072876,830.657718
44.58,1.02644,0.809573,23.07287,830.657686
44.59,1.02644,0.809573,23.072863,830.657655
44.6,1.02644,0.809573,23.072857,830.657623
44.61,1.02644,0.809573,23.072851,830.657591
44.62,1.02644,0.809573,23.072845,830.65756
44.63,1.02644,0.809573,23.072838,830.657528
44.64,1.02644,0.809573,23.072832,830.657497
44.65,1.02644,0.809573,23.072826,830.657465
44.66,1.02644,0.809573,23.072819,830.657433
44.67,1.02644,0.809573,23.072813,830.657402
44.68,1.02644,0.809573,23.072807,830.65737
44.69,1.02644,0.809573,23.072801,830.657339
44.7,1.02644,0.809573,23.072794,830.657307
44.71,1.02644,0.809573,23.072788,830.657275
44.72,1.02644,0.809573,23.072782,830.657244
44.73,1.02644,0.809573,23.072776,830.657212
44.74,1.02644,0.809573,23.072769,830.657181
44.75,1.02644,0.809573,23.072763,830.657149
44.76,1.02644,0.809573,23.072757,830.657118
44.77,1.02644,0.809573,23.07275,830.657086
44.78,1.02644,0.809573,23.072744,830.657055
44.79,1.02644,0.809573,23.072738,830.657023
44.8,1.02644,0.809573,23.072732,830.656992
44.81,1.02644,0.809572,23.072725,830.65696
44.82,1.02644,0.809572,23.072719,830.656929
44.83,1.02644,0.809572,23.072713,830.656897
44.84,1.02644,0.809572,23.072707,830.656866
44.85,1.02644,0.809572,23.0727,830.656834
44.86,1.02644,0.809572,23.072694,830.656803
44.87,1.02644,0.809572,23.072688,830.656771
44.88,1.02644,0.809572,23.072682,830.65674
44.89,1.02644,0.809572,23.072675,830.656708
44.9,1.02644,0.809572,23.072669,830.656677
44.91,1.02644,0.809572,23.072663,830.656646
44.92,1.02644,0.809572,23.072657,830.656614
44.93,1.02644,0.809572,23.07265,830.656583
44.94,1.02644,0.809572,23.072644,830.656551
44.95,1.02644,0.809572,23.072638,830.65652
44.96,1.02644,0.809572,23.072632,830.656489
44.97,1.02644,0.809572,23.072625,830.656457
44.98,1.02644,0.809572,23.072619,830.656426
44.99,1.02644,0.809572,23.072613,830.656395
45,1.02644,0.809572,23.072607,830.656363
45.01,1.02644,0.809572,23.0726,830.656332
45.02,1.02644,0.809572,23.072594,830.656301
45.03,1.02644,0.809572,23.072588,830.656269
45.04,1.02644,0.809572,23.072582,830.656238
45.05,1.02644,0.809572,23.072575,830.656207
45.06,1.02644,0.809572,23.072569,830.656175
45.07,1.02644,0.809572,23.072563,830.656144
45.08,1.02644,0.809572,23.072557,830.656113
45.09,1.02644,0.809572,23.07255,830.656082
45.1,1.02644,0.809572,23.072544,830.65605
45.11,1.02644,0.809572,23.072538,830.656019
45.12,1.02644,0.809571,23.072532,830.655988
45.13,1.02644,0.809571,23.072526,830.655957
45.14,1.02644,0.809571,23.072519,830.655925
45.15,1.02644,0.809571,23.072513,830.655894
45.16,1.02644,0.809571,23.072507,830.655863
45.17,1.02644,0.809571,23.072501,830.655832
45.18,1.02644,0.809571,23.072494,830.655801
45.19,1.02644,0.809571,23.072488,830.65577
45.2,1.02644,0.809571,23.072482,830.655738
45.21,1.02644,0.809571,23.072476,830.655707
45.22,1.02644,0.809571,23.072469,830.655676
45.23,1.02644,0.809571,23.072463,830.655645
45.24,1.02644,0.809571,23.072457,830.655614
45.25,1.02644,0.809571,23.072451,830.655583
45.26,1.02644,0.809571,23.072445,830.655552
45.27,1.02644,0.809571,23.072438,830.65552
45.28,1.02644,0.809571,23.072432,830.655489
45.29,1.02644,0.809571,23.072426,830.655458
45.3,1.02644,0.809571,23.07242,830.655427
45.31,1.02644,0.809571,23.072413,830.655396
45.32,1.02644,0.809571,23.072407,830.655365
45.33,1.02644,0.809571,23.072401,830.655334
45.34,1.02644,0.809571,23.072395,830.655303
45.35,1.02644,0.809571,23.072389,830.655272
45.36,1.02644,0.809571,23.072382,830.655241
45.37,1.02644,0.809571,23.072376,830.65521
45.38,1.02644,0.809571,23.07237,830.655179
45.39,1.02644,0.809571,23.072364,830.655148
45.4,1.02644,0.809571,23.072357,830.655117
45.41,1.02644,0.809571,23.072351,830.655086
45.42,1.02644,0.809571,23.072345,830.655055
45.43,1.02644,0.80957,23.072339,830.655024
45.44,1.02644,0.80957,23.072333,830.654993
45.45,1.02644,0.80957,23.072326,830.654962
45.46,1.02644,0.80957,23.07232,830.654931
45.47,1.02644,0.80957,23.072314,830.6549
45.48,1.02644,0.80957,23.072308,830.654869
45.49,1.02644,0.80957,23.072302,830.654838
45.5,1.02644,0.80957,23.072295,830.654807
45.51,1.02644,0.80957,23.072289,830.654776
45.52,1.02644,0.80957,23.072283,830.654745
45.53,1.02644,0.80957,23.072277,830.654714
45.54,1.02644,0.80957,23.072271,830.654683
45.55,1.02644,0.80957,23.072264,830.654653
45.56,1.02644,0.80957,23.072258,830.654622
45.57,1.02644,0.80957,23.072252,830.654591
45.58,1.02644,0.80957,23.072246,830.65456
45.59,1.02644,0.80957,23.07224,830.654529
45.6,1.02644,0.80957,23.072233,830.654498
45.61,1.02644,0.80957,23.072227,830.654467
45.62,1.02644,0.80957,23.072221,830.654437
45.63,1.02644,0.80957,23.072215,830.654406
45.64,1.02644,0.80957,23.072209,830.654375
45.65,1.02644,0.80957,23.072202,830.654344
45.66,1.02644,0.80957,23.072196,830.654313
45.67,1.02644,0.80957,23.07219,830.654283
45.68,1.02644,0.80957,23.072184,830.654252
45.69,1.02644,0.80957,23.072178,830.654221
45.7,1.02644,0.80957,23.072171,830.65419
45.71,1.02644,0.80957,23.072165,830.654159
45.72,1.02644,0.80957,23.072159,830.654129
45.73,1.02644,0.80957,23.072153,830.654098
45.74,1.02644,0.809569,23.072147,830.654067
45.75,1.02644,0.809569,23.07214,830.654036
45.76,1.02644,0.809569,23.072134,830.654006
45.77,1.02644,0.809569,23.072128,830.653975
45.78,1.02644,0.809569,23.072122,830.653944
45.79,1.02644,0.809569,23.072116,830.653914
45.8,1.02644,0.809569,23.072109,830.653883
45.81,1.02644,0.809569,23.072103,830.653852
45.82,1.02644,0.809569,23.072097,830.653822
45.83,1.02644,0.809569,23.072091,830.653791
45.84,1.02644,0.809569,23.072085,830.65376
45.85,1.02644,0.809569,23.072079,830.65373
45.86,1.02644,0.809569,23.072072,830.653699
45.87,1.02644,0.809569,23.072066,830.653668
45.88,1.02644,0.809569,23.07206,830.653638
45.89,1.02644,0.809569,23.072054,830.653607
45.9,1.02644,0.809569,23.072048,830.653577
45.91,1.02644,0.809569,23.072042,830.653546
45.92,1.02644,0.809569,23.072035,830.653515
45.93,1.02644,0.809569,23.072029,830.653485
45.94,1.02644,0.809569,23.072023,830.653454
45.95,1.02644,0.809569,23.072017,830.653424
45.96,1.02644,0.809569,23.072011,830.653393
45.97,1.02644,0.809569,23.072004,830.653362
45.98,1.02644,0.809569,23.071998,830.653332
45.99,1.02644,0.809569,23.071992,830.653301
46,1.02644,0.809569,23.071986,830.653271
46.01,1.02644,0.809569,23.07198,830.65324
46.02,1.02644,0.809569,23.071974,830.65321
46.03,1.02644,0.809569,23.071967,830.653179
46.04,1.02644,0.809569,23.071961,830.653149
46.05,1.02644,0.809568,23.071955,830.653118
46.06,1.02644,0.809568,23.071949,830.653088
46.07,1.02644,0.809568,23.071943,830.653057
46.08,1.02644,0.809568,23.071937,830.653027
46.09,1.02644,0.809568,23.071931,830.652997
46.1,1.02644,0.809568,23.071924,830.652966
46.11,1.02644,0.809568,23.071918,830.652936
46.12,1.02644,0.809568,23.071912,830.652905
46.13,1.02644,0.809568,23.071906,830.652875
46.14,1.02644,0.809568,23.0719,830.652844
46.15,1.02644,0.809568,23.071894,830.652814
46.16,1.02644,0.809568,23.071887,830.652784
46.17,1.02644,0.809568,23.071881,830.652753
46.18,1.02644,0.809568,23.071875,830.652723
46.19,1.02644,0.809568,23.071869,830.652692
46.2,1.02644,0.809568,23.071863,830.652662
46.21,1.02644,0.809568,23.071857,830.652632
46.22,1.02644,0.809568,23.07185,830.652601
46.23,1.02644,0.809568,23.071844,830.652571
46.24,1.02644,0.809568,23.071838,830.652541
46.25,1.02644,0.809568,23.071832,830.65251
46.26,1.02644,0.809568,23.071826,830.65248
46.27,1.02644,0.809568,23.07182,830.65245
46.28,1.02644,0.809568,23.071814,830.65242
46.29,1.02644,0.809568,23.071807,830.652389
46.3,1.02644,0.809568,23.071801,830.652359
46.31,1.02644,0.809568,23.071795,830.652329
46.32,1.02644,0.809568,23.071789,830.652298
46.33,1.02644,0.809568,23.071783,830.652268
46.34,1.02644,0.809568,23.071777,830.652238
46.35,1.02644,0.809568,23.071771,830.652208
46.36,1.02644,0.809568,23.071764,830.652177
46.37,1.02644,0.809567,23.071758,830.652147
46.38,1.02644,0.809567,23.071752,830.652117
46.39,1.02644,0.809567,23.071746,830.652087
46.4,1.02644,0.809567,23.07174,830.652057
46.41,1.02644,0.809567,23.071734,830.652026
46.42,1.02644,0.809567,23.071728,830.651996
46.43,1.02644,0.809567,23.071722,830.651966
46.44,1.02644,0.809567,23.071715,830.651936
46.45,1.02644,0.809567,23.071709,830.651906
46.46,1.02644,0.809567,23.071703,830.651876
46.47,1.02644,0.809567,23.071697,830.651845
46.48,1.02644,0.809567,23.071691,830.651815
46.49,1.02644,0.809567,23.071685,830.651785
46.5,1.02644,0.809567,23.071679,830.651755
46.51,1.02644,0.809567,23.071673,830.651725
46.52,1.02644,0.809567,23.071666,830.651695
46.53,1.02644,0.809567,23.07166,830.651665
46.54,1.02644,0.809567,23.071654,830.651635
46.55,1.02644,0.809567,23.071648,830.651605
46.56,1.02644,0.809567,23.071642,830.651574
46.57,1.02644,0.809567,23.071636,830.651544
46.58,1.02644,0.809567,23.07163,830.651514
46.59,1.02644,0.809567,23.071624,830.651484
46.6,1.02644,0.809567,23.071617,830.651454
46.61,1.02644,0.809567,23.071611,830.651424
46.62,1.02644,0.809567,23.071605,830.651394
46.63,1.02644,0.809567,23.071599,830.651364
46.64,1.02644,0.809567,23.071593,830.651334
46.65,1.02644,0.809567,23.071587,830.651304
46.66,1.02644,0.809567,23.071581,830.651274
46.67,1.02644,0.809567,23.071575,830.651244
46.68,1.02644,0.809567,23.071569,830.651214
46.69,1.02644,0.809566,23.071562,830.651184
46.7,1.02644,0.809566,23.071556,830.651154
46.71,1.02644,0.809566,23.07155,830.651124
46.72,1.02644,0.809566,23.071544,830.651094
46.73,1.02644,0.809566,23.071538,830.651064
46.74,1.02644,0.809566,23.071532,830.651034
46.75,1.02644,0.809566,23.071526,830.651005
46.76,1.02644,0.809566,23.07152,830.650975
46.77,1.02644,0.809566,23.071514,830.650945
46.78,1.02644,0.809566,23.071508,830.650915
46.79,1.02644,0.809566,23.071501,830.650885
46.8,1.02644,0.809566,23.071495,830.650855
46.81,1.02644,0.809566,23.071489,830.650825
46.82,1.02644,0.809566,23.071483,830.650795
46.83,1.02644,0.809566,23.071477,830.650765
46.84,1.02644,0.809566,23.071471,830.650736
46.85,1.02644,0.809566,23.071465,830.650706
46.86,1.02644,0.809566,23.071459,830.650676
46.87,1.02644,0.809566,23.071453,830.650646
46.88,1.02644,0.809566,23.071447,830.650616
46.89,1.02644,0.809566,23.071441,830.650586
46.9,1.02644,0.809566,23.071434,830.650557
46.91,1.02644,0.809566,23.071428,830.650527
46.92,1.02644,0.809566,23.071422,830.650497
46.93,1.02644,0.809566,23.071416,830.650467
46.94,1.02644,0.809566,23.07141,830.650437
46.95,1.02644,0.809566,23.071404,830.650408
46.96,1.02644,0.809566,23.071398,830.650378
46.97,1.02644,0.809566,23.071392,830.650348
46.98,1.02644,0.809566,23.071386,830.650318
46.99,1.02644,0.809566,23.07138,830.650289
47,1.02644,0.809566,23.071374,830.650259
47.01,1.02644,0.809565,23.071368,830.650229
47.02,1.02644,0.809565,23.071361,830.6502
47.03,1.02644,0.809565,23.071355,830.65017
47.04,1.02644,0.809565,23.071349,830.65014
47.05,1.02644,0.809565,23.071343,830.650111
47.06,1.02644,0.809565,23.071337,830.650081
47.07,1.02644,0.809565,23.071331,830.650051
47.08,1.02644,0.809565,23.071325,830.650021
47.09,1.02644,0.809565,23.071319,830.649992
47.1,1.02644,0.809565,23.071313,830.649962
47.11,1.02644,0.809565,23.071307,830.649933
47.12,1.02644,0.809565,23.071301,830.649903
47.13,1.02644,0.809565,23.071295,830.649873
47.14,1.02644,0.809565,23.071289,830.649844
47.15,1.02644,0.809565,23.071283,830.649814
47.16,1.02644,0.809565,23.071277,830.649784
47.17,1.02644,0.809565,23.07127,830.649755
47.18,1.02644,0.809565,23.071264,830.649725
47.19,1.02644,0.809565,23.071258,830.649696
47.2,1.02644,0.809565,23.071252,830.649666
47.21,1.02644,0.809565,23.071246,830.649637
47.22,1.02644,0.809565,23.07124,830.649607
47.23,1.02644,0.809565,23.071234,830.649577
47.24,1.02644,0.809565,23.071228,830.649548
47.25,1.02644,0.809565,23.071222,830.649518
47.26,1.02644,0.809565,23.071216,830.649489
47.27,1.02644,0.809565,23.07121,830.649459
47.28,1.02644,0.809565,23.071204,830.64943
47.29,1.02644,0.809565,23.071198,830.6494
47.3,1.02644,0.809565,23.071192,830.649371
47.31,1.02644,0.809565,23.071186,830.649341
47.32,1.02644,0.809565,23.07118,830.649312
47.33,1.02644,0.809564,23.071174,830.649282
47.34,1.02644,0.809564,23.071168,830.649253
47.35,1.02644,0.809564,23.071162,830.649223
47.36,1.02644,0.809564,23.071156,830.649194
47.37,1.02644,0.809564,23.071149,830.649165
47.38,1.02644,0.809564,23.071143,830.649135
47.39,1.02644,0.809564,23.071137,830.649106
47.4,1.02644,0.809564,23.071131,830.649076
47.41,1.02644,0.809564,23.071125,830.649047
47.42,1.02644,0.809564,23.071119,830.649018
47.43,1.02644,0.809564,23.071113,830.648988
47.44,1.02644,0.809564,23.071107,830.648959
47.45,1.02644,0.809564,23.071101,830.648929
47.46,1.02644,0.809564,23.071095,830.6489
47.47,1.02644,0.809564,23.071089,830.648871
47.48,1.02644,0.809564,23.071083,830.648841
47.49,1.02644,0.809564,23.071077,830.648812
47.5,1.02644,0.809564,23.071071,830.648783
47.51,1.02644,0.809564,23.071065,830.648753
47.52,1.02644,0.809564,23.071059,830.648724
47.53,1.02644,0.809564,23.071053,830.648695
47.54,1.02644,0.809564,23.071047,830.648665
47.55,1.02644,0.809564,23.071041,830.648636
47.56,1.02644,0.809564,23.071035,830.648607
47.57,1.02644,0.809564,23.071029,830.648577
47.58,1.02644,0.809564,23.071023,830.648548
47.59,1.02644,0.809564,23.071017,830.648519
47.6,1.02644,0.809564,23.071011,830.64849
47.61,1.02644,0.809564,23.071005,830.64846
47.62,1.02644,0.809564,23.070999,830.648431
47.63,1.02644,0.809564,23.070993,830.648402
47.64,1.02644,0.809564,23.070987,830.648373
47.65,1.02644,0.809564,23.070981,830.648343
47.66,1.02644,0.809563,23.070975,830.648314
47.67,1.02644,0.809563,23.070969,830.648285
47.68,1.02644,0.809563,23.070963,830.648256
47.69,1.02644,0.809563,23.070957,830.648227
47.7,1.02644,0.809563,23.070951,830.648197
47.71,1.02644,0.809563,23.070945,830.648168
47.72,1.02644,0.809563,23.070939,830.648139
47.73,1.02644,0.809563,23.070933,830.64811
47.74,1.02644,0.809563,23.070927,830.648081
47.75,1.02644,0.809563,23.070921,830.648052
47.76,1.02644,0.809563,23.070915,830.648023
47.77,1.02644,0.809563,23.070909,830.647993
47.78,1.02644,0.809563,23.070903,830.647964
47.79,1.02644,0.809563,23.070897,830.647935
47.8,1.02644,0.809563,23.070891,830.647906
47.81,1.02644,0.809563,23.070885,830.647877
47.82,1.02644,0.809563,23.070879,830.647848
47.83,1.02644,0.809563,23.070873,830.647819
47.84,1.02644,0.809563,23.070867,830.64779
47.85,1.02644,0.809563,23.070861,830.647761
47.86,1.02644,0.809563,23.070855,830.647732
47.87,1.02644,0.809563,23.070849,830.647703
47.88,1.02644,0.809563,23.070843,830.647674
47.89,1.02644,0.809563,23.070837,830.647644
47.9,1.02644,0.809563,23.070831,830.647615
47.91,1.02644,0.809563,23.070825,830.647586
47.92,1.02644,0.809563,23.070819,830.647557
47.93,1.02644,0.809563,23.070813,830.647528
47.94,1.02644,0.809563,23.070807,830.647499
47.95,1.02644,0.809563,23.070801,830.64747
47.96,1.02644,0.809563,23.070795,830.647441
47.97,1.02644,0.809563,23.070789,830.647412
47.98,1.02644,0.809563,23.070783,830.647384
47.99,1.02644,0.809562,23.070777,830.647355
48,1.02644,0.809562,23.070771,830.647326
48.01,1.02644,0.809562,23.070765,830.647297
48.02,1.02644,0.809562,23.07076,830.647268
48.03,1.02644,0.809562,23.070754,830.647239
48.04,1.02644,0.809562,23.070748,830.64721
48.05,1.02644,0.809562,23.070742,830.647181
48.06,1.02644,0.809562,23.070736,830.647152
48.07,1.02644,0.809562,23.07073,830.647123
48.08,1.02644,0.809562,23.070724,830.647094
48.09,1.02644,0.809562,23.070718,830.647065
48.1,1.02644,0.809562,23.070712,830.647037
48.11,1.02644,0.809562,23.070706,830.647008
48.12,1.02644,0.809562,23.0707,830.646979
48.13,1.02644,0.809562,23.070694,830.64695
48.14,1.02644,0.809562,23.070688,830.646921
48.15,1.02644,0.809562,23.070682,830.646892
48.16,1.02644,0.809562,23.070676,830.646863
48.17,1.02644,0.809562,23.07067,830.646835
48.18,1.02644,0.809562,23.070664,830.646806
48.19,1.026441,0.809562,23.070658,830.646777
48.2,1.026441,0.809562,23.070652,830.646748
48.21,1.026441,0.809562,23.070647,830.646719
48.22,1.026441,0.809562,23.070641,830.646691
48.23,1.026441,0.809562,23.070635,830.646662
48.24,1.026441,0.809562,23.070629,830.646633
48.25,1.026441,0.809562,23.070623,830.646604
48.26,1.026441,0.809562,23.070617,830.646576
48.27,1.026441,0.809562,23.070611,830.646547
48.28,1.026441,0.809562,23.070605,830.646518
48.29,1.026441,0.809562,23.070599,830.646489
48.3,1.026441,0.809562,23.070593,830.646461
48.31,1.026441,0.809562,23.070587,830.646432
48.32,1.026441,0.809561,23.070581,830.646403
48.33,1.026441,0.809561,23.070575,830.646375
48.34,1.026441,0.809561,23.070569,830.646346
48.35,1.026441,0.809561,23.070564,830.646317
48.36,1.026441,0.809561,23.070558,830.646289
48.37,1.026441,0.809561,23.070552,830.64626
48.38,1.026441,0.809561,23.070546,830.646231
48.39,1.026441,0.809561,23.07054,830.646203
48.4,1.026441,0.809561,23.070534,830.646174
48.41,1.026441,0.809561,23.070528,830.646145
48.42,1.026441,0.809561,23.070522,830.646117
48.43,1.026441,0.809561,23.070516,830.646088
48.44,1.026441,0.809561,23.07051,830.646059
48.45,1.026441,0.809561,23.070504,830.646031
48.46,1.026441,0.809561,23.070499,830.646002
48.47,1.026441,0.809561,23.070493,830.645974
48.48,1.026441,0.809561,23.070487,830.645945
48.49,1.026441,0.809561,23.070481,830.645916
48.5,1.026441,0.809561,23.070475,830.645888
48.51,1.026441,0.809561,23.070469,830.645859
48.52,1.026441,0.809561,23.070463,830.645831
48.53,1.026441,0.809561,23.070457,830.645802
48.54,1.026441,0.809561,23.070451,830.645774
48.55,1.026441,0.809561,23.070445,830.645745
48.56,1.026441,0.809561,23.07044,830.645717
48.57,1.026441,0.809561,23.070434,830.645688
48.58,1.026441,0.809561,23.070428,830.64566
48.59,1.026441,0.809561,23.070422,830.645631
48.6,1.026441,0.809561,23.070416,830.645603
48.61,1.026441,0.809561,23.07041,830.645574
48.62,1.026441,0.809561,23.070404,830.645546
48.63,1.026441,0.809561,23.070398,830.645517
48.64,1.026441,0.809561,23.070392,830.645489
48.65,1.026441,0.809561,23.070387,830.64546
48.66,1.026441,0.80956,23.070381,830.645432
48.67,1.026441,0.80956,23.070375,830.645403
48.68,1.026441,0.80956,23.070369,830.645375
48.69,1.026441,0.80956,23.070363,830.645347
48.7,1.026441,0.80956,23.070357,830.645318
48.71,1.026441,0.80956,23.070351,830.64529
48.72,1.026441,0.80956,23.070345,830.645261
48.73,1.026441,0.80956,23.07034,830.645233
48.74,1.026441,0.80956,23.070334,830.645204
48.75,1.026441,0.80956,23.070328,830.645176
48.76,1.026441,0.80956,23.070322,830.645148
48.77,1.026441,0.80956,23.070316,830.645119
48.78,1.026441,0.80956,23.07031,830.645091
48.79,1.026441,0.80956,23.070304,830.645063
48.8,1.026441,0.80956,23.070299,830.645034
48.81,1.026441,0.80956,23.070293,830.645006
48.82,1.026441,0.80956,23.070287,830.644978
48.83,1.026441,0.80956,23.070281,830.644949
48.84,1.026441,0.80956,23.070275,830.644921
48.85,1.026441,0.80956,23.070269,830.644893
48.86,1.026441,0.80956,23.070263,830.644864
48.87,1.026441,0.80956,23.070258,830.644836
48.88,1.026441,0.80956,23.070252,830.644808
48.89,1.026441,0.80956,23.070246,830.64478
48.9,1.026441,0.80956,23.07024,830.644751
48.91,1.026441,0.80956,23.070234,830.644723
48.92,1.026441,0.80956,23.070228,830.644695
48.93,1.026441,0.80956,23.070223,830.644667
48.94,1.026441,0.80956,23.070217,830.644638
48.95,1.026441,0.80956,23.070211,830.64461
48.96,1.026441,0.80956,23.070205,830.644582
48.97,1.026441,0.80956,23.070199,830.644554
48.98,1.026441,0.80956,23.070193,830.644525
48.99,1.026441,0.80956,23.070188,830.644497
49,1.026441,0.809559,23.070182,830.644469
49.01,1.026441,0.809559,23.070176,830.644441
49.02,1.026441,0.809559,23.07017,830.644413
49.03,1.026441,0.809559,23.070164,830.644385
49.04,1.026441,0.809559,23.070158,830.644356
49.05,1.026441,0.809559,23.070153,830.644328
49.06,1.026441,0.809559,23.070147,830.6443
49.07,1.026441,0.809559,23.070141,830.644272
49.08,1.026441,0.809559,23.070135,830.644244
49.09,1.026441,0.809559,23.070129,830.644216
49.1,1.026441,0.809559,23.070124,830.644188
49.11,1.026441,0.809559,23.070118,830.644159
49.12,1.026441,0.809559,23.070112,830.644131
49.13,1.026441,0.809559,23.070106,830.644103
49.14,1.026441,0.809559,23.0701,830.644075
49.15,1.026441,0.809559,23.070094,830.644047
49.16,1.026441,0.809559,23.070089,830.644019
49.17,1.026441,0.809559,23.070083,830.643991
49.18,1.026441,0.809559,23.070077,830.643963
49.19,1.026441,0.809559,23.070071,830.643935
49.2,1.026441,0.809559,23.070065,830.643907
49.21,1.026441,0.809559,23.07006,830.643879
49.22,1.026441,0.809559,23.070054,830.643851
49.23,1.026441,0.809559,23.070048,830.643823
49.24,1.026441,0.809559,23.070042,830.643795
49.25,1.026441,0.809559,23.070036,830.643767
49.26,1.026441,0.809559,23.070031,830.643739
49.27,1.026441,0.809559,23.070025,830.643711
49.28,1.026441,0.809559,23.070019,830.643683
49.29,1.026441,0.809559,23.070013,830.643655
49.3,1.026441,0.809559,23.070007,830.643627
49.31,1.026441,0.809559,23.070002,830.643599
49.32,1.026441,0.809559,23.069996,830.643571
49.33,1.026441,0.809559,23.06999,830.643543
49.34,1.026441,0.809558,23.069984,830.643515
49.35,1.026441,0.809558,23.069979,830.643487
49.36,1.026441,0.809558,23.069973,830.643459
49.37,1.026441,0.809558,23.069967,830.643431
49.38,1.026441,0.809558,23.069961,830.643403
49.39,1.026441,0.809558,23.069955,830.643375
49.4,1.026441,0.809558,23.06995,830.643348
49.41,1.026441,0.809558,23.069944,830.64332
49.42,1.026441,0.809558,23.069938,830.643292
49.43,1.026441,0.809558,23.069932,830.643264
49.44,1.026441,0.809558,23.069927,830.643236
49.45,1.026441,0.809558,23.069921,830.643208
49.46,1.026441,0.809558,23.069915,830.64318
49.47,1.026441,0.809558,23.069909,830.643152
49.48,1.026441,0.809558,23.069904,830.643125
49.49,1.026441,0.809558,23.069898,830.643097
49.5,1.026441,0.809558,23.069892,830.643069
49.51,1.026441,0.809558,23.069886,830.643041
49.52,1.026441,0.809558,23.069881,830.643013
49.53,1.026441,0.809558,23.069875,830.642986
49.54,1.026441,0.809558,23.069869,830.642958
49.55,1.026441,0.809558,23.069863,830.64293
49.56,1.026441,0.809558,23.069858,830.642902
49.57,1.026441,0.809558,23.069852,830.642874
49.58,1.026441,0.809558,23.069846,830.642847
49.59,1.026441,0.809558,23.06984,830.642819
49.6,1.026441,0.809558,23.069835,830.642791
49.61,1.026441,0.809558,23.069829,830.642763
49.62,1.026441,0.809558,23.069823,830.642736
49.63,1.026441,0.809558,23.069817,830.642708
49.64,1.026441,0.809558,23.069812,830.64268
49.65,1.026441,0.809558,23.069806,830.642653
49.66,1.026441,0.809558,23.0698,830.642625
49.67,1.026441,0.809558,23.069794,830.642597
49.68,1.026441,0.809557,23.069789,830.64257
49.69,1.026441,0.809557,23.069783,830.642542
49.7,1.026441,0.809557,23.069777,830.642514
49.71,1.026441,0.809557,23.069771,830.642487
49.72,1.026441,0.809557,23.069766,830.642459
49.73,1.026441,0.809557,23.06976,830.642431
49.74,1.026441,0.809557,23.069754,830.642404
49.75,1.026441,0.809557,23.069749,830.642376
49.76,1.026441,0.809557,23.069743,830.642348
49.77,1.026441,0.809557,23.069737,830.642321
49.78,1.026441,0.809557,23.069731,830.642293
49.79,1.026441,0.809557,23.069726,830.642265
49.8,1.026441,0.809557,23.06972,830.642238
49.81,1.026441,0.809557,23.069714,830.64221
49.82,1.026441,0.809557,23.069709,830.642183
49.83,1.026441,0.809557,23.069703,830.642155
49.84,1.026441,0.809557,23.069697,830.642128
49.85,1.026441,0.809557,23.069691,830.6421
49.86,1.026441,0.809557,23.069686,830.642072
49.87,1.026441,0.809557,23.06968,830.642045
49.88,1.026441,0.809557,23.069674,830.642017
49.89,1.026441,0.809557,23.069669,830.64199
49.9,1.026441,0.809557,23.069663,830.641962
49.91,1.026441,0.809557,23.069657,830.641935
49.92,1.026441,0.809557,23.069652,830.641907
49.93,1.026441,0.809557,23.069646,830.64188
49.94,1.026441,0.809557,23.06964,830.641852
49.95,1.026441,0.809557,23.069634,830.641825
49.96,1.026441,0.809557,23.069629,830.641797
49.97,1.026441,0.809557,23.069623,830.64177
49.98,1.026441,0.809557,23.069617,830.641742
49.99,1.026441,0.809557,23.069612,830.641715
50,1.026441,0.809557,23.069606,830.641688
