Count,MAD,Mean_Distance,Max_Distance
304,0.267209173022444,0.32501488241347704,1.104732730068558
