Reference_Mode,Reference_Frequency,Reference_Damping,Count,MAD,Mean_Distance,Max_Distance
Mode 1,0.6062,-0.08,233,0.27157248202142314,0.35636439005686404,1.104732730068558
Mode 3,1.0312,-0.2558,13,0.10080562501288481,0.1198128932585992,0.40200324070672255
Mode 4,1.1211,-0.3373,54,0.24778268597245873,0.24315973301895127,0.814693902668806
Mode 5,1.3155,-0.4033,1,0.07115553897551491,0.07115553897551491,0.07115553897551491
Mode 7,1.4953,-0.7033,3,0.20879043400987898,0.33742421202901185,0.6166715151683392
