Count,MAD,Mean_Distance,Max_Distance
358,0.27596915938326716,0.3399899153777635,1.4887484847974062
