Reference_Mode,Reference_Frequency,Reference_Damping,Count,MAD,Mean_Distance,Max_Distance
Mode 1,0.6062,-0.08,261,0.29167247489488196,0.3809719291922991,1.004003048664992
Mode 3,1.0312,-0.2558,24,0.2181940769035106,0.19985143927615856,0.36090422644852915
Mode 4,1.1211,-0.3373,70,0.22685741900411424,0.21616107918663868,0.5371083667285297
Mode 5,1.3155,-0.4033,1,0.2809532028399914,0.2809532028399914,0.2809532028399914
Mode 7,1.4953,-0.7033,2,1.0370264487583838,1.0370264487583838,1.4887484847974062
