k,Cost,k_selected_by_max_chord
1,139.99821869315306,False
2,17.449074185886104,True
3,14.086755490884096,False
4,11.763507065093997,False
5,10.101424125518928,False
6,8.618987748047296,False
7,7.248976157856002,False
8,6.190466075592893,False
9,5.205738102888663,False
10,4.324738591957255,False
