k,Cost,k_selected_by_max_chord
1,156.9758433055673,False
2,29.229768509982684,True
3,24.33846229302376,False
4,20.656431854690776,False
5,16.94911149802949,False
6,13.827144615548018,False
7,12.635900574413963,False
8,11.362956280077263,False
9,9.849754298499727,False
10,8.712314572773913,False
