k,Cost,k_selected_by_max_chord
1,139.9982186931421,False
2,17.449074185913254,True
3,14.086755490911385,False
4,11.763507065121894,False
5,10.101424125548716,False
6,8.61898774808121,False
7,7.2489761578913745,False
8,6.190466075627633,False
9,5.205738102922276,False
10,4.324738591966094,False
