k,Cost,k_selected_by_max_chord
1,157.37809913549336,False
2,31.562793146711705,True
3,24.362555038010033,False
4,21.049896009033304,False
5,17.29102637991732,False
6,15.099622409840453,False
7,12.966562488737523,False
8,11.279089008943874,False
9,10.319073209228387,False
10,9.219967193462285,False
