Count,MAD,Mean_Distance,Max_Distance
54,0.26166172190776177,0.3047646312857521,0.7382430017711966
