Count,MAD,Mean_Distance,Max_Distance
125,0.31324958549070536,0.35378921620623516,0.9610227912543372
