k,kmeans_silhouette,kmedoids_silhouette,kmeans_selected_by_silhouette,kmedoids_selected_by_silhouette
2,0.9317994174166976,0.9317994174166976,False,False
3,0.941104233854669,0.941104233854669,True,True
4,0.8849008745563502,0.7846311045976565,False,False
5,0.8802028415585003,0.7795686815140371,False,False
6,0.8039435899824098,0.7686050886033583,False,False
7,0.7993319991731382,0.7678394307764049,False,False
8,0.8056724607528987,0.7827650319430536,False,False
9,0.8151235297532095,0.7933745067044443,False,False
10,0.8273954154800345,0.8273954154800345,False,False
