Method,Selection_Criterion,k_opt,Silhouette,MAD_2D_overall
K-Means,Silhouette,3,0.9019210334505877,0.03076955744558178
K-Medoids,Silhouette,2,0.8919097701897556,0.029846739766755944
