k,kmeans_silhouette,kmedoids_silhouette,kmeans_selected_by_silhouette,kmedoids_selected_by_silhouette
2,0.8919097701897556,0.8919097701897556,False,True
3,0.9019210334505877,0.8674899611595677,True,False
4,0.887443423188242,0.887443423188242,False,False
5,0.7893900968628232,0.7893900968628232,False,False
6,0.7838743481984377,0.5140754589738968,False,False
7,0.7965751108775792,0.5221735142079937,False,False
8,0.526112374837487,0.4844779148434115,False,False
9,0.5283517738685486,0.4826373844104531,False,False
10,0.5086202818864918,0.48326219767451584,False,False
