Count,MAD,Mean_Distance,Max_Distance
114,0.2596775512819961,0.3136093182979736,0.7679931170523
