Count,MAD,Mean_Distance,Max_Distance
276,0.26885210320192166,0.3148321418510773,0.7472980395537339
