Reference_Mode,Reference_Frequency,Reference_Damping,Count,MAD,Mean_Distance,Max_Distance
Mode 1,0.6062,-0.08,214,0.273920875213052,0.3326140811513028,0.7472980395537339
Mode 3,1.0312,-0.2558,14,0.19957968728775183,0.20228866066996257,0.3767518354954687
Mode 4,1.1211,-0.3373,46,0.20851321888886126,0.2657719825833424,0.48776236128239747
Mode 7,1.4953,-0.7033,2,0.32835266815265585,0.32835266815265585,0.3347560177710541
