Count,MAD,Mean_Distance,Max_Distance
148,0.03687972907633958,0.08256908477058211,0.8322940148559025
