Reference_Mode,Reference_Frequency,Reference_Damping,Count,MAD,Mean_Distance,Max_Distance
Inter-area,0.54,-0.127,97,0.024353776524506248,0.03489362728572696,0.7484802292819005
Intra-area 1,1.083,-0.603,10,0.2680415503507666,0.26687360019907164,0.8219974236105261
Intra-area 2,1.119,-0.631,41,0.14884608062013122,0.1682693962069089,0.4441319935183467
