Count,MAD,Mean_Distance,Max_Distance
143,0.004872744348976487,0.06575378577257737,0.8237052110041967
