Count,MAD,Mean_Distance,Max_Distance
148,0.03673714362328104,0.08751664252155066,0.8219974236105261
