Count,MAD,Mean_Distance,Max_Distance
143,0.0048727443489079815,0.0657537857726572,0.823705211004237
