Reference_Mode,Reference_Frequency,Reference_Damping,Count,MAD,Mean_Distance,Max_Distance
Inter-area,0.54,-0.127,97,0.003585419713954971,0.012527021891411241,0.746474236998847
Intra-area 1,1.083,-0.603,5,0.10511382251278695,0.2720169081367142,0.823705211004237
Intra-area 2,1.119,-0.631,41,0.1572825084071254,0.16652648052047597,0.4488832306277949
