Reference_Mode,Reference_Frequency,Reference_Damping,Count,MAD,Mean_Distance,Max_Distance
Inter-area,0.54,-0.127,97,0.023681863733206864,0.033866163407825396,0.8322940148559025
Intra-area 1,1.083,-0.603,8,0.19306655242985354,0.25776989378710924,0.8208494945110603
Intra-area 2,1.119,-0.631,43,0.15962464109904584,0.15983831500442355,0.4582204003502585
