Count,MAD,Mean_Distance,Max_Distance
124,0.2559035005928795,0.2875176258838827,0.848775594422298
