Count,MAD,Mean_Distance,Max_Distance
126,0.2593226646719773,0.3157423571300529,1.0271776806318382
