Count,MAD,Mean_Distance,Max_Distance
112,0.28915151900916936,0.3390492038922996,0.8428738843090433
