Count,MAD,Mean_Distance,Max_Distance
145,0.28568371283341853,0.3713317797668812,1.4887484847974062
