Reference_Mode,Reference_Frequency,Reference_Damping,Count,MAD,Mean_Distance,Max_Distance
Mode 1,0.6062,-0.08,232,0.2854540632934423,0.3462902260608594,0.9610227912543372
Mode 2,0.9497,-0.1065,3,0.08676488271254923,0.08739111600752107,0.10051839052549631
Mode 3,1.0312,-0.2558,5,0.12949007251366793,0.11172993536487848,0.17231858296645738
Mode 4,1.1211,-0.3373,64,0.2479617454162734,0.2398600811529035,0.452190404980816
Mode 7,1.4953,-0.7033,5,0.5038001791465828,0.44158097815712727,0.7173175468408884
