Count,MAD,Mean_Distance,Max_Distance
309,0.2733628565862607,0.3194793060049767,0.9610227912543372
