Count,MAD,Mean_Distance,Max_Distance
112,0.28289073397357667,0.34146756629815783,0.7706973947990428
