Reference_Mode,Reference_Frequency,Reference_Damping,Count,MAD,Mean_Distance,Max_Distance
Mode 1,0.6062,-0.08,223,0.26701042678103,0.3399084791596351,1.5564368281132297
Mode 3,1.0312,-0.2558,6,0.11815193082267436,0.12872814252552037,0.22428859368281848
Mode 4,1.1211,-0.3373,35,0.2110000026537044,0.21424807593371573,0.35986598824380567
Mode 5,1.3155,-0.4033,4,0.14348762315142044,0.1629001935654503,0.33082019770919086
Mode 7,1.4953,-0.7033,6,0.36414998124918796,0.3479188890728175,0.3986643323425314
