Count,MAD,Mean_Distance,Max_Distance
274,0.2648418838395236,0.3168239287377026,1.5564368281132297
