Count,MAD,Mean_Distance,Max_Distance
55,0.25403310228849374,0.2811852061267234,0.6413602204297743
