Count,MAD,Mean_Distance,Max_Distance
53,0.26438895480543045,0.28939222235345735,0.811848047078808
