k,Cost,k_selected_by_max_chord
1,110.88385331869523,False
2,65.44006199034828,False
3,44.106515654018025,True
4,33.96625201560147,False
5,26.69878620361626,False
6,23.920200172145783,False
7,21.550878972775457,False
8,19.270451746968174,False
9,17.20835213800961,False
10,15.614529688543353,False
