Count,MAD,Mean_Distance,Max_Distance
54,0.2560654221953181,0.2663413196371767,0.6484637885406848
