Count,MAD,Mean_Distance,Max_Distance
67,0.2670367268545996,0.3000145004285025,0.8500494836440777
