Count,MAD,Mean_Distance,Max_Distance
114,0.2654849011279764,0.31463506523533086,0.8414387027154161
