Count,MAD,Mean_Distance,Max_Distance
57,0.26789356394336084,0.29869394012194317,0.6886232774638653
