Method,Reference_Mode,Reference_Frequency,Reference_Damping,Count,MAD,Mean_Distance,Max_Distance
Order 2,Mode 1,0.6062,-0.08,1,0.16582658307226716,0.16582658307226716,0.16582658307226716
Order 4,Mode 1,0.6062,-0.08,7,0.41638861583864417,0.38182391440303165,0.5228262476929526
Order 6,Mode 1,0.6062,-0.08,9,0.3368381680649394,0.35946715660496364,0.6886232774638653
Tau 0.01,Mode 1,0.6062,-0.08,11,0.2610092268579328,0.3188300758794221,0.5555055581106582
Tau 0.01,Mode 3,1.0312,-0.2558,5,0.0854877485386194,0.08678919643707379,0.09651957288421284
Tau 0.01,Mode 4,1.1211,-0.3373,7,0.1699501858400341,0.1516449838152631,0.18303386467067823
Tau 0.1,Mode 1,0.6062,-0.08,9,0.33229704892749523,0.36135887883391227,0.6886232774638653
Tau 0.1,Mode 4,1.1211,-0.3373,1,0.17405139291276767,0.17405139291276767,0.17405139291276767
Tau 1,Mode 1,0.6062,-0.08,7,0.3551198942158033,0.36041188394696677,0.6886232774638653
