Count,MAD,Mean_Distance,Max_Distance
55,0.2540331022882715,0.28118520612679954,0.6413602204296648
