Reference_Mode,Reference_Frequency,Reference_Damping,Count,MAD,Mean_Distance,Max_Distance
Mode 1,0.6062,-0.08,44,0.3277771086275255,0.3490009619351314,0.6886232774638653
Mode 3,1.0312,-0.2558,5,0.0854877485386194,0.08678919643707379,0.09651957288421284
Mode 4,1.1211,-0.3373,8,0.16995727214925058,0.15444578495245115,0.18303386467067823
