k,WCSS,k_selected_by_max_chord
1,222.00000000000003,False
2,95.98354218429719,False
3,41.93019846885564,True
4,22.21479370071446,False
5,17.563619444748294,False
6,12.941436033809744,False
7,9.238334234812896,False
8,7.2760318562198645,False
9,5.883599613416184,False
10,4.786583671420277,False
