k,kmeans_silhouette,kmedoids_silhouette,kmeans_selected_by_silhouette,kmedoids_selected_by_silhouette
2,0.36005519981519774,0.36191072029253113,False,False
3,0.4454016823007121,0.43140103994947765,False,False
4,0.514171781620309,0.47535298885556304,False,False
5,0.5611638152583382,0.5563925275204433,False,False
6,0.6576779717128336,0.6576779717128336,False,False
7,0.6883809727454958,0.6883809727454958,True,True
8,0.6578302498897812,0.6578302498897812,False,False
9,0.6558108278326891,0.629031091759206,False,False
10,0.6504879208171743,0.659621705132809,False,False
