k,Cost,k_selected_by_max_chord
1,67.12820740997049,False
2,49.5486749598962,False
3,40.012680633581645,False
4,31.796504044855375,False
5,24.02275838209996,False
6,17.15487906000766,True
7,14.598690418039768,False
8,12.22735709608821,False
9,10.306053087249653,False
10,8.832007120849084,False
