k,Cost,k_selected_by_max_chord
1,124.6218263663617,False
2,83.33523950936677,False
3,54.132782213234755,True
4,45.22816688752251,False
5,40.44959846204347,False
6,35.92088337537643,False
7,32.12559391721152,False
8,29.074687951233546,False
9,26.89194904290242,False
10,24.93143256564979,False
