Count,MAD,Mean_Distance,Max_Distance
114,0.2556567976593718,0.31261560738235167,1.0500510108208483
