Count,MAD,Mean_Distance,Max_Distance
109,0.28482680215302086,0.34008199928946004,0.7312161031070976
