Count,MAD,Mean_Distance,Max_Distance
55,0.27300696575539257,0.31211849761972066,0.673444281447612
