k,kmeans_silhouette,kmedoids_silhouette,kmeans_selected_by_silhouette,kmedoids_selected_by_silhouette
2,0.6918010332484911,0.689624334905674,False,False
3,0.7394354261269633,0.7404752354329269,False,False
4,0.7718708343187018,0.7718708343187018,True,True
5,0.7691038769274078,0.616574837759438,False,False
6,0.6311485378362152,0.6311485378362152,False,False
7,0.6300441710259996,0.6016261180654525,False,False
8,0.6279123659466674,0.5901619812335364,False,False
9,0.6475321805709885,0.5873213053723911,False,False
10,0.6373776399902373,0.5924698525262038,False,False
