Count,MAD,Mean_Distance,Max_Distance
114,0.25967755128210146,0.3136093182980353,0.7679931170538514
