Count,MAD,Mean_Distance,Max_Distance
113,0.26438857755909834,0.31790773932027794,0.7440953004340385
