Count,MAD,Mean_Distance,Max_Distance
146,0.27485961806329356,0.32720760349542394,0.9106102976796325
