Count,MAD,Mean_Distance,Max_Distance
60,0.2698474601524315,0.31405446533594944,0.7357764952215832
