ModeIndex,StateIndex,Generator,Area,StateVariable,StateDescription,ModelName,RealPart,ImagPart,ParticipationMagnitude
1,153,g1,area_1,psi1d,Flux in 1d-damper winding,Grid\G 01.ElmSym,-0.00011756822864675815,-0.0,0.00011756822864675815
5,153,g1,area_1,psi1d,Flux in 1d-damper winding,Grid\G 01.ElmSym,-3.536329228262042e-07,-1.9527332158863313e-06,1.9844957184464716e-06
6,153,g1,area_1,psi1d,Flux in 1d-damper winding,Grid\G 01.ElmSym,-3.536329228262042e-07,1.9527332158863313e-06,1.9844957184464716e-06
7,153,g1,area_1,psi1d,Flux in 1d-damper winding,Grid\G 01.ElmSym,-1.144468118738128e-09,-9.313960455896421e-09,9.384011223821626e-09
8,153,g1,area_1,psi1d,Flux in 1d-damper winding,Grid\G 01.ElmSym,-1.144468118738128e-09,9.313960455896421e-09,9.384011223821626e-09
9,153,g1,area_1,psi1d,Flux in 1d-damper winding,Grid\G 01.ElmSym,-2.219127052200575e-06,-1.268783953834111e-05,1.288044242347678e-05
10,153,g1,area_1,psi1d,Flux in 1d-damper winding,Grid\G 01.ElmSym,-2.219127052200575e-06,1.268783953834111e-05,1.288044242347678e-05
11,153,g1,area_1,psi1d,Flux in 1d-damper winding,Grid\G 01.ElmSym,-1.0360521431463844e-05,-1.5098019757871188e-05,1.831094221881797e-05
12,153,g1,area_1,psi1d,Flux in 1d-damper winding,Grid\G 01.ElmSym,-1.0360521431463844e-05,1.5098019757871188e-05,1.831094221881797e-05
13,153,g1,area_1,psi1d,Flux in 1d-damper winding,Grid\G 01.ElmSym,0.023095329415105028,0.0,0.023095329415105028
14,153,g1,area_1,psi1d,Flux in 1d-damper winding,Grid\G 01.ElmSym,1.4038106374965169e-05,0.00010474144302942294,0.0001056779935392449
15,153,g1,area_1,psi1d,Flux in 1d-damper winding,Grid\G 01.ElmSym,1.4038106374965169e-05,-0.00010474144302942294,0.0001056779935392449
19,153,g1,area_1,psi1d,Flux in 1d-damper winding,Grid\G 01.ElmSym,1.3672479062785084e-07,0.0,1.3672479062785084e-07
20,153,g1,area_1,psi1d,Flux in 1d-damper winding,Grid\G 01.ElmSym,2.438580015046151e-10,0.0,2.438580015046151e-10
21,153,g1,area_1,psi1d,Flux in 1d-damper winding,Grid\G 01.ElmSym,-0.003779100722910996,-0.0,0.003779100722910996
22,153,g1,area_1,psi1d,Flux in 1d-damper winding,Grid\G 01.ElmSym,1.2619790793197488e-05,2.8444810343140053e-05,3.1118585365039965e-05
23,153,g1,area_1,psi1d,Flux in 1d-damper winding,Grid\G 01.ElmSym,1.2619790793197488e-05,-2.8444810343140053e-05,3.1118585365039965e-05
24,153,g1,area_1,psi1d,Flux in 1d-damper winding,Grid\G 01.ElmSym,-1.4565381247040143e-05,-0.0001149751659469752,0.00011589408576543548
25,153,g1,area_1,psi1d,Flux in 1d-damper winding,Grid\G 01.ElmSym,-1.4565381247040143e-05,0.0001149751659469752,0.00011589408576543548
26,153,g1,area_1,psi1d,Flux in 1d-damper winding,Grid\G 01.ElmSym,0.009596648529652268,0.0,0.009596648529652268
27,153,g1,area_1,psi1d,Flux in 1d-damper winding,Grid\G 01.ElmSym,-1.5120489607440275e-05,5.377652460307079e-06,1.604831305628589e-05
28,153,g1,area_1,psi1d,Flux in 1d-damper winding,Grid\G 01.ElmSym,-1.5120489607440275e-05,-5.377652460307079e-06,1.604831305628589e-05
29,153,g1,area_1,psi1d,Flux in 1d-damper winding,Grid\G 01.ElmSym,6.392342441480737e-08,8.046396493605737e-08,1.0276504192645795e-07
30,153,g1,area_1,psi1d,Flux in 1d-damper winding,Grid\G 01.ElmSym,6.392342441480737e-08,-8.046396493605737e-08,1.0276504192645795e-07
31,153,g1,area_1,psi1d,Flux in 1d-damper winding,Grid\G 01.ElmSym,3.5400390749850055e-07,4.577681168664994e-07,5.786798902188567e-07
32,153,g1,area_1,psi1d,Flux in 1d-damper winding,Grid\G 01.ElmSym,3.5400390749850055e-07,-4.577681168664994e-07,5.786798902188567e-07
33,153,g1,area_1,psi1d,Flux in 1d-damper winding,Grid\G 01.ElmSym,-2.3707533965987017e-09,5.299801799013797e-09,5.8058910406856725e-09
34,153,g1,area_1,psi1d,Flux in 1d-damper winding,Grid\G 01.ElmSym,-2.3707533965987017e-09,-5.299801799013797e-09,5.8058910406856725e-09
35,153,g1,area_1,psi1d,Flux in 1d-damper winding,Grid\G 01.ElmSym,-1.6230895150870936e-06,-8.32971399595124e-06,8.486374657551458e-06
36,153,g1,area_1,psi1d,Flux in 1d-damper winding,Grid\G 01.ElmSym,-1.6230895150870936e-06,8.32971399595124e-06,8.486374657551458e-06
37,153,g1,area_1,psi1d,Flux in 1d-damper winding,Grid\G 01.ElmSym,3.146239275103155e-05,-3.853992919461645e-05,4.975146530451352e-05
38,153,g1,area_1,psi1d,Flux in 1d-damper winding,Grid\G 01.ElmSym,3.146239275103155e-05,3.853992919461645e-05,4.975146530451352e-05
39,153,g1,area_1,psi1d,Flux in 1d-damper winding,Grid\G 01.ElmSym,-0.0002273792480451703,-0.00031318201165405366,0.0003870197603033557
40,153,g1,area_1,psi1d,Flux in 1d-damper winding,Grid\G 01.ElmSym,-0.0002273792480451703,0.00031318201165405366,0.0003870197603033557
41,153,g1,area_1,psi1d,Flux in 1d-damper winding,Grid\G 01.ElmSym,-4.37425399919703e-06,-3.966173203808508e-06,5.904627670912016e-06
42,153,g1,area_1,psi1d,Flux in 1d-damper winding,Grid\G 01.ElmSym,-4.37425399919703e-06,3.966173203808508e-06,5.904627670912016e-06
43,153,g1,area_1,psi1d,Flux in 1d-damper winding,Grid\G 01.ElmSym,-1.176681852006454e-05,1.2698075125401294e-06,1.1835135369020382e-05
44,153,g1,area_1,psi1d,Flux in 1d-damper winding,Grid\G 01.ElmSym,-1.176681852006454e-05,-1.2698075125401294e-06,1.1835135369020382e-05
45,153,g1,area_1,psi1d,Flux in 1d-damper winding,Grid\G 01.ElmSym,0.0001494281786703744,-0.00010690415110513365,0.0001837315381317388
46,153,g1,area_1,psi1d,Flux in 1d-damper winding,Grid\G 01.ElmSym,0.0001494281786703744,0.00010690415110513365,0.0001837315381317388
47,153,g1,area_1,psi1d,Flux in 1d-damper winding,Grid\G 01.ElmSym,5.498688266801789e-06,-1.044066828091537e-06,5.5969320343367385e-06
48,153,g1,area_1,psi1d,Flux in 1d-damper winding,Grid\G 01.ElmSym,5.498688266801789e-06,1.044066828091537e-06,5.5969320343367385e-06
49,153,g1,area_1,psi1d,Flux in 1d-damper winding,Grid\G 01.ElmSym,3.6067958079325475e-05,-1.185899742131893e-05,3.796753112661961e-05
50,153,g1,area_1,psi1d,Flux in 1d-damper winding,Grid\G 01.ElmSym,3.6067958079325475e-05,1.185899742131893e-05,3.796753112661961e-05
51,153,g1,area_1,psi1d,Flux in 1d-damper winding,Grid\G 01.ElmSym,5.067277016842059e-07,0.0,5.067277016842059e-07
53,153,g1,area_1,psi1d,Flux in 1d-damper winding,Grid\G 01.ElmSym,1.619445211187021e-16,0.0,1.619445211187021e-16
57,153,g1,area_1,psi1d,Flux in 1d-damper winding,Grid\G 01.ElmSym,-6.695368221137408e-06,0.0,6.695368221137408e-06
58,153,g1,area_1,psi1d,Flux in 1d-damper winding,Grid\G 01.ElmSym,-6.735035355878397e-06,0.0,6.735035355878397e-06
59,153,g1,area_1,psi1d,Flux in 1d-damper winding,Grid\G 01.ElmSym,-3.098683431172414e-07,0.0,3.098683431172414e-07
60,153,g1,area_1,psi1d,Flux in 1d-damper winding,Grid\G 01.ElmSym,3.953824225784008e-06,1.1414479143555886e-06,4.115292134172644e-06
61,153,g1,area_1,psi1d,Flux in 1d-damper winding,Grid\G 01.ElmSym,3.953824225784008e-06,-1.1414479143555886e-06,4.115292134172644e-06
62,153,g1,area_1,psi1d,Flux in 1d-damper winding,Grid\G 01.ElmSym,-9.55475426633608e-07,0.0,9.55475426633608e-07
63,153,g1,area_1,psi1d,Flux in 1d-damper winding,Grid\G 01.ElmSym,2.1140694065192803e-06,0.0,2.1140694065192803e-06
64,153,g1,area_1,psi1d,Flux in 1d-damper winding,Grid\G 01.ElmSym,3.1033828018166306e-05,0.0,3.1033828018166306e-05
65,153,g1,area_1,psi1d,Flux in 1d-damper winding,Grid\G 01.ElmSym,5.947670476913597e-06,-6.257995753774307e-06,8.63349841930876e-06
66,153,g1,area_1,psi1d,Flux in 1d-damper winding,Grid\G 01.ElmSym,5.947670476913597e-06,6.257995753774307e-06,8.63349841930876e-06
67,153,g1,area_1,psi1d,Flux in 1d-damper winding,Grid\G 01.ElmSym,-5.5433618507232124e-06,-0.0,5.5433618507232124e-06
68,153,g1,area_1,psi1d,Flux in 1d-damper winding,Grid\G 01.ElmSym,2.3526296216834113e-07,-2.2352460630465423e-07,3.245179671325965e-07
69,153,g1,area_1,psi1d,Flux in 1d-damper winding,Grid\G 01.ElmSym,2.3526296216834113e-07,2.2352460630465423e-07,3.245179671325965e-07
70,153,g1,area_1,psi1d,Flux in 1d-damper winding,Grid\G 01.ElmSym,-1.756109522509849e-07,-2.469517526911006e-07,3.030253697427069e-07
71,153,g1,area_1,psi1d,Flux in 1d-damper winding,Grid\G 01.ElmSym,-1.756109522509849e-07,2.469517526911006e-07,3.030253697427069e-07
72,153,g1,area_1,psi1d,Flux in 1d-damper winding,Grid\G 01.ElmSym,-3.5679532746847334e-07,-9.849650459650812e-07,1.0475967962323718e-06
73,153,g1,area_1,psi1d,Flux in 1d-damper winding,Grid\G 01.ElmSym,-3.5679532746847334e-07,9.849650459650812e-07,1.0475967962323718e-06
74,153,g1,area_1,psi1d,Flux in 1d-damper winding,Grid\G 01.ElmSym,-2.427825630962039e-06,0.0,2.427825630962039e-06
75,153,g1,area_1,psi1d,Flux in 1d-damper winding,Grid\G 01.ElmSym,6.972609160046142e-05,-8.123232420407867e-05,0.00010705334345770095
76,153,g1,area_1,psi1d,Flux in 1d-damper winding,Grid\G 01.ElmSym,6.972609160046142e-05,8.123232420407867e-05,0.00010705334345770095
77,153,g1,area_1,psi1d,Flux in 1d-damper winding,Grid\G 01.ElmSym,3.6994540414953483e-07,0.0,3.6994540414953483e-07
78,153,g1,area_1,psi1d,Flux in 1d-damper winding,Grid\G 01.ElmSym,7.714511511586259e-08,-0.0,7.714511511586259e-08
79,153,g1,area_1,psi1d,Flux in 1d-damper winding,Grid\G 01.ElmSym,5.277059345680277e-10,0.0,5.277059345680277e-10
91,153,g1,area_1,psi1d,Flux in 1d-damper winding,Grid\G 01.ElmSym,1.5338475262766473e-05,0.0,1.5338475262766473e-05
92,153,g1,area_1,psi1d,Flux in 1d-damper winding,Grid\G 01.ElmSym,6.407993231284026e-05,0.0,6.407993231284026e-05
93,153,g1,area_1,psi1d,Flux in 1d-damper winding,Grid\G 01.ElmSym,3.6263270835118894e-05,-0.0,3.6263270835118894e-05
94,153,g1,area_1,psi1d,Flux in 1d-damper winding,Grid\G 01.ElmSym,6.697501161643708e-05,-6.628559198538215e-06,6.730222862632713e-05
95,153,g1,area_1,psi1d,Flux in 1d-damper winding,Grid\G 01.ElmSym,6.697501161643708e-05,6.628559198538215e-06,6.730222862632713e-05
96,153,g1,area_1,psi1d,Flux in 1d-damper winding,Grid\G 01.ElmSym,-2.8495984611224127e-08,0.0,2.8495984611224127e-08
97,153,g1,area_1,psi1d,Flux in 1d-damper winding,Grid\G 01.ElmSym,-5.5762211355804816e-08,0.0,5.5762211355804816e-08
98,153,g1,area_1,psi1d,Flux in 1d-damper winding,Grid\G 01.ElmSym,-8.84992176513863e-06,0.0,8.84992176513863e-06
99,153,g1,area_1,psi1d,Flux in 1d-damper winding,Grid\G 01.ElmSym,-1.5558656918620147e-05,-0.0,1.5558656918620147e-05
100,153,g1,area_1,psi1d,Flux in 1d-damper winding,Grid\G 01.ElmSym,7.005777469795147e-05,0.0,7.005777469795147e-05
101,153,g1,area_1,psi1d,Flux in 1d-damper winding,Grid\G 01.ElmSym,1.9244325312541872e-05,0.0,1.9244325312541872e-05
102,153,g1,area_1,psi1d,Flux in 1d-damper winding,Grid\G 01.ElmSym,-2.108312763001091e-07,3.616551685139008e-08,2.139106628372254e-07
103,153,g1,area_1,psi1d,Flux in 1d-damper winding,Grid\G 01.ElmSym,-2.108312763001091e-07,-3.616551685139008e-08,2.139106628372254e-07
104,153,g1,area_1,psi1d,Flux in 1d-damper winding,Grid\G 01.ElmSym,5.168954071430972e-06,-2.5520996148863886e-05,2.603918836336663e-05
105,153,g1,area_1,psi1d,Flux in 1d-damper winding,Grid\G 01.ElmSym,5.168954071430972e-06,2.5520996148863886e-05,2.603918836336663e-05
106,153,g1,area_1,psi1d,Flux in 1d-damper winding,Grid\G 01.ElmSym,0.00012105950005793996,-0.00012779500387053667,0.00017603114942688083
107,153,g1,area_1,psi1d,Flux in 1d-damper winding,Grid\G 01.ElmSym,0.00012105950005793996,0.00012779500387053667,0.00017603114942688083
108,153,g1,area_1,psi1d,Flux in 1d-damper winding,Grid\G 01.ElmSym,1.0113302656202647e-05,0.0,1.0113302656202647e-05
112,153,g1,area_1,psi1d,Flux in 1d-damper winding,Grid\G 01.ElmSym,4.1505922952484355e-07,0.0,4.1505922952484355e-07
113,153,g1,area_1,psi1d,Flux in 1d-damper winding,Grid\G 01.ElmSym,3.765326001792361e-07,-0.0,3.765326001792361e-07
114,153,g1,area_1,psi1d,Flux in 1d-damper winding,Grid\G 01.ElmSym,8.73061590760604e-06,0.0,8.73061590760604e-06
115,153,g1,area_1,psi1d,Flux in 1d-damper winding,Grid\G 01.ElmSym,7.489430279930737e-07,-0.0,7.489430279930737e-07
116,153,g1,area_1,psi1d,Flux in 1d-damper winding,Grid\G 01.ElmSym,-5.6250378556200716e-08,-0.0,5.6250378556200716e-08
117,153,g1,area_1,psi1d,Flux in 1d-damper winding,Grid\G 01.ElmSym,5.609183623266205e-07,0.0,5.609183623266205e-07
118,153,g1,area_1,psi1d,Flux in 1d-damper winding,Grid\G 01.ElmSym,7.718227118079281e-05,-0.0,7.718227118079281e-05
119,153,g1,area_1,psi1d,Flux in 1d-damper winding,Grid\G 01.ElmSym,6.696727776655314e-07,0.0,6.696727776655314e-07
120,153,g1,area_1,psi1d,Flux in 1d-damper winding,Grid\G 01.ElmSym,2.5998288741794967e-05,0.0,2.5998288741794967e-05
121,153,g1,area_1,psi1d,Flux in 1d-damper winding,Grid\G 01.ElmSym,0.0001143297567462607,0.0,0.0001143297567462607
122,153,g1,area_1,psi1d,Flux in 1d-damper winding,Grid\G 01.ElmSym,-0.0008950794863406476,0.0,0.0008950794863406476
123,153,g1,area_1,psi1d,Flux in 1d-damper winding,Grid\G 01.ElmSym,0.00010250345819989315,0.0,0.00010250345819989315
124,153,g1,area_1,psi1d,Flux in 1d-damper winding,Grid\G 01.ElmSym,-0.02450665192907969,-0.0,0.02450665192907969
125,153,g1,area_1,psi1d,Flux in 1d-damper winding,Grid\G 01.ElmSym,-0.004884849145473338,0.0,0.004884849145473338
126,153,g1,area_1,psi1d,Flux in 1d-damper winding,Grid\G 01.ElmSym,-0.00015120619955329346,0.0,0.00015120619955329346
127,153,g1,area_1,psi1d,Flux in 1d-damper winding,Grid\G 01.ElmSym,-0.0003161329271884072,-0.0,0.0003161329271884072
128,153,g1,area_1,psi1d,Flux in 1d-damper winding,Grid\G 01.ElmSym,-0.0089587736421753,0.0,0.0089587736421753
129,153,g1,area_1,psi1d,Flux in 1d-damper winding,Grid\G 01.ElmSym,-0.00021489069945182583,0.0,0.00021489069945182583
130,153,g1,area_1,psi1d,Flux in 1d-damper winding,Grid\G 01.ElmSym,-0.000957043003437773,-0.0,0.000957043003437773
131,153,g1,area_1,psi1d,Flux in 1d-damper winding,Grid\G 01.ElmSym,1.7997900993763444e-05,0.0,1.7997900993763444e-05
132,153,g1,area_1,psi1d,Flux in 1d-damper winding,Grid\G 01.ElmSym,0.6442869759794481,-0.16566118136457283,0.6652438157757258
133,153,g1,area_1,psi1d,Flux in 1d-damper winding,Grid\G 01.ElmSym,0.6442869759794481,0.16566118136457283,0.6652438157757258
134,153,g1,area_1,psi1d,Flux in 1d-damper winding,Grid\G 01.ElmSym,0.0007589917582833703,0.0,0.0007589917582833703
135,153,g1,area_1,psi1d,Flux in 1d-damper winding,Grid\G 01.ElmSym,-0.0001326064188212232,-0.0,0.0001326064188212232
136,153,g1,area_1,psi1d,Flux in 1d-damper winding,Grid\G 01.ElmSym,6.005370913477383e-05,0.0,6.005370913477383e-05
140,153,g1,area_1,psi1d,Flux in 1d-damper winding,Grid\G 01.ElmSym,1.0,0.0,1.0
141,153,g1,area_1,psi1d,Flux in 1d-damper winding,Grid\G 01.ElmSym,0.12126811865579809,0.0,0.12126811865579809
142,153,g1,area_1,psi1d,Flux in 1d-damper winding,Grid\G 01.ElmSym,0.14162703886773764,0.0,0.14162703886773764
143,153,g1,area_1,psi1d,Flux in 1d-damper winding,Grid\G 01.ElmSym,-1.981859396652023e-05,0.0,1.981859396652023e-05
144,153,g1,area_1,psi1d,Flux in 1d-damper winding,Grid\G 01.ElmSym,-0.0003062399903820673,0.0,0.0003062399903820673
145,153,g1,area_1,psi1d,Flux in 1d-damper winding,Grid\G 01.ElmSym,0.05073338663237357,0.0,0.05073338663237357
146,153,g1,area_1,psi1d,Flux in 1d-damper winding,Grid\G 01.ElmSym,-0.0029633097818532912,-0.00820201850678567,0.008720912363329999
147,153,g1,area_1,psi1d,Flux in 1d-damper winding,Grid\G 01.ElmSym,-0.0029633097818532912,0.00820201850678567,0.008720912363329999
148,153,g1,area_1,psi1d,Flux in 1d-damper winding,Grid\G 01.ElmSym,0.002990305153036788,-0.0012121434580443038,0.003226641701701317
149,153,g1,area_1,psi1d,Flux in 1d-damper winding,Grid\G 01.ElmSym,0.002990305153036788,0.0012121434580443038,0.003226641701701317
150,153,g1,area_1,psi1d,Flux in 1d-damper winding,Grid\G 01.ElmSym,0.0079130209201867,0.0,0.0079130209201867
151,153,g1,area_1,psi1d,Flux in 1d-damper winding,Grid\G 01.ElmSym,0.00016086431661151292,0.0,0.00016086431661151292
152,153,g1,area_1,psi1d,Flux in 1d-damper winding,Grid\G 01.ElmSym,-6.05482917306285e-06,0.0,6.05482917306285e-06
153,153,g1,area_1,psi1d,Flux in 1d-damper winding,Grid\G 01.ElmSym,0.00019483585624858652,-0.0003031076290521935,0.0003603265819638651
154,153,g1,area_1,psi1d,Flux in 1d-damper winding,Grid\G 01.ElmSym,0.00019483585624858652,0.0003031076290521935,0.0003603265819638651
155,153,g1,area_1,psi1d,Flux in 1d-damper winding,Grid\G 01.ElmSym,-1.0382270143140908e-05,-0.0,1.0382270143140908e-05
156,153,g1,area_1,psi1d,Flux in 1d-damper winding,Grid\G 01.ElmSym,3.812573765860494e-09,0.0,3.812573765860494e-09
157,153,g1,area_1,psi1d,Flux in 1d-damper winding,Grid\G 01.ElmSym,-8.809480318321429e-05,-0.0,8.809480318321429e-05
158,153,g1,area_1,psi1d,Flux in 1d-damper winding,Grid\G 01.ElmSym,0.000311041344690954,0.0,0.000311041344690954
159,153,g1,area_1,psi1d,Flux in 1d-damper winding,Grid\G 01.ElmSym,4.536872979757414e-06,-2.4062200974819405e-05,2.448617430688291e-05
160,153,g1,area_1,psi1d,Flux in 1d-damper winding,Grid\G 01.ElmSym,4.536872979757414e-06,2.4062200974819405e-05,2.448617430688291e-05
161,153,g1,area_1,psi1d,Flux in 1d-damper winding,Grid\G 01.ElmSym,0.000776908733938848,0.0,0.000776908733938848
162,153,g1,area_1,psi1d,Flux in 1d-damper winding,Grid\G 01.ElmSym,2.4609390359050955e-05,0.0,2.4609390359050955e-05
163,153,g1,area_1,psi1d,Flux in 1d-damper winding,Grid\G 01.ElmSym,-0.0012042922221680438,-0.0020774472923947686,0.0024012719564957237
164,153,g1,area_1,psi1d,Flux in 1d-damper winding,Grid\G 01.ElmSym,-0.0012042922221680438,0.0020774472923947686,0.0024012719564957237
165,153,g1,area_1,psi1d,Flux in 1d-damper winding,Grid\G 01.ElmSym,-3.778645852717578e-07,0.0,3.778645852717578e-07
166,153,g1,area_1,psi1d,Flux in 1d-damper winding,Grid\G 01.ElmSym,-0.00015580102166144898,0.0,0.00015580102166144898
170,153,g1,area_1,psi1d,Flux in 1d-damper winding,Grid\G 01.ElmSym,0.0002960058214181808,0.0,0.0002960058214181808
171,153,g1,area_1,psi1d,Flux in 1d-damper winding,Grid\G 01.ElmSym,4.8406636526071527e-05,0.0,4.8406636526071527e-05
172,153,g1,area_1,psi1d,Flux in 1d-damper winding,Grid\G 01.ElmSym,7.295674631488233e-05,0.0,7.295674631488233e-05
173,153,g1,area_1,psi1d,Flux in 1d-damper winding,Grid\G 01.ElmSym,-4.6241100467158e-08,0.0,4.6241100467158e-08
174,153,g1,area_1,psi1d,Flux in 1d-damper winding,Grid\G 01.ElmSym,2.8084185432414074e-07,0.0,2.8084185432414074e-07
1,154,g1,area_1,psifd,Field (excitation) flux,Grid\G 01.ElmSym,-0.003767801906124,-0.0,0.003767801906124
5,154,g1,area_1,psifd,Field (excitation) flux,Grid\G 01.ElmSym,-1.2578936418264294e-05,-6.94598986036356e-05,7.058970998270267e-05
6,154,g1,area_1,psifd,Field (excitation) flux,Grid\G 01.ElmSym,-1.2578936418264294e-05,6.94598986036356e-05,7.058970998270267e-05
7,154,g1,area_1,psifd,Field (excitation) flux,Grid\G 01.ElmSym,-4.0713946499655596e-08,-3.31340018108781e-07,3.3383204315928716e-07
8,154,g1,area_1,psifd,Field (excitation) flux,Grid\G 01.ElmSym,-4.0713946499655596e-08,3.31340018108781e-07,3.3383204315928716e-07
9,154,g1,area_1,psifd,Field (excitation) flux,Grid\G 01.ElmSym,-7.900404625424413e-05,-0.0004517049443098767,0.0004585618780912032
10,154,g1,area_1,psifd,Field (excitation) flux,Grid\G 01.ElmSym,-7.900404625424413e-05,0.0004517049443098767,0.0004585618780912032
11,154,g1,area_1,psifd,Field (excitation) flux,Grid\G 01.ElmSym,-0.0003082013828868438,-0.0004491309255871187,0.0005447078856892975
12,154,g1,area_1,psifd,Field (excitation) flux,Grid\G 01.ElmSym,-0.0003082013828868438,0.0004491309255871187,0.0005447078856892975
13,154,g1,area_1,psifd,Field (excitation) flux,Grid\G 01.ElmSym,1.0,0.0,1.0
14,154,g1,area_1,psifd,Field (excitation) flux,Grid\G 01.ElmSym,5.540515094095259e-06,4.133901997005967e-05,4.170865473247596e-05
15,154,g1,area_1,psifd,Field (excitation) flux,Grid\G 01.ElmSym,5.540515094095259e-06,-4.133901997005967e-05,4.170865473247596e-05
19,154,g1,area_1,psifd,Field (excitation) flux,Grid\G 01.ElmSym,7.159707249467897e-06,0.0,7.159707249467897e-06
20,154,g1,area_1,psifd,Field (excitation) flux,Grid\G 01.ElmSym,1.2769909771353702e-08,0.0,1.2769909771353702e-08
21,154,g1,area_1,psifd,Field (excitation) flux,Grid\G 01.ElmSym,-0.19897638986036625,-0.0,0.19897638986036625
22,154,g1,area_1,psifd,Field (excitation) flux,Grid\G 01.ElmSym,0.0004200706854350985,0.0009468327296909705,0.0010358337698569051
23,154,g1,area_1,psifd,Field (excitation) flux,Grid\G 01.ElmSym,0.0004200706854350985,-0.0009468327296909705,0.0010358337698569051
24,154,g1,area_1,psifd,Field (excitation) flux,Grid\G 01.ElmSym,-0.0002653360796051437,-0.002094491114204621,0.0021112309827734013
25,154,g1,area_1,psifd,Field (excitation) flux,Grid\G 01.ElmSym,-0.0002653360796051437,0.002094491114204621,0.0021112309827734013
26,154,g1,area_1,psifd,Field (excitation) flux,Grid\G 01.ElmSym,0.6707298501579937,0.0,0.6707298501579937
27,154,g1,area_1,psifd,Field (excitation) flux,Grid\G 01.ElmSym,-0.00044074367455447733,0.00015675194186092576,0.00046778858252094404
28,154,g1,area_1,psifd,Field (excitation) flux,Grid\G 01.ElmSym,-0.00044074367455447733,-0.00015675194186092576,0.00046778858252094404
29,154,g1,area_1,psifd,Field (excitation) flux,Grid\G 01.ElmSym,1.2147707308897955e-08,1.529099397388859e-08,1.9528985881815522e-08
30,154,g1,area_1,psifd,Field (excitation) flux,Grid\G 01.ElmSym,1.2147707308897955e-08,-1.529099397388859e-08,1.9528985881815522e-08
31,154,g1,area_1,psifd,Field (excitation) flux,Grid\G 01.ElmSym,6.726488905729594e-08,8.698130460842893e-08,1.0995595777980669e-07
32,154,g1,area_1,psifd,Field (excitation) flux,Grid\G 01.ElmSym,6.726488905729594e-08,-8.698130460842893e-08,1.0995595777980669e-07
33,154,g1,area_1,psifd,Field (excitation) flux,Grid\G 01.ElmSym,-4.5054845279921087e-10,1.0071977563811232e-09,1.1033771924319131e-09
34,154,g1,area_1,psifd,Field (excitation) flux,Grid\G 01.ElmSym,-4.5054845279921087e-10,-1.0071977563811232e-09,1.1033771924319131e-09
35,154,g1,area_1,psifd,Field (excitation) flux,Grid\G 01.ElmSym,-6.515118196037444e-07,-3.3435674790887495e-06,3.40645139966847e-06
36,154,g1,area_1,psifd,Field (excitation) flux,Grid\G 01.ElmSym,-6.515118196037444e-07,3.3435674790887495e-06,3.40645139966847e-06
37,154,g1,area_1,psifd,Field (excitation) flux,Grid\G 01.ElmSym,1.5073647483349508e-05,-1.846449863204755e-05,2.3835950960370235e-05
38,154,g1,area_1,psifd,Field (excitation) flux,Grid\G 01.ElmSym,1.5073647483349508e-05,1.846449863204755e-05,2.3835950960370235e-05
39,154,g1,area_1,psifd,Field (excitation) flux,Grid\G 01.ElmSym,-0.00027225220931898094,-0.00037498801450814234,0.0004633975361434553
40,154,g1,area_1,psifd,Field (excitation) flux,Grid\G 01.ElmSym,-0.00027225220931898094,0.00037498801450814234,0.0004633975361434553
41,154,g1,area_1,psifd,Field (excitation) flux,Grid\G 01.ElmSym,-1.052440171108782e-06,-9.542564306216388e-07,1.4206462082961516e-06
42,154,g1,area_1,psifd,Field (excitation) flux,Grid\G 01.ElmSym,-1.052440171108782e-06,9.542564306216388e-07,1.4206462082961516e-06
43,154,g1,area_1,psifd,Field (excitation) flux,Grid\G 01.ElmSym,-2.8873811742351916e-06,3.1158959859783487e-07,2.9041449900585463e-06
44,154,g1,area_1,psifd,Field (excitation) flux,Grid\G 01.ElmSym,-2.8873811742351916e-06,-3.1158959859783487e-07,2.9041449900585463e-06
45,154,g1,area_1,psifd,Field (excitation) flux,Grid\G 01.ElmSym,0.0009120354988843248,-0.0006524899295368758,0.001121406197313095
46,154,g1,area_1,psifd,Field (excitation) flux,Grid\G 01.ElmSym,0.0009120354988843248,0.0006524899295368758,0.001121406197313095
47,154,g1,area_1,psifd,Field (excitation) flux,Grid\G 01.ElmSym,0.05688424182588851,-0.010800931128694385,0.05790057928339719
48,154,g1,area_1,psifd,Field (excitation) flux,Grid\G 01.ElmSym,0.05688424182588851,0.010800931128694385,0.05790057928339719
49,154,g1,area_1,psifd,Field (excitation) flux,Grid\G 01.ElmSym,0.00101844606142617,-0.0003348609140803815,0.0010720840507223428
50,154,g1,area_1,psifd,Field (excitation) flux,Grid\G 01.ElmSym,0.00101844606142617,0.0003348609140803815,0.0010720840507223428
51,154,g1,area_1,psifd,Field (excitation) flux,Grid\G 01.ElmSym,0.00046584416024066013,0.0,0.00046584416024066013
52,154,g1,area_1,psifd,Field (excitation) flux,Grid\G 01.ElmSym,2.8164124589905956e-14,0.0,2.8164124589905956e-14
53,154,g1,area_1,psifd,Field (excitation) flux,Grid\G 01.ElmSym,6.301617918929123e-14,-0.0,6.301617918929123e-14
54,154,g1,area_1,psifd,Field (excitation) flux,Grid\G 01.ElmSym,-2.179306791484041e-14,-0.0,2.179306791484041e-14
55,154,g1,area_1,psifd,Field (excitation) flux,Grid\G 01.ElmSym,-1.0896672682883731e-15,-0.0,1.0896672682883731e-15
56,154,g1,area_1,psifd,Field (excitation) flux,Grid\G 01.ElmSym,5.55837454193229e-15,0.0,5.55837454193229e-15
57,154,g1,area_1,psifd,Field (excitation) flux,Grid\G 01.ElmSym,-0.0022977814364021788,0.0,0.0022977814364021788
58,154,g1,area_1,psifd,Field (excitation) flux,Grid\G 01.ElmSym,-0.0008234647203731575,0.0,0.0008234647203731575
59,154,g1,area_1,psifd,Field (excitation) flux,Grid\G 01.ElmSym,-3.2438551515137884e-05,0.0,3.2438551515137884e-05
60,154,g1,area_1,psifd,Field (excitation) flux,Grid\G 01.ElmSym,0.0003968383018509559,0.00011456509671344915,0.0004130445486880469
61,154,g1,area_1,psifd,Field (excitation) flux,Grid\G 01.ElmSym,0.0003968383018509559,-0.00011456509671344915,0.0004130445486880469
62,154,g1,area_1,psifd,Field (excitation) flux,Grid\G 01.ElmSym,-9.136381333227951e-05,0.0,9.136381333227951e-05
63,154,g1,area_1,psifd,Field (excitation) flux,Grid\G 01.ElmSym,0.0001645505845599047,0.0,0.0001645505845599047
64,154,g1,area_1,psifd,Field (excitation) flux,Grid\G 01.ElmSym,0.0011952143995783056,0.0,0.0011952143995783056
65,154,g1,area_1,psifd,Field (excitation) flux,Grid\G 01.ElmSym,0.000206917363826127,-0.0002177134714446176,0.00030035637349858275
66,154,g1,area_1,psifd,Field (excitation) flux,Grid\G 01.ElmSym,0.000206917363826127,0.0002177134714446176,0.00030035637349858275
67,154,g1,area_1,psifd,Field (excitation) flux,Grid\G 01.ElmSym,-0.0001752726563851866,-0.0,0.0001752726563851866
68,154,g1,area_1,psifd,Field (excitation) flux,Grid\G 01.ElmSym,5.575732318354019e-06,-5.2975330438783005e-06,7.6910758179152e-06
69,154,g1,area_1,psifd,Field (excitation) flux,Grid\G 01.ElmSym,5.575732318354019e-06,5.2975330438783005e-06,7.6910758179152e-06
70,154,g1,area_1,psifd,Field (excitation) flux,Grid\G 01.ElmSym,-4.031482371931504e-06,-5.669245301392507e-06,6.956521573498891e-06
71,154,g1,area_1,psifd,Field (excitation) flux,Grid\G 01.ElmSym,-4.031482371931504e-06,5.669245301392507e-06,6.956521573498891e-06
72,154,g1,area_1,psifd,Field (excitation) flux,Grid\G 01.ElmSym,-8.145221830962281e-06,-2.248560413315271e-05,2.3915414106982107e-05
73,154,g1,area_1,psifd,Field (excitation) flux,Grid\G 01.ElmSym,-8.145221830962281e-06,2.248560413315271e-05,2.3915414106982107e-05
74,154,g1,area_1,psifd,Field (excitation) flux,Grid\G 01.ElmSym,-5.542173688527062e-05,0.0,5.542173688527062e-05
75,154,g1,area_1,psifd,Field (excitation) flux,Grid\G 01.ElmSym,0.0013897024301789901,-0.0016190317890027123,0.002133667447904362
76,154,g1,area_1,psifd,Field (excitation) flux,Grid\G 01.ElmSym,0.0013897024301789901,0.0016190317890027123,0.002133667447904362
77,154,g1,area_1,psifd,Field (excitation) flux,Grid\G 01.ElmSym,7.024577285716808e-06,0.0,7.024577285716808e-06
78,154,g1,area_1,psifd,Field (excitation) flux,Grid\G 01.ElmSym,1.4614341395711981e-06,0.0,1.4614341395711981e-06
79,154,g1,area_1,psifd,Field (excitation) flux,Grid\G 01.ElmSym,9.994222494929202e-09,0.0,9.994222494929202e-09
81,154,g1,area_1,psifd,Field (excitation) flux,Grid\G 01.ElmSym,-1.1666032745141744e-15,-0.0,1.1666032745141744e-15
85,154,g1,area_1,psifd,Field (excitation) flux,Grid\G 01.ElmSym,1.9752993546242564e-16,0.0,1.9752993546242564e-16
91,154,g1,area_1,psifd,Field (excitation) flux,Grid\G 01.ElmSym,0.00011749823132442558,0.0,0.00011749823132442558
92,154,g1,area_1,psifd,Field (excitation) flux,Grid\G 01.ElmSym,0.00018689934377902085,0.0,0.00018689934377902085
93,154,g1,area_1,psifd,Field (excitation) flux,Grid\G 01.ElmSym,4.674021001170659e-05,0.0,4.674021001170659e-05
94,154,g1,area_1,psifd,Field (excitation) flux,Grid\G 01.ElmSym,6.133216502546928e-05,-6.07008288389131e-06,6.163181299401072e-05
95,154,g1,area_1,psifd,Field (excitation) flux,Grid\G 01.ElmSym,6.133216502546928e-05,6.07008288389131e-06,6.163181299401072e-05
96,154,g1,area_1,psifd,Field (excitation) flux,Grid\G 01.ElmSym,-2.5803698284316598e-08,0.0,2.5803698284316598e-08
97,154,g1,area_1,psifd,Field (excitation) flux,Grid\G 01.ElmSym,-5.030468120755437e-08,0.0,5.030468120755437e-08
98,154,g1,area_1,psifd,Field (excitation) flux,Grid\G 01.ElmSym,-7.882274644495136e-06,0.0,7.882274644495136e-06
99,154,g1,area_1,psifd,Field (excitation) flux,Grid\G 01.ElmSym,-1.3795213963572435e-05,0.0,1.3795213963572435e-05
100,154,g1,area_1,psifd,Field (excitation) flux,Grid\G 01.ElmSym,5.1438800013711356e-05,0.0,5.1438800013711356e-05
101,154,g1,area_1,psifd,Field (excitation) flux,Grid\G 01.ElmSym,5.6146340522521065e-06,0.0,5.6146340522521065e-06
102,154,g1,area_1,psifd,Field (excitation) flux,Grid\G 01.ElmSym,-5.417196707219071e-08,9.292535824826076e-09,5.496319894735195e-08
103,154,g1,area_1,psifd,Field (excitation) flux,Grid\G 01.ElmSym,-5.417196707219071e-08,-9.292535824826076e-09,5.496319894735195e-08
104,154,g1,area_1,psifd,Field (excitation) flux,Grid\G 01.ElmSym,1.31117151265976e-06,-6.473728128450894e-06,6.605174230609424e-06
105,154,g1,area_1,psifd,Field (excitation) flux,Grid\G 01.ElmSym,1.31117151265976e-06,6.473728128450894e-06,6.605174230609424e-06
106,154,g1,area_1,psifd,Field (excitation) flux,Grid\G 01.ElmSym,2.926757589693559e-05,-3.0895964177557843e-05,4.255762682932194e-05
107,154,g1,area_1,psifd,Field (excitation) flux,Grid\G 01.ElmSym,2.926757589693559e-05,3.0895964177557843e-05,4.255762682932194e-05
108,154,g1,area_1,psifd,Field (excitation) flux,Grid\G 01.ElmSym,1.6388632687674322e-06,0.0,1.6388632687674322e-06
112,154,g1,area_1,psifd,Field (excitation) flux,Grid\G 01.ElmSym,6.545751713041415e-08,0.0,6.545751713041415e-08
113,154,g1,area_1,psifd,Field (excitation) flux,Grid\G 01.ElmSym,5.9304684972385213e-08,0.0,5.9304684972385213e-08
114,154,g1,area_1,psifd,Field (excitation) flux,Grid\G 01.ElmSym,1.3713435823593391e-06,0.0,1.3713435823593391e-06
115,154,g1,area_1,psifd,Field (excitation) flux,Grid\G 01.ElmSym,1.174550158507378e-07,0.0,1.174550158507378e-07
116,154,g1,area_1,psifd,Field (excitation) flux,Grid\G 01.ElmSym,-8.788058498639676e-09,-0.0,8.788058498639676e-09
117,154,g1,area_1,psifd,Field (excitation) flux,Grid\G 01.ElmSym,8.732219188624763e-08,0.0,8.732219188624763e-08
118,154,g1,area_1,psifd,Field (excitation) flux,Grid\G 01.ElmSym,1.1890358119130172e-05,0.0,1.1890358119130172e-05
119,154,g1,area_1,psifd,Field (excitation) flux,Grid\G 01.ElmSym,1.0181988953507438e-07,0.0,1.0181988953507438e-07
120,154,g1,area_1,psifd,Field (excitation) flux,Grid\G 01.ElmSym,3.918042624819164e-06,0.0,3.918042624819164e-06
121,154,g1,area_1,psifd,Field (excitation) flux,Grid\G 01.ElmSym,1.6831609636614775e-05,-0.0,1.6831609636614775e-05
122,154,g1,area_1,psifd,Field (excitation) flux,Grid\G 01.ElmSym,-0.000131269764686578,0.0,0.000131269764686578
123,154,g1,area_1,psifd,Field (excitation) flux,Grid\G 01.ElmSym,1.4757094278337173e-05,0.0,1.4757094278337173e-05
124,154,g1,area_1,psifd,Field (excitation) flux,Grid\G 01.ElmSym,-0.0035113871631894987,-0.0,0.0035113871631894987
125,154,g1,area_1,psifd,Field (excitation) flux,Grid\G 01.ElmSym,-0.0006814369540450268,0.0,0.0006814369540450268
126,154,g1,area_1,psifd,Field (excitation) flux,Grid\G 01.ElmSym,-2.0665140224671453e-05,0.0,2.0665140224671453e-05
127,154,g1,area_1,psifd,Field (excitation) flux,Grid\G 01.ElmSym,-4.001376207550858e-05,-0.0,4.001376207550858e-05
128,154,g1,area_1,psifd,Field (excitation) flux,Grid\G 01.ElmSym,-0.0009302605352171846,0.0,0.0009302605352171846
129,154,g1,area_1,psifd,Field (excitation) flux,Grid\G 01.ElmSym,-9.912972853104301e-06,0.0,9.912972853104301e-06
130,154,g1,area_1,psifd,Field (excitation) flux,Grid\G 01.ElmSym,-3.1805949208151544e-05,-0.0,3.1805949208151544e-05
131,154,g1,area_1,psifd,Field (excitation) flux,Grid\G 01.ElmSym,5.86285155188212e-07,0.0,5.86285155188212e-07
132,154,g1,area_1,psifd,Field (excitation) flux,Grid\G 01.ElmSym,0.018039891183499242,-0.00463847600278312,0.018626678006045217
133,154,g1,area_1,psifd,Field (excitation) flux,Grid\G 01.ElmSym,0.018039891183499242,0.00463847600278312,0.018626678006045217
134,154,g1,area_1,psifd,Field (excitation) flux,Grid\G 01.ElmSym,1.8132254111063712e-05,0.0,1.8132254111063712e-05
135,154,g1,area_1,psifd,Field (excitation) flux,Grid\G 01.ElmSym,-3.1361232930368765e-06,-0.0,3.1361232930368765e-06
136,154,g1,area_1,psifd,Field (excitation) flux,Grid\G 01.ElmSym,1.4118277548756212e-06,0.0,1.4118277548756212e-06
140,154,g1,area_1,psifd,Field (excitation) flux,Grid\G 01.ElmSym,0.021742110914389677,0.0,0.021742110914389677
141,154,g1,area_1,psifd,Field (excitation) flux,Grid\G 01.ElmSym,0.0023965778363950396,-0.0,0.0023965778363950396
142,154,g1,area_1,psifd,Field (excitation) flux,Grid\G 01.ElmSym,0.0024960160529553512,0.0,0.0024960160529553512
143,154,g1,area_1,psifd,Field (excitation) flux,Grid\G 01.ElmSym,-3.311098473869185e-07,0.0,3.311098473869185e-07
144,154,g1,area_1,psifd,Field (excitation) flux,Grid\G 01.ElmSym,-4.852004583278677e-06,0.0,4.852004583278677e-06
145,154,g1,area_1,psifd,Field (excitation) flux,Grid\G 01.ElmSym,0.0007193057601872561,0.0,0.0007193057601872561
146,154,g1,area_1,psifd,Field (excitation) flux,Grid\G 01.ElmSym,-1.312590606874841e-05,-3.633063449241808e-05,3.8629061763745755e-05
147,154,g1,area_1,psifd,Field (excitation) flux,Grid\G 01.ElmSym,-1.312590606874841e-05,3.633063449241808e-05,3.8629061763745755e-05
148,154,g1,area_1,psifd,Field (excitation) flux,Grid\G 01.ElmSym,9.313939236723268e-06,-3.7754776899217704e-06,1.005005949696171e-05
149,154,g1,area_1,psifd,Field (excitation) flux,Grid\G 01.ElmSym,9.313939236723268e-06,3.7754776899217704e-06,1.005005949696171e-05
150,154,g1,area_1,psifd,Field (excitation) flux,Grid\G 01.ElmSym,1.1433078368147196e-05,0.0,1.1433078368147196e-05
151,154,g1,area_1,psifd,Field (excitation) flux,Grid\G 01.ElmSym,1.195029790843812e-07,0.0,1.195029790843812e-07
152,154,g1,area_1,psifd,Field (excitation) flux,Grid\G 01.ElmSym,-2.089030948686736e-09,0.0,2.089030948686736e-09
153,154,g1,area_1,psifd,Field (excitation) flux,Grid\G 01.ElmSym,3.3647138357394665e-07,-5.234510942154299e-07,6.222652489087726e-07
154,154,g1,area_1,psifd,Field (excitation) flux,Grid\G 01.ElmSym,3.3647138357394665e-07,5.234510942154299e-07,6.222652489087726e-07
155,154,g1,area_1,psifd,Field (excitation) flux,Grid\G 01.ElmSym,-2.962756358056935e-09,-0.0,2.962756358056935e-09
156,154,g1,area_1,psifd,Field (excitation) flux,Grid\G 01.ElmSym,1.0341859543733252e-12,0.0,1.0341859543733252e-12
157,154,g1,area_1,psifd,Field (excitation) flux,Grid\G 01.ElmSym,-2.368581067666031e-08,-0.0,2.368581067666031e-08
158,154,g1,area_1,psifd,Field (excitation) flux,Grid\G 01.ElmSym,8.105977805317326e-08,0.0,8.105977805317326e-08
159,154,g1,area_1,psifd,Field (excitation) flux,Grid\G 01.ElmSym,2.673677679442601e-09,-1.4180376452715851e-08,1.4430233146913731e-08
160,154,g1,area_1,psifd,Field (excitation) flux,Grid\G 01.ElmSym,2.673677679442601e-09,1.4180376452715851e-08,1.4430233146913731e-08
161,154,g1,area_1,psifd,Field (excitation) flux,Grid\G 01.ElmSym,3.472479798616034e-08,0.0,3.472479798616034e-08
162,154,g1,area_1,psifd,Field (excitation) flux,Grid\G 01.ElmSym,3.972616498542751e-09,0.0,3.972616498542751e-09
163,154,g1,area_1,psifd,Field (excitation) flux,Grid\G 01.ElmSym,-1.5011462002982278e-06,-2.589531076392237e-06,2.9931774271283924e-06
164,154,g1,area_1,psifd,Field (excitation) flux,Grid\G 01.ElmSym,-1.5011462002982278e-06,2.589531076392237e-06,2.9931774271283924e-06
165,154,g1,area_1,psifd,Field (excitation) flux,Grid\G 01.ElmSym,-1.6786828925806854e-10,0.0,1.6786828925806854e-10
166,154,g1,area_1,psifd,Field (excitation) flux,Grid\G 01.ElmSym,-1.0810391021465578e-07,0.0,1.0810391021465578e-07
170,154,g1,area_1,psifd,Field (excitation) flux,Grid\G 01.ElmSym,4.6719867324997684e-07,0.0,4.6719867324997684e-07
171,154,g1,area_1,psifd,Field (excitation) flux,Grid\G 01.ElmSym,7.980925258052245e-08,0.0,7.980925258052245e-08
172,154,g1,area_1,psifd,Field (excitation) flux,Grid\G 01.ElmSym,1.7945770445500974e-07,0.0,1.7945770445500974e-07
173,154,g1,area_1,psifd,Field (excitation) flux,Grid\G 01.ElmSym,-1.2065097377574027e-10,0.0,1.2065097377574027e-10
174,154,g1,area_1,psifd,Field (excitation) flux,Grid\G 01.ElmSym,8.634108288991975e-10,0.0,8.634108288991975e-10
1,155,g1,area_1,psi1q,Flux in 1q-damper winding,Grid\G 01.ElmSym,-1.8313658827339283e-06,-0.0,1.8313658827339283e-06
5,155,g1,area_1,psi1q,Flux in 1q-damper winding,Grid\G 01.ElmSym,1.3323961217146002e-07,-1.6706498859349365e-07,2.1369020722846717e-07
6,155,g1,area_1,psi1q,Flux in 1q-damper winding,Grid\G 01.ElmSym,1.3323961217146002e-07,1.6706498859349365e-07,2.1369020722846717e-07
7,155,g1,area_1,psi1q,Flux in 1q-damper winding,Grid\G 01.ElmSym,8.314358703992137e-10,-6.999129493970374e-10,1.0868135733970927e-09
8,155,g1,area_1,psi1q,Flux in 1q-damper winding,Grid\G 01.ElmSym,8.314358703992137e-10,6.999129493970374e-10,1.0868135733970927e-09
9,155,g1,area_1,psi1q,Flux in 1q-damper winding,Grid\G 01.ElmSym,9.885214710060434e-07,-1.0374687848288961e-06,1.4330094829184831e-06
10,155,g1,area_1,psi1q,Flux in 1q-damper winding,Grid\G 01.ElmSym,9.885214710060434e-07,1.0374687848288961e-06,1.4330094829184831e-06
11,155,g1,area_1,psi1q,Flux in 1q-damper winding,Grid\G 01.ElmSym,3.847359173182843e-06,-4.298613095294576e-05,4.315796133868322e-05
12,155,g1,area_1,psi1q,Flux in 1q-damper winding,Grid\G 01.ElmSym,3.847359173182843e-06,4.298613095294576e-05,4.315796133868322e-05
13,155,g1,area_1,psi1q,Flux in 1q-damper winding,Grid\G 01.ElmSym,0.0015701361326236625,0.0,0.0015701361326236625
14,155,g1,area_1,psi1q,Flux in 1q-damper winding,Grid\G 01.ElmSym,4.4309374166706474e-05,0.0007005205128267863,0.0007019204438753361
15,155,g1,area_1,psi1q,Flux in 1q-damper winding,Grid\G 01.ElmSym,4.4309374166706474e-05,-0.0007005205128267863,0.0007019204438753361
19,155,g1,area_1,psi1q,Flux in 1q-damper winding,Grid\G 01.ElmSym,4.016542098431726e-09,0.0,4.016542098431726e-09
20,155,g1,area_1,psi1q,Flux in 1q-damper winding,Grid\G 01.ElmSym,8.039791559722766e-12,0.0,8.039791559722766e-12
21,155,g1,area_1,psi1q,Flux in 1q-damper winding,Grid\G 01.ElmSym,0.0001173628933764258,0.0,0.0001173628933764258
22,155,g1,area_1,psi1q,Flux in 1q-damper winding,Grid\G 01.ElmSym,-5.710501029844473e-05,-8.280777759736318e-05,0.00010058881762800396
23,155,g1,area_1,psi1q,Flux in 1q-damper winding,Grid\G 01.ElmSym,-5.710501029844473e-05,8.280777759736318e-05,0.00010058881762800396
24,155,g1,area_1,psi1q,Flux in 1q-damper winding,Grid\G 01.ElmSym,7.734371151832116e-05,-0.0011144045742759008,0.001117085316741063
25,155,g1,area_1,psi1q,Flux in 1q-damper winding,Grid\G 01.ElmSym,7.734371151832116e-05,0.0011144045742759008,0.001117085316741063
26,155,g1,area_1,psi1q,Flux in 1q-damper winding,Grid\G 01.ElmSym,-0.005602307375331234,0.0,0.005602307375331234
27,155,g1,area_1,psi1q,Flux in 1q-damper winding,Grid\G 01.ElmSym,-8.855838631183682e-05,-0.0009944639926995895,0.00099839932920759
28,155,g1,area_1,psi1q,Flux in 1q-damper winding,Grid\G 01.ElmSym,-8.855838631183682e-05,0.0009944639926995895,0.00099839932920759
29,155,g1,area_1,psi1q,Flux in 1q-damper winding,Grid\G 01.ElmSym,-1.7584836370236464e-07,-1.761385654177241e-07,2.4889242906165905e-07
30,155,g1,area_1,psi1q,Flux in 1q-damper winding,Grid\G 01.ElmSym,-1.7584836370236464e-07,1.761385654177241e-07,2.4889242906165905e-07
31,155,g1,area_1,psi1q,Flux in 1q-damper winding,Grid\G 01.ElmSym,-1.1734014224220955e-06,-4.704597628165239e-07,1.2642006512304828e-06
32,155,g1,area_1,psi1q,Flux in 1q-damper winding,Grid\G 01.ElmSym,-1.1734014224220955e-06,4.704597628165239e-07,1.2642006512304828e-06
33,155,g1,area_1,psi1q,Flux in 1q-damper winding,Grid\G 01.ElmSym,2.5563982706912136e-09,-2.5919172075660447e-09,3.6404954236023962e-09
34,155,g1,area_1,psi1q,Flux in 1q-damper winding,Grid\G 01.ElmSym,2.5563982706912136e-09,2.5919172075660447e-09,3.6404954236023962e-09
35,155,g1,area_1,psi1q,Flux in 1q-damper winding,Grid\G 01.ElmSym,-7.768339816823945e-05,-0.0005764418987966604,0.0005816527942331787
36,155,g1,area_1,psi1q,Flux in 1q-damper winding,Grid\G 01.ElmSym,-7.768339816823945e-05,0.0005764418987966604,0.0005816527942331787
37,155,g1,area_1,psi1q,Flux in 1q-damper winding,Grid\G 01.ElmSym,0.00011444789523226072,0.0005370627357839542,0.0005491217559802561
38,155,g1,area_1,psi1q,Flux in 1q-damper winding,Grid\G 01.ElmSym,0.00011444789523226072,-0.0005370627357839542,0.0005491217559802561
39,155,g1,area_1,psi1q,Flux in 1q-damper winding,Grid\G 01.ElmSym,0.0007739446967166752,0.022342675360377155,0.022356075967234955
40,155,g1,area_1,psi1q,Flux in 1q-damper winding,Grid\G 01.ElmSym,0.0007739446967166752,-0.022342675360377155,0.022356075967234955
41,155,g1,area_1,psi1q,Flux in 1q-damper winding,Grid\G 01.ElmSym,-6.158747399141974e-06,-1.2688475805748418e-05,1.4104169163743783e-05
42,155,g1,area_1,psi1q,Flux in 1q-damper winding,Grid\G 01.ElmSym,-6.158747399141974e-06,1.2688475805748418e-05,1.4104169163743783e-05
43,155,g1,area_1,psi1q,Flux in 1q-damper winding,Grid\G 01.ElmSym,-7.261727305835421e-07,0.0002530522661767516,0.00025305330810725276
44,155,g1,area_1,psi1q,Flux in 1q-damper winding,Grid\G 01.ElmSym,-7.261727305835421e-07,-0.0002530522661767516,0.00025305330810725276
45,155,g1,area_1,psi1q,Flux in 1q-damper winding,Grid\G 01.ElmSym,-0.0013979573334950732,-0.002162703599499255,0.0025751837925786364
46,155,g1,area_1,psi1q,Flux in 1q-damper winding,Grid\G 01.ElmSym,-0.0013979573334950732,0.002162703599499255,0.0025751837925786364
47,155,g1,area_1,psi1q,Flux in 1q-damper winding,Grid\G 01.ElmSym,-0.02365216305877872,0.003241740295077489,0.0238732841791779
48,155,g1,area_1,psi1q,Flux in 1q-damper winding,Grid\G 01.ElmSym,-0.02365216305877872,-0.003241740295077489,0.0238732841791779
49,155,g1,area_1,psi1q,Flux in 1q-damper winding,Grid\G 01.ElmSym,-0.0009371019127659736,-0.0006354781847533564,0.0011322510844362513
50,155,g1,area_1,psi1q,Flux in 1q-damper winding,Grid\G 01.ElmSym,-0.0009371019127659736,0.0006354781847533564,0.0011322510844362513
51,155,g1,area_1,psi1q,Flux in 1q-damper winding,Grid\G 01.ElmSym,-0.00012293975729935967,-0.0,0.00012293975729935967
52,155,g1,area_1,psi1q,Flux in 1q-damper winding,Grid\G 01.ElmSym,5.22765549389488e-15,0.0,5.22765549389488e-15
53,155,g1,area_1,psi1q,Flux in 1q-damper winding,Grid\G 01.ElmSym,-3.809718836713794e-14,0.0,3.809718836713794e-14
54,155,g1,area_1,psi1q,Flux in 1q-damper winding,Grid\G 01.ElmSym,2.8067951002781622e-14,0.0,2.8067951002781622e-14
55,155,g1,area_1,psi1q,Flux in 1q-damper winding,Grid\G 01.ElmSym,2.375979672233596e-15,0.0,2.375979672233596e-15
56,155,g1,area_1,psi1q,Flux in 1q-damper winding,Grid\G 01.ElmSym,-1.5689874201513078e-15,-0.0,1.5689874201513078e-15
57,155,g1,area_1,psi1q,Flux in 1q-damper winding,Grid\G 01.ElmSym,0.001740585146725427,0.0,0.001740585146725427
58,155,g1,area_1,psi1q,Flux in 1q-damper winding,Grid\G 01.ElmSym,0.0006757528643011859,-0.0,0.0006757528643011859
59,155,g1,area_1,psi1q,Flux in 1q-damper winding,Grid\G 01.ElmSym,1.706017281690578e-06,0.0,1.706017281690578e-06
60,155,g1,area_1,psi1q,Flux in 1q-damper winding,Grid\G 01.ElmSym,-8.603105828922209e-05,-0.00017655808244198236,0.0001964029008593136
61,155,g1,area_1,psi1q,Flux in 1q-damper winding,Grid\G 01.ElmSym,-8.603105828922209e-05,0.00017655808244198236,0.0001964029008593136
62,155,g1,area_1,psi1q,Flux in 1q-damper winding,Grid\G 01.ElmSym,6.811891186278191e-05,0.0,6.811891186278191e-05
63,155,g1,area_1,psi1q,Flux in 1q-damper winding,Grid\G 01.ElmSym,-9.491189443633518e-05,-0.0,9.491189443633518e-05
64,155,g1,area_1,psi1q,Flux in 1q-damper winding,Grid\G 01.ElmSym,0.09322923370464935,0.0,0.09322923370464935
65,155,g1,area_1,psi1q,Flux in 1q-damper winding,Grid\G 01.ElmSym,0.002530982427224799,-0.003724846660990611,0.004503371480881146
66,155,g1,area_1,psi1q,Flux in 1q-damper winding,Grid\G 01.ElmSym,0.002530982427224799,0.003724846660990611,0.004503371480881146
67,155,g1,area_1,psi1q,Flux in 1q-damper winding,Grid\G 01.ElmSym,-0.006479953199765088,-0.0,0.006479953199765088
68,155,g1,area_1,psi1q,Flux in 1q-damper winding,Grid\G 01.ElmSym,-7.463700992179136e-05,-4.2753761161116004e-05,8.601492512051227e-05
69,155,g1,area_1,psi1q,Flux in 1q-damper winding,Grid\G 01.ElmSym,-7.463700992179136e-05,4.2753761161116004e-05,8.601492512051227e-05
70,155,g1,area_1,psi1q,Flux in 1q-damper winding,Grid\G 01.ElmSym,-2.10530619445613e-05,-3.9555857147530115e-05,4.4809566522310215e-05
71,155,g1,area_1,psi1q,Flux in 1q-damper winding,Grid\G 01.ElmSym,-2.10530619445613e-05,3.9555857147530115e-05,4.4809566522310215e-05
72,155,g1,area_1,psi1q,Flux in 1q-damper winding,Grid\G 01.ElmSym,-0.0002077320547735493,-0.00020512046728559375,0.00029193665867770224
73,155,g1,area_1,psi1q,Flux in 1q-damper winding,Grid\G 01.ElmSym,-0.0002077320547735493,0.00020512046728559375,0.00029193665867770224
74,155,g1,area_1,psi1q,Flux in 1q-damper winding,Grid\G 01.ElmSym,0.000888438592373163,0.0,0.000888438592373163
75,155,g1,area_1,psi1q,Flux in 1q-damper winding,Grid\G 01.ElmSym,-0.004949003825377312,-0.016760119229619928,0.017475532479860948
76,155,g1,area_1,psi1q,Flux in 1q-damper winding,Grid\G 01.ElmSym,-0.004949003825377312,0.016760119229619928,0.017475532479860948
77,155,g1,area_1,psi1q,Flux in 1q-damper winding,Grid\G 01.ElmSym,1.0228781224329895e-05,0.0,1.0228781224329895e-05
78,155,g1,area_1,psi1q,Flux in 1q-damper winding,Grid\G 01.ElmSym,5.626415563396969e-07,-0.0,5.626415563396969e-07
79,155,g1,area_1,psi1q,Flux in 1q-damper winding,Grid\G 01.ElmSym,-3.861448656505564e-08,-0.0,3.861448656505564e-08
81,155,g1,area_1,psi1q,Flux in 1q-damper winding,Grid\G 01.ElmSym,-5.157352139391333e-15,0.0,5.157352139391333e-15
89,155,g1,area_1,psi1q,Flux in 1q-damper winding,Grid\G 01.ElmSym,2.813772695112275e-16,0.0,2.813772695112275e-16
90,155,g1,area_1,psi1q,Flux in 1q-damper winding,Grid\G 01.ElmSym,3.7824396438598754e-16,0.0,3.7824396438598754e-16
91,155,g1,area_1,psi1q,Flux in 1q-damper winding,Grid\G 01.ElmSym,0.0011530711300510848,0.0,0.0011530711300510848
92,155,g1,area_1,psi1q,Flux in 1q-damper winding,Grid\G 01.ElmSym,4.2179915196371335e-05,0.0,4.2179915196371335e-05
93,155,g1,area_1,psi1q,Flux in 1q-damper winding,Grid\G 01.ElmSym,1.3812917231723115e-08,-0.0,1.3812917231723115e-08
94,155,g1,area_1,psi1q,Flux in 1q-damper winding,Grid\G 01.ElmSym,6.270209114426656e-06,2.8742009652155016e-06,6.897575916732257e-06
95,155,g1,area_1,psi1q,Flux in 1q-damper winding,Grid\G 01.ElmSym,6.270209114426656e-06,-2.8742009652155016e-06,6.897575916732257e-06
96,155,g1,area_1,psi1q,Flux in 1q-damper winding,Grid\G 01.ElmSym,-2.3678914318696103e-09,0.0,2.3678914318696103e-09
97,155,g1,area_1,psi1q,Flux in 1q-damper winding,Grid\G 01.ElmSym,-1.636628721621243e-07,0.0,1.636628721621243e-07
98,155,g1,area_1,psi1q,Flux in 1q-damper winding,Grid\G 01.ElmSym,3.5046280192564367e-07,-0.0,3.5046280192564367e-07
99,155,g1,area_1,psi1q,Flux in 1q-damper winding,Grid\G 01.ElmSym,2.0823152750996187e-06,0.0,2.0823152750996187e-06
100,155,g1,area_1,psi1q,Flux in 1q-damper winding,Grid\G 01.ElmSym,2.8331341361807786e-06,0.0,2.8331341361807786e-06
101,155,g1,area_1,psi1q,Flux in 1q-damper winding,Grid\G 01.ElmSym,-2.1145317293536522e-05,-0.0,2.1145317293536522e-05
102,155,g1,area_1,psi1q,Flux in 1q-damper winding,Grid\G 01.ElmSym,1.6194927881838327e-07,-7.222053115570945e-08,1.7732279613802405e-07
103,155,g1,area_1,psi1q,Flux in 1q-damper winding,Grid\G 01.ElmSym,1.6194927881838327e-07,7.222053115570945e-08,1.7732279613802405e-07
104,155,g1,area_1,psi1q,Flux in 1q-damper winding,Grid\G 01.ElmSym,-1.2161652252998161e-05,2.11565894351575e-05,2.440301338053711e-05
105,155,g1,area_1,psi1q,Flux in 1q-damper winding,Grid\G 01.ElmSym,-1.2161652252998161e-05,-2.11565894351575e-05,2.440301338053711e-05
106,155,g1,area_1,psi1q,Flux in 1q-damper winding,Grid\G 01.ElmSym,-7.26360563535126e-05,9.647913787709979e-05,0.00012076514699241287
107,155,g1,area_1,psi1q,Flux in 1q-damper winding,Grid\G 01.ElmSym,-7.26360563535126e-05,-9.647913787709979e-05,0.00012076514699241287
108,155,g1,area_1,psi1q,Flux in 1q-damper winding,Grid\G 01.ElmSym,-6.268371541114522e-06,0.0,6.268371541114522e-06
112,155,g1,area_1,psi1q,Flux in 1q-damper winding,Grid\G 01.ElmSym,-2.4963545331210425e-07,0.0,2.4963545331210425e-07
113,155,g1,area_1,psi1q,Flux in 1q-damper winding,Grid\G 01.ElmSym,-1.650343428917954e-07,0.0,1.650343428917954e-07
114,155,g1,area_1,psi1q,Flux in 1q-damper winding,Grid\G 01.ElmSym,-4.682617325322266e-06,-0.0,4.682617325322266e-06
115,155,g1,area_1,psi1q,Flux in 1q-damper winding,Grid\G 01.ElmSym,-4.165765023754677e-07,0.0,4.165765023754677e-07
116,155,g1,area_1,psi1q,Flux in 1q-damper winding,Grid\G 01.ElmSym,-2.15896457325802e-08,-0.0,2.15896457325802e-08
117,155,g1,area_1,psi1q,Flux in 1q-damper winding,Grid\G 01.ElmSym,-3.722519367194161e-07,-0.0,3.722519367194161e-07
118,155,g1,area_1,psi1q,Flux in 1q-damper winding,Grid\G 01.ElmSym,-3.4645347807044e-05,0.0,3.4645347807044e-05
119,155,g1,area_1,psi1q,Flux in 1q-damper winding,Grid\G 01.ElmSym,-5.397183173146916e-07,-0.0,5.397183173146916e-07
120,155,g1,area_1,psi1q,Flux in 1q-damper winding,Grid\G 01.ElmSym,-2.9793779694976944e-06,-0.0,2.9793779694976944e-06
121,155,g1,area_1,psi1q,Flux in 1q-damper winding,Grid\G 01.ElmSym,-3.409225224831009e-05,0.0,3.409225224831009e-05
122,155,g1,area_1,psi1q,Flux in 1q-damper winding,Grid\G 01.ElmSym,7.581630649654705e-05,0.0,7.581630649654705e-05
123,155,g1,area_1,psi1q,Flux in 1q-damper winding,Grid\G 01.ElmSym,-1.6408636618000564e-05,-0.0,1.6408636618000564e-05
124,155,g1,area_1,psi1q,Flux in 1q-damper winding,Grid\G 01.ElmSym,0.0016045739022843755,0.0,0.0016045739022843755
125,155,g1,area_1,psi1q,Flux in 1q-damper winding,Grid\G 01.ElmSym,0.00032232318851152156,0.0,0.00032232318851152156
126,155,g1,area_1,psi1q,Flux in 1q-damper winding,Grid\G 01.ElmSym,6.804700694603735e-05,-0.0,6.804700694603735e-05
127,155,g1,area_1,psi1q,Flux in 1q-damper winding,Grid\G 01.ElmSym,1.0791614146223958e-06,0.0,1.0791614146223958e-06
128,155,g1,area_1,psi1q,Flux in 1q-damper winding,Grid\G 01.ElmSym,-0.00043263474516156927,0.0,0.00043263474516156927
129,155,g1,area_1,psi1q,Flux in 1q-damper winding,Grid\G 01.ElmSym,-2.213200460470065e-05,0.0,2.213200460470065e-05
130,155,g1,area_1,psi1q,Flux in 1q-damper winding,Grid\G 01.ElmSym,-7.211790083220408e-05,-0.0,7.211790083220408e-05
131,155,g1,area_1,psi1q,Flux in 1q-damper winding,Grid\G 01.ElmSym,9.891097554671027e-06,0.0,9.891097554671027e-06
132,155,g1,area_1,psi1q,Flux in 1q-damper winding,Grid\G 01.ElmSym,0.015469542404255517,0.06182997467809266,0.06373580242603555
133,155,g1,area_1,psi1q,Flux in 1q-damper winding,Grid\G 01.ElmSym,0.015469542404255517,-0.06182997467809266,0.06373580242603555
134,155,g1,area_1,psi1q,Flux in 1q-damper winding,Grid\G 01.ElmSym,-0.00013433373373661508,-0.0,0.00013433373373661508
135,155,g1,area_1,psi1q,Flux in 1q-damper winding,Grid\G 01.ElmSym,2.2638689488054476e-05,0.0,2.2638689488054476e-05
136,155,g1,area_1,psi1q,Flux in 1q-damper winding,Grid\G 01.ElmSym,1.3121126076048012e-06,0.0,1.3121126076048012e-06
140,155,g1,area_1,psi1q,Flux in 1q-damper winding,Grid\G 01.ElmSym,0.0018017190339268332,0.0,0.0018017190339268332
141,155,g1,area_1,psi1q,Flux in 1q-damper winding,Grid\G 01.ElmSym,-2.2324528647044287e-05,0.0,2.2324528647044287e-05
142,155,g1,area_1,psi1q,Flux in 1q-damper winding,Grid\G 01.ElmSym,0.0003053464246942014,0.0,0.0003053464246942014
143,155,g1,area_1,psi1q,Flux in 1q-damper winding,Grid\G 01.ElmSym,-9.067031114479336e-05,0.0,9.067031114479336e-05
144,155,g1,area_1,psi1q,Flux in 1q-damper winding,Grid\G 01.ElmSym,0.000827149792682257,0.0,0.000827149792682257
145,155,g1,area_1,psi1q,Flux in 1q-damper winding,Grid\G 01.ElmSym,0.0006901867005533549,0.0,0.0006901867005533549
146,155,g1,area_1,psi1q,Flux in 1q-damper winding,Grid\G 01.ElmSym,-0.9767208357756443,0.013537331337501457,0.9768146448421084
147,155,g1,area_1,psi1q,Flux in 1q-damper winding,Grid\G 01.ElmSym,-0.9767208357756443,-0.013537331337501457,0.9768146448421084
148,155,g1,area_1,psi1q,Flux in 1q-damper winding,Grid\G 01.ElmSym,0.0010645786742766168,-0.002357395271440646,0.0025866271899010257
149,155,g1,area_1,psi1q,Flux in 1q-damper winding,Grid\G 01.ElmSym,0.0010645786742766168,0.002357395271440646,0.0025866271899010257
150,155,g1,area_1,psi1q,Flux in 1q-damper winding,Grid\G 01.ElmSym,-0.009467379606008117,-0.0,0.009467379606008117
151,155,g1,area_1,psi1q,Flux in 1q-damper winding,Grid\G 01.ElmSym,0.004752931097862997,0.0,0.004752931097862997
152,155,g1,area_1,psi1q,Flux in 1q-damper winding,Grid\G 01.ElmSym,-8.386398811234983e-05,0.0,8.386398811234983e-05
153,155,g1,area_1,psi1q,Flux in 1q-damper winding,Grid\G 01.ElmSym,0.00029062811589112864,-0.0015761284688012712,0.001602699488959882
154,155,g1,area_1,psi1q,Flux in 1q-damper winding,Grid\G 01.ElmSym,0.00029062811589112864,0.0015761284688012712,0.001602699488959882
155,155,g1,area_1,psi1q,Flux in 1q-damper winding,Grid\G 01.ElmSym,-0.000226873625103583,-0.0,0.000226873625103583
156,155,g1,area_1,psi1q,Flux in 1q-damper winding,Grid\G 01.ElmSym,-1.497882780868844e-07,0.0,1.497882780868844e-07
157,155,g1,area_1,psi1q,Flux in 1q-damper winding,Grid\G 01.ElmSym,-0.002820152035109293,-0.0,0.002820152035109293
158,155,g1,area_1,psi1q,Flux in 1q-damper winding,Grid\G 01.ElmSym,0.009984326476616632,0.0,0.009984326476616632
159,155,g1,area_1,psi1q,Flux in 1q-damper winding,Grid\G 01.ElmSym,-4.3613092562005247e-07,-1.63720591162459e-06,1.6943002630409725e-06
160,155,g1,area_1,psi1q,Flux in 1q-damper winding,Grid\G 01.ElmSym,-4.3613092562005247e-07,1.63720591162459e-06,1.6943002630409725e-06
161,155,g1,area_1,psi1q,Flux in 1q-damper winding,Grid\G 01.ElmSym,0.00010518761266065423,0.0,0.00010518761266065423
162,155,g1,area_1,psi1q,Flux in 1q-damper winding,Grid\G 01.ElmSym,3.384962148692772e-05,0.0,3.384962148692772e-05
163,155,g1,area_1,psi1q,Flux in 1q-damper winding,Grid\G 01.ElmSym,-0.000815284993285698,-0.0018134255131779758,0.0019882660063788413
164,155,g1,area_1,psi1q,Flux in 1q-damper winding,Grid\G 01.ElmSym,-0.000815284993285698,0.0018134255131779758,0.0019882660063788413
165,155,g1,area_1,psi1q,Flux in 1q-damper winding,Grid\G 01.ElmSym,-5.395009371964366e-07,0.0,5.395009371964366e-07
166,155,g1,area_1,psi1q,Flux in 1q-damper winding,Grid\G 01.ElmSym,-7.380221907526433e-05,0.0,7.380221907526433e-05
170,155,g1,area_1,psi1q,Flux in 1q-damper winding,Grid\G 01.ElmSym,9.400520255569627e-05,0.0,9.400520255569627e-05
171,155,g1,area_1,psi1q,Flux in 1q-damper winding,Grid\G 01.ElmSym,0.0002943862184980703,0.0,0.0002943862184980703
172,155,g1,area_1,psi1q,Flux in 1q-damper winding,Grid\G 01.ElmSym,0.00023040536109946428,0.0,0.00023040536109946428
173,155,g1,area_1,psi1q,Flux in 1q-damper winding,Grid\G 01.ElmSym,1.3991383082631303e-06,0.0,1.3991383082631303e-06
174,155,g1,area_1,psi1q,Flux in 1q-damper winding,Grid\G 01.ElmSym,9.772284010031577e-07,0.0,9.772284010031577e-07
1,156,g1,area_1,psi2q,Flux in 2q-damper winding,Grid\G 01.ElmSym,-9.093048883398696e-06,-0.0,9.093048883398696e-06
5,156,g1,area_1,psi2q,Flux in 2q-damper winding,Grid\G 01.ElmSym,6.741221540279971e-07,-8.452607159556574e-07,1.081159727556117e-06
6,156,g1,area_1,psi2q,Flux in 2q-damper winding,Grid\G 01.ElmSym,6.741221540279971e-07,8.452607159556574e-07,1.081159727556117e-06
7,156,g1,area_1,psi2q,Flux in 2q-damper winding,Grid\G 01.ElmSym,4.206713882938531e-09,-3.5412635225048524e-09,5.498817057216147e-09
8,156,g1,area_1,psi2q,Flux in 2q-damper winding,Grid\G 01.ElmSym,4.206713882938531e-09,3.5412635225048524e-09,5.498817057216147e-09
9,156,g1,area_1,psi2q,Flux in 2q-damper winding,Grid\G 01.ElmSym,5.002107532839982e-06,-5.249790293847553e-06,7.251301807225408e-06
10,156,g1,area_1,psi2q,Flux in 2q-damper winding,Grid\G 01.ElmSym,5.002107532839982e-06,5.249790293847553e-06,7.251301807225408e-06
11,156,g1,area_1,psi2q,Flux in 2q-damper winding,Grid\G 01.ElmSym,1.97411716029072e-05,-0.0002205659907412204,0.00022144766905052656
12,156,g1,area_1,psi2q,Flux in 2q-damper winding,Grid\G 01.ElmSym,1.97411716029072e-05,0.0002205659907412204,0.00022144766905052656
13,156,g1,area_1,psi2q,Flux in 2q-damper winding,Grid\G 01.ElmSym,0.008178444253941175,0.0,0.008178444253941175
14,156,g1,area_1,psi2q,Flux in 2q-damper winding,Grid\G 01.ElmSym,6.565599742741163e-05,0.0010380054776032283,0.001040079843825701
15,156,g1,area_1,psi2q,Flux in 2q-damper winding,Grid\G 01.ElmSym,6.565599742741163e-05,-0.0010380054776032283,0.001040079843825701
19,156,g1,area_1,psi2q,Flux in 2q-damper winding,Grid\G 01.ElmSym,2.1498302027907544e-08,0.0,2.1498302027907544e-08
20,156,g1,area_1,psi2q,Flux in 2q-damper winding,Grid\G 01.ElmSym,4.303254313927842e-11,0.0,4.303254313927842e-11
21,156,g1,area_1,psi2q,Flux in 2q-damper winding,Grid\G 01.ElmSym,0.0006286471445028404,0.0,0.0006286471445028404
22,156,g1,area_1,psi2q,Flux in 2q-damper winding,Grid\G 01.ElmSym,-0.0003053766998072392,-0.00044282569442250186,0.0005379121902559298
23,156,g1,area_1,psi2q,Flux in 2q-damper winding,Grid\G 01.ElmSym,-0.0003053766998072392,0.00044282569442250186,0.0005379121902559298
24,156,g1,area_1,psi2q,Flux in 2q-damper winding,Grid\G 01.ElmSym,0.00040591259477864823,-0.005848579588126757,0.005862648568117731
25,156,g1,area_1,psi2q,Flux in 2q-damper winding,Grid\G 01.ElmSym,0.00040591259477864823,0.005848579588126757,0.005862648568117731
26,156,g1,area_1,psi2q,Flux in 2q-damper winding,Grid\G 01.ElmSym,-0.031123153778294905,0.0,0.031123153778294905
27,156,g1,area_1,psi2q,Flux in 2q-damper winding,Grid\G 01.ElmSym,-0.000487231845764758,-0.005471356771671005,0.005493008264552084
28,156,g1,area_1,psi2q,Flux in 2q-damper winding,Grid\G 01.ElmSym,-0.000487231845764758,0.005471356771671005,0.005493008264552084
29,156,g1,area_1,psi2q,Flux in 2q-damper winding,Grid\G 01.ElmSym,-1.4689263150512455e-07,-1.4713504772568345e-07,2.0790903650332147e-07
30,156,g1,area_1,psi2q,Flux in 2q-damper winding,Grid\G 01.ElmSym,-1.4689263150512455e-07,1.4713504772568345e-07,2.0790903650332147e-07
31,156,g1,area_1,psi2q,Flux in 2q-damper winding,Grid\G 01.ElmSym,-9.800815749518361e-07,-3.9295072982641943e-07,1.0559214789136488e-06
32,156,g1,area_1,psi2q,Flux in 2q-damper winding,Grid\G 01.ElmSym,-9.800815749518361e-07,3.9295072982641943e-07,1.0559214789136488e-06
33,156,g1,area_1,psi2q,Flux in 2q-damper winding,Grid\G 01.ElmSym,2.1355586527459907e-09,-2.1652303880039386e-09,3.0411894700024785e-09
34,156,g1,area_1,psi2q,Flux in 2q-damper winding,Grid\G 01.ElmSym,2.1355586527459907e-09,2.1652303880039386e-09,3.0411894700024785e-09
35,156,g1,area_1,psi2q,Flux in 2q-damper winding,Grid\G 01.ElmSym,-0.00011981324482722975,-0.0008890622178892969,0.0008970991254673395
36,156,g1,area_1,psi2q,Flux in 2q-damper winding,Grid\G 01.ElmSym,-0.00011981324482722975,0.0008890622178892969,0.0008970991254673395
37,156,g1,area_1,psi2q,Flux in 2q-damper winding,Grid\G 01.ElmSym,0.0002017597236037413,0.0009467856867836606,0.0009680444838782285
38,156,g1,area_1,psi2q,Flux in 2q-damper winding,Grid\G 01.ElmSym,0.0002017597236037413,-0.0009467856867836606,0.0009680444838782285
39,156,g1,area_1,psi2q,Flux in 2q-damper winding,Grid\G 01.ElmSym,0.0023824062176770813,0.06877665663968029,0.06881790724744909
40,156,g1,area_1,psi2q,Flux in 2q-damper winding,Grid\G 01.ElmSym,0.0023824062176770813,-0.06877665663968029,0.06881790724744909
41,156,g1,area_1,psi2q,Flux in 2q-damper winding,Grid\G 01.ElmSym,-6.472214246479713e-06,-1.3334291626084524e-05,1.482204069694193e-05
42,156,g1,area_1,psi2q,Flux in 2q-damper winding,Grid\G 01.ElmSym,-6.472214246479713e-06,1.3334291626084524e-05,1.482204069694193e-05
43,156,g1,area_1,psi2q,Flux in 2q-damper winding,Grid\G 01.ElmSym,-7.76849830535964e-07,0.00027071191508673596,0.00027071302972998427
44,156,g1,area_1,psi2q,Flux in 2q-damper winding,Grid\G 01.ElmSym,-7.76849830535964e-07,-0.00027071191508673596,0.00027071302972998427
45,156,g1,area_1,psi2q,Flux in 2q-damper winding,Grid\G 01.ElmSym,-0.008201109943105413,-0.012687490217476173,0.01510730327747001
46,156,g1,area_1,psi2q,Flux in 2q-damper winding,Grid\G 01.ElmSym,-0.008201109943105413,0.012687490217476173,0.01510730327747001
47,156,g1,area_1,psi2q,Flux in 2q-damper winding,Grid\G 01.ElmSym,-0.1720538692302995,0.023581520194106746,0.17366237937959408
48,156,g1,area_1,psi2q,Flux in 2q-damper winding,Grid\G 01.ElmSym,-0.1720538692302995,-0.023581520194106746,0.17366237937959408
49,156,g1,area_1,psi2q,Flux in 2q-damper winding,Grid\G 01.ElmSym,-0.006604699582995524,-0.004478853841416598,0.007980112048987374
50,156,g1,area_1,psi2q,Flux in 2q-damper winding,Grid\G 01.ElmSym,-0.006604699582995524,0.004478853841416598,0.007980112048987374
51,156,g1,area_1,psi2q,Flux in 2q-damper winding,Grid\G 01.ElmSym,-0.0009524549281021537,-0.0,0.0009524549281021537
52,156,g1,area_1,psi2q,Flux in 2q-damper winding,Grid\G 01.ElmSym,3.939833958538297e-14,0.0,3.939833958538297e-14
53,156,g1,area_1,psi2q,Flux in 2q-damper winding,Grid\G 01.ElmSym,-3.068115155953402e-13,0.0,3.068115155953402e-13
54,156,g1,area_1,psi2q,Flux in 2q-damper winding,Grid\G 01.ElmSym,2.4074303757988864e-13,0.0,2.4074303757988864e-13
55,156,g1,area_1,psi2q,Flux in 2q-damper winding,Grid\G 01.ElmSym,2.0113769601135523e-14,0.0,2.0113769601135523e-14
56,156,g1,area_1,psi2q,Flux in 2q-damper winding,Grid\G 01.ElmSym,-5.008071377300798e-14,-0.0,5.008071377300798e-14
57,156,g1,area_1,psi2q,Flux in 2q-damper winding,Grid\G 01.ElmSym,0.014176897795791723,0.0,0.014176897795791723
58,156,g1,area_1,psi2q,Flux in 2q-damper winding,Grid\G 01.ElmSym,0.006020766940052288,-0.0,0.006020766940052288
59,156,g1,area_1,psi2q,Flux in 2q-damper winding,Grid\G 01.ElmSym,1.548286114131209e-05,0.0,1.548286114131209e-05
60,156,g1,area_1,psi2q,Flux in 2q-damper winding,Grid\G 01.ElmSym,-0.0007840166910049668,-0.0016090059370895246,0.001789855378896216
61,156,g1,area_1,psi2q,Flux in 2q-damper winding,Grid\G 01.ElmSym,-0.0007840166910049668,0.0016090059370895246,0.001789855378896216
62,156,g1,area_1,psi2q,Flux in 2q-damper winding,Grid\G 01.ElmSym,0.0006253661758595239,0.0,0.0006253661758595239
63,156,g1,area_1,psi2q,Flux in 2q-damper winding,Grid\G 01.ElmSym,-0.0008964778866771535,-0.0,0.0008964778866771535
64,156,g1,area_1,psi2q,Flux in 2q-damper winding,Grid\G 01.ElmSym,1.0,0.0,1.0
65,156,g1,area_1,psi2q,Flux in 2q-damper winding,Grid\G 01.ElmSym,0.02756288699582462,-0.040564298862830646,0.049042584370908124
66,156,g1,area_1,psi2q,Flux in 2q-damper winding,Grid\G 01.ElmSym,0.02756288699582462,0.040564298862830646,0.049042584370908124
67,156,g1,area_1,psi2q,Flux in 2q-damper winding,Grid\G 01.ElmSym,-0.07279918672678307,-0.0,0.07279918672678307
68,156,g1,area_1,psi2q,Flux in 2q-damper winding,Grid\G 01.ElmSym,-0.0009033807085493844,-0.0005174768267507955,0.001041095082498837
69,156,g1,area_1,psi2q,Flux in 2q-damper winding,Grid\G 01.ElmSym,-0.0009033807085493844,0.0005174768267507955,0.001041095082498837
70,156,g1,area_1,psi2q,Flux in 2q-damper winding,Grid\G 01.ElmSym,-0.00025644683201977926,-0.0004818289270014065,0.0005458242322838989
71,156,g1,area_1,psi2q,Flux in 2q-damper winding,Grid\G 01.ElmSym,-0.00025644683201977926,0.0004818289270014065,0.0005458242322838989
72,156,g1,area_1,psi2q,Flux in 2q-damper winding,Grid\G 01.ElmSym,-0.002533253087015944,-0.002501405271741273,0.0035601122926630898
73,156,g1,area_1,psi2q,Flux in 2q-damper winding,Grid\G 01.ElmSym,-0.002533253087015944,0.002501405271741273,0.0035601122926630898
74,156,g1,area_1,psi2q,Flux in 2q-damper winding,Grid\G 01.ElmSym,0.010921518241223982,0.0,0.010921518241223982
75,156,g1,area_1,psi2q,Flux in 2q-damper winding,Grid\G 01.ElmSym,-0.06167556544666799,-0.20886826256359345,0.21778389857723743
76,156,g1,area_1,psi2q,Flux in 2q-damper winding,Grid\G 01.ElmSym,-0.06167556544666799,0.20886826256359345,0.21778389857723743
77,156,g1,area_1,psi2q,Flux in 2q-damper winding,Grid\G 01.ElmSym,0.0001334974333750056,0.0,0.0001334974333750056
78,156,g1,area_1,psi2q,Flux in 2q-damper winding,Grid\G 01.ElmSym,7.349032898594107e-06,-0.0,7.349032898594107e-06
79,156,g1,area_1,psi2q,Flux in 2q-damper winding,Grid\G 01.ElmSym,-5.044149775682125e-07,-0.0,5.044149775682125e-07
80,156,g1,area_1,psi2q,Flux in 2q-damper winding,Grid\G 01.ElmSym,2.4544282534098674e-16,0.0,2.4544282534098674e-16
81,156,g1,area_1,psi2q,Flux in 2q-damper winding,Grid\G 01.ElmSym,-8.116186343685259e-14,0.0,8.116186343685259e-14
85,156,g1,area_1,psi2q,Flux in 2q-damper winding,Grid\G 01.ElmSym,-5.816301700331143e-16,-0.0,5.816301700331143e-16
89,156,g1,area_1,psi2q,Flux in 2q-damper winding,Grid\G 01.ElmSym,4.147149526061695e-15,0.0,4.147149526061695e-15
90,156,g1,area_1,psi2q,Flux in 2q-damper winding,Grid\G 01.ElmSym,5.778289709019459e-15,0.0,5.778289709019459e-15
91,156,g1,area_1,psi2q,Flux in 2q-damper winding,Grid\G 01.ElmSym,0.023344117176282504,0.0,0.023344117176282504
92,156,g1,area_1,psi2q,Flux in 2q-damper winding,Grid\G 01.ElmSym,0.0024647928737849966,0.0,0.0024647928737849966
93,156,g1,area_1,psi2q,Flux in 2q-damper winding,Grid\G 01.ElmSym,8.193075409433702e-05,-0.0,8.193075409433702e-05
94,156,g1,area_1,psi2q,Flux in 2q-damper winding,Grid\G 01.ElmSym,0.0023438288044553115,0.001074387614120109,0.002578340980159357
95,156,g1,area_1,psi2q,Flux in 2q-damper winding,Grid\G 01.ElmSym,0.0023438288044553115,-0.001074387614120109,0.002578340980159357
96,156,g1,area_1,psi2q,Flux in 2q-damper winding,Grid\G 01.ElmSym,-8.245960331784001e-07,0.0,8.245960331784001e-07
97,156,g1,area_1,psi2q,Flux in 2q-damper winding,Grid\G 01.ElmSym,-5.539617915024913e-05,0.0,5.539617915024913e-05
98,156,g1,area_1,psi2q,Flux in 2q-damper winding,Grid\G 01.ElmSym,0.0001079439721505675,0.0,0.0001079439721505675
99,156,g1,area_1,psi2q,Flux in 2q-damper winding,Grid\G 01.ElmSym,0.000620973586388968,0.0,0.000620973586388968
100,156,g1,area_1,psi2q,Flux in 2q-damper winding,Grid\G 01.ElmSym,0.0002918210568690558,0.0,0.0002918210568690558
101,156,g1,area_1,psi2q,Flux in 2q-damper winding,Grid\G 01.ElmSym,-0.0001678406782005649,-0.0,0.0001678406782005649
102,156,g1,area_1,psi2q,Flux in 2q-damper winding,Grid\G 01.ElmSym,1.0171933050072355e-06,-4.5361264534135217e-07,1.1137534070722846e-06
103,156,g1,area_1,psi2q,Flux in 2q-damper winding,Grid\G 01.ElmSym,1.0171933050072355e-06,4.5361264534135217e-07,1.1137534070722846e-06
104,156,g1,area_1,psi2q,Flux in 2q-damper winding,Grid\G 01.ElmSym,-7.452008639588902e-05,0.00012963624019106542,0.0001495285860540598
105,156,g1,area_1,psi2q,Flux in 2q-damper winding,Grid\G 01.ElmSym,-7.452008639588902e-05,-0.00012963624019106542,0.0001495285860540598
106,156,g1,area_1,psi2q,Flux in 2q-damper winding,Grid\G 01.ElmSym,-0.0004077639948730903,0.0005416141880216775,0.0006779508862603858
107,156,g1,area_1,psi2q,Flux in 2q-damper winding,Grid\G 01.ElmSym,-0.0004077639948730903,-0.0005416141880216775,0.0006779508862603858
108,156,g1,area_1,psi2q,Flux in 2q-damper winding,Grid\G 01.ElmSym,-1.863347636435007e-05,0.0,1.863347636435007e-05
112,156,g1,area_1,psi2q,Flux in 2q-damper winding,Grid\G 01.ElmSym,-7.128335750272929e-07,0.0,7.128335750272929e-07
113,156,g1,area_1,psi2q,Flux in 2q-damper winding,Grid\G 01.ElmSym,-4.7035658113241367e-07,0.0,4.7035658113241367e-07
114,156,g1,area_1,psi2q,Flux in 2q-damper winding,Grid\G 01.ElmSym,-1.3292233369764742e-05,-0.0,1.3292233369764742e-05
115,156,g1,area_1,psi2q,Flux in 2q-damper winding,Grid\G 01.ElmSym,-1.1797942778775854e-06,0.0,1.1797942778775854e-06
116,156,g1,area_1,psi2q,Flux in 2q-damper winding,Grid\G 01.ElmSym,-6.080305346776358e-08,-0.0,6.080305346776358e-08
117,156,g1,area_1,psi2q,Flux in 2q-damper winding,Grid\G 01.ElmSym,-1.0429263263879426e-06,-0.0,1.0429263263879426e-06
118,156,g1,area_1,psi2q,Flux in 2q-damper winding,Grid\G 01.ElmSym,-9.558829556680293e-05,0.0,9.558829556680293e-05
119,156,g1,area_1,psi2q,Flux in 2q-damper winding,Grid\G 01.ElmSym,-1.460846699844381e-06,-0.0,1.460846699844381e-06
120,156,g1,area_1,psi2q,Flux in 2q-damper winding,Grid\G 01.ElmSym,-7.96114816615986e-06,-0.0,7.96114816615986e-06
121,156,g1,area_1,psi2q,Flux in 2q-damper winding,Grid\G 01.ElmSym,-8.806910497328691e-05,0.0,8.806910497328691e-05
122,156,g1,area_1,psi2q,Flux in 2q-damper winding,Grid\G 01.ElmSym,0.0001947766747289018,0.0,0.0001947766747289018
123,156,g1,area_1,psi2q,Flux in 2q-damper winding,Grid\G 01.ElmSym,-4.105032761099836e-05,-0.0,4.105032761099836e-05
124,156,g1,area_1,psi2q,Flux in 2q-damper winding,Grid\G 01.ElmSym,0.003987033609069244,0.0,0.003987033609069244
125,156,g1,area_1,psi2q,Flux in 2q-damper winding,Grid\G 01.ElmSym,0.0007710133103361538,0.0,0.0007710133103361538
126,156,g1,area_1,psi2q,Flux in 2q-damper winding,Grid\G 01.ElmSym,0.00015812884913850254,0.0,0.00015812884913850254
127,156,g1,area_1,psi2q,Flux in 2q-damper winding,Grid\G 01.ElmSym,2.2539347558954783e-06,0.0,2.2539347558954783e-06
128,156,g1,area_1,psi2q,Flux in 2q-damper winding,Grid\G 01.ElmSym,-0.0006934936538218528,0.0,0.0006934936538218528
129,156,g1,area_1,psi2q,Flux in 2q-damper winding,Grid\G 01.ElmSym,-1.3605779605566041e-05,0.0,1.3605779605566041e-05
130,156,g1,area_1,psi2q,Flux in 2q-damper winding,Grid\G 01.ElmSym,-3.1484212938709924e-05,-0.0,3.1484212938709924e-05
131,156,g1,area_1,psi2q,Flux in 2q-damper winding,Grid\G 01.ElmSym,4.231858299988535e-06,0.0,4.231858299988535e-06
132,156,g1,area_1,psi2q,Flux in 2q-damper winding,Grid\G 01.ElmSym,0.005023659754158461,0.02007898794284553,0.020697896369788107
133,156,g1,area_1,psi2q,Flux in 2q-damper winding,Grid\G 01.ElmSym,0.005023659754158461,-0.02007898794284553,0.020697896369788107
134,156,g1,area_1,psi2q,Flux in 2q-damper winding,Grid\G 01.ElmSym,-4.245174310935146e-05,-0.0,4.245174310935146e-05
135,156,g1,area_1,psi2q,Flux in 2q-damper winding,Grid\G 01.ElmSym,7.0860827062582565e-06,0.0,7.0860827062582565e-06
136,156,g1,area_1,psi2q,Flux in 2q-damper winding,Grid\G 01.ElmSym,4.083937654961216e-07,0.0,4.083937654961216e-07
140,156,g1,area_1,psi2q,Flux in 2q-damper winding,Grid\G 01.ElmSym,0.0005211276504526914,0.0,0.0005211276504526914
141,156,g1,area_1,psi2q,Flux in 2q-damper winding,Grid\G 01.ElmSym,-5.912493379523743e-06,0.0,5.912493379523743e-06
142,156,g1,area_1,psi2q,Flux in 2q-damper winding,Grid\G 01.ElmSym,7.290712386608683e-05,0.0,7.290712386608683e-05
143,156,g1,area_1,psi2q,Flux in 2q-damper winding,Grid\G 01.ElmSym,-2.0643392414759628e-05,0.0,2.0643392414759628e-05
144,156,g1,area_1,psi2q,Flux in 2q-damper winding,Grid\G 01.ElmSym,0.00017971765192166485,-0.0,0.00017971765192166485
145,156,g1,area_1,psi2q,Flux in 2q-damper winding,Grid\G 01.ElmSym,0.00013618011552418946,0.0,0.00013618011552418946
146,156,g1,area_1,psi2q,Flux in 2q-damper winding,Grid\G 01.ElmSym,-0.07909560498847477,0.0010962635098760234,0.079103201718868
147,156,g1,area_1,psi2q,Flux in 2q-damper winding,Grid\G 01.ElmSym,-0.07909560498847477,-0.0010962635098760234,0.079103201718868
148,156,g1,area_1,psi2q,Flux in 2q-damper winding,Grid\G 01.ElmSym,2.746571848496128e-05,-6.081988724273458e-05,6.673398216886276e-05
149,156,g1,area_1,psi2q,Flux in 2q-damper winding,Grid\G 01.ElmSym,2.746571848496128e-05,6.081988724273458e-05,6.673398216886276e-05
150,156,g1,area_1,psi2q,Flux in 2q-damper winding,Grid\G 01.ElmSym,-0.0003959642346558774,-0.0,0.0003959642346558774
151,156,g1,area_1,psi2q,Flux in 2q-damper winding,Grid\G 01.ElmSym,0.00014629794132074467,0.0,0.00014629794132074467
152,156,g1,area_1,psi2q,Flux in 2q-damper winding,Grid\G 01.ElmSym,-1.947998574627081e-06,0.0,1.947998574627081e-06
153,156,g1,area_1,psi2q,Flux in 2q-damper winding,Grid\G 01.ElmSym,4.926169159284858e-06,-2.6715500128241746e-05,2.7165880984940908e-05
154,156,g1,area_1,psi2q,Flux in 2q-damper winding,Grid\G 01.ElmSym,4.926169159284858e-06,2.6715500128241746e-05,2.7165880984940908e-05
155,156,g1,area_1,psi2q,Flux in 2q-damper winding,Grid\G 01.ElmSym,-4.968597664122052e-06,-0.0,4.968597664122052e-06
156,156,g1,area_1,psi2q,Flux in 2q-damper winding,Grid\G 01.ElmSym,-3.2314097437992226e-09,0.0,3.2314097437992226e-09
157,156,g1,area_1,psi2q,Flux in 2q-damper winding,Grid\G 01.ElmSym,-6.0681858779144155e-05,-0.0,6.0681858779144155e-05
158,156,g1,area_1,psi2q,Flux in 2q-damper winding,Grid\G 01.ElmSym,0.0002128908166667782,0.0,0.0002128908166667782
159,156,g1,area_1,psi2q,Flux in 2q-damper winding,Grid\G 01.ElmSym,-4.777380094373006e-09,-1.7933960920299167e-08,1.855937269567399e-08
160,156,g1,area_1,psi2q,Flux in 2q-damper winding,Grid\G 01.ElmSym,-4.777380094373006e-09,1.7933960920299167e-08,1.855937269567399e-08
161,156,g1,area_1,psi2q,Flux in 2q-damper winding,Grid\G 01.ElmSym,8.042998777720357e-07,0.0,8.042998777720357e-07
162,156,g1,area_1,psi2q,Flux in 2q-damper winding,Grid\G 01.ElmSym,1.7742603349528312e-07,0.0,1.7742603349528312e-07
163,156,g1,area_1,psi2q,Flux in 2q-damper winding,Grid\G 01.ElmSym,-3.248771188321591e-06,-7.226190379207069e-06,7.922899824597891e-06
164,156,g1,area_1,psi2q,Flux in 2q-damper winding,Grid\G 01.ElmSym,-3.248771188321591e-06,7.226190379207069e-06,7.922899824597891e-06
165,156,g1,area_1,psi2q,Flux in 2q-damper winding,Grid\G 01.ElmSym,-1.4446017953892656e-09,0.0,1.4446017953892656e-09
166,156,g1,area_1,psi2q,Flux in 2q-damper winding,Grid\G 01.ElmSym,-1.1178646013081726e-07,0.0,1.1178646013081726e-07
170,156,g1,area_1,psi2q,Flux in 2q-damper winding,Grid\G 01.ElmSym,4.3885262092031734e-09,0.0,4.3885262092031734e-09
171,156,g1,area_1,psi2q,Flux in 2q-damper winding,Grid\G 01.ElmSym,6.66736800477962e-09,0.0,6.66736800477962e-09
172,156,g1,area_1,psi2q,Flux in 2q-damper winding,Grid\G 01.ElmSym,6.150056837548478e-08,0.0,6.150056837548478e-08
173,156,g1,area_1,psi2q,Flux in 2q-damper winding,Grid\G 01.ElmSym,5.478240467434496e-10,0.0,5.478240467434496e-10
174,156,g1,area_1,psi2q,Flux in 2q-damper winding,Grid\G 01.ElmSym,8.72951742560233e-10,0.0,8.72951742560233e-10
1,157,g1,area_1,speed,Speed,Grid\G 01.ElmSym,-0.06800767543763189,-0.0,0.06800767543763189
5,157,g1,area_1,speed,Speed,Grid\G 01.ElmSym,2.2217586597183233e-05,-0.00010109866356067316,0.00010351116330115086
6,157,g1,area_1,speed,Speed,Grid\G 01.ElmSym,2.2217586597183233e-05,0.00010109866356067316,0.00010351116330115086
7,157,g1,area_1,speed,Speed,Grid\G 01.ElmSym,1.8777020691136343e-07,-1.6673274810056677e-06,1.6778672711273205e-06
8,157,g1,area_1,speed,Speed,Grid\G 01.ElmSym,1.8777020691136343e-07,1.6673274810056677e-06,1.6778672711273205e-06
9,157,g1,area_1,speed,Speed,Grid\G 01.ElmSym,0.0006483715482491659,-0.0013858010575467945,0.0015299772010317128
10,157,g1,area_1,speed,Speed,Grid\G 01.ElmSym,0.0006483715482491659,0.0013858010575467945,0.0015299772010317128
11,157,g1,area_1,speed,Speed,Grid\G 01.ElmSym,-0.0034472556590564966,0.0008182778104461749,0.0035430424995991265
12,157,g1,area_1,speed,Speed,Grid\G 01.ElmSym,-0.0034472556590564966,-0.0008182778104461749,0.0035430424995991265
13,157,g1,area_1,speed,Speed,Grid\G 01.ElmSym,0.6593083571324857,0.0,0.6593083571324857
14,157,g1,area_1,speed,Speed,Grid\G 01.ElmSym,-0.00534829385692848,0.00033954157800815236,0.005359061080381076
15,157,g1,area_1,speed,Speed,Grid\G 01.ElmSym,-0.00534829385692848,-0.00033954157800815236,0.005359061080381076
19,157,g1,area_1,speed,Speed,Grid\G 01.ElmSym,-1.855398389371462e-09,-0.0,1.855398389371462e-09
20,157,g1,area_1,speed,Speed,Grid\G 01.ElmSym,-3.260996884306595e-11,0.0,3.260996884306595e-11
21,157,g1,area_1,speed,Speed,Grid\G 01.ElmSym,-0.006546512853042596,-0.0,0.006546512853042596
22,157,g1,area_1,speed,Speed,Grid\G 01.ElmSym,-0.0069917946043889685,0.017733381301508176,0.019061951740958805
23,157,g1,area_1,speed,Speed,Grid\G 01.ElmSym,-0.0069917946043889685,-0.017733381301508176,0.019061951740958805
24,157,g1,area_1,speed,Speed,Grid\G 01.ElmSym,0.01498138584453449,0.04400735869075056,0.046487520268983985
25,157,g1,area_1,speed,Speed,Grid\G 01.ElmSym,0.01498138584453449,-0.04400735869075056,0.046487520268983985
26,157,g1,area_1,speed,Speed,Grid\G 01.ElmSym,0.9999999999999999,0.0,0.9999999999999999
27,157,g1,area_1,speed,Speed,Grid\G 01.ElmSym,0.0075159178531292465,0.03745030235370833,0.038197043963625756
28,157,g1,area_1,speed,Speed,Grid\G 01.ElmSym,0.0075159178531292465,-0.03745030235370833,0.038197043963625756
29,157,g1,area_1,speed,Speed,Grid\G 01.ElmSym,4.428786065543646e-07,-6.657576290766816e-07,7.996090799993081e-07
30,157,g1,area_1,speed,Speed,Grid\G 01.ElmSym,4.428786065543646e-07,6.657576290766816e-07,7.996090799993081e-07
31,157,g1,area_1,speed,Speed,Grid\G 01.ElmSym,7.928375596305438e-07,-4.06300226180322e-06,4.139635101718387e-06
32,157,g1,area_1,speed,Speed,Grid\G 01.ElmSym,7.928375596305438e-07,4.06300226180322e-06,4.139635101718387e-06
33,157,g1,area_1,speed,Speed,Grid\G 01.ElmSym,8.63767774982127e-09,6.876816164947649e-09,1.1040836810506834e-08
34,157,g1,area_1,speed,Speed,Grid\G 01.ElmSym,8.63767774982127e-09,-6.876816164947649e-09,1.1040836810506834e-08
35,157,g1,area_1,speed,Speed,Grid\G 01.ElmSym,0.0040198720779951605,-0.00035938843476090976,0.00403590529751195
36,157,g1,area_1,speed,Speed,Grid\G 01.ElmSym,0.0040198720779951605,0.00035938843476090976,0.00403590529751195
37,157,g1,area_1,speed,Speed,Grid\G 01.ElmSym,-0.00456085100490301,0.0007720453388826576,0.004625734092467403
38,157,g1,area_1,speed,Speed,Grid\G 01.ElmSym,-0.00456085100490301,-0.0007720453388826576,0.004625734092467403
39,157,g1,area_1,speed,Speed,Grid\G 01.ElmSym,-0.49538682073295703,-0.031801190802310836,0.49640650468376407
40,157,g1,area_1,speed,Speed,Grid\G 01.ElmSym,-0.49538682073295703,0.031801190802310836,0.49640650468376407
41,157,g1,area_1,speed,Speed,Grid\G 01.ElmSym,5.60663248973097e-05,-2.283865647121973e-05,6.053954919638134e-05
42,157,g1,area_1,speed,Speed,Grid\G 01.ElmSym,5.60663248973097e-05,2.283865647121973e-05,6.053954919638134e-05
43,157,g1,area_1,speed,Speed,Grid\G 01.ElmSym,-0.0009040776974211659,-4.2021109096369765e-05,0.0009050537313243045
44,157,g1,area_1,speed,Speed,Grid\G 01.ElmSym,-0.0009040776974211659,4.2021109096369765e-05,0.0009050537313243045
45,157,g1,area_1,speed,Speed,Grid\G 01.ElmSym,0.08694985363148719,-0.027640410890133717,0.091237433987988
46,157,g1,area_1,speed,Speed,Grid\G 01.ElmSym,0.08694985363148719,0.027640410890133717,0.091237433987988
47,157,g1,area_1,speed,Speed,Grid\G 01.ElmSym,0.49863201673890023,-0.12647695870652276,0.5144223062822552
48,157,g1,area_1,speed,Speed,Grid\G 01.ElmSym,0.49863201673890023,0.12647695870652276,0.5144223062822552
49,157,g1,area_1,speed,Speed,Grid\G 01.ElmSym,0.022143329542876223,-0.005322116959573292,0.02277393185586961
50,157,g1,area_1,speed,Speed,Grid\G 01.ElmSym,0.022143329542876223,0.005322116959573292,0.02277393185586961
51,157,g1,area_1,speed,Speed,Grid\G 01.ElmSym,0.0005463912698755944,0.0,0.0005463912698755944
52,157,g1,area_1,speed,Speed,Grid\G 01.ElmSym,-1.804187032115743e-14,-0.0,1.804187032115743e-14
53,157,g1,area_1,speed,Speed,Grid\G 01.ElmSym,5.269573758062775e-13,-0.0,5.269573758062775e-13
54,157,g1,area_1,speed,Speed,Grid\G 01.ElmSym,-1.592422809352874e-13,-0.0,1.592422809352874e-13
55,157,g1,area_1,speed,Speed,Grid\G 01.ElmSym,-2.736661592824314e-15,-0.0,2.736661592824314e-15
56,157,g1,area_1,speed,Speed,Grid\G 01.ElmSym,1.901257063635586e-14,0.0,1.901257063635586e-14
57,157,g1,area_1,speed,Speed,Grid\G 01.ElmSym,-0.007156150205655071,0.0,0.007156150205655071
58,157,g1,area_1,speed,Speed,Grid\G 01.ElmSym,-0.0005672108326258137,0.0,0.0005672108326258137
59,157,g1,area_1,speed,Speed,Grid\G 01.ElmSym,2.3202500743448607e-05,0.0,2.3202500743448607e-05
60,157,g1,area_1,speed,Speed,Grid\G 01.ElmSym,1.942839722791123e-05,-0.0003683492513372331,0.00036886126603310576
61,157,g1,area_1,speed,Speed,Grid\G 01.ElmSym,1.942839722791123e-05,0.0003683492513372331,0.00036886126603310576
62,157,g1,area_1,speed,Speed,Grid\G 01.ElmSym,-3.610546775970079e-06,0.0,3.610546775970079e-06
63,157,g1,area_1,speed,Speed,Grid\G 01.ElmSym,-0.00019106839558108308,-0.0,0.00019106839558108308
64,157,g1,area_1,speed,Speed,Grid\G 01.ElmSym,-0.02780425344363876,-0.0,0.02780425344363876
65,157,g1,area_1,speed,Speed,Grid\G 01.ElmSym,-0.001555480025972211,0.005011735575995283,0.005247571971387842
66,157,g1,area_1,speed,Speed,Grid\G 01.ElmSym,-0.001555480025972211,-0.005011735575995283,0.005247571971387842
67,157,g1,area_1,speed,Speed,Grid\G 01.ElmSym,0.007802642179150916,0.0,0.007802642179150916
68,157,g1,area_1,speed,Speed,Grid\G 01.ElmSym,0.000191190682969165,3.1039438087252685e-05,0.00019369389244627242
69,157,g1,area_1,speed,Speed,Grid\G 01.ElmSym,0.000191190682969165,-3.1039438087252685e-05,0.00019369389244627242
70,157,g1,area_1,speed,Speed,Grid\G 01.ElmSym,0.00010873031427582162,9.997076705454982e-05,0.00014770387776898074
71,157,g1,area_1,speed,Speed,Grid\G 01.ElmSym,0.00010873031427582162,-9.997076705454982e-05,0.00014770387776898074
72,157,g1,area_1,speed,Speed,Grid\G 01.ElmSym,0.0009389906711246797,0.0007391283240972237,0.001194995464402249
73,157,g1,area_1,speed,Speed,Grid\G 01.ElmSym,0.0009389906711246797,-0.0007391283240972237,0.001194995464402249
74,157,g1,area_1,speed,Speed,Grid\G 01.ElmSym,-0.0033999895182925256,0.0,0.0033999895182925256
75,157,g1,area_1,speed,Speed,Grid\G 01.ElmSym,0.050893930988012745,0.09202715121173807,0.1051626776549585
76,157,g1,area_1,speed,Speed,Grid\G 01.ElmSym,0.050893930988012745,-0.09202715121173807,0.1051626776549585
77,157,g1,area_1,speed,Speed,Grid\G 01.ElmSym,3.900000957881697e-05,0.0,3.900000957881697e-05
78,157,g1,area_1,speed,Speed,Grid\G 01.ElmSym,1.8203998016748696e-05,-0.0,1.8203998016748696e-05
79,157,g1,area_1,speed,Speed,Grid\G 01.ElmSym,4.969345579754671e-07,0.0,4.969345579754671e-07
81,157,g1,area_1,speed,Speed,Grid\G 01.ElmSym,6.177479519373649e-14,0.0,6.177479519373649e-14
85,157,g1,area_1,speed,Speed,Grid\G 01.ElmSym,9.82009325033135e-16,0.0,9.82009325033135e-16
89,157,g1,area_1,speed,Speed,Grid\G 01.ElmSym,-1.4511584818246067e-15,-0.0,1.4511584818246067e-15
90,157,g1,area_1,speed,Speed,Grid\G 01.ElmSym,-3.895720512881821e-15,0.0,3.895720512881821e-15
91,157,g1,area_1,speed,Speed,Grid\G 01.ElmSym,-0.026291563671614736,-0.0,0.026291563671614736
92,157,g1,area_1,speed,Speed,Grid\G 01.ElmSym,-0.00018483509681030034,-0.0,0.00018483509681030034
93,157,g1,area_1,speed,Speed,Grid\G 01.ElmSym,0.0002709997507577729,-0.0,0.0002709997507577729
94,157,g1,area_1,speed,Speed,Grid\G 01.ElmSym,-0.0034586873285095956,-0.001666841965694513,0.003839385390266675
95,157,g1,area_1,speed,Speed,Grid\G 01.ElmSym,-0.0034586873285095956,0.001666841965694513,0.003839385390266675
96,157,g1,area_1,speed,Speed,Grid\G 01.ElmSym,2.1502360557311925e-06,0.0,2.1502360557311925e-06
97,157,g1,area_1,speed,Speed,Grid\G 01.ElmSym,0.00010520091246403309,-0.0,0.00010520091246403309
98,157,g1,area_1,speed,Speed,Grid\G 01.ElmSym,-0.00015900113338801448,0.0,0.00015900113338801448
99,157,g1,area_1,speed,Speed,Grid\G 01.ElmSym,-0.001084709891807719,0.0,0.001084709891807719
100,157,g1,area_1,speed,Speed,Grid\G 01.ElmSym,-0.000321554250774784,0.0,0.000321554250774784
101,157,g1,area_1,speed,Speed,Grid\G 01.ElmSym,0.00023047879426084036,0.0,0.00023047879426084036
102,157,g1,area_1,speed,Speed,Grid\G 01.ElmSym,-9.647439020141805e-07,5.779049018373708e-07,1.124590979886113e-06
103,157,g1,area_1,speed,Speed,Grid\G 01.ElmSym,-9.647439020141805e-07,-5.779049018373708e-07,1.124590979886113e-06
104,157,g1,area_1,speed,Speed,Grid\G 01.ElmSym,6.244605974662569e-05,-0.00015684363680726327,0.000168817762053665
105,157,g1,area_1,speed,Speed,Grid\G 01.ElmSym,6.244605974662569e-05,0.00015684363680726327,0.000168817762053665
106,157,g1,area_1,speed,Speed,Grid\G 01.ElmSym,0.00034593090027586383,-0.0006426468773103023,0.00072983778792438
107,157,g1,area_1,speed,Speed,Grid\G 01.ElmSym,0.00034593090027586383,0.0006426468773103023,0.00072983778792438
108,157,g1,area_1,speed,Speed,Grid\G 01.ElmSym,1.6515860033149396e-05,0.0,1.6515860033149396e-05
112,157,g1,area_1,speed,Speed,Grid\G 01.ElmSym,6.1759827909582e-07,0.0,6.1759827909582e-07
113,157,g1,area_1,speed,Speed,Grid\G 01.ElmSym,3.5843842763165855e-07,0.0,3.5843842763165855e-07
114,157,g1,area_1,speed,Speed,Grid\G 01.ElmSym,1.0977315325345e-05,0.0,1.0977315325345e-05
115,157,g1,area_1,speed,Speed,Grid\G 01.ElmSym,1.0004710629460999e-06,0.0,1.0004710629460999e-06
116,157,g1,area_1,speed,Speed,Grid\G 01.ElmSym,8.895305645588639e-08,0.0,8.895305645588639e-08
117,157,g1,area_1,speed,Speed,Grid\G 01.ElmSym,9.413982095872875e-07,0.0,9.413982095872875e-07
118,157,g1,area_1,speed,Speed,Grid\G 01.ElmSym,7.00938622441296e-05,0.0,7.00938622441296e-05
119,157,g1,area_1,speed,Speed,Grid\G 01.ElmSym,1.3618198268996182e-06,0.0,1.3618198268996182e-06
120,157,g1,area_1,speed,Speed,Grid\G 01.ElmSym,-2.1140714831182778e-06,-0.0,2.1140714831182778e-06
121,157,g1,area_1,speed,Speed,Grid\G 01.ElmSym,6.734778865141877e-05,-0.0,6.734778865141877e-05
122,157,g1,area_1,speed,Speed,Grid\G 01.ElmSym,-5.8839222718816585e-05,0.0,5.8839222718816585e-05
123,157,g1,area_1,speed,Speed,Grid\G 01.ElmSym,2.0031106685009102e-05,0.0,2.0031106685009102e-05
124,157,g1,area_1,speed,Speed,Grid\G 01.ElmSym,-0.0010647891211268646,-0.0,0.0010647891211268646
125,157,g1,area_1,speed,Speed,Grid\G 01.ElmSym,-7.548103538254193e-05,0.0,7.548103538254193e-05
126,157,g1,area_1,speed,Speed,Grid\G 01.ElmSym,-0.0001376598746214505,0.0,0.0001376598746214505
127,157,g1,area_1,speed,Speed,Grid\G 01.ElmSym,2.426083447692884e-06,0.0,2.426083447692884e-06
128,157,g1,area_1,speed,Speed,Grid\G 01.ElmSym,0.0001931514468678956,0.0,0.0001931514468678956
129,157,g1,area_1,speed,Speed,Grid\G 01.ElmSym,6.472567751986168e-06,0.0,6.472567751986168e-06
130,157,g1,area_1,speed,Speed,Grid\G 01.ElmSym,8.204332967949785e-06,0.0,8.204332967949785e-06
131,157,g1,area_1,speed,Speed,Grid\G 01.ElmSym,-1.4578011827742509e-06,0.0,1.4578011827742509e-06
132,157,g1,area_1,speed,Speed,Grid\G 01.ElmSym,-0.009225678279067756,-0.0019562681305136487,0.009430807213983644
133,157,g1,area_1,speed,Speed,Grid\G 01.ElmSym,-0.009225678279067756,0.0019562681305136487,0.009430807213983644
134,157,g1,area_1,speed,Speed,Grid\G 01.ElmSym,-2.6915999960013192e-05,-0.0,2.6915999960013192e-05
135,157,g1,area_1,speed,Speed,Grid\G 01.ElmSym,-1.8302139834205392e-06,-0.0,1.8302139834205392e-06
136,157,g1,area_1,speed,Speed,Grid\G 01.ElmSym,-2.305707759676062e-08,0.0,2.305707759676062e-08
140,157,g1,area_1,speed,Speed,Grid\G 01.ElmSym,8.163490053910439e-06,0.0,8.163490053910439e-06
141,157,g1,area_1,speed,Speed,Grid\G 01.ElmSym,-2.556558117039052e-05,0.0,2.556558117039052e-05
142,157,g1,area_1,speed,Speed,Grid\G 01.ElmSym,-1.2205404505861684e-05,-0.0,1.2205404505861684e-05
143,157,g1,area_1,speed,Speed,Grid\G 01.ElmSym,1.2140522803150023e-06,-0.0,1.2140522803150023e-06
144,157,g1,area_1,speed,Speed,Grid\G 01.ElmSym,-1.5765278686945664e-05,0.0,1.5765278686945664e-05
145,157,g1,area_1,speed,Speed,Grid\G 01.ElmSym,-6.754294340934642e-05,-0.0,6.754294340934642e-05
146,157,g1,area_1,speed,Speed,Grid\G 01.ElmSym,0.00045602300058000524,-6.970042957526474e-05,0.0004613188993971176
147,157,g1,area_1,speed,Speed,Grid\G 01.ElmSym,0.00045602300058000524,6.970042957526474e-05,0.0004613188993971176
148,157,g1,area_1,speed,Speed,Grid\G 01.ElmSym,-1.1987857114194266e-05,6.791855274476288e-05,6.896838786816374e-05
149,157,g1,area_1,speed,Speed,Grid\G 01.ElmSym,-1.1987857114194266e-05,-6.791855274476288e-05,6.896838786816374e-05
150,157,g1,area_1,speed,Speed,Grid\G 01.ElmSym,7.853140419648107e-05,0.0,7.853140419648107e-05
151,157,g1,area_1,speed,Speed,Grid\G 01.ElmSym,-3.942972757242945e-05,-0.0,3.942972757242945e-05
152,157,g1,area_1,speed,Speed,Grid\G 01.ElmSym,1.0979823762403205e-06,0.0,1.0979823762403205e-06
153,157,g1,area_1,speed,Speed,Grid\G 01.ElmSym,6.980737899628314e-06,3.132128079097065e-05,3.208976989649714e-05
154,157,g1,area_1,speed,Speed,Grid\G 01.ElmSym,6.980737899628314e-06,-3.132128079097065e-05,3.208976989649714e-05
155,157,g1,area_1,speed,Speed,Grid\G 01.ElmSym,2.999724061720402e-06,0.0,2.999724061720402e-06
156,157,g1,area_1,speed,Speed,Grid\G 01.ElmSym,1.2807659562883826e-09,0.0,1.2807659562883826e-09
157,157,g1,area_1,speed,Speed,Grid\G 01.ElmSym,3.739554862921025e-05,0.0,3.739554862921025e-05
158,157,g1,area_1,speed,Speed,Grid\G 01.ElmSym,-0.0001328412186399361,-0.0,0.0001328412186399361
159,157,g1,area_1,speed,Speed,Grid\G 01.ElmSym,7.77165627720526e-08,3.888375194032179e-08,8.690115243228292e-08
160,157,g1,area_1,speed,Speed,Grid\G 01.ElmSym,7.77165627720526e-08,-3.888375194032179e-08,8.690115243228292e-08
161,157,g1,area_1,speed,Speed,Grid\G 01.ElmSym,1.2222656465329082e-07,0.0,1.2222656465329082e-07
162,157,g1,area_1,speed,Speed,Grid\G 01.ElmSym,-6.597486468613828e-07,-0.0,6.597486468613828e-07
163,157,g1,area_1,speed,Speed,Grid\G 01.ElmSym,4.435299865281326e-05,1.8285878038886466e-05,4.7974595622573884e-05
164,157,g1,area_1,speed,Speed,Grid\G 01.ElmSym,4.435299865281326e-05,-1.8285878038886466e-05,4.7974595622573884e-05
165,157,g1,area_1,speed,Speed,Grid\G 01.ElmSym,1.013857903715411e-08,-0.0,1.013857903715411e-08
166,157,g1,area_1,speed,Speed,Grid\G 01.ElmSym,1.3854450859019839e-06,0.0,1.3854450859019839e-06
170,157,g1,area_1,speed,Speed,Grid\G 01.ElmSym,-2.2514150745811394e-07,-0.0,2.2514150745811394e-07
171,157,g1,area_1,speed,Speed,Grid\G 01.ElmSym,-6.404099813580446e-06,-0.0,6.404099813580446e-06
172,157,g1,area_1,speed,Speed,Grid\G 01.ElmSym,-1.911697540208069e-06,-0.0,1.911697540208069e-06
173,157,g1,area_1,speed,Speed,Grid\G 01.ElmSym,-1.6124288698783208e-08,0.0,1.6124288698783208e-08
174,157,g1,area_1,speed,Speed,Grid\G 01.ElmSym,-2.750576482139785e-09,0.0,2.750576482139785e-09
1,158,g1,area_1,phi,Rotor position d-axis referred to the reference bus voltage,Grid\G 01.ElmSym,7.818765207540477e-06,0.0,7.818765207540477e-06
5,158,g1,area_1,phi,Rotor position d-axis referred to the reference bus voltage,Grid\G 01.ElmSym,-2.1299532619969908e-07,6.836506056935224e-09,2.1310501354492514e-07
6,158,g1,area_1,phi,Rotor position d-axis referred to the reference bus voltage,Grid\G 01.ElmSym,-2.1299532619969908e-07,-6.836506056935224e-09,2.1310501354492514e-07
7,158,g1,area_1,phi,Rotor position d-axis referred to the reference bus voltage,Grid\G 01.ElmSym,-1.4018553355603912e-09,2.117305811121094e-09,2.5393271312783415e-09
8,158,g1,area_1,phi,Rotor position d-axis referred to the reference bus voltage,Grid\G 01.ElmSym,-1.4018553355603912e-09,-2.117305811121094e-09,2.5393271312783415e-09
9,158,g1,area_1,phi,Rotor position d-axis referred to the reference bus voltage,Grid\G 01.ElmSym,-2.572479588994169e-06,1.1370186780687607e-06,2.8125544812623345e-06
10,158,g1,area_1,phi,Rotor position d-axis referred to the reference bus voltage,Grid\G 01.ElmSym,-2.572479588994169e-06,-1.1370186780687607e-06,2.8125544812623345e-06
11,158,g1,area_1,phi,Rotor position d-axis referred to the reference bus voltage,Grid\G 01.ElmSym,3.757494765968825e-05,5.742112705887188e-05,6.862260942531564e-05
12,158,g1,area_1,phi,Rotor position d-axis referred to the reference bus voltage,Grid\G 01.ElmSym,3.757494765968825e-05,-5.742112705887188e-05,6.862260942531564e-05
13,158,g1,area_1,phi,Rotor position d-axis referred to the reference bus voltage,Grid\G 01.ElmSym,-0.002879502172584339,-0.0,0.002879502172584339
14,158,g1,area_1,phi,Rotor position d-axis referred to the reference bus voltage,Grid\G 01.ElmSym,-0.04242093238824849,-0.04719227087073358,0.06345585815844774
15,158,g1,area_1,phi,Rotor position d-axis referred to the reference bus voltage,Grid\G 01.ElmSym,-0.04242093238824849,0.04719227087073358,0.06345585815844774
19,158,g1,area_1,phi,Rotor position d-axis referred to the reference bus voltage,Grid\G 01.ElmSym,3.77064177535414e-10,0.0,3.77064177535414e-10
20,158,g1,area_1,phi,Rotor position d-axis referred to the reference bus voltage,Grid\G 01.ElmSym,-1.31565799401361e-12,0.0,1.31565799401361e-12
21,158,g1,area_1,phi,Rotor position d-axis referred to the reference bus voltage,Grid\G 01.ElmSym,-2.9840373591325838e-06,-0.0,2.9840373591325838e-06
22,158,g1,area_1,phi,Rotor position d-axis referred to the reference bus voltage,Grid\G 01.ElmSym,0.0005261154897445847,0.00012850855757172227,0.000541582826461797
23,158,g1,area_1,phi,Rotor position d-axis referred to the reference bus voltage,Grid\G 01.ElmSym,0.0005261154897445847,-0.00012850855757172227,0.000541582826461797
24,158,g1,area_1,phi,Rotor position d-axis referred to the reference bus voltage,Grid\G 01.ElmSym,-0.0024457744476050923,-0.004979414149375755,0.00554764616027027
25,158,g1,area_1,phi,Rotor position d-axis referred to the reference bus voltage,Grid\G 01.ElmSym,-0.0024457744476050923,0.004979414149375755,0.00554764616027027
26,158,g1,area_1,phi,Rotor position d-axis referred to the reference bus voltage,Grid\G 01.ElmSym,-0.006893333200509456,0.0,0.006893333200509456
27,158,g1,area_1,phi,Rotor position d-axis referred to the reference bus voltage,Grid\G 01.ElmSym,-0.0023787592449736996,-0.005066333074155599,0.005596983684434927
28,158,g1,area_1,phi,Rotor position d-axis referred to the reference bus voltage,Grid\G 01.ElmSym,-0.0023787592449736996,0.005066333074155599,0.005596983684434927
29,158,g1,area_1,phi,Rotor position d-axis referred to the reference bus voltage,Grid\G 01.ElmSym,1.4956086896782905e-05,-1.2334566356711247e-05,1.9386233839305514e-05
30,158,g1,area_1,phi,Rotor position d-axis referred to the reference bus voltage,Grid\G 01.ElmSym,1.4956086896782905e-05,1.2334566356711247e-05,1.9386233839305514e-05
31,158,g1,area_1,phi,Rotor position d-axis referred to the reference bus voltage,Grid\G 01.ElmSym,3.639896015328791e-05,-6.559699486756486e-05,7.501899783318871e-05
32,158,g1,area_1,phi,Rotor position d-axis referred to the reference bus voltage,Grid\G 01.ElmSym,3.639896015328791e-05,6.559699486756486e-05,7.501899783318871e-05
33,158,g1,area_1,phi,Rotor position d-axis referred to the reference bus voltage,Grid\G 01.ElmSym,2.761178141299894e-08,2.1091680248701054e-07,2.1271649687822487e-07
34,158,g1,area_1,phi,Rotor position d-axis referred to the reference bus voltage,Grid\G 01.ElmSym,2.761178141299894e-08,-2.1091680248701054e-07,2.1271649687822487e-07
35,158,g1,area_1,phi,Rotor position d-axis referred to the reference bus voltage,Grid\G 01.ElmSym,-0.24631405886140437,0.09817789028577079,0.2651594119275124
36,158,g1,area_1,phi,Rotor position d-axis referred to the reference bus voltage,Grid\G 01.ElmSym,-0.24631405886140437,-0.09817789028577079,0.2651594119275124
37,158,g1,area_1,phi,Rotor position d-axis referred to the reference bus voltage,Grid\G 01.ElmSym,0.08168929220371697,-0.015536045696803898,0.08315352774619628
38,158,g1,area_1,phi,Rotor position d-axis referred to the reference bus voltage,Grid\G 01.ElmSym,0.08168929220371697,0.015536045696803898,0.08315352774619628
39,158,g1,area_1,phi,Rotor position d-axis referred to the reference bus voltage,Grid\G 01.ElmSym,0.9999999999999999,0.0,0.9999999999999999
40,158,g1,area_1,phi,Rotor position d-axis referred to the reference bus voltage,Grid\G 01.ElmSym,0.9999999999999999,0.0,0.9999999999999999
41,158,g1,area_1,phi,Rotor position d-axis referred to the reference bus voltage,Grid\G 01.ElmSym,4.499805032076015e-05,0.00032779579311739975,0.00033086992386455253
42,158,g1,area_1,phi,Rotor position d-axis referred to the reference bus voltage,Grid\G 01.ElmSym,4.499805032076015e-05,-0.00032779579311739975,0.00033086992386455253
43,158,g1,area_1,phi,Rotor position d-axis referred to the reference bus voltage,Grid\G 01.ElmSym,-0.006033478912854508,0.00048619411976174085,0.0060530366357681095
44,158,g1,area_1,phi,Rotor position d-axis referred to the reference bus voltage,Grid\G 01.ElmSym,-0.006033478912854508,-0.00048619411976174085,0.0060530366357681095
45,158,g1,area_1,phi,Rotor position d-axis referred to the reference bus voltage,Grid\G 01.ElmSym,-0.032668934707046356,0.018124889225559333,0.03736001745626004
46,158,g1,area_1,phi,Rotor position d-axis referred to the reference bus voltage,Grid\G 01.ElmSym,-0.032668934707046356,-0.018124889225559333,0.03736001745626004
47,158,g1,area_1,phi,Rotor position d-axis referred to the reference bus voltage,Grid\G 01.ElmSym,-0.05960818723345,0.022676394930687502,0.06377581730021609
48,158,g1,area_1,phi,Rotor position d-axis referred to the reference bus voltage,Grid\G 01.ElmSym,-0.05960818723345,-0.022676394930687502,0.06377581730021609
49,158,g1,area_1,phi,Rotor position d-axis referred to the reference bus voltage,Grid\G 01.ElmSym,-0.0029013478145794376,0.0027072911508093885,0.00396827979311133
50,158,g1,area_1,phi,Rotor position d-axis referred to the reference bus voltage,Grid\G 01.ElmSym,-0.0029013478145794376,-0.0027072911508093885,0.00396827979311133
51,158,g1,area_1,phi,Rotor position d-axis referred to the reference bus voltage,Grid\G 01.ElmSym,-0.0005136251740182329,-0.0,0.0005136251740182329
52,158,g1,area_1,phi,Rotor position d-axis referred to the reference bus voltage,Grid\G 01.ElmSym,4.030286570349091e-15,0.0,4.030286570349091e-15
53,158,g1,area_1,phi,Rotor position d-axis referred to the reference bus voltage,Grid\G 01.ElmSym,-1.3906271601532388e-13,0.0,1.3906271601532388e-13
54,158,g1,area_1,phi,Rotor position d-axis referred to the reference bus voltage,Grid\G 01.ElmSym,-3.6670448218351355e-15,-0.0,3.6670448218351355e-15
55,158,g1,area_1,phi,Rotor position d-axis referred to the reference bus voltage,Grid\G 01.ElmSym,-1.0381712215137898e-15,-0.0,1.0381712215137898e-15
56,158,g1,area_1,phi,Rotor position d-axis referred to the reference bus voltage,Grid\G 01.ElmSym,5.261024735571019e-14,0.0,5.261024735571019e-14
57,158,g1,area_1,phi,Rotor position d-axis referred to the reference bus voltage,Grid\G 01.ElmSym,0.0010768701927830124,0.0,0.0010768701927830124
58,158,g1,area_1,phi,Rotor position d-axis referred to the reference bus voltage,Grid\G 01.ElmSym,0.0006389859807080486,0.0,0.0006389859807080486
59,158,g1,area_1,phi,Rotor position d-axis referred to the reference bus voltage,Grid\G 01.ElmSym,0.0001227123338120678,0.0,0.0001227123338120678
60,158,g1,area_1,phi,Rotor position d-axis referred to the reference bus voltage,Grid\G 01.ElmSym,0.0002841182195707707,-6.85969164778454e-05,0.00029228188387639284
61,158,g1,area_1,phi,Rotor position d-axis referred to the reference bus voltage,Grid\G 01.ElmSym,0.0002841182195707707,6.85969164778454e-05,0.00029228188387639284
62,158,g1,area_1,phi,Rotor position d-axis referred to the reference bus voltage,Grid\G 01.ElmSym,9.504183256848321e-06,0.0,9.504183256848321e-06
63,158,g1,area_1,phi,Rotor position d-axis referred to the reference bus voltage,Grid\G 01.ElmSym,-0.00011668313402424443,-0.0,0.00011668313402424443
64,158,g1,area_1,phi,Rotor position d-axis referred to the reference bus voltage,Grid\G 01.ElmSym,-0.03215474130867169,-0.0,0.03215474130867169
65,158,g1,area_1,phi,Rotor position d-axis referred to the reference bus voltage,Grid\G 01.ElmSym,-0.0015903948278693156,0.001612905856983102,0.0022651315661576625
66,158,g1,area_1,phi,Rotor position d-axis referred to the reference bus voltage,Grid\G 01.ElmSym,-0.0015903948278693156,-0.001612905856983102,0.0022651315661576625
67,158,g1,area_1,phi,Rotor position d-axis referred to the reference bus voltage,Grid\G 01.ElmSym,0.0066844904209202825,0.0,0.0066844904209202825
68,158,g1,area_1,phi,Rotor position d-axis referred to the reference bus voltage,Grid\G 01.ElmSym,0.00043369766101117324,6.437568894011411e-05,0.00043844941611670196
69,158,g1,area_1,phi,Rotor position d-axis referred to the reference bus voltage,Grid\G 01.ElmSym,0.00043369766101117324,-6.437568894011411e-05,0.00043844941611670196
70,158,g1,area_1,phi,Rotor position d-axis referred to the reference bus voltage,Grid\G 01.ElmSym,-0.0022513191211930837,0.0009022658613391292,0.002425390993218957
71,158,g1,area_1,phi,Rotor position d-axis referred to the reference bus voltage,Grid\G 01.ElmSym,-0.0022513191211930837,-0.0009022658613391292,0.002425390993218957
72,158,g1,area_1,phi,Rotor position d-axis referred to the reference bus voltage,Grid\G 01.ElmSym,-0.003611672394440441,-0.0008816110997712622,0.0037177164518025097
73,158,g1,area_1,phi,Rotor position d-axis referred to the reference bus voltage,Grid\G 01.ElmSym,-0.003611672394440441,0.0008816110997712622,0.0037177164518025097
74,158,g1,area_1,phi,Rotor position d-axis referred to the reference bus voltage,Grid\G 01.ElmSym,-0.0032017654762251063,0.0,0.0032017654762251063
75,158,g1,area_1,phi,Rotor position d-axis referred to the reference bus voltage,Grid\G 01.ElmSym,-0.023600790053899194,-0.014057820656721745,0.02747034060190699
76,158,g1,area_1,phi,Rotor position d-axis referred to the reference bus voltage,Grid\G 01.ElmSym,-0.023600790053899194,0.014057820656721745,0.02747034060190699
77,158,g1,area_1,phi,Rotor position d-axis referred to the reference bus voltage,Grid\G 01.ElmSym,1.9274320140204296e-05,0.0,1.9274320140204296e-05
78,158,g1,area_1,phi,Rotor position d-axis referred to the reference bus voltage,Grid\G 01.ElmSym,6.00225744985512e-06,0.0,6.00225744985512e-06
79,158,g1,area_1,phi,Rotor position d-axis referred to the reference bus voltage,Grid\G 01.ElmSym,2.2011457912471172e-07,0.0,2.2011457912471172e-07
81,158,g1,area_1,phi,Rotor position d-axis referred to the reference bus voltage,Grid\G 01.ElmSym,-3.9687974449240435e-15,0.0,3.9687974449240435e-15
85,158,g1,area_1,phi,Rotor position d-axis referred to the reference bus voltage,Grid\G 01.ElmSym,6.132859906590932e-16,0.0,6.132859906590932e-16
89,158,g1,area_1,phi,Rotor position d-axis referred to the reference bus voltage,Grid\G 01.ElmSym,-1.52542197020747e-16,-0.0,1.52542197020747e-16
90,158,g1,area_1,phi,Rotor position d-axis referred to the reference bus voltage,Grid\G 01.ElmSym,1.7177956112630106e-14,0.0,1.7177956112630106e-14
91,158,g1,area_1,phi,Rotor position d-axis referred to the reference bus voltage,Grid\G 01.ElmSym,0.002325395324114923,0.0,0.002325395324114923
92,158,g1,area_1,phi,Rotor position d-axis referred to the reference bus voltage,Grid\G 01.ElmSym,-0.00019137557835526226,-0.0,0.00019137557835526226
93,158,g1,area_1,phi,Rotor position d-axis referred to the reference bus voltage,Grid\G 01.ElmSym,-0.002287793593079387,0.0,0.002287793593079387
94,158,g1,area_1,phi,Rotor position d-axis referred to the reference bus voltage,Grid\G 01.ElmSym,0.0017687025963419587,0.00445040170801562,0.004788985721112053
95,158,g1,area_1,phi,Rotor position d-axis referred to the reference bus voltage,Grid\G 01.ElmSym,0.0017687025963419587,-0.00445040170801562,0.004788985721112053
96,158,g1,area_1,phi,Rotor position d-axis referred to the reference bus voltage,Grid\G 01.ElmSym,-0.0002985631009607672,0.0,0.0002985631009607672
97,158,g1,area_1,phi,Rotor position d-axis referred to the reference bus voltage,Grid\G 01.ElmSym,-0.0012454616238618704,0.0,0.0012454616238618704
98,158,g1,area_1,phi,Rotor position d-axis referred to the reference bus voltage,Grid\G 01.ElmSym,0.0004966672513029214,0.0,0.0004966672513029214
99,158,g1,area_1,phi,Rotor position d-axis referred to the reference bus voltage,Grid\G 01.ElmSym,0.003057468135897365,0.0,0.003057468135897365
100,158,g1,area_1,phi,Rotor position d-axis referred to the reference bus voltage,Grid\G 01.ElmSym,0.00035830335471837205,0.0,0.00035830335471837205
101,158,g1,area_1,phi,Rotor position d-axis referred to the reference bus voltage,Grid\G 01.ElmSym,-0.0001635138760655617,-0.0,0.0001635138760655617
102,158,g1,area_1,phi,Rotor position d-axis referred to the reference bus voltage,Grid\G 01.ElmSym,1.3640159007022236e-06,-8.779981480928163e-07,1.6221652583577648e-06
103,158,g1,area_1,phi,Rotor position d-axis referred to the reference bus voltage,Grid\G 01.ElmSym,1.3640159007022236e-06,8.779981480928163e-07,1.6221652583577648e-06
104,158,g1,area_1,phi,Rotor position d-axis referred to the reference bus voltage,Grid\G 01.ElmSym,-0.0001533201135271234,0.0005292138706854777,0.0005509758417007732
105,158,g1,area_1,phi,Rotor position d-axis referred to the reference bus voltage,Grid\G 01.ElmSym,-0.0001533201135271234,-0.0005292138706854777,0.0005509758417007732
106,158,g1,area_1,phi,Rotor position d-axis referred to the reference bus voltage,Grid\G 01.ElmSym,-0.0007339729053935095,0.0015581112306181251,0.0017223318010273507
107,158,g1,area_1,phi,Rotor position d-axis referred to the reference bus voltage,Grid\G 01.ElmSym,-0.0007339729053935095,-0.0015581112306181251,0.0017223318010273507
108,158,g1,area_1,phi,Rotor position d-axis referred to the reference bus voltage,Grid\G 01.ElmSym,-4.4052308456393136e-05,0.0,4.4052308456393136e-05
112,158,g1,area_1,phi,Rotor position d-axis referred to the reference bus voltage,Grid\G 01.ElmSym,-1.6548534178651174e-05,0.0,1.6548534178651174e-05
113,158,g1,area_1,phi,Rotor position d-axis referred to the reference bus voltage,Grid\G 01.ElmSym,-1.5102522092380539e-06,0.0,1.5102522092380539e-06
114,158,g1,area_1,phi,Rotor position d-axis referred to the reference bus voltage,Grid\G 01.ElmSym,-1.944729797467122e-05,-0.0,1.944729797467122e-05
115,158,g1,area_1,phi,Rotor position d-axis referred to the reference bus voltage,Grid\G 01.ElmSym,-2.0547070880815243e-06,0.0,2.0547070880815243e-06
116,158,g1,area_1,phi,Rotor position d-axis referred to the reference bus voltage,Grid\G 01.ElmSym,-5.885178328619282e-07,-0.0,5.885178328619282e-07
117,158,g1,area_1,phi,Rotor position d-axis referred to the reference bus voltage,Grid\G 01.ElmSym,-1.657405117002426e-06,-0.0,1.657405117002426e-06
118,158,g1,area_1,phi,Rotor position d-axis referred to the reference bus voltage,Grid\G 01.ElmSym,-0.00015571924849189619,0.0,0.00015571924849189619
119,158,g1,area_1,phi,Rotor position d-axis referred to the reference bus voltage,Grid\G 01.ElmSym,-4.3389501377280224e-06,-0.0,4.3389501377280224e-06
120,158,g1,area_1,phi,Rotor position d-axis referred to the reference bus voltage,Grid\G 01.ElmSym,4.609693502865845e-06,0.0,4.609693502865845e-06
121,158,g1,area_1,phi,Rotor position d-axis referred to the reference bus voltage,Grid\G 01.ElmSym,-8.67822310920645e-05,0.0,8.67822310920645e-05
122,158,g1,area_1,phi,Rotor position d-axis referred to the reference bus voltage,Grid\G 01.ElmSym,2.7401860806560983e-08,0.0,2.7401860806560983e-08
123,158,g1,area_1,phi,Rotor position d-axis referred to the reference bus voltage,Grid\G 01.ElmSym,-2.096743443059411e-05,-0.0,2.096743443059411e-05
124,158,g1,area_1,phi,Rotor position d-axis referred to the reference bus voltage,Grid\G 01.ElmSym,0.00021894590513788357,0.0,0.00021894590513788357
125,158,g1,area_1,phi,Rotor position d-axis referred to the reference bus voltage,Grid\G 01.ElmSym,-0.00019337122473397304,0.0,0.00019337122473397304
126,158,g1,area_1,phi,Rotor position d-axis referred to the reference bus voltage,Grid\G 01.ElmSym,0.0002733916248387597,0.0,0.0002733916248387597
127,158,g1,area_1,phi,Rotor position d-axis referred to the reference bus voltage,Grid\G 01.ElmSym,0.0005933664234999156,0.0,0.0005933664234999156
128,158,g1,area_1,phi,Rotor position d-axis referred to the reference bus voltage,Grid\G 01.ElmSym,-5.8783843207000014e-05,0.0,5.8783843207000014e-05
129,158,g1,area_1,phi,Rotor position d-axis referred to the reference bus voltage,Grid\G 01.ElmSym,-1.6127562302735227e-05,0.0,1.6127562302735227e-05
130,158,g1,area_1,phi,Rotor position d-axis referred to the reference bus voltage,Grid\G 01.ElmSym,-0.00021083460873113423,-0.0,0.00021083460873113423
131,158,g1,area_1,phi,Rotor position d-axis referred to the reference bus voltage,Grid\G 01.ElmSym,4.2261318964808536e-06,0.0,4.2261318964808536e-06
132,158,g1,area_1,phi,Rotor position d-axis referred to the reference bus voltage,Grid\G 01.ElmSym,-0.00734382155658966,0.04732599571049655,0.04789239590002748
133,158,g1,area_1,phi,Rotor position d-axis referred to the reference bus voltage,Grid\G 01.ElmSym,-0.00734382155658966,-0.04732599571049655,0.04789239590002748
134,158,g1,area_1,phi,Rotor position d-axis referred to the reference bus voltage,Grid\G 01.ElmSym,6.439919218664822e-05,0.0,6.439919218664822e-05
135,158,g1,area_1,phi,Rotor position d-axis referred to the reference bus voltage,Grid\G 01.ElmSym,1.4993384433774055e-05,0.0,1.4993384433774055e-05
136,158,g1,area_1,phi,Rotor position d-axis referred to the reference bus voltage,Grid\G 01.ElmSym,-3.709125195150385e-08,0.0,3.709125195150385e-08
140,158,g1,area_1,phi,Rotor position d-axis referred to the reference bus voltage,Grid\G 01.ElmSym,0.0003127738397058912,0.0,0.0003127738397058912
141,158,g1,area_1,phi,Rotor position d-axis referred to the reference bus voltage,Grid\G 01.ElmSym,-4.068533234051422e-05,0.0,4.068533234051422e-05
142,158,g1,area_1,phi,Rotor position d-axis referred to the reference bus voltage,Grid\G 01.ElmSym,-0.0004092382572872314,-0.0,0.0004092382572872314
143,158,g1,area_1,phi,Rotor position d-axis referred to the reference bus voltage,Grid\G 01.ElmSym,1.3444630722915028e-05,0.0,1.3444630722915028e-05
144,158,g1,area_1,phi,Rotor position d-axis referred to the reference bus voltage,Grid\G 01.ElmSym,1.1297162978573695e-05,-0.0,1.1297162978573695e-05
145,158,g1,area_1,phi,Rotor position d-axis referred to the reference bus voltage,Grid\G 01.ElmSym,-0.003190478230565202,-0.0,0.003190478230565202
146,158,g1,area_1,phi,Rotor position d-axis referred to the reference bus voltage,Grid\G 01.ElmSym,0.0016879313757646418,0.0013163986161381141,0.002140564795996855
147,158,g1,area_1,phi,Rotor position d-axis referred to the reference bus voltage,Grid\G 01.ElmSym,0.0016879313757646418,-0.0013163986161381141,0.002140564795996855
148,158,g1,area_1,phi,Rotor position d-axis referred to the reference bus voltage,Grid\G 01.ElmSym,0.0012289072987701846,-0.0006429583136132218,0.0013869421552519736
149,158,g1,area_1,phi,Rotor position d-axis referred to the reference bus voltage,Grid\G 01.ElmSym,0.0012289072987701846,0.0006429583136132218,0.0013869421552519736
150,158,g1,area_1,phi,Rotor position d-axis referred to the reference bus voltage,Grid\G 01.ElmSym,-0.0004222999550521913,-0.0,0.0004222999550521913
151,158,g1,area_1,phi,Rotor position d-axis referred to the reference bus voltage,Grid\G 01.ElmSym,3.237088168309756e-06,0.0,3.237088168309756e-06
152,158,g1,area_1,phi,Rotor position d-axis referred to the reference bus voltage,Grid\G 01.ElmSym,-3.5468915963077663e-06,0.0,3.5468915963077663e-06
153,158,g1,area_1,phi,Rotor position d-axis referred to the reference bus voltage,Grid\G 01.ElmSym,0.0005892080965412012,-0.00020982625194932073,0.0006254544244281955
154,158,g1,area_1,phi,Rotor position d-axis referred to the reference bus voltage,Grid\G 01.ElmSym,0.0005892080965412012,0.00020982625194932073,0.0006254544244281955
155,158,g1,area_1,phi,Rotor position d-axis referred to the reference bus voltage,Grid\G 01.ElmSym,-6.331195855360167e-06,-0.0,6.331195855360167e-06
156,158,g1,area_1,phi,Rotor position d-axis referred to the reference bus voltage,Grid\G 01.ElmSym,3.1690117644116724e-08,0.0,3.1690117644116724e-08
157,158,g1,area_1,phi,Rotor position d-axis referred to the reference bus voltage,Grid\G 01.ElmSym,-7.123261529436616e-05,-0.0,7.123261529436616e-05
158,158,g1,area_1,phi,Rotor position d-axis referred to the reference bus voltage,Grid\G 01.ElmSym,0.0002444525208150274,0.0,0.0002444525208150274
159,158,g1,area_1,phi,Rotor position d-axis referred to the reference bus voltage,Grid\G 01.ElmSym,-1.2880132429443038e-06,-9.80200069865349e-07,1.6185704467102869e-06
160,158,g1,area_1,phi,Rotor position d-axis referred to the reference bus voltage,Grid\G 01.ElmSym,-1.2880132429443038e-06,9.80200069865349e-07,1.6185704467102869e-06
161,158,g1,area_1,phi,Rotor position d-axis referred to the reference bus voltage,Grid\G 01.ElmSym,-0.00013418601946350116,0.0,0.00013418601946350116
162,158,g1,area_1,phi,Rotor position d-axis referred to the reference bus voltage,Grid\G 01.ElmSym,-3.535869499103181e-05,-0.0,3.535869499103181e-05
163,158,g1,area_1,phi,Rotor position d-axis referred to the reference bus voltage,Grid\G 01.ElmSym,-8.470904306581641e-05,-3.619104677353025e-05,9.211630606841654e-05
164,158,g1,area_1,phi,Rotor position d-axis referred to the reference bus voltage,Grid\G 01.ElmSym,-8.470904306581641e-05,3.619104677353025e-05,9.211630606841654e-05
165,158,g1,area_1,phi,Rotor position d-axis referred to the reference bus voltage,Grid\G 01.ElmSym,-7.40048698413858e-08,0.0,7.40048698413858e-08
166,158,g1,area_1,phi,Rotor position d-axis referred to the reference bus voltage,Grid\G 01.ElmSym,4.181801320022026e-05,0.0,4.181801320022026e-05
170,158,g1,area_1,phi,Rotor position d-axis referred to the reference bus voltage,Grid\G 01.ElmSym,-2.4579196269853888e-05,-0.0,2.4579196269853888e-05
171,158,g1,area_1,phi,Rotor position d-axis referred to the reference bus voltage,Grid\G 01.ElmSym,5.4678037295692854e-05,0.0,5.4678037295692854e-05
172,158,g1,area_1,phi,Rotor position d-axis referred to the reference bus voltage,Grid\G 01.ElmSym,3.656269976882313e-05,0.0,3.656269976882313e-05
173,158,g1,area_1,phi,Rotor position d-axis referred to the reference bus voltage,Grid\G 01.ElmSym,1.5058915993546143e-07,0.0,1.5058915993546143e-07
174,158,g1,area_1,phi,Rotor position d-axis referred to the reference bus voltage,Grid\G 01.ElmSym,3.662557285941882e-08,0.0,3.662557285941882e-08
1,159,g2,area_2,psi1d,Flux in 1d-damper winding,Grid\G 02.ElmSym,-5.834634973796527e-06,-0.0,5.834634973796527e-06
5,159,g2,area_2,psi1d,Flux in 1d-damper winding,Grid\G 02.ElmSym,-2.1962228522721485e-07,1.608683542485558e-07,2.7223624954635076e-07
6,159,g2,area_2,psi1d,Flux in 1d-damper winding,Grid\G 02.ElmSym,-2.1962228522721485e-07,-1.608683542485558e-07,2.7223624954635076e-07
7,159,g2,area_2,psi1d,Flux in 1d-damper winding,Grid\G 02.ElmSym,-1.1842271228593804e-10,-4.1233709147124857e-10,4.290056127699577e-10
8,159,g2,area_2,psi1d,Flux in 1d-damper winding,Grid\G 02.ElmSym,-1.1842271228593804e-10,4.1233709147124857e-10,4.290056127699577e-10
9,159,g2,area_2,psi1d,Flux in 1d-damper winding,Grid\G 02.ElmSym,-4.017264687732229e-07,-2.7584326328366624e-07,4.873126938752829e-07
10,159,g2,area_2,psi1d,Flux in 1d-damper winding,Grid\G 02.ElmSym,-4.017264687732229e-07,2.7584326328366624e-07,4.873126938752829e-07
11,159,g2,area_2,psi1d,Flux in 1d-damper winding,Grid\G 02.ElmSym,9.745974195464771e-05,4.969615940934891e-06,9.758636372192026e-05
12,159,g2,area_2,psi1d,Flux in 1d-damper winding,Grid\G 02.ElmSym,9.745974195464771e-05,-4.969615940934891e-06,9.758636372192026e-05
13,159,g2,area_2,psi1d,Flux in 1d-damper winding,Grid\G 02.ElmSym,4.650905466919675e-06,0.0,4.650905466919675e-06
14,159,g2,area_2,psi1d,Flux in 1d-damper winding,Grid\G 02.ElmSym,-0.0006000644645361444,0.0034646856790700956,0.0035162656635061664
15,159,g2,area_2,psi1d,Flux in 1d-damper winding,Grid\G 02.ElmSym,-0.0006000644645361444,-0.0034646856790700956,0.0035162656635061664
19,159,g2,area_2,psi1d,Flux in 1d-damper winding,Grid\G 02.ElmSym,-1.7253765843041005e-10,-0.0,1.7253765843041005e-10
20,159,g2,area_2,psi1d,Flux in 1d-damper winding,Grid\G 02.ElmSym,-6.47380841294094e-13,0.0,6.47380841294094e-13
21,159,g2,area_2,psi1d,Flux in 1d-damper winding,Grid\G 02.ElmSym,-5.248907552296252e-07,-0.0,5.248907552296252e-07
22,159,g2,area_2,psi1d,Flux in 1d-damper winding,Grid\G 02.ElmSym,0.0018632686266825452,-0.00035735819224193884,0.0018972282026002787
23,159,g2,area_2,psi1d,Flux in 1d-damper winding,Grid\G 02.ElmSym,0.0018632686266825452,0.00035735819224193884,0.0018972282026002787
24,159,g2,area_2,psi1d,Flux in 1d-damper winding,Grid\G 02.ElmSym,0.002321077367037658,-0.0020095499680556654,0.0030701288601436573
25,159,g2,area_2,psi1d,Flux in 1d-damper winding,Grid\G 02.ElmSym,0.002321077367037658,0.0020095499680556654,0.0030701288601436573
26,159,g2,area_2,psi1d,Flux in 1d-damper winding,Grid\G 02.ElmSym,-1.1934214107405218e-05,0.0,1.1934214107405218e-05
27,159,g2,area_2,psi1d,Flux in 1d-damper winding,Grid\G 02.ElmSym,0.02298153716102074,-0.018871889031784248,0.029737169433410367
28,159,g2,area_2,psi1d,Flux in 1d-damper winding,Grid\G 02.ElmSym,0.02298153716102074,0.018871889031784248,0.029737169433410367
29,159,g2,area_2,psi1d,Flux in 1d-damper winding,Grid\G 02.ElmSym,-3.2691673779972254e-07,-1.0704015324710124e-06,1.119211326859188e-06
30,159,g2,area_2,psi1d,Flux in 1d-damper winding,Grid\G 02.ElmSym,-3.2691673779972254e-07,1.0704015324710124e-06,1.119211326859188e-06
31,159,g2,area_2,psi1d,Flux in 1d-damper winding,Grid\G 02.ElmSym,1.9623125563357363e-07,9.629166775747347e-07,9.827081121264312e-07
32,159,g2,area_2,psi1d,Flux in 1d-damper winding,Grid\G 02.ElmSym,1.9623125563357363e-07,-9.629166775747347e-07,9.827081121264312e-07
33,159,g2,area_2,psi1d,Flux in 1d-damper winding,Grid\G 02.ElmSym,-7.130019046026796e-09,7.2188310340591285e-09,1.0146363540451331e-08
34,159,g2,area_2,psi1d,Flux in 1d-damper winding,Grid\G 02.ElmSym,-7.130019046026796e-09,-7.2188310340591285e-09,1.0146363540451331e-08
35,159,g2,area_2,psi1d,Flux in 1d-damper winding,Grid\G 02.ElmSym,-0.0010317633423262106,-0.04574978134113941,0.04576141418658995
36,159,g2,area_2,psi1d,Flux in 1d-damper winding,Grid\G 02.ElmSym,-0.0010317633423262106,0.04574978134113941,0.04576141418658995
37,159,g2,area_2,psi1d,Flux in 1d-damper winding,Grid\G 02.ElmSym,-6.332777768958624e-05,0.006199533693596868,0.006199857129440155
38,159,g2,area_2,psi1d,Flux in 1d-damper winding,Grid\G 02.ElmSym,-6.332777768958624e-05,-0.006199533693596868,0.006199857129440155
39,159,g2,area_2,psi1d,Flux in 1d-damper winding,Grid\G 02.ElmSym,-0.0022558538392138346,0.004836159366710524,0.005336413961090138
40,159,g2,area_2,psi1d,Flux in 1d-damper winding,Grid\G 02.ElmSym,-0.0022558538392138346,-0.004836159366710524,0.005336413961090138
41,159,g2,area_2,psi1d,Flux in 1d-damper winding,Grid\G 02.ElmSym,-4.0731814106521895e-08,-4.656940102219805e-06,4.657118228727226e-06
42,159,g2,area_2,psi1d,Flux in 1d-damper winding,Grid\G 02.ElmSym,-4.0731814106521895e-08,4.656940102219805e-06,4.657118228727226e-06
43,159,g2,area_2,psi1d,Flux in 1d-damper winding,Grid\G 02.ElmSym,1.994865501016811e-05,0.00017697656864095916,0.0001780973180164228
44,159,g2,area_2,psi1d,Flux in 1d-damper winding,Grid\G 02.ElmSym,1.994865501016811e-05,-0.00017697656864095916,0.0001780973180164228
45,159,g2,area_2,psi1d,Flux in 1d-damper winding,Grid\G 02.ElmSym,8.292309400939943e-05,-0.0008203690932473093,0.0008245493852253509
46,159,g2,area_2,psi1d,Flux in 1d-damper winding,Grid\G 02.ElmSym,8.292309400939943e-05,0.0008203690932473093,0.0008245493852253509
47,159,g2,area_2,psi1d,Flux in 1d-damper winding,Grid\G 02.ElmSym,-5.396895977859232e-05,-8.05489407980903e-05,9.695762209995442e-05
48,159,g2,area_2,psi1d,Flux in 1d-damper winding,Grid\G 02.ElmSym,-5.396895977859232e-05,8.05489407980903e-05,9.695762209995442e-05
49,159,g2,area_2,psi1d,Flux in 1d-damper winding,Grid\G 02.ElmSym,-0.0002821951784650028,-0.000271114919150078,0.0003913277630511898
50,159,g2,area_2,psi1d,Flux in 1d-damper winding,Grid\G 02.ElmSym,-0.0002821951784650028,0.000271114919150078,0.0003913277630511898
51,159,g2,area_2,psi1d,Flux in 1d-damper winding,Grid\G 02.ElmSym,-0.0001037776067536542,-0.0,0.0001037776067536542
52,159,g2,area_2,psi1d,Flux in 1d-damper winding,Grid\G 02.ElmSym,2.639106518495552e-15,0.0,2.639106518495552e-15
53,159,g2,area_2,psi1d,Flux in 1d-damper winding,Grid\G 02.ElmSym,3.4682682047748482e-15,-0.0,3.4682682047748482e-15
54,159,g2,area_2,psi1d,Flux in 1d-damper winding,Grid\G 02.ElmSym,6.030445453501174e-16,0.0,6.030445453501174e-16
55,159,g2,area_2,psi1d,Flux in 1d-damper winding,Grid\G 02.ElmSym,1.8503180959651233e-16,0.0,1.8503180959651233e-16
56,159,g2,area_2,psi1d,Flux in 1d-damper winding,Grid\G 02.ElmSym,1.6722083050139753e-16,0.0,1.6722083050139753e-16
57,159,g2,area_2,psi1d,Flux in 1d-damper winding,Grid\G 02.ElmSym,1.5051444666276245e-05,0.0,1.5051444666276245e-05
58,159,g2,area_2,psi1d,Flux in 1d-damper winding,Grid\G 02.ElmSym,-1.0730817255152934e-06,0.0,1.0730817255152934e-06
59,159,g2,area_2,psi1d,Flux in 1d-damper winding,Grid\G 02.ElmSym,-2.5234416177997684e-08,0.0,2.5234416177997684e-08
60,159,g2,area_2,psi1d,Flux in 1d-damper winding,Grid\G 02.ElmSym,-1.3246560859563538e-06,-1.2943419569387194e-06,1.8520353256763653e-06
61,159,g2,area_2,psi1d,Flux in 1d-damper winding,Grid\G 02.ElmSym,-1.3246560859563538e-06,1.2943419569387194e-06,1.8520353256763653e-06
62,159,g2,area_2,psi1d,Flux in 1d-damper winding,Grid\G 02.ElmSym,5.9099896970434825e-09,0.0,5.9099896970434825e-09
63,159,g2,area_2,psi1d,Flux in 1d-damper winding,Grid\G 02.ElmSym,-9.79686080745008e-08,-0.0,9.79686080745008e-08
64,159,g2,area_2,psi1d,Flux in 1d-damper winding,Grid\G 02.ElmSym,-5.725707453236077e-07,-0.0,5.725707453236077e-07
65,159,g2,area_2,psi1d,Flux in 1d-damper winding,Grid\G 02.ElmSym,-1.46345383958891e-06,3.3893305595629503e-06,3.69178260229321e-06
66,159,g2,area_2,psi1d,Flux in 1d-damper winding,Grid\G 02.ElmSym,-1.46345383958891e-06,-3.3893305595629503e-06,3.69178260229321e-06
67,159,g2,area_2,psi1d,Flux in 1d-damper winding,Grid\G 02.ElmSym,-1.0713521997832956e-06,-0.0,1.0713521997832956e-06
68,159,g2,area_2,psi1d,Flux in 1d-damper winding,Grid\G 02.ElmSym,1.016350600803307e-06,1.1742622712698846e-06,1.5530165567311738e-06
69,159,g2,area_2,psi1d,Flux in 1d-damper winding,Grid\G 02.ElmSym,1.016350600803307e-06,-1.1742622712698846e-06,1.5530165567311738e-06
70,159,g2,area_2,psi1d,Flux in 1d-damper winding,Grid\G 02.ElmSym,-7.166781636350538e-05,-5.8493642656761693e-05,9.250828143236723e-05
71,159,g2,area_2,psi1d,Flux in 1d-damper winding,Grid\G 02.ElmSym,-7.166781636350538e-05,5.8493642656761693e-05,9.250828143236723e-05
72,159,g2,area_2,psi1d,Flux in 1d-damper winding,Grid\G 02.ElmSym,-3.521850666919233e-05,-3.0318914866282906e-05,4.647127941725787e-05
73,159,g2,area_2,psi1d,Flux in 1d-damper winding,Grid\G 02.ElmSym,-3.521850666919233e-05,3.0318914866282906e-05,4.647127941725787e-05
74,159,g2,area_2,psi1d,Flux in 1d-damper winding,Grid\G 02.ElmSym,-4.227702017795306e-08,0.0,4.227702017795306e-08
75,159,g2,area_2,psi1d,Flux in 1d-damper winding,Grid\G 02.ElmSym,9.089769063347467e-06,-7.289245751184343e-05,7.34570232431242e-05
76,159,g2,area_2,psi1d,Flux in 1d-damper winding,Grid\G 02.ElmSym,9.089769063347467e-06,7.289245751184343e-05,7.34570232431242e-05
77,159,g2,area_2,psi1d,Flux in 1d-damper winding,Grid\G 02.ElmSym,-1.2244703039974167e-06,0.0,1.2244703039974167e-06
78,159,g2,area_2,psi1d,Flux in 1d-damper winding,Grid\G 02.ElmSym,-3.114566235164301e-07,0.0,3.114566235164301e-07
79,159,g2,area_2,psi1d,Flux in 1d-damper winding,Grid\G 02.ElmSym,-4.911494644603001e-09,-0.0,4.911494644603001e-09
90,159,g2,area_2,psi1d,Flux in 1d-damper winding,Grid\G 02.ElmSym,2.268837214832377e-16,0.0,2.268837214832377e-16
91,159,g2,area_2,psi1d,Flux in 1d-damper winding,Grid\G 02.ElmSym,-3.194867082563124e-05,-0.0,3.194867082563124e-05
92,159,g2,area_2,psi1d,Flux in 1d-damper winding,Grid\G 02.ElmSym,0.00010317403782738192,0.0,0.00010317403782738192
93,159,g2,area_2,psi1d,Flux in 1d-damper winding,Grid\G 02.ElmSym,0.007221466967717839,-0.0,0.007221466967717839
94,159,g2,area_2,psi1d,Flux in 1d-damper winding,Grid\G 02.ElmSym,-0.0003286630505563263,3.92628605684313e-05,0.0003309999592462307
95,159,g2,area_2,psi1d,Flux in 1d-damper winding,Grid\G 02.ElmSym,-0.0003286630505563263,-3.92628605684313e-05,0.0003309999592462307
96,159,g2,area_2,psi1d,Flux in 1d-damper winding,Grid\G 02.ElmSym,-0.0001006233223536161,0.0,0.0001006233223536161
97,159,g2,area_2,psi1d,Flux in 1d-damper winding,Grid\G 02.ElmSym,-5.177399732512599e-05,0.0,5.177399732512599e-05
98,159,g2,area_2,psi1d,Flux in 1d-damper winding,Grid\G 02.ElmSym,5.778481932046637e-06,0.0,5.778481932046637e-06
99,159,g2,area_2,psi1d,Flux in 1d-damper winding,Grid\G 02.ElmSym,4.808029371349758e-06,0.0,4.808029371349758e-06
100,159,g2,area_2,psi1d,Flux in 1d-damper winding,Grid\G 02.ElmSym,-2.1076161564535326e-05,0.0,2.1076161564535326e-05
101,159,g2,area_2,psi1d,Flux in 1d-damper winding,Grid\G 02.ElmSym,1.4260059716301235e-05,0.0,1.4260059716301235e-05
102,159,g2,area_2,psi1d,Flux in 1d-damper winding,Grid\G 02.ElmSym,-5.770103405604352e-07,2.1256439711701454e-08,5.774017399894866e-07
103,159,g2,area_2,psi1d,Flux in 1d-damper winding,Grid\G 02.ElmSym,-5.770103405604352e-07,-2.1256439711701454e-08,5.774017399894866e-07
104,159,g2,area_2,psi1d,Flux in 1d-damper winding,Grid\G 02.ElmSym,0.0001289858937056419,-9.257874740381075e-05,0.00015877085767199769
105,159,g2,area_2,psi1d,Flux in 1d-damper winding,Grid\G 02.ElmSym,0.0001289858937056419,9.257874740381075e-05,0.00015877085767199769
106,159,g2,area_2,psi1d,Flux in 1d-damper winding,Grid\G 02.ElmSym,0.00043090557056524954,-0.00017982377049450735,0.00046692204828967384
107,159,g2,area_2,psi1d,Flux in 1d-damper winding,Grid\G 02.ElmSym,0.00043090557056524954,0.00017982377049450735,0.00046692204828967384
108,159,g2,area_2,psi1d,Flux in 1d-damper winding,Grid\G 02.ElmSym,1.0690379367669033e-05,0.0,1.0690379367669033e-05
112,159,g2,area_2,psi1d,Flux in 1d-damper winding,Grid\G 02.ElmSym,-0.00025853126321112655,0.0,0.00025853126321112655
113,159,g2,area_2,psi1d,Flux in 1d-damper winding,Grid\G 02.ElmSym,1.412675770815991e-06,-0.0,1.412675770815991e-06
114,159,g2,area_2,psi1d,Flux in 1d-damper winding,Grid\G 02.ElmSym,6.731367337591835e-07,0.0,6.731367337591835e-07
115,159,g2,area_2,psi1d,Flux in 1d-damper winding,Grid\G 02.ElmSym,1.1892271124715297e-07,-0.0,1.1892271124715297e-07
116,159,g2,area_2,psi1d,Flux in 1d-damper winding,Grid\G 02.ElmSym,-8.016518639978172e-06,-0.0,8.016518639978172e-06
117,159,g2,area_2,psi1d,Flux in 1d-damper winding,Grid\G 02.ElmSym,-2.0406340583741484e-07,-0.0,2.0406340583741484e-07
118,159,g2,area_2,psi1d,Flux in 1d-damper winding,Grid\G 02.ElmSym,4.910657402251334e-05,-0.0,4.910657402251334e-05
119,159,g2,area_2,psi1d,Flux in 1d-damper winding,Grid\G 02.ElmSym,7.888236293350606e-07,0.0,7.888236293350606e-07
120,159,g2,area_2,psi1d,Flux in 1d-damper winding,Grid\G 02.ElmSym,4.6107685250374157e-07,0.0,4.6107685250374157e-07
121,159,g2,area_2,psi1d,Flux in 1d-damper winding,Grid\G 02.ElmSym,1.540820860584701e-05,0.0,1.540820860584701e-05
122,159,g2,area_2,psi1d,Flux in 1d-damper winding,Grid\G 02.ElmSym,3.506514224609548e-07,0.0,3.506514224609548e-07
123,159,g2,area_2,psi1d,Flux in 1d-damper winding,Grid\G 02.ElmSym,-1.89460935391015e-05,-0.0,1.89460935391015e-05
124,159,g2,area_2,psi1d,Flux in 1d-damper winding,Grid\G 02.ElmSym,-1.3377539560360852e-05,-0.0,1.3377539560360852e-05
125,159,g2,area_2,psi1d,Flux in 1d-damper winding,Grid\G 02.ElmSym,-0.00012191707914496099,0.0,0.00012191707914496099
126,159,g2,area_2,psi1d,Flux in 1d-damper winding,Grid\G 02.ElmSym,-0.00026033957288647394,0.0,0.00026033957288647394
127,159,g2,area_2,psi1d,Flux in 1d-damper winding,Grid\G 02.ElmSym,0.0006091156373918338,0.0,0.0006091156373918338
128,159,g2,area_2,psi1d,Flux in 1d-damper winding,Grid\G 02.ElmSym,-0.0005367319513651306,0.0,0.0005367319513651306
129,159,g2,area_2,psi1d,Flux in 1d-damper winding,Grid\G 02.ElmSym,-0.0004957170716518779,0.0,0.0004957170716518779
130,159,g2,area_2,psi1d,Flux in 1d-damper winding,Grid\G 02.ElmSym,-0.0059788095675673315,-0.0,0.0059788095675673315
131,159,g2,area_2,psi1d,Flux in 1d-damper winding,Grid\G 02.ElmSym,4.489082735604343e-06,0.0,4.489082735604343e-06
132,159,g2,area_2,psi1d,Flux in 1d-damper winding,Grid\G 02.ElmSym,1.0,0.0,1.0
133,159,g2,area_2,psi1d,Flux in 1d-damper winding,Grid\G 02.ElmSym,1.0,0.0,1.0
134,159,g2,area_2,psi1d,Flux in 1d-damper winding,Grid\G 02.ElmSym,-0.00022517004038090743,-0.0,0.00022517004038090743
135,159,g2,area_2,psi1d,Flux in 1d-damper winding,Grid\G 02.ElmSym,0.00016253753472235546,0.0,0.00016253753472235546
136,159,g2,area_2,psi1d,Flux in 1d-damper winding,Grid\G 02.ElmSym,4.044106454869767e-06,0.0,4.044106454869767e-06
140,159,g2,area_2,psi1d,Flux in 1d-damper winding,Grid\G 02.ElmSym,0.00024154732598771542,0.0,0.00024154732598771542
141,159,g2,area_2,psi1d,Flux in 1d-damper winding,Grid\G 02.ElmSym,0.0014819522514967294,-0.0,0.0014819522514967294
142,159,g2,area_2,psi1d,Flux in 1d-damper winding,Grid\G 02.ElmSym,0.04061269452359882,0.0,0.04061269452359882
143,159,g2,area_2,psi1d,Flux in 1d-damper winding,Grid\G 02.ElmSym,0.039842821522991304,0.0,0.039842821522991304
144,159,g2,area_2,psi1d,Flux in 1d-damper winding,Grid\G 02.ElmSym,0.0004671212358080659,0.0,0.0004671212358080659
145,159,g2,area_2,psi1d,Flux in 1d-damper winding,Grid\G 02.ElmSym,1.0,0.0,1.0
146,159,g2,area_2,psi1d,Flux in 1d-damper winding,Grid\G 02.ElmSym,-0.0016755543552279704,-0.019699658400935252,0.01977078712421087
147,159,g2,area_2,psi1d,Flux in 1d-damper winding,Grid\G 02.ElmSym,-0.0016755543552279704,0.019699658400935252,0.01977078712421087
148,159,g2,area_2,psi1d,Flux in 1d-damper winding,Grid\G 02.ElmSym,0.005623608695270621,-0.0013848257214333708,0.0057916074656581135
149,159,g2,area_2,psi1d,Flux in 1d-damper winding,Grid\G 02.ElmSym,0.005623608695270621,0.0013848257214333708,0.0057916074656581135
150,159,g2,area_2,psi1d,Flux in 1d-damper winding,Grid\G 02.ElmSym,0.016400825829994824,0.0,0.016400825829994824
151,159,g2,area_2,psi1d,Flux in 1d-damper winding,Grid\G 02.ElmSym,6.8041852408618e-05,0.0,6.8041852408618e-05
152,159,g2,area_2,psi1d,Flux in 1d-damper winding,Grid\G 02.ElmSym,-3.18576651180227e-05,0.0,3.18576651180227e-05
153,159,g2,area_2,psi1d,Flux in 1d-damper winding,Grid\G 02.ElmSym,0.0003441124514359395,-0.00029115212675342073,0.0004507581836709033
154,159,g2,area_2,psi1d,Flux in 1d-damper winding,Grid\G 02.ElmSym,0.0003441124514359395,0.00029115212675342073,0.0004507581836709033
155,159,g2,area_2,psi1d,Flux in 1d-damper winding,Grid\G 02.ElmSym,-5.261466580504928e-05,-0.0,5.261466580504928e-05
156,159,g2,area_2,psi1d,Flux in 1d-damper winding,Grid\G 02.ElmSym,2.6229756801276468e-08,0.0,2.6229756801276468e-08
157,159,g2,area_2,psi1d,Flux in 1d-damper winding,Grid\G 02.ElmSym,-0.0005108926707359453,-0.0,0.0005108926707359453
158,159,g2,area_2,psi1d,Flux in 1d-damper winding,Grid\G 02.ElmSym,0.0017920883019656476,0.0,0.0017920883019656476
159,159,g2,area_2,psi1d,Flux in 1d-damper winding,Grid\G 02.ElmSym,1.2660235712240844e-05,-5.302046820028293e-05,5.45110228895653e-05
160,159,g2,area_2,psi1d,Flux in 1d-damper winding,Grid\G 02.ElmSym,1.2660235712240844e-05,5.302046820028293e-05,5.45110228895653e-05
161,159,g2,area_2,psi1d,Flux in 1d-damper winding,Grid\G 02.ElmSym,0.0008703390910753169,0.0,0.0008703390910753169
162,159,g2,area_2,psi1d,Flux in 1d-damper winding,Grid\G 02.ElmSym,8.922043080221602e-05,0.0,8.922043080221602e-05
163,159,g2,area_2,psi1d,Flux in 1d-damper winding,Grid\G 02.ElmSym,-0.003600892978870027,-0.007129879411214179,0.007987591042594213
164,159,g2,area_2,psi1d,Flux in 1d-damper winding,Grid\G 02.ElmSym,-0.003600892978870027,0.007129879411214179,0.007987591042594213
165,159,g2,area_2,psi1d,Flux in 1d-damper winding,Grid\G 02.ElmSym,-5.329762839755713e-07,0.0,5.329762839755713e-07
166,159,g2,area_2,psi1d,Flux in 1d-damper winding,Grid\G 02.ElmSym,-0.0007181686364703183,0.0,0.0007181686364703183
170,159,g2,area_2,psi1d,Flux in 1d-damper winding,Grid\G 02.ElmSym,0.001049546520433719,0.0,0.001049546520433719
171,159,g2,area_2,psi1d,Flux in 1d-damper winding,Grid\G 02.ElmSym,-0.00017314162986571297,-0.0,0.00017314162986571297
172,159,g2,area_2,psi1d,Flux in 1d-damper winding,Grid\G 02.ElmSym,0.0007390368727196293,0.0,0.0007390368727196293
173,159,g2,area_2,psi1d,Flux in 1d-damper winding,Grid\G 02.ElmSym,9.659792260688057e-07,0.0,9.659792260688057e-07
174,159,g2,area_2,psi1d,Flux in 1d-damper winding,Grid\G 02.ElmSym,4.386708007591314e-07,0.0,4.386708007591314e-07
1,160,g2,area_2,psifd,Field (excitation) flux,Grid\G 02.ElmSym,-0.0005057140160341579,-0.0,0.0005057140160341579
5,160,g2,area_2,psifd,Field (excitation) flux,Grid\G 02.ElmSym,-8.113864632327866e-06,2.4023438565774708e-08,8.113900196412423e-06
6,160,g2,area_2,psifd,Field (excitation) flux,Grid\G 02.ElmSym,-8.113864632327866e-06,-2.4023438565774708e-08,8.113900196412423e-06
7,160,g2,area_2,psifd,Field (excitation) flux,Grid\G 02.ElmSym,5.7120682022504685e-09,-2.8774008891844656e-08,2.933549574926451e-08
8,160,g2,area_2,psifd,Field (excitation) flux,Grid\G 02.ElmSym,5.7120682022504685e-09,2.8774008891844656e-08,2.933549574926451e-08
9,160,g2,area_2,psifd,Field (excitation) flux,Grid\G 02.ElmSym,-5.822766247434003e-06,-3.7788225674645276e-05,3.823420728104843e-05
10,160,g2,area_2,psifd,Field (excitation) flux,Grid\G 02.ElmSym,-5.822766247434003e-06,3.7788225674645276e-05,3.823420728104843e-05
11,160,g2,area_2,psifd,Field (excitation) flux,Grid\G 02.ElmSym,0.002829945571628543,0.0017200119722442521,0.003311651117349707
12,160,g2,area_2,psifd,Field (excitation) flux,Grid\G 02.ElmSym,0.002829945571628543,-0.0017200119722442521,0.003311651117349707
13,160,g2,area_2,psifd,Field (excitation) flux,Grid\G 02.ElmSym,0.0017411317587985359,0.0,0.0017411317587985359
14,160,g2,area_2,psifd,Field (excitation) flux,Grid\G 02.ElmSym,-0.0007920075772226403,0.002300511727124548,0.0024330290193533754
15,160,g2,area_2,psifd,Field (excitation) flux,Grid\G 02.ElmSym,-0.0007920075772226403,-0.002300511727124548,0.0024330290193533754
19,160,g2,area_2,psifd,Field (excitation) flux,Grid\G 02.ElmSym,-7.50983330196381e-09,-0.0,7.50983330196381e-09
20,160,g2,area_2,psifd,Field (excitation) flux,Grid\G 02.ElmSym,-2.8141480960011764e-11,0.0,2.8141480960011764e-11
21,160,g2,area_2,psifd,Field (excitation) flux,Grid\G 02.ElmSym,-2.9142663778637002e-05,-0.0,2.9142663778637002e-05
22,160,g2,area_2,psifd,Field (excitation) flux,Grid\G 02.ElmSym,0.06315489422050621,0.024189698060293797,0.06762900380939757
23,160,g2,area_2,psifd,Field (excitation) flux,Grid\G 02.ElmSym,0.06315489422050621,-0.024189698060293797,0.06762900380939757
24,160,g2,area_2,psifd,Field (excitation) flux,Grid\G 02.ElmSym,0.08122207216737007,0.008429858942004112,0.08165835859814694
25,160,g2,area_2,psifd,Field (excitation) flux,Grid\G 02.ElmSym,0.08122207216737007,-0.008429858942004112,0.08165835859814694
26,160,g2,area_2,psifd,Field (excitation) flux,Grid\G 02.ElmSym,-0.00070396515250496,0.0,0.00070396515250496
27,160,g2,area_2,psifd,Field (excitation) flux,Grid\G 02.ElmSym,1.0,5.551115123125783e-17,1.0
28,160,g2,area_2,psifd,Field (excitation) flux,Grid\G 02.ElmSym,1.0,-5.551115123125783e-17,1.0
29,160,g2,area_2,psifd,Field (excitation) flux,Grid\G 02.ElmSym,-1.475462340186237e-07,-3.511935380835351e-07,3.809288547284255e-07
30,160,g2,area_2,psifd,Field (excitation) flux,Grid\G 02.ElmSym,-1.475462340186237e-07,3.511935380835351e-07,3.809288547284255e-07
31,160,g2,area_2,psifd,Field (excitation) flux,Grid\G 02.ElmSym,9.798999995578111e-08,3.32702008414907e-07,3.4683233196264567e-07
32,160,g2,area_2,psifd,Field (excitation) flux,Grid\G 02.ElmSym,9.798999995578111e-08,-3.32702008414907e-07,3.4683233196264567e-07
33,160,g2,area_2,psifd,Field (excitation) flux,Grid\G 02.ElmSym,-1.0975142654080657e-09,2.1025056584895013e-09,2.3717224978387707e-09
34,160,g2,area_2,psifd,Field (excitation) flux,Grid\G 02.ElmSym,-1.0975142654080657e-09,-2.1025056584895013e-09,2.3717224978387707e-09
35,160,g2,area_2,psifd,Field (excitation) flux,Grid\G 02.ElmSym,0.0019325263509300688,-0.03194063011664863,0.03199903920972629
36,160,g2,area_2,psifd,Field (excitation) flux,Grid\G 02.ElmSym,0.0019325263509300688,0.03194063011664863,0.03199903920972629
37,160,g2,area_2,psifd,Field (excitation) flux,Grid\G 02.ElmSym,-0.0004546742228032771,0.005195845885887429,0.005215701594107458
38,160,g2,area_2,psifd,Field (excitation) flux,Grid\G 02.ElmSym,-0.0004546742228032771,-0.005195845885887429,0.005215701594107458
39,160,g2,area_2,psifd,Field (excitation) flux,Grid\G 02.ElmSym,-0.009210940593265538,0.005944676678988862,0.010962691614306267
40,160,g2,area_2,psifd,Field (excitation) flux,Grid\G 02.ElmSym,-0.009210940593265538,-0.005944676678988862,0.010962691614306267
41,160,g2,area_2,psifd,Field (excitation) flux,Grid\G 02.ElmSym,8.194201472107317e-07,-3.840499058659433e-06,3.926943136489099e-06
42,160,g2,area_2,psifd,Field (excitation) flux,Grid\G 02.ElmSym,8.194201472107317e-07,3.840499058659433e-06,3.926943136489099e-06
43,160,g2,area_2,psifd,Field (excitation) flux,Grid\G 02.ElmSym,7.250785294487148e-06,7.973262690150295e-05,8.006163675569605e-05
44,160,g2,area_2,psifd,Field (excitation) flux,Grid\G 02.ElmSym,7.250785294487148e-06,-7.973262690150295e-05,8.006163675569605e-05
45,160,g2,area_2,psifd,Field (excitation) flux,Grid\G 02.ElmSym,0.011668789016589812,-0.0036953751936053304,0.01223995240739116
46,160,g2,area_2,psifd,Field (excitation) flux,Grid\G 02.ElmSym,0.011668789016589812,0.0036953751936053304,0.01223995240739116
47,160,g2,area_2,psifd,Field (excitation) flux,Grid\G 02.ElmSym,-0.036048742877517026,0.0042222797212008185,0.03629517198049071
48,160,g2,area_2,psifd,Field (excitation) flux,Grid\G 02.ElmSym,-0.036048742877517026,-0.0042222797212008185,0.03629517198049071
49,160,g2,area_2,psifd,Field (excitation) flux,Grid\G 02.ElmSym,0.005194822491112086,-0.013912562995701304,0.01485077741478611
50,160,g2,area_2,psifd,Field (excitation) flux,Grid\G 02.ElmSym,0.005194822491112086,0.013912562995701304,0.01485077741478611
51,160,g2,area_2,psifd,Field (excitation) flux,Grid\G 02.ElmSym,-0.003610509577239365,-0.0,0.003610509577239365
52,160,g2,area_2,psifd,Field (excitation) flux,Grid\G 02.ElmSym,7.464162395446536e-13,0.0,7.464162395446536e-13
53,160,g2,area_2,psifd,Field (excitation) flux,Grid\G 02.ElmSym,2.7243326903173376e-13,-0.0,2.7243326903173376e-13
54,160,g2,area_2,psifd,Field (excitation) flux,Grid\G 02.ElmSym,3.688632470181631e-13,0.0,3.688632470181631e-13
55,160,g2,area_2,psifd,Field (excitation) flux,Grid\G 02.ElmSym,1.054441431208458e-14,0.0,1.054441431208458e-14
56,160,g2,area_2,psifd,Field (excitation) flux,Grid\G 02.ElmSym,2.6468807212722595e-15,0.0,2.6468807212722595e-15
57,160,g2,area_2,psifd,Field (excitation) flux,Grid\G 02.ElmSym,0.006123832550338,0.0,0.006123832550338
58,160,g2,area_2,psifd,Field (excitation) flux,Grid\G 02.ElmSym,0.014517191501842764,-0.0,0.014517191501842764
59,160,g2,area_2,psifd,Field (excitation) flux,Grid\G 02.ElmSym,8.3865783088233e-05,0.0,8.3865783088233e-05
60,160,g2,area_2,psifd,Field (excitation) flux,Grid\G 02.ElmSym,0.00020230262326433122,0.0022661187893758816,0.002275130923472766
61,160,g2,area_2,psifd,Field (excitation) flux,Grid\G 02.ElmSym,0.00020230262326433122,-0.0022661187893758816,0.002275130923472766
62,160,g2,area_2,psifd,Field (excitation) flux,Grid\G 02.ElmSym,-2.4137325301394982e-05,0.0,2.4137325301394982e-05
63,160,g2,area_2,psifd,Field (excitation) flux,Grid\G 02.ElmSym,0.00020866575855232262,0.0,0.00020866575855232262
64,160,g2,area_2,psifd,Field (excitation) flux,Grid\G 02.ElmSym,-0.0002344014621200217,-0.0,0.0002344014621200217
65,160,g2,area_2,psifd,Field (excitation) flux,Grid\G 02.ElmSym,-0.00013296617305205417,-5.9710780017721145e-05,0.00014575795150328336
66,160,g2,area_2,psifd,Field (excitation) flux,Grid\G 02.ElmSym,-0.00013296617305205417,5.9710780017721145e-05,0.00014575795150328336
67,160,g2,area_2,psifd,Field (excitation) flux,Grid\G 02.ElmSym,-0.00016100435337087978,-0.0,0.00016100435337087978
68,160,g2,area_2,psifd,Field (excitation) flux,Grid\G 02.ElmSym,0.00011030979968118595,0.00014485701487145677,0.00018207637590630154
69,160,g2,area_2,psifd,Field (excitation) flux,Grid\G 02.ElmSym,0.00011030979968118595,-0.00014485701487145677,0.00018207637590630154
70,160,g2,area_2,psifd,Field (excitation) flux,Grid\G 02.ElmSym,-0.007246282409542115,-0.006488713635405761,0.0097268706890315
71,160,g2,area_2,psifd,Field (excitation) flux,Grid\G 02.ElmSym,-0.007246282409542115,0.006488713635405761,0.0097268706890315
72,160,g2,area_2,psifd,Field (excitation) flux,Grid\G 02.ElmSym,-0.0035059830182452003,-0.003213751553070459,0.00475606097196898
73,160,g2,area_2,psifd,Field (excitation) flux,Grid\G 02.ElmSym,-0.0035059830182452003,0.003213751553070459,0.00475606097196898
74,160,g2,area_2,psifd,Field (excitation) flux,Grid\G 02.ElmSym,-6.328820192271646e-06,0.0,6.328820192271646e-06
75,160,g2,area_2,psifd,Field (excitation) flux,Grid\G 02.ElmSym,0.0008931696252552261,-0.00613984363403617,0.0062044686984376865
76,160,g2,area_2,psifd,Field (excitation) flux,Grid\G 02.ElmSym,0.0008931696252552261,0.00613984363403617,0.0062044686984376865
77,160,g2,area_2,psifd,Field (excitation) flux,Grid\G 02.ElmSym,-7.647627912673788e-05,0.0,7.647627912673788e-05
78,160,g2,area_2,psifd,Field (excitation) flux,Grid\G 02.ElmSym,-1.6589407048553924e-05,0.0,1.6589407048553924e-05
79,160,g2,area_2,psifd,Field (excitation) flux,Grid\G 02.ElmSym,-3.263078814191462e-07,-0.0,3.263078814191462e-07
81,160,g2,area_2,psifd,Field (excitation) flux,Grid\G 02.ElmSym,2.201342189426499e-15,0.0,2.201342189426499e-15
90,160,g2,area_2,psifd,Field (excitation) flux,Grid\G 02.ElmSym,9.533389367481849e-15,0.0,9.533389367481849e-15
91,160,g2,area_2,psifd,Field (excitation) flux,Grid\G 02.ElmSym,-0.0007001997643614064,-0.0,0.0007001997643614064
92,160,g2,area_2,psifd,Field (excitation) flux,Grid\G 02.ElmSym,-0.0019949665399649416,-0.0,0.0019949665399649416
93,160,g2,area_2,psifd,Field (excitation) flux,Grid\G 02.ElmSym,-0.06663183623290957,0.0,0.06663183623290957
94,160,g2,area_2,psifd,Field (excitation) flux,Grid\G 02.ElmSym,0.0006537286912135068,0.000533489743929888,0.0008437846340116073
95,160,g2,area_2,psifd,Field (excitation) flux,Grid\G 02.ElmSym,0.0006537286912135068,-0.000533489743929888,0.0008437846340116073
96,160,g2,area_2,psifd,Field (excitation) flux,Grid\G 02.ElmSym,-0.000337210570414482,0.0,0.000337210570414482
97,160,g2,area_2,psifd,Field (excitation) flux,Grid\G 02.ElmSym,-0.00026699616945875554,0.0,0.00026699616945875554
98,160,g2,area_2,psifd,Field (excitation) flux,Grid\G 02.ElmSym,3.2741408358898356e-05,-0.0,3.2741408358898356e-05
99,160,g2,area_2,psifd,Field (excitation) flux,Grid\G 02.ElmSym,0.00014470017163829412,0.0,0.00014470017163829412
100,160,g2,area_2,psifd,Field (excitation) flux,Grid\G 02.ElmSym,7.015002524151146e-05,0.0,7.015002524151146e-05
101,160,g2,area_2,psifd,Field (excitation) flux,Grid\G 02.ElmSym,1.0989040304596755e-05,0.0,1.0989040304596755e-05
102,160,g2,area_2,psifd,Field (excitation) flux,Grid\G 02.ElmSym,-2.931147616242732e-07,2.0111066812032767e-09,2.931216608033901e-07
103,160,g2,area_2,psifd,Field (excitation) flux,Grid\G 02.ElmSym,-2.931147616242732e-07,-2.0111066812032767e-09,2.931216608033901e-07
104,160,g2,area_2,psifd,Field (excitation) flux,Grid\G 02.ElmSym,-7.711576883581887e-06,-6.239752716010354e-05,6.28722499496181e-05
105,160,g2,area_2,psifd,Field (excitation) flux,Grid\G 02.ElmSym,-7.711576883581887e-06,6.239752716010354e-05,6.28722499496181e-05
106,160,g2,area_2,psifd,Field (excitation) flux,Grid\G 02.ElmSym,0.00016053818165941966,-0.000102890794218666,0.00019068042192490738
107,160,g2,area_2,psifd,Field (excitation) flux,Grid\G 02.ElmSym,0.00016053818165941966,0.000102890794218666,0.00019068042192490738
108,160,g2,area_2,psifd,Field (excitation) flux,Grid\G 02.ElmSym,3.162512135634432e-06,0.0,3.162512135634432e-06
112,160,g2,area_2,psifd,Field (excitation) flux,Grid\G 02.ElmSym,-0.00012055935627570159,0.0,0.00012055935627570159
113,160,g2,area_2,psifd,Field (excitation) flux,Grid\G 02.ElmSym,5.011211949834848e-07,0.0,5.011211949834848e-07
114,160,g2,area_2,psifd,Field (excitation) flux,Grid\G 02.ElmSym,2.1752701214426385e-07,0.0,2.1752701214426385e-07
115,160,g2,area_2,psifd,Field (excitation) flux,Grid\G 02.ElmSym,3.7217751799428795e-08,0.0,3.7217751799428795e-08
116,160,g2,area_2,psifd,Field (excitation) flux,Grid\G 02.ElmSym,-4.019503999661455e-06,-0.0,4.019503999661455e-06
117,160,g2,area_2,psifd,Field (excitation) flux,Grid\G 02.ElmSym,-6.1322199192462e-08,-0.0,6.1322199192462e-08
118,160,g2,area_2,psifd,Field (excitation) flux,Grid\G 02.ElmSym,1.4171581328912044e-05,0.0,1.4171581328912044e-05
119,160,g2,area_2,psifd,Field (excitation) flux,Grid\G 02.ElmSym,2.259079664768427e-07,0.0,2.259079664768427e-07
120,160,g2,area_2,psifd,Field (excitation) flux,Grid\G 02.ElmSym,1.311335130893391e-07,0.0,1.311335130893391e-07
121,160,g2,area_2,psifd,Field (excitation) flux,Grid\G 02.ElmSym,4.264420089888746e-06,-0.0,4.264420089888746e-06
122,160,g2,area_2,psifd,Field (excitation) flux,Grid\G 02.ElmSym,9.161045036086823e-08,0.0,9.161045036086823e-08
123,160,g2,area_2,psifd,Field (excitation) flux,Grid\G 02.ElmSym,-7.391544573655597e-06,-0.0,7.391544573655597e-06
124,160,g2,area_2,psifd,Field (excitation) flux,Grid\G 02.ElmSym,-6.612221925450961e-06,-0.0,6.612221925450961e-06
125,160,g2,area_2,psifd,Field (excitation) flux,Grid\G 02.ElmSym,-3.4282066992291795e-05,0.0,3.4282066992291795e-05
126,160,g2,area_2,psifd,Field (excitation) flux,Grid\G 02.ElmSym,-7.396409830255465e-05,0.0,7.396409830255465e-05
127,160,g2,area_2,psifd,Field (excitation) flux,Grid\G 02.ElmSym,0.00012709063380476947,0.0,0.00012709063380476947
128,160,g2,area_2,psifd,Field (excitation) flux,Grid\G 02.ElmSym,-0.00293083117149858,0.0,0.00293083117149858
129,160,g2,area_2,psifd,Field (excitation) flux,Grid\G 02.ElmSym,-8.29962615927047e-05,0.0,8.29962615927047e-05
130,160,g2,area_2,psifd,Field (excitation) flux,Grid\G 02.ElmSym,0.0034427960793516287,0.0,0.0034427960793516287
131,160,g2,area_2,psifd,Field (excitation) flux,Grid\G 02.ElmSym,-2.5732285930949257e-05,0.0,2.5732285930949257e-05
132,160,g2,area_2,psifd,Field (excitation) flux,Grid\G 02.ElmSym,0.04912170222814078,-0.01336657739573165,0.05090782868151238
133,160,g2,area_2,psifd,Field (excitation) flux,Grid\G 02.ElmSym,0.04912170222814078,0.01336657739573165,0.05090782868151238
134,160,g2,area_2,psifd,Field (excitation) flux,Grid\G 02.ElmSym,-9.839788624774948e-06,-0.0,9.839788624774948e-06
135,160,g2,area_2,psifd,Field (excitation) flux,Grid\G 02.ElmSym,1.4391530530968481e-05,0.0,1.4391530530968481e-05
136,160,g2,area_2,psifd,Field (excitation) flux,Grid\G 02.ElmSym,3.2605976174577725e-08,0.0,3.2605976174577725e-08
140,160,g2,area_2,psifd,Field (excitation) flux,Grid\G 02.ElmSym,-4.3536118473389585e-05,-0.0,4.3536118473389585e-05
141,160,g2,area_2,psifd,Field (excitation) flux,Grid\G 02.ElmSym,2.8204859881376274e-05,0.0,2.8204859881376274e-05
142,160,g2,area_2,psifd,Field (excitation) flux,Grid\G 02.ElmSym,0.0005044328205963084,0.0,0.0005044328205963084
143,160,g2,area_2,psifd,Field (excitation) flux,Grid\G 02.ElmSym,0.0005887946620596876,-0.0,0.0005887946620596876
144,160,g2,area_2,psifd,Field (excitation) flux,Grid\G 02.ElmSym,1.4250888775130868e-05,-0.0,1.4250888775130868e-05
145,160,g2,area_2,psifd,Field (excitation) flux,Grid\G 02.ElmSym,0.013324705188659136,0.0,0.013324705188659136
146,160,g2,area_2,psifd,Field (excitation) flux,Grid\G 02.ElmSym,2.5330233002365445e-06,-7.574830471259e-05,7.579064502872981e-05
147,160,g2,area_2,psifd,Field (excitation) flux,Grid\G 02.ElmSym,2.5330233002365445e-06,7.574830471259e-05,7.579064502872981e-05
148,160,g2,area_2,psifd,Field (excitation) flux,Grid\G 02.ElmSym,4.321919428996742e-05,-1.5356005520633775e-05,4.586617120082826e-05
149,160,g2,area_2,psifd,Field (excitation) flux,Grid\G 02.ElmSym,4.321919428996742e-05,1.5356005520633775e-05,4.586617120082826e-05
150,160,g2,area_2,psifd,Field (excitation) flux,Grid\G 02.ElmSym,1.2332869867638003e-05,0.0,1.2332869867638003e-05
151,160,g2,area_2,psifd,Field (excitation) flux,Grid\G 02.ElmSym,-4.774661470443997e-10,-0.0,4.774661470443997e-10
152,160,g2,area_2,psifd,Field (excitation) flux,Grid\G 02.ElmSym,3.030160860895796e-10,0.0,3.030160860895796e-10
153,160,g2,area_2,psifd,Field (excitation) flux,Grid\G 02.ElmSym,2.137110872866571e-06,-1.883009279680669e-06,2.8483270230589795e-06
154,160,g2,area_2,psifd,Field (excitation) flux,Grid\G 02.ElmSym,2.137110872866571e-06,1.883009279680669e-06,2.8483270230589795e-06
155,160,g2,area_2,psifd,Field (excitation) flux,Grid\G 02.ElmSym,-3.6122334212938676e-10,-0.0,3.6122334212938676e-10
156,160,g2,area_2,psifd,Field (excitation) flux,Grid\G 02.ElmSym,-5.825436748129299e-13,0.0,5.825436748129299e-13
157,160,g2,area_2,psifd,Field (excitation) flux,Grid\G 02.ElmSym,-7.081377029367842e-09,-0.0,7.081377029367842e-09
158,160,g2,area_2,psifd,Field (excitation) flux,Grid\G 02.ElmSym,3.226457843235167e-08,0.0,3.226457843235167e-08
159,160,g2,area_2,psifd,Field (excitation) flux,Grid\G 02.ElmSym,1.2169452620887067e-08,-1.1568704750438804e-07,1.1632535638189358e-07
160,160,g2,area_2,psifd,Field (excitation) flux,Grid\G 02.ElmSym,1.2169452620887067e-08,1.1568704750438804e-07,1.1632535638189358e-07
161,160,g2,area_2,psifd,Field (excitation) flux,Grid\G 02.ElmSym,2.678553147510457e-07,0.0,2.678553147510457e-07
162,160,g2,area_2,psifd,Field (excitation) flux,Grid\G 02.ElmSym,2.103457144712021e-07,0.0,2.103457144712021e-07
163,160,g2,area_2,psifd,Field (excitation) flux,Grid\G 02.ElmSym,-1.8733135196393565e-05,-3.466074899278246e-05,3.939921160413022e-05
164,160,g2,area_2,psifd,Field (excitation) flux,Grid\G 02.ElmSym,-1.8733135196393565e-05,3.466074899278246e-05,3.939921160413022e-05
165,160,g2,area_2,psifd,Field (excitation) flux,Grid\G 02.ElmSym,-1.6222033936998143e-09,0.0,1.6222033936998143e-09
166,160,g2,area_2,psifd,Field (excitation) flux,Grid\G 02.ElmSym,-2.7903289000140375e-06,0.0,2.7903289000140375e-06
170,160,g2,area_2,psifd,Field (excitation) flux,Grid\G 02.ElmSym,6.700047025957248e-06,0.0,6.700047025957248e-06
171,160,g2,area_2,psifd,Field (excitation) flux,Grid\G 02.ElmSym,-1.1579130403929011e-06,-0.0,1.1579130403929011e-06
172,160,g2,area_2,psifd,Field (excitation) flux,Grid\G 02.ElmSym,6.408612044108901e-06,0.0,6.408612044108901e-06
173,160,g2,area_2,psifd,Field (excitation) flux,Grid\G 02.ElmSym,8.761434655449089e-09,0.0,8.761434655449089e-09
174,160,g2,area_2,psifd,Field (excitation) flux,Grid\G 02.ElmSym,4.457166423626132e-09,0.0,4.457166423626132e-09
1,161,g2,area_2,psi1q,Flux in 1q-damper winding,Grid\G 02.ElmSym,2.310786511242765e-07,0.0,2.310786511242765e-07
5,161,g2,area_2,psi1q,Flux in 1q-damper winding,Grid\G 02.ElmSym,-8.727763230792588e-08,8.049757773339517e-09,8.764806730035151e-08
6,161,g2,area_2,psi1q,Flux in 1q-damper winding,Grid\G 02.ElmSym,-8.727763230792588e-08,-8.049757773339517e-09,8.764806730035151e-08
7,161,g2,area_2,psi1q,Flux in 1q-damper winding,Grid\G 02.ElmSym,-1.1066618464053837e-10,-3.5141775899112215e-10,3.684310597075607e-10
8,161,g2,area_2,psi1q,Flux in 1q-damper winding,Grid\G 02.ElmSym,-1.1066618464053837e-10,3.5141775899112215e-10,3.684310597075607e-10
9,161,g2,area_2,psi1q,Flux in 1q-damper winding,Grid\G 02.ElmSym,-5.329659993880849e-07,1.0488169012463961e-07,5.431877441798011e-07
10,161,g2,area_2,psi1q,Flux in 1q-damper winding,Grid\G 02.ElmSym,-5.329659993880849e-07,-1.0488169012463961e-07,5.431877441798011e-07
11,161,g2,area_2,psi1q,Flux in 1q-damper winding,Grid\G 02.ElmSym,-2.8033005228150167e-06,1.1438332573477974e-05,1.17768393842619e-05
12,161,g2,area_2,psi1q,Flux in 1q-damper winding,Grid\G 02.ElmSym,-2.8033005228150167e-06,-1.1438332573477974e-05,1.17768393842619e-05
13,161,g2,area_2,psi1q,Flux in 1q-damper winding,Grid\G 02.ElmSym,-8.138995411136907e-06,-0.0,8.138995411136907e-06
14,161,g2,area_2,psi1q,Flux in 1q-damper winding,Grid\G 02.ElmSym,-0.00019235422617700198,0.0008657779858561555,0.0008868887580307322
15,161,g2,area_2,psi1q,Flux in 1q-damper winding,Grid\G 02.ElmSym,-0.00019235422617700198,-0.0008657779858561555,0.0008868887580307322
19,161,g2,area_2,psi1q,Flux in 1q-damper winding,Grid\G 02.ElmSym,-2.142838677185658e-11,-0.0,2.142838677185658e-11
20,161,g2,area_2,psi1q,Flux in 1q-damper winding,Grid\G 02.ElmSym,-2.6647002952315512e-14,0.0,2.6647002952315512e-14
21,161,g2,area_2,psi1q,Flux in 1q-damper winding,Grid\G 02.ElmSym,6.870399548500676e-09,0.0,6.870399548500676e-09
22,161,g2,area_2,psi1q,Flux in 1q-damper winding,Grid\G 02.ElmSym,2.3290785855704338e-05,0.00023631075549768098,0.0002374557513930986
23,161,g2,area_2,psi1q,Flux in 1q-damper winding,Grid\G 02.ElmSym,2.3290785855704338e-05,-0.00023631075549768098,0.0002374557513930986
24,161,g2,area_2,psi1q,Flux in 1q-damper winding,Grid\G 02.ElmSym,-6.533911481187366e-05,0.00014208728838126618,0.0001563905286260658
25,161,g2,area_2,psi1q,Flux in 1q-damper winding,Grid\G 02.ElmSym,-6.533911481187366e-05,-0.00014208728838126618,0.0001563905286260658
26,161,g2,area_2,psi1q,Flux in 1q-damper winding,Grid\G 02.ElmSym,-4.69732317601313e-08,0.0,4.69732317601313e-08
27,161,g2,area_2,psi1q,Flux in 1q-damper winding,Grid\G 02.ElmSym,0.0013628223703227357,0.0029480498021220267,0.0032478119478879623
28,161,g2,area_2,psi1q,Flux in 1q-damper winding,Grid\G 02.ElmSym,0.0013628223703227357,-0.0029480498021220267,0.0032478119478879623
29,161,g2,area_2,psi1q,Flux in 1q-damper winding,Grid\G 02.ElmSym,2.8765159229025533e-06,1.241289340842877e-07,2.879192915903488e-06
30,161,g2,area_2,psi1q,Flux in 1q-damper winding,Grid\G 02.ElmSym,2.8765159229025533e-06,-1.241289340842877e-07,2.879192915903488e-06
31,161,g2,area_2,psi1q,Flux in 1q-damper winding,Grid\G 02.ElmSym,9.836905186127971e-06,3.7379645157080604e-07,9.844004643846848e-06
32,161,g2,area_2,psi1q,Flux in 1q-damper winding,Grid\G 02.ElmSym,9.836905186127971e-06,-3.7379645157080604e-07,9.844004643846848e-06
33,161,g2,area_2,psi1q,Flux in 1q-damper winding,Grid\G 02.ElmSym,-3.150588934809368e-08,2.5009626268104334e-08,4.022564442845605e-08
34,161,g2,area_2,psi1q,Flux in 1q-damper winding,Grid\G 02.ElmSym,-3.150588934809368e-08,-2.5009626268104334e-08,4.022564442845605e-08
35,161,g2,area_2,psi1q,Flux in 1q-damper winding,Grid\G 02.ElmSym,-0.002186761046759693,-0.022542070831804675,0.022647889112712573
36,161,g2,area_2,psi1q,Flux in 1q-damper winding,Grid\G 02.ElmSym,-0.002186761046759693,0.022542070831804675,0.022647889112712573
37,161,g2,area_2,psi1q,Flux in 1q-damper winding,Grid\G 02.ElmSym,0.0004149114855556209,0.0019462815749469431,0.0019900159571782147
38,161,g2,area_2,psi1q,Flux in 1q-damper winding,Grid\G 02.ElmSym,0.0004149114855556209,-0.0019462815749469431,0.0019900159571782147
39,161,g2,area_2,psi1q,Flux in 1q-damper winding,Grid\G 02.ElmSym,0.00014441949177825973,-0.0003231132668134398,0.0003539197264865918
40,161,g2,area_2,psi1q,Flux in 1q-damper winding,Grid\G 02.ElmSym,0.00014441949177825973,0.0003231132668134398,0.0003539197264865918
41,161,g2,area_2,psi1q,Flux in 1q-damper winding,Grid\G 02.ElmSym,-8.861033256041133e-06,-1.3061414885237457e-05,1.578348723093124e-05
42,161,g2,area_2,psi1q,Flux in 1q-damper winding,Grid\G 02.ElmSym,-8.861033256041133e-06,1.3061414885237457e-05,1.578348723093124e-05
43,161,g2,area_2,psi1q,Flux in 1q-damper winding,Grid\G 02.ElmSym,-5.522157363816596e-05,0.00021158718410036647,0.00021867454966364457
44,161,g2,area_2,psi1q,Flux in 1q-damper winding,Grid\G 02.ElmSym,-5.522157363816596e-05,-0.00021158718410036647,0.00021867454966364457
45,161,g2,area_2,psi1q,Flux in 1q-damper winding,Grid\G 02.ElmSym,-0.00011856448930843719,-0.0002699894230183843,0.00029487595131982294
46,161,g2,area_2,psi1q,Flux in 1q-damper winding,Grid\G 02.ElmSym,-0.00011856448930843719,0.0002699894230183843,0.00029487595131982294
47,161,g2,area_2,psi1q,Flux in 1q-damper winding,Grid\G 02.ElmSym,0.002143939148988862,-0.0007504098318881633,0.002271473088187819
48,161,g2,area_2,psi1q,Flux in 1q-damper winding,Grid\G 02.ElmSym,0.002143939148988862,0.0007504098318881633,0.002271473088187819
49,161,g2,area_2,psi1q,Flux in 1q-damper winding,Grid\G 02.ElmSym,5.895511687908797e-06,-0.000149818709650171,0.0001499346618340953
50,161,g2,area_2,psi1q,Flux in 1q-damper winding,Grid\G 02.ElmSym,5.895511687908797e-06,0.000149818709650171,0.0001499346618340953
51,161,g2,area_2,psi1q,Flux in 1q-damper winding,Grid\G 02.ElmSym,0.004245850565772362,0.0,0.004245850565772362
52,161,g2,area_2,psi1q,Flux in 1q-damper winding,Grid\G 02.ElmSym,-3.094241973390811e-14,-0.0,3.094241973390811e-14
53,161,g2,area_2,psi1q,Flux in 1q-damper winding,Grid\G 02.ElmSym,-4.115811509638437e-14,0.0,4.115811509638437e-14
54,161,g2,area_2,psi1q,Flux in 1q-damper winding,Grid\G 02.ElmSym,-1.441567498902871e-15,-0.0,1.441567498902871e-15
55,161,g2,area_2,psi1q,Flux in 1q-damper winding,Grid\G 02.ElmSym,1.2963007099526907e-15,0.0,1.2963007099526907e-15
56,161,g2,area_2,psi1q,Flux in 1q-damper winding,Grid\G 02.ElmSym,-4.130511603839682e-15,-0.0,4.130511603839682e-15
57,161,g2,area_2,psi1q,Flux in 1q-damper winding,Grid\G 02.ElmSym,-0.0002474463688406658,0.0,0.0002474463688406658
58,161,g2,area_2,psi1q,Flux in 1q-damper winding,Grid\G 02.ElmSym,2.884276143653199e-07,-0.0,2.884276143653199e-07
59,161,g2,area_2,psi1q,Flux in 1q-damper winding,Grid\G 02.ElmSym,1.2664813692908106e-08,0.0,1.2664813692908106e-08
60,161,g2,area_2,psi1q,Flux in 1q-damper winding,Grid\G 02.ElmSym,6.99081945862931e-07,-8.266531225990145e-07,1.0826222573613584e-06
61,161,g2,area_2,psi1q,Flux in 1q-damper winding,Grid\G 02.ElmSym,6.99081945862931e-07,8.266531225990145e-07,1.0826222573613584e-06
62,161,g2,area_2,psi1q,Flux in 1q-damper winding,Grid\G 02.ElmSym,3.673309333732534e-08,0.0,3.673309333732534e-08
63,161,g2,area_2,psi1q,Flux in 1q-damper winding,Grid\G 02.ElmSym,-3.907049626941192e-08,-0.0,3.907049626941192e-08
64,161,g2,area_2,psi1q,Flux in 1q-damper winding,Grid\G 02.ElmSym,2.041311100198973e-06,0.0,2.041311100198973e-06
65,161,g2,area_2,psi1q,Flux in 1q-damper winding,Grid\G 02.ElmSym,4.5722994246836046e-06,-1.4808995915202992e-05,1.5498783244031156e-05
66,161,g2,area_2,psi1q,Flux in 1q-damper winding,Grid\G 02.ElmSym,4.5722994246836046e-06,1.4808995915202992e-05,1.5498783244031156e-05
67,161,g2,area_2,psi1q,Flux in 1q-damper winding,Grid\G 02.ElmSym,-3.6373268460228293e-06,-0.0,3.6373268460228293e-06
68,161,g2,area_2,psi1q,Flux in 1q-damper winding,Grid\G 02.ElmSym,-9.938759851905675e-06,-6.291141123132848e-06,1.1762542413314622e-05
69,161,g2,area_2,psi1q,Flux in 1q-damper winding,Grid\G 02.ElmSym,-9.938759851905675e-06,6.291141123132848e-06,1.1762542413314622e-05
70,161,g2,area_2,psi1q,Flux in 1q-damper winding,Grid\G 02.ElmSym,-7.263525883458008e-05,-6.083943429204862e-05,9.474870759510626e-05
71,161,g2,area_2,psi1q,Flux in 1q-damper winding,Grid\G 02.ElmSym,-7.263525883458008e-05,6.083943429204862e-05,9.474870759510626e-05
72,161,g2,area_2,psi1q,Flux in 1q-damper winding,Grid\G 02.ElmSym,-3.218789246095236e-05,-3.28568325510712e-05,4.59959983734125e-05
73,161,g2,area_2,psi1q,Flux in 1q-damper winding,Grid\G 02.ElmSym,-3.218789246095236e-05,3.28568325510712e-05,4.59959983734125e-05
74,161,g2,area_2,psi1q,Flux in 1q-damper winding,Grid\G 02.ElmSym,4.901627460253096e-06,0.0,4.901627460253096e-06
75,161,g2,area_2,psi1q,Flux in 1q-damper winding,Grid\G 02.ElmSym,-2.9069941272963526e-05,7.542034240744984e-05,8.082876675089461e-05
76,161,g2,area_2,psi1q,Flux in 1q-damper winding,Grid\G 02.ElmSym,-2.9069941272963526e-05,-7.542034240744984e-05,8.082876675089461e-05
77,161,g2,area_2,psi1q,Flux in 1q-damper winding,Grid\G 02.ElmSym,7.505290064747049e-07,0.0,7.505290064747049e-07
78,161,g2,area_2,psi1q,Flux in 1q-damper winding,Grid\G 02.ElmSym,3.8368049647933007e-07,0.0,3.8368049647933007e-07
79,161,g2,area_2,psi1q,Flux in 1q-damper winding,Grid\G 02.ElmSym,-1.6263560822188827e-10,-0.0,1.6263560822188827e-10
91,161,g2,area_2,psi1q,Flux in 1q-damper winding,Grid\G 02.ElmSym,3.463016455406075e-05,0.0,3.463016455406075e-05
92,161,g2,area_2,psi1q,Flux in 1q-damper winding,Grid\G 02.ElmSym,0.00015064167153551364,0.0,0.00015064167153551364
93,161,g2,area_2,psi1q,Flux in 1q-damper winding,Grid\G 02.ElmSym,-0.0004957336673849285,0.0,0.0004957336673849285
94,161,g2,area_2,psi1q,Flux in 1q-damper winding,Grid\G 02.ElmSym,0.00028344094045371104,3.9305820384251354e-05,0.0002861533054873964
95,161,g2,area_2,psi1q,Flux in 1q-damper winding,Grid\G 02.ElmSym,0.00028344094045371104,-3.9305820384251354e-05,0.0002861533054873964
96,161,g2,area_2,psi1q,Flux in 1q-damper winding,Grid\G 02.ElmSym,-0.00010355797190072692,0.0,0.00010355797190072692
97,161,g2,area_2,psi1q,Flux in 1q-damper winding,Grid\G 02.ElmSym,-2.557311339555081e-05,0.0,2.557311339555081e-05
98,161,g2,area_2,psi1q,Flux in 1q-damper winding,Grid\G 02.ElmSym,-2.2344591361878723e-06,0.0,2.2344591361878723e-06
99,161,g2,area_2,psi1q,Flux in 1q-damper winding,Grid\G 02.ElmSym,-3.0576915308165054e-06,0.0,3.0576915308165054e-06
100,161,g2,area_2,psi1q,Flux in 1q-damper winding,Grid\G 02.ElmSym,1.7403862002319566e-05,0.0,1.7403862002319566e-05
101,161,g2,area_2,psi1q,Flux in 1q-damper winding,Grid\G 02.ElmSym,-7.900063534199336e-06,-0.0,7.900063534199336e-06
102,161,g2,area_2,psi1q,Flux in 1q-damper winding,Grid\G 02.ElmSym,1.7888827057426203e-07,-5.307540096840578e-08,1.865958508033001e-07
103,161,g2,area_2,psi1q,Flux in 1q-damper winding,Grid\G 02.ElmSym,1.7888827057426203e-07,5.307540096840578e-08,1.865958508033001e-07
104,161,g2,area_2,psi1q,Flux in 1q-damper winding,Grid\G 02.ElmSym,-0.00012573554876763976,7.149880766221152e-05,0.00014464268982916984
105,161,g2,area_2,psi1q,Flux in 1q-damper winding,Grid\G 02.ElmSym,-0.00012573554876763976,-7.149880766221152e-05,0.00014464268982916984
106,161,g2,area_2,psi1q,Flux in 1q-damper winding,Grid\G 02.ElmSym,-0.0002717980194108386,0.00020298914053744119,0.0003392325965053825
107,161,g2,area_2,psi1q,Flux in 1q-damper winding,Grid\G 02.ElmSym,-0.0002717980194108386,-0.00020298914053744119,0.0003392325965053825
108,161,g2,area_2,psi1q,Flux in 1q-damper winding,Grid\G 02.ElmSym,-7.326770797146363e-06,0.0,7.326770797146363e-06
112,161,g2,area_2,psi1q,Flux in 1q-damper winding,Grid\G 02.ElmSym,3.252921098920816e-05,0.0,3.252921098920816e-05
113,161,g2,area_2,psi1q,Flux in 1q-damper winding,Grid\G 02.ElmSym,3.2910363960139114e-07,-0.0,3.2910363960139114e-07
114,161,g2,area_2,psi1q,Flux in 1q-damper winding,Grid\G 02.ElmSym,-2.1862370638785267e-06,-0.0,2.1862370638785267e-06
115,161,g2,area_2,psi1q,Flux in 1q-damper winding,Grid\G 02.ElmSym,-2.5253863274476137e-07,0.0,2.5253863274476137e-07
116,161,g2,area_2,psi1q,Flux in 1q-damper winding,Grid\G 02.ElmSym,7.014795955748388e-07,0.0,7.014795955748388e-07
117,161,g2,area_2,psi1q,Flux in 1q-damper winding,Grid\G 02.ElmSym,-4.394790420489219e-08,-0.0,4.394790420489219e-08
118,161,g2,area_2,psi1q,Flux in 1q-damper winding,Grid\G 02.ElmSym,-3.0055117735375132e-05,0.0,3.0055117735375132e-05
119,161,g2,area_2,psi1q,Flux in 1q-damper winding,Grid\G 02.ElmSym,-9.1076717302064e-07,-0.0,9.1076717302064e-07
120,161,g2,area_2,psi1q,Flux in 1q-damper winding,Grid\G 02.ElmSym,5.895837114565629e-08,0.0,5.895837114565629e-08
121,161,g2,area_2,psi1q,Flux in 1q-damper winding,Grid\G 02.ElmSym,-1.9057464242707208e-05,0.0,1.9057464242707208e-05
122,161,g2,area_2,psi1q,Flux in 1q-damper winding,Grid\G 02.ElmSym,2.1954189024468975e-06,0.0,2.1954189024468975e-06
123,161,g2,area_2,psi1q,Flux in 1q-damper winding,Grid\G 02.ElmSym,1.4680902694555086e-06,0.0,1.4680902694555086e-06
124,161,g2,area_2,psi1q,Flux in 1q-damper winding,Grid\G 02.ElmSym,4.580977771402871e-07,0.0,4.580977771402871e-07
125,161,g2,area_2,psi1q,Flux in 1q-damper winding,Grid\G 02.ElmSym,1.780198810871396e-05,0.0,1.780198810871396e-05
126,161,g2,area_2,psi1q,Flux in 1q-damper winding,Grid\G 02.ElmSym,0.00012956901617930863,-0.0,0.00012956901617930863
127,161,g2,area_2,psi1q,Flux in 1q-damper winding,Grid\G 02.ElmSym,-0.00018805045954145566,-0.0,0.00018805045954145566
128,161,g2,area_2,psi1q,Flux in 1q-damper winding,Grid\G 02.ElmSym,-0.005293237545339584,0.0,0.005293237545339584
129,161,g2,area_2,psi1q,Flux in 1q-damper winding,Grid\G 02.ElmSym,2.5723519352455387e-05,-0.0,2.5723519352455387e-05
130,161,g2,area_2,psi1q,Flux in 1q-damper winding,Grid\G 02.ElmSym,1.6583441420647194e-05,0.0,1.6583441420647194e-05
131,161,g2,area_2,psi1q,Flux in 1q-damper winding,Grid\G 02.ElmSym,1.0441107841219592e-05,0.0,1.0441107841219592e-05
132,161,g2,area_2,psi1q,Flux in 1q-damper winding,Grid\G 02.ElmSym,-0.01279044880203268,-0.044557155912758044,0.04635661466922761
133,161,g2,area_2,psi1q,Flux in 1q-damper winding,Grid\G 02.ElmSym,-0.01279044880203268,0.044557155912758044,0.04635661466922761
134,161,g2,area_2,psi1q,Flux in 1q-damper winding,Grid\G 02.ElmSym,0.000617822412836981,0.0,0.000617822412836981
135,161,g2,area_2,psi1q,Flux in 1q-damper winding,Grid\G 02.ElmSym,5.690211662259706e-05,0.0,5.690211662259706e-05
136,161,g2,area_2,psi1q,Flux in 1q-damper winding,Grid\G 02.ElmSym,-2.382015493285204e-09,0.0,2.382015493285204e-09
140,161,g2,area_2,psi1q,Flux in 1q-damper winding,Grid\G 02.ElmSym,0.0002807244105225765,0.0,0.0002807244105225765
141,161,g2,area_2,psi1q,Flux in 1q-damper winding,Grid\G 02.ElmSym,-2.1230570899048045e-05,0.0,2.1230570899048045e-05
142,161,g2,area_2,psi1q,Flux in 1q-damper winding,Grid\G 02.ElmSym,0.00020800183680109652,0.0,0.00020800183680109652
143,161,g2,area_2,psi1q,Flux in 1q-damper winding,Grid\G 02.ElmSym,-0.00010446722580655142,0.0,0.00010446722580655142
144,161,g2,area_2,psi1q,Flux in 1q-damper winding,Grid\G 02.ElmSym,6.328435537628596e-05,0.0,6.328435537628596e-05
145,161,g2,area_2,psi1q,Flux in 1q-damper winding,Grid\G 02.ElmSym,-0.00016776610621844736,-0.0,0.00016776610621844736
146,161,g2,area_2,psi1q,Flux in 1q-damper winding,Grid\G 02.ElmSym,0.001233706841589409,0.0025187395887144577,0.0028046535769577657
147,161,g2,area_2,psi1q,Flux in 1q-damper winding,Grid\G 02.ElmSym,0.001233706841589409,-0.0025187395887144577,0.0028046535769577657
148,161,g2,area_2,psi1q,Flux in 1q-damper winding,Grid\G 02.ElmSym,0.018555178196331193,-0.038045800847887834,0.04232939404308485
149,161,g2,area_2,psi1q,Flux in 1q-damper winding,Grid\G 02.ElmSym,0.018555178196331193,0.038045800847887834,0.04232939404308485
150,161,g2,area_2,psi1q,Flux in 1q-damper winding,Grid\G 02.ElmSym,0.027982800156689067,0.0,0.027982800156689067
151,161,g2,area_2,psi1q,Flux in 1q-damper winding,Grid\G 02.ElmSym,0.00020853172419889882,0.0,0.00020853172419889882
152,161,g2,area_2,psi1q,Flux in 1q-damper winding,Grid\G 02.ElmSym,-1.1898561616718456e-05,0.0,1.1898561616718456e-05
153,161,g2,area_2,psi1q,Flux in 1q-damper winding,Grid\G 02.ElmSym,0.006646925819808562,-0.04459039193591323,0.04508308636121082
154,161,g2,area_2,psi1q,Flux in 1q-damper winding,Grid\G 02.ElmSym,0.006646925819808562,0.04459039193591323,0.04508308636121082
155,161,g2,area_2,psi1q,Flux in 1q-damper winding,Grid\G 02.ElmSym,-1.1179636416342466e-05,-0.0,1.1179636416342466e-05
156,161,g2,area_2,psi1q,Flux in 1q-damper winding,Grid\G 02.ElmSym,6.731716099555085e-07,0.0,6.731716099555085e-07
157,161,g2,area_2,psi1q,Flux in 1q-damper winding,Grid\G 02.ElmSym,-4.8468702424280766e-05,-0.0,4.8468702424280766e-05
158,161,g2,area_2,psi1q,Flux in 1q-damper winding,Grid\G 02.ElmSym,0.00016271265972271875,0.0,0.00016271265972271875
159,161,g2,area_2,psi1q,Flux in 1q-damper winding,Grid\G 02.ElmSym,8.626133650108678e-05,-0.0005765118605383551,0.0005829296214092654
160,161,g2,area_2,psi1q,Flux in 1q-damper winding,Grid\G 02.ElmSym,8.626133650108678e-05,0.0005765118605383551,0.0005829296214092654
161,161,g2,area_2,psi1q,Flux in 1q-damper winding,Grid\G 02.ElmSym,1.0,0.0,1.0
162,161,g2,area_2,psi1q,Flux in 1q-damper winding,Grid\G 02.ElmSym,0.0537994426117897,0.0,0.0537994426117897
163,161,g2,area_2,psi1q,Flux in 1q-damper winding,Grid\G 02.ElmSym,-0.01583477125797972,-0.02350646278305578,0.028342437675043533
164,161,g2,area_2,psi1q,Flux in 1q-damper winding,Grid\G 02.ElmSym,-0.01583477125797972,0.02350646278305578,0.028342437675043533
165,161,g2,area_2,psi1q,Flux in 1q-damper winding,Grid\G 02.ElmSym,8.491699467585125e-07,-0.0,8.491699467585125e-07
166,161,g2,area_2,psi1q,Flux in 1q-damper winding,Grid\G 02.ElmSym,-0.01786373544824735,0.0,0.01786373544824735
170,161,g2,area_2,psi1q,Flux in 1q-damper winding,Grid\G 02.ElmSym,0.013951268918318755,0.0,0.013951268918318755
171,161,g2,area_2,psi1q,Flux in 1q-damper winding,Grid\G 02.ElmSym,0.024724407118588324,0.0,0.024724407118588324
172,161,g2,area_2,psi1q,Flux in 1q-damper winding,Grid\G 02.ElmSym,-0.00013215358041478568,-0.0,0.00013215358041478568
173,161,g2,area_2,psi1q,Flux in 1q-damper winding,Grid\G 02.ElmSym,4.488373567314473e-06,0.0,4.488373567314473e-06
174,161,g2,area_2,psi1q,Flux in 1q-damper winding,Grid\G 02.ElmSym,-3.533728131208712e-07,0.0,3.533728131208712e-07
1,162,g2,area_2,psi2q,Flux in 2q-damper winding,Grid\G 02.ElmSym,2.8602285779388276e-06,0.0,2.8602285779388276e-06
5,162,g2,area_2,psi2q,Flux in 2q-damper winding,Grid\G 02.ElmSym,-1.1592419500627177e-06,1.0691876775961571e-07,1.1641621543773218e-06
6,162,g2,area_2,psi2q,Flux in 2q-damper winding,Grid\G 02.ElmSym,-1.1592419500627177e-06,-1.0691876775961571e-07,1.1641621543773218e-06
7,162,g2,area_2,psi2q,Flux in 2q-damper winding,Grid\G 02.ElmSym,-1.470006486668231e-09,-4.667969572426502e-09,4.893961483292072e-09
8,162,g2,area_2,psi2q,Flux in 2q-damper winding,Grid\G 02.ElmSym,-1.470006486668231e-09,4.667969572426502e-09,4.893961483292072e-09
9,162,g2,area_2,psi2q,Flux in 2q-damper winding,Grid\G 02.ElmSym,-7.082957698171638e-06,1.393846090202916e-06,7.218801609496054e-06
10,162,g2,area_2,psi2q,Flux in 2q-damper winding,Grid\G 02.ElmSym,-7.082957698171638e-06,-1.393846090202916e-06,7.218801609496054e-06
11,162,g2,area_2,psi2q,Flux in 2q-damper winding,Grid\G 02.ElmSym,-3.558031030710111e-05,0.00014517866315700003,0.00014947509062584067
12,162,g2,area_2,psi2q,Flux in 2q-damper winding,Grid\G 02.ElmSym,-3.558031030710111e-05,-0.00014517866315700003,0.00014947509062584067
13,162,g2,area_2,psi2q,Flux in 2q-damper winding,Grid\G 02.ElmSym,-0.00012210080278603203,-0.0,0.00012210080278603203
14,162,g2,area_2,psi2q,Flux in 2q-damper winding,Grid\G 02.ElmSym,-6.752653833213406e-05,0.00030393400508268585,0.0003113450061021106
15,162,g2,area_2,psi2q,Flux in 2q-damper winding,Grid\G 02.ElmSym,-6.752653833213406e-05,-0.00030393400508268585,0.0003113450061021106
19,162,g2,area_2,psi2q,Flux in 2q-damper winding,Grid\G 02.ElmSym,-3.609264473417122e-10,-0.0,3.609264473417122e-10
20,162,g2,area_2,psi2q,Flux in 2q-damper winding,Grid\G 02.ElmSym,-4.48827314184624e-13,0.0,4.48827314184624e-13
21,162,g2,area_2,psi2q,Flux in 2q-damper winding,Grid\G 02.ElmSym,1.1609744412017099e-07,0.0,1.1609744412017099e-07
22,162,g2,area_2,psi2q,Flux in 2q-damper winding,Grid\G 02.ElmSym,0.0003323790500275835,0.0033723526943831477,0.0033886927462091505
23,162,g2,area_2,psi2q,Flux in 2q-damper winding,Grid\G 02.ElmSym,0.0003323790500275835,-0.0033723526943831477,0.0033886927462091505
24,162,g2,area_2,psi2q,Flux in 2q-damper winding,Grid\G 02.ElmSym,-0.0006774159882173348,0.001473117613308829,0.0016214092400542095
25,162,g2,area_2,psi2q,Flux in 2q-damper winding,Grid\G 02.ElmSym,-0.0006774159882173348,-0.001473117613308829,0.0016214092400542095
26,162,g2,area_2,psi2q,Flux in 2q-damper winding,Grid\G 02.ElmSym,-9.351300156509207e-07,0.0,9.351300156509207e-07
27,162,g2,area_2,psi2q,Flux in 2q-damper winding,Grid\G 02.ElmSym,0.0192745896782945,0.04169468562082441,0.045934264076895784
28,162,g2,area_2,psi2q,Flux in 2q-damper winding,Grid\G 02.ElmSym,0.0192745896782945,-0.04169468562082441,0.045934264076895784
29,162,g2,area_2,psi2q,Flux in 2q-damper winding,Grid\G 02.ElmSym,4.863440479990822e-07,2.0986975171707518e-08,4.867966579086091e-07
30,162,g2,area_2,psi2q,Flux in 2q-damper winding,Grid\G 02.ElmSym,4.863440479990822e-07,-2.0986975171707518e-08,4.867966579086091e-07
31,162,g2,area_2,psi2q,Flux in 2q-damper winding,Grid\G 02.ElmSym,1.662956158923453e-06,6.319132891994133e-08,1.6641563419799574e-06
32,162,g2,area_2,psi2q,Flux in 2q-damper winding,Grid\G 02.ElmSym,1.662956158923453e-06,-6.319132891994133e-08,1.6641563419799574e-06
33,162,g2,area_2,psi2q,Flux in 2q-damper winding,Grid\G 02.ElmSym,-5.327103653195334e-09,4.228697371294342e-09,6.801464165154349e-09
34,162,g2,area_2,psi2q,Flux in 2q-damper winding,Grid\G 02.ElmSym,-5.327103653195334e-09,-4.228697371294342e-09,6.801464165154349e-09
35,162,g2,area_2,psi2q,Flux in 2q-damper winding,Grid\G 02.ElmSym,-0.0007880810132224051,-0.008123877111705171,0.008162012681286938
36,162,g2,area_2,psi2q,Flux in 2q-damper winding,Grid\G 02.ElmSym,-0.0007880810132224051,0.008123877111705171,0.008162012681286938
37,162,g2,area_2,psi2q,Flux in 2q-damper winding,Grid\G 02.ElmSym,0.00017872492032276706,0.0008383692220613887,0.0008572079967220311
38,162,g2,area_2,psi2q,Flux in 2q-damper winding,Grid\G 02.ElmSym,0.00017872492032276706,-0.0008383692220613887,0.0008572079967220311
39,162,g2,area_2,psi2q,Flux in 2q-damper winding,Grid\G 02.ElmSym,0.00015382134526903667,-0.00034414826400855814,0.00037696025504087353
40,162,g2,area_2,psi2q,Flux in 2q-damper winding,Grid\G 02.ElmSym,0.00015382134526903667,0.00034414826400855814,0.00037696025504087353
41,162,g2,area_2,psi2q,Flux in 2q-damper winding,Grid\G 02.ElmSym,-1.9246296861972783e-06,-2.836958863274961e-06,3.4281970510614167e-06
42,162,g2,area_2,psi2q,Flux in 2q-damper winding,Grid\G 02.ElmSym,-1.9246296861972783e-06,2.836958863274961e-06,3.4281970510614167e-06
43,162,g2,area_2,psi2q,Flux in 2q-damper winding,Grid\G 02.ElmSym,-1.22411528379392e-05,4.6903246116089275e-05,4.847432639065994e-05
44,162,g2,area_2,psi2q,Flux in 2q-damper winding,Grid\G 02.ElmSym,-1.22411528379392e-05,-4.6903246116089275e-05,4.847432639065994e-05
45,162,g2,area_2,psi2q,Flux in 2q-damper winding,Grid\G 02.ElmSym,-0.0006350829477977801,-0.001446180721215697,0.0015794837856082827
46,162,g2,area_2,psi2q,Flux in 2q-damper winding,Grid\G 02.ElmSym,-0.0006350829477977801,0.001446180721215697,0.0015794837856082827
47,162,g2,area_2,psi2q,Flux in 2q-damper winding,Grid\G 02.ElmSym,0.2449792814059548,-0.08574630556878854,0.2595520703767821
48,162,g2,area_2,psi2q,Flux in 2q-damper winding,Grid\G 02.ElmSym,0.2449792814059548,0.08574630556878854,0.2595520703767821
49,162,g2,area_2,psi2q,Flux in 2q-damper winding,Grid\G 02.ElmSym,0.00013013369592978726,-0.00330700089139248,0.003309560344590653
50,162,g2,area_2,psi2q,Flux in 2q-damper winding,Grid\G 02.ElmSym,0.00013013369592978726,0.00330700089139248,0.003309560344590653
51,162,g2,area_2,psi2q,Flux in 2q-damper winding,Grid\G 02.ElmSym,0.9999999999999999,0.0,0.9999999999999999
52,162,g2,area_2,psi2q,Flux in 2q-damper winding,Grid\G 02.ElmSym,-1.0839105700416715e-11,-0.0,1.0839105700416715e-11
53,162,g2,area_2,psi2q,Flux in 2q-damper winding,Grid\G 02.ElmSym,-1.3957574924473693e-11,0.0,1.3957574924473693e-11
54,162,g2,area_2,psi2q,Flux in 2q-damper winding,Grid\G 02.ElmSym,-1.1448207059543225e-12,-0.0,1.1448207059543225e-12
55,162,g2,area_2,psi2q,Flux in 2q-damper winding,Grid\G 02.ElmSym,4.5262887090507415e-13,0.0,4.5262887090507415e-13
56,162,g2,area_2,psi2q,Flux in 2q-damper winding,Grid\G 02.ElmSym,-1.0918655640361171e-12,-0.0,1.0918655640361171e-12
57,162,g2,area_2,psi2q,Flux in 2q-damper winding,Grid\G 02.ElmSym,-0.13078925767742494,0.0,0.13078925767742494
58,162,g2,area_2,psi2q,Flux in 2q-damper winding,Grid\G 02.ElmSym,0.007998818842808017,-0.0,0.007998818842808017
59,162,g2,area_2,psi2q,Flux in 2q-damper winding,Grid\G 02.ElmSym,0.005755168489165925,0.0,0.005755168489165925
60,162,g2,area_2,psi2q,Flux in 2q-damper winding,Grid\G 02.ElmSym,0.007468233460771176,-0.008831065582248129,0.011565562257951393
61,162,g2,area_2,psi2q,Flux in 2q-damper winding,Grid\G 02.ElmSym,0.007468233460771176,0.008831065582248129,0.011565562257951393
62,162,g2,area_2,psi2q,Flux in 2q-damper winding,Grid\G 02.ElmSym,0.0009792213754996862,0.0,0.0009792213754996862
63,162,g2,area_2,psi2q,Flux in 2q-damper winding,Grid\G 02.ElmSym,-0.00012791033687015456,-0.0,0.00012791033687015456
64,162,g2,area_2,psi2q,Flux in 2q-damper winding,Grid\G 02.ElmSym,0.0004648179418005529,0.0,0.0004648179418005529
65,162,g2,area_2,psi2q,Flux in 2q-damper winding,Grid\G 02.ElmSym,0.0007523878960765712,-0.0024368721831531165,0.002550379105777799
66,162,g2,area_2,psi2q,Flux in 2q-damper winding,Grid\G 02.ElmSym,0.0007523878960765712,0.0024368721831531165,0.002550379105777799
67,162,g2,area_2,psi2q,Flux in 2q-damper winding,Grid\G 02.ElmSym,-0.0005246705882137724,-0.0,0.0005246705882137724
68,162,g2,area_2,psi2q,Flux in 2q-damper winding,Grid\G 02.ElmSym,-0.0007886782846758377,-0.000499225905783409,0.0009334023471817964
69,162,g2,area_2,psi2q,Flux in 2q-damper winding,Grid\G 02.ElmSym,-0.0007886782846758377,0.000499225905783409,0.0009334023471817964
70,162,g2,area_2,psi2q,Flux in 2q-damper winding,Grid\G 02.ElmSym,-0.005368775766094331,-0.004496897039803788,0.007003273249930909
71,162,g2,area_2,psi2q,Flux in 2q-damper winding,Grid\G 02.ElmSym,-0.005368775766094331,0.004496897039803788,0.007003273249930909
72,162,g2,area_2,psi2q,Flux in 2q-damper winding,Grid\G 02.ElmSym,-0.002350252320586089,-0.002399096089983782,0.0033584740611467836
73,162,g2,area_2,psi2q,Flux in 2q-damper winding,Grid\G 02.ElmSym,-0.002350252320586089,0.002399096089983782,0.0033584740611467836
74,162,g2,area_2,psi2q,Flux in 2q-damper winding,Grid\G 02.ElmSym,0.00036946202378836996,0.0,0.00036946202378836996
75,162,g2,area_2,psi2q,Flux in 2q-damper winding,Grid\G 02.ElmSym,-0.0015744320249688895,0.004084776137227881,0.004377697144905523
76,162,g2,area_2,psi2q,Flux in 2q-damper winding,Grid\G 02.ElmSym,-0.0015744320249688895,-0.004084776137227881,0.004377697144905523
77,162,g2,area_2,psi2q,Flux in 2q-damper winding,Grid\G 02.ElmSym,4.0813560881552666e-05,0.0,4.0813560881552666e-05
78,162,g2,area_2,psi2q,Flux in 2q-damper winding,Grid\G 02.ElmSym,2.0781511071988484e-05,-0.0,2.0781511071988484e-05
79,162,g2,area_2,psi2q,Flux in 2q-damper winding,Grid\G 02.ElmSym,-8.804984968543713e-09,-0.0,8.804984968543713e-09
81,162,g2,area_2,psi2q,Flux in 2q-damper winding,Grid\G 02.ElmSym,-1.2150308740964338e-15,0.0,1.2150308740964338e-15
89,162,g2,area_2,psi2q,Flux in 2q-damper winding,Grid\G 02.ElmSym,1.3751328486953088e-16,0.0,1.3751328486953088e-16
90,162,g2,area_2,psi2q,Flux in 2q-damper winding,Grid\G 02.ElmSym,9.036385432290129e-16,0.0,9.036385432290129e-16
91,162,g2,area_2,psi2q,Flux in 2q-damper winding,Grid\G 02.ElmSym,0.0004826426072698889,0.0,0.0004826426072698889
92,162,g2,area_2,psi2q,Flux in 2q-damper winding,Grid\G 02.ElmSym,0.0006312361449242965,0.0,0.0006312361449242965
93,162,g2,area_2,psi2q,Flux in 2q-damper winding,Grid\G 02.ElmSym,-0.00083386013678157,0.0,0.00083386013678157
94,162,g2,area_2,psi2q,Flux in 2q-damper winding,Grid\G 02.ElmSym,0.00033174503152429824,4.60043302257611e-05,0.00033491963863078935
95,162,g2,area_2,psi2q,Flux in 2q-damper winding,Grid\G 02.ElmSym,0.00033174503152429824,-4.60043302257611e-05,0.00033491963863078935
96,162,g2,area_2,psi2q,Flux in 2q-damper winding,Grid\G 02.ElmSym,-0.00011979688459738693,0.0,0.00011979688459738693
97,162,g2,area_2,psi2q,Flux in 2q-damper winding,Grid\G 02.ElmSym,-2.9467390598671413e-05,0.0,2.9467390598671413e-05
98,162,g2,area_2,psi2q,Flux in 2q-damper winding,Grid\G 02.ElmSym,-2.5405424129255654e-06,0.0,2.5405424129255654e-06
99,162,g2,area_2,psi2q,Flux in 2q-damper winding,Grid\G 02.ElmSym,-3.4602383179803465e-06,-0.0,3.4602383179803465e-06
100,162,g2,area_2,psi2q,Flux in 2q-damper winding,Grid\G 02.ElmSym,1.619836584925251e-05,0.0,1.619836584925251e-05
101,162,g2,area_2,psi2q,Flux in 2q-damper winding,Grid\G 02.ElmSym,-2.9366173977456074e-06,-0.0,2.9366173977456074e-06
102,162,g2,area_2,psi2q,Flux in 2q-damper winding,Grid\G 02.ElmSym,5.8885608186578954e-08,-1.747111342609079e-08,6.142275356779948e-08
103,162,g2,area_2,psi2q,Flux in 2q-damper winding,Grid\G 02.ElmSym,5.8885608186578954e-08,1.747111342609079e-08,6.142275356779948e-08
104,162,g2,area_2,psi2q,Flux in 2q-damper winding,Grid\G 02.ElmSym,-4.0879210530978284e-05,2.3245731534480973e-05,4.7026310595338104e-05
105,162,g2,area_2,psi2q,Flux in 2q-damper winding,Grid\G 02.ElmSym,-4.0879210530978284e-05,-2.3245731534480973e-05,4.7026310595338104e-05
106,162,g2,area_2,psi2q,Flux in 2q-damper winding,Grid\G 02.ElmSym,-8.440001350997194e-05,6.30331532238174e-05,0.00010534011907065934
107,162,g2,area_2,psi2q,Flux in 2q-damper winding,Grid\G 02.ElmSym,-8.440001350997194e-05,-6.30331532238174e-05,0.00010534011907065934
108,162,g2,area_2,psi2q,Flux in 2q-damper winding,Grid\G 02.ElmSym,-1.5670423919554918e-06,0.0,1.5670423919554918e-06
112,162,g2,area_2,psi2q,Flux in 2q-damper winding,Grid\G 02.ElmSym,6.7860142044762445e-06,0.0,6.7860142044762445e-06
113,162,g2,area_2,psi2q,Flux in 2q-damper winding,Grid\G 02.ElmSym,6.857375416995969e-08,0.0,6.857375416995969e-08
114,162,g2,area_2,psi2q,Flux in 2q-damper winding,Grid\G 02.ElmSym,-4.5439825465926407e-07,-0.0,4.5439825465926407e-07
115,162,g2,area_2,psi2q,Flux in 2q-damper winding,Grid\G 02.ElmSym,-5.241378511838086e-08,0.0,5.241378511838086e-08
116,162,g2,area_2,psi2q,Flux in 2q-damper winding,Grid\G 02.ElmSym,1.4508302099416688e-07,0.0,1.4508302099416688e-07
117,162,g2,area_2,psi2q,Flux in 2q-damper winding,Grid\G 02.ElmSym,-9.059980992157906e-09,-0.0,9.059980992157906e-09
118,162,g2,area_2,psi2q,Flux in 2q-damper winding,Grid\G 02.ElmSym,-6.136855109376254e-06,0.0,6.136855109376254e-06
119,162,g2,area_2,psi2q,Flux in 2q-damper winding,Grid\G 02.ElmSym,-1.8374552895549162e-07,-0.0,1.8374552895549162e-07
120,162,g2,area_2,psi2q,Flux in 2q-damper winding,Grid\G 02.ElmSym,1.1798918931005698e-08,0.0,1.1798918931005698e-08
121,162,g2,area_2,psi2q,Flux in 2q-damper winding,Grid\G 02.ElmSym,-3.733322633479859e-06,0.0,3.733322633479859e-06
122,162,g2,area_2,psi2q,Flux in 2q-damper winding,Grid\G 02.ElmSym,4.285803450796605e-07,0.0,4.285803450796605e-07
123,162,g2,area_2,psi2q,Flux in 2q-damper winding,Grid\G 02.ElmSym,2.8180435204404445e-07,0.0,2.8180435204404445e-07
124,162,g2,area_2,psi2q,Flux in 2q-damper winding,Grid\G 02.ElmSym,8.755333582108596e-08,0.0,8.755333582108596e-08
125,162,g2,area_2,psi2q,Flux in 2q-damper winding,Grid\G 02.ElmSym,3.3206923353534504e-06,0.0,3.3206923353534504e-06
126,162,g2,area_2,psi2q,Flux in 2q-damper winding,Grid\G 02.ElmSym,2.372402401126616e-05,0.0,2.372402401126616e-05
127,162,g2,area_2,psi2q,Flux in 2q-damper winding,Grid\G 02.ElmSym,-3.212720824128764e-05,-0.0,3.212720824128764e-05
128,162,g2,area_2,psi2q,Flux in 2q-damper winding,Grid\G 02.ElmSym,-0.0007578991238651468,0.0,0.0007578991238651468
129,162,g2,area_2,psi2q,Flux in 2q-damper winding,Grid\G 02.ElmSym,1.84730883437939e-06,0.0,1.84730883437939e-06
130,162,g2,area_2,psi2q,Flux in 2q-damper winding,Grid\G 02.ElmSym,9.163451787469764e-07,0.0,9.163451787469764e-07
131,162,g2,area_2,psi2q,Flux in 2q-damper winding,Grid\G 02.ElmSym,5.679784471405352e-07,0.0,5.679784471405352e-07
132,162,g2,area_2,psi2q,Flux in 2q-damper winding,Grid\G 02.ElmSym,-0.0005764590715623301,-0.002008168528843849,0.002089269226649685
133,162,g2,area_2,psi2q,Flux in 2q-damper winding,Grid\G 02.ElmSym,-0.0005764590715623301,0.002008168528843849,0.002089269226649685
134,162,g2,area_2,psi2q,Flux in 2q-damper winding,Grid\G 02.ElmSym,2.6504808153262896e-05,0.0,2.6504808153262896e-05
135,162,g2,area_2,psi2q,Flux in 2q-damper winding,Grid\G 02.ElmSym,2.422720183224142e-06,0.0,2.422720183224142e-06
136,162,g2,area_2,psi2q,Flux in 2q-damper winding,Grid\G 02.ElmSym,-1.0096796662889588e-10,0.0,1.0096796662889588e-10
140,162,g2,area_2,psi2q,Flux in 2q-damper winding,Grid\G 02.ElmSym,1.122717734311655e-05,0.0,1.122717734311655e-05
141,162,g2,area_2,psi2q,Flux in 2q-damper winding,Grid\G 02.ElmSym,-7.915836750542918e-07,0.0,7.915836750542918e-07
142,162,g2,area_2,psi2q,Flux in 2q-damper winding,Grid\G 02.ElmSym,7.138838454819183e-06,0.0,7.138838454819183e-06
143,162,g2,area_2,psi2q,Flux in 2q-damper winding,Grid\G 02.ElmSym,-3.4512454342738033e-06,0.0,3.4512454342738033e-06
144,162,g2,area_2,psi2q,Flux in 2q-damper winding,Grid\G 02.ElmSym,2.0136324767181304e-06,-0.0,2.0136324767181304e-06
145,162,g2,area_2,psi2q,Flux in 2q-damper winding,Grid\G 02.ElmSym,-4.9394929116173906e-06,-0.0,4.9394929116173906e-06
146,162,g2,area_2,psi2q,Flux in 2q-damper winding,Grid\G 02.ElmSym,1.7601977401419002e-05,3.593624985229509e-05,4.001554275386808e-05
147,162,g2,area_2,psi2q,Flux in 2q-damper winding,Grid\G 02.ElmSym,1.7601977401419002e-05,-3.593624985229509e-05,4.001554275386808e-05
148,162,g2,area_2,psi2q,Flux in 2q-damper winding,Grid\G 02.ElmSym,9.574319343192123e-05,-0.0001963132033192387,0.0002184161919043619
149,162,g2,area_2,psi2q,Flux in 2q-damper winding,Grid\G 02.ElmSym,9.574319343192123e-05,0.0001963132033192387,0.0002184161919043619
150,162,g2,area_2,psi2q,Flux in 2q-damper winding,Grid\G 02.ElmSym,0.00023347341235721285,0.0,0.00023347341235721285
151,162,g2,area_2,psi2q,Flux in 2q-damper winding,Grid\G 02.ElmSym,1.3610833093612963e-06,0.0,1.3610833093612963e-06
152,162,g2,area_2,psi2q,Flux in 2q-damper winding,Grid\G 02.ElmSym,-6.21765830345554e-08,0.0,6.21765830345554e-08
153,162,g2,area_2,psi2q,Flux in 2q-damper winding,Grid\G 02.ElmSym,2.4751361925756194e-05,-0.00016604261267230875,0.00016787727404335025
154,162,g2,area_2,psi2q,Flux in 2q-damper winding,Grid\G 02.ElmSym,2.4751361925756194e-05,0.00016604261267230875,0.00016787727404335025
155,162,g2,area_2,psi2q,Flux in 2q-damper winding,Grid\G 02.ElmSym,-5.579047215708467e-08,-0.0,5.579047215708467e-08
156,162,g2,area_2,psi2q,Flux in 2q-damper winding,Grid\G 02.ElmSym,3.3201411588502966e-09,0.0,3.3201411588502966e-09
157,162,g2,area_2,psi2q,Flux in 2q-damper winding,Grid\G 02.ElmSym,-2.385680409083408e-07,-0.0,2.385680409083408e-07
158,162,g2,area_2,psi2q,Flux in 2q-damper winding,Grid\G 02.ElmSym,7.952307692925073e-07,0.0,7.952307692925073e-07
159,162,g2,area_2,psi2q,Flux in 2q-damper winding,Grid\G 02.ElmSym,2.41346729364873e-07,-1.6129967095615431e-06,1.6309526752274225e-06
160,162,g2,area_2,psi2q,Flux in 2q-damper winding,Grid\G 02.ElmSym,2.41346729364873e-07,1.6129967095615431e-06,1.6309526752274225e-06
161,162,g2,area_2,psi2q,Flux in 2q-damper winding,Grid\G 02.ElmSym,0.002268672802040087,0.0,0.002268672802040087
162,162,g2,area_2,psi2q,Flux in 2q-damper winding,Grid\G 02.ElmSym,9.38748532159524e-05,0.0,9.38748532159524e-05
163,162,g2,area_2,psi2q,Flux in 2q-damper winding,Grid\G 02.ElmSym,-1.8770415064958435e-05,-2.7864378720980452e-05,3.359690585778766e-05
164,162,g2,area_2,psi2q,Flux in 2q-damper winding,Grid\G 02.ElmSym,-1.8770415064958435e-05,2.7864378720980452e-05,3.359690585778766e-05
165,162,g2,area_2,psi2q,Flux in 2q-damper winding,Grid\G 02.ElmSym,9.607175550364428e-10,0.0,9.607175550364428e-10
166,162,g2,area_2,psi2q,Flux in 2q-damper winding,Grid\G 02.ElmSym,-1.4537041340746293e-05,0.0,1.4537041340746293e-05
170,162,g2,area_2,psi2q,Flux in 2q-damper winding,Grid\G 02.ElmSym,3.3763310028857836e-06,0.0,3.3763310028857836e-06
171,162,g2,area_2,psi2q,Flux in 2q-damper winding,Grid\G 02.ElmSym,5.34920864053111e-06,0.0,5.34920864053111e-06
172,162,g2,area_2,psi2q,Flux in 2q-damper winding,Grid\G 02.ElmSym,-4.7853923526652046e-09,-0.0,4.7853923526652046e-09
173,162,g2,area_2,psi2q,Flux in 2q-damper winding,Grid\G 02.ElmSym,9.434229961152604e-11,-0.0,9.434229961152604e-11
174,162,g2,area_2,psi2q,Flux in 2q-damper winding,Grid\G 02.ElmSym,-4.842709742614523e-14,0.0,4.842709742614523e-14
1,163,g2,area_2,speed,Speed,Grid\G 02.ElmSym,-0.00478652766080999,-0.0,0.00478652766080999
5,163,g2,area_2,speed,Speed,Grid\G 02.ElmSym,7.183627951388086e-06,-2.617565308694715e-05,2.714349507841925e-05
6,163,g2,area_2,speed,Speed,Grid\G 02.ElmSym,7.183627951388086e-06,2.617565308694715e-05,2.714349507841925e-05
7,163,g2,area_2,speed,Speed,Grid\G 02.ElmSym,5.025441471590898e-08,-9.342535970751153e-08,1.0608394805490832e-07
8,163,g2,area_2,speed,Speed,Grid\G 02.ElmSym,5.025441471590898e-08,9.342535970751153e-08,1.0608394805490832e-07
9,163,g2,area_2,speed,Speed,Grid\G 02.ElmSym,0.00010619321545394467,-0.00018818903613381508,0.0002160835771858247
10,163,g2,area_2,speed,Speed,Grid\G 02.ElmSym,0.00010619321545394467,0.00018818903613381508,0.0002160835771858247
11,163,g2,area_2,speed,Speed,Grid\G 02.ElmSym,-0.0005860141370347129,0.00036518831305254397,0.0006904890099014626
12,163,g2,area_2,speed,Speed,Grid\G 02.ElmSym,-0.0005860141370347129,-0.00036518831305254397,0.0006904890099014626
13,163,g2,area_2,speed,Speed,Grid\G 02.ElmSym,0.03537560536973566,0.0,0.03537560536973566
14,163,g2,area_2,speed,Speed,Grid\G 02.ElmSym,-0.05400677345505299,-0.011486609719459603,0.055214796765655126
15,163,g2,area_2,speed,Speed,Grid\G 02.ElmSym,-0.05400677345505299,0.011486609719459603,0.055214796765655126
19,163,g2,area_2,speed,Speed,Grid\G 02.ElmSym,-3.426244785238538e-10,-0.0,3.426244785238538e-10
20,163,g2,area_2,speed,Speed,Grid\G 02.ElmSym,-5.4186548037683276e-12,0.0,5.4186548037683276e-12
21,163,g2,area_2,speed,Speed,Grid\G 02.ElmSym,-0.0015161679325699105,-0.0,0.0015161679325699105
22,163,g2,area_2,speed,Speed,Grid\G 02.ElmSym,-0.0023881527507146815,0.005470598170406701,0.005969147167125572
23,163,g2,area_2,speed,Speed,Grid\G 02.ElmSym,-0.0023881527507146815,-0.005470598170406701,0.005969147167125572
24,163,g2,area_2,speed,Speed,Grid\G 02.ElmSym,-0.007418873272756079,-0.0015736520763538447,0.0075839344336978065
25,163,g2,area_2,speed,Speed,Grid\G 02.ElmSym,-0.007418873272756079,0.0015736520763538447,0.0075839344336978065
26,163,g2,area_2,speed,Speed,Grid\G 02.ElmSym,0.08327677150625301,0.0,0.08327677150625301
27,163,g2,area_2,speed,Speed,Grid\G 02.ElmSym,-0.019585321503932995,-0.011970102477142176,0.022953609122003133
28,163,g2,area_2,speed,Speed,Grid\G 02.ElmSym,-0.019585321503932995,0.011970102477142176,0.022953609122003133
29,163,g2,area_2,speed,Speed,Grid\G 02.ElmSym,-4.940110573903949e-06,3.0159214184407342e-05,3.056113369466772e-05
30,163,g2,area_2,speed,Speed,Grid\G 02.ElmSym,-4.940110573903949e-06,-3.0159214184407342e-05,3.056113369466772e-05
31,163,g2,area_2,speed,Speed,Grid\G 02.ElmSym,-5.235201358190845e-05,0.00013445097937910333,0.00014428374538415751
32,163,g2,area_2,speed,Speed,Grid\G 02.ElmSym,-5.235201358190845e-05,-0.00013445097937910333,0.00014428374538415751
33,163,g2,area_2,speed,Speed,Grid\G 02.ElmSym,-2.6563434048209907e-07,-4.772557232602749e-07,5.462001723068639e-07
34,163,g2,area_2,speed,Speed,Grid\G 02.ElmSym,-2.6563434048209907e-07,4.772557232602749e-07,5.462001723068639e-07
35,163,g2,area_2,speed,Speed,Grid\G 02.ElmSym,1.0,6.938893903907228e-18,1.0
36,163,g2,area_2,speed,Speed,Grid\G 02.ElmSym,1.0,-6.938893903907228e-18,1.0
37,163,g2,area_2,speed,Speed,Grid\G 02.ElmSym,-0.1448277468726506,0.0024309434146904084,0.14484814720973818
38,163,g2,area_2,speed,Speed,Grid\G 02.ElmSym,-0.1448277468726506,-0.0024309434146904084,0.14484814720973818
39,163,g2,area_2,speed,Speed,Grid\G 02.ElmSym,-0.0506575836814488,-0.0197509230727969,0.0543717734368719
40,163,g2,area_2,speed,Speed,Grid\G 02.ElmSym,-0.0506575836814488,0.0197509230727969,0.0543717734368719
41,163,g2,area_2,speed,Speed,Grid\G 02.ElmSym,7.24135543251846e-05,-2.4237406623469445e-05,7.636212889802027e-05
42,163,g2,area_2,speed,Speed,Grid\G 02.ElmSym,7.24135543251846e-05,2.4237406623469445e-05,7.636212889802027e-05
43,163,g2,area_2,speed,Speed,Grid\G 02.ElmSym,-0.003109965727910221,-0.00068497819988469,0.0031845065493877416
44,163,g2,area_2,speed,Speed,Grid\G 02.ElmSym,-0.003109965727910221,0.00068497819988469,0.0031845065493877416
45,163,g2,area_2,speed,Speed,Grid\G 02.ElmSym,-0.0013967007664480132,0.0023577071801402292,0.0027403569435898783
46,163,g2,area_2,speed,Speed,Grid\G 02.ElmSym,-0.0013967007664480132,-0.0023577071801402292,0.0027403569435898783
47,163,g2,area_2,speed,Speed,Grid\G 02.ElmSym,0.02547985873287112,-0.015653605203420632,0.02990415618123384
48,163,g2,area_2,speed,Speed,Grid\G 02.ElmSym,0.02547985873287112,0.015653605203420632,0.02990415618123384
49,163,g2,area_2,speed,Speed,Grid\G 02.ElmSym,-3.751759922226907e-05,0.001307508475828218,0.001308046629372987
50,163,g2,area_2,speed,Speed,Grid\G 02.ElmSym,-3.751759922226907e-05,-0.001307508475828218,0.001308046629372987
51,163,g2,area_2,speed,Speed,Grid\G 02.ElmSym,-0.0021650560875190114,-0.0,0.0021650560875190114
52,163,g2,area_2,speed,Speed,Grid\G 02.ElmSym,-9.557028127639182e-15,-0.0,9.557028127639182e-15
53,163,g2,area_2,speed,Speed,Grid\G 02.ElmSym,1.8098103759065995e-13,-0.0,1.8098103759065995e-13
54,163,g2,area_2,speed,Speed,Grid\G 02.ElmSym,-3.642383422441783e-14,-0.0,3.642383422441783e-14
56,163,g2,area_2,speed,Speed,Grid\G 02.ElmSym,-2.5659074266188154e-14,-0.0,2.5659074266188154e-14
57,163,g2,area_2,speed,Speed,Grid\G 02.ElmSym,-0.0025478061857894647,0.0,0.0025478061857894647
58,163,g2,area_2,speed,Speed,Grid\G 02.ElmSym,-0.0013806030353283314,0.0,0.0013806030353283314
59,163,g2,area_2,speed,Speed,Grid\G 02.ElmSym,-2.727249424053412e-05,0.0,2.727249424053412e-05
60,163,g2,area_2,speed,Speed,Grid\G 02.ElmSym,3.484663016205823e-05,3.446484814958847e-05,4.901135982224384e-05
61,163,g2,area_2,speed,Speed,Grid\G 02.ElmSym,3.484663016205823e-05,-3.446484814958847e-05,4.901135982224384e-05
62,163,g2,area_2,speed,Speed,Grid\G 02.ElmSym,-2.0452388293686292e-07,0.0,2.0452388293686292e-07
63,163,g2,area_2,speed,Speed,Grid\G 02.ElmSym,1.6398380217135395e-08,0.0,1.6398380217135395e-08
64,163,g2,area_2,speed,Speed,Grid\G 02.ElmSym,-1.615118939032906e-05,-0.0,1.615118939032906e-05
65,163,g2,area_2,speed,Speed,Grid\G 02.ElmSym,-5.291059526759816e-05,7.830888642537925e-05,9.450826834068291e-05
66,163,g2,area_2,speed,Speed,Grid\G 02.ElmSym,-5.291059526759816e-05,-7.830888642537925e-05,9.450826834068291e-05
67,163,g2,area_2,speed,Speed,Grid\G 02.ElmSym,9.846388091117872e-06,0.0,9.846388091117872e-06
68,163,g2,area_2,speed,Speed,Grid\G 02.ElmSym,2.4909370995358615e-05,1.2736958149260692e-05,2.7976898796693523e-05
69,163,g2,area_2,speed,Speed,Grid\G 02.ElmSym,2.4909370995358615e-05,-1.2736958149260692e-05,2.7976898796693523e-05
70,163,g2,area_2,speed,Speed,Grid\G 02.ElmSym,0.0016492843249572826,0.0012239899020117502,0.0020538476245273245
71,163,g2,area_2,speed,Speed,Grid\G 02.ElmSym,0.0016492843249572826,-0.0012239899020117502,0.0020538476245273245
72,163,g2,area_2,speed,Speed,Grid\G 02.ElmSym,0.0009340606962717471,0.000767940589740553,0.0012092155034115009
73,163,g2,area_2,speed,Speed,Grid\G 02.ElmSym,0.0009340606962717471,-0.000767940589740553,0.0012092155034115009
74,163,g2,area_2,speed,Speed,Grid\G 02.ElmSym,-3.9353043765517083e-07,0.0,3.9353043765517083e-07
75,163,g2,area_2,speed,Speed,Grid\G 02.ElmSym,0.0031264728682123223,0.009270434190404141,0.0097834443154894
76,163,g2,area_2,speed,Speed,Grid\G 02.ElmSym,0.0031264728682123223,-0.009270434190404141,0.0097834443154894
77,163,g2,area_2,speed,Speed,Grid\G 02.ElmSym,-9.110839043382762e-06,0.0,9.110839043382762e-06
78,163,g2,area_2,speed,Speed,Grid\G 02.ElmSym,-1.4073605111324917e-06,0.0,1.4073605111324917e-06
79,163,g2,area_2,speed,Speed,Grid\G 02.ElmSym,-4.233653050532848e-08,-0.0,4.233653050532848e-08
80,163,g2,area_2,speed,Speed,Grid\G 02.ElmSym,-2.1613718793097822e-16,-0.0,2.1613718793097822e-16
81,163,g2,area_2,speed,Speed,Grid\G 02.ElmSym,5.795006580521682e-15,0.0,5.795006580521682e-15
89,163,g2,area_2,speed,Speed,Grid\G 02.ElmSym,-2.9792873866232203e-16,-0.0,2.9792873866232203e-16
90,163,g2,area_2,speed,Speed,Grid\G 02.ElmSym,-4.153424235196783e-15,0.0,4.153424235196783e-15
91,163,g2,area_2,speed,Speed,Grid\G 02.ElmSym,-0.0024163163895387398,-0.0,0.0024163163895387398
92,163,g2,area_2,speed,Speed,Grid\G 02.ElmSym,-0.0014274713796791425,-0.0,0.0014274713796791425
93,163,g2,area_2,speed,Speed,Grid\G 02.ElmSym,-0.0027831482276195045,0.0,0.0027831482276195045
94,163,g2,area_2,speed,Speed,Grid\G 02.ElmSym,-0.00184581303354893,-0.0007994947124656914,0.0020115212029903394
95,163,g2,area_2,speed,Speed,Grid\G 02.ElmSym,-0.00184581303354893,0.0007994947124656914,0.0020115212029903394
96,163,g2,area_2,speed,Speed,Grid\G 02.ElmSym,0.0020165235337523393,0.0,0.0020165235337523393
97,163,g2,area_2,speed,Speed,Grid\G 02.ElmSym,0.0015054710938851165,-0.0,0.0015054710938851165
98,163,g2,area_2,speed,Speed,Grid\G 02.ElmSym,-0.0003668669417265585,0.0,0.0003668669417265585
99,163,g2,area_2,speed,Speed,Grid\G 02.ElmSym,-0.0015026489485880732,0.0,0.0015026489485880732
100,163,g2,area_2,speed,Speed,Grid\G 02.ElmSym,-0.0001252829690136253,0.0,0.0001252829690136253
101,163,g2,area_2,speed,Speed,Grid\G 02.ElmSym,6.83773757820288e-05,0.0,6.83773757820288e-05
102,163,g2,area_2,speed,Speed,Grid\G 02.ElmSym,-1.995431195663774e-06,1.485172646548025e-07,2.000950532754047e-06
103,163,g2,area_2,speed,Speed,Grid\G 02.ElmSym,-1.995431195663774e-06,-1.485172646548025e-07,2.000950532754047e-06
104,163,g2,area_2,speed,Speed,Grid\G 02.ElmSym,0.0003936503318654402,-0.0003536981312001945,0.0005292097427223739
105,163,g2,area_2,speed,Speed,Grid\G 02.ElmSym,0.0003936503318654402,0.0003536981312001945,0.0005292097427223739
106,163,g2,area_2,speed,Speed,Grid\G 02.ElmSym,0.0009508577168414114,-0.0002884684904764713,0.000993652085830164
107,163,g2,area_2,speed,Speed,Grid\G 02.ElmSym,0.0009508577168414114,0.0002884684904764713,0.000993652085830164
108,163,g2,area_2,speed,Speed,Grid\G 02.ElmSym,2.992027373514956e-05,0.0,2.992027373514956e-05
112,163,g2,area_2,speed,Speed,Grid\G 02.ElmSym,-8.003703405391234e-05,0.0,8.003703405391234e-05
113,163,g2,area_2,speed,Speed,Grid\G 02.ElmSym,5.020915346822681e-06,0.0,5.020915346822681e-06
114,163,g2,area_2,speed,Speed,Grid\G 02.ElmSym,9.334842731970617e-06,0.0,9.334842731970617e-06
115,163,g2,area_2,speed,Speed,Grid\G 02.ElmSym,9.89855103599092e-07,0.0,9.89855103599092e-07
116,163,g2,area_2,speed,Speed,Grid\G 02.ElmSym,-2.6119580384797766e-06,-0.0,2.6119580384797766e-06
117,163,g2,area_2,speed,Speed,Grid\G 02.ElmSym,1.416413409452882e-07,0.0,1.416413409452882e-07
118,163,g2,area_2,speed,Speed,Grid\G 02.ElmSym,8.522894918055606e-05,0.0,8.522894918055606e-05
119,163,g2,area_2,speed,Speed,Grid\G 02.ElmSym,1.7817140094948292e-06,0.0,1.7817140094948292e-06
120,163,g2,area_2,speed,Speed,Grid\G 02.ElmSym,-9.801513172963985e-07,-0.0,9.801513172963985e-07
121,163,g2,area_2,speed,Speed,Grid\G 02.ElmSym,3.9266654522401074e-05,-0.0,3.9266654522401074e-05
122,163,g2,area_2,speed,Speed,Grid\G 02.ElmSym,-3.0226503092869175e-06,0.0,3.0226503092869175e-06
123,163,g2,area_2,speed,Speed,Grid\G 02.ElmSym,-4.771994973814891e-06,-0.0,4.771994973814891e-06
124,163,g2,area_2,speed,Speed,Grid\G 02.ElmSym,-4.683807099609354e-06,-0.0,4.683807099609354e-06
125,163,g2,area_2,speed,Speed,Grid\G 02.ElmSym,-2.186044736982617e-05,0.0,2.186044736982617e-05
126,163,g2,area_2,speed,Speed,Grid\G 02.ElmSym,-0.00022858201123133594,0.0,0.00022858201123133594
127,163,g2,area_2,speed,Speed,Grid\G 02.ElmSym,0.00031278824784205215,0.0,0.00031278824784205215
128,163,g2,area_2,speed,Speed,Grid\G 02.ElmSym,0.0031225635648009335,0.0,0.0031225635648009335
129,163,g2,area_2,speed,Speed,Grid\G 02.ElmSym,-1.5424097756832875e-05,0.0,1.5424097756832875e-05
130,163,g2,area_2,speed,Speed,Grid\G 02.ElmSym,0.0003197815728375221,0.0,0.0003197815728375221
131,163,g2,area_2,speed,Speed,Grid\G 02.ElmSym,-4.442327353790022e-06,0.0,4.442327353790022e-06
132,163,g2,area_2,speed,Speed,Grid\G 02.ElmSym,0.00945345652158108,0.014121006713747131,0.01699325368536336
133,163,g2,area_2,speed,Speed,Grid\G 02.ElmSym,0.00945345652158108,-0.014121006713747131,0.01699325368536336
134,163,g2,area_2,speed,Speed,Grid\G 02.ElmSym,0.00039262688769764,0.0,0.00039262688769764
135,163,g2,area_2,speed,Speed,Grid\G 02.ElmSym,3.348601291965385e-05,0.0,3.348601291965385e-05
136,163,g2,area_2,speed,Speed,Grid\G 02.ElmSym,-3.9646735161637506e-08,0.0,3.9646735161637506e-08
140,163,g2,area_2,speed,Speed,Grid\G 02.ElmSym,-9.842142889548395e-05,-0.0,9.842142889548395e-05
141,163,g2,area_2,speed,Speed,Grid\G 02.ElmSym,-2.1084288121500052e-06,0.0,2.1084288121500052e-06
142,163,g2,area_2,speed,Speed,Grid\G 02.ElmSym,-0.0004790521591692582,-0.0,0.0004790521591692582
143,163,g2,area_2,speed,Speed,Grid\G 02.ElmSym,-0.0002997587539999063,0.0,0.0002997587539999063
144,163,g2,area_2,speed,Speed,Grid\G 02.ElmSym,1.856244892877379e-07,-0.0,1.856244892877379e-07
145,163,g2,area_2,speed,Speed,Grid\G 02.ElmSym,-0.009944815996697796,-0.0,0.009944815996697796
146,163,g2,area_2,speed,Speed,Grid\G 02.ElmSym,0.00029319144377829866,0.0003914081242534489,0.0004890414526769756
147,163,g2,area_2,speed,Speed,Grid\G 02.ElmSym,0.00029319144377829866,-0.0003914081242534489,0.0004890414526769756
148,163,g2,area_2,speed,Speed,Grid\G 02.ElmSym,0.00035561814972056107,0.0008832493300705484,0.0009521521136251014
149,163,g2,area_2,speed,Speed,Grid\G 02.ElmSym,0.00035561814972056107,-0.0008832493300705484,0.0009521521136251014
150,163,g2,area_2,speed,Speed,Grid\G 02.ElmSym,-0.00028763377760991074,-0.0,0.00028763377760991074
151,163,g2,area_2,speed,Speed,Grid\G 02.ElmSym,-2.871709534961443e-06,-0.0,2.871709534961443e-06
152,163,g2,area_2,speed,Speed,Grid\G 02.ElmSym,1.1236970171523395e-06,0.0,1.1236970171523395e-06
153,163,g2,area_2,speed,Speed,Grid\G 02.ElmSym,0.00022803278879021853,0.0005415883097064511,0.0005876366649334733
154,163,g2,area_2,speed,Speed,Grid\G 02.ElmSym,0.00022803278879021853,-0.0005415883097064511,0.0005876366649334733
155,163,g2,area_2,speed,Speed,Grid\G 02.ElmSym,1.867739261881883e-06,0.0,1.867739261881883e-06
156,163,g2,area_2,speed,Speed,Grid\G 02.ElmSym,-2.300692842990367e-09,0.0,2.300692842990367e-09
157,163,g2,area_2,speed,Speed,Grid\G 02.ElmSym,1.7602259026979707e-05,0.0,1.7602259026979707e-05
158,163,g2,area_2,speed,Speed,Grid\G 02.ElmSym,-6.198907602651418e-05,-0.0,6.198907602651418e-05
159,163,g2,area_2,speed,Speed,Grid\G 02.ElmSym,1.198528115548801e-06,1.7340118063356615e-06,2.1079057351486152e-06
160,163,g2,area_2,speed,Speed,Grid\G 02.ElmSym,1.198528115548801e-06,-1.7340118063356615e-06,2.1079057351486152e-06
161,163,g2,area_2,speed,Speed,Grid\G 02.ElmSym,-0.0030723593855650527,0.0,0.0030723593855650527
162,163,g2,area_2,speed,Speed,Grid\G 02.ElmSym,-0.000175472486730344,-0.0,0.000175472486730344
163,163,g2,area_2,speed,Speed,Grid\G 02.ElmSym,0.000105787505947548,6.319880444276406e-05,0.00012322777810866038
164,163,g2,area_2,speed,Speed,Grid\G 02.ElmSym,0.000105787505947548,-6.319880444276406e-05,0.00012322777810866038
165,163,g2,area_2,speed,Speed,Grid\G 02.ElmSym,2.2871439699480727e-07,-0.0,2.2871439699480727e-07
166,163,g2,area_2,speed,Speed,Grid\G 02.ElmSym,-5.387472347980869e-06,0.0,5.387472347980869e-06
170,163,g2,area_2,speed,Speed,Grid\G 02.ElmSym,1.1788952063368509e-05,0.0,1.1788952063368509e-05
171,163,g2,area_2,speed,Speed,Grid\G 02.ElmSym,-9.440440048923254e-05,-0.0,9.440440048923254e-05
172,163,g2,area_2,speed,Speed,Grid\G 02.ElmSym,-4.902478746205559e-05,-0.0,4.902478746205559e-05
173,163,g2,area_2,speed,Speed,Grid\G 02.ElmSym,7.92633512218327e-08,0.0,7.92633512218327e-08
174,163,g2,area_2,speed,Speed,Grid\G 02.ElmSym,-2.739862624998864e-07,0.0,2.739862624998864e-07
1,165,g6,area_3,psi1d,Flux in 1d-damper winding,Grid\G 06.ElmSym,1.5097250738987578e-06,0.0,1.5097250738987578e-06
5,165,g6,area_3,psi1d,Flux in 1d-damper winding,Grid\G 06.ElmSym,-2.967060761782345e-08,1.0454199834211954e-09,2.9689019171279126e-08
6,165,g6,area_3,psi1d,Flux in 1d-damper winding,Grid\G 06.ElmSym,-2.967060761782345e-08,-1.0454199834211954e-09,2.9689019171279126e-08
7,165,g6,area_3,psi1d,Flux in 1d-damper winding,Grid\G 06.ElmSym,-2.802844885880339e-10,-6.858594435234477e-10,7.409200839586879e-10
8,165,g6,area_3,psi1d,Flux in 1d-damper winding,Grid\G 06.ElmSym,-2.802844885880339e-10,6.858594435234477e-10,7.409200839586879e-10
9,165,g6,area_3,psi1d,Flux in 1d-damper winding,Grid\G 06.ElmSym,-3.2747548439810034e-07,4.977812343395848e-07,5.958408765286341e-07
10,165,g6,area_3,psi1d,Flux in 1d-damper winding,Grid\G 06.ElmSym,-3.2747548439810034e-07,-4.977812343395848e-07,5.958408765286341e-07
11,165,g6,area_3,psi1d,Flux in 1d-damper winding,Grid\G 06.ElmSym,0.0004055490094442956,-0.00017960741834237385,0.0004435412312117802
12,165,g6,area_3,psi1d,Flux in 1d-damper winding,Grid\G 06.ElmSym,0.0004055490094442956,0.00017960741834237385,0.0004435412312117802
13,165,g6,area_3,psi1d,Flux in 1d-damper winding,Grid\G 06.ElmSym,-7.419564126166466e-05,-0.0,7.419564126166466e-05
14,165,g6,area_3,psi1d,Flux in 1d-damper winding,Grid\G 06.ElmSym,0.00020193385856748572,0.002099723763879112,0.0021094115690956606
15,165,g6,area_3,psi1d,Flux in 1d-damper winding,Grid\G 06.ElmSym,0.00020193385856748572,-0.002099723763879112,0.0021094115690956606
19,165,g6,area_3,psi1d,Flux in 1d-damper winding,Grid\G 06.ElmSym,2.3539487254588835e-10,0.0,2.3539487254588835e-10
20,165,g6,area_3,psi1d,Flux in 1d-damper winding,Grid\G 06.ElmSym,3.962993810273258e-11,0.0,3.962993810273258e-11
21,165,g6,area_3,psi1d,Flux in 1d-damper winding,Grid\G 06.ElmSym,1.6000599960620361e-06,0.0,1.6000599960620361e-06
22,165,g6,area_3,psi1d,Flux in 1d-damper winding,Grid\G 06.ElmSym,0.016544352540044674,-0.008757848510610941,0.01871938865198575
23,165,g6,area_3,psi1d,Flux in 1d-damper winding,Grid\G 06.ElmSym,0.016544352540044674,0.008757848510610941,0.01871938865198575
24,165,g6,area_3,psi1d,Flux in 1d-damper winding,Grid\G 06.ElmSym,0.0011028399413874112,-0.0011012102314428565,0.0015584992493273193
25,165,g6,area_3,psi1d,Flux in 1d-damper winding,Grid\G 06.ElmSym,0.0011028399413874112,0.0011012102314428565,0.0015584992493273193
26,165,g6,area_3,psi1d,Flux in 1d-damper winding,Grid\G 06.ElmSym,-0.00040742990019595234,0.0,0.00040742990019595234
27,165,g6,area_3,psi1d,Flux in 1d-damper winding,Grid\G 06.ElmSym,0.0015569863531731216,-0.001586838986344463,0.002223120435907614
28,165,g6,area_3,psi1d,Flux in 1d-damper winding,Grid\G 06.ElmSym,0.0015569863531731216,0.001586838986344463,0.002223120435907614
29,165,g6,area_3,psi1d,Flux in 1d-damper winding,Grid\G 06.ElmSym,-3.261305845072305e-08,1.9729740416185741e-07,1.9997469157500303e-07
30,165,g6,area_3,psi1d,Flux in 1d-damper winding,Grid\G 06.ElmSym,-3.261305845072305e-08,-1.9729740416185741e-07,1.9997469157500303e-07
31,165,g6,area_3,psi1d,Flux in 1d-damper winding,Grid\G 06.ElmSym,-6.574972727342422e-06,-7.192101130479111e-06,9.744566949656386e-06
32,165,g6,area_3,psi1d,Flux in 1d-damper winding,Grid\G 06.ElmSym,-6.574972727342422e-06,7.192101130479111e-06,9.744566949656386e-06
33,165,g6,area_3,psi1d,Flux in 1d-damper winding,Grid\G 06.ElmSym,6.757459531535236e-08,-1.1569305681953669e-07,1.3398212316679485e-07
34,165,g6,area_3,psi1d,Flux in 1d-damper winding,Grid\G 06.ElmSym,6.757459531535236e-08,1.1569305681953669e-07,1.3398212316679485e-07
35,165,g6,area_3,psi1d,Flux in 1d-damper winding,Grid\G 06.ElmSym,-0.0008119274869870656,-0.006619489956291945,0.0066690984042503875
36,165,g6,area_3,psi1d,Flux in 1d-damper winding,Grid\G 06.ElmSym,-0.0008119274869870656,0.006619489956291945,0.0066690984042503875
37,165,g6,area_3,psi1d,Flux in 1d-damper winding,Grid\G 06.ElmSym,0.00034711207173454436,0.004594983906439273,0.004608075942384171
38,165,g6,area_3,psi1d,Flux in 1d-damper winding,Grid\G 06.ElmSym,0.00034711207173454436,-0.004594983906439273,0.004608075942384171
39,165,g6,area_3,psi1d,Flux in 1d-damper winding,Grid\G 06.ElmSym,-0.002525396186078679,0.007277080049673689,0.007702825452132455
40,165,g6,area_3,psi1d,Flux in 1d-damper winding,Grid\G 06.ElmSym,-0.002525396186078679,-0.007277080049673689,0.007702825452132455
41,165,g6,area_3,psi1d,Flux in 1d-damper winding,Grid\G 06.ElmSym,-0.001662571298552665,-0.026154474006139787,0.026207263379845917
42,165,g6,area_3,psi1d,Flux in 1d-damper winding,Grid\G 06.ElmSym,-0.001662571298552665,0.026154474006139787,0.026207263379845917
43,165,g6,area_3,psi1d,Flux in 1d-damper winding,Grid\G 06.ElmSym,-0.0007722928578543413,0.0014644506766614924,0.0016556122863361244
44,165,g6,area_3,psi1d,Flux in 1d-damper winding,Grid\G 06.ElmSym,-0.0007722928578543413,-0.0014644506766614924,0.0016556122863361244
45,165,g6,area_3,psi1d,Flux in 1d-damper winding,Grid\G 06.ElmSym,-5.1326378010554366e-05,-0.0013279181378501159,0.00132890969516781
46,165,g6,area_3,psi1d,Flux in 1d-damper winding,Grid\G 06.ElmSym,-5.1326378010554366e-05,0.0013279181378501159,0.00132890969516781
47,165,g6,area_3,psi1d,Flux in 1d-damper winding,Grid\G 06.ElmSym,-0.0002353355139179702,4.75036062440332e-05,0.0002400820624645317
48,165,g6,area_3,psi1d,Flux in 1d-damper winding,Grid\G 06.ElmSym,-0.0002353355139179702,-4.75036062440332e-05,0.0002400820624645317
49,165,g6,area_3,psi1d,Flux in 1d-damper winding,Grid\G 06.ElmSym,-0.0009881967827573344,-0.002214346322519544,0.0024248427820186148
50,165,g6,area_3,psi1d,Flux in 1d-damper winding,Grid\G 06.ElmSym,-0.0009881967827573344,0.002214346322519544,0.0024248427820186148
51,165,g6,area_3,psi1d,Flux in 1d-damper winding,Grid\G 06.ElmSym,-1.6958974213457038e-06,-0.0,1.6958974213457038e-06
52,165,g6,area_3,psi1d,Flux in 1d-damper winding,Grid\G 06.ElmSym,-6.418905087338622e-15,-0.0,6.418905087338622e-15
53,165,g6,area_3,psi1d,Flux in 1d-damper winding,Grid\G 06.ElmSym,1.6918088964329011e-15,-0.0,1.6918088964329011e-15
54,165,g6,area_3,psi1d,Flux in 1d-damper winding,Grid\G 06.ElmSym,-1.8070424412192565e-15,-0.0,1.8070424412192565e-15
56,165,g6,area_3,psi1d,Flux in 1d-damper winding,Grid\G 06.ElmSym,3.8676316067694193e-16,0.0,3.8676316067694193e-16
57,165,g6,area_3,psi1d,Flux in 1d-damper winding,Grid\G 06.ElmSym,1.2284494574898218e-05,0.0,1.2284494574898218e-05
58,165,g6,area_3,psi1d,Flux in 1d-damper winding,Grid\G 06.ElmSym,-4.077681092796581e-05,0.0,4.077681092796581e-05
59,165,g6,area_3,psi1d,Flux in 1d-damper winding,Grid\G 06.ElmSym,-1.9387439258453805e-05,0.0,1.9387439258453805e-05
60,165,g6,area_3,psi1d,Flux in 1d-damper winding,Grid\G 06.ElmSym,0.00040229121763752545,9.079139123082097e-05,0.0004124091421269791
61,165,g6,area_3,psi1d,Flux in 1d-damper winding,Grid\G 06.ElmSym,0.00040229121763752545,-9.079139123082097e-05,0.0004124091421269791
62,165,g6,area_3,psi1d,Flux in 1d-damper winding,Grid\G 06.ElmSym,-2.9399021805419335e-05,0.0,2.9399021805419335e-05
63,165,g6,area_3,psi1d,Flux in 1d-damper winding,Grid\G 06.ElmSym,2.9016620748645287e-05,0.0,2.9016620748645287e-05
64,165,g6,area_3,psi1d,Flux in 1d-damper winding,Grid\G 06.ElmSym,3.445999698660461e-07,0.0,3.445999698660461e-07
65,165,g6,area_3,psi1d,Flux in 1d-damper winding,Grid\G 06.ElmSym,-2.099207227848114e-05,5.2035239073015605e-06,2.1627384483539273e-05
66,165,g6,area_3,psi1d,Flux in 1d-damper winding,Grid\G 06.ElmSym,-2.099207227848114e-05,-5.2035239073015605e-06,2.1627384483539273e-05
67,165,g6,area_3,psi1d,Flux in 1d-damper winding,Grid\G 06.ElmSym,-5.236395882045268e-07,-0.0,5.236395882045268e-07
68,165,g6,area_3,psi1d,Flux in 1d-damper winding,Grid\G 06.ElmSym,3.776551583317821e-06,8.81463388817746e-06,9.589583538614533e-06
69,165,g6,area_3,psi1d,Flux in 1d-damper winding,Grid\G 06.ElmSym,3.776551583317821e-06,-8.81463388817746e-06,9.589583538614533e-06
70,165,g6,area_3,psi1d,Flux in 1d-damper winding,Grid\G 06.ElmSym,-3.704472457040393e-06,-1.3716309441674116e-07,3.7070109116970324e-06
71,165,g6,area_3,psi1d,Flux in 1d-damper winding,Grid\G 06.ElmSym,-3.704472457040393e-06,1.3716309441674116e-07,3.7070109116970324e-06
72,165,g6,area_3,psi1d,Flux in 1d-damper winding,Grid\G 06.ElmSym,-2.8092371251858003e-05,-7.091398764165172e-05,7.627565119874461e-05
73,165,g6,area_3,psi1d,Flux in 1d-damper winding,Grid\G 06.ElmSym,-2.8092371251858003e-05,7.091398764165172e-05,7.627565119874461e-05
74,165,g6,area_3,psi1d,Flux in 1d-damper winding,Grid\G 06.ElmSym,1.3810592120184321e-08,0.0,1.3810592120184321e-08
75,165,g6,area_3,psi1d,Flux in 1d-damper winding,Grid\G 06.ElmSym,9.609815203130263e-05,-4.789139111521967e-05,0.00010737057402651015
76,165,g6,area_3,psi1d,Flux in 1d-damper winding,Grid\G 06.ElmSym,9.609815203130263e-05,4.789139111521967e-05,0.00010737057402651015
77,165,g6,area_3,psi1d,Flux in 1d-damper winding,Grid\G 06.ElmSym,-3.3832360250809333e-06,0.0,3.3832360250809333e-06
78,165,g6,area_3,psi1d,Flux in 1d-damper winding,Grid\G 06.ElmSym,-5.447577356717275e-08,0.0,5.447577356717275e-08
79,165,g6,area_3,psi1d,Flux in 1d-damper winding,Grid\G 06.ElmSym,-6.888910480932572e-09,-0.0,6.888910480932572e-09
81,165,g6,area_3,psi1d,Flux in 1d-damper winding,Grid\G 06.ElmSym,-7.601439292427532e-16,0.0,7.601439292427532e-16
85,165,g6,area_3,psi1d,Flux in 1d-damper winding,Grid\G 06.ElmSym,2.5943532477797706e-16,0.0,2.5943532477797706e-16
89,165,g6,area_3,psi1d,Flux in 1d-damper winding,Grid\G 06.ElmSym,-2.3999829199564387e-16,-0.0,2.3999829199564387e-16
91,165,g6,area_3,psi1d,Flux in 1d-damper winding,Grid\G 06.ElmSym,-4.82520858233296e-05,-0.0,4.82520858233296e-05
92,165,g6,area_3,psi1d,Flux in 1d-damper winding,Grid\G 06.ElmSym,-0.0003905668753503374,-0.0,0.0003905668753503374
93,165,g6,area_3,psi1d,Flux in 1d-damper winding,Grid\G 06.ElmSym,-4.194443814933164e-06,0.0,4.194443814933164e-06
94,165,g6,area_3,psi1d,Flux in 1d-damper winding,Grid\G 06.ElmSym,0.0019007921797575494,-0.0013804900266374176,0.002349204891931062
95,165,g6,area_3,psi1d,Flux in 1d-damper winding,Grid\G 06.ElmSym,0.0019007921797575494,0.0013804900266374176,0.002349204891931062
96,165,g6,area_3,psi1d,Flux in 1d-damper winding,Grid\G 06.ElmSym,-1.3572960960105411e-05,0.0,1.3572960960105411e-05
97,165,g6,area_3,psi1d,Flux in 1d-damper winding,Grid\G 06.ElmSym,9.236044342162211e-06,0.0,9.236044342162211e-06
98,165,g6,area_3,psi1d,Flux in 1d-damper winding,Grid\G 06.ElmSym,-0.00026454635951649047,0.0,0.00026454635951649047
99,165,g6,area_3,psi1d,Flux in 1d-damper winding,Grid\G 06.ElmSym,-0.000969953278662349,-0.0,0.000969953278662349
100,165,g6,area_3,psi1d,Flux in 1d-damper winding,Grid\G 06.ElmSym,0.0004307236351792663,0.0,0.0004307236351792663
101,165,g6,area_3,psi1d,Flux in 1d-damper winding,Grid\G 06.ElmSym,1.8448714098769537e-05,0.0,1.8448714098769537e-05
102,165,g6,area_3,psi1d,Flux in 1d-damper winding,Grid\G 06.ElmSym,-1.9195376807548566e-06,3.513148153961692e-07,1.951421791247238e-06
103,165,g6,area_3,psi1d,Flux in 1d-damper winding,Grid\G 06.ElmSym,-1.9195376807548566e-06,-3.513148153961692e-07,1.951421791247238e-06
104,165,g6,area_3,psi1d,Flux in 1d-damper winding,Grid\G 06.ElmSym,3.3875535908370337e-06,-5.38177291552882e-06,6.359166536985208e-06
105,165,g6,area_3,psi1d,Flux in 1d-damper winding,Grid\G 06.ElmSym,3.3875535908370337e-06,5.38177291552882e-06,6.359166536985208e-06
106,165,g6,area_3,psi1d,Flux in 1d-damper winding,Grid\G 06.ElmSym,0.0010349775898063304,-0.0006780225198889141,0.0012372926690471554
107,165,g6,area_3,psi1d,Flux in 1d-damper winding,Grid\G 06.ElmSym,0.0010349775898063304,0.0006780225198889141,0.0012372926690471554
108,165,g6,area_3,psi1d,Flux in 1d-damper winding,Grid\G 06.ElmSym,-0.00016874137722822435,0.0,0.00016874137722822435
112,165,g6,area_3,psi1d,Flux in 1d-damper winding,Grid\G 06.ElmSym,4.344037477823769e-07,0.0,4.344037477823769e-07
113,165,g6,area_3,psi1d,Flux in 1d-damper winding,Grid\G 06.ElmSym,-9.427537153066486e-06,0.0,9.427537153066486e-06
114,165,g6,area_3,psi1d,Flux in 1d-damper winding,Grid\G 06.ElmSym,-1.0029566754776066e-06,-0.0,1.0029566754776066e-06
115,165,g6,area_3,psi1d,Flux in 1d-damper winding,Grid\G 06.ElmSym,9.12555496348453e-07,-0.0,9.12555496348453e-07
116,165,g6,area_3,psi1d,Flux in 1d-damper winding,Grid\G 06.ElmSym,8.918271075702424e-09,0.0,8.918271075702424e-09
117,165,g6,area_3,psi1d,Flux in 1d-damper winding,Grid\G 06.ElmSym,1.769255877185367e-06,0.0,1.769255877185367e-06
118,165,g6,area_3,psi1d,Flux in 1d-damper winding,Grid\G 06.ElmSym,1.3157256567180563e-05,-0.0,1.3157256567180563e-05
119,165,g6,area_3,psi1d,Flux in 1d-damper winding,Grid\G 06.ElmSym,-0.00011423314459607776,-0.0,0.00011423314459607776
120,165,g6,area_3,psi1d,Flux in 1d-damper winding,Grid\G 06.ElmSym,-1.8055123351507323e-06,-0.0,1.8055123351507323e-06
121,165,g6,area_3,psi1d,Flux in 1d-damper winding,Grid\G 06.ElmSym,-0.0004781364300605497,0.0,0.0004781364300605497
122,165,g6,area_3,psi1d,Flux in 1d-damper winding,Grid\G 06.ElmSym,-2.0045616592439923e-05,0.0,2.0045616592439923e-05
123,165,g6,area_3,psi1d,Flux in 1d-damper winding,Grid\G 06.ElmSym,-0.002669034802222129,-0.0,0.002669034802222129
124,165,g6,area_3,psi1d,Flux in 1d-damper winding,Grid\G 06.ElmSym,2.6635279441308426e-06,0.0,2.6635279441308426e-06
125,165,g6,area_3,psi1d,Flux in 1d-damper winding,Grid\G 06.ElmSym,-0.00028483360006641313,0.0,0.00028483360006641313
126,165,g6,area_3,psi1d,Flux in 1d-damper winding,Grid\G 06.ElmSym,0.0009670948898153965,-0.0,0.0009670948898153965
127,165,g6,area_3,psi1d,Flux in 1d-damper winding,Grid\G 06.ElmSym,-0.010846825380412687,-0.0,0.010846825380412687
128,165,g6,area_3,psi1d,Flux in 1d-damper winding,Grid\G 06.ElmSym,-0.016963712345966657,0.0,0.016963712345966657
129,165,g6,area_3,psi1d,Flux in 1d-damper winding,Grid\G 06.ElmSym,-0.0007202331898270161,0.0,0.0007202331898270161
130,165,g6,area_3,psi1d,Flux in 1d-damper winding,Grid\G 06.ElmSym,-0.002784531393024182,-0.0,0.002784531393024182
131,165,g6,area_3,psi1d,Flux in 1d-damper winding,Grid\G 06.ElmSym,-1.0777498425338054e-05,0.0,1.0777498425338054e-05
132,165,g6,area_3,psi1d,Flux in 1d-damper winding,Grid\G 06.ElmSym,0.8893192752311363,0.047979159918535075,0.8906125830483881
133,165,g6,area_3,psi1d,Flux in 1d-damper winding,Grid\G 06.ElmSym,0.8893192752311363,-0.047979159918535075,0.8906125830483881
134,165,g6,area_3,psi1d,Flux in 1d-damper winding,Grid\G 06.ElmSym,0.0009571735592360769,0.0,0.0009571735592360769
135,165,g6,area_3,psi1d,Flux in 1d-damper winding,Grid\G 06.ElmSym,-0.00020592497420844304,-0.0,0.00020592497420844304
136,165,g6,area_3,psi1d,Flux in 1d-damper winding,Grid\G 06.ElmSym,-4.110294617576193e-07,0.0,4.110294617576193e-07
140,165,g6,area_3,psi1d,Flux in 1d-damper winding,Grid\G 06.ElmSym,0.0840906757344643,0.0,0.0840906757344643
141,165,g6,area_3,psi1d,Flux in 1d-damper winding,Grid\G 06.ElmSym,0.016455601772458747,0.0,0.016455601772458747
142,165,g6,area_3,psi1d,Flux in 1d-damper winding,Grid\G 06.ElmSym,0.14170260453492028,0.0,0.14170260453492028
143,165,g6,area_3,psi1d,Flux in 1d-damper winding,Grid\G 06.ElmSym,1.0,0.0,1.0
144,165,g6,area_3,psi1d,Flux in 1d-damper winding,Grid\G 06.ElmSym,0.0012618106756262521,-0.0,0.0012618106756262521
145,165,g6,area_3,psi1d,Flux in 1d-damper winding,Grid\G 06.ElmSym,0.24233818650928513,0.0,0.24233818650928513
146,165,g6,area_3,psi1d,Flux in 1d-damper winding,Grid\G 06.ElmSym,0.002650267066828959,-0.006693947899631223,0.0071995037334871516
147,165,g6,area_3,psi1d,Flux in 1d-damper winding,Grid\G 06.ElmSym,0.002650267066828959,0.006693947899631223,0.0071995037334871516
148,165,g6,area_3,psi1d,Flux in 1d-damper winding,Grid\G 06.ElmSym,0.005448220174861592,-0.0022683148017109073,0.005901555313087362
149,165,g6,area_3,psi1d,Flux in 1d-damper winding,Grid\G 06.ElmSym,0.005448220174861592,0.0022683148017109073,0.005901555313087362
150,165,g6,area_3,psi1d,Flux in 1d-damper winding,Grid\G 06.ElmSym,0.01049615328377978,0.0,0.01049615328377978
151,165,g6,area_3,psi1d,Flux in 1d-damper winding,Grid\G 06.ElmSym,0.00011544304586160695,0.0,0.00011544304586160695
152,165,g6,area_3,psi1d,Flux in 1d-damper winding,Grid\G 06.ElmSym,-6.989926834153857e-05,0.0,6.989926834153857e-05
153,165,g6,area_3,psi1d,Flux in 1d-damper winding,Grid\G 06.ElmSym,0.00017329158935440773,-5.744667980071589e-05,0.00018256531971078916
154,165,g6,area_3,psi1d,Flux in 1d-damper winding,Grid\G 06.ElmSym,0.00017329158935440773,5.744667980071589e-05,0.00018256531971078916
155,165,g6,area_3,psi1d,Flux in 1d-damper winding,Grid\G 06.ElmSym,-3.502278330036896e-05,-0.0,3.502278330036896e-05
156,165,g6,area_3,psi1d,Flux in 1d-damper winding,Grid\G 06.ElmSym,-8.30580449031894e-05,0.0,8.30580449031894e-05
157,165,g6,area_3,psi1d,Flux in 1d-damper winding,Grid\G 06.ElmSym,-0.0005626085105258362,-0.0,0.0005626085105258362
158,165,g6,area_3,psi1d,Flux in 1d-damper winding,Grid\G 06.ElmSym,0.0013956389000183075,0.0,0.0013956389000183075
159,165,g6,area_3,psi1d,Flux in 1d-damper winding,Grid\G 06.ElmSym,1.9805805945753906e-06,-2.1326797826729136e-05,2.1418566829594066e-05
160,165,g6,area_3,psi1d,Flux in 1d-damper winding,Grid\G 06.ElmSym,1.9805805945753906e-06,2.1326797826729136e-05,2.1418566829594066e-05
161,165,g6,area_3,psi1d,Flux in 1d-damper winding,Grid\G 06.ElmSym,0.00041213394964393214,0.0,0.00041213394964393214
162,165,g6,area_3,psi1d,Flux in 1d-damper winding,Grid\G 06.ElmSym,0.00036185180618316173,0.0,0.00036185180618316173
163,165,g6,area_3,psi1d,Flux in 1d-damper winding,Grid\G 06.ElmSym,-0.0032073714178235697,-0.006622307294363167,0.00735813735349152
164,165,g6,area_3,psi1d,Flux in 1d-damper winding,Grid\G 06.ElmSym,-0.0032073714178235697,0.006622307294363167,0.00735813735349152
165,165,g6,area_3,psi1d,Flux in 1d-damper winding,Grid\G 06.ElmSym,-5.875282440944684e-06,0.0,5.875282440944684e-06
166,165,g6,area_3,psi1d,Flux in 1d-damper winding,Grid\G 06.ElmSym,-2.2723107623096134e-05,0.0,2.2723107623096134e-05
170,165,g6,area_3,psi1d,Flux in 1d-damper winding,Grid\G 06.ElmSym,0.00020819882688471168,0.0,0.00020819882688471168
171,165,g6,area_3,psi1d,Flux in 1d-damper winding,Grid\G 06.ElmSym,0.0003454178266447973,0.0,0.0003454178266447973
172,165,g6,area_3,psi1d,Flux in 1d-damper winding,Grid\G 06.ElmSym,2.0550320035513517e-05,0.0,2.0550320035513517e-05
173,165,g6,area_3,psi1d,Flux in 1d-damper winding,Grid\G 06.ElmSym,-7.04960441781113e-07,0.0,7.04960441781113e-07
174,165,g6,area_3,psi1d,Flux in 1d-damper winding,Grid\G 06.ElmSym,1.1825544991454791e-05,0.0,1.1825544991454791e-05
1,166,g6,area_3,psifd,Field (excitation) flux,Grid\G 06.ElmSym,0.00012245681369337235,0.0,0.00012245681369337235
5,166,g6,area_3,psifd,Field (excitation) flux,Grid\G 06.ElmSym,-2.3871199150218483e-06,-2.1900822813113847e-07,2.397145404993835e-06
6,166,g6,area_3,psifd,Field (excitation) flux,Grid\G 06.ElmSym,-2.3871199150218483e-06,2.1900822813113847e-07,2.397145404993835e-06
7,166,g6,area_3,psifd,Field (excitation) flux,Grid\G 06.ElmSym,-1.726957541457104e-08,-5.749350222486764e-08,6.003116718072719e-08
8,166,g6,area_3,psifd,Field (excitation) flux,Grid\G 06.ElmSym,-1.726957541457104e-08,5.749350222486764e-08,6.003116718072719e-08
9,166,g6,area_3,psifd,Field (excitation) flux,Grid\G 06.ElmSym,-4.25289382207659e-05,2.956161308331285e-05,5.179381772251603e-05
10,166,g6,area_3,psifd,Field (excitation) flux,Grid\G 06.ElmSym,-4.25289382207659e-05,-2.956161308331285e-05,5.179381772251603e-05
11,166,g6,area_3,psifd,Field (excitation) flux,Grid\G 06.ElmSym,0.02266255814637241,0.0003768308689397152,0.022665690883833575
12,166,g6,area_3,psifd,Field (excitation) flux,Grid\G 06.ElmSym,0.02266255814637241,-0.0003768308689397152,0.022665690883833575
13,166,g6,area_3,psifd,Field (excitation) flux,Grid\G 06.ElmSym,-0.006270548081533668,-0.0,0.006270548081533668
14,166,g6,area_3,psifd,Field (excitation) flux,Grid\G 06.ElmSym,-0.00012809189337535264,0.002238438772067884,0.002242100726873184
15,166,g6,area_3,psifd,Field (excitation) flux,Grid\G 06.ElmSym,-0.00012809189337535264,-0.002238438772067884,0.002242100726873184
19,166,g6,area_3,psifd,Field (excitation) flux,Grid\G 06.ElmSym,1.5404282271601284e-08,0.0,1.5404282271601284e-08
20,166,g6,area_3,psifd,Field (excitation) flux,Grid\G 06.ElmSym,2.5946667890651673e-09,0.0,2.5946667890651673e-09
21,166,g6,area_3,psifd,Field (excitation) flux,Grid\G 06.ElmSym,0.0001801878070340674,0.0,0.0001801878070340674
22,166,g6,area_3,psifd,Field (excitation) flux,Grid\G 06.ElmSym,1.0000000000000002,1.3877787807814457e-17,1.0000000000000002
23,166,g6,area_3,psifd,Field (excitation) flux,Grid\G 06.ElmSym,1.0000000000000002,-1.3877787807814457e-17,1.0000000000000002
24,166,g6,area_3,psifd,Field (excitation) flux,Grid\G 06.ElmSym,0.062875595309866,-0.002849952693707882,0.0629401518581455
25,166,g6,area_3,psifd,Field (excitation) flux,Grid\G 06.ElmSym,0.062875595309866,0.002849952693707882,0.0629401518581455
26,166,g6,area_3,psifd,Field (excitation) flux,Grid\G 06.ElmSym,-0.036159085383922825,0.0,0.036159085383922825
27,166,g6,area_3,psifd,Field (excitation) flux,Grid\G 06.ElmSym,0.11053403491154018,-0.019045785657520596,0.11216289415460802
28,166,g6,area_3,psifd,Field (excitation) flux,Grid\G 06.ElmSym,0.11053403491154018,0.019045785657520596,0.11216289415460802
29,166,g6,area_3,psifd,Field (excitation) flux,Grid\G 06.ElmSym,-1.930495441395785e-08,1.0862652678203694e-07,1.1032861634976476e-07
30,166,g6,area_3,psifd,Field (excitation) flux,Grid\G 06.ElmSym,-1.930495441395785e-08,-1.0862652678203694e-07,1.1032861634976476e-07
31,166,g6,area_3,psifd,Field (excitation) flux,Grid\G 06.ElmSym,-3.777552583307259e-06,-3.899092318367051e-06,5.4288879548946565e-06
32,166,g6,area_3,psifd,Field (excitation) flux,Grid\G 06.ElmSym,-3.777552583307259e-06,3.899092318367051e-06,5.4288879548946565e-06
33,166,g6,area_3,psifd,Field (excitation) flux,Grid\G 06.ElmSym,3.1850479223168017e-08,-6.324215722658494e-08,7.080976964669174e-08
34,166,g6,area_3,psifd,Field (excitation) flux,Grid\G 06.ElmSym,3.1850479223168017e-08,6.324215722658494e-08,7.080976964669174e-08
35,166,g6,area_3,psifd,Field (excitation) flux,Grid\G 06.ElmSym,-0.00039103521365247253,-0.007322515067580528,0.007332948619297704
36,166,g6,area_3,psifd,Field (excitation) flux,Grid\G 06.ElmSym,-0.00039103521365247253,0.007322515067580528,0.007332948619297704
37,166,g6,area_3,psifd,Field (excitation) flux,Grid\G 06.ElmSym,0.0002054150142130207,0.006162062100361926,0.006165484949035312
38,166,g6,area_3,psifd,Field (excitation) flux,Grid\G 06.ElmSym,0.0002054150142130207,-0.006162062100361926,0.006165484949035312
39,166,g6,area_3,psifd,Field (excitation) flux,Grid\G 06.ElmSym,-0.016096495959797816,0.020430672843706102,0.02600979767376781
40,166,g6,area_3,psifd,Field (excitation) flux,Grid\G 06.ElmSym,-0.016096495959797816,-0.020430672843706102,0.02600979767376781
41,166,g6,area_3,psifd,Field (excitation) flux,Grid\G 06.ElmSym,-0.0006452988336853507,-0.0176312084903734,0.017643013444867368
42,166,g6,area_3,psifd,Field (excitation) flux,Grid\G 06.ElmSym,-0.0006452988336853507,0.0176312084903734,0.017643013444867368
43,166,g6,area_3,psifd,Field (excitation) flux,Grid\G 06.ElmSym,-0.0005739866992128718,0.0009893312209164028,0.0011437818828575787
44,166,g6,area_3,psifd,Field (excitation) flux,Grid\G 06.ElmSym,-0.0005739866992128718,-0.0009893312209164028,0.0011437818828575787
45,166,g6,area_3,psifd,Field (excitation) flux,Grid\G 06.ElmSym,0.02623786939369987,-0.017628917653463475,0.031610196582012084
46,166,g6,area_3,psifd,Field (excitation) flux,Grid\G 06.ElmSym,0.02623786939369987,0.017628917653463475,0.031610196582012084
47,166,g6,area_3,psifd,Field (excitation) flux,Grid\G 06.ElmSym,-0.1178654168448635,0.006516705489727357,0.11804543167125645
48,166,g6,area_3,psifd,Field (excitation) flux,Grid\G 06.ElmSym,-0.1178654168448635,-0.006516705489727357,0.11804543167125645
49,166,g6,area_3,psifd,Field (excitation) flux,Grid\G 06.ElmSym,0.08527739158812468,-0.11142018729176836,0.14030927144065392
50,166,g6,area_3,psifd,Field (excitation) flux,Grid\G 06.ElmSym,0.08527739158812468,0.11142018729176836,0.14030927144065392
51,166,g6,area_3,psifd,Field (excitation) flux,Grid\G 06.ElmSym,0.00051741605833956,0.0,0.00051741605833956
52,166,g6,area_3,psifd,Field (excitation) flux,Grid\G 06.ElmSym,-2.0659182613598967e-12,-0.0,2.0659182613598967e-12
53,166,g6,area_3,psifd,Field (excitation) flux,Grid\G 06.ElmSym,2.4296692566649716e-13,-0.0,2.4296692566649716e-13
54,166,g6,area_3,psifd,Field (excitation) flux,Grid\G 06.ElmSym,-2.5792867306543354e-12,-0.0,2.5792867306543354e-12
55,166,g6,area_3,psifd,Field (excitation) flux,Grid\G 06.ElmSym,2.209923061980319e-15,0.0,2.209923061980319e-15
56,166,g6,area_3,psifd,Field (excitation) flux,Grid\G 06.ElmSym,6.153084466630959e-14,0.0,6.153084466630959e-14
57,166,g6,area_3,psifd,Field (excitation) flux,Grid\G 06.ElmSym,0.013260678843215159,0.0,0.013260678843215159
58,166,g6,area_3,psifd,Field (excitation) flux,Grid\G 06.ElmSym,0.04885775677189007,-0.0,0.04885775677189007
59,166,g6,area_3,psifd,Field (excitation) flux,Grid\G 06.ElmSym,0.0124965042329001,0.0,0.0124965042329001
60,166,g6,area_3,psifd,Field (excitation) flux,Grid\G 06.ElmSym,-0.2716267148205584,0.0070280048148066,0.271717620068861
61,166,g6,area_3,psifd,Field (excitation) flux,Grid\G 06.ElmSym,-0.2716267148205584,-0.0070280048148066,0.271717620068861
62,166,g6,area_3,psifd,Field (excitation) flux,Grid\G 06.ElmSym,0.023952293659109714,0.0,0.023952293659109714
63,166,g6,area_3,psifd,Field (excitation) flux,Grid\G 06.ElmSym,-0.013234522322290086,-0.0,0.013234522322290086
64,166,g6,area_3,psifd,Field (excitation) flux,Grid\G 06.ElmSym,-8.212650016775519e-05,-0.0,8.212650016775519e-05
65,166,g6,area_3,psifd,Field (excitation) flux,Grid\G 06.ElmSym,0.002266591957108233,-0.0018016921267555587,0.002895433235224169
66,166,g6,area_3,psifd,Field (excitation) flux,Grid\G 06.ElmSym,0.002266591957108233,0.0018016921267555587,0.002895433235224169
67,166,g6,area_3,psifd,Field (excitation) flux,Grid\G 06.ElmSym,-2.2448051914036274e-05,-0.0,2.2448051914036274e-05
68,166,g6,area_3,psifd,Field (excitation) flux,Grid\G 06.ElmSym,0.00045358669009926003,0.0008583736628606128,0.0009708482015886661
69,166,g6,area_3,psifd,Field (excitation) flux,Grid\G 06.ElmSym,0.00045358669009926003,-0.0008583736628606128,0.0009708482015886661
70,166,g6,area_3,psifd,Field (excitation) flux,Grid\G 06.ElmSym,-5.142083095980229e-05,-0.00011621144292521711,0.0001270795078813164
71,166,g6,area_3,psifd,Field (excitation) flux,Grid\G 06.ElmSym,-5.142083095980229e-05,0.00011621144292521711,0.0001270795078813164
72,166,g6,area_3,psifd,Field (excitation) flux,Grid\G 06.ElmSym,-0.002240747722286024,-0.002560540096142058,0.003402545508715671
73,166,g6,area_3,psifd,Field (excitation) flux,Grid\G 06.ElmSym,-0.002240747722286024,0.002560540096142058,0.003402545508715671
74,166,g6,area_3,psifd,Field (excitation) flux,Grid\G 06.ElmSym,-4.001602436854178e-06,0.0,4.001602436854178e-06
75,166,g6,area_3,psifd,Field (excitation) flux,Grid\G 06.ElmSym,-0.002007369534896927,-0.0056978085384798835,0.006041072304715991
76,166,g6,area_3,psifd,Field (excitation) flux,Grid\G 06.ElmSym,-0.002007369534896927,0.0056978085384798835,0.006041072304715991
77,166,g6,area_3,psifd,Field (excitation) flux,Grid\G 06.ElmSym,0.00017589319262815563,0.0,0.00017589319262815563
78,166,g6,area_3,psifd,Field (excitation) flux,Grid\G 06.ElmSym,9.255806997435951e-07,0.0,9.255806997435951e-07
79,166,g6,area_3,psifd,Field (excitation) flux,Grid\G 06.ElmSym,2.3991291234521316e-07,0.0,2.3991291234521316e-07
80,166,g6,area_3,psifd,Field (excitation) flux,Grid\G 06.ElmSym,-1.079901404641823e-15,-0.0,1.079901404641823e-15
81,166,g6,area_3,psifd,Field (excitation) flux,Grid\G 06.ElmSym,-2.5125442483760364e-14,-0.0,2.5125442483760364e-14
85,166,g6,area_3,psifd,Field (excitation) flux,Grid\G 06.ElmSym,9.10841866115072e-15,0.0,9.10841866115072e-15
89,166,g6,area_3,psifd,Field (excitation) flux,Grid\G 06.ElmSym,-8.468203970417163e-15,-0.0,8.468203970417163e-15
90,166,g6,area_3,psifd,Field (excitation) flux,Grid\G 06.ElmSym,1.1423714728909627e-16,0.0,1.1423714728909627e-16
91,166,g6,area_3,psifd,Field (excitation) flux,Grid\G 06.ElmSym,-0.00025874549067382287,-0.0,0.00025874549067382287
92,166,g6,area_3,psifd,Field (excitation) flux,Grid\G 06.ElmSym,0.0083561255790062,0.0,0.0083561255790062
93,166,g6,area_3,psifd,Field (excitation) flux,Grid\G 06.ElmSym,-5.2969044555283036e-06,0.0,5.2969044555283036e-06
94,166,g6,area_3,psifd,Field (excitation) flux,Grid\G 06.ElmSym,0.0018484144647366435,-0.00099936876243221,0.0021012791239559156
95,166,g6,area_3,psifd,Field (excitation) flux,Grid\G 06.ElmSym,0.0018484144647366435,0.00099936876243221,0.0021012791239559156
96,166,g6,area_3,psifd,Field (excitation) flux,Grid\G 06.ElmSym,-4.974123640492471e-06,0.0,4.974123640492471e-06
97,166,g6,area_3,psifd,Field (excitation) flux,Grid\G 06.ElmSym,6.828141757112973e-06,-0.0,6.828141757112973e-06
98,166,g6,area_3,psifd,Field (excitation) flux,Grid\G 06.ElmSym,-0.0002828396022920427,0.0,0.0002828396022920427
99,166,g6,area_3,psifd,Field (excitation) flux,Grid\G 06.ElmSym,-0.0008198947323253322,0.0,0.0008198947323253322
100,166,g6,area_3,psifd,Field (excitation) flux,Grid\G 06.ElmSym,0.0002876887546910884,0.0,0.0002876887546910884
101,166,g6,area_3,psifd,Field (excitation) flux,Grid\G 06.ElmSym,1.5517636943760434e-05,0.0,1.5517636943760434e-05
102,166,g6,area_3,psifd,Field (excitation) flux,Grid\G 06.ElmSym,-8.112246068833713e-07,2.165592151394403e-07,8.396328105040266e-07
103,166,g6,area_3,psifd,Field (excitation) flux,Grid\G 06.ElmSym,-8.112246068833713e-07,-2.165592151394403e-07,8.396328105040266e-07
104,166,g6,area_3,psifd,Field (excitation) flux,Grid\G 06.ElmSym,2.363634559325271e-06,-3.6448348865533213e-06,4.3441442978189535e-06
105,166,g6,area_3,psifd,Field (excitation) flux,Grid\G 06.ElmSym,2.363634559325271e-06,3.6448348865533213e-06,4.3441442978189535e-06
106,166,g6,area_3,psifd,Field (excitation) flux,Grid\G 06.ElmSym,0.0006212654350114431,-0.00040589036351545174,0.0007421035830223858
107,166,g6,area_3,psifd,Field (excitation) flux,Grid\G 06.ElmSym,0.0006212654350114431,0.00040589036351545174,0.0007421035830223858
108,166,g6,area_3,psifd,Field (excitation) flux,Grid\G 06.ElmSym,-5.94423290076866e-05,0.0,5.94423290076866e-05
112,166,g6,area_3,psifd,Field (excitation) flux,Grid\G 06.ElmSym,1.4694852219519193e-07,0.0,1.4694852219519193e-07
113,166,g6,area_3,psifd,Field (excitation) flux,Grid\G 06.ElmSym,-3.17889886274014e-06,0.0,3.17889886274014e-06
114,166,g6,area_3,psifd,Field (excitation) flux,Grid\G 06.ElmSym,-3.3181993066741683e-07,-0.0,3.3181993066741683e-07
115,166,g6,area_3,psifd,Field (excitation) flux,Grid\G 06.ElmSym,3.061229699334553e-07,0.0,3.061229699334553e-07
116,166,g6,area_3,psifd,Field (excitation) flux,Grid\G 06.ElmSym,2.9674461680042194e-09,0.0,2.9674461680042194e-09
117,166,g6,area_3,psifd,Field (excitation) flux,Grid\G 06.ElmSym,5.836091071628956e-07,0.0,5.836091071628956e-07
118,166,g6,area_3,psifd,Field (excitation) flux,Grid\G 06.ElmSym,4.219739973891272e-06,0.0,4.219739973891272e-06
119,166,g6,area_3,psifd,Field (excitation) flux,Grid\G 06.ElmSym,-3.828071179412425e-05,-0.0,3.828071179412425e-05
120,166,g6,area_3,psifd,Field (excitation) flux,Grid\G 06.ElmSym,-5.889602426186072e-07,-0.0,5.889602426186072e-07
121,166,g6,area_3,psifd,Field (excitation) flux,Grid\G 06.ElmSym,-0.0001566900602093138,0.0,0.0001566900602093138
122,166,g6,area_3,psifd,Field (excitation) flux,Grid\G 06.ElmSym,-7.522907599279037e-06,0.0,7.522907599279037e-06
123,166,g6,area_3,psifd,Field (excitation) flux,Grid\G 06.ElmSym,-0.0008745275841895608,-0.0,0.0008745275841895608
124,166,g6,area_3,psifd,Field (excitation) flux,Grid\G 06.ElmSym,8.654544470144078e-07,0.0,8.654544470144078e-07
125,166,g6,area_3,psifd,Field (excitation) flux,Grid\G 06.ElmSym,-8.469916843829174e-05,0.0,8.469916843829174e-05
126,166,g6,area_3,psifd,Field (excitation) flux,Grid\G 06.ElmSym,0.0002512572805806479,0.0,0.0002512572805806479
127,166,g6,area_3,psifd,Field (excitation) flux,Grid\G 06.ElmSym,-0.0029402276360490196,-0.0,0.0029402276360490196
128,166,g6,area_3,psifd,Field (excitation) flux,Grid\G 06.ElmSym,-0.0035341836018775567,0.0,0.0035341836018775567
129,166,g6,area_3,psifd,Field (excitation) flux,Grid\G 06.ElmSym,-4.849349948660603e-05,0.0,4.849349948660603e-05
130,166,g6,area_3,psifd,Field (excitation) flux,Grid\G 06.ElmSym,-0.00011242415330757764,-0.0,0.00011242415330757764
131,166,g6,area_3,psifd,Field (excitation) flux,Grid\G 06.ElmSym,-3.9276787896775e-07,0.0,3.9276787896775e-07
132,166,g6,area_3,psifd,Field (excitation) flux,Grid\G 06.ElmSym,0.03842690586996237,0.0033507867338872354,0.03857272179241365
133,166,g6,area_3,psifd,Field (excitation) flux,Grid\G 06.ElmSym,0.03842690586996237,-0.0033507867338872354,0.03857272179241365
134,166,g6,area_3,psifd,Field (excitation) flux,Grid\G 06.ElmSym,2.0400501439257844e-05,0.0,2.0400501439257844e-05
135,166,g6,area_3,psifd,Field (excitation) flux,Grid\G 06.ElmSym,-4.649481692130578e-06,-0.0,4.649481692130578e-06
136,166,g6,area_3,psifd,Field (excitation) flux,Grid\G 06.ElmSym,-8.13780774322287e-09,0.0,8.13780774322287e-09
140,166,g6,area_3,psifd,Field (excitation) flux,Grid\G 06.ElmSym,0.0015862121926049364,0.0,0.0015862121926049364
141,166,g6,area_3,psifd,Field (excitation) flux,Grid\G 06.ElmSym,0.00026003886868292115,-0.0,0.00026003886868292115
142,166,g6,area_3,psifd,Field (excitation) flux,Grid\G 06.ElmSym,0.0017674672074182113,0.0,0.0017674672074182113
143,166,g6,area_3,psifd,Field (excitation) flux,Grid\G 06.ElmSym,0.010934022949283346,-0.0,0.010934022949283346
144,166,g6,area_3,psifd,Field (excitation) flux,Grid\G 06.ElmSym,2.0068523520736305e-05,0.0,2.0068523520736305e-05
145,166,g6,area_3,psifd,Field (excitation) flux,Grid\G 06.ElmSym,0.001790241021601677,0.0,0.001790241021601677
146,166,g6,area_3,psifd,Field (excitation) flux,Grid\G 06.ElmSym,7.973010792338758e-07,-2.2747106156399265e-07,8.291152481992795e-07
147,166,g6,area_3,psifd,Field (excitation) flux,Grid\G 06.ElmSym,7.973010792338758e-07,2.2747106156399265e-07,8.291152481992795e-07
148,166,g6,area_3,psifd,Field (excitation) flux,Grid\G 06.ElmSym,0.00015671057308642866,-6.639426624511161e-05,0.00017019518884887335
149,166,g6,area_3,psifd,Field (excitation) flux,Grid\G 06.ElmSym,0.00015671057308642866,6.639426624511161e-05,0.00017019518884887335
150,166,g6,area_3,psifd,Field (excitation) flux,Grid\G 06.ElmSym,9.877017097883366e-05,0.0,9.877017097883366e-05
151,166,g6,area_3,psifd,Field (excitation) flux,Grid\G 06.ElmSym,1.028075808164455e-05,0.0,1.028075808164455e-05
152,166,g6,area_3,psifd,Field (excitation) flux,Grid\G 06.ElmSym,-1.4364857851585948e-06,0.0,1.4364857851585948e-06
153,166,g6,area_3,psifd,Field (excitation) flux,Grid\G 06.ElmSym,3.7443600720645665e-06,-1.7217542071247681e-06,4.121246158508759e-06
154,166,g6,area_3,psifd,Field (excitation) flux,Grid\G 06.ElmSym,3.7443600720645665e-06,1.7217542071247681e-06,4.121246158508759e-06
155,166,g6,area_3,psifd,Field (excitation) flux,Grid\G 06.ElmSym,-3.077314754709023e-06,-0.0,3.077314754709023e-06
156,166,g6,area_3,psifd,Field (excitation) flux,Grid\G 06.ElmSym,8.904243983910854e-05,0.0,8.904243983910854e-05
157,166,g6,area_3,psifd,Field (excitation) flux,Grid\G 06.ElmSym,0.00018041548843919373,0.0,0.00018041548843919373
158,166,g6,area_3,psifd,Field (excitation) flux,Grid\G 06.ElmSym,-0.00012669825439590992,-0.0,0.00012669825439590992
159,166,g6,area_3,psifd,Field (excitation) flux,Grid\G 06.ElmSym,-6.858778870025339e-08,-3.2454529493054945e-07,3.31713631345394e-07
160,166,g6,area_3,psifd,Field (excitation) flux,Grid\G 06.ElmSym,-6.858778870025339e-08,3.2454529493054945e-07,3.31713631345394e-07
161,166,g6,area_3,psifd,Field (excitation) flux,Grid\G 06.ElmSym,5.0781803895212106e-06,0.0,5.0781803895212106e-06
162,166,g6,area_3,psifd,Field (excitation) flux,Grid\G 06.ElmSym,5.105443778314616e-06,0.0,5.105443778314616e-06
163,166,g6,area_3,psifd,Field (excitation) flux,Grid\G 06.ElmSym,-9.03690196797032e-05,-0.00016910311248237168,0.00019173529244533003
164,166,g6,area_3,psifd,Field (excitation) flux,Grid\G 06.ElmSym,-9.03690196797032e-05,0.00016910311248237168,0.00019173529244533003
165,166,g6,area_3,psifd,Field (excitation) flux,Grid\G 06.ElmSym,-1.215765198110696e-07,0.0,1.215765198110696e-07
166,166,g6,area_3,psifd,Field (excitation) flux,Grid\G 06.ElmSym,-5.344183927654568e-07,0.0,5.344183927654568e-07
170,166,g6,area_3,psifd,Field (excitation) flux,Grid\G 06.ElmSym,6.545001961253953e-06,0.0,6.545001961253953e-06
171,166,g6,area_3,psifd,Field (excitation) flux,Grid\G 06.ElmSym,1.107014265431152e-05,0.0,1.107014265431152e-05
172,166,g6,area_3,psifd,Field (excitation) flux,Grid\G 06.ElmSym,7.700794999262016e-07,0.0,7.700794999262016e-07
173,166,g6,area_3,psifd,Field (excitation) flux,Grid\G 06.ElmSym,-2.7653684639793577e-08,0.0,2.7653684639793577e-08
174,166,g6,area_3,psifd,Field (excitation) flux,Grid\G 06.ElmSym,4.894533798622792e-07,0.0,4.894533798622792e-07
1,167,g6,area_3,psi1q,Flux in 1q-damper winding,Grid\G 06.ElmSym,-3.402413554646458e-08,-0.0,3.402413554646458e-08
5,167,g6,area_3,psi1q,Flux in 1q-damper winding,Grid\G 06.ElmSym,1.4998007917912019e-09,1.9435065673306367e-09,2.45491755305852e-09
6,167,g6,area_3,psi1q,Flux in 1q-damper winding,Grid\G 06.ElmSym,1.4998007917912019e-09,-1.9435065673306367e-09,2.45491755305852e-09
7,167,g6,area_3,psi1q,Flux in 1q-damper winding,Grid\G 06.ElmSym,-1.793420247388159e-11,6.033837442610467e-11,6.294724018381571e-11
8,167,g6,area_3,psi1q,Flux in 1q-damper winding,Grid\G 06.ElmSym,-1.793420247388159e-11,-6.033837442610467e-11,6.294724018381571e-11
9,167,g6,area_3,psi1q,Flux in 1q-damper winding,Grid\G 06.ElmSym,8.919752239483451e-08,1.0204438950278929e-07,1.355332262966317e-07
10,167,g6,area_3,psi1q,Flux in 1q-damper winding,Grid\G 06.ElmSym,8.919752239483451e-08,-1.0204438950278929e-07,1.355332262966317e-07
11,167,g6,area_3,psi1q,Flux in 1q-damper winding,Grid\G 06.ElmSym,4.371699546975128e-05,0.00013406002145050736,0.00014100803184291576
12,167,g6,area_3,psi1q,Flux in 1q-damper winding,Grid\G 06.ElmSym,4.371699546975128e-05,-0.00013406002145050736,0.00014100803184291576
13,167,g6,area_3,psi1q,Flux in 1q-damper winding,Grid\G 06.ElmSym,8.590943859655578e-06,0.0,8.590943859655578e-06
14,167,g6,area_3,psi1q,Flux in 1q-damper winding,Grid\G 06.ElmSym,4.589509394693279e-05,0.0005726969368007742,0.0005745329764855867
15,167,g6,area_3,psi1q,Flux in 1q-damper winding,Grid\G 06.ElmSym,4.589509394693279e-05,-0.0005726969368007742,0.0005745329764855867
19,167,g6,area_3,psi1q,Flux in 1q-damper winding,Grid\G 06.ElmSym,5.663308282336217e-11,0.0,5.663308282336217e-11
20,167,g6,area_3,psi1q,Flux in 1q-damper winding,Grid\G 06.ElmSym,8.964440789490197e-12,0.0,8.964440789490197e-12
21,167,g6,area_3,psi1q,Flux in 1q-damper winding,Grid\G 06.ElmSym,-9.810203849071361e-07,-0.0,9.810203849071361e-07
22,167,g6,area_3,psi1q,Flux in 1q-damper winding,Grid\G 06.ElmSym,0.002938941431704577,0.005574087748931194,0.006301414997583843
23,167,g6,area_3,psi1q,Flux in 1q-damper winding,Grid\G 06.ElmSym,0.002938941431704577,-0.005574087748931194,0.006301414997583843
24,167,g6,area_3,psi1q,Flux in 1q-damper winding,Grid\G 06.ElmSym,-2.833059843563672e-05,0.00017133806662163962,0.0001736644922871763
25,167,g6,area_3,psi1q,Flux in 1q-damper winding,Grid\G 06.ElmSym,-2.833059843563672e-05,-0.00017133806662163962,0.0001736644922871763
26,167,g6,area_3,psi1q,Flux in 1q-damper winding,Grid\G 06.ElmSym,3.655034525105057e-05,0.0,3.655034525105057e-05
27,167,g6,area_3,psi1q,Flux in 1q-damper winding,Grid\G 06.ElmSym,0.0004650349445497563,0.0005338107106104677,0.0007079628340632348
28,167,g6,area_3,psi1q,Flux in 1q-damper winding,Grid\G 06.ElmSym,0.0004650349445497563,-0.0005338107106104677,0.0007079628340632348
29,167,g6,area_3,psi1q,Flux in 1q-damper winding,Grid\G 06.ElmSym,-1.789227034464848e-07,-1.9798235474032108e-07,2.668526683342722e-07
30,167,g6,area_3,psi1q,Flux in 1q-damper winding,Grid\G 06.ElmSym,-1.789227034464848e-07,1.9798235474032108e-07,2.668526683342722e-07
31,167,g6,area_3,psi1q,Flux in 1q-damper winding,Grid\G 06.ElmSym,1.6207507550733327e-05,-4.307889371435392e-07,1.6213231637013118e-05
32,167,g6,area_3,psi1q,Flux in 1q-damper winding,Grid\G 06.ElmSym,1.6207507550733327e-05,4.307889371435392e-07,1.6213231637013118e-05
33,167,g6,area_3,psi1q,Flux in 1q-damper winding,Grid\G 06.ElmSym,6.313038769475516e-08,1.9757371231116412e-07,2.074146032633786e-07
34,167,g6,area_3,psi1q,Flux in 1q-damper winding,Grid\G 06.ElmSym,6.313038769475516e-08,-1.9757371231116412e-07,2.074146032633786e-07
35,167,g6,area_3,psi1q,Flux in 1q-damper winding,Grid\G 06.ElmSym,-0.0008558960667355809,-0.004083050056497738,0.004171792880875035
36,167,g6,area_3,psi1q,Flux in 1q-damper winding,Grid\G 06.ElmSym,-0.0008558960667355809,0.004083050056497738,0.004171792880875035
37,167,g6,area_3,psi1q,Flux in 1q-damper winding,Grid\G 06.ElmSym,0.0008394120718152705,0.0020116061020886912,0.002179718269930695
38,167,g6,area_3,psi1q,Flux in 1q-damper winding,Grid\G 06.ElmSym,0.0008394120718152705,-0.0020116061020886912,0.002179718269930695
39,167,g6,area_3,psi1q,Flux in 1q-damper winding,Grid\G 06.ElmSym,0.0009729035841961027,-0.0019645449444379457,0.0021922541419411926
40,167,g6,area_3,psi1q,Flux in 1q-damper winding,Grid\G 06.ElmSym,0.0009729035841961027,0.0019645449444379457,0.0021922541419411926
41,167,g6,area_3,psi1q,Flux in 1q-damper winding,Grid\G 06.ElmSym,-0.0027381555585358867,-0.03496553255552894,0.03507258135288156
42,167,g6,area_3,psi1q,Flux in 1q-damper winding,Grid\G 06.ElmSym,-0.0027381555585358867,0.03496553255552894,0.03507258135288156
43,167,g6,area_3,psi1q,Flux in 1q-damper winding,Grid\G 06.ElmSym,-0.0009147396529662562,0.0021839049131775427,0.0023677392809407535
44,167,g6,area_3,psi1q,Flux in 1q-damper winding,Grid\G 06.ElmSym,-0.0009147396529662562,-0.0021839049131775427,0.0023677392809407535
45,167,g6,area_3,psi1q,Flux in 1q-damper winding,Grid\G 06.ElmSym,-0.0004263777704897198,-0.0020593938707035744,0.0021030694515063535
46,167,g6,area_3,psi1q,Flux in 1q-damper winding,Grid\G 06.ElmSym,-0.0004263777704897198,0.0020593938707035744,0.0021030694515063535
47,167,g6,area_3,psi1q,Flux in 1q-damper winding,Grid\G 06.ElmSym,0.002691923367564391,-0.0005231933038468784,0.002742295142764437
48,167,g6,area_3,psi1q,Flux in 1q-damper winding,Grid\G 06.ElmSym,0.002691923367564391,0.0005231933038468784,0.002742295142764437
49,167,g6,area_3,psi1q,Flux in 1q-damper winding,Grid\G 06.ElmSym,0.000882584076391946,-0.0032901248948716297,0.0034064463118849645
50,167,g6,area_3,psi1q,Flux in 1q-damper winding,Grid\G 06.ElmSym,0.000882584076391946,0.0032901248948716297,0.0034064463118849645
51,167,g6,area_3,psi1q,Flux in 1q-damper winding,Grid\G 06.ElmSym,1.0456737373581905e-05,0.0,1.0456737373581905e-05
52,167,g6,area_3,psi1q,Flux in 1q-damper winding,Grid\G 06.ElmSym,2.685442285999738e-14,0.0,2.685442285999738e-14
53,167,g6,area_3,psi1q,Flux in 1q-damper winding,Grid\G 06.ElmSym,-2.062841210070934e-15,0.0,2.062841210070934e-15
54,167,g6,area_3,psi1q,Flux in 1q-damper winding,Grid\G 06.ElmSym,5.1183841467158486e-14,0.0,5.1183841467158486e-14
55,167,g6,area_3,psi1q,Flux in 1q-damper winding,Grid\G 06.ElmSym,-3.7867996582203574e-16,-0.0,3.7867996582203574e-16
56,167,g6,area_3,psi1q,Flux in 1q-damper winding,Grid\G 06.ElmSym,-1.3573727441614794e-15,-0.0,1.3573727441614794e-15
57,167,g6,area_3,psi1q,Flux in 1q-damper winding,Grid\G 06.ElmSym,-0.0002628411031074002,0.0,0.0002628411031074002
58,167,g6,area_3,psi1q,Flux in 1q-damper winding,Grid\G 06.ElmSym,2.310919469115475e-05,-0.0,2.310919469115475e-05
59,167,g6,area_3,psi1q,Flux in 1q-damper winding,Grid\G 06.ElmSym,0.0001303514954941811,0.0,0.0001303514954941811
60,167,g6,area_3,psi1q,Flux in 1q-damper winding,Grid\G 06.ElmSym,-0.00064042044805973,0.001959387120276805,0.0020613918204455107
61,167,g6,area_3,psi1q,Flux in 1q-damper winding,Grid\G 06.ElmSym,-0.00064042044805973,-0.001959387120276805,0.0020613918204455107
62,167,g6,area_3,psi1q,Flux in 1q-damper winding,Grid\G 06.ElmSym,-6.497928068584959e-05,0.0,6.497928068584959e-05
63,167,g6,area_3,psi1q,Flux in 1q-damper winding,Grid\G 06.ElmSym,-5.517124145853131e-05,-0.0,5.517124145853131e-05
64,167,g6,area_3,psi1q,Flux in 1q-damper winding,Grid\G 06.ElmSym,-7.8523642174699e-06,-0.0,7.8523642174699e-06
65,167,g6,area_3,psi1q,Flux in 1q-damper winding,Grid\G 06.ElmSym,0.00024348104443732037,-0.0002632986261295084,0.00035862122848762736
66,167,g6,area_3,psi1q,Flux in 1q-damper winding,Grid\G 06.ElmSym,0.00024348104443732037,0.0002632986261295084,0.00035862122848762736
67,167,g6,area_3,psi1q,Flux in 1q-damper winding,Grid\G 06.ElmSym,-4.5840509826767325e-05,-0.0,4.5840509826767325e-05
68,167,g6,area_3,psi1q,Flux in 1q-damper winding,Grid\G 06.ElmSym,-0.001090714091492652,-0.0006176798998986898,0.0012534694603856516
69,167,g6,area_3,psi1q,Flux in 1q-damper winding,Grid\G 06.ElmSym,-0.001090714091492652,0.0006176798998986898,0.0012534694603856516
70,167,g6,area_3,psi1q,Flux in 1q-damper winding,Grid\G 06.ElmSym,-5.459165698610773e-05,-7.92172614388811e-06,5.5163418653919603e-05
71,167,g6,area_3,psi1q,Flux in 1q-damper winding,Grid\G 06.ElmSym,-5.459165698610773e-05,7.92172614388811e-06,5.5163418653919603e-05
72,167,g6,area_3,psi1q,Flux in 1q-damper winding,Grid\G 06.ElmSym,-0.0010828860331079776,-0.0006653564521190474,0.0012709608054840944
73,167,g6,area_3,psi1q,Flux in 1q-damper winding,Grid\G 06.ElmSym,-0.0010828860331079776,0.0006653564521190474,0.0012709608054840944
74,167,g6,area_3,psi1q,Flux in 1q-damper winding,Grid\G 06.ElmSym,-1.3022679098602662e-05,0.0,1.3022679098602662e-05
75,167,g6,area_3,psi1q,Flux in 1q-damper winding,Grid\G 06.ElmSym,-0.0009225112040200725,0.0008911763221800557,0.0012826621374145781
76,167,g6,area_3,psi1q,Flux in 1q-damper winding,Grid\G 06.ElmSym,-0.0009225112040200725,-0.0008911763221800557,0.0012826621374145781
77,167,g6,area_3,psi1q,Flux in 1q-damper winding,Grid\G 06.ElmSym,2.8939400387462926e-05,0.0,2.8939400387462926e-05
78,167,g6,area_3,psi1q,Flux in 1q-damper winding,Grid\G 06.ElmSym,4.19554061389904e-07,0.0,4.19554061389904e-07
79,167,g6,area_3,psi1q,Flux in 1q-damper winding,Grid\G 06.ElmSym,4.23211170691113e-08,0.0,4.23211170691113e-08
80,167,g6,area_3,psi1q,Flux in 1q-damper winding,Grid\G 06.ElmSym,-6.015737629660769e-16,-0.0,6.015737629660769e-16
81,167,g6,area_3,psi1q,Flux in 1q-damper winding,Grid\G 06.ElmSym,9.659085629911789e-15,0.0,9.659085629911789e-15
85,167,g6,area_3,psi1q,Flux in 1q-damper winding,Grid\G 06.ElmSym,-2.394938425663764e-15,-0.0,2.394938425663764e-15
89,167,g6,area_3,psi1q,Flux in 1q-damper winding,Grid\G 06.ElmSym,2.4711135184642655e-15,0.0,2.4711135184642655e-15
90,167,g6,area_3,psi1q,Flux in 1q-damper winding,Grid\G 06.ElmSym,1.1754280174652986e-16,0.0,1.1754280174652986e-16
91,167,g6,area_3,psi1q,Flux in 1q-damper winding,Grid\G 06.ElmSym,0.0005473300717567085,0.0,0.0005473300717567085
92,167,g6,area_3,psi1q,Flux in 1q-damper winding,Grid\G 06.ElmSym,0.013993822432951282,0.0,0.013993822432951282
93,167,g6,area_3,psi1q,Flux in 1q-damper winding,Grid\G 06.ElmSym,0.0005104768165322987,0.0,0.0005104768165322987
94,167,g6,area_3,psi1q,Flux in 1q-damper winding,Grid\G 06.ElmSym,0.08264381014399882,7.455841499748317e-14,0.08264381014399882
95,167,g6,area_3,psi1q,Flux in 1q-damper winding,Grid\G 06.ElmSym,0.08264381014399882,-7.455841499748317e-14,0.08264381014399882
96,167,g6,area_3,psi1q,Flux in 1q-damper winding,Grid\G 06.ElmSym,-0.00016279608352760697,0.0,0.00016279608352760697
97,167,g6,area_3,psi1q,Flux in 1q-damper winding,Grid\G 06.ElmSym,-0.0002442344718411555,0.0,0.0002442344718411555
98,167,g6,area_3,psi1q,Flux in 1q-damper winding,Grid\G 06.ElmSym,-0.002553887759954167,0.0,0.002553887759954167
99,167,g6,area_3,psi1q,Flux in 1q-damper winding,Grid\G 06.ElmSym,-0.01201420251550873,-0.0,0.01201420251550873
100,167,g6,area_3,psi1q,Flux in 1q-damper winding,Grid\G 06.ElmSym,0.008098756236374877,0.0,0.008098756236374877
101,167,g6,area_3,psi1q,Flux in 1q-damper winding,Grid\G 06.ElmSym,-2.420883819702642e-06,-0.0,2.420883819702642e-06
102,167,g6,area_3,psi1q,Flux in 1q-damper winding,Grid\G 06.ElmSym,7.554683709328084e-07,-5.6796495142417734e-08,7.576003572731035e-07
103,167,g6,area_3,psi1q,Flux in 1q-damper winding,Grid\G 06.ElmSym,7.554683709328084e-07,5.6796495142417734e-08,7.576003572731035e-07
104,167,g6,area_3,psi1q,Flux in 1q-damper winding,Grid\G 06.ElmSym,-2.0565839717963963e-07,3.150651239273911e-07,3.762464732670337e-07
105,167,g6,area_3,psi1q,Flux in 1q-damper winding,Grid\G 06.ElmSym,-2.0565839717963963e-07,-3.150651239273911e-07,3.762464732670337e-07
106,167,g6,area_3,psi1q,Flux in 1q-damper winding,Grid\G 06.ElmSym,-8.018251299542866e-05,3.3577713145939295e-05,8.69292713093413e-05
107,167,g6,area_3,psi1q,Flux in 1q-damper winding,Grid\G 06.ElmSym,-8.018251299542866e-05,-3.3577713145939295e-05,8.69292713093413e-05
108,167,g6,area_3,psi1q,Flux in 1q-damper winding,Grid\G 06.ElmSym,4.181160640221787e-06,0.0,4.181160640221787e-06
112,167,g6,area_3,psi1q,Flux in 1q-damper winding,Grid\G 06.ElmSym,-1.7868535579691184e-08,0.0,1.7868535579691184e-08
113,167,g6,area_3,psi1q,Flux in 1q-damper winding,Grid\G 06.ElmSym,4.4282255490486687e-07,-0.0,4.4282255490486687e-07
114,167,g6,area_3,psi1q,Flux in 1q-damper winding,Grid\G 06.ElmSym,4.027288522515483e-08,0.0,4.027288522515483e-08
115,167,g6,area_3,psi1q,Flux in 1q-damper winding,Grid\G 06.ElmSym,-3.330405780448387e-08,0.0,3.330405780448387e-08
116,167,g6,area_3,psi1q,Flux in 1q-damper winding,Grid\G 06.ElmSym,-3.481526097663809e-10,-0.0,3.481526097663809e-10
117,167,g6,area_3,psi1q,Flux in 1q-damper winding,Grid\G 06.ElmSym,-7.18724225463602e-08,-0.0,7.18724225463602e-08
118,167,g6,area_3,psi1q,Flux in 1q-damper winding,Grid\G 06.ElmSym,-4.531112396918977e-07,0.0,4.531112396918977e-07
119,167,g6,area_3,psi1q,Flux in 1q-damper winding,Grid\G 06.ElmSym,1.9974411475860464e-06,0.0,1.9974411475860464e-06
120,167,g6,area_3,psi1q,Flux in 1q-damper winding,Grid\G 06.ElmSym,3.5100328386551634e-08,0.0,3.5100328386551634e-08
121,167,g6,area_3,psi1q,Flux in 1q-damper winding,Grid\G 06.ElmSym,8.568193608594336e-06,0.0,8.568193608594336e-06
122,167,g6,area_3,psi1q,Flux in 1q-damper winding,Grid\G 06.ElmSym,-2.3952021620239133e-07,0.0,2.3952021620239133e-07
123,167,g6,area_3,psi1q,Flux in 1q-damper winding,Grid\G 06.ElmSym,3.964470302462326e-05,0.0,3.964470302462326e-05
124,167,g6,area_3,psi1q,Flux in 1q-damper winding,Grid\G 06.ElmSym,-4.204272637394397e-08,-0.0,4.204272637394397e-08
125,167,g6,area_3,psi1q,Flux in 1q-damper winding,Grid\G 06.ElmSym,9.613664456270878e-06,0.0,9.613664456270878e-06
126,167,g6,area_3,psi1q,Flux in 1q-damper winding,Grid\G 06.ElmSym,-6.915323907232848e-05,0.0,6.915323907232848e-05
127,167,g6,area_3,psi1q,Flux in 1q-damper winding,Grid\G 06.ElmSym,0.00042351545011786113,0.0,0.00042351545011786113
128,167,g6,area_3,psi1q,Flux in 1q-damper winding,Grid\G 06.ElmSym,0.0007251423382396737,0.0,0.0007251423382396737
129,167,g6,area_3,psi1q,Flux in 1q-damper winding,Grid\G 06.ElmSym,2.1411783244874454e-05,-0.0,2.1411783244874454e-05
130,167,g6,area_3,psi1q,Flux in 1q-damper winding,Grid\G 06.ElmSym,2.6189474684614664e-05,0.0,2.6189474684614664e-05
131,167,g6,area_3,psi1q,Flux in 1q-damper winding,Grid\G 06.ElmSym,3.2959627813953148e-06,0.0,3.2959627813953148e-06
132,167,g6,area_3,psi1q,Flux in 1q-damper winding,Grid\G 06.ElmSym,-0.0007241392507807212,-0.07704590936011002,0.07704931230569687
133,167,g6,area_3,psi1q,Flux in 1q-damper winding,Grid\G 06.ElmSym,-0.0007241392507807212,0.07704590936011002,0.07704931230569687
134,167,g6,area_3,psi1q,Flux in 1q-damper winding,Grid\G 06.ElmSym,0.00034702059268532543,0.0,0.00034702059268532543
135,167,g6,area_3,psi1q,Flux in 1q-damper winding,Grid\G 06.ElmSym,-9.163026943064131e-07,-0.0,9.163026943064131e-07
136,167,g6,area_3,psi1q,Flux in 1q-damper winding,Grid\G 06.ElmSym,1.4371979889624809e-06,0.0,1.4371979889624809e-06
140,167,g6,area_3,psi1q,Flux in 1q-damper winding,Grid\G 06.ElmSym,-6.422453164853882e-05,-0.0,6.422453164853882e-05
141,167,g6,area_3,psi1q,Flux in 1q-damper winding,Grid\G 06.ElmSym,-4.0884335456522366e-05,0.0,4.0884335456522366e-05
142,167,g6,area_3,psi1q,Flux in 1q-damper winding,Grid\G 06.ElmSym,0.0004207325983929874,0.0,0.0004207325983929874
143,167,g6,area_3,psi1q,Flux in 1q-damper winding,Grid\G 06.ElmSym,-0.00024381567917274816,0.0,0.00024381567917274816
144,167,g6,area_3,psi1q,Flux in 1q-damper winding,Grid\G 06.ElmSym,5.935043083800355e-05,0.0,5.935043083800355e-05
145,167,g6,area_3,psi1q,Flux in 1q-damper winding,Grid\G 06.ElmSym,0.0005896287403581936,0.0,0.0005896287403581936
146,167,g6,area_3,psi1q,Flux in 1q-damper winding,Grid\G 06.ElmSym,0.011960362525188091,0.002016287251395331,0.012129125525529983
147,167,g6,area_3,psi1q,Flux in 1q-damper winding,Grid\G 06.ElmSym,0.011960362525188091,-0.002016287251395331,0.012129125525529983
148,167,g6,area_3,psi1q,Flux in 1q-damper winding,Grid\G 06.ElmSym,0.021505775540473872,-0.04589279656496256,0.05068182275875922
149,167,g6,area_3,psi1q,Flux in 1q-damper winding,Grid\G 06.ElmSym,0.021505775540473872,0.04589279656496256,0.05068182275875922
150,167,g6,area_3,psi1q,Flux in 1q-damper winding,Grid\G 06.ElmSym,1.0,0.0,1.0
151,167,g6,area_3,psi1q,Flux in 1q-damper winding,Grid\G 06.ElmSym,0.26619669697537807,0.0,0.26619669697537807
152,167,g6,area_3,psi1q,Flux in 1q-damper winding,Grid\G 06.ElmSym,-0.002204959232226235,0.0,0.002204959232226235
153,167,g6,area_3,psi1q,Flux in 1q-damper winding,Grid\G 06.ElmSym,0.0005174969683434932,-0.0011287894571683115,0.0012417603435683705
154,167,g6,area_3,psi1q,Flux in 1q-damper winding,Grid\G 06.ElmSym,0.0005174969683434932,0.0011287894571683115,0.0012417603435683705
155,167,g6,area_3,psi1q,Flux in 1q-damper winding,Grid\G 06.ElmSym,-0.00035418775074465026,-0.0,0.00035418775074465026
156,167,g6,area_3,psi1q,Flux in 1q-damper winding,Grid\G 06.ElmSym,-0.00020642766665764193,0.0,0.00020642766665764193
157,167,g6,area_3,psi1q,Flux in 1q-damper winding,Grid\G 06.ElmSym,-0.0030060721248822875,-0.0,0.0030060721248822875
158,167,g6,area_3,psi1q,Flux in 1q-damper winding,Grid\G 06.ElmSym,0.007651383133428022,0.0,0.007651383133428022
159,167,g6,area_3,psi1q,Flux in 1q-damper winding,Grid\G 06.ElmSym,0.0005563099832966346,-0.0021255254633027816,0.002197120682316747
160,167,g6,area_3,psi1q,Flux in 1q-damper winding,Grid\G 06.ElmSym,0.0005563099832966346,0.0021255254633027816,0.002197120682316747
161,167,g6,area_3,psi1q,Flux in 1q-damper winding,Grid\G 06.ElmSym,0.01989408650197133,0.0,0.01989408650197133
162,167,g6,area_3,psi1q,Flux in 1q-damper winding,Grid\G 06.ElmSym,0.05707868851078319,0.0,0.05707868851078319
163,167,g6,area_3,psi1q,Flux in 1q-damper winding,Grid\G 06.ElmSym,-0.00834617937419609,-0.011771574116714865,0.014430130537578916
164,167,g6,area_3,psi1q,Flux in 1q-damper winding,Grid\G 06.ElmSym,-0.00834617937419609,0.011771574116714865,0.014430130537578916
165,167,g6,area_3,psi1q,Flux in 1q-damper winding,Grid\G 06.ElmSym,-4.650561324948619e-07,0.0,4.650561324948619e-07
166,167,g6,area_3,psi1q,Flux in 1q-damper winding,Grid\G 06.ElmSym,-8.488227720054153e-06,0.0,8.488227720054153e-06
170,167,g6,area_3,psi1q,Flux in 1q-damper winding,Grid\G 06.ElmSym,-0.00012142699338835173,-0.0,0.00012142699338835173
171,167,g6,area_3,psi1q,Flux in 1q-damper winding,Grid\G 06.ElmSym,0.0008574786077553233,0.0,0.0008574786077553233
172,167,g6,area_3,psi1q,Flux in 1q-damper winding,Grid\G 06.ElmSym,5.1057351304498256e-06,0.0,5.1057351304498256e-06
173,167,g6,area_3,psi1q,Flux in 1q-damper winding,Grid\G 06.ElmSym,6.84756096821231e-05,0.0,6.84756096821231e-05
174,167,g6,area_3,psi1q,Flux in 1q-damper winding,Grid\G 06.ElmSym,-3.053856434440462e-06,0.0,3.053856434440462e-06
1,168,g6,area_3,psi2q,Flux in 2q-damper winding,Grid\G 06.ElmSym,-9.402157652375346e-08,-0.0,9.402157652375346e-08
5,168,g6,area_3,psi2q,Flux in 2q-damper winding,Grid\G 06.ElmSym,4.180774209424574e-09,5.417627576308671e-09,6.843212808744869e-09
6,168,g6,area_3,psi2q,Flux in 2q-damper winding,Grid\G 06.ElmSym,4.180774209424574e-09,-5.417627576308671e-09,6.843212808744869e-09
7,168,g6,area_3,psi2q,Flux in 2q-damper winding,Grid\G 06.ElmSym,-4.999301929842381e-11,1.6819802909026054e-10,1.7547045041379677e-10
8,168,g6,area_3,psi2q,Flux in 2q-damper winding,Grid\G 06.ElmSym,-4.999301929842381e-11,-1.6819802909026054e-10,1.7547045041379677e-10
9,168,g6,area_3,psi2q,Flux in 2q-damper winding,Grid\G 06.ElmSym,2.486590148997199e-07,2.8447267023426533e-07,3.778306575717648e-07
10,168,g6,area_3,psi2q,Flux in 2q-damper winding,Grid\G 06.ElmSym,2.486590148997199e-07,-2.8447267023426533e-07,3.778306575717648e-07
11,168,g6,area_3,psi2q,Flux in 2q-damper winding,Grid\G 06.ElmSym,0.0001228999788750789,0.00037687799967016264,0.00039641068532883663
12,168,g6,area_3,psi2q,Flux in 2q-damper winding,Grid\G 06.ElmSym,0.0001228999788750789,-0.00037687799967016264,0.00039641068532883663
13,168,g6,area_3,psi2q,Flux in 2q-damper winding,Grid\G 06.ElmSym,2.4266126117981724e-05,0.0,2.4266126117981724e-05
14,168,g6,area_3,psi2q,Flux in 2q-damper winding,Grid\G 06.ElmSym,8.18939347282962e-05,0.0010219045553551238,0.0010251807337249544
15,168,g6,area_3,psi2q,Flux in 2q-damper winding,Grid\G 06.ElmSym,8.18939347282962e-05,-0.0010219045553551238,0.0010251807337249544
19,168,g6,area_3,psi2q,Flux in 2q-damper winding,Grid\G 06.ElmSym,1.6195219096582397e-10,0.0,1.6195219096582397e-10
20,168,g6,area_3,psi2q,Flux in 2q-damper winding,Grid\G 06.ElmSym,2.563539434426291e-11,0.0,2.563539434426291e-11
21,168,g6,area_3,psi2q,Flux in 2q-damper winding,Grid\G 06.ElmSym,-2.8063454215137713e-06,-0.0,2.8063454215137713e-06
22,168,g6,area_3,psi2q,Flux in 2q-damper winding,Grid\G 06.ElmSym,0.00842506390370917,0.015979238300829708,0.018064267448648072
23,168,g6,area_3,psi2q,Flux in 2q-damper winding,Grid\G 06.ElmSym,0.00842506390370917,-0.015979238300829708,0.018064267448648072
24,168,g6,area_3,psi2q,Flux in 2q-damper winding,Grid\G 06.ElmSym,-8.099547504591194e-05,0.0004898452156376596,0.0004964963265332566
25,168,g6,area_3,psi2q,Flux in 2q-damper winding,Grid\G 06.ElmSym,-8.099547504591194e-05,-0.0004898452156376596,0.0004964963265332566
26,168,g6,area_3,psi2q,Flux in 2q-damper winding,Grid\G 06.ElmSym,0.0001062855813583327,0.0,0.0001062855813583327
27,168,g6,area_3,psi2q,Flux in 2q-damper winding,Grid\G 06.ElmSym,0.0013532351591414116,0.0015533701937741683,0.002060146682846267
28,168,g6,area_3,psi2q,Flux in 2q-damper winding,Grid\G 06.ElmSym,0.0013532351591414116,-0.0015533701937741683,0.002060146682846267
29,168,g6,area_3,psi2q,Flux in 2q-damper winding,Grid\G 06.ElmSym,-2.3005449081027763e-07,-2.5456093012982205e-07,3.4311271601404726e-07
30,168,g6,area_3,psi2q,Flux in 2q-damper winding,Grid\G 06.ElmSym,-2.3005449081027763e-07,2.5456093012982205e-07,3.4311271601404726e-07
31,168,g6,area_3,psi2q,Flux in 2q-damper winding,Grid\G 06.ElmSym,2.0837799488544826e-05,-5.538602076487291e-07,2.084515887812841e-05
32,168,g6,area_3,psi2q,Flux in 2q-damper winding,Grid\G 06.ElmSym,2.0837799488544826e-05,5.538602076487291e-07,2.084515887812841e-05
33,168,g6,area_3,psi2q,Flux in 2q-damper winding,Grid\G 06.ElmSym,8.11744513527914e-08,2.5404465715510933e-07,2.6669829279821746e-07
34,168,g6,area_3,psi2q,Flux in 2q-damper winding,Grid\G 06.ElmSym,8.11744513527914e-08,-2.5404465715510933e-07,2.6669829279821746e-07
35,168,g6,area_3,psi2q,Flux in 2q-damper winding,Grid\G 06.ElmSym,-0.001580469930531311,-0.007539627869449736,0.00770349749211985
36,168,g6,area_3,psi2q,Flux in 2q-damper winding,Grid\G 06.ElmSym,-0.001580469930531311,0.007539627869449736,0.00770349749211985
37,168,g6,area_3,psi2q,Flux in 2q-damper winding,Grid\G 06.ElmSym,0.0016604005012918418,0.0039790609313788495,0.004311595495905862
38,168,g6,area_3,psi2q,Flux in 2q-damper winding,Grid\G 06.ElmSym,0.0016604005012918418,-0.0039790609313788495,0.004311595495905862
39,168,g6,area_3,psi2q,Flux in 2q-damper winding,Grid\G 06.ElmSym,0.0024283371061647307,-0.004903443119010616,0.005471798198266184
40,168,g6,area_3,psi2q,Flux in 2q-damper winding,Grid\G 06.ElmSym,0.0024283371061647307,0.004903443119010616,0.005471798198266184
41,168,g6,area_3,psi2q,Flux in 2q-damper winding,Grid\G 06.ElmSym,-0.004130056579007512,-0.052739745665672674,0.05290121114138733
42,168,g6,area_3,psi2q,Flux in 2q-damper winding,Grid\G 06.ElmSym,-0.004130056579007512,0.052739745665672674,0.05290121114138733
43,168,g6,area_3,psi2q,Flux in 2q-damper winding,Grid\G 06.ElmSym,-0.0013956178507827902,0.003331982680995812,0.0036124586879132075
44,168,g6,area_3,psi2q,Flux in 2q-damper winding,Grid\G 06.ElmSym,-0.0013956178507827902,-0.003331982680995812,0.0036124586879132075
45,168,g6,area_3,psi2q,Flux in 2q-damper winding,Grid\G 06.ElmSym,-0.0013266556153686102,-0.006407713140464547,0.006543607782582258
46,168,g6,area_3,psi2q,Flux in 2q-damper winding,Grid\G 06.ElmSym,-0.0013266556153686102,0.006407713140464547,0.006543607782582258
47,168,g6,area_3,psi2q,Flux in 2q-damper winding,Grid\G 06.ElmSym,0.0087939351124233,-0.0017091600826441677,0.00895848887645766
48,168,g6,area_3,psi2q,Flux in 2q-damper winding,Grid\G 06.ElmSym,0.0087939351124233,0.0017091600826441677,0.00895848887645766
49,168,g6,area_3,psi2q,Flux in 2q-damper winding,Grid\G 06.ElmSym,0.0028755962385039833,-0.01071973880491675,0.011098732079500625
50,168,g6,area_3,psi2q,Flux in 2q-damper winding,Grid\G 06.ElmSym,0.0028755962385039833,0.01071973880491675,0.011098732079500625
51,168,g6,area_3,psi2q,Flux in 2q-damper winding,Grid\G 06.ElmSym,3.505798011432845e-05,0.0,3.505798011432845e-05
52,168,g6,area_3,psi2q,Flux in 2q-damper winding,Grid\G 06.ElmSym,1.006456701862702e-13,0.0,1.006456701862702e-13
53,168,g6,area_3,psi2q,Flux in 2q-damper winding,Grid\G 06.ElmSym,-7.419703281673185e-15,0.0,7.419703281673185e-15
54,168,g6,area_3,psi2q,Flux in 2q-damper winding,Grid\G 06.ElmSym,1.6214824482625754e-13,0.0,1.6214824482625754e-13
55,168,g6,area_3,psi2q,Flux in 2q-damper winding,Grid\G 06.ElmSym,-1.4112984823536481e-15,-0.0,1.4112984823536481e-15
56,168,g6,area_3,psi2q,Flux in 2q-damper winding,Grid\G 06.ElmSym,-4.3932166131351256e-15,-0.0,4.3932166131351256e-15
57,168,g6,area_3,psi2q,Flux in 2q-damper winding,Grid\G 06.ElmSym,-0.000899293481959899,0.0,0.000899293481959899
58,168,g6,area_3,psi2q,Flux in 2q-damper winding,Grid\G 06.ElmSym,8.193934859036856e-05,-0.0,8.193934859036856e-05
59,168,g6,area_3,psi2q,Flux in 2q-damper winding,Grid\G 06.ElmSym,0.00046553971467349313,0.0,0.00046553971467349313
60,168,g6,area_3,psi2q,Flux in 2q-damper winding,Grid\G 06.ElmSym,-0.0022909824092860282,0.007009334944427592,0.007374237368218613
61,168,g6,area_3,psi2q,Flux in 2q-damper winding,Grid\G 06.ElmSym,-0.0022909824092860282,-0.007009334944427592,0.007374237368218613
62,168,g6,area_3,psi2q,Flux in 2q-damper winding,Grid\G 06.ElmSym,-0.0002331115596313581,0.0,0.0002331115596313581
63,168,g6,area_3,psi2q,Flux in 2q-damper winding,Grid\G 06.ElmSym,-0.000200118594661222,-0.0,0.000200118594661222
64,168,g6,area_3,psi2q,Flux in 2q-damper winding,Grid\G 06.ElmSym,-2.9887137876451684e-05,-0.0,2.9887137876451684e-05
65,168,g6,area_3,psi2q,Flux in 2q-damper winding,Grid\G 06.ElmSym,0.0009322643850779137,-0.0010081439084856055,0.0013731245478474754
66,168,g6,area_3,psi2q,Flux in 2q-damper winding,Grid\G 06.ElmSym,0.0009322643850779137,0.0010081439084856055,0.0013731245478474754
67,168,g6,area_3,psi2q,Flux in 2q-damper winding,Grid\G 06.ElmSym,-0.00017747960228136597,-0.0,0.00017747960228136597
68,168,g6,area_3,psi2q,Flux in 2q-damper winding,Grid\G 06.ElmSym,-0.004339295948915093,-0.002457377151593989,0.004986801760391837
69,168,g6,area_3,psi2q,Flux in 2q-damper winding,Grid\G 06.ElmSym,-0.004339295948915093,0.002457377151593989,0.004986801760391837
70,168,g6,area_3,psi2q,Flux in 2q-damper winding,Grid\G 06.ElmSym,-0.00021771986232763677,-3.15930532433255e-05,0.00022000013514814193
71,168,g6,area_3,psi2q,Flux in 2q-damper winding,Grid\G 06.ElmSym,-0.00021771986232763677,3.15930532433255e-05,0.00022000013514814193
72,168,g6,area_3,psi2q,Flux in 2q-damper winding,Grid\G 06.ElmSym,-0.004320598934631191,-0.002654700762858548,0.0050709970710165015
73,168,g6,area_3,psi2q,Flux in 2q-damper winding,Grid\G 06.ElmSym,-0.004320598934631191,0.002654700762858548,0.0050709970710165015
74,168,g6,area_3,psi2q,Flux in 2q-damper winding,Grid\G 06.ElmSym,-5.208595920977565e-05,0.0,5.208595920977565e-05
75,168,g6,area_3,psi2q,Flux in 2q-damper winding,Grid\G 06.ElmSym,-0.0037137238404243733,0.003587580009089899,0.0051635719308011805
76,168,g6,area_3,psi2q,Flux in 2q-damper winding,Grid\G 06.ElmSym,-0.0037137238404243733,-0.003587580009089899,0.0051635719308011805
77,168,g6,area_3,psi2q,Flux in 2q-damper winding,Grid\G 06.ElmSym,0.0001182172236874596,0.0,0.0001182172236874596
78,168,g6,area_3,psi2q,Flux in 2q-damper winding,Grid\G 06.ElmSym,1.7143569219554698e-06,0.0,1.7143569219554698e-06
79,168,g6,area_3,psi2q,Flux in 2q-damper winding,Grid\G 06.ElmSym,1.7293550969872087e-07,0.0,1.7293550969872087e-07
80,168,g6,area_3,psi2q,Flux in 2q-damper winding,Grid\G 06.ElmSym,-2.5678332968032883e-15,-0.0,2.5678332968032883e-15
81,168,g6,area_3,psi2q,Flux in 2q-damper winding,Grid\G 06.ElmSym,4.168437608001087e-14,0.0,4.168437608001087e-14
85,168,g6,area_3,psi2q,Flux in 2q-damper winding,Grid\G 06.ElmSym,-1.0343339639903639e-14,-0.0,1.0343339639903639e-14
89,168,g6,area_3,psi2q,Flux in 2q-damper winding,Grid\G 06.ElmSym,1.0657193318113083e-14,0.0,1.0657193318113083e-14
90,168,g6,area_3,psi2q,Flux in 2q-damper winding,Grid\G 06.ElmSym,5.071639549466109e-16,0.0,5.071639549466109e-16
91,168,g6,area_3,psi2q,Flux in 2q-damper winding,Grid\G 06.ElmSym,0.002579637455254927,0.0,0.002579637455254927
92,168,g6,area_3,psi2q,Flux in 2q-damper winding,Grid\G 06.ElmSym,0.08612205028311573,0.0,0.08612205028311573
93,168,g6,area_3,psi2q,Flux in 2q-damper winding,Grid\G 06.ElmSym,0.00473294951694047,0.0,0.00473294951694047
94,168,g6,area_3,psi2q,Flux in 2q-damper winding,Grid\G 06.ElmSym,0.9999999999999999,0.0,0.9999999999999999
95,168,g6,area_3,psi2q,Flux in 2q-damper winding,Grid\G 06.ElmSym,0.9999999999999999,0.0,0.9999999999999999
96,168,g6,area_3,psi2q,Flux in 2q-damper winding,Grid\G 06.ElmSym,-0.0019910540442506426,0.0,0.0019910540442506426
97,168,g6,area_3,psi2q,Flux in 2q-damper winding,Grid\G 06.ElmSym,-0.0029973535451411322,0.0,0.0029973535451411322
98,168,g6,area_3,psi2q,Flux in 2q-damper winding,Grid\G 06.ElmSym,-0.031714463941032486,0.0,0.031714463941032486
99,168,g6,area_3,psi2q,Flux in 2q-damper winding,Grid\G 06.ElmSym,-0.14981973523885028,-0.0,0.14981973523885028
100,168,g6,area_3,psi2q,Flux in 2q-damper winding,Grid\G 06.ElmSym,0.12246816163447209,0.0,0.12246816163447209
101,168,g6,area_3,psi2q,Flux in 2q-damper winding,Grid\G 06.ElmSym,-0.0002914093794983905,-0.0,0.0002914093794983905
102,168,g6,area_3,psi2q,Flux in 2q-damper winding,Grid\G 06.ElmSym,0.0001940543645656201,-1.4589105512190482e-05,0.00019460200000671223
103,168,g6,area_3,psi2q,Flux in 2q-damper winding,Grid\G 06.ElmSym,0.0001940543645656201,1.4589105512190482e-05,0.00019460200000671223
104,168,g6,area_3,psi2q,Flux in 2q-damper winding,Grid\G 06.ElmSym,-5.406984052228326e-05,8.283406483977888e-05,9.891931030888679e-05
105,168,g6,area_3,psi2q,Flux in 2q-damper winding,Grid\G 06.ElmSym,-5.406984052228326e-05,-8.283406483977888e-05,9.891931030888679e-05
106,168,g6,area_3,psi2q,Flux in 2q-damper winding,Grid\G 06.ElmSym,-0.02565846126969864,0.010744892123775947,0.0278174287359599
107,168,g6,area_3,psi2q,Flux in 2q-damper winding,Grid\G 06.ElmSym,-0.02565846126969864,-0.010744892123775947,0.0278174287359599
108,168,g6,area_3,psi2q,Flux in 2q-damper winding,Grid\G 06.ElmSym,0.0012819936065119667,0.0,0.0012819936065119667
112,168,g6,area_3,psi2q,Flux in 2q-damper winding,Grid\G 06.ElmSym,-4.238057992827491e-06,0.0,4.238057992827491e-06
113,168,g6,area_3,psi2q,Flux in 2q-damper winding,Grid\G 06.ElmSym,0.00010382404161445276,0.0,0.00010382404161445276
114,168,g6,area_3,psi2q,Flux in 2q-damper winding,Grid\G 06.ElmSym,9.217672735250184e-06,0.0,9.217672735250184e-06
115,168,g6,area_3,psi2q,Flux in 2q-damper winding,Grid\G 06.ElmSym,-7.519113330723185e-06,0.0,7.519113330723185e-06
116,168,g6,area_3,psi2q,Flux in 2q-damper winding,Grid\G 06.ElmSym,-7.605080550761343e-08,-0.0,7.605080550761343e-08
117,168,g6,area_3,psi2q,Flux in 2q-damper winding,Grid\G 06.ElmSym,-1.5230935856208993e-05,-0.0,1.5230935856208993e-05
118,168,g6,area_3,psi2q,Flux in 2q-damper winding,Grid\G 06.ElmSym,-8.80142416896792e-05,0.0,8.80142416896792e-05
119,168,g6,area_3,psi2q,Flux in 2q-damper winding,Grid\G 06.ElmSym,0.00034942362563355133,0.0,0.00034942362563355133
120,168,g6,area_3,psi2q,Flux in 2q-damper winding,Grid\G 06.ElmSym,5.7372531877337345e-06,0.0,5.7372531877337345e-06
121,168,g6,area_3,psi2q,Flux in 2q-damper winding,Grid\G 06.ElmSym,0.0011814093668345606,-0.0,0.0011814093668345606
122,168,g6,area_3,psi2q,Flux in 2q-damper winding,Grid\G 06.ElmSym,-3.215624839190759e-05,0.0,3.215624839190759e-05
123,168,g6,area_3,psi2q,Flux in 2q-damper winding,Grid\G 06.ElmSym,0.004698046126734581,0.0,0.004698046126734581
124,168,g6,area_3,psi2q,Flux in 2q-damper winding,Grid\G 06.ElmSym,-4.83004374421212e-06,-0.0,4.83004374421212e-06
125,168,g6,area_3,psi2q,Flux in 2q-damper winding,Grid\G 06.ElmSym,0.0009345885415531088,0.0,0.0009345885415531088
126,168,g6,area_3,psi2q,Flux in 2q-damper winding,Grid\G 06.ElmSym,-0.005960386025585601,0.0,0.005960386025585601
127,168,g6,area_3,psi2q,Flux in 2q-damper winding,Grid\G 06.ElmSym,0.024397388274635546,0.0,0.024397388274635546
128,168,g6,area_3,psi2q,Flux in 2q-damper winding,Grid\G 06.ElmSym,0.018584722183353712,0.0,0.018584722183353712
129,168,g6,area_3,psi2q,Flux in 2q-damper winding,Grid\G 06.ElmSym,7.597787105947076e-05,0.0,7.597787105947076e-05
130,168,g6,area_3,psi2q,Flux in 2q-damper winding,Grid\G 06.ElmSym,5.36427695962325e-05,0.0,5.36427695962325e-05
131,168,g6,area_3,psi2q,Flux in 2q-damper winding,Grid\G 06.ElmSym,6.5447373123034945e-06,0.0,6.5447373123034945e-06
132,168,g6,area_3,psi2q,Flux in 2q-damper winding,Grid\G 06.ElmSym,-0.0008305524328128394,-0.08836790328790758,0.0883718063006785
133,168,g6,area_3,psi2q,Flux in 2q-damper winding,Grid\G 06.ElmSym,-0.0008305524328128394,0.08836790328790758,0.0883718063006785
134,168,g6,area_3,psi2q,Flux in 2q-damper winding,Grid\G 06.ElmSym,0.00043866376656617414,0.0,0.00043866376656617414
135,168,g6,area_3,psi2q,Flux in 2q-damper winding,Grid\G 06.ElmSym,-1.142320741045084e-06,-0.0,1.142320741045084e-06
136,168,g6,area_3,psi2q,Flux in 2q-damper winding,Grid\G 06.ElmSym,1.7771363014825176e-06,0.0,1.7771363014825176e-06
140,168,g6,area_3,psi2q,Flux in 2q-damper winding,Grid\G 06.ElmSym,-7.145603611797862e-05,-0.0,7.145603611797862e-05
141,168,g6,area_3,psi2q,Flux in 2q-damper winding,Grid\G 06.ElmSym,-4.012614643013875e-05,0.0,4.012614643013875e-05
142,168,g6,area_3,psi2q,Flux in 2q-damper winding,Grid\G 06.ElmSym,0.00035696225558050945,0.0,0.00035696225558050945
143,168,g6,area_3,psi2q,Flux in 2q-damper winding,Grid\G 06.ElmSym,-0.0001936020216956584,0.0,0.0001936020216956584
144,168,g6,area_3,psi2q,Flux in 2q-damper winding,Grid\G 06.ElmSym,4.417185934403627e-05,-0.0,4.417185934403627e-05
145,168,g6,area_3,psi2q,Flux in 2q-damper winding,Grid\G 06.ElmSym,0.00038438702836499214,0.0,0.00038438702836499214
146,168,g6,area_3,psi2q,Flux in 2q-damper winding,Grid\G 06.ElmSym,0.002389290297210521,0.00040278842351782385,0.0024230036397959276
147,168,g6,area_3,psi2q,Flux in 2q-damper winding,Grid\G 06.ElmSym,0.002389290297210521,-0.00040278842351782385,0.0024230036397959276
148,168,g6,area_3,psi2q,Flux in 2q-damper winding,Grid\G 06.ElmSym,0.0011777636629378054,-0.0025133187169580455,0.0027755897064855087
149,168,g6,area_3,psi2q,Flux in 2q-damper winding,Grid\G 06.ElmSym,0.0011777636629378054,0.0025133187169580455,0.0027755897064855087
150,168,g6,area_3,psi2q,Flux in 2q-damper winding,Grid\G 06.ElmSym,0.08407706163408885,0.0,0.08407706163408885
151,168,g6,area_3,psi2q,Flux in 2q-damper winding,Grid\G 06.ElmSym,0.014867315961832562,0.0,0.014867315961832562
152,168,g6,area_3,psi2q,Flux in 2q-damper winding,Grid\G 06.ElmSym,-8.384596525217904e-05,0.0,8.384596525217904e-05
153,168,g6,area_3,psi2q,Flux in 2q-damper winding,Grid\G 06.ElmSym,1.6620673082433458e-05,-3.625381730910363e-05,3.9882151937865516e-05
154,168,g6,area_3,psi2q,Flux in 2q-damper winding,Grid\G 06.ElmSym,1.6620673082433458e-05,3.625381730910363e-05,3.9882151937865516e-05
155,168,g6,area_3,psi2q,Flux in 2q-damper winding,Grid\G 06.ElmSym,-1.2410700734506771e-05,-0.0,1.2410700734506771e-05
156,168,g6,area_3,psi2q,Flux in 2q-damper winding,Grid\G 06.ElmSym,-7.082892025936469e-06,0.0,7.082892025936469e-06
157,168,g6,area_3,psi2q,Flux in 2q-damper winding,Grid\G 06.ElmSym,-0.00010277006188505088,-0.0,0.00010277006188505088
158,168,g6,area_3,psi2q,Flux in 2q-damper winding,Grid\G 06.ElmSym,0.0002582783466744278,0.0,0.0002582783466744278
159,168,g6,area_3,psi2q,Flux in 2q-damper winding,Grid\G 06.ElmSym,8.752331960234963e-06,-3.3440536762548835e-05,3.456693237343358e-05
160,168,g6,area_3,psi2q,Flux in 2q-damper winding,Grid\G 06.ElmSym,8.752331960234963e-06,3.3440536762548835e-05,3.456693237343358e-05
161,168,g6,area_3,psi2q,Flux in 2q-damper winding,Grid\G 06.ElmSym,0.00013955493068045532,0.0,0.00013955493068045532
162,168,g6,area_3,psi2q,Flux in 2q-damper winding,Grid\G 06.ElmSym,0.00019901147179811557,0.0,0.00019901147179811557
163,168,g6,area_3,psi2q,Flux in 2q-damper winding,Grid\G 06.ElmSym,-5.736177510870277e-05,-8.090389107837127e-05,9.917566654801143e-05
164,168,g6,area_3,psi2q,Flux in 2q-damper winding,Grid\G 06.ElmSym,-5.736177510870277e-05,8.090389107837127e-05,9.917566654801143e-05
165,168,g6,area_3,psi2q,Flux in 2q-damper winding,Grid\G 06.ElmSym,-3.0820001032439917e-10,0.0,3.0820001032439917e-10
166,168,g6,area_3,psi2q,Flux in 2q-damper winding,Grid\G 06.ElmSym,-2.48137123380196e-10,0.0,2.48137123380196e-10
170,168,g6,area_3,psi2q,Flux in 2q-damper winding,Grid\G 06.ElmSym,-2.386348719927897e-07,-0.0,2.386348719927897e-07
171,168,g6,area_3,psi2q,Flux in 2q-damper winding,Grid\G 06.ElmSym,1.9339601104292216e-06,0.0,1.9339601104292216e-06
172,168,g6,area_3,psi2q,Flux in 2q-damper winding,Grid\G 06.ElmSym,3.2088095797954875e-08,0.0,3.2088095797954875e-08
173,168,g6,area_3,psi2q,Flux in 2q-damper winding,Grid\G 06.ElmSym,4.879060348721817e-07,0.0,4.879060348721817e-07
174,168,g6,area_3,psi2q,Flux in 2q-damper winding,Grid\G 06.ElmSym,-3.01411735883088e-08,0.0,3.01411735883088e-08
1,169,g6,area_3,speed,Speed,Grid\G 06.ElmSym,-0.0051683893561231715,-0.0,0.0051683893561231715
5,169,g6,area_3,speed,Speed,Grid\G 06.ElmSym,4.939796661146987e-07,-1.2434558819465933e-05,1.244436695639006e-05
6,169,g6,area_3,speed,Speed,Grid\G 06.ElmSym,4.939796661146987e-07,1.2434558819465933e-05,1.244436695639006e-05
7,169,g6,area_3,speed,Speed,Grid\G 06.ElmSym,6.074439760516506e-08,-1.5388066943550608e-07,1.6543621812146783e-07
8,169,g6,area_3,speed,Speed,Grid\G 06.ElmSym,6.074439760516506e-08,1.5388066943550608e-07,1.6543621812146783e-07
9,169,g6,area_3,speed,Speed,Grid\G 06.ElmSym,8.892710857279384e-06,-0.00017753090967255908,0.00017775349278019125
10,169,g6,area_3,speed,Speed,Grid\G 06.ElmSym,8.892710857279384e-06,0.00017753090967255908,0.00017775349278019125
11,169,g6,area_3,speed,Speed,Grid\G 06.ElmSym,-0.0009257279805366459,0.001267688341978187,0.0015697152691924296
12,169,g6,area_3,speed,Speed,Grid\G 06.ElmSym,-0.0009257279805366459,-0.001267688341978187,0.0015697152691924296
13,169,g6,area_3,speed,Speed,Grid\G 06.ElmSym,0.03587073065132808,0.0,0.03587073065132808
14,169,g6,area_3,speed,Speed,Grid\G 06.ElmSym,-0.04942356956687301,0.005308959139170259,0.04970788947313007
15,169,g6,area_3,speed,Speed,Grid\G 06.ElmSym,-0.04942356956687301,-0.005308959139170259,0.04970788947313007
19,169,g6,area_3,speed,Speed,Grid\G 06.ElmSym,-1.2993217980805184e-10,-0.0,1.2993217980805184e-10
20,169,g6,area_3,speed,Speed,Grid\G 06.ElmSym,-1.2543525525407136e-12,0.0,1.2543525525407136e-12
21,169,g6,area_3,speed,Speed,Grid\G 06.ElmSym,-0.00159842153921843,-0.0,0.00159842153921843
22,169,g6,area_3,speed,Speed,Grid\G 06.ElmSym,0.0006472367919394758,-0.016306429259453345,0.01631926930528436
23,169,g6,area_3,speed,Speed,Grid\G 06.ElmSym,0.0006472367919394758,0.016306429259453345,0.01631926930528436
24,169,g6,area_3,speed,Speed,Grid\G 06.ElmSym,-0.009117539280846404,-0.0005182745519686019,0.00913225771915113
25,169,g6,area_3,speed,Speed,Grid\G 06.ElmSym,-0.009117539280846404,0.0005182745519686019,0.00913225771915113
26,169,g6,area_3,speed,Speed,Grid\G 06.ElmSym,0.08397714611300737,0.0,0.08397714611300737
27,169,g6,area_3,speed,Speed,Grid\G 06.ElmSym,-0.010534901192312244,-0.0035799615570880727,0.01112655687452369
28,169,g6,area_3,speed,Speed,Grid\G 06.ElmSym,-0.010534901192312244,0.0035799615570880727,0.01112655687452369
29,169,g6,area_3,speed,Speed,Grid\G 06.ElmSym,-3.011075961766804e-07,-1.5919548016252143e-06,1.6201808154934049e-06
30,169,g6,area_3,speed,Speed,Grid\G 06.ElmSym,-3.011075961766804e-07,1.5919548016252143e-06,1.6201808154934049e-06
31,169,g6,area_3,speed,Speed,Grid\G 06.ElmSym,7.928836273638421e-05,4.621329948288675e-05,9.177316336768294e-05
32,169,g6,area_3,speed,Speed,Grid\G 06.ElmSym,7.928836273638421e-05,-4.621329948288675e-05,9.177316336768294e-05
33,169,g6,area_3,speed,Speed,Grid\G 06.ElmSym,6.794589932229271e-08,9.799894697261937e-07,9.82342102329398e-07
34,169,g6,area_3,speed,Speed,Grid\G 06.ElmSym,6.794589932229271e-08,-9.799894697261937e-07,9.82342102329398e-07
35,169,g6,area_3,speed,Speed,Grid\G 06.ElmSym,0.2215490544892793,-0.022265095293298662,0.22266503545351102
36,169,g6,area_3,speed,Speed,Grid\G 06.ElmSym,0.2215490544892793,0.022265095293298662,0.22266503545351102
37,169,g6,area_3,speed,Speed,Grid\G 06.ElmSym,-0.17774060647066933,0.012714385212198158,0.17819477764481625
38,169,g6,area_3,speed,Speed,Grid\G 06.ElmSym,-0.17774060647066933,-0.012714385212198158,0.17819477764481625
39,169,g6,area_3,speed,Speed,Grid\G 06.ElmSym,-0.1702326244538835,-0.03914491424689493,0.17467532951122117
40,169,g6,area_3,speed,Speed,Grid\G 06.ElmSym,-0.1702326244538835,0.03914491424689493,0.17467532951122117
41,169,g6,area_3,speed,Speed,Grid\G 06.ElmSym,0.6461982927277172,0.0018309414349154118,0.6462008866217646
42,169,g6,area_3,speed,Speed,Grid\G 06.ElmSym,0.6461982927277172,-0.0018309414349154118,0.6462008866217646
43,169,g6,area_3,speed,Speed,Grid\G 06.ElmSym,-0.037828158391772955,-0.021338823072456343,0.04343172731345897
44,169,g6,area_3,speed,Speed,Grid\G 06.ElmSym,-0.037828158391772955,0.021338823072456343,0.04343172731345897
45,169,g6,area_3,speed,Speed,Grid\G 06.ElmSym,-0.0006765301304033832,0.004903691378964889,0.004950139609897704
46,169,g6,area_3,speed,Speed,Grid\G 06.ElmSym,-0.0006765301304033832,-0.004903691378964889,0.004950139609897704
47,169,g6,area_3,speed,Speed,Grid\G 06.ElmSym,0.036374766413457715,-0.013935641989671961,0.03895286573922283
48,169,g6,area_3,speed,Speed,Grid\G 06.ElmSym,0.036374766413457715,0.013935641989671961,0.03895286573922283
49,169,g6,area_3,speed,Speed,Grid\G 06.ElmSym,-0.0032219543652896128,0.001705456333111627,0.0036454864196920757
50,169,g6,area_3,speed,Speed,Grid\G 06.ElmSym,-0.0032219543652896128,-0.001705456333111627,0.0036454864196920757
51,169,g6,area_3,speed,Speed,Grid\G 06.ElmSym,0.00030824585831256573,0.0,0.00030824585831256573
52,169,g6,area_3,speed,Speed,Grid\G 06.ElmSym,9.810621127880591e-15,0.0,9.810621127880591e-15
53,169,g6,area_3,speed,Speed,Grid\G 06.ElmSym,1.1883374096257436e-14,-0.0,1.1883374096257436e-14
54,169,g6,area_3,speed,Speed,Grid\G 06.ElmSym,1.1304096151132559e-14,0.0,1.1304096151132559e-14
55,169,g6,area_3,speed,Speed,Grid\G 06.ElmSym,3.4936236862168884e-15,0.0,3.4936236862168884e-15
56,169,g6,area_3,speed,Speed,Grid\G 06.ElmSym,-5.2180382979121343e-14,-0.0,5.2180382979121343e-14
57,169,g6,area_3,speed,Speed,Grid\G 06.ElmSym,-0.0009519987984603698,0.0,0.0009519987984603698
58,169,g6,area_3,speed,Speed,Grid\G 06.ElmSym,2.6480326368443834e-05,0.0,2.6480326368443834e-05
59,169,g6,area_3,speed,Speed,Grid\G 06.ElmSym,2.350406199608911e-06,0.0,2.350406199608911e-06
60,169,g6,area_3,speed,Speed,Grid\G 06.ElmSym,0.0005951151320070648,-8.111342455803176e-05,0.0006006175222113635
61,169,g6,area_3,speed,Speed,Grid\G 06.ElmSym,0.0005951151320070648,8.111342455803176e-05,0.0006006175222113635
62,169,g6,area_3,speed,Speed,Grid\G 06.ElmSym,-2.1363115864333726e-06,0.0,2.1363115864333726e-06
63,169,g6,area_3,speed,Speed,Grid\G 06.ElmSym,1.1768747473779468e-05,0.0,1.1768747473779468e-05
64,169,g6,area_3,speed,Speed,Grid\G 06.ElmSym,-7.3760541600317884e-06,-0.0,7.3760541600317884e-06
65,169,g6,area_3,speed,Speed,Grid\G 06.ElmSym,-3.4441668973835445e-05,1.6696812990998528e-06,3.4482117065862164e-05
66,169,g6,area_3,speed,Speed,Grid\G 06.ElmSym,-3.4441668973835445e-05,-1.6696812990998528e-06,3.4482117065862164e-05
67,169,g6,area_3,speed,Speed,Grid\G 06.ElmSym,7.553775504964583e-06,0.0,7.553775504964583e-06
68,169,g6,area_3,speed,Speed,Grid\G 06.ElmSym,0.00027336740855602083,0.00011657481097854227,0.00029718584524724133
69,169,g6,area_3,speed,Speed,Grid\G 06.ElmSym,0.00027336740855602083,-0.00011657481097854227,0.00029718584524724133
70,169,g6,area_3,speed,Speed,Grid\G 06.ElmSym,7.234630127461069e-05,1.4011104515001073e-05,7.369055813228055e-05
71,169,g6,area_3,speed,Speed,Grid\G 06.ElmSym,7.234630127461069e-05,-1.4011104515001073e-05,7.369055813228055e-05
72,169,g6,area_3,speed,Speed,Grid\G 06.ElmSym,0.0017682588767219355,0.0013972404640617067,0.0022536682030674555
73,169,g6,area_3,speed,Speed,Grid\G 06.ElmSym,0.0017682588767219355,-0.0013972404640617067,0.0022536682030674555
74,169,g6,area_3,speed,Speed,Grid\G 06.ElmSym,-6.305111584656021e-07,0.0,6.305111584656021e-07
75,169,g6,area_3,speed,Speed,Grid\G 06.ElmSym,0.0050486090105373626,0.011195695064768559,0.01228136966810144
76,169,g6,area_3,speed,Speed,Grid\G 06.ElmSym,0.0050486090105373626,-0.011195695064768559,0.01228136966810144
77,169,g6,area_3,speed,Speed,Grid\G 06.ElmSym,9.703749387094972e-07,0.0,9.703749387094972e-07
78,169,g6,area_3,speed,Speed,Grid\G 06.ElmSym,8.424208808506577e-08,-0.0,8.424208808506577e-08
79,169,g6,area_3,speed,Speed,Grid\G 06.ElmSym,1.2060164319375145e-08,0.0,1.2060164319375145e-08
80,169,g6,area_3,speed,Speed,Grid\G 06.ElmSym,4.296766881348009e-15,0.0,4.296766881348009e-15
81,169,g6,area_3,speed,Speed,Grid\G 06.ElmSym,1.4988594784811558e-14,0.0,1.4988594784811558e-14
85,169,g6,area_3,speed,Speed,Grid\G 06.ElmSym,-2.7051656235772268e-15,-0.0,2.7051656235772268e-15
89,169,g6,area_3,speed,Speed,Grid\G 06.ElmSym,1.341569465499887e-15,0.0,1.341569465499887e-15
91,169,g6,area_3,speed,Speed,Grid\G 06.ElmSym,-0.0020765544313507307,-0.0,0.0020765544313507307
92,169,g6,area_3,speed,Speed,Grid\G 06.ElmSym,0.0030175290199627577,0.0,0.0030175290199627577
93,169,g6,area_3,speed,Speed,Grid\G 06.ElmSym,0.00022340129734229797,-0.0,0.00022340129734229797
94,169,g6,area_3,speed,Speed,Grid\G 06.ElmSym,-0.003875955423764361,0.0037097594433671667,0.005365197626803717
95,169,g6,area_3,speed,Speed,Grid\G 06.ElmSym,-0.003875955423764361,-0.0037097594433671667,0.005365197626803717
96,169,g6,area_3,speed,Speed,Grid\G 06.ElmSym,-8.3575404030297e-06,0.0,8.3575404030297e-06
97,169,g6,area_3,speed,Speed,Grid\G 06.ElmSym,3.652214326520587e-05,-0.0,3.652214326520587e-05
98,169,g6,area_3,speed,Speed,Grid\G 06.ElmSym,-0.0003394685153302711,0.0,0.0003394685153302711
99,169,g6,area_3,speed,Speed,Grid\G 06.ElmSym,-0.008866145921949117,0.0,0.008866145921949117
100,169,g6,area_3,speed,Speed,Grid\G 06.ElmSym,-0.0081056967953684,0.0,0.0081056967953684
101,169,g6,area_3,speed,Speed,Grid\G 06.ElmSym,0.00017836031432631754,0.0,0.00017836031432631754
102,169,g6,area_3,speed,Speed,Grid\G 06.ElmSym,-6.155163666109149e-05,7.532965514656939e-06,6.201088247319201e-05
103,169,g6,area_3,speed,Speed,Grid\G 06.ElmSym,-6.155163666109149e-05,-7.532965514656939e-06,6.201088247319201e-05
104,169,g6,area_3,speed,Speed,Grid\G 06.ElmSym,3.1688423827261554e-05,-5.1627181151608924e-05,6.05765799489968e-05
105,169,g6,area_3,speed,Speed,Grid\G 06.ElmSym,3.1688423827261554e-05,5.1627181151608924e-05,6.05765799489968e-05
106,169,g6,area_3,speed,Speed,Grid\G 06.ElmSym,0.010324302789774649,-0.006393402074077844,0.012143591650569097
107,169,g6,area_3,speed,Speed,Grid\G 06.ElmSym,0.010324302789774649,0.006393402074077844,0.012143591650569097
108,169,g6,area_3,speed,Speed,Grid\G 06.ElmSym,-0.0005972042081956383,0.0,0.0005972042081956383
112,169,g6,area_3,speed,Speed,Grid\G 06.ElmSym,2.379734423654605e-06,0.0,2.379734423654605e-06
113,169,g6,area_3,speed,Speed,Grid\G 06.ElmSym,-6.151985968036264e-05,0.0,6.151985968036264e-05
114,169,g6,area_3,speed,Speed,Grid\G 06.ElmSym,-4.541866230489385e-06,-0.0,4.541866230489385e-06
115,169,g6,area_3,speed,Speed,Grid\G 06.ElmSym,3.8101578937434484e-06,0.0,3.8101578937434484e-06
116,169,g6,area_3,speed,Speed,Grid\G 06.ElmSym,3.8899168122950965e-08,0.0,3.8899168122950965e-08
117,169,g6,area_3,speed,Speed,Grid\G 06.ElmSym,7.686607766822052e-06,0.0,7.686607766822052e-06
118,169,g6,area_3,speed,Speed,Grid\G 06.ElmSym,3.232057277070386e-05,0.0,3.232057277070386e-05
119,169,g6,area_3,speed,Speed,Grid\G 06.ElmSym,-8.168337404437746e-05,-0.0,8.168337404437746e-05
120,169,g6,area_3,speed,Speed,Grid\G 06.ElmSym,-9.660565824506107e-07,-0.0,9.660565824506107e-07
121,169,g6,area_3,speed,Speed,Grid\G 06.ElmSym,-0.000372661268715999,0.0,0.000372661268715999
122,169,g6,area_3,speed,Speed,Grid\G 06.ElmSym,-4.36388344098937e-07,0.0,4.36388344098937e-07
123,169,g6,area_3,speed,Speed,Grid\G 06.ElmSym,-0.0024730186413318973,-0.0,0.0024730186413318973
124,169,g6,area_3,speed,Speed,Grid\G 06.ElmSym,2.4999795101536494e-06,0.0,2.4999795101536494e-06
125,169,g6,area_3,speed,Speed,Grid\G 06.ElmSym,-0.00034715474049709454,0.0,0.00034715474049709454
126,169,g6,area_3,speed,Speed,Grid\G 06.ElmSym,0.001869629607248162,0.0,0.001869629607248162
127,169,g6,area_3,speed,Speed,Grid\G 06.ElmSym,-0.014555460740286534,-0.0,0.014555460740286534
128,169,g6,area_3,speed,Speed,Grid\G 06.ElmSym,-0.008291661305856008,0.0,0.008291661305856008
129,169,g6,area_3,speed,Speed,Grid\G 06.ElmSym,-4.8232476119353926e-05,0.0,4.8232476119353926e-05
130,169,g6,area_3,speed,Speed,Grid\G 06.ElmSym,-3.717766883627045e-05,-0.0,3.717766883627045e-05
131,169,g6,area_3,speed,Speed,Grid\G 06.ElmSym,-2.6186059975351277e-06,0.0,2.6186059975351277e-06
132,169,g6,area_3,speed,Speed,Grid\G 06.ElmSym,0.04852776744974339,0.01606551417034328,0.05111795143796233
133,169,g6,area_3,speed,Speed,Grid\G 06.ElmSym,0.04852776744974339,-0.01606551417034328,0.05111795143796233
134,169,g6,area_3,speed,Speed,Grid\G 06.ElmSym,-9.38740638093012e-05,-0.0,9.38740638093012e-05
135,169,g6,area_3,speed,Speed,Grid\G 06.ElmSym,9.89327271061507e-07,0.0,9.89327271061507e-07
136,169,g6,area_3,speed,Speed,Grid\G 06.ElmSym,-4.1208448744479494e-07,0.0,4.1208448744479494e-07
140,169,g6,area_3,speed,Speed,Grid\G 06.ElmSym,-0.0001483118733597144,-0.0,0.0001483118733597144
141,169,g6,area_3,speed,Speed,Grid\G 06.ElmSym,1.6114924079920343e-05,0.0,1.6114924079920343e-05
142,169,g6,area_3,speed,Speed,Grid\G 06.ElmSym,-0.0017325949506305722,-0.0,0.0017325949506305722
143,169,g6,area_3,speed,Speed,Grid\G 06.ElmSym,-0.008665970192547163,0.0,0.008665970192547163
144,169,g6,area_3,speed,Speed,Grid\G 06.ElmSym,-0.00010546943230319287,0.0,0.00010546943230319287
145,169,g6,area_3,speed,Speed,Grid\G 06.ElmSym,-0.0021388735711722045,-0.0,0.0021388735711722045
146,169,g6,area_3,speed,Speed,Grid\G 06.ElmSym,8.668033789812441e-05,0.00014326948865458526,0.00016745037281976817
147,169,g6,area_3,speed,Speed,Grid\G 06.ElmSym,8.668033789812441e-05,-0.00014326948865458526,0.00016745037281976817
148,169,g6,area_3,speed,Speed,Grid\G 06.ElmSym,0.0010385995026064175,0.0020313912650510232,0.00228149937509084
149,169,g6,area_3,speed,Speed,Grid\G 06.ElmSym,0.0010385995026064175,-0.0020313912650510232,0.00228149937509084
150,169,g6,area_3,speed,Speed,Grid\G 06.ElmSym,-0.0033637082500952843,-0.0,0.0033637082500952843
151,169,g6,area_3,speed,Speed,Grid\G 06.ElmSym,-0.0012194505377397583,-0.0,0.0012194505377397583
152,169,g6,area_3,speed,Speed,Grid\G 06.ElmSym,-8.280129594246503e-06,0.0,8.280129594246503e-06
153,169,g6,area_3,speed,Speed,Grid\G 06.ElmSym,4.1509717587077265e-06,1.9010261597162327e-05,1.945817598168271e-05
154,169,g6,area_3,speed,Speed,Grid\G 06.ElmSym,4.1509717587077265e-06,-1.9010261597162327e-05,1.945817598168271e-05
155,169,g6,area_3,speed,Speed,Grid\G 06.ElmSym,-9.003918073722612e-07,-0.0,9.003918073722612e-07
156,169,g6,area_3,speed,Speed,Grid\G 06.ElmSym,4.946406458727591e-06,0.0,4.946406458727591e-06
157,169,g6,area_3,speed,Speed,Grid\G 06.ElmSym,-6.320623660157099e-06,-0.0,6.320623660157099e-06
158,169,g6,area_3,speed,Speed,Grid\G 06.ElmSym,2.0090784791900796e-05,0.0,2.0090784791900796e-05
159,169,g6,area_3,speed,Speed,Grid\G 06.ElmSym,-1.605711817582323e-07,3.171460151133405e-05,3.1715007995066364e-05
160,169,g6,area_3,speed,Speed,Grid\G 06.ElmSym,-1.605711817582323e-07,-3.171460151133405e-05,3.1715007995066364e-05
161,169,g6,area_3,speed,Speed,Grid\G 06.ElmSym,-0.0001801649718760872,0.0,0.0001801649718760872
162,169,g6,area_3,speed,Speed,Grid\G 06.ElmSym,-0.0008100841059745481,-0.0,0.0008100841059745481
163,169,g6,area_3,speed,Speed,Grid\G 06.ElmSym,8.272451718722229e-05,-3.876878855572903e-05,9.13584408247966e-05
164,169,g6,area_3,speed,Speed,Grid\G 06.ElmSym,8.272451718722229e-05,3.876878855572903e-05,9.13584408247966e-05
165,169,g6,area_3,speed,Speed,Grid\G 06.ElmSym,1.6864511379970477e-07,-0.0,1.6864511379970477e-07
166,169,g6,area_3,speed,Speed,Grid\G 06.ElmSym,1.66359745034386e-07,0.0,1.66359745034386e-07
170,169,g6,area_3,speed,Speed,Grid\G 06.ElmSym,-1.6133264114419859e-06,-0.0,1.6133264114419859e-06
171,169,g6,area_3,speed,Speed,Grid\G 06.ElmSym,-5.1616576706404394e-05,-0.0,5.1616576706404394e-05
172,169,g6,area_3,speed,Speed,Grid\G 06.ElmSym,2.0456045701593893e-07,0.0,2.0456045701593893e-07
173,169,g6,area_3,speed,Speed,Grid\G 06.ElmSym,-1.4758713025205403e-06,0.0,1.4758713025205403e-06
174,169,g6,area_3,speed,Speed,Grid\G 06.ElmSym,2.4120449694664446e-07,0.0,2.4120449694664446e-07
1,170,g6,area_3,phi,Rotor position d-axis referred to the reference bus voltage,Grid\G 06.ElmSym,-8.36365915178486e-07,-0.0,8.36365915178486e-07
5,170,g6,area_3,phi,Rotor position d-axis referred to the reference bus voltage,Grid\G 06.ElmSym,-7.786163917467456e-09,9.668902515866827e-09,1.241418641760337e-08
6,170,g6,area_3,phi,Rotor position d-axis referred to the reference bus voltage,Grid\G 06.ElmSym,-7.786163917467456e-09,-9.668902515866827e-09,1.241418641760337e-08
7,170,g6,area_3,phi,Rotor position d-axis referred to the reference bus voltage,Grid\G 06.ElmSym,2.3743611621406924e-10,-2.1936992728895128e-10,3.232631656740074e-10
8,170,g6,area_3,phi,Rotor position d-axis referred to the reference bus voltage,Grid\G 06.ElmSym,2.3743611621406924e-10,2.1936992728895128e-10,3.232631656740074e-10
9,170,g6,area_3,phi,Rotor position d-axis referred to the reference bus voltage,Grid\G 06.ElmSym,1.6234450151338975e-07,-1.3456023210510374e-07,2.108606014309226e-07
10,170,g6,area_3,phi,Rotor position d-axis referred to the reference bus voltage,Grid\G 06.ElmSym,1.6234450151338975e-07,1.3456023210510374e-07,2.108606014309226e-07
11,170,g6,area_3,phi,Rotor position d-axis referred to the reference bus voltage,Grid\G 06.ElmSym,1.593507113081978e-05,-2.524618626211648e-05,2.985458780029905e-05
12,170,g6,area_3,phi,Rotor position d-axis referred to the reference bus voltage,Grid\G 06.ElmSym,1.593507113081978e-05,2.524618626211648e-05,2.985458780029905e-05
13,170,g6,area_3,phi,Rotor position d-axis referred to the reference bus voltage,Grid\G 06.ElmSym,-8.756575159041483e-06,-0.0,8.756575159041483e-06
14,170,g6,area_3,phi,Rotor position d-axis referred to the reference bus voltage,Grid\G 06.ElmSym,-0.0018817430228027523,-0.05695894289340528,0.05699001783065233
15,170,g6,area_3,phi,Rotor position d-axis referred to the reference bus voltage,Grid\G 06.ElmSym,-0.0018817430228027523,0.05695894289340528,0.05699001783065233
19,170,g6,area_3,phi,Rotor position d-axis referred to the reference bus voltage,Grid\G 06.ElmSym,1.1665111874015335e-10,0.0,1.1665111874015335e-10
20,170,g6,area_3,phi,Rotor position d-axis referred to the reference bus voltage,Grid\G 06.ElmSym,-3.061492198582512e-11,0.0,3.061492198582512e-11
21,170,g6,area_3,phi,Rotor position d-axis referred to the reference bus voltage,Grid\G 06.ElmSym,3.7541774234847798e-06,0.0,3.7541774234847798e-06
22,170,g6,area_3,phi,Rotor position d-axis referred to the reference bus voltage,Grid\G 06.ElmSym,0.0006456751058508093,-0.0031050188006036465,0.0031714410122872477
23,170,g6,area_3,phi,Rotor position d-axis referred to the reference bus voltage,Grid\G 06.ElmSym,0.0006456751058508093,0.0031050188006036465,0.0031714410122872477
24,170,g6,area_3,phi,Rotor position d-axis referred to the reference bus voltage,Grid\G 06.ElmSym,1.4866875604503287e-05,-9.153862962273449e-05,9.273804345277044e-05
25,170,g6,area_3,phi,Rotor position d-axis referred to the reference bus voltage,Grid\G 06.ElmSym,1.4866875604503287e-05,9.153862962273449e-05,9.273804345277044e-05
26,170,g6,area_3,phi,Rotor position d-axis referred to the reference bus voltage,Grid\G 06.ElmSym,-0.0002922842729459336,0.0,0.0002922842729459336
27,170,g6,area_3,phi,Rotor position d-axis referred to the reference bus voltage,Grid\G 06.ElmSym,0.0005670337848201538,0.0007174183763224295,0.0009144487081365361
28,170,g6,area_3,phi,Rotor position d-axis referred to the reference bus voltage,Grid\G 06.ElmSym,0.0005670337848201538,-0.0007174183763224295,0.0009144487081365361
29,170,g6,area_3,phi,Rotor position d-axis referred to the reference bus voltage,Grid\G 06.ElmSym,5.061956179920543e-06,3.1050850984087996e-08,5.062051414474434e-06
30,170,g6,area_3,phi,Rotor position d-axis referred to the reference bus voltage,Grid\G 06.ElmSym,5.061956179920543e-06,-3.1050850984087996e-08,5.062051414474434e-06
31,170,g6,area_3,phi,Rotor position d-axis referred to the reference bus voltage,Grid\G 06.ElmSym,-3.0469386451434434e-05,-3.165023595724673e-05,4.393314178244313e-05
32,170,g6,area_3,phi,Rotor position d-axis referred to the reference bus voltage,Grid\G 06.ElmSym,-3.0469386451434434e-05,3.165023595724673e-05,4.393314178244313e-05
33,170,g6,area_3,phi,Rotor position d-axis referred to the reference bus voltage,Grid\G 06.ElmSym,-2.1355990160162074e-07,-9.021884093483145e-07,9.271201419096317e-07
34,170,g6,area_3,phi,Rotor position d-axis referred to the reference bus voltage,Grid\G 06.ElmSym,-2.1355990160162074e-07,9.021884093483145e-07,9.271201419096317e-07
35,170,g6,area_3,phi,Rotor position d-axis referred to the reference bus voltage,Grid\G 06.ElmSym,-0.7450623120330325,0.16136795917485855,0.7623368461908862
36,170,g6,area_3,phi,Rotor position d-axis referred to the reference bus voltage,Grid\G 06.ElmSym,-0.7450623120330325,-0.16136795917485855,0.7623368461908862
37,170,g6,area_3,phi,Rotor position d-axis referred to the reference bus voltage,Grid\G 06.ElmSym,-0.007538923990223596,-0.020643837080919634,0.0219773379724188
38,170,g6,area_3,phi,Rotor position d-axis referred to the reference bus voltage,Grid\G 06.ElmSym,-0.007538923990223596,0.020643837080919634,0.0219773379724188
39,170,g6,area_3,phi,Rotor position d-axis referred to the reference bus voltage,Grid\G 06.ElmSym,0.06765576627750831,-0.001036033060028873,0.06766369835516164
40,170,g6,area_3,phi,Rotor position d-axis referred to the reference bus voltage,Grid\G 06.ElmSym,0.06765576627750831,0.001036033060028873,0.06766369835516164
41,170,g6,area_3,phi,Rotor position d-axis referred to the reference bus voltage,Grid\G 06.ElmSym,-0.6467180110121163,0.0896614617047608,0.6529037934355276
42,170,g6,area_3,phi,Rotor position d-axis referred to the reference bus voltage,Grid\G 06.ElmSym,-0.6467180110121163,-0.0896614617047608,0.6529037934355276
43,170,g6,area_3,phi,Rotor position d-axis referred to the reference bus voltage,Grid\G 06.ElmSym,0.03354007003223948,0.0047510090324815665,0.03387489313037386
44,170,g6,area_3,phi,Rotor position d-axis referred to the reference bus voltage,Grid\G 06.ElmSym,0.03354007003223948,-0.0047510090324815665,0.03387489313037386
45,170,g6,area_3,phi,Rotor position d-axis referred to the reference bus voltage,Grid\G 06.ElmSym,-0.0007870082081791579,0.0001985903923660298,0.0008116773149974456
46,170,g6,area_3,phi,Rotor position d-axis referred to the reference bus voltage,Grid\G 06.ElmSym,-0.0007870082081791579,-0.0001985903923660298,0.0008116773149974456
47,170,g6,area_3,phi,Rotor position d-axis referred to the reference bus voltage,Grid\G 06.ElmSym,-0.0008123880200612231,-0.0007725603121556106,0.0011210815006309617
48,170,g6,area_3,phi,Rotor position d-axis referred to the reference bus voltage,Grid\G 06.ElmSym,-0.0008123880200612231,0.0007725603121556106,0.0011210815006309617
49,170,g6,area_3,phi,Rotor position d-axis referred to the reference bus voltage,Grid\G 06.ElmSym,-0.0007363047170354872,6.16352754696403e-05,0.0007388799249613751
50,170,g6,area_3,phi,Rotor position d-axis referred to the reference bus voltage,Grid\G 06.ElmSym,-0.0007363047170354872,-6.16352754696403e-05,0.0007388799249613751
51,170,g6,area_3,phi,Rotor position d-axis referred to the reference bus voltage,Grid\G 06.ElmSym,0.0008143095415455737,0.0,0.0008143095415455737
52,170,g6,area_3,phi,Rotor position d-axis referred to the reference bus voltage,Grid\G 06.ElmSym,-2.012648927126821e-14,-0.0,2.012648927126821e-14
53,170,g6,area_3,phi,Rotor position d-axis referred to the reference bus voltage,Grid\G 06.ElmSym,-2.410075677334456e-15,0.0,2.410075677334456e-15
54,170,g6,area_3,phi,Rotor position d-axis referred to the reference bus voltage,Grid\G 06.ElmSym,1.7510039860772922e-15,0.0,1.7510039860772922e-15
55,170,g6,area_3,phi,Rotor position d-axis referred to the reference bus voltage,Grid\G 06.ElmSym,-3.0531371063733562e-15,-0.0,3.0531371063733562e-15
56,170,g6,area_3,phi,Rotor position d-axis referred to the reference bus voltage,Grid\G 06.ElmSym,4.135853280783109e-15,0.0,4.135853280783109e-15
57,170,g6,area_3,phi,Rotor position d-axis referred to the reference bus voltage,Grid\G 06.ElmSym,0.0005935324750231654,0.0,0.0005935324750231654
58,170,g6,area_3,phi,Rotor position d-axis referred to the reference bus voltage,Grid\G 06.ElmSym,0.00148630832421813,0.0,0.00148630832421813
59,170,g6,area_3,phi,Rotor position d-axis referred to the reference bus voltage,Grid\G 06.ElmSym,-0.0008497247117488177,0.0,0.0008497247117488177
60,170,g6,area_3,phi,Rotor position d-axis referred to the reference bus voltage,Grid\G 06.ElmSym,-0.004279680543295537,-0.0274852897133641,0.027816484612190318
61,170,g6,area_3,phi,Rotor position d-axis referred to the reference bus voltage,Grid\G 06.ElmSym,-0.004279680543295537,0.0274852897133641,0.027816484612190318
62,170,g6,area_3,phi,Rotor position d-axis referred to the reference bus voltage,Grid\G 06.ElmSym,0.0005464999839509001,0.0,0.0005464999839509001
63,170,g6,area_3,phi,Rotor position d-axis referred to the reference bus voltage,Grid\G 06.ElmSym,0.0004799552610084492,0.0,0.0004799552610084492
64,170,g6,area_3,phi,Rotor position d-axis referred to the reference bus voltage,Grid\G 06.ElmSym,-1.100529165342108e-05,-0.0,1.100529165342108e-05
65,170,g6,area_3,phi,Rotor position d-axis referred to the reference bus voltage,Grid\G 06.ElmSym,0.001285199121360139,-0.0010913150774256794,0.0016860324373396528
66,170,g6,area_3,phi,Rotor position d-axis referred to the reference bus voltage,Grid\G 06.ElmSym,0.001285199121360139,0.0010913150774256794,0.0016860324373396528
67,170,g6,area_3,phi,Rotor position d-axis referred to the reference bus voltage,Grid\G 06.ElmSym,-8.198270898541911e-05,-0.0,8.198270898541911e-05
68,170,g6,area_3,phi,Rotor position d-axis referred to the reference bus voltage,Grid\G 06.ElmSym,-0.008386408933971953,-0.0031196211207811762,0.008947842798408373
69,170,g6,area_3,phi,Rotor position d-axis referred to the reference bus voltage,Grid\G 06.ElmSym,-0.008386408933971953,0.0031196211207811762,0.008947842798408373
70,170,g6,area_3,phi,Rotor position d-axis referred to the reference bus voltage,Grid\G 06.ElmSym,-0.007678754617288584,0.005455307571229971,0.009419323392327593
71,170,g6,area_3,phi,Rotor position d-axis referred to the reference bus voltage,Grid\G 06.ElmSym,-0.007678754617288584,-0.005455307571229971,0.009419323392327593
72,170,g6,area_3,phi,Rotor position d-axis referred to the reference bus voltage,Grid\G 06.ElmSym,-0.05995200372016519,-0.03981459910607587,0.07196836146557901
73,170,g6,area_3,phi,Rotor position d-axis referred to the reference bus voltage,Grid\G 06.ElmSym,-0.05995200372016519,0.03981459910607587,0.07196836146557901
74,170,g6,area_3,phi,Rotor position d-axis referred to the reference bus voltage,Grid\G 06.ElmSym,-0.00010662524949482054,0.0,0.00010662524949482054
75,170,g6,area_3,phi,Rotor position d-axis referred to the reference bus voltage,Grid\G 06.ElmSym,-0.001386233821060532,-0.0035091786915670714,0.0037730596729975614
76,170,g6,area_3,phi,Rotor position d-axis referred to the reference bus voltage,Grid\G 06.ElmSym,-0.001386233821060532,0.0035091786915670714,0.0037730596729975614
77,170,g6,area_3,phi,Rotor position d-axis referred to the reference bus voltage,Grid\G 06.ElmSym,-4.635051590383422e-06,0.0,4.635051590383422e-06
78,170,g6,area_3,phi,Rotor position d-axis referred to the reference bus voltage,Grid\G 06.ElmSym,-2.350634537476406e-06,0.0,2.350634537476406e-06
79,170,g6,area_3,phi,Rotor position d-axis referred to the reference bus voltage,Grid\G 06.ElmSym,-2.2998083843570414e-08,-0.0,2.2998083843570414e-08
80,170,g6,area_3,phi,Rotor position d-axis referred to the reference bus voltage,Grid\G 06.ElmSym,-3.947231863382627e-14,-0.0,3.947231863382627e-14
81,170,g6,area_3,phi,Rotor position d-axis referred to the reference bus voltage,Grid\G 06.ElmSym,1.1873388565479459e-14,0.0,1.1873388565479459e-14
85,170,g6,area_3,phi,Rotor position d-axis referred to the reference bus voltage,Grid\G 06.ElmSym,7.595053914582747e-15,0.0,7.595053914582747e-15
89,170,g6,area_3,phi,Rotor position d-axis referred to the reference bus voltage,Grid\G 06.ElmSym,-4.075443316413712e-15,-0.0,4.075443316413712e-15
90,170,g6,area_3,phi,Rotor position d-axis referred to the reference bus voltage,Grid\G 06.ElmSym,3.225278439379025e-15,0.0,3.225278439379025e-15
91,170,g6,area_3,phi,Rotor position d-axis referred to the reference bus voltage,Grid\G 06.ElmSym,-8.739154281834983e-05,-0.0,8.739154281834983e-05
92,170,g6,area_3,phi,Rotor position d-axis referred to the reference bus voltage,Grid\G 06.ElmSym,-0.00018371566149938547,-0.0,0.00018371566149938547
93,170,g6,area_3,phi,Rotor position d-axis referred to the reference bus voltage,Grid\G 06.ElmSym,-0.0009958296610886774,0.0,0.0009958296610886774
94,170,g6,area_3,phi,Rotor position d-axis referred to the reference bus voltage,Grid\G 06.ElmSym,-0.017307243585893438,-0.025102810529518103,0.030490847430373832
95,170,g6,area_3,phi,Rotor position d-axis referred to the reference bus voltage,Grid\G 06.ElmSym,-0.017307243585893438,0.025102810529518103,0.030490847430373832
96,170,g6,area_3,phi,Rotor position d-axis referred to the reference bus voltage,Grid\G 06.ElmSym,0.0005637795206101444,0.0,0.0005637795206101444
97,170,g6,area_3,phi,Rotor position d-axis referred to the reference bus voltage,Grid\G 06.ElmSym,0.0010115987463704217,-0.0,0.0010115987463704217
98,170,g6,area_3,phi,Rotor position d-axis referred to the reference bus voltage,Grid\G 06.ElmSym,-0.0015949179739139633,0.0,0.0015949179739139633
99,170,g6,area_3,phi,Rotor position d-axis referred to the reference bus voltage,Grid\G 06.ElmSym,-0.0030709237097797937,0.0,0.0030709237097797937
100,170,g6,area_3,phi,Rotor position d-axis referred to the reference bus voltage,Grid\G 06.ElmSym,-0.004314880958557985,0.0,0.004314880958557985
101,170,g6,area_3,phi,Rotor position d-axis referred to the reference bus voltage,Grid\G 06.ElmSym,3.3485152322458615e-06,0.0,3.3485152322458615e-06
102,170,g6,area_3,phi,Rotor position d-axis referred to the reference bus voltage,Grid\G 06.ElmSym,-4.005094945166164e-05,5.081550008722229e-06,4.037202871383479e-05
103,170,g6,area_3,phi,Rotor position d-axis referred to the reference bus voltage,Grid\G 06.ElmSym,-4.005094945166164e-05,-5.081550008722229e-06,4.037202871383479e-05
104,170,g6,area_3,phi,Rotor position d-axis referred to the reference bus voltage,Grid\G 06.ElmSym,-7.570518068607626e-05,0.0001012221829220984,0.00012640096794813797
105,170,g6,area_3,phi,Rotor position d-axis referred to the reference bus voltage,Grid\G 06.ElmSym,-7.570518068607626e-05,-0.0001012221829220984,0.00012640096794813797
106,170,g6,area_3,phi,Rotor position d-axis referred to the reference bus voltage,Grid\G 06.ElmSym,0.004574720509000866,-0.002264456056547959,0.005104491058617879
107,170,g6,area_3,phi,Rotor position d-axis referred to the reference bus voltage,Grid\G 06.ElmSym,0.004574720509000866,0.002264456056547959,0.005104491058617879
108,170,g6,area_3,phi,Rotor position d-axis referred to the reference bus voltage,Grid\G 06.ElmSym,-0.0003098200961521868,0.0,0.0003098200961521868
112,170,g6,area_3,phi,Rotor position d-axis referred to the reference bus voltage,Grid\G 06.ElmSym,-2.0515556676111484e-05,0.0,2.0515556676111484e-05
113,170,g6,area_3,phi,Rotor position d-axis referred to the reference bus voltage,Grid\G 06.ElmSym,-2.5624000442346173e-05,0.0,2.5624000442346173e-05
114,170,g6,area_3,phi,Rotor position d-axis referred to the reference bus voltage,Grid\G 06.ElmSym,-1.9368608665769057e-05,-0.0,1.9368608665769057e-05
115,170,g6,area_3,phi,Rotor position d-axis referred to the reference bus voltage,Grid\G 06.ElmSym,2.2943687392050772e-07,-0.0,2.2943687392050772e-07
116,170,g6,area_3,phi,Rotor position d-axis referred to the reference bus voltage,Grid\G 06.ElmSym,-2.3403251404404436e-07,-0.0,2.3403251404404436e-07
117,170,g6,area_3,phi,Rotor position d-axis referred to the reference bus voltage,Grid\G 06.ElmSym,2.0885479586930975e-06,0.0,2.0885479586930975e-06
118,170,g6,area_3,phi,Rotor position d-axis referred to the reference bus voltage,Grid\G 06.ElmSym,3.997670513166379e-06,-0.0,3.997670513166379e-06
119,170,g6,area_3,phi,Rotor position d-axis referred to the reference bus voltage,Grid\G 06.ElmSym,-4.9581614395567095e-05,-0.0,4.9581614395567095e-05
120,170,g6,area_3,phi,Rotor position d-axis referred to the reference bus voltage,Grid\G 06.ElmSym,-4.7800961374379487e-08,-0.0,4.7800961374379487e-08
121,170,g6,area_3,phi,Rotor position d-axis referred to the reference bus voltage,Grid\G 06.ElmSym,-0.00016697856646541578,0.0,0.00016697856646541578
122,170,g6,area_3,phi,Rotor position d-axis referred to the reference bus voltage,Grid\G 06.ElmSym,-7.172325388434629e-06,0.0,7.172325388434629e-06
123,170,g6,area_3,phi,Rotor position d-axis referred to the reference bus voltage,Grid\G 06.ElmSym,-0.0020264549456572713,-0.0,0.0020264549456572713
124,170,g6,area_3,phi,Rotor position d-axis referred to the reference bus voltage,Grid\G 06.ElmSym,3.562957136062485e-06,0.0,3.562957136062485e-06
125,170,g6,area_3,phi,Rotor position d-axis referred to the reference bus voltage,Grid\G 06.ElmSym,-1.1996848348558819e-06,0.0,1.1996848348558819e-06
126,170,g6,area_3,phi,Rotor position d-axis referred to the reference bus voltage,Grid\G 06.ElmSym,0.000556455379008057,-0.0,0.000556455379008057
127,170,g6,area_3,phi,Rotor position d-axis referred to the reference bus voltage,Grid\G 06.ElmSym,-0.010446143570219849,-0.0,0.010446143570219849
128,170,g6,area_3,phi,Rotor position d-axis referred to the reference bus voltage,Grid\G 06.ElmSym,-0.0056045948650376345,0.0,0.0056045948650376345
129,170,g6,area_3,phi,Rotor position d-axis referred to the reference bus voltage,Grid\G 06.ElmSym,-1.4570927113230426e-05,0.0,1.4570927113230426e-05
130,170,g6,area_3,phi,Rotor position d-axis referred to the reference bus voltage,Grid\G 06.ElmSym,0.00018399401382570822,0.0,0.00018399401382570822
131,170,g6,area_3,phi,Rotor position d-axis referred to the reference bus voltage,Grid\G 06.ElmSym,6.004406107455233e-07,0.0,6.004406107455233e-07
132,170,g6,area_3,phi,Rotor position d-axis referred to the reference bus voltage,Grid\G 06.ElmSym,0.007385402399386346,0.0071662135283636855,0.010290713528952417
133,170,g6,area_3,phi,Rotor position d-axis referred to the reference bus voltage,Grid\G 06.ElmSym,0.007385402399386346,-0.0071662135283636855,0.010290713528952417
134,170,g6,area_3,phi,Rotor position d-axis referred to the reference bus voltage,Grid\G 06.ElmSym,-2.915372624460419e-05,-0.0,2.915372624460419e-05
135,170,g6,area_3,phi,Rotor position d-axis referred to the reference bus voltage,Grid\G 06.ElmSym,5.589349227723897e-06,0.0,5.589349227723897e-06
136,170,g6,area_3,phi,Rotor position d-axis referred to the reference bus voltage,Grid\G 06.ElmSym,-4.2812386167213883e-07,0.0,4.2812386167213883e-07
140,170,g6,area_3,phi,Rotor position d-axis referred to the reference bus voltage,Grid\G 06.ElmSym,-0.00027315043706452666,-0.0,0.00027315043706452666
141,170,g6,area_3,phi,Rotor position d-axis referred to the reference bus voltage,Grid\G 06.ElmSym,1.0831534463570721e-05,-0.0,1.0831534463570721e-05
142,170,g6,area_3,phi,Rotor position d-axis referred to the reference bus voltage,Grid\G 06.ElmSym,-0.0008427362182450459,-0.0,0.0008427362182450459
143,170,g6,area_3,phi,Rotor position d-axis referred to the reference bus voltage,Grid\G 06.ElmSym,-0.0075117006825706255,0.0,0.0075117006825706255
144,170,g6,area_3,phi,Rotor position d-axis referred to the reference bus voltage,Grid\G 06.ElmSym,-6.117074365027475e-05,0.0,6.117074365027475e-05
145,170,g6,area_3,phi,Rotor position d-axis referred to the reference bus voltage,Grid\G 06.ElmSym,-0.006999686438295378,-0.0,0.006999686438295378
146,170,g6,area_3,phi,Rotor position d-axis referred to the reference bus voltage,Grid\G 06.ElmSym,-9.249194581259288e-05,-5.6042136149463275e-05,0.0001081456474593157
147,170,g6,area_3,phi,Rotor position d-axis referred to the reference bus voltage,Grid\G 06.ElmSym,-9.249194581259288e-05,5.6042136149463275e-05,0.0001081456474593157
148,170,g6,area_3,phi,Rotor position d-axis referred to the reference bus voltage,Grid\G 06.ElmSym,-0.0005721211254607519,0.0012998608246911595,0.0014201974319668581
149,170,g6,area_3,phi,Rotor position d-axis referred to the reference bus voltage,Grid\G 06.ElmSym,-0.0005721211254607519,-0.0012998608246911595,0.0014201974319668581
150,170,g6,area_3,phi,Rotor position d-axis referred to the reference bus voltage,Grid\G 06.ElmSym,-0.001838705201089981,-0.0,0.001838705201089981
151,170,g6,area_3,phi,Rotor position d-axis referred to the reference bus voltage,Grid\G 06.ElmSym,-0.0010726970782314088,-0.0,0.0010726970782314088
152,170,g6,area_3,phi,Rotor position d-axis referred to the reference bus voltage,Grid\G 06.ElmSym,2.6159193607149684e-06,0.0,2.6159193607149684e-06
153,170,g6,area_3,phi,Rotor position d-axis referred to the reference bus voltage,Grid\G 06.ElmSym,8.454537673915841e-05,-5.5987115202106024e-05,0.00010140255320562751
154,170,g6,area_3,phi,Rotor position d-axis referred to the reference bus voltage,Grid\G 06.ElmSym,8.454537673915841e-05,5.5987115202106024e-05,0.00010140255320562751
155,170,g6,area_3,phi,Rotor position d-axis referred to the reference bus voltage,Grid\G 06.ElmSym,5.741805516963442e-07,0.0,5.741805516963442e-07
156,170,g6,area_3,phi,Rotor position d-axis referred to the reference bus voltage,Grid\G 06.ElmSym,4.219064803867414e-06,0.0,4.219064803867414e-06
157,170,g6,area_3,phi,Rotor position d-axis referred to the reference bus voltage,Grid\G 06.ElmSym,4.572009245484553e-06,0.0,4.572009245484553e-06
158,170,g6,area_3,phi,Rotor position d-axis referred to the reference bus voltage,Grid\G 06.ElmSym,-4.690864278708759e-06,-0.0,4.690864278708759e-06
159,170,g6,area_3,phi,Rotor position d-axis referred to the reference bus voltage,Grid\G 06.ElmSym,-1.1521947313970105e-05,2.7499029025072807e-05,2.9815295860140306e-05
160,170,g6,area_3,phi,Rotor position d-axis referred to the reference bus voltage,Grid\G 06.ElmSym,-1.1521947313970105e-05,-2.7499029025072807e-05,2.9815295860140306e-05
161,170,g6,area_3,phi,Rotor position d-axis referred to the reference bus voltage,Grid\G 06.ElmSym,-0.0008190264479828313,0.0,0.0008190264479828313
162,170,g6,area_3,phi,Rotor position d-axis referred to the reference bus voltage,Grid\G 06.ElmSym,-0.00036171737936957894,-0.0,0.00036171737936957894
163,170,g6,area_3,phi,Rotor position d-axis referred to the reference bus voltage,Grid\G 06.ElmSym,-5.1234088340927887e-05,5.0819018117832656e-05,7.216304047493153e-05
164,170,g6,area_3,phi,Rotor position d-axis referred to the reference bus voltage,Grid\G 06.ElmSym,-5.1234088340927887e-05,-5.0819018117832656e-05,7.216304047493153e-05
165,170,g6,area_3,phi,Rotor position d-axis referred to the reference bus voltage,Grid\G 06.ElmSym,1.6389251562086042e-07,0.0,1.6389251562086042e-07
166,170,g6,area_3,phi,Rotor position d-axis referred to the reference bus voltage,Grid\G 06.ElmSym,5.35961166587357e-06,0.0,5.35961166587357e-06
170,170,g6,area_3,phi,Rotor position d-axis referred to the reference bus voltage,Grid\G 06.ElmSym,-1.9942464865099075e-05,-0.0,1.9942464865099075e-05
171,170,g6,area_3,phi,Rotor position d-axis referred to the reference bus voltage,Grid\G 06.ElmSym,1.4544419902635078e-05,0.0,1.4544419902635078e-05
172,170,g6,area_3,phi,Rotor position d-axis referred to the reference bus voltage,Grid\G 06.ElmSym,3.1078008659085896e-06,0.0,3.1078008659085896e-06
173,170,g6,area_3,phi,Rotor position d-axis referred to the reference bus voltage,Grid\G 06.ElmSym,-6.390360502669116e-07,0.0,6.390360502669116e-07
174,170,g6,area_3,phi,Rotor position d-axis referred to the reference bus voltage,Grid\G 06.ElmSym,-3.4945854810317103e-07,0.0,3.4945854810317103e-07
1,171,g7,area_3,psi1d,Flux in 1d-damper winding,Grid\G 07.ElmSym,2.922795381114782e-07,0.0,2.922795381114782e-07
5,171,g7,area_3,psi1d,Flux in 1d-damper winding,Grid\G 07.ElmSym,7.052789110774863e-10,7.131575263427333e-09,7.166364774440336e-09
6,171,g7,area_3,psi1d,Flux in 1d-damper winding,Grid\G 07.ElmSym,7.052789110774863e-10,-7.131575263427333e-09,7.166364774440336e-09
7,171,g7,area_3,psi1d,Flux in 1d-damper winding,Grid\G 07.ElmSym,-1.6294393027591828e-10,1.6440682069075604e-10,2.3147424717105297e-10
8,171,g7,area_3,psi1d,Flux in 1d-damper winding,Grid\G 07.ElmSym,-1.6294393027591828e-10,-1.6440682069075604e-10,2.3147424717105297e-10
9,171,g7,area_3,psi1d,Flux in 1d-damper winding,Grid\G 07.ElmSym,-3.344149545783879e-07,5.20230902548689e-07,6.184444629975183e-07
10,171,g7,area_3,psi1d,Flux in 1d-damper winding,Grid\G 07.ElmSym,-3.344149545783879e-07,-5.20230902548689e-07,6.184444629975183e-07
11,171,g7,area_3,psi1d,Flux in 1d-damper winding,Grid\G 07.ElmSym,1.4274556399434006e-05,2.4230023880662052e-05,2.8122180172562646e-05
12,171,g7,area_3,psi1d,Flux in 1d-damper winding,Grid\G 07.ElmSym,1.4274556399434006e-05,-2.4230023880662052e-05,2.8122180172562646e-05
13,171,g7,area_3,psi1d,Flux in 1d-damper winding,Grid\G 07.ElmSym,-1.7335565739686932e-05,-0.0,1.7335565739686932e-05
14,171,g7,area_3,psi1d,Flux in 1d-damper winding,Grid\G 07.ElmSym,-4.919942084717245e-05,0.001009868186232835,0.0010110659407659291
15,171,g7,area_3,psi1d,Flux in 1d-damper winding,Grid\G 07.ElmSym,-4.919942084717245e-05,-0.001009868186232835,0.0010110659407659291
19,171,g7,area_3,psi1d,Flux in 1d-damper winding,Grid\G 07.ElmSym,-1.1561041045082664e-10,-0.0,1.1561041045082664e-10
20,171,g7,area_3,psi1d,Flux in 1d-damper winding,Grid\G 07.ElmSym,-2.2279877821058765e-11,0.0,2.2279877821058765e-11
21,171,g7,area_3,psi1d,Flux in 1d-damper winding,Grid\G 07.ElmSym,1.6139378531142632e-06,0.0,1.6139378531142632e-06
22,171,g7,area_3,psi1d,Flux in 1d-damper winding,Grid\G 07.ElmSym,0.00304852580773793,0.00395298234879436,0.004991951427079793
23,171,g7,area_3,psi1d,Flux in 1d-damper winding,Grid\G 07.ElmSym,0.00304852580773793,-0.00395298234879436,0.004991951427079793
24,171,g7,area_3,psi1d,Flux in 1d-damper winding,Grid\G 07.ElmSym,0.00299726599996816,0.0016667482113207543,0.0034295266545845754
25,171,g7,area_3,psi1d,Flux in 1d-damper winding,Grid\G 07.ElmSym,0.00299726599996816,-0.0016667482113207543,0.0034295266545845754
26,171,g7,area_3,psi1d,Flux in 1d-damper winding,Grid\G 07.ElmSym,9.876359258740453e-06,-0.0,9.876359258740453e-06
27,171,g7,area_3,psi1d,Flux in 1d-damper winding,Grid\G 07.ElmSym,0.0031872118368057078,0.0019234903417692916,0.003722651526473323
28,171,g7,area_3,psi1d,Flux in 1d-damper winding,Grid\G 07.ElmSym,0.0031872118368057078,-0.0019234903417692916,0.003722651526473323
29,171,g7,area_3,psi1d,Flux in 1d-damper winding,Grid\G 07.ElmSym,3.3157610352362873e-08,1.0428572028489466e-07,1.0943006250395004e-07
30,171,g7,area_3,psi1d,Flux in 1d-damper winding,Grid\G 07.ElmSym,3.3157610352362873e-08,-1.0428572028489466e-07,1.0943006250395004e-07
31,171,g7,area_3,psi1d,Flux in 1d-damper winding,Grid\G 07.ElmSym,-5.276582168367487e-06,-1.6543609054922978e-06,5.529848947770186e-06
32,171,g7,area_3,psi1d,Flux in 1d-damper winding,Grid\G 07.ElmSym,-5.276582168367487e-06,1.6543609054922978e-06,5.529848947770186e-06
33,171,g7,area_3,psi1d,Flux in 1d-damper winding,Grid\G 07.ElmSym,-6.188951366132848e-09,-7.875727220637684e-08,7.900006990124563e-08
34,171,g7,area_3,psi1d,Flux in 1d-damper winding,Grid\G 07.ElmSym,-6.188951366132848e-09,7.875727220637684e-08,7.900006990124563e-08
35,171,g7,area_3,psi1d,Flux in 1d-damper winding,Grid\G 07.ElmSym,-0.0001177755757592057,-0.002883770191549575,0.0028861742157942037
36,171,g7,area_3,psi1d,Flux in 1d-damper winding,Grid\G 07.ElmSym,-0.0001177755757592057,0.002883770191549575,0.0028861742157942037
37,171,g7,area_3,psi1d,Flux in 1d-damper winding,Grid\G 07.ElmSym,2.1511325904288323e-05,0.0019257358215377007,0.001925855963330499
38,171,g7,area_3,psi1d,Flux in 1d-damper winding,Grid\G 07.ElmSym,2.1511325904288323e-05,-0.0019257358215377007,0.001925855963330499
39,171,g7,area_3,psi1d,Flux in 1d-damper winding,Grid\G 07.ElmSym,-0.0038469236263965097,0.0039273958671618885,0.005497568524786931
40,171,g7,area_3,psi1d,Flux in 1d-damper winding,Grid\G 07.ElmSym,-0.0038469236263965097,-0.0039273958671618885,0.005497568524786931
41,171,g7,area_3,psi1d,Flux in 1d-damper winding,Grid\G 07.ElmSym,-0.0017178376041986788,-0.025355875374856694,0.02541399972573509
42,171,g7,area_3,psi1d,Flux in 1d-damper winding,Grid\G 07.ElmSym,-0.0017178376041986788,0.025355875374856694,0.02541399972573509
43,171,g7,area_3,psi1d,Flux in 1d-damper winding,Grid\G 07.ElmSym,-0.00036993284118554186,0.0008553030273605641,0.0009318763735602234
44,171,g7,area_3,psi1d,Flux in 1d-damper winding,Grid\G 07.ElmSym,-0.00036993284118554186,-0.0008553030273605641,0.0009318763735602234
45,171,g7,area_3,psi1d,Flux in 1d-damper winding,Grid\G 07.ElmSym,0.0048072890532268675,-0.00141481915177934,0.0050111616690660145
46,171,g7,area_3,psi1d,Flux in 1d-damper winding,Grid\G 07.ElmSym,0.0048072890532268675,0.00141481915177934,0.0050111616690660145
47,171,g7,area_3,psi1d,Flux in 1d-damper winding,Grid\G 07.ElmSym,-2.418961266698475e-05,-0.00015898754587857168,0.0001608172164460935
48,171,g7,area_3,psi1d,Flux in 1d-damper winding,Grid\G 07.ElmSym,-2.418961266698475e-05,0.00015898754587857168,0.0001608172164460935
49,171,g7,area_3,psi1d,Flux in 1d-damper winding,Grid\G 07.ElmSym,0.034251432006383704,-0.016244376224956156,0.03790831509610849
50,171,g7,area_3,psi1d,Flux in 1d-damper winding,Grid\G 07.ElmSym,0.034251432006383704,0.016244376224956156,0.03790831509610849
51,171,g7,area_3,psi1d,Flux in 1d-damper winding,Grid\G 07.ElmSym,-1.8708323333496307e-05,-0.0,1.8708323333496307e-05
52,171,g7,area_3,psi1d,Flux in 1d-damper winding,Grid\G 07.ElmSym,4.277666208234944e-14,0.0,4.277666208234944e-14
53,171,g7,area_3,psi1d,Flux in 1d-damper winding,Grid\G 07.ElmSym,-3.235863179135736e-14,0.0,3.235863179135736e-14
54,171,g7,area_3,psi1d,Flux in 1d-damper winding,Grid\G 07.ElmSym,-1.289554340329733e-14,-0.0,1.289554340329733e-14
55,171,g7,area_3,psi1d,Flux in 1d-damper winding,Grid\G 07.ElmSym,-3.4126804504018273e-16,-0.0,3.4126804504018273e-16
56,171,g7,area_3,psi1d,Flux in 1d-damper winding,Grid\G 07.ElmSym,2.549194729593491e-15,0.0,2.549194729593491e-15
57,171,g7,area_3,psi1d,Flux in 1d-damper winding,Grid\G 07.ElmSym,0.00018017363000436232,0.0,0.00018017363000436232
58,171,g7,area_3,psi1d,Flux in 1d-damper winding,Grid\G 07.ElmSym,0.0010598401802573714,-0.0,0.0010598401802573714
59,171,g7,area_3,psi1d,Flux in 1d-damper winding,Grid\G 07.ElmSym,0.0014474590718100049,0.0,0.0014474590718100049
60,171,g7,area_3,psi1d,Flux in 1d-damper winding,Grid\G 07.ElmSym,-0.0019661942681284245,0.0002638243573722866,0.0019838153118584326
61,171,g7,area_3,psi1d,Flux in 1d-damper winding,Grid\G 07.ElmSym,-0.0019661942681284245,-0.0002638243573722866,0.0019838153118584326
62,171,g7,area_3,psi1d,Flux in 1d-damper winding,Grid\G 07.ElmSym,3.924856781670129e-05,0.0,3.924856781670129e-05
63,171,g7,area_3,psi1d,Flux in 1d-damper winding,Grid\G 07.ElmSym,-3.134478031519439e-05,-0.0,3.134478031519439e-05
64,171,g7,area_3,psi1d,Flux in 1d-damper winding,Grid\G 07.ElmSym,5.276007098403049e-06,0.0,5.276007098403049e-06
65,171,g7,area_3,psi1d,Flux in 1d-damper winding,Grid\G 07.ElmSym,7.816591782296961e-05,0.00015834636850552725,0.00017658845695003812
66,171,g7,area_3,psi1d,Flux in 1d-damper winding,Grid\G 07.ElmSym,7.816591782296961e-05,-0.00015834636850552725,0.00017658845695003812
67,171,g7,area_3,psi1d,Flux in 1d-damper winding,Grid\G 07.ElmSym,-1.2301642920045858e-05,-0.0,1.2301642920045858e-05
68,171,g7,area_3,psi1d,Flux in 1d-damper winding,Grid\G 07.ElmSym,-0.0015886521689668757,-0.0007839395709553923,0.0017715464896165957
69,171,g7,area_3,psi1d,Flux in 1d-damper winding,Grid\G 07.ElmSym,-0.0015886521689668757,0.0007839395709553923,0.0017715464896165957
70,171,g7,area_3,psi1d,Flux in 1d-damper winding,Grid\G 07.ElmSym,1.8797403914903317e-07,3.904765312816e-07,4.333660818242616e-07
71,171,g7,area_3,psi1d,Flux in 1d-damper winding,Grid\G 07.ElmSym,1.8797403914903317e-07,-3.904765312816e-07,4.333660818242616e-07
72,171,g7,area_3,psi1d,Flux in 1d-damper winding,Grid\G 07.ElmSym,-1.0064532053391725e-05,-2.3792512635786304e-05,2.583366917373141e-05
73,171,g7,area_3,psi1d,Flux in 1d-damper winding,Grid\G 07.ElmSym,-1.0064532053391725e-05,2.3792512635786304e-05,2.583366917373141e-05
74,171,g7,area_3,psi1d,Flux in 1d-damper winding,Grid\G 07.ElmSym,-3.264073514088886e-05,0.0,3.264073514088886e-05
75,171,g7,area_3,psi1d,Flux in 1d-damper winding,Grid\G 07.ElmSym,0.000140998891648718,-0.0005262617316653548,0.0005448229966343058
76,171,g7,area_3,psi1d,Flux in 1d-damper winding,Grid\G 07.ElmSym,0.000140998891648718,0.0005262617316653548,0.0005448229966343058
77,171,g7,area_3,psi1d,Flux in 1d-damper winding,Grid\G 07.ElmSym,-2.2602100549313496e-05,0.0,2.2602100549313496e-05
78,171,g7,area_3,psi1d,Flux in 1d-damper winding,Grid\G 07.ElmSym,-3.300133470173198e-07,0.0,3.300133470173198e-07
79,171,g7,area_3,psi1d,Flux in 1d-damper winding,Grid\G 07.ElmSym,-4.3413755232332745e-08,-0.0,4.3413755232332745e-08
80,171,g7,area_3,psi1d,Flux in 1d-damper winding,Grid\G 07.ElmSym,4.501045237903244e-16,0.0,4.501045237903244e-16
81,171,g7,area_3,psi1d,Flux in 1d-damper winding,Grid\G 07.ElmSym,-1.8693894993059984e-16,-0.0,1.8693894993059984e-16
85,171,g7,area_3,psi1d,Flux in 1d-damper winding,Grid\G 07.ElmSym,-1.992939915913485e-16,-0.0,1.992939915913485e-16
91,171,g7,area_3,psi1d,Flux in 1d-damper winding,Grid\G 07.ElmSym,-6.562879576531561e-05,-0.0,6.562879576531561e-05
92,171,g7,area_3,psi1d,Flux in 1d-damper winding,Grid\G 07.ElmSym,0.006275269403354903,0.0,0.006275269403354903
93,171,g7,area_3,psi1d,Flux in 1d-damper winding,Grid\G 07.ElmSym,3.220925311498313e-05,0.0,3.220925311498313e-05
94,171,g7,area_3,psi1d,Flux in 1d-damper winding,Grid\G 07.ElmSym,-0.0005903901464695021,-5.0502960263966364e-05,0.0005925462632096366
95,171,g7,area_3,psi1d,Flux in 1d-damper winding,Grid\G 07.ElmSym,-0.0005903901464695021,5.0502960263966364e-05,0.0005925462632096366
96,171,g7,area_3,psi1d,Flux in 1d-damper winding,Grid\G 07.ElmSym,5.052326900727898e-06,0.0,5.052326900727898e-06
97,171,g7,area_3,psi1d,Flux in 1d-damper winding,Grid\G 07.ElmSym,1.1550176571248865e-05,0.0,1.1550176571248865e-05
98,171,g7,area_3,psi1d,Flux in 1d-damper winding,Grid\G 07.ElmSym,-5.478034119736339e-06,0.0,5.478034119736339e-06
99,171,g7,area_3,psi1d,Flux in 1d-damper winding,Grid\G 07.ElmSym,1.3165106335295528e-07,0.0,1.3165106335295528e-07
100,171,g7,area_3,psi1d,Flux in 1d-damper winding,Grid\G 07.ElmSym,-3.9026620686208506e-06,0.0,3.9026620686208506e-06
101,171,g7,area_3,psi1d,Flux in 1d-damper winding,Grid\G 07.ElmSym,9.552699574239063e-07,0.0,9.552699574239063e-07
102,171,g7,area_3,psi1d,Flux in 1d-damper winding,Grid\G 07.ElmSym,-1.5900650012741187e-06,2.0398458303080845e-08,1.5901958386871743e-06
103,171,g7,area_3,psi1d,Flux in 1d-damper winding,Grid\G 07.ElmSym,-1.5900650012741187e-06,-2.0398458303080845e-08,1.5901958386871743e-06
104,171,g7,area_3,psi1d,Flux in 1d-damper winding,Grid\G 07.ElmSym,3.206449104847463e-07,-5.053012633429017e-07,5.9845010264491e-07
105,171,g7,area_3,psi1d,Flux in 1d-damper winding,Grid\G 07.ElmSym,3.206449104847463e-07,5.053012633429017e-07,5.9845010264491e-07
106,171,g7,area_3,psi1d,Flux in 1d-damper winding,Grid\G 07.ElmSym,0.0002477468968529204,-6.825434514207683e-05,0.0002569770038953395
107,171,g7,area_3,psi1d,Flux in 1d-damper winding,Grid\G 07.ElmSym,0.0002477468968529204,6.825434514207683e-05,0.0002569770038953395
108,171,g7,area_3,psi1d,Flux in 1d-damper winding,Grid\G 07.ElmSym,-5.771217449695561e-05,0.0,5.771217449695561e-05
112,171,g7,area_3,psi1d,Flux in 1d-damper winding,Grid\G 07.ElmSym,1.376534864482495e-07,0.0,1.376534864482495e-07
113,171,g7,area_3,psi1d,Flux in 1d-damper winding,Grid\G 07.ElmSym,-3.8518385787791484e-06,0.0,3.8518385787791484e-06
114,171,g7,area_3,psi1d,Flux in 1d-damper winding,Grid\G 07.ElmSym,-3.1114734217778414e-07,-0.0,3.1114734217778414e-07
115,171,g7,area_3,psi1d,Flux in 1d-damper winding,Grid\G 07.ElmSym,2.3219894256229404e-07,-0.0,2.3219894256229404e-07
116,171,g7,area_3,psi1d,Flux in 1d-damper winding,Grid\G 07.ElmSym,2.637970012904111e-09,0.0,2.637970012904111e-09
117,171,g7,area_3,psi1d,Flux in 1d-damper winding,Grid\G 07.ElmSym,5.665517102718188e-07,0.0,5.665517102718188e-07
118,171,g7,area_3,psi1d,Flux in 1d-damper winding,Grid\G 07.ElmSym,-2.0536009624019155e-06,0.0,2.0536009624019155e-06
119,171,g7,area_3,psi1d,Flux in 1d-damper winding,Grid\G 07.ElmSym,-0.00018659434986473681,-0.0,0.00018659434986473681
120,171,g7,area_3,psi1d,Flux in 1d-damper winding,Grid\G 07.ElmSym,-1.370858028540916e-06,-0.0,1.370858028540916e-06
121,171,g7,area_3,psi1d,Flux in 1d-damper winding,Grid\G 07.ElmSym,-0.00016435407095133372,0.0,0.00016435407095133372
122,171,g7,area_3,psi1d,Flux in 1d-damper winding,Grid\G 07.ElmSym,-2.3380169782701657e-06,0.0,2.3380169782701657e-06
123,171,g7,area_3,psi1d,Flux in 1d-damper winding,Grid\G 07.ElmSym,-0.0006140871786702347,-0.0,0.0006140871786702347
124,171,g7,area_3,psi1d,Flux in 1d-damper winding,Grid\G 07.ElmSym,6.097051587607139e-07,0.0,6.097051587607139e-07
125,171,g7,area_3,psi1d,Flux in 1d-damper winding,Grid\G 07.ElmSym,-8.123248108752522e-05,0.0,8.123248108752522e-05
126,171,g7,area_3,psi1d,Flux in 1d-damper winding,Grid\G 07.ElmSym,0.0003828064661857211,-0.0,0.0003828064661857211
127,171,g7,area_3,psi1d,Flux in 1d-damper winding,Grid\G 07.ElmSym,-0.002253342351992022,-0.0,0.002253342351992022
128,171,g7,area_3,psi1d,Flux in 1d-damper winding,Grid\G 07.ElmSym,-0.004282142497969466,0.0,0.004282142497969466
129,171,g7,area_3,psi1d,Flux in 1d-damper winding,Grid\G 07.ElmSym,-0.0002586989401477221,0.0,0.0002586989401477221
130,171,g7,area_3,psi1d,Flux in 1d-damper winding,Grid\G 07.ElmSym,-0.0014002240296972998,-0.0,0.0014002240296972998
131,171,g7,area_3,psi1d,Flux in 1d-damper winding,Grid\G 07.ElmSym,-3.0848951112210875e-06,0.0,3.0848951112210875e-06
132,171,g7,area_3,psi1d,Flux in 1d-damper winding,Grid\G 07.ElmSym,0.22999945861344223,0.026373843685225593,0.23150665345343585
133,171,g7,area_3,psi1d,Flux in 1d-damper winding,Grid\G 07.ElmSym,0.22999945861344223,-0.026373843685225593,0.23150665345343585
134,171,g7,area_3,psi1d,Flux in 1d-damper winding,Grid\G 07.ElmSym,0.0038122251239237712,0.0,0.0038122251239237712
135,171,g7,area_3,psi1d,Flux in 1d-damper winding,Grid\G 07.ElmSym,-0.0002523689249794509,-0.0,0.0002523689249794509
136,171,g7,area_3,psi1d,Flux in 1d-damper winding,Grid\G 07.ElmSym,6.065095377202298e-06,0.0,6.065095377202298e-06
140,171,g7,area_3,psi1d,Flux in 1d-damper winding,Grid\G 07.ElmSym,0.2525526436644477,0.0,0.2525526436644477
141,171,g7,area_3,psi1d,Flux in 1d-damper winding,Grid\G 07.ElmSym,1.0,0.0,1.0
142,171,g7,area_3,psi1d,Flux in 1d-damper winding,Grid\G 07.ElmSym,0.10791064757847765,0.0,0.10791064757847765
143,171,g7,area_3,psi1d,Flux in 1d-damper winding,Grid\G 07.ElmSym,0.2094405305558674,-0.0,0.2094405305558674
144,171,g7,area_3,psi1d,Flux in 1d-damper winding,Grid\G 07.ElmSym,-0.0005406612864123475,0.0,0.0005406612864123475
145,171,g7,area_3,psi1d,Flux in 1d-damper winding,Grid\G 07.ElmSym,7.67706860252226e-05,0.0,7.67706860252226e-05
146,171,g7,area_3,psi1d,Flux in 1d-damper winding,Grid\G 07.ElmSym,8.851330055742088e-05,-0.0009820398756569353,0.0009860207511791308
147,171,g7,area_3,psi1d,Flux in 1d-damper winding,Grid\G 07.ElmSym,8.851330055742088e-05,0.0009820398756569353,0.0009860207511791308
148,171,g7,area_3,psi1d,Flux in 1d-damper winding,Grid\G 07.ElmSym,0.0012764929154350057,-0.0007157032389942227,0.0014634429573654663
149,171,g7,area_3,psi1d,Flux in 1d-damper winding,Grid\G 07.ElmSym,0.0012764929154350057,0.0007157032389942227,0.0014634429573654663
150,171,g7,area_3,psi1d,Flux in 1d-damper winding,Grid\G 07.ElmSym,0.0009410545085514459,0.0,0.0009410545085514459
151,171,g7,area_3,psi1d,Flux in 1d-damper winding,Grid\G 07.ElmSym,-2.7709622566914618e-05,-0.0,2.7709622566914618e-05
152,171,g7,area_3,psi1d,Flux in 1d-damper winding,Grid\G 07.ElmSym,-0.0008473501558520689,0.0,0.0008473501558520689
153,171,g7,area_3,psi1d,Flux in 1d-damper winding,Grid\G 07.ElmSym,4.310904907540386e-05,-1.0660136332873714e-05,4.4407528852898726e-05
154,171,g7,area_3,psi1d,Flux in 1d-damper winding,Grid\G 07.ElmSym,4.310904907540386e-05,1.0660136332873714e-05,4.4407528852898726e-05
155,171,g7,area_3,psi1d,Flux in 1d-damper winding,Grid\G 07.ElmSym,-1.4751151165152358e-05,-0.0,1.4751151165152358e-05
156,171,g7,area_3,psi1d,Flux in 1d-damper winding,Grid\G 07.ElmSym,-9.220117477177853e-07,0.0,9.220117477177853e-07
157,171,g7,area_3,psi1d,Flux in 1d-damper winding,Grid\G 07.ElmSym,-0.00013771031913514535,-0.0,0.00013771031913514535
158,171,g7,area_3,psi1d,Flux in 1d-damper winding,Grid\G 07.ElmSym,0.00044241064014062385,0.0,0.00044241064014062385
159,171,g7,area_3,psi1d,Flux in 1d-damper winding,Grid\G 07.ElmSym,4.675867725021256e-07,-2.86950956080435e-06,2.907356618883643e-06
160,171,g7,area_3,psi1d,Flux in 1d-damper winding,Grid\G 07.ElmSym,4.675867725021256e-07,2.86950956080435e-06,2.907356618883643e-06
161,171,g7,area_3,psi1d,Flux in 1d-damper winding,Grid\G 07.ElmSym,8.068902606154649e-05,0.0,8.068902606154649e-05
162,171,g7,area_3,psi1d,Flux in 1d-damper winding,Grid\G 07.ElmSym,3.513234886351405e-05,0.0,3.513234886351405e-05
163,171,g7,area_3,psi1d,Flux in 1d-damper winding,Grid\G 07.ElmSym,-0.0008491253927326703,-0.0018615178563562327,0.002046035840868022
164,171,g7,area_3,psi1d,Flux in 1d-damper winding,Grid\G 07.ElmSym,-0.0008491253927326703,0.0018615178563562327,0.002046035840868022
165,171,g7,area_3,psi1d,Flux in 1d-damper winding,Grid\G 07.ElmSym,-1.8097992920598516e-06,0.0,1.8097992920598516e-06
166,171,g7,area_3,psi1d,Flux in 1d-damper winding,Grid\G 07.ElmSym,-6.705736020704815e-06,0.0,6.705736020704815e-06
170,171,g7,area_3,psi1d,Flux in 1d-damper winding,Grid\G 07.ElmSym,6.668096802248012e-05,0.0,6.668096802248012e-05
171,171,g7,area_3,psi1d,Flux in 1d-damper winding,Grid\G 07.ElmSym,0.00012315291094253559,0.0,0.00012315291094253559
172,171,g7,area_3,psi1d,Flux in 1d-damper winding,Grid\G 07.ElmSym,6.2816367377488626e-06,0.0,6.2816367377488626e-06
173,171,g7,area_3,psi1d,Flux in 1d-damper winding,Grid\G 07.ElmSym,-2.488752204411588e-07,0.0,2.488752204411588e-07
174,171,g7,area_3,psi1d,Flux in 1d-damper winding,Grid\G 07.ElmSym,3.856909415456941e-06,0.0,3.856909415456941e-06
1,172,g7,area_3,psifd,Field (excitation) flux,Grid\G 07.ElmSym,-8.749858530499727e-05,-0.0,8.749858530499727e-05
5,172,g7,area_3,psifd,Field (excitation) flux,Grid\G 07.ElmSym,2.2937532460309078e-07,-1.0122076458735477e-07,2.5071633915726746e-07
6,172,g7,area_3,psifd,Field (excitation) flux,Grid\G 07.ElmSym,2.2937532460309078e-07,1.0122076458735477e-07,2.5071633915726746e-07
7,172,g7,area_3,psifd,Field (excitation) flux,Grid\G 07.ElmSym,4.326589743729519e-09,5.5662058291848985e-09,7.049966393068651e-09
8,172,g7,area_3,psifd,Field (excitation) flux,Grid\G 07.ElmSym,4.326589743729519e-09,-5.5662058291848985e-09,7.049966393068651e-09
9,172,g7,area_3,psifd,Field (excitation) flux,Grid\G 07.ElmSym,-4.064730390967509e-06,1.8199571100424723e-06,4.453569021992252e-06
10,172,g7,area_3,psifd,Field (excitation) flux,Grid\G 07.ElmSym,-4.064730390967509e-06,-1.8199571100424723e-06,4.453569021992252e-06
11,172,g7,area_3,psifd,Field (excitation) flux,Grid\G 07.ElmSym,0.0001975268291916622,0.0006352027566257463,0.0006652062764853164
12,172,g7,area_3,psifd,Field (excitation) flux,Grid\G 07.ElmSym,0.0001975268291916622,-0.0006352027566257463,0.0006652062764853164
13,172,g7,area_3,psifd,Field (excitation) flux,Grid\G 07.ElmSym,0.00025837943757867695,0.0,0.00025837943757867695
14,172,g7,area_3,psifd,Field (excitation) flux,Grid\G 07.ElmSym,-0.001175018562871071,0.0017596622867549904,0.0021159111480682264
15,172,g7,area_3,psifd,Field (excitation) flux,Grid\G 07.ElmSym,-0.001175018562871071,-0.0017596622867549904,0.0021159111480682264
19,172,g7,area_3,psifd,Field (excitation) flux,Grid\G 07.ElmSym,-2.753867740181795e-09,-0.0,2.753867740181795e-09
20,172,g7,area_3,psifd,Field (excitation) flux,Grid\G 07.ElmSym,-5.310618747861264e-10,0.0,5.310618747861264e-10
21,172,g7,area_3,psifd,Field (excitation) flux,Grid\G 07.ElmSym,1.8292057989772703e-05,0.0,1.8292057989772703e-05
22,172,g7,area_3,psifd,Field (excitation) flux,Grid\G 07.ElmSym,0.0466268703258569,0.10598564185638522,0.11578869252260442
23,172,g7,area_3,psifd,Field (excitation) flux,Grid\G 07.ElmSym,0.0466268703258569,-0.10598564185638522,0.11578869252260442
24,172,g7,area_3,psifd,Field (excitation) flux,Grid\G 07.ElmSym,0.04630157968635964,0.059018255100635617,0.07501327026983969
25,172,g7,area_3,psifd,Field (excitation) flux,Grid\G 07.ElmSym,0.04630157968635964,-0.059018255100635617,0.07501327026983969
26,172,g7,area_3,psifd,Field (excitation) flux,Grid\G 07.ElmSym,0.0015292564594672508,-0.0,0.0015292564594672508
27,172,g7,area_3,psifd,Field (excitation) flux,Grid\G 07.ElmSym,0.0565741965044132,0.06508779596259141,0.08623839570277203
28,172,g7,area_3,psifd,Field (excitation) flux,Grid\G 07.ElmSym,0.0565741965044132,-0.06508779596259141,0.08623839570277203
29,172,g7,area_3,psifd,Field (excitation) flux,Grid\G 07.ElmSym,5.2384944410880586e-08,1.558394768022987e-07,1.6440840894232037e-07
30,172,g7,area_3,psifd,Field (excitation) flux,Grid\G 07.ElmSym,5.2384944410880586e-08,-1.558394768022987e-07,1.6440840894232037e-07
31,172,g7,area_3,psifd,Field (excitation) flux,Grid\G 07.ElmSym,-9.187562802532351e-06,-2.149830077937761e-06,9.435734185238687e-06
32,172,g7,area_3,psifd,Field (excitation) flux,Grid\G 07.ElmSym,-9.187562802532351e-06,2.149830077937761e-06,9.435734185238687e-06
33,172,g7,area_3,psifd,Field (excitation) flux,Grid\G 07.ElmSym,-4.6010101061628425e-08,-1.3036416546671783e-07,1.3824523513501307e-07
34,172,g7,area_3,psifd,Field (excitation) flux,Grid\G 07.ElmSym,-4.6010101061628425e-08,1.3036416546671783e-07,1.3824523513501307e-07
35,172,g7,area_3,psifd,Field (excitation) flux,Grid\G 07.ElmSym,0.0012076685341848557,-0.007169663915763383,0.0072706632402731826
36,172,g7,area_3,psifd,Field (excitation) flux,Grid\G 07.ElmSym,0.0012076685341848557,0.007169663915763383,0.0072706632402731826
37,172,g7,area_3,psifd,Field (excitation) flux,Grid\G 07.ElmSym,-0.0009269343876429944,0.00646734401414095,0.006533432938068613
38,172,g7,area_3,psifd,Field (excitation) flux,Grid\G 07.ElmSym,-0.0009269343876429944,-0.00646734401414095,0.006533432938068613
39,172,g7,area_3,psifd,Field (excitation) flux,Grid\G 07.ElmSym,-0.03245161322917621,-0.003141984865677218,0.03260336286446828
40,172,g7,area_3,psifd,Field (excitation) flux,Grid\G 07.ElmSym,-0.03245161322917621,0.003141984865677218,0.03260336286446828
41,172,g7,area_3,psifd,Field (excitation) flux,Grid\G 07.ElmSym,-0.003461672229220291,-0.05034080350845007,0.050459683634550605
42,172,g7,area_3,psifd,Field (excitation) flux,Grid\G 07.ElmSym,-0.003461672229220291,0.05034080350845007,0.050459683634550605
43,172,g7,area_3,psifd,Field (excitation) flux,Grid\G 07.ElmSym,-0.0008294332766702907,0.0018318736306895884,0.002010900434945467
44,172,g7,area_3,psifd,Field (excitation) flux,Grid\G 07.ElmSym,-0.0008294332766702907,-0.0018318736306895884,0.002010900434945467
45,172,g7,area_3,psifd,Field (excitation) flux,Grid\G 07.ElmSym,0.08604854324587048,0.047463994421682545,0.09827096499576034
46,172,g7,area_3,psifd,Field (excitation) flux,Grid\G 07.ElmSym,0.08604854324587048,-0.047463994421682545,0.09827096499576034
47,172,g7,area_3,psifd,Field (excitation) flux,Grid\G 07.ElmSym,-0.014014570751492756,0.0028009814049533167,0.014291735030411475
48,172,g7,area_3,psifd,Field (excitation) flux,Grid\G 07.ElmSym,-0.014014570751492756,-0.0028009814049533167,0.014291735030411475
49,172,g7,area_3,psifd,Field (excitation) flux,Grid\G 07.ElmSym,1.0,-5.551115123125783e-17,1.0
50,172,g7,area_3,psifd,Field (excitation) flux,Grid\G 07.ElmSym,1.0,5.551115123125783e-17,1.0
51,172,g7,area_3,psifd,Field (excitation) flux,Grid\G 07.ElmSym,0.002231009036345194,0.0,0.002231009036345194
52,172,g7,area_3,psifd,Field (excitation) flux,Grid\G 07.ElmSym,2.3820620335475465e-12,0.0,2.3820620335475465e-12
53,172,g7,area_3,psifd,Field (excitation) flux,Grid\G 07.ElmSym,-1.5758471670851251e-12,0.0,1.5758471670851251e-12
54,172,g7,area_3,psifd,Field (excitation) flux,Grid\G 07.ElmSym,-6.76417029627608e-13,-0.0,6.76417029627608e-13
55,172,g7,area_3,psifd,Field (excitation) flux,Grid\G 07.ElmSym,-1.2702017179970427e-14,-0.0,1.2702017179970427e-14
56,172,g7,area_3,psifd,Field (excitation) flux,Grid\G 07.ElmSym,9.27924404801568e-14,0.0,9.27924404801568e-14
57,172,g7,area_3,psifd,Field (excitation) flux,Grid\G 07.ElmSym,0.009096551250753374,0.0,0.009096551250753374
58,172,g7,area_3,psifd,Field (excitation) flux,Grid\G 07.ElmSym,0.04439043880998897,-0.0,0.04439043880998897
59,172,g7,area_3,psifd,Field (excitation) flux,Grid\G 07.ElmSym,0.0700677740071119,0.0,0.0700677740071119
60,172,g7,area_3,psifd,Field (excitation) flux,Grid\G 07.ElmSym,-0.07455037626868487,0.010303072272815926,0.07525896557926744
61,172,g7,area_3,psifd,Field (excitation) flux,Grid\G 07.ElmSym,-0.07455037626868487,-0.010303072272815926,0.07525896557926744
62,172,g7,area_3,psifd,Field (excitation) flux,Grid\G 07.ElmSym,0.001470219823190902,0.0,0.001470219823190902
63,172,g7,area_3,psifd,Field (excitation) flux,Grid\G 07.ElmSym,-0.0013043634130751678,-0.0,0.0013043634130751678
64,172,g7,area_3,psifd,Field (excitation) flux,Grid\G 07.ElmSym,0.00014734286372130228,0.0,0.00014734286372130228
65,172,g7,area_3,psifd,Field (excitation) flux,Grid\G 07.ElmSym,0.002909839320937854,0.00799023709985139,0.008503590640753917
66,172,g7,area_3,psifd,Field (excitation) flux,Grid\G 07.ElmSym,0.002909839320937854,-0.00799023709985139,0.008503590640753917
67,172,g7,area_3,psifd,Field (excitation) flux,Grid\G 07.ElmSym,-0.0008707512273219948,-0.0,0.0008707512273219948
68,172,g7,area_3,psifd,Field (excitation) flux,Grid\G 07.ElmSym,-0.11420594605890895,-0.06579781972839545,0.13180421539624917
69,172,g7,area_3,psifd,Field (excitation) flux,Grid\G 07.ElmSym,-0.11420594605890895,0.06579781972839545,0.13180421539624917
70,172,g7,area_3,psifd,Field (excitation) flux,Grid\G 07.ElmSym,-3.661217757516559e-05,1.1679418010421966e-05,3.842994082558061e-05
71,172,g7,area_3,psifd,Field (excitation) flux,Grid\G 07.ElmSym,-3.661217757516559e-05,-1.1679418010421966e-05,3.842994082558061e-05
72,172,g7,area_3,psifd,Field (excitation) flux,Grid\G 07.ElmSym,-0.0004328507503315223,-0.001956679414387078,0.0020039845565145258
73,172,g7,area_3,psifd,Field (excitation) flux,Grid\G 07.ElmSym,-0.0004328507503315223,0.001956679414387078,0.0020039845565145258
74,172,g7,area_3,psifd,Field (excitation) flux,Grid\G 07.ElmSym,-0.0016136643335959919,0.0,0.0016136643335959919
75,172,g7,area_3,psifd,Field (excitation) flux,Grid\G 07.ElmSym,0.014243492501892514,-0.03558067371893666,0.03832572792452738
76,172,g7,area_3,psifd,Field (excitation) flux,Grid\G 07.ElmSym,0.014243492501892514,0.03558067371893666,0.03832572792452738
77,172,g7,area_3,psifd,Field (excitation) flux,Grid\G 07.ElmSym,-0.0015060616597348184,0.0,0.0015060616597348184
78,172,g7,area_3,psifd,Field (excitation) flux,Grid\G 07.ElmSym,-2.4254400998506402e-05,0.0,2.4254400998506402e-05
79,172,g7,area_3,psifd,Field (excitation) flux,Grid\G 07.ElmSym,-3.031417492436217e-06,-0.0,3.031417492436217e-06
80,172,g7,area_3,psifd,Field (excitation) flux,Grid\G 07.ElmSym,5.5845775923097964e-14,0.0,5.5845775923097964e-14
81,172,g7,area_3,psifd,Field (excitation) flux,Grid\G 07.ElmSym,-2.5344489888316842e-14,-0.0,2.5344489888316842e-14
85,172,g7,area_3,psifd,Field (excitation) flux,Grid\G 07.ElmSym,-2.2500058828614804e-14,-0.0,2.2500058828614804e-14
89,172,g7,area_3,psifd,Field (excitation) flux,Grid\G 07.ElmSym,3.820887171575931e-15,0.0,3.820887171575931e-15
90,172,g7,area_3,psifd,Field (excitation) flux,Grid\G 07.ElmSym,-3.945916064342185e-15,0.0,3.945916064342185e-15
91,172,g7,area_3,psifd,Field (excitation) flux,Grid\G 07.ElmSym,-0.010232950337410004,-0.0,0.010232950337410004
92,172,g7,area_3,psifd,Field (excitation) flux,Grid\G 07.ElmSym,-0.5305126045962009,-0.0,0.5305126045962009
93,172,g7,area_3,psifd,Field (excitation) flux,Grid\G 07.ElmSym,-0.0007447728206274709,0.0,0.0007447728206274709
94,172,g7,area_3,psifd,Field (excitation) flux,Grid\G 07.ElmSym,0.009342468072988901,0.0010136664750017648,0.009397299049054439
95,172,g7,area_3,psifd,Field (excitation) flux,Grid\G 07.ElmSym,0.009342468072988901,-0.0010136664750017648,0.009397299049054439
96,172,g7,area_3,psifd,Field (excitation) flux,Grid\G 07.ElmSym,-0.00030993174233663877,0.0,0.00030993174233663877
97,172,g7,area_3,psifd,Field (excitation) flux,Grid\G 07.ElmSym,-0.0003297255385010078,0.0,0.0003297255385010078
98,172,g7,area_3,psifd,Field (excitation) flux,Grid\G 07.ElmSym,0.00010714002396522654,-0.0,0.00010714002396522654
99,172,g7,area_3,psifd,Field (excitation) flux,Grid\G 07.ElmSym,-2.4784688481360345e-06,-0.0,2.4784688481360345e-06
100,172,g7,area_3,psifd,Field (excitation) flux,Grid\G 07.ElmSym,6.703089767247555e-05,0.0,6.703089767247555e-05
101,172,g7,area_3,psifd,Field (excitation) flux,Grid\G 07.ElmSym,1.5138026570544953e-05,0.0,1.5138026570544953e-05
102,172,g7,area_3,psifd,Field (excitation) flux,Grid\G 07.ElmSym,2.1151984143922568e-06,1.9950679257959217e-07,2.124586381518274e-06
103,172,g7,area_3,psifd,Field (excitation) flux,Grid\G 07.ElmSym,2.1151984143922568e-06,-1.9950679257959217e-07,2.124586381518274e-06
104,172,g7,area_3,psifd,Field (excitation) flux,Grid\G 07.ElmSym,2.4332234865127325e-06,-3.069755411719509e-06,3.917138601466431e-06
105,172,g7,area_3,psifd,Field (excitation) flux,Grid\G 07.ElmSym,2.4332234865127325e-06,3.069755411719509e-06,3.917138601466431e-06
106,172,g7,area_3,psifd,Field (excitation) flux,Grid\G 07.ElmSym,0.0004288470662334269,-0.00030446565771038287,0.0005259364438238077
107,172,g7,area_3,psifd,Field (excitation) flux,Grid\G 07.ElmSym,0.0004288470662334269,0.00030446565771038287,0.0005259364438238077
108,172,g7,area_3,psifd,Field (excitation) flux,Grid\G 07.ElmSym,-6.396194283893786e-05,0.0,6.396194283893786e-05
112,172,g7,area_3,psifd,Field (excitation) flux,Grid\G 07.ElmSym,1.3396739274090103e-07,0.0,1.3396739274090103e-07
113,172,g7,area_3,psifd,Field (excitation) flux,Grid\G 07.ElmSym,-3.693880385100978e-06,0.0,3.693880385100978e-06
114,172,g7,area_3,psifd,Field (excitation) flux,Grid\G 07.ElmSym,-2.788390164816144e-07,-0.0,2.788390164816144e-07
115,172,g7,area_3,psifd,Field (excitation) flux,Grid\G 07.ElmSym,2.1473136641187548e-07,0.0,2.1473136641187548e-07
116,172,g7,area_3,psifd,Field (excitation) flux,Grid\G 07.ElmSym,2.319564058993801e-09,0.0,2.319564058993801e-09
117,172,g7,area_3,psifd,Field (excitation) flux,Grid\G 07.ElmSym,4.702870236598638e-07,0.0,4.702870236598638e-07
118,172,g7,area_3,psifd,Field (excitation) flux,Grid\G 07.ElmSym,-1.376207193634653e-06,0.0,1.376207193634653e-06
119,172,g7,area_3,psifd,Field (excitation) flux,Grid\G 07.ElmSym,-0.0004736990758545922,-0.0,0.0004736990758545922
120,172,g7,area_3,psifd,Field (excitation) flux,Grid\G 07.ElmSym,-2.2839006038096695e-06,-0.0,2.2839006038096695e-06
121,172,g7,area_3,psifd,Field (excitation) flux,Grid\G 07.ElmSym,-0.0003370399453205101,0.0,0.0003370399453205101
122,172,g7,area_3,psifd,Field (excitation) flux,Grid\G 07.ElmSym,-2.874772103002553e-05,0.0,2.874772103002553e-05
123,172,g7,area_3,psifd,Field (excitation) flux,Grid\G 07.ElmSym,-0.001592588700377344,-0.0,0.001592588700377344
124,172,g7,area_3,psifd,Field (excitation) flux,Grid\G 07.ElmSym,1.525803856934663e-06,0.0,1.525803856934663e-06
125,172,g7,area_3,psifd,Field (excitation) flux,Grid\G 07.ElmSym,-0.0001085637035859685,0.0,0.0001085637035859685
126,172,g7,area_3,psifd,Field (excitation) flux,Grid\G 07.ElmSym,0.00012611978123171685,0.0,0.00012611978123171685
127,172,g7,area_3,psifd,Field (excitation) flux,Grid\G 07.ElmSym,-0.0036110825288757863,-0.0,0.0036110825288757863
128,172,g7,area_3,psifd,Field (excitation) flux,Grid\G 07.ElmSym,-0.004812474629735235,0.0,0.004812474629735235
129,172,g7,area_3,psifd,Field (excitation) flux,Grid\G 07.ElmSym,-7.573841354794162e-05,0.0,7.573841354794162e-05
130,172,g7,area_3,psifd,Field (excitation) flux,Grid\G 07.ElmSym,-0.00021625197060240554,-0.0,0.00021625197060240554
131,172,g7,area_3,psifd,Field (excitation) flux,Grid\G 07.ElmSym,-3.00938634534664e-07,0.0,3.00938634534664e-07
132,172,g7,area_3,psifd,Field (excitation) flux,Grid\G 07.ElmSym,0.04629892712658864,0.018035323647181627,0.04968765995830106
133,172,g7,area_3,psifd,Field (excitation) flux,Grid\G 07.ElmSym,0.04629892712658864,-0.018035323647181627,0.04968765995830106
134,172,g7,area_3,psifd,Field (excitation) flux,Grid\G 07.ElmSym,0.00020131300492275315,0.0,0.00020131300492275315
135,172,g7,area_3,psifd,Field (excitation) flux,Grid\G 07.ElmSym,-1.790683020112821e-05,-0.0,1.790683020112821e-05
136,172,g7,area_3,psifd,Field (excitation) flux,Grid\G 07.ElmSym,2.71817598554535e-07,0.0,2.71817598554535e-07
140,172,g7,area_3,psifd,Field (excitation) flux,Grid\G 07.ElmSym,0.012731619328884187,0.0,0.012731619328884187
141,172,g7,area_3,psifd,Field (excitation) flux,Grid\G 07.ElmSym,0.037439236356781626,-0.0,0.037439236356781626
142,172,g7,area_3,psifd,Field (excitation) flux,Grid\G 07.ElmSym,0.0022314102871372828,0.0,0.0022314102871372828
143,172,g7,area_3,psifd,Field (excitation) flux,Grid\G 07.ElmSym,0.0038105464509591656,0.0,0.0038105464509591656
144,172,g7,area_3,psifd,Field (excitation) flux,Grid\G 07.ElmSym,-2.8829627864409774e-05,0.0,2.8829627864409774e-05
145,172,g7,area_3,psifd,Field (excitation) flux,Grid\G 07.ElmSym,4.416980539520431e-07,0.0,4.416980539520431e-07
146,172,g7,area_3,psifd,Field (excitation) flux,Grid\G 07.ElmSym,1.3728664898894302e-05,-1.894750888011902e-05,2.3398383120812465e-05
147,172,g7,area_3,psifd,Field (excitation) flux,Grid\G 07.ElmSym,1.3728664898894302e-05,1.894750888011902e-05,2.3398383120812465e-05
148,172,g7,area_3,psifd,Field (excitation) flux,Grid\G 07.ElmSym,0.0003114175107296869,-0.00013020083818320022,0.0003375398113596122
149,172,g7,area_3,psifd,Field (excitation) flux,Grid\G 07.ElmSym,0.0003114175107296869,0.00013020083818320022,0.0003375398113596122
150,172,g7,area_3,psifd,Field (excitation) flux,Grid\G 07.ElmSym,0.00039348557085900265,0.0,0.00039348557085900265
151,172,g7,area_3,psifd,Field (excitation) flux,Grid\G 07.ElmSym,4.496275587973391e-05,0.0,4.496275587973391e-05
152,172,g7,area_3,psifd,Field (excitation) flux,Grid\G 07.ElmSym,0.0011259318459771854,0.0,0.0011259318459771854
153,172,g7,area_3,psifd,Field (excitation) flux,Grid\G 07.ElmSym,4.704674286287104e-06,-4.6547268662333325e-06,6.618190261641429e-06
154,172,g7,area_3,psifd,Field (excitation) flux,Grid\G 07.ElmSym,4.704674286287104e-06,4.6547268662333325e-06,6.618190261641429e-06
155,172,g7,area_3,psifd,Field (excitation) flux,Grid\G 07.ElmSym,6.665754795580226e-06,0.0,6.665754795580226e-06
156,172,g7,area_3,psifd,Field (excitation) flux,Grid\G 07.ElmSym,3.924997195956699e-07,0.0,3.924997195956699e-07
157,172,g7,area_3,psifd,Field (excitation) flux,Grid\G 07.ElmSym,5.233955728576513e-05,0.0,5.233955728576513e-05
158,172,g7,area_3,psifd,Field (excitation) flux,Grid\G 07.ElmSym,-0.00015462816801996656,-0.0,0.00015462816801996656
159,172,g7,area_3,psifd,Field (excitation) flux,Grid\G 07.ElmSym,-5.983979380748776e-07,2.3922327962979814e-07,6.444438453496951e-07
160,172,g7,area_3,psifd,Field (excitation) flux,Grid\G 07.ElmSym,-5.983979380748776e-07,-2.3922327962979814e-07,6.444438453496951e-07
161,172,g7,area_3,psifd,Field (excitation) flux,Grid\G 07.ElmSym,-1.3266422502114523e-05,0.0,1.3266422502114523e-05
162,172,g7,area_3,psifd,Field (excitation) flux,Grid\G 07.ElmSym,-2.5642775319013363e-05,-0.0,2.5642775319013363e-05
163,172,g7,area_3,psifd,Field (excitation) flux,Grid\G 07.ElmSym,-9.548743168424537e-05,-0.00013539736154173935,0.000165681305892119
164,172,g7,area_3,psifd,Field (excitation) flux,Grid\G 07.ElmSym,-9.548743168424537e-05,0.00013539736154173935,0.000165681305892119
165,172,g7,area_3,psifd,Field (excitation) flux,Grid\G 07.ElmSym,-1.9676500796718965e-07,0.0,1.9676500796718965e-07
166,172,g7,area_3,psifd,Field (excitation) flux,Grid\G 07.ElmSym,-5.570747841456338e-07,0.0,5.570747841456338e-07
170,172,g7,area_3,psifd,Field (excitation) flux,Grid\G 07.ElmSym,6.93819119852406e-06,0.0,6.93819119852406e-06
171,172,g7,area_3,psifd,Field (excitation) flux,Grid\G 07.ElmSym,1.3093784551404242e-05,0.0,1.3093784551404242e-05
172,172,g7,area_3,psifd,Field (excitation) flux,Grid\G 07.ElmSym,7.759407536378173e-07,0.0,7.759407536378173e-07
173,172,g7,area_3,psifd,Field (excitation) flux,Grid\G 07.ElmSym,-3.295806075587201e-08,0.0,3.295806075587201e-08
174,172,g7,area_3,psifd,Field (excitation) flux,Grid\G 07.ElmSym,5.252319617268469e-07,0.0,5.252319617268469e-07
1,173,g7,area_3,psi1q,Flux in 1q-damper winding,Grid\G 07.ElmSym,1.924196825889586e-07,0.0,1.924196825889586e-07
5,173,g7,area_3,psi1q,Flux in 1q-damper winding,Grid\G 07.ElmSym,-2.558622438343363e-09,5.21862256752898e-10,2.6113002502618047e-09
6,173,g7,area_3,psi1q,Flux in 1q-damper winding,Grid\G 07.ElmSym,-2.558622438343363e-09,-5.21862256752898e-10,2.6113002502618047e-09
7,173,g7,area_3,psi1q,Flux in 1q-damper winding,Grid\G 07.ElmSym,-4.0617827171264454e-11,-4.8297804966332466e-11,6.310693978225055e-11
8,173,g7,area_3,psi1q,Flux in 1q-damper winding,Grid\G 07.ElmSym,-4.0617827171264454e-11,4.8297804966332466e-11,6.310693978225055e-11
9,173,g7,area_3,psi1q,Flux in 1q-damper winding,Grid\G 07.ElmSym,-8.882774085670449e-08,3.354203244649958e-08,9.494964711018087e-08
10,173,g7,area_3,psi1q,Flux in 1q-damper winding,Grid\G 07.ElmSym,-8.882774085670449e-08,-3.354203244649958e-08,9.494964711018087e-08
11,173,g7,area_3,psi1q,Flux in 1q-damper winding,Grid\G 07.ElmSym,-2.1885099454960317e-06,9.78897534136986e-07,2.3974603571017634e-06
12,173,g7,area_3,psi1q,Flux in 1q-damper winding,Grid\G 07.ElmSym,-2.1885099454960317e-06,-9.78897534136986e-07,2.3974603571017634e-06
13,173,g7,area_3,psi1q,Flux in 1q-damper winding,Grid\G 07.ElmSym,-7.370280723227051e-06,-0.0,7.370280723227051e-06
14,173,g7,area_3,psi1q,Flux in 1q-damper winding,Grid\G 07.ElmSym,-5.114001144817632e-05,2.0895716764439582e-05,5.524429156047968e-05
15,173,g7,area_3,psi1q,Flux in 1q-damper winding,Grid\G 07.ElmSym,-5.114001144817632e-05,-2.0895716764439582e-05,5.524429156047968e-05
19,173,g7,area_3,psi1q,Flux in 1q-damper winding,Grid\G 07.ElmSym,-7.273944586280995e-12,-0.0,7.273944586280995e-12
20,173,g7,area_3,psi1q,Flux in 1q-damper winding,Grid\G 07.ElmSym,-1.6015135640517074e-12,0.0,1.6015135640517074e-12
21,173,g7,area_3,psi1q,Flux in 1q-damper winding,Grid\G 07.ElmSym,4.235760211139436e-07,0.0,4.235760211139436e-07
22,173,g7,area_3,psi1q,Flux in 1q-damper winding,Grid\G 07.ElmSym,-0.0005544039356064241,0.0004246785652379868,0.0006983663849216162
23,173,g7,area_3,psi1q,Flux in 1q-damper winding,Grid\G 07.ElmSym,-0.0005544039356064241,-0.0004246785652379868,0.0006983663849216162
24,173,g7,area_3,psi1q,Flux in 1q-damper winding,Grid\G 07.ElmSym,-0.0005179335210940631,0.00030187572822221745,0.0005994865199173276
25,173,g7,area_3,psi1q,Flux in 1q-damper winding,Grid\G 07.ElmSym,-0.0005179335210940631,-0.00030187572822221745,0.0005994865199173276
26,173,g7,area_3,psi1q,Flux in 1q-damper winding,Grid\G 07.ElmSym,-2.7702428118053144e-05,0.0,2.7702428118053144e-05
27,173,g7,area_3,psi1q,Flux in 1q-damper winding,Grid\G 07.ElmSym,-0.0003432208649423822,0.0004686561994543896,0.0005808951673226672
28,173,g7,area_3,psi1q,Flux in 1q-damper winding,Grid\G 07.ElmSym,-0.0003432208649423822,-0.0004686561994543896,0.0005808951673226672
29,173,g7,area_3,psi1q,Flux in 1q-damper winding,Grid\G 07.ElmSym,-1.0225893413371368e-07,-1.05569741876102e-07,1.4697571231312335e-07
30,173,g7,area_3,psi1q,Flux in 1q-damper winding,Grid\G 07.ElmSym,-1.0225893413371368e-07,1.05569741876102e-07,1.4697571231312335e-07
31,173,g7,area_3,psi1q,Flux in 1q-damper winding,Grid\G 07.ElmSym,8.997156010331204e-06,-4.627999043624917e-07,9.009051005833901e-06
32,173,g7,area_3,psi1q,Flux in 1q-damper winding,Grid\G 07.ElmSym,8.997156010331204e-06,4.627999043624917e-07,9.009051005833901e-06
33,173,g7,area_3,psi1q,Flux in 1q-damper winding,Grid\G 07.ElmSym,4.021428836408919e-08,1.1040785819524912e-07,1.1750354947784495e-07
34,173,g7,area_3,psi1q,Flux in 1q-damper winding,Grid\G 07.ElmSym,4.021428836408919e-08,-1.1040785819524912e-07,1.1750354947784495e-07
35,173,g7,area_3,psi1q,Flux in 1q-damper winding,Grid\G 07.ElmSym,-0.00010679738630611332,-0.00047182914366619705,0.00048376484218532666
36,173,g7,area_3,psi1q,Flux in 1q-damper winding,Grid\G 07.ElmSym,-0.00010679738630611332,0.00047182914366619705,0.00048376484218532666
37,173,g7,area_3,psi1q,Flux in 1q-damper winding,Grid\G 07.ElmSym,0.00023154749828013322,-2.749499679050647e-05,0.00023317422415073725
38,173,g7,area_3,psi1q,Flux in 1q-damper winding,Grid\G 07.ElmSym,0.00023154749828013322,2.749499679050647e-05,0.00023317422415073725
39,173,g7,area_3,psi1q,Flux in 1q-damper winding,Grid\G 07.ElmSym,0.00039648499787826267,-0.0005746368016410287,0.0006981459785336852
40,173,g7,area_3,psi1q,Flux in 1q-damper winding,Grid\G 07.ElmSym,0.00039648499787826267,0.0005746368016410287,0.0006981459785336852
41,173,g7,area_3,psi1q,Flux in 1q-damper winding,Grid\G 07.ElmSym,-0.0032177265960430957,-0.024062805367112236,0.024276992535781867
42,173,g7,area_3,psi1q,Flux in 1q-damper winding,Grid\G 07.ElmSym,-0.0032177265960430957,0.024062805367112236,0.024276992535781867
43,173,g7,area_3,psi1q,Flux in 1q-damper winding,Grid\G 07.ElmSym,-0.00047021983388230573,0.0006435555961072649,0.00079703857965426
44,173,g7,area_3,psi1q,Flux in 1q-damper winding,Grid\G 07.ElmSym,-0.00047021983388230573,-0.0006435555961072649,0.00079703857965426
45,173,g7,area_3,psi1q,Flux in 1q-damper winding,Grid\G 07.ElmSym,-0.0008815488819496661,5.438773661104883e-05,0.0008832250320050826
46,173,g7,area_3,psi1q,Flux in 1q-damper winding,Grid\G 07.ElmSym,-0.0008815488819496661,-5.438773661104883e-05,0.0008832250320050826
47,173,g7,area_3,psi1q,Flux in 1q-damper winding,Grid\G 07.ElmSym,0.004098308521224257,-0.0005244481571964138,0.00413172828302226
48,173,g7,area_3,psi1q,Flux in 1q-damper winding,Grid\G 07.ElmSym,0.004098308521224257,0.0005244481571964138,0.00413172828302226
49,173,g7,area_3,psi1q,Flux in 1q-damper winding,Grid\G 07.ElmSym,0.0026042830459634646,0.003966907331946424,0.0047453813296449675
50,173,g7,area_3,psi1q,Flux in 1q-damper winding,Grid\G 07.ElmSym,0.0026042830459634646,-0.003966907331946424,0.0047453813296449675
51,173,g7,area_3,psi1q,Flux in 1q-damper winding,Grid\G 07.ElmSym,0.0011596977962506944,0.0,0.0011596977962506944
52,173,g7,area_3,psi1q,Flux in 1q-damper winding,Grid\G 07.ElmSym,6.561678324810964e-15,0.0,6.561678324810964e-15
53,173,g7,area_3,psi1q,Flux in 1q-damper winding,Grid\G 07.ElmSym,-1.7319920978510934e-15,0.0,1.7319920978510934e-15
54,173,g7,area_3,psi1q,Flux in 1q-damper winding,Grid\G 07.ElmSym,-3.0033093550125184e-15,-0.0,3.0033093550125184e-15
56,173,g7,area_3,psi1q,Flux in 1q-damper winding,Grid\G 07.ElmSym,2.403299743117918e-16,0.0,2.403299743117918e-16
57,173,g7,area_3,psi1q,Flux in 1q-damper winding,Grid\G 07.ElmSym,-0.00015333050275243059,0.0,0.00015333050275243059
58,173,g7,area_3,psi1q,Flux in 1q-damper winding,Grid\G 07.ElmSym,-2.3839900880042033e-05,0.0,2.3839900880042033e-05
59,173,g7,area_3,psi1q,Flux in 1q-damper winding,Grid\G 07.ElmSym,-2.6920223390606743e-05,0.0,2.6920223390606743e-05
60,173,g7,area_3,psi1q,Flux in 1q-damper winding,Grid\G 07.ElmSym,8.393823054759066e-05,1.653003384609869e-05,8.555038612661926e-05
61,173,g7,area_3,psi1q,Flux in 1q-damper winding,Grid\G 07.ElmSym,8.393823054759066e-05,-1.653003384609869e-05,8.555038612661926e-05
62,173,g7,area_3,psi1q,Flux in 1q-damper winding,Grid\G 07.ElmSym,-1.9365806957459004e-06,0.0,1.9365806957459004e-06
63,173,g7,area_3,psi1q,Flux in 1q-damper winding,Grid\G 07.ElmSym,1.9524274403426597e-06,0.0,1.9524274403426597e-06
64,173,g7,area_3,psi1q,Flux in 1q-damper winding,Grid\G 07.ElmSym,1.392261929962004e-07,0.0,1.392261929962004e-07
65,173,g7,area_3,psi1q,Flux in 1q-damper winding,Grid\G 07.ElmSym,6.177600517788428e-07,-2.2462461755048182e-05,2.247095493250289e-05
66,173,g7,area_3,psi1q,Flux in 1q-damper winding,Grid\G 07.ElmSym,6.177600517788428e-07,2.2462461755048182e-05,2.247095493250289e-05
67,173,g7,area_3,psi1q,Flux in 1q-damper winding,Grid\G 07.ElmSym,-2.3472905956239747e-06,-0.0,2.3472905956239747e-06
68,173,g7,area_3,psi1q,Flux in 1q-damper winding,Grid\G 07.ElmSym,0.00031135355376578594,0.0001881823816444866,0.000363804403772103
69,173,g7,area_3,psi1q,Flux in 1q-damper winding,Grid\G 07.ElmSym,0.00031135355376578594,-0.0001881823816444866,0.000363804403772103
70,173,g7,area_3,psi1q,Flux in 1q-damper winding,Grid\G 07.ElmSym,6.469954602720328e-07,-5.324770641502982e-07,8.379349315183968e-07
71,173,g7,area_3,psi1q,Flux in 1q-damper winding,Grid\G 07.ElmSym,6.469954602720328e-07,5.324770641502982e-07,8.379349315183968e-07
72,173,g7,area_3,psi1q,Flux in 1q-damper winding,Grid\G 07.ElmSym,-8.202836270308626e-06,1.4268718593942565e-06,8.32601262193506e-06
73,173,g7,area_3,psi1q,Flux in 1q-damper winding,Grid\G 07.ElmSym,-8.202836270308626e-06,-1.4268718593942565e-06,8.32601262193506e-06
74,173,g7,area_3,psi1q,Flux in 1q-damper winding,Grid\G 07.ElmSym,-3.5547744184866357e-06,0.0,3.5547744184866357e-06
75,173,g7,area_3,psi1q,Flux in 1q-damper winding,Grid\G 07.ElmSym,-4.547536428885761e-05,0.0002253937717102964,0.00022993555854412234
76,173,g7,area_3,psi1q,Flux in 1q-damper winding,Grid\G 07.ElmSym,-4.547536428885761e-05,-0.0002253937717102964,0.00022993555854412234
77,173,g7,area_3,psi1q,Flux in 1q-damper winding,Grid\G 07.ElmSym,5.006403017946961e-06,0.0,5.006403017946961e-06
78,173,g7,area_3,psi1q,Flux in 1q-damper winding,Grid\G 07.ElmSym,9.59276093349474e-08,0.0,9.59276093349474e-08
79,173,g7,area_3,psi1q,Flux in 1q-damper winding,Grid\G 07.ElmSym,1.0066487585250301e-08,0.0,1.0066487585250301e-08
80,173,g7,area_3,psi1q,Flux in 1q-damper winding,Grid\G 07.ElmSym,-3.461602926221884e-16,-0.0,3.461602926221884e-16
81,173,g7,area_3,psi1q,Flux in 1q-damper winding,Grid\G 07.ElmSym,2.725599077200558e-16,0.0,2.725599077200558e-16
85,173,g7,area_3,psi1q,Flux in 1q-damper winding,Grid\G 07.ElmSym,1.6351687176767923e-16,0.0,1.6351687176767923e-16
91,173,g7,area_3,psi1q,Flux in 1q-damper winding,Grid\G 07.ElmSym,4.000894055843634e-05,0.0,4.000894055843634e-05
92,173,g7,area_3,psi1q,Flux in 1q-damper winding,Grid\G 07.ElmSym,-0.003907647069008091,-0.0,0.003907647069008091
93,173,g7,area_3,psi1q,Flux in 1q-damper winding,Grid\G 07.ElmSym,-1.7292779177591073e-05,0.0,1.7292779177591073e-05
94,173,g7,area_3,psi1q,Flux in 1q-damper winding,Grid\G 07.ElmSym,0.001144550882653161,0.0006760425054268542,0.0013292968788521052
95,173,g7,area_3,psi1q,Flux in 1q-damper winding,Grid\G 07.ElmSym,0.001144550882653161,-0.0006760425054268542,0.0013292968788521052
96,173,g7,area_3,psi1q,Flux in 1q-damper winding,Grid\G 07.ElmSym,-4.4556326702113135e-05,0.0,4.4556326702113135e-05
97,173,g7,area_3,psi1q,Flux in 1q-damper winding,Grid\G 07.ElmSym,-4.010389983849559e-06,0.0,4.010389983849559e-06
98,173,g7,area_3,psi1q,Flux in 1q-damper winding,Grid\G 07.ElmSym,-2.8339846113187e-06,0.0,2.8339846113187e-06
99,173,g7,area_3,psi1q,Flux in 1q-damper winding,Grid\G 07.ElmSym,-1.4319211242727027e-05,-0.0,1.4319211242727027e-05
100,173,g7,area_3,psi1q,Flux in 1q-damper winding,Grid\G 07.ElmSym,5.8439369300205516e-06,0.0,5.8439369300205516e-06
101,173,g7,area_3,psi1q,Flux in 1q-damper winding,Grid\G 07.ElmSym,-1.7010281858780608e-06,-0.0,1.7010281858780608e-06
102,173,g7,area_3,psi1q,Flux in 1q-damper winding,Grid\G 07.ElmSym,3.884654750658525e-06,-2.633845181408595e-07,3.893573414770824e-06
103,173,g7,area_3,psi1q,Flux in 1q-damper winding,Grid\G 07.ElmSym,3.884654750658525e-06,2.633845181408595e-07,3.893573414770824e-06
104,173,g7,area_3,psi1q,Flux in 1q-damper winding,Grid\G 07.ElmSym,-6.4131986706086e-07,1.0368552276787716e-06,1.2191636211156223e-06
105,173,g7,area_3,psi1q,Flux in 1q-damper winding,Grid\G 07.ElmSym,-6.4131986706086e-07,-1.0368552276787716e-06,1.2191636211156223e-06
106,173,g7,area_3,psi1q,Flux in 1q-damper winding,Grid\G 07.ElmSym,-0.0005097832496749318,0.00018366487884878736,0.0005418595291878455
107,173,g7,area_3,psi1q,Flux in 1q-damper winding,Grid\G 07.ElmSym,-0.0005097832496749318,-0.00018366487884878736,0.0005418595291878455
108,173,g7,area_3,psi1q,Flux in 1q-damper winding,Grid\G 07.ElmSym,7.96739923323867e-05,0.0,7.96739923323867e-05
112,173,g7,area_3,psi1q,Flux in 1q-damper winding,Grid\G 07.ElmSym,-2.3103178816465394e-07,0.0,2.3103178816465394e-07
113,173,g7,area_3,psi1q,Flux in 1q-damper winding,Grid\G 07.ElmSym,6.589044238319518e-06,-0.0,6.589044238319518e-06
114,173,g7,area_3,psi1q,Flux in 1q-damper winding,Grid\G 07.ElmSym,4.923536278026552e-07,0.0,4.923536278026552e-07
115,173,g7,area_3,psi1q,Flux in 1q-damper winding,Grid\G 07.ElmSym,-3.596421252165835e-07,0.0,3.596421252165835e-07
116,173,g7,area_3,psi1q,Flux in 1q-damper winding,Grid\G 07.ElmSym,-4.075943558330229e-09,-0.0,4.075943558330229e-09
117,173,g7,area_3,psi1q,Flux in 1q-damper winding,Grid\G 07.ElmSym,-8.65276300597742e-07,-0.0,8.65276300597742e-07
118,173,g7,area_3,psi1q,Flux in 1q-damper winding,Grid\G 07.ElmSym,2.2949162080959593e-06,-0.0,2.2949162080959593e-06
119,173,g7,area_3,psi1q,Flux in 1q-damper winding,Grid\G 07.ElmSym,8.290163936639079e-05,0.0,8.290163936639079e-05
120,173,g7,area_3,psi1q,Flux in 1q-damper winding,Grid\G 07.ElmSym,9.019225627217584e-07,0.0,9.019225627217584e-07
121,173,g7,area_3,psi1q,Flux in 1q-damper winding,Grid\G 07.ElmSym,7.989753211589399e-05,0.0,7.989753211589399e-05
122,173,g7,area_3,psi1q,Flux in 1q-damper winding,Grid\G 07.ElmSym,-5.812767934856617e-06,0.0,5.812767934856617e-06
123,173,g7,area_3,psi1q,Flux in 1q-damper winding,Grid\G 07.ElmSym,0.0001821614603644847,0.0,0.0001821614603644847
124,173,g7,area_3,psi1q,Flux in 1q-damper winding,Grid\G 07.ElmSym,-1.9452733069585709e-07,-0.0,1.9452733069585709e-07
125,173,g7,area_3,psi1q,Flux in 1q-damper winding,Grid\G 07.ElmSym,5.659235420293515e-05,0.0,5.659235420293515e-05
126,173,g7,area_3,psi1q,Flux in 1q-damper winding,Grid\G 07.ElmSym,-0.0004194552388570775,0.0,0.0004194552388570775
127,173,g7,area_3,psi1q,Flux in 1q-damper winding,Grid\G 07.ElmSym,0.001257582088636117,0.0,0.001257582088636117
128,173,g7,area_3,psi1q,Flux in 1q-damper winding,Grid\G 07.ElmSym,0.0013650009641040402,0.0,0.0013650009641040402
129,173,g7,area_3,psi1q,Flux in 1q-damper winding,Grid\G 07.ElmSym,7.055066489066388e-06,-0.0,7.055066489066388e-06
130,173,g7,area_3,psi1q,Flux in 1q-damper winding,Grid\G 07.ElmSym,-8.486217860632193e-06,-0.0,8.486217860632193e-06
131,173,g7,area_3,psi1q,Flux in 1q-damper winding,Grid\G 07.ElmSym,2.206634754083246e-06,0.0,2.206634754083246e-06
132,173,g7,area_3,psi1q,Flux in 1q-damper winding,Grid\G 07.ElmSym,0.041471609127947076,-0.062349543406283216,0.07488230716686832
133,173,g7,area_3,psi1q,Flux in 1q-damper winding,Grid\G 07.ElmSym,0.041471609127947076,0.062349543406283216,0.07488230716686832
134,173,g7,area_3,psi1q,Flux in 1q-damper winding,Grid\G 07.ElmSym,0.0002000501746000763,0.0,0.0002000501746000763
135,173,g7,area_3,psi1q,Flux in 1q-damper winding,Grid\G 07.ElmSym,-1.4978249275313905e-06,-0.0,1.4978249275313905e-06
136,173,g7,area_3,psi1q,Flux in 1q-damper winding,Grid\G 07.ElmSym,9.033457222192599e-07,0.0,9.033457222192599e-07
140,173,g7,area_3,psi1q,Flux in 1q-damper winding,Grid\G 07.ElmSym,-7.302644646001303e-06,-0.0,7.302644646001303e-06
141,173,g7,area_3,psi1q,Flux in 1q-damper winding,Grid\G 07.ElmSym,0.00014137804079350302,0.0,0.00014137804079350302
142,173,g7,area_3,psi1q,Flux in 1q-damper winding,Grid\G 07.ElmSym,0.0010285982161947957,0.0,0.0010285982161947957
143,173,g7,area_3,psi1q,Flux in 1q-damper winding,Grid\G 07.ElmSym,0.0009096389928219213,-0.0,0.0009096389928219213
144,173,g7,area_3,psi1q,Flux in 1q-damper winding,Grid\G 07.ElmSym,7.514265333504318e-05,0.0,7.514265333504318e-05
145,173,g7,area_3,psi1q,Flux in 1q-damper winding,Grid\G 07.ElmSym,4.721383058367196e-05,0.0,4.721383058367196e-05
146,173,g7,area_3,psi1q,Flux in 1q-damper winding,Grid\G 07.ElmSym,0.003995785662955222,0.0001515754037218727,0.003998659546309482
147,173,g7,area_3,psi1q,Flux in 1q-damper winding,Grid\G 07.ElmSym,0.003995785662955222,-0.0001515754037218727,0.003998659546309482
148,173,g7,area_3,psi1q,Flux in 1q-damper winding,Grid\G 07.ElmSym,0.025038222069569422,-0.037738754056886994,0.045289359922296074
149,173,g7,area_3,psi1q,Flux in 1q-damper winding,Grid\G 07.ElmSym,0.025038222069569422,0.037738754056886994,0.045289359922296074
150,173,g7,area_3,psi1q,Flux in 1q-damper winding,Grid\G 07.ElmSym,0.1177897703949575,0.0,0.1177897703949575
151,173,g7,area_3,psi1q,Flux in 1q-damper winding,Grid\G 07.ElmSym,0.01041232633271272,0.0,0.01041232633271272
152,173,g7,area_3,psi1q,Flux in 1q-damper winding,Grid\G 07.ElmSym,-4.952686144017728e-05,0.0,4.952686144017728e-05
153,173,g7,area_3,psi1q,Flux in 1q-damper winding,Grid\G 07.ElmSym,0.0007808708216319888,-0.0012359468775805353,0.0014619589338546045
154,173,g7,area_3,psi1q,Flux in 1q-damper winding,Grid\G 07.ElmSym,0.0007808708216319888,0.0012359468775805353,0.0014619589338546045
155,173,g7,area_3,psi1q,Flux in 1q-damper winding,Grid\G 07.ElmSym,-7.4084761212220475e-06,-0.0,7.4084761212220475e-06
156,173,g7,area_3,psi1q,Flux in 1q-damper winding,Grid\G 07.ElmSym,5.647125162676035e-06,0.0,5.647125162676035e-06
157,173,g7,area_3,psi1q,Flux in 1q-damper winding,Grid\G 07.ElmSym,-5.471668461541601e-05,-0.0,5.471668461541601e-05
158,173,g7,area_3,psi1q,Flux in 1q-damper winding,Grid\G 07.ElmSym,0.0002593762848974277,0.0,0.0002593762848974277
159,173,g7,area_3,psi1q,Flux in 1q-damper winding,Grid\G 07.ElmSym,0.0006778543042137706,-0.0027112462123554085,0.002794698996627845
160,173,g7,area_3,psi1q,Flux in 1q-damper winding,Grid\G 07.ElmSym,0.0006778543042137706,0.0027112462123554085,0.002794698996627845
161,173,g7,area_3,psi1q,Flux in 1q-damper winding,Grid\G 07.ElmSym,0.06655476140281945,0.0,0.06655476140281945
162,173,g7,area_3,psi1q,Flux in 1q-damper winding,Grid\G 07.ElmSym,1.0,0.0,1.0
163,173,g7,area_3,psi1q,Flux in 1q-damper winding,Grid\G 07.ElmSym,-0.043779671557746015,-0.06468669806033163,0.07810908108314056
164,173,g7,area_3,psi1q,Flux in 1q-damper winding,Grid\G 07.ElmSym,-0.043779671557746015,0.06468669806033163,0.07810908108314056
165,173,g7,area_3,psi1q,Flux in 1q-damper winding,Grid\G 07.ElmSym,-0.0011661627199651677,0.0,0.0011661627199651677
166,173,g7,area_3,psi1q,Flux in 1q-damper winding,Grid\G 07.ElmSym,-0.0007356790857160814,0.0,0.0007356790857160814
170,173,g7,area_3,psi1q,Flux in 1q-damper winding,Grid\G 07.ElmSym,-0.0008246308646686178,-0.0,0.0008246308646686178
171,173,g7,area_3,psi1q,Flux in 1q-damper winding,Grid\G 07.ElmSym,0.0021457226049907854,0.0,0.0021457226049907854
172,173,g7,area_3,psi1q,Flux in 1q-damper winding,Grid\G 07.ElmSym,5.416231747996462e-05,0.0,5.416231747996462e-05
173,173,g7,area_3,psi1q,Flux in 1q-damper winding,Grid\G 07.ElmSym,0.00022186829924205384,0.0,0.00022186829924205384
174,173,g7,area_3,psi1q,Flux in 1q-damper winding,Grid\G 07.ElmSym,-7.590203535280593e-06,0.0,7.590203535280593e-06
1,174,g7,area_3,psi2q,Flux in 2q-damper winding,Grid\G 07.ElmSym,2.2511226380054524e-06,0.0,2.2511226380054524e-06
5,174,g7,area_3,psi2q,Flux in 2q-damper winding,Grid\G 07.ElmSym,-3.230807982382981e-08,6.589626433207233e-09,3.297324974023917e-08
6,174,g7,area_3,psi2q,Flux in 2q-damper winding,Grid\G 07.ElmSym,-3.230807982382981e-08,-6.589626433207233e-09,3.297324974023917e-08
7,174,g7,area_3,psi2q,Flux in 2q-damper winding,Grid\G 07.ElmSym,-5.129292445899767e-10,-6.099133634458127e-10,7.96925793826143e-10
8,174,g7,area_3,psi2q,Flux in 2q-damper winding,Grid\G 07.ElmSym,-5.129292445899767e-10,6.099133634458127e-10,7.96925793826143e-10
9,174,g7,area_3,psi2q,Flux in 2q-damper winding,Grid\G 07.ElmSym,-1.1223267945697593e-06,4.2379916180244365e-07,1.1996762743980913e-06
10,174,g7,area_3,psi2q,Flux in 2q-damper winding,Grid\G 07.ElmSym,-1.1223267945697593e-06,-4.2379916180244365e-07,1.1996762743980913e-06
11,174,g7,area_3,psi2q,Flux in 2q-damper winding,Grid\G 07.ElmSym,-2.5978545313330476e-05,1.1619929766931807e-05,2.845887531834652e-05
12,174,g7,area_3,psi2q,Flux in 2q-damper winding,Grid\G 07.ElmSym,-2.5978545313330476e-05,-1.1619929766931807e-05,2.845887531834652e-05
13,174,g7,area_3,psi2q,Flux in 2q-damper winding,Grid\G 07.ElmSym,-0.00010636122579949802,-0.0,0.00010636122579949802
14,174,g7,area_3,psi2q,Flux in 2q-damper winding,Grid\G 07.ElmSym,-1.4463686799462522e-05,5.9098372079782076e-06,1.562448116443391e-05
15,174,g7,area_3,psi2q,Flux in 2q-damper winding,Grid\G 07.ElmSym,-1.4463686799462522e-05,-5.9098372079782076e-06,1.562448116443391e-05
19,174,g7,area_3,psi2q,Flux in 2q-damper winding,Grid\G 07.ElmSym,-1.192187611722028e-10,-0.0,1.192187611722028e-10
20,174,g7,area_3,psi2q,Flux in 2q-damper winding,Grid\G 07.ElmSym,-2.624865629565055e-11,0.0,2.624865629565055e-11
21,174,g7,area_3,psi2q,Flux in 2q-damper winding,Grid\G 07.ElmSym,6.967261332191118e-06,0.0,6.967261332191118e-06
22,174,g7,area_3,psi2q,Flux in 2q-damper winding,Grid\G 07.ElmSym,-0.007422708150251483,0.00568586345888498,0.00935016788923564
23,174,g7,area_3,psi2q,Flux in 2q-damper winding,Grid\G 07.ElmSym,-0.007422708150251483,-0.00568586345888498,0.00935016788923564
24,174,g7,area_3,psi2q,Flux in 2q-damper winding,Grid\G 07.ElmSym,-0.004806395493167145,0.0028013906841677276,0.005563202980485178
25,174,g7,area_3,psi2q,Flux in 2q-damper winding,Grid\G 07.ElmSym,-0.004806395493167145,-0.0028013906841677276,0.005563202980485178
26,174,g7,area_3,psi2q,Flux in 2q-damper winding,Grid\G 07.ElmSym,-0.0005463445975698008,0.0,0.0005463445975698008
27,174,g7,area_3,psi2q,Flux in 2q-damper winding,Grid\G 07.ElmSym,-0.004482395503063264,0.006120555568560446,0.007586373963476758
28,174,g7,area_3,psi2q,Flux in 2q-damper winding,Grid\G 07.ElmSym,-0.004482395503063264,-0.006120555568560446,0.007586373963476758
29,174,g7,area_3,psi2q,Flux in 2q-damper winding,Grid\G 07.ElmSym,-1.3898554622249557e-08,-1.4348543324328325e-08,1.997624879995695e-08
30,174,g7,area_3,psi2q,Flux in 2q-damper winding,Grid\G 07.ElmSym,-1.3898554622249557e-08,1.4348543324328325e-08,1.997624879995695e-08
31,174,g7,area_3,psi2q,Flux in 2q-damper winding,Grid\G 07.ElmSym,1.222697401514567e-06,-6.289367904801444e-08,1.2243139101287174e-06
32,174,g7,area_3,psi2q,Flux in 2q-damper winding,Grid\G 07.ElmSym,1.222697401514567e-06,6.289367904801444e-08,1.2243139101287174e-06
33,174,g7,area_3,psi2q,Flux in 2q-damper winding,Grid\G 07.ElmSym,5.466022292366682e-09,1.500690026760973e-08,1.5971363603106485e-08
34,174,g7,area_3,psi2q,Flux in 2q-damper winding,Grid\G 07.ElmSym,5.466022292366682e-09,-1.500690026760973e-08,1.5971363603106485e-08
35,174,g7,area_3,psi2q,Flux in 2q-damper winding,Grid\G 07.ElmSym,-3.1001469556475906e-05,-0.00013696400178423102,0.0001404287324567588
36,174,g7,area_3,psi2q,Flux in 2q-damper winding,Grid\G 07.ElmSym,-3.1001469556475906e-05,0.00013696400178423102,0.0001404287324567588
37,174,g7,area_3,psi2q,Flux in 2q-damper winding,Grid\G 07.ElmSym,8.038352465354147e-05,-9.545103252766272e-06,8.09482552735541e-05
38,174,g7,area_3,psi2q,Flux in 2q-damper winding,Grid\G 07.ElmSym,8.038352465354147e-05,9.545103252766272e-06,8.09482552735541e-05
39,174,g7,area_3,psi2q,Flux in 2q-damper winding,Grid\G 07.ElmSym,0.0003420760944900737,-0.0004957804870752398,0.0006023407223375685
40,174,g7,area_3,psi2q,Flux in 2q-damper winding,Grid\G 07.ElmSym,0.0003420760944900737,0.0004957804870752398,0.0006023407223375685
41,174,g7,area_3,psi2q,Flux in 2q-damper winding,Grid\G 07.ElmSym,-0.0005621646644799927,-0.0042039802263663445,0.0042414005768931
42,174,g7,area_3,psi2q,Flux in 2q-damper winding,Grid\G 07.ElmSym,-0.0005621646644799927,0.0042039802263663445,0.0042414005768931
43,174,g7,area_3,psi2q,Flux in 2q-damper winding,Grid\G 07.ElmSym,-8.384587856152852e-05,0.00011475373835342471,0.00014212160925714586
44,174,g7,area_3,psi2q,Flux in 2q-damper winding,Grid\G 07.ElmSym,-8.384587856152852e-05,-0.00011475373835342471,0.00014212160925714586
45,174,g7,area_3,psi2q,Flux in 2q-damper winding,Grid\G 07.ElmSym,-0.003879320536215871,0.00023933737306966853,0.0038866965666043553
46,174,g7,area_3,psi2q,Flux in 2q-damper winding,Grid\G 07.ElmSym,-0.003879320536215871,-0.00023933737306966853,0.0038866965666043553
47,174,g7,area_3,psi2q,Flux in 2q-damper winding,Grid\G 07.ElmSym,0.6484469740801215,-0.0829797979400736,0.6537347513019643
48,174,g7,area_3,psi2q,Flux in 2q-damper winding,Grid\G 07.ElmSym,0.6484469740801215,0.0829797979400736,0.6537347513019643
49,174,g7,area_3,psi2q,Flux in 2q-damper winding,Grid\G 07.ElmSym,0.049910493525296674,0.07602487875367193,0.09094415623584177
50,174,g7,area_3,psi2q,Flux in 2q-damper winding,Grid\G 07.ElmSym,0.049910493525296674,-0.07602487875367193,0.09094415623584177
51,174,g7,area_3,psi2q,Flux in 2q-damper winding,Grid\G 07.ElmSym,0.5096977944591452,0.0,0.5096977944591452
52,174,g7,area_3,psi2q,Flux in 2q-damper winding,Grid\G 07.ElmSym,8.322462548189119e-12,0.0,8.322462548189119e-12
53,174,g7,area_3,psi2q,Flux in 2q-damper winding,Grid\G 07.ElmSym,7.26906563956037e-12,0.0,7.26906563956037e-12
54,174,g7,area_3,psi2q,Flux in 2q-damper winding,Grid\G 07.ElmSym,-1.5590366000912498e-12,-0.0,1.5590366000912498e-12
55,174,g7,area_3,psi2q,Flux in 2q-damper winding,Grid\G 07.ElmSym,-1.1370663752899327e-14,-0.0,1.1370663752899327e-14
56,174,g7,area_3,psi2q,Flux in 2q-damper winding,Grid\G 07.ElmSym,1.8372818493929849e-13,0.0,1.8372818493929849e-13
57,174,g7,area_3,psi2q,Flux in 2q-damper winding,Grid\G 07.ElmSym,-0.2768208010726554,0.0,0.2768208010726554
58,174,g7,area_3,psi2q,Flux in 2q-damper winding,Grid\G 07.ElmSym,-0.07140206581566173,0.0,0.07140206581566173
59,174,g7,area_3,psi2q,Flux in 2q-damper winding,Grid\G 07.ElmSym,-0.03798679126628236,0.0,0.03798679126628236
60,174,g7,area_3,psi2q,Flux in 2q-damper winding,Grid\G 07.ElmSym,0.09138072024211988,0.017995692436679905,0.09313582005997562
61,174,g7,area_3,psi2q,Flux in 2q-damper winding,Grid\G 07.ElmSym,0.09138072024211988,-0.017995692436679905,0.09313582005997562
62,174,g7,area_3,psi2q,Flux in 2q-damper winding,Grid\G 07.ElmSym,-0.0019156550970418605,0.0,0.0019156550970418605
63,174,g7,area_3,psi2q,Flux in 2q-damper winding,Grid\G 07.ElmSym,0.000988185289819906,0.0,0.000988185289819906
64,174,g7,area_3,psi2q,Flux in 2q-damper winding,Grid\G 07.ElmSym,1.4256511304365851e-05,0.0,1.4256511304365851e-05
65,174,g7,area_3,psi2q,Flux in 2q-damper winding,Grid\G 07.ElmSym,5.062398457929382e-05,-0.0018407468166370356,0.0018414428122464366
66,174,g7,area_3,psi2q,Flux in 2q-damper winding,Grid\G 07.ElmSym,5.062398457929382e-05,0.0018407468166370356,0.0018414428122464366
67,174,g7,area_3,psi2q,Flux in 2q-damper winding,Grid\G 07.ElmSym,-0.00016928971165720193,-0.0,0.00016928971165720193
68,174,g7,area_3,psi2q,Flux in 2q-damper winding,Grid\G 07.ElmSym,0.013902350405123599,0.008402593718486867,0.01624435064829602
69,174,g7,area_3,psi2q,Flux in 2q-damper winding,Grid\G 07.ElmSym,0.013902350405123599,-0.008402593718486867,0.01624435064829602
70,174,g7,area_3,psi2q,Flux in 2q-damper winding,Grid\G 07.ElmSym,2.7316144680421304e-05,-2.2481202173935955e-05,3.537762303189817e-05
71,174,g7,area_3,psi2q,Flux in 2q-damper winding,Grid\G 07.ElmSym,2.7316144680421304e-05,2.2481202173935955e-05,3.537762303189817e-05
72,174,g7,area_3,psi2q,Flux in 2q-damper winding,Grid\G 07.ElmSym,-0.0003429779026482981,5.966052926309201e-05,0.0003481281667101611
73,174,g7,area_3,psi2q,Flux in 2q-damper winding,Grid\G 07.ElmSym,-0.0003429779026482981,-5.966052926309201e-05,0.0003481281667101611
74,174,g7,area_3,psi2q,Flux in 2q-damper winding,Grid\G 07.ElmSym,-0.00015125739362951824,0.0,0.00015125739362951824
75,174,g7,area_3,psi2q,Flux in 2q-damper winding,Grid\G 07.ElmSym,-0.0014979946938694616,0.007424650459204443,0.007574260527881637
76,174,g7,area_3,psi2q,Flux in 2q-damper winding,Grid\G 07.ElmSym,-0.0014979946938694616,-0.007424650459204443,0.007574260527881637
77,174,g7,area_3,psi2q,Flux in 2q-damper winding,Grid\G 07.ElmSym,0.00016154241528168174,0.0,0.00016154241528168174
78,174,g7,area_3,psi2q,Flux in 2q-damper winding,Grid\G 07.ElmSym,3.084756615167542e-06,-0.0,3.084756615167542e-06
79,174,g7,area_3,psi2q,Flux in 2q-damper winding,Grid\G 07.ElmSym,3.23585046288391e-07,0.0,3.23585046288391e-07
80,174,g7,area_3,psi2q,Flux in 2q-damper winding,Grid\G 07.ElmSym,-6.343560837278748e-15,-0.0,6.343560837278748e-15
81,174,g7,area_3,psi2q,Flux in 2q-damper winding,Grid\G 07.ElmSym,5.422253060009477e-15,0.0,5.422253060009477e-15
85,174,g7,area_3,psi2q,Flux in 2q-damper winding,Grid\G 07.ElmSym,2.569238618060117e-15,0.0,2.569238618060117e-15
89,174,g7,area_3,psi2q,Flux in 2q-damper winding,Grid\G 07.ElmSym,-4.144714417104719e-16,-0.0,4.144714417104719e-16
90,174,g7,area_3,psi2q,Flux in 2q-damper winding,Grid\G 07.ElmSym,1.3179452912277442e-15,0.0,1.3179452912277442e-15
91,174,g7,area_3,psi2q,Flux in 2q-damper winding,Grid\G 07.ElmSym,0.0003830394118843481,0.0,0.0003830394118843481
92,174,g7,area_3,psi2q,Flux in 2q-damper winding,Grid\G 07.ElmSym,-0.012101763848047556,-0.0,0.012101763848047556
93,174,g7,area_3,psi2q,Flux in 2q-damper winding,Grid\G 07.ElmSym,-2.2268583501087767e-05,0.0,2.2268583501087767e-05
94,174,g7,area_3,psi2q,Flux in 2q-damper winding,Grid\G 07.ElmSym,0.0010368263698652222,0.0006124137495766881,0.0012041841727570052
95,174,g7,area_3,psi2q,Flux in 2q-damper winding,Grid\G 07.ElmSym,0.0010368263698652222,-0.0006124137495766881,0.0012041841727570052
96,174,g7,area_3,psi2q,Flux in 2q-damper winding,Grid\G 07.ElmSym,-3.990628677111845e-05,0.0,3.990628677111845e-05
97,174,g7,area_3,psi2q,Flux in 2q-damper winding,Grid\G 07.ElmSym,-3.5781828501568707e-06,0.0,3.5781828501568707e-06
98,174,g7,area_3,psi2q,Flux in 2q-damper winding,Grid\G 07.ElmSym,-2.495930233000327e-06,0.0,2.495930233000327e-06
99,174,g7,area_3,psi2q,Flux in 2q-damper winding,Grid\G 07.ElmSym,-1.2553636110188102e-05,0.0,1.2553636110188102e-05
100,174,g7,area_3,psi2q,Flux in 2q-damper winding,Grid\G 07.ElmSym,4.236170521438618e-06,0.0,4.236170521438618e-06
101,174,g7,area_3,psi2q,Flux in 2q-damper winding,Grid\G 07.ElmSym,-5.032490475866085e-07,-0.0,5.032490475866085e-07
102,174,g7,area_3,psi2q,Flux in 2q-damper winding,Grid\G 07.ElmSym,1.0204010089729495e-06,-6.918448207541499e-08,1.0227437174938092e-06
103,174,g7,area_3,psi2q,Flux in 2q-damper winding,Grid\G 07.ElmSym,1.0204010089729495e-06,6.918448207541499e-08,1.0227437174938092e-06
104,174,g7,area_3,psi2q,Flux in 2q-damper winding,Grid\G 07.ElmSym,-1.6642826840966585e-07,2.690732396900896e-07,3.1638390737071346e-07
105,174,g7,area_3,psi2q,Flux in 2q-damper winding,Grid\G 07.ElmSym,-1.6642826840966585e-07,-2.690732396900896e-07,3.1638390737071346e-07
106,174,g7,area_3,psi2q,Flux in 2q-damper winding,Grid\G 07.ElmSym,-0.00012647880730467324,4.556782672866558e-05,0.00013443703184013827
107,174,g7,area_3,psi2q,Flux in 2q-damper winding,Grid\G 07.ElmSym,-0.00012647880730467324,-4.556782672866558e-05,0.00013443703184013827
108,174,g7,area_3,psi2q,Flux in 2q-damper winding,Grid\G 07.ElmSym,1.3722519237429242e-05,0.0,1.3722519237429242e-05
112,174,g7,area_3,psi2q,Flux in 2q-damper winding,Grid\G 07.ElmSym,-3.8832017429296265e-08,0.0,3.8832017429296265e-08
113,174,g7,area_3,psi2q,Flux in 2q-damper winding,Grid\G 07.ElmSym,1.1062045505692748e-06,0.0,1.1062045505692748e-06
114,174,g7,area_3,psi2q,Flux in 2q-damper winding,Grid\G 07.ElmSym,8.245692749129317e-08,0.0,8.245692749129317e-08
115,174,g7,area_3,psi2q,Flux in 2q-damper winding,Grid\G 07.ElmSym,-6.01467226370749e-08,0.0,6.01467226370749e-08
116,174,g7,area_3,psi2q,Flux in 2q-damper winding,Grid\G 07.ElmSym,-6.793371614237758e-10,-0.0,6.793371614237758e-10
117,174,g7,area_3,psi2q,Flux in 2q-damper winding,Grid\G 07.ElmSym,-1.4375709085845105e-07,-0.0,1.4375709085845105e-07
118,174,g7,area_3,psi2q,Flux in 2q-damper winding,Grid\G 07.ElmSym,3.7771760351066876e-07,0.0,3.7771760351066876e-07
119,174,g7,area_3,psi2q,Flux in 2q-damper winding,Grid\G 07.ElmSym,1.3485136452352297e-05,0.0,1.3485136452352297e-05
120,174,g7,area_3,psi2q,Flux in 2q-damper winding,Grid\G 07.ElmSym,1.4555354927175682e-07,0.0,1.4555354927175682e-07
121,174,g7,area_3,psi2q,Flux in 2q-damper winding,Grid\G 07.ElmSym,1.2627454899409665e-05,-0.0,1.2627454899409665e-05
122,174,g7,area_3,psi2q,Flux in 2q-damper winding,Grid\G 07.ElmSym,-9.155495452905561e-07,0.0,9.155495452905561e-07
123,174,g7,area_3,psi2q,Flux in 2q-damper winding,Grid\G 07.ElmSym,2.8222129166260453e-05,0.0,2.8222129166260453e-05
124,174,g7,area_3,psi2q,Flux in 2q-damper winding,Grid\G 07.ElmSym,-3.0010493721539514e-08,-0.0,3.0010493721539514e-08
125,174,g7,area_3,psi2q,Flux in 2q-damper winding,Grid\G 07.ElmSym,8.525477200691191e-06,0.0,8.525477200691191e-06
126,174,g7,area_3,psi2q,Flux in 2q-damper winding,Grid\G 07.ElmSym,-6.205034269659307e-05,0.0,6.205034269659307e-05
127,174,g7,area_3,psi2q,Flux in 2q-damper winding,Grid\G 07.ElmSym,0.00017383751893818765,0.0,0.00017383751893818765
128,174,g7,area_3,psi2q,Flux in 2q-damper winding,Grid\G 07.ElmSym,0.00015873443413838578,0.0,0.00015873443413838578
129,174,g7,area_3,psi2q,Flux in 2q-damper winding,Grid\G 07.ElmSym,4.180074071761312e-07,0.0,4.180074071761312e-07
130,174,g7,area_3,psi2q,Flux in 2q-damper winding,Grid\G 07.ElmSym,-3.894503954513172e-07,-0.0,3.894503954513172e-07
131,174,g7,area_3,psi2q,Flux in 2q-damper winding,Grid\G 07.ElmSym,9.973511398261648e-08,0.0,9.973511398261648e-08
132,174,g7,area_3,psi2q,Flux in 2q-damper winding,Grid\G 07.ElmSym,0.0015552349554319653,-0.002338182456588989,0.0028081760925728976
133,174,g7,area_3,psi2q,Flux in 2q-damper winding,Grid\G 07.ElmSym,0.0015552349554319653,0.002338182456588989,0.0028081760925728976
134,174,g7,area_3,psi2q,Flux in 2q-damper winding,Grid\G 07.ElmSym,7.177144191847968e-06,0.0,7.177144191847968e-06
135,174,g7,area_3,psi2q,Flux in 2q-damper winding,Grid\G 07.ElmSym,-5.334343809101135e-08,-0.0,5.334343809101135e-08
136,174,g7,area_3,psi2q,Flux in 2q-damper winding,Grid\G 07.ElmSym,3.203267863431452e-08,0.0,3.203267863431452e-08
140,174,g7,area_3,psi2q,Flux in 2q-damper winding,Grid\G 07.ElmSym,-2.447356646636684e-07,-0.0,2.447356646636684e-07
141,174,g7,area_3,psi2q,Flux in 2q-damper winding,Grid\G 07.ElmSym,4.426283111640884e-06,-0.0,4.426283111640884e-06
142,174,g7,area_3,psi2q,Flux in 2q-damper winding,Grid\G 07.ElmSym,2.971763035522221e-05,0.0,2.971763035522221e-05
143,174,g7,area_3,psi2q,Flux in 2q-damper winding,Grid\G 07.ElmSym,2.5326995139131192e-05,0.0,2.5326995139131192e-05
144,174,g7,area_3,psi2q,Flux in 2q-damper winding,Grid\G 07.ElmSym,2.017432639673025e-06,-0.0,2.017432639673025e-06
145,174,g7,area_3,psi2q,Flux in 2q-damper winding,Grid\G 07.ElmSym,1.1758499784620612e-06,0.0,1.1758499784620612e-06
146,174,g7,area_3,psi2q,Flux in 2q-damper winding,Grid\G 07.ElmSym,4.9547483558752974e-05,1.8795252090181966e-06,4.958311952687357e-05
147,174,g7,area_3,psi2q,Flux in 2q-damper winding,Grid\G 07.ElmSym,4.9547483558752974e-05,-1.8795252090181966e-06,4.958311952687357e-05
148,174,g7,area_3,psi2q,Flux in 2q-damper winding,Grid\G 07.ElmSym,0.00011382674223124966,-0.0001715648746280832,0.00020589082896799765
149,174,g7,area_3,psi2q,Flux in 2q-damper winding,Grid\G 07.ElmSym,0.00011382674223124966,0.0001715648746280832,0.00020589082896799765
150,174,g7,area_3,psi2q,Flux in 2q-damper winding,Grid\G 07.ElmSym,0.000876656354210561,0.0,0.000876656354210561
151,174,g7,area_3,psi2q,Flux in 2q-damper winding,Grid\G 07.ElmSym,6.148312143438724e-05,0.0,6.148312143438724e-05
152,174,g7,area_3,psi2q,Flux in 2q-damper winding,Grid\G 07.ElmSym,-2.3747307232150781e-07,0.0,2.3747307232150781e-07
153,174,g7,area_3,psi2q,Flux in 2q-damper winding,Grid\G 07.ElmSym,2.642944666563564e-06,-4.183200494528799e-06,4.948163587427438e-06
154,174,g7,area_3,psi2q,Flux in 2q-damper winding,Grid\G 07.ElmSym,2.642944666563564e-06,4.183200494528799e-06,4.948163587427438e-06
155,174,g7,area_3,psi2q,Flux in 2q-damper winding,Grid\G 07.ElmSym,-3.4029267483704314e-08,-0.0,3.4029267483704314e-08
156,174,g7,area_3,psi2q,Flux in 2q-damper winding,Grid\G 07.ElmSym,2.5656557049858782e-08,0.0,2.5656557049858782e-08
157,174,g7,area_3,psi2q,Flux in 2q-damper winding,Grid\G 07.ElmSym,-2.481253875780153e-07,-0.0,2.481253875780153e-07
158,174,g7,area_3,psi2q,Flux in 2q-damper winding,Grid\G 07.ElmSym,1.168461135563992e-06,0.0,1.168461135563992e-06
159,174,g7,area_3,psi2q,Flux in 2q-damper winding,Grid\G 07.ElmSym,1.7981444457861677e-06,-7.192124160348575e-06,7.413499402156942e-06
160,174,g7,area_3,psi2q,Flux in 2q-damper winding,Grid\G 07.ElmSym,1.7981444457861677e-06,7.192124160348575e-06,7.413499402156942e-06
161,174,g7,area_3,psi2q,Flux in 2q-damper winding,Grid\G 07.ElmSym,0.00014821990923074836,0.0,0.00014821990923074836
162,174,g7,area_3,psi2q,Flux in 2q-damper winding,Grid\G 07.ElmSym,0.0017596444864828669,0.0,0.0017596444864828669
163,174,g7,area_3,psi2q,Flux in 2q-damper winding,Grid\G 07.ElmSym,-5.221452287346938e-05,-7.714962116938019e-05,9.315804015479788e-05
164,174,g7,area_3,psi2q,Flux in 2q-damper winding,Grid\G 07.ElmSym,-5.221452287346938e-05,7.714962116938019e-05,9.315804015479788e-05
165,174,g7,area_3,psi2q,Flux in 2q-damper winding,Grid\G 07.ElmSym,-1.4012398019570577e-06,0.0,1.4012398019570577e-06
166,174,g7,area_3,psi2q,Flux in 2q-damper winding,Grid\G 07.ElmSym,-6.660245708582063e-07,0.0,6.660245708582063e-07
170,174,g7,area_3,psi2q,Flux in 2q-damper winding,Grid\G 07.ElmSym,-2.812715240151639e-07,-0.0,2.812715240151639e-07
171,174,g7,area_3,psi2q,Flux in 2q-damper winding,Grid\G 07.ElmSym,6.729086722109698e-07,0.0,6.729086722109698e-07
172,174,g7,area_3,psi2q,Flux in 2q-damper winding,Grid\G 07.ElmSym,5.327918267412733e-09,0.0,5.327918267412733e-09
173,174,g7,area_3,psi2q,Flux in 2q-damper winding,Grid\G 07.ElmSym,1.6537326177082378e-08,-0.0,1.6537326177082378e-08
174,174,g7,area_3,psi2q,Flux in 2q-damper winding,Grid\G 07.ElmSym,-1.788629678074091e-10,0.0,1.788629678074091e-10
1,175,g7,area_3,speed,Speed,Grid\G 07.ElmSym,-0.004446251998307884,-0.0,0.004446251998307884
5,175,g7,area_3,speed,Speed,Grid\G 07.ElmSym,2.756507364316887e-06,-1.0676503078824368e-05,1.1026606497090545e-05
6,175,g7,area_3,speed,Speed,Grid\G 07.ElmSym,2.756507364316887e-06,1.0676503078824368e-05,1.1026606497090545e-05
7,175,g7,area_3,speed,Speed,Grid\G 07.ElmSym,1.0022532106469896e-07,-7.721406861126068e-08,1.265192766894692e-07
8,175,g7,area_3,speed,Speed,Grid\G 07.ElmSym,1.0022532106469896e-07,7.721406861126068e-08,1.265192766894692e-07
9,175,g7,area_3,speed,Speed,Grid\G 07.ElmSym,6.675536247302164e-05,-0.000194547098116916,0.00020568143281448
10,175,g7,area_3,speed,Speed,Grid\G 07.ElmSym,6.675536247302164e-05,0.000194547098116916,0.00020568143281448
11,175,g7,area_3,speed,Speed,Grid\G 07.ElmSym,-0.00015439838499412418,0.0004506811777106046,0.0004763951985813998
12,175,g7,area_3,speed,Speed,Grid\G 07.ElmSym,-0.00015439838499412418,-0.0004506811777106046,0.0004763951985813998
13,175,g7,area_3,speed,Speed,Grid\G 07.ElmSym,0.03413343110401909,0.0,0.03413343110401909
14,175,g7,area_3,speed,Speed,Grid\G 07.ElmSym,-0.03333280399535999,0.0021380749919447566,0.03340130516707793
15,175,g7,area_3,speed,Speed,Grid\G 07.ElmSym,-0.03333280399535999,-0.0021380749919447566,0.03340130516707793
19,175,g7,area_3,speed,Speed,Grid\G 07.ElmSym,-5.240784732701589e-11,-0.0,5.240784732701589e-11
20,175,g7,area_3,speed,Speed,Grid\G 07.ElmSym,-9.599713210596299e-12,0.0,9.599713210596299e-12
21,175,g7,area_3,speed,Speed,Grid\G 07.ElmSym,-0.0014816200568043896,-0.0,0.0014816200568043896
22,175,g7,area_3,speed,Speed,Grid\G 07.ElmSym,-0.009713670223381385,-0.0010144009202134726,0.009766493661265342
23,175,g7,area_3,speed,Speed,Grid\G 07.ElmSym,-0.009713670223381385,0.0010144009202134726,0.009766493661265342
24,175,g7,area_3,speed,Speed,Grid\G 07.ElmSym,-0.011098635381361143,0.003850687341034568,0.011747659355242017
25,175,g7,area_3,speed,Speed,Grid\G 07.ElmSym,-0.011098635381361143,-0.003850687341034568,0.011747659355242017
26,175,g7,area_3,speed,Speed,Grid\G 07.ElmSym,0.08615032864275707,0.0,0.08615032864275707
27,175,g7,area_3,speed,Speed,Grid\G 07.ElmSym,-0.012627325712032985,0.0075291187728808275,0.01470159801293437
28,175,g7,area_3,speed,Speed,Grid\G 07.ElmSym,-0.012627325712032985,-0.0075291187728808275,0.01470159801293437
29,175,g7,area_3,speed,Speed,Grid\G 07.ElmSym,-9.139697005743985e-07,-2.279934635786064e-07,9.419775119410362e-07
30,175,g7,area_3,speed,Speed,Grid\G 07.ElmSym,-9.139697005743985e-07,2.279934635786064e-07,9.419775119410362e-07
31,175,g7,area_3,speed,Speed,Grid\G 07.ElmSym,4.2950938530943934e-05,-2.8543290898854444e-05,5.1570365288851226e-05
32,175,g7,area_3,speed,Speed,Grid\G 07.ElmSym,4.2950938530943934e-05,2.8543290898854444e-05,5.1570365288851226e-05
33,175,g7,area_3,speed,Speed,Grid\G 07.ElmSym,9.596157580647966e-07,1.117335682286942e-07,9.660987492981194e-07
34,175,g7,area_3,speed,Speed,Grid\G 07.ElmSym,9.596157580647966e-07,-1.117335682286942e-07,9.660987492981194e-07
35,175,g7,area_3,speed,Speed,Grid\G 07.ElmSym,0.14146347241189808,-0.00999562500250442,0.14181617166607813
36,175,g7,area_3,speed,Speed,Grid\G 07.ElmSym,0.14146347241189808,0.00999562500250442,0.14181617166607813
37,175,g7,area_3,speed,Speed,Grid\G 07.ElmSym,-0.11242666894329705,0.0042558855738780346,0.11250719288873781
38,175,g7,area_3,speed,Speed,Grid\G 07.ElmSym,-0.11242666894329705,-0.0042558855738780346,0.11250719288873781
39,175,g7,area_3,speed,Speed,Grid\G 07.ElmSym,-0.1158842628022154,-0.046936337010249365,0.12502872508808777
40,175,g7,area_3,speed,Speed,Grid\G 07.ElmSym,-0.1158842628022154,0.046936337010249365,0.12502872508808777
41,175,g7,area_3,speed,Speed,Grid\G 07.ElmSym,1.0,0.0,1.0
42,175,g7,area_3,speed,Speed,Grid\G 07.ElmSym,1.0,0.0,1.0
43,175,g7,area_3,speed,Speed,Grid\G 07.ElmSym,-0.03025670856742858,-0.020072269593880542,0.03630928834311859
44,175,g7,area_3,speed,Speed,Grid\G 07.ElmSym,-0.03025670856742858,0.020072269593880542,0.03630928834311859
45,175,g7,area_3,speed,Speed,Grid\G 07.ElmSym,-0.0047507634329521375,0.006288312423836295,0.007881156408525913
46,175,g7,area_3,speed,Speed,Grid\G 07.ElmSym,-0.0047507634329521375,-0.006288312423836295,0.007881156408525913
47,175,g7,area_3,speed,Speed,Grid\G 07.ElmSym,0.026371744523788387,-0.01908683135577835,0.03255420157878068
48,175,g7,area_3,speed,Speed,Grid\G 07.ElmSym,0.026371744523788387,0.01908683135577835,0.03255420157878068
49,175,g7,area_3,speed,Speed,Grid\G 07.ElmSym,-0.016530916367164136,0.010857228044803985,0.01977752756931597
50,175,g7,area_3,speed,Speed,Grid\G 07.ElmSym,-0.016530916367164136,-0.010857228044803985,0.01977752756931597
51,175,g7,area_3,speed,Speed,Grid\G 07.ElmSym,0.0005729293903479608,0.0,0.0005729293903479608
52,175,g7,area_3,speed,Speed,Grid\G 07.ElmSym,-1.1999568455320248e-15,-0.0,1.1999568455320248e-15
53,175,g7,area_3,speed,Speed,Grid\G 07.ElmSym,-2.747093412760206e-15,0.0,2.747093412760206e-15
54,175,g7,area_3,speed,Speed,Grid\G 07.ElmSym,2.327209397464261e-14,0.0,2.327209397464261e-14
55,175,g7,area_3,speed,Speed,Grid\G 07.ElmSym,-3.704788494600491e-15,-0.0,3.704788494600491e-15
56,175,g7,area_3,speed,Speed,Grid\G 07.ElmSym,-2.944109624708898e-14,-0.0,2.944109624708898e-14
57,175,g7,area_3,speed,Speed,Grid\G 07.ElmSym,-0.0020432337149389017,0.0,0.0020432337149389017
58,175,g7,area_3,speed,Speed,Grid\G 07.ElmSym,-0.0002519237512449352,0.0,0.0002519237512449352
59,175,g7,area_3,speed,Speed,Grid\G 07.ElmSym,-0.00022036218466442626,0.0,0.00022036218466442626
60,175,g7,area_3,speed,Speed,Grid\G 07.ElmSym,8.434360056522144e-05,4.497075751531838e-05,9.55835340830584e-05
61,175,g7,area_3,speed,Speed,Grid\G 07.ElmSym,8.434360056522144e-05,-4.497075751531838e-05,9.55835340830584e-05
62,175,g7,area_3,speed,Speed,Grid\G 07.ElmSym,1.1075468053271477e-08,0.0,1.1075468053271477e-08
63,175,g7,area_3,speed,Speed,Grid\G 07.ElmSym,-1.0320938091755583e-06,-0.0,1.0320938091755583e-06
64,175,g7,area_3,speed,Speed,Grid\G 07.ElmSym,-1.5389430976384985e-06,-0.0,1.5389430976384985e-06
65,175,g7,area_3,speed,Speed,Grid\G 07.ElmSym,-2.434810102331261e-05,0.0001261302358847841,0.00012845881218426675
66,175,g7,area_3,speed,Speed,Grid\G 07.ElmSym,-2.434810102331261e-05,-0.0001261302358847841,0.00012845881218426675
67,175,g7,area_3,speed,Speed,Grid\G 07.ElmSym,1.4329889876145666e-05,0.0,1.4329889876145666e-05
68,175,g7,area_3,speed,Speed,Grid\G 07.ElmSym,0.0008439267525784448,0.0003951032873826001,0.0009318363436881698
69,175,g7,area_3,speed,Speed,Grid\G 07.ElmSym,0.0008439267525784448,-0.0003951032873826001,0.0009318363436881698
70,175,g7,area_3,speed,Speed,Grid\G 07.ElmSym,-1.067334780744654e-06,6.924242191120281e-06,7.006021228591691e-06
71,175,g7,area_3,speed,Speed,Grid\G 07.ElmSym,-1.067334780744654e-06,-6.924242191120281e-06,7.006021228591691e-06
72,175,g7,area_3,speed,Speed,Grid\G 07.ElmSym,0.0001404057972358325,0.0001323176826049824,0.00019292940944133573
73,175,g7,area_3,speed,Speed,Grid\G 07.ElmSym,0.0001404057972358325,-0.0001323176826049824,0.00019292940944133573
74,175,g7,area_3,speed,Speed,Grid\G 07.ElmSym,2.361252704115337e-07,0.0,2.361252704115337e-07
75,175,g7,area_3,speed,Speed,Grid\G 07.ElmSym,0.002728419122546115,0.006808151105437289,0.0073345205966540376
76,175,g7,area_3,speed,Speed,Grid\G 07.ElmSym,0.002728419122546115,-0.006808151105437289,0.0073345205966540376
77,175,g7,area_3,speed,Speed,Grid\G 07.ElmSym,3.793918013897986e-06,0.0,3.793918013897986e-06
78,175,g7,area_3,speed,Speed,Grid\G 07.ElmSym,1.6961319275167274e-07,-0.0,1.6961319275167274e-07
79,175,g7,area_3,speed,Speed,Grid\G 07.ElmSym,2.5994321616897845e-08,0.0,2.5994321616897845e-08
80,175,g7,area_3,speed,Speed,Grid\G 07.ElmSym,-2.333967303994247e-16,-0.0,2.333967303994247e-16
81,175,g7,area_3,speed,Speed,Grid\G 07.ElmSym,1.0559696251339076e-14,0.0,1.0559696251339076e-14
89,175,g7,area_3,speed,Speed,Grid\G 07.ElmSym,-3.8640928460367735e-16,-0.0,3.8640928460367735e-16
91,175,g7,area_3,speed,Speed,Grid\G 07.ElmSym,-0.0021664854474295133,-0.0,0.0021664854474295133
92,175,g7,area_3,speed,Speed,Grid\G 07.ElmSym,-0.0013939251933014415,-0.0,0.0013939251933014415
93,175,g7,area_3,speed,Speed,Grid\G 07.ElmSym,-7.0688141972166e-05,0.0,7.0688141972166e-05
94,175,g7,area_3,speed,Speed,Grid\G 07.ElmSym,-0.003991576338399234,-0.0018008083809876148,0.004378994461095363
95,175,g7,area_3,speed,Speed,Grid\G 07.ElmSym,-0.003991576338399234,0.0018008083809876148,0.004378994461095363
96,175,g7,area_3,speed,Speed,Grid\G 07.ElmSym,0.0012653008052823328,0.0,0.0012653008052823328
97,175,g7,area_3,speed,Speed,Grid\G 07.ElmSym,0.0010660796125100853,-0.0,0.0010660796125100853
98,175,g7,area_3,speed,Speed,Grid\G 07.ElmSym,-0.000579513881426726,0.0,0.000579513881426726
99,175,g7,area_3,speed,Speed,Grid\G 07.ElmSym,-0.0020575659087117373,0.0,0.0020575659087117373
100,175,g7,area_3,speed,Speed,Grid\G 07.ElmSym,0.00010152968890206628,0.0,0.00010152968890206628
101,175,g7,area_3,speed,Speed,Grid\G 07.ElmSym,5.161214165147975e-05,0.0,5.161214165147975e-05
102,175,g7,area_3,speed,Speed,Grid\G 07.ElmSym,-1.1469693106548944e-05,2.275501686038393e-06,1.1693235988449901e-05
103,175,g7,area_3,speed,Speed,Grid\G 07.ElmSym,-1.1469693106548944e-05,-2.275501686038393e-06,1.1693235988449901e-05
104,175,g7,area_3,speed,Speed,Grid\G 07.ElmSym,1.0036276229890597e-05,-1.6125787782236833e-05,1.8993890390344092e-05
105,175,g7,area_3,speed,Speed,Grid\G 07.ElmSym,1.0036276229890597e-05,1.6125787782236833e-05,1.8993890390344092e-05
106,175,g7,area_3,speed,Speed,Grid\G 07.ElmSym,0.002280258955746348,-0.0018220280182929876,0.0029187954715440573
107,175,g7,area_3,speed,Speed,Grid\G 07.ElmSym,0.002280258955746348,0.0018220280182929876,0.0029187954715440573
108,175,g7,area_3,speed,Speed,Grid\G 07.ElmSym,-0.00018550340800084326,0.0,0.00018550340800084326
112,175,g7,area_3,speed,Speed,Grid\G 07.ElmSym,6.966628978172986e-07,0.0,6.966628978172986e-07
113,175,g7,area_3,speed,Speed,Grid\G 07.ElmSym,-2.016971301951221e-05,0.0,2.016971301951221e-05
114,175,g7,area_3,speed,Speed,Grid\G 07.ElmSym,-1.272712618811943e-06,-0.0,1.272712618811943e-06
115,175,g7,area_3,speed,Speed,Grid\G 07.ElmSym,9.215583017006549e-07,0.0,9.215583017006549e-07
116,175,g7,area_3,speed,Speed,Grid\G 07.ElmSym,9.997518252597407e-09,0.0,9.997518252597407e-09
117,175,g7,area_3,speed,Speed,Grid\G 07.ElmSym,1.9866780396717175e-06,0.0,1.9866780396717175e-06
118,175,g7,area_3,speed,Speed,Grid\G 07.ElmSym,-9.526233397834799e-07,0.0,9.526233397834799e-07
119,175,g7,area_3,speed,Speed,Grid\G 07.ElmSym,-3.3914134105484985e-05,-0.0,3.3914134105484985e-05
120,175,g7,area_3,speed,Speed,Grid\G 07.ElmSym,5.388544165504547e-07,0.0,5.388544165504547e-07
121,175,g7,area_3,speed,Speed,Grid\G 07.ElmSym,8.952567564540344e-05,-0.0,8.952567564540344e-05
122,175,g7,area_3,speed,Speed,Grid\G 07.ElmSym,5.068902134412961e-06,0.0,5.068902134412961e-06
123,175,g7,area_3,speed,Speed,Grid\G 07.ElmSym,-5.1947745986793696e-05,-0.0,5.1947745986793696e-05
124,175,g7,area_3,speed,Speed,Grid\G 07.ElmSym,5.857405637162542e-08,0.0,5.857405637162542e-08
125,175,g7,area_3,speed,Speed,Grid\G 07.ElmSym,-2.4564021511601995e-06,0.0,2.4564021511601995e-06
126,175,g7,area_3,speed,Speed,Grid\G 07.ElmSym,6.894613425104341e-05,0.0,6.894613425104341e-05
127,175,g7,area_3,speed,Speed,Grid\G 07.ElmSym,-0.0033637482918054697,-0.0,0.0033637482918054697
128,175,g7,area_3,speed,Speed,Grid\G 07.ElmSym,0.00021343343070277733,0.0,0.00021343343070277733
129,175,g7,area_3,speed,Speed,Grid\G 07.ElmSym,-8.971272546763295e-06,0.0,8.971272546763295e-06
130,175,g7,area_3,speed,Speed,Grid\G 07.ElmSym,-8.912035695687998e-06,-0.0,8.912035695687998e-06
131,175,g7,area_3,speed,Speed,Grid\G 07.ElmSym,-1.2994803889948144e-06,0.0,1.2994803889948144e-06
132,175,g7,area_3,speed,Speed,Grid\G 07.ElmSym,0.005216327330273525,-0.007766814230655405,0.009355932562287408
133,175,g7,area_3,speed,Speed,Grid\G 07.ElmSym,0.005216327330273525,0.007766814230655405,0.009355932562287408
134,175,g7,area_3,speed,Speed,Grid\G 07.ElmSym,-2.880298479331256e-05,-0.0,2.880298479331256e-05
135,175,g7,area_3,speed,Speed,Grid\G 07.ElmSym,1.2131067706365692e-07,0.0,1.2131067706365692e-07
136,175,g7,area_3,speed,Speed,Grid\G 07.ElmSym,-9.833462996562839e-08,0.0,9.833462996562839e-08
140,175,g7,area_3,speed,Speed,Grid\G 07.ElmSym,-0.00046310248935194613,-0.0,0.00046310248935194613
141,175,g7,area_3,speed,Speed,Grid\G 07.ElmSym,-0.005516600694164955,0.0,0.005516600694164955
142,175,g7,area_3,speed,Speed,Grid\G 07.ElmSym,-0.0008761021578618062,-0.0,0.0008761021578618062
143,175,g7,area_3,speed,Speed,Grid\G 07.ElmSym,-0.002945710698730254,0.0,0.002945710698730254
144,175,g7,area_3,speed,Speed,Grid\G 07.ElmSym,1.3147376889949423e-05,-0.0,1.3147376889949423e-05
145,175,g7,area_3,speed,Speed,Grid\G 07.ElmSym,2.442029637917387e-05,0.0,2.442029637917387e-05
146,175,g7,area_3,speed,Speed,Grid\G 07.ElmSym,8.272514226560943e-05,2.9681317578267174e-05,8.788873520564095e-05
147,175,g7,area_3,speed,Speed,Grid\G 07.ElmSym,8.272514226560943e-05,-2.9681317578267174e-05,8.788873520564095e-05
148,175,g7,area_3,speed,Speed,Grid\G 07.ElmSym,0.0004061028731670329,0.0011609419509789893,0.0012299210369521375
149,175,g7,area_3,speed,Speed,Grid\G 07.ElmSym,0.0004061028731670329,-0.0011609419509789893,0.0012299210369521375
150,175,g7,area_3,speed,Speed,Grid\G 07.ElmSym,3.904712960715457e-05,0.0,3.904712960715457e-05
151,175,g7,area_3,speed,Speed,Grid\G 07.ElmSym,5.982077561233335e-07,0.0,5.982077561233335e-07
152,175,g7,area_3,speed,Speed,Grid\G 07.ElmSym,-1.5056392514080395e-05,0.0,1.5056392514080395e-05
153,175,g7,area_3,speed,Speed,Grid\G 07.ElmSym,-2.803197502561953e-06,1.4683261871057624e-05,1.49484479265382e-05
154,175,g7,area_3,speed,Speed,Grid\G 07.ElmSym,-2.803197502561953e-06,-1.4683261871057624e-05,1.49484479265382e-05
155,175,g7,area_3,speed,Speed,Grid\G 07.ElmSym,1.8245437464530505e-06,0.0,1.8245437464530505e-06
156,175,g7,area_3,speed,Speed,Grid\G 07.ElmSym,9.998965163503494e-08,0.0,9.998965163503494e-08
157,175,g7,area_3,speed,Speed,Grid\G 07.ElmSym,1.8586650331405228e-05,0.0,1.8586650331405228e-05
158,175,g7,area_3,speed,Speed,Grid\G 07.ElmSym,-6.232378008076003e-05,-0.0,6.232378008076003e-05
159,175,g7,area_3,speed,Speed,Grid\G 07.ElmSym,2.1464351385597868e-08,7.742100214925354e-06,7.742129968963814e-06
160,175,g7,area_3,speed,Speed,Grid\G 07.ElmSym,2.1464351385597868e-08,-7.742100214925354e-06,7.742129968963814e-06
161,175,g7,area_3,speed,Speed,Grid\G 07.ElmSym,-0.00022162656735240501,0.0,0.00022162656735240501
162,175,g7,area_3,speed,Speed,Grid\G 07.ElmSym,-0.0028902974115403096,-0.0,0.0028902974115403096
163,175,g7,area_3,speed,Speed,Grid\G 07.ElmSym,-1.8117810300726043e-05,5.2589787585837294e-05,5.562320386688078e-05
164,175,g7,area_3,speed,Speed,Grid\G 07.ElmSym,-1.8117810300726043e-05,-5.2589787585837294e-05,5.562320386688078e-05
165,175,g7,area_3,speed,Speed,Grid\G 07.ElmSym,2.4572559721579205e-06,0.0,2.4572559721579205e-06
166,175,g7,area_3,speed,Speed,Grid\G 07.ElmSym,4.0519957217102965e-07,0.0,4.0519957217102965e-07
170,175,g7,area_3,speed,Speed,Grid\G 07.ElmSym,5.306199884119695e-06,0.0,5.306199884119695e-06
171,175,g7,area_3,speed,Speed,Grid\G 07.ElmSym,-4.5165848148134575e-05,-0.0,4.5165848148134575e-05
172,175,g7,area_3,speed,Speed,Grid\G 07.ElmSym,2.404798971068106e-07,0.0,2.404798971068106e-07
173,175,g7,area_3,speed,Speed,Grid\G 07.ElmSym,-1.5220630342735893e-06,0.0,1.5220630342735893e-06
174,175,g7,area_3,speed,Speed,Grid\G 07.ElmSym,2.6407098625682704e-07,0.0,2.6407098625682704e-07
1,176,g7,area_3,phi,Rotor position d-axis referred to the reference bus voltage,Grid\G 07.ElmSym,1.2692564900644304e-05,0.0,1.2692564900644304e-05
5,176,g7,area_3,phi,Rotor position d-axis referred to the reference bus voltage,Grid\G 07.ElmSym,-1.3719432948335296e-08,4.406639928856917e-08,4.6152685584735774e-08
6,176,g7,area_3,phi,Rotor position d-axis referred to the reference bus voltage,Grid\G 07.ElmSym,-1.3719432948335296e-08,-4.406639928856917e-08,4.6152685584735774e-08
7,176,g7,area_3,phi,Rotor position d-axis referred to the reference bus voltage,Grid\G 07.ElmSym,-2.5009794114151855e-12,2.467927001021872e-10,2.4680537214927967e-10
8,176,g7,area_3,phi,Rotor position d-axis referred to the reference bus voltage,Grid\G 07.ElmSym,-2.5009794114151855e-12,-2.467927001021872e-10,2.4680537214927967e-10
9,176,g7,area_3,phi,Rotor position d-axis referred to the reference bus voltage,Grid\G 07.ElmSym,2.989966899552669e-07,4.4886067839166923e-07,5.393282202985817e-07
10,176,g7,area_3,phi,Rotor position d-axis referred to the reference bus voltage,Grid\G 07.ElmSym,2.989966899552669e-07,-4.4886067839166923e-07,5.393282202985817e-07
11,176,g7,area_3,phi,Rotor position d-axis referred to the reference bus voltage,Grid\G 07.ElmSym,-5.694085194030101e-06,9.530570161512057e-06,1.110199863990159e-05
12,176,g7,area_3,phi,Rotor position d-axis referred to the reference bus voltage,Grid\G 07.ElmSym,-5.694085194030101e-06,-9.530570161512057e-06,1.110199863990159e-05
13,176,g7,area_3,phi,Rotor position d-axis referred to the reference bus voltage,Grid\G 07.ElmSym,-0.00012748201529074528,-0.0,0.00012748201529074528
14,176,g7,area_3,phi,Rotor position d-axis referred to the reference bus voltage,Grid\G 07.ElmSym,-0.004015526125480893,-0.03418975610163986,0.0344247566782111
15,176,g7,area_3,phi,Rotor position d-axis referred to the reference bus voltage,Grid\G 07.ElmSym,-0.004015526125480893,0.03418975610163986,0.0344247566782111
19,176,g7,area_3,phi,Rotor position d-axis referred to the reference bus voltage,Grid\G 07.ElmSym,2.6329463803430992e-11,0.0,2.6329463803430992e-11
20,176,g7,area_3,phi,Rotor position d-axis referred to the reference bus voltage,Grid\G 07.ElmSym,-9.962691153441666e-12,0.0,9.962691153441666e-12
21,176,g7,area_3,phi,Rotor position d-axis referred to the reference bus voltage,Grid\G 07.ElmSym,8.830464310216043e-06,0.0,8.830464310216043e-06
22,176,g7,area_3,phi,Rotor position d-axis referred to the reference bus voltage,Grid\G 07.ElmSym,0.0001328909137164856,-0.00012292480966747389,0.00018102625163270408
23,176,g7,area_3,phi,Rotor position d-axis referred to the reference bus voltage,Grid\G 07.ElmSym,0.0001328909137164856,0.00012292480966747389,0.00018102625163270408
24,176,g7,area_3,phi,Rotor position d-axis referred to the reference bus voltage,Grid\G 07.ElmSym,0.0005153597441183107,-0.0004322109178215124,0.0006726083134646826
25,176,g7,area_3,phi,Rotor position d-axis referred to the reference bus voltage,Grid\G 07.ElmSym,0.0005153597441183107,0.0004322109178215124,0.0006726083134646826
26,176,g7,area_3,phi,Rotor position d-axis referred to the reference bus voltage,Grid\G 07.ElmSym,-0.000721939107458873,0.0,0.000721939107458873
27,176,g7,area_3,phi,Rotor position d-axis referred to the reference bus voltage,Grid\G 07.ElmSym,0.0009295070373185653,-0.00028048865386008225,0.0009709053596355197
28,176,g7,area_3,phi,Rotor position d-axis referred to the reference bus voltage,Grid\G 07.ElmSym,0.0009295070373185653,0.00028048865386008225,0.0009709053596355197
29,176,g7,area_3,phi,Rotor position d-axis referred to the reference bus voltage,Grid\G 07.ElmSym,2.1721746515480614e-06,-1.7992898799407668e-06,2.8206004305617626e-06
30,176,g7,area_3,phi,Rotor position d-axis referred to the reference bus voltage,Grid\G 07.ElmSym,2.1721746515480614e-06,1.7992898799407668e-06,2.8206004305617626e-06
31,176,g7,area_3,phi,Rotor position d-axis referred to the reference bus voltage,Grid\G 07.ElmSym,-2.140089912535425e-05,1.9150350765585588e-05,2.8718189668197277e-05
32,176,g7,area_3,phi,Rotor position d-axis referred to the reference bus voltage,Grid\G 07.ElmSym,-2.140089912535425e-05,-1.9150350765585588e-05,2.8718189668197277e-05
33,176,g7,area_3,phi,Rotor position d-axis referred to the reference bus voltage,Grid\G 07.ElmSym,-9.313947597680707e-07,1.3367009581381411e-08,9.314906738494867e-07
34,176,g7,area_3,phi,Rotor position d-axis referred to the reference bus voltage,Grid\G 07.ElmSym,-9.313947597680707e-07,-1.3367009581381411e-08,9.314906738494867e-07
35,176,g7,area_3,phi,Rotor position d-axis referred to the reference bus voltage,Grid\G 07.ElmSym,-0.48556843040871295,0.14047771773450654,0.5054806522404955
36,176,g7,area_3,phi,Rotor position d-axis referred to the reference bus voltage,Grid\G 07.ElmSym,-0.48556843040871295,-0.14047771773450654,0.5054806522404955
37,176,g7,area_3,phi,Rotor position d-axis referred to the reference bus voltage,Grid\G 07.ElmSym,-0.010627013082162032,-0.001794504113630346,0.010777460371640398
38,176,g7,area_3,phi,Rotor position d-axis referred to the reference bus voltage,Grid\G 07.ElmSym,-0.010627013082162032,0.001794504113630346,0.010777460371640398
39,176,g7,area_3,phi,Rotor position d-axis referred to the reference bus voltage,Grid\G 07.ElmSym,0.04865690430680333,0.009220815568447928,0.04952290153523668
40,176,g7,area_3,phi,Rotor position d-axis referred to the reference bus voltage,Grid\G 07.ElmSym,0.04865690430680333,-0.009220815568447928,0.04952290153523668
41,176,g7,area_3,phi,Rotor position d-axis referred to the reference bus voltage,Grid\G 07.ElmSym,-0.980084005440558,0.14200855925937855,0.9903186803364521
42,176,g7,area_3,phi,Rotor position d-axis referred to the reference bus voltage,Grid\G 07.ElmSym,-0.980084005440558,-0.14200855925937855,0.9903186803364521
43,176,g7,area_3,phi,Rotor position d-axis referred to the reference bus voltage,Grid\G 07.ElmSym,0.029812885357461988,0.02613262717164208,0.039644953477450534
44,176,g7,area_3,phi,Rotor position d-axis referred to the reference bus voltage,Grid\G 07.ElmSym,0.029812885357461988,-0.02613262717164208,0.039644953477450534
45,176,g7,area_3,phi,Rotor position d-axis referred to the reference bus voltage,Grid\G 07.ElmSym,-0.0023517141929749207,-0.0013502208706255745,0.002711762534757158
46,176,g7,area_3,phi,Rotor position d-axis referred to the reference bus voltage,Grid\G 07.ElmSym,-0.0023517141929749207,0.0013502208706255745,0.002711762534757158
47,176,g7,area_3,phi,Rotor position d-axis referred to the reference bus voltage,Grid\G 07.ElmSym,-0.0015885881358459538,0.0006587882304427929,0.0017197715539921193
48,176,g7,area_3,phi,Rotor position d-axis referred to the reference bus voltage,Grid\G 07.ElmSym,-0.0015885881358459538,-0.0006587882304427929,0.0017197715539921193
49,176,g7,area_3,phi,Rotor position d-axis referred to the reference bus voltage,Grid\G 07.ElmSym,-0.00887647141466234,-0.0005569680306315153,0.008893928162654744
50,176,g7,area_3,phi,Rotor position d-axis referred to the reference bus voltage,Grid\G 07.ElmSym,-0.00887647141466234,0.0005569680306315153,0.008893928162654744
51,176,g7,area_3,phi,Rotor position d-axis referred to the reference bus voltage,Grid\G 07.ElmSym,0.003393349255178637,0.0,0.003393349255178637
52,176,g7,area_3,phi,Rotor position d-axis referred to the reference bus voltage,Grid\G 07.ElmSym,-1.4944927647149522e-14,-0.0,1.4944927647149522e-14
53,176,g7,area_3,phi,Rotor position d-axis referred to the reference bus voltage,Grid\G 07.ElmSym,2.520984600729506e-16,0.0,2.520984600729506e-16
54,176,g7,area_3,phi,Rotor position d-axis referred to the reference bus voltage,Grid\G 07.ElmSym,-3.843505488072951e-15,-0.0,3.843505488072951e-15
55,176,g7,area_3,phi,Rotor position d-axis referred to the reference bus voltage,Grid\G 07.ElmSym,2.9350889046168052e-15,0.0,2.9350889046168052e-15
56,176,g7,area_3,phi,Rotor position d-axis referred to the reference bus voltage,Grid\G 07.ElmSym,8.563674762713407e-15,0.0,8.563674762713407e-15
57,176,g7,area_3,phi,Rotor position d-axis referred to the reference bus voltage,Grid\G 07.ElmSym,0.0012776903288482485,0.0,0.0012776903288482485
58,176,g7,area_3,phi,Rotor position d-axis referred to the reference bus voltage,Grid\G 07.ElmSym,-0.007360657159805095,0.0,0.007360657159805095
59,176,g7,area_3,phi,Rotor position d-axis referred to the reference bus voltage,Grid\G 07.ElmSym,0.025356081641452033,0.0,0.025356081641452033
60,176,g7,area_3,phi,Rotor position d-axis referred to the reference bus voltage,Grid\G 07.ElmSym,0.00235664898109269,-0.0028911603492882245,0.0037299601318756237
61,176,g7,area_3,phi,Rotor position d-axis referred to the reference bus voltage,Grid\G 07.ElmSym,0.00235664898109269,0.0028911603492882245,0.0037299601318756237
62,176,g7,area_3,phi,Rotor position d-axis referred to the reference bus voltage,Grid\G 07.ElmSym,4.04548724166039e-06,0.0,4.04548724166039e-06
63,176,g7,area_3,phi,Rotor position d-axis referred to the reference bus voltage,Grid\G 07.ElmSym,1.4660027917072593e-07,0.0,1.4660027917072593e-07
64,176,g7,area_3,phi,Rotor position d-axis referred to the reference bus voltage,Grid\G 07.ElmSym,0.0001237935235513542,0.0,0.0001237935235513542
65,176,g7,area_3,phi,Rotor position d-axis referred to the reference bus voltage,Grid\G 07.ElmSym,-0.0008134715442779884,0.0012379259943335079,0.0014812821205957424
66,176,g7,area_3,phi,Rotor position d-axis referred to the reference bus voltage,Grid\G 07.ElmSym,-0.0008134715442779884,-0.0012379259943335079,0.0014812821205957424
67,176,g7,area_3,phi,Rotor position d-axis referred to the reference bus voltage,Grid\G 07.ElmSym,0.00025637536740439335,0.0,0.00025637536740439335
68,176,g7,area_3,phi,Rotor position d-axis referred to the reference bus voltage,Grid\G 07.ElmSym,-0.045912617112007933,-0.019204918964778377,0.04976743234804813
69,176,g7,area_3,phi,Rotor position d-axis referred to the reference bus voltage,Grid\G 07.ElmSym,-0.045912617112007933,0.019204918964778377,0.04976743234804813
70,176,g7,area_3,phi,Rotor position d-axis referred to the reference bus voltage,Grid\G 07.ElmSym,-0.001778811119880835,0.0009378857495430088,0.0020109198590216276
71,176,g7,area_3,phi,Rotor position d-axis referred to the reference bus voltage,Grid\G 07.ElmSym,-0.001778811119880835,-0.0009378857495430088,0.0020109198590216276
72,176,g7,area_3,phi,Rotor position d-axis referred to the reference bus voltage,Grid\G 07.ElmSym,-0.01127615752670858,-0.0074865607079638175,0.013535151266283442
73,176,g7,area_3,phi,Rotor position d-axis referred to the reference bus voltage,Grid\G 07.ElmSym,-0.01127615752670858,0.0074865607079638175,0.013535151266283442
74,176,g7,area_3,phi,Rotor position d-axis referred to the reference bus voltage,Grid\G 07.ElmSym,0.0002687603383677723,0.0,0.0002687603383677723
75,176,g7,area_3,phi,Rotor position d-axis referred to the reference bus voltage,Grid\G 07.ElmSym,-0.0010632949574402462,-0.0006935025712842339,0.001269465235008702
76,176,g7,area_3,phi,Rotor position d-axis referred to the reference bus voltage,Grid\G 07.ElmSym,-0.0010632949574402462,0.0006935025712842339,0.001269465235008702
77,176,g7,area_3,phi,Rotor position d-axis referred to the reference bus voltage,Grid\G 07.ElmSym,4.516469833001935e-05,0.0,4.516469833001935e-05
78,176,g7,area_3,phi,Rotor position d-axis referred to the reference bus voltage,Grid\G 07.ElmSym,-1.7312790405893141e-06,0.0,1.7312790405893141e-06
79,176,g7,area_3,phi,Rotor position d-axis referred to the reference bus voltage,Grid\G 07.ElmSym,2.5025446464926563e-07,0.0,2.5025446464926563e-07
80,176,g7,area_3,phi,Rotor position d-axis referred to the reference bus voltage,Grid\G 07.ElmSym,3.0462370069086046e-14,0.0,3.0462370069086046e-14
81,176,g7,area_3,phi,Rotor position d-axis referred to the reference bus voltage,Grid\G 07.ElmSym,-4.213292964712942e-14,-0.0,4.213292964712942e-14
85,176,g7,area_3,phi,Rotor position d-axis referred to the reference bus voltage,Grid\G 07.ElmSym,2.696598895044038e-16,0.0,2.696598895044038e-16
89,176,g7,area_3,phi,Rotor position d-axis referred to the reference bus voltage,Grid\G 07.ElmSym,-7.119169812523247e-15,-0.0,7.119169812523247e-15
90,176,g7,area_3,phi,Rotor position d-axis referred to the reference bus voltage,Grid\G 07.ElmSym,1.8058421093540716e-14,0.0,1.8058421093540716e-14
91,176,g7,area_3,phi,Rotor position d-axis referred to the reference bus voltage,Grid\G 07.ElmSym,-0.0002682371480462166,-0.0,0.0002682371480462166
92,176,g7,area_3,phi,Rotor position d-axis referred to the reference bus voltage,Grid\G 07.ElmSym,0.004469439499714769,0.0,0.004469439499714769
93,176,g7,area_3,phi,Rotor position d-axis referred to the reference bus voltage,Grid\G 07.ElmSym,0.0006314649961286641,-0.0,0.0006314649961286641
94,176,g7,area_3,phi,Rotor position d-axis referred to the reference bus voltage,Grid\G 07.ElmSym,-0.00041620790793577857,0.0004960719021636786,0.0006475464112668433
95,176,g7,area_3,phi,Rotor position d-axis referred to the reference bus voltage,Grid\G 07.ElmSym,-0.00041620790793577857,-0.0004960719021636786,0.0006475464112668433
96,176,g7,area_3,phi,Rotor position d-axis referred to the reference bus voltage,Grid\G 07.ElmSym,-0.00845012441479076,0.0,0.00845012441479076
97,176,g7,area_3,phi,Rotor position d-axis referred to the reference bus voltage,Grid\G 07.ElmSym,0.000997047521699605,-0.0,0.000997047521699605
98,176,g7,area_3,phi,Rotor position d-axis referred to the reference bus voltage,Grid\G 07.ElmSym,1.3027777927103913e-05,-0.0,1.3027777927103913e-05
99,176,g7,area_3,phi,Rotor position d-axis referred to the reference bus voltage,Grid\G 07.ElmSym,9.059947907704325e-05,0.0,9.059947907704325e-05
100,176,g7,area_3,phi,Rotor position d-axis referred to the reference bus voltage,Grid\G 07.ElmSym,1.0940741502560171e-05,0.0,1.0940741502560171e-05
101,176,g7,area_3,phi,Rotor position d-axis referred to the reference bus voltage,Grid\G 07.ElmSym,-1.5047010896061872e-06,-0.0,1.5047010896061872e-06
102,176,g7,area_3,phi,Rotor position d-axis referred to the reference bus voltage,Grid\G 07.ElmSym,-6.125501806622535e-06,1.3931072275343951e-06,6.281920099009897e-06
103,176,g7,area_3,phi,Rotor position d-axis referred to the reference bus voltage,Grid\G 07.ElmSym,-6.125501806622535e-06,-1.3931072275343951e-06,6.281920099009897e-06
104,176,g7,area_3,phi,Rotor position d-axis referred to the reference bus voltage,Grid\G 07.ElmSym,-2.7089392502851833e-05,3.58338089574893e-05,4.492100901110087e-05
105,176,g7,area_3,phi,Rotor position d-axis referred to the reference bus voltage,Grid\G 07.ElmSym,-2.7089392502851833e-05,-3.58338089574893e-05,4.492100901110087e-05
106,176,g7,area_3,phi,Rotor position d-axis referred to the reference bus voltage,Grid\G 07.ElmSym,0.0007428137665046663,-0.000575376603774558,0.0009395906171732419
107,176,g7,area_3,phi,Rotor position d-axis referred to the reference bus voltage,Grid\G 07.ElmSym,0.0007428137665046663,0.000575376603774558,0.0009395906171732419
108,176,g7,area_3,phi,Rotor position d-axis referred to the reference bus voltage,Grid\G 07.ElmSym,-8.25169002938208e-05,0.0,8.25169002938208e-05
112,176,g7,area_3,phi,Rotor position d-axis referred to the reference bus voltage,Grid\G 07.ElmSym,-7.014380328920173e-06,0.0,7.014380328920173e-06
113,176,g7,area_3,phi,Rotor position d-axis referred to the reference bus voltage,Grid\G 07.ElmSym,-6.439501298572812e-06,0.0,6.439501298572812e-06
114,176,g7,area_3,phi,Rotor position d-axis referred to the reference bus voltage,Grid\G 07.ElmSym,-5.474486674870348e-06,-0.0,5.474486674870348e-06
115,176,g7,area_3,phi,Rotor position d-axis referred to the reference bus voltage,Grid\G 07.ElmSym,-1.0723075667856714e-07,0.0,1.0723075667856714e-07
116,176,g7,area_3,phi,Rotor position d-axis referred to the reference bus voltage,Grid\G 07.ElmSym,-7.173032421033071e-08,-0.0,7.173032421033071e-08
117,176,g7,area_3,phi,Rotor position d-axis referred to the reference bus voltage,Grid\G 07.ElmSym,2.592318443744327e-07,0.0,2.592318443744327e-07
118,176,g7,area_3,phi,Rotor position d-axis referred to the reference bus voltage,Grid\G 07.ElmSym,1.6546189239881562e-08,0.0,1.6546189239881562e-08
119,176,g7,area_3,phi,Rotor position d-axis referred to the reference bus voltage,Grid\G 07.ElmSym,2.8946174683942648e-05,0.0,2.8946174683942648e-05
120,176,g7,area_3,phi,Rotor position d-axis referred to the reference bus voltage,Grid\G 07.ElmSym,1.0758759140350668e-07,0.0,1.0758759140350668e-07
121,176,g7,area_3,phi,Rotor position d-axis referred to the reference bus voltage,Grid\G 07.ElmSym,8.230749057803213e-05,0.0,8.230749057803213e-05
122,176,g7,area_3,phi,Rotor position d-axis referred to the reference bus voltage,Grid\G 07.ElmSym,2.2053507345865837e-05,0.0,2.2053507345865837e-05
123,176,g7,area_3,phi,Rotor position d-axis referred to the reference bus voltage,Grid\G 07.ElmSym,0.0001423309272749605,0.0,0.0001423309272749605
124,176,g7,area_3,phi,Rotor position d-axis referred to the reference bus voltage,Grid\G 07.ElmSym,-2.1544759736273604e-07,-0.0,2.1544759736273604e-07
125,176,g7,area_3,phi,Rotor position d-axis referred to the reference bus voltage,Grid\G 07.ElmSym,-8.394052155931324e-07,0.0,8.394052155931324e-07
126,176,g7,area_3,phi,Rotor position d-axis referred to the reference bus voltage,Grid\G 07.ElmSym,-4.672688476771804e-06,0.0,4.672688476771804e-06
127,176,g7,area_3,phi,Rotor position d-axis referred to the reference bus voltage,Grid\G 07.ElmSym,-0.0022114415732351006,-0.0,0.0022114415732351006
128,176,g7,area_3,phi,Rotor position d-axis referred to the reference bus voltage,Grid\G 07.ElmSym,0.0006834206415587081,0.0,0.0006834206415587081
129,176,g7,area_3,phi,Rotor position d-axis referred to the reference bus voltage,Grid\G 07.ElmSym,-2.4567357482672162e-06,0.0,2.4567357482672162e-06
130,176,g7,area_3,phi,Rotor position d-axis referred to the reference bus voltage,Grid\G 07.ElmSym,1.2107254537718681e-05,0.0,1.2107254537718681e-05
131,176,g7,area_3,phi,Rotor position d-axis referred to the reference bus voltage,Grid\G 07.ElmSym,2.720694177875159e-07,0.0,2.720694177875159e-07
132,176,g7,area_3,phi,Rotor position d-axis referred to the reference bus voltage,Grid\G 07.ElmSym,3.6620010159625106e-05,-0.004627473421424636,0.004627618317356728
133,176,g7,area_3,phi,Rotor position d-axis referred to the reference bus voltage,Grid\G 07.ElmSym,3.6620010159625106e-05,0.004627473421424636,0.004627618317356728
134,176,g7,area_3,phi,Rotor position d-axis referred to the reference bus voltage,Grid\G 07.ElmSym,2.2270374263964475e-06,0.0,2.2270374263964475e-06
135,176,g7,area_3,phi,Rotor position d-axis referred to the reference bus voltage,Grid\G 07.ElmSym,2.684693294396862e-06,0.0,2.684693294396862e-06
136,176,g7,area_3,phi,Rotor position d-axis referred to the reference bus voltage,Grid\G 07.ElmSym,-1.0990567746190423e-07,0.0,1.0990567746190423e-07
140,176,g7,area_3,phi,Rotor position d-axis referred to the reference bus voltage,Grid\G 07.ElmSym,-0.0006493561967489621,-0.0,0.0006493561967489621
141,176,g7,area_3,phi,Rotor position d-axis referred to the reference bus voltage,Grid\G 07.ElmSym,-0.005924780770472623,0.0,0.005924780770472623
142,176,g7,area_3,phi,Rotor position d-axis referred to the reference bus voltage,Grid\G 07.ElmSym,-0.0014483921235619167,-0.0,0.0014483921235619167
143,176,g7,area_3,phi,Rotor position d-axis referred to the reference bus voltage,Grid\G 07.ElmSym,-0.003998524402776448,0.0,0.003998524402776448
144,176,g7,area_3,phi,Rotor position d-axis referred to the reference bus voltage,Grid\G 07.ElmSym,7.771310688491583e-06,0.0,7.771310688491583e-06
145,176,g7,area_3,phi,Rotor position d-axis referred to the reference bus voltage,Grid\G 07.ElmSym,0.0006671427698319143,0.0,0.0006671427698319143
146,176,g7,area_3,phi,Rotor position d-axis referred to the reference bus voltage,Grid\G 07.ElmSym,-8.686450781588048e-05,-3.416830185516265e-05,9.334299957554757e-05
147,176,g7,area_3,phi,Rotor position d-axis referred to the reference bus voltage,Grid\G 07.ElmSym,-8.686450781588048e-05,3.416830185516265e-05,9.334299957554757e-05
148,176,g7,area_3,phi,Rotor position d-axis referred to the reference bus voltage,Grid\G 07.ElmSym,-0.0002977100448197495,0.00027884479472890485,0.00040790402098285613
149,176,g7,area_3,phi,Rotor position d-axis referred to the reference bus voltage,Grid\G 07.ElmSym,-0.0002977100448197495,-0.00027884479472890485,0.00040790402098285613
150,176,g7,area_3,phi,Rotor position d-axis referred to the reference bus voltage,Grid\G 07.ElmSym,-4.2519960453186076e-05,-0.0,4.2519960453186076e-05
151,176,g7,area_3,phi,Rotor position d-axis referred to the reference bus voltage,Grid\G 07.ElmSym,1.5082320016065092e-06,0.0,1.5082320016065092e-06
152,176,g7,area_3,phi,Rotor position d-axis referred to the reference bus voltage,Grid\G 07.ElmSym,-2.2416543445160573e-05,0.0,2.2416543445160573e-05
153,176,g7,area_3,phi,Rotor position d-axis referred to the reference bus voltage,Grid\G 07.ElmSym,3.9577263307360864e-05,-7.109330078672859e-05,8.136717512395547e-05
154,176,g7,area_3,phi,Rotor position d-axis referred to the reference bus voltage,Grid\G 07.ElmSym,3.9577263307360864e-05,7.109330078672859e-05,8.136717512395547e-05
155,176,g7,area_3,phi,Rotor position d-axis referred to the reference bus voltage,Grid\G 07.ElmSym,6.332257661547018e-08,0.0,6.332257661547018e-08
156,176,g7,area_3,phi,Rotor position d-axis referred to the reference bus voltage,Grid\G 07.ElmSym,1.0301952766841466e-07,0.0,1.0301952766841466e-07
157,176,g7,area_3,phi,Rotor position d-axis referred to the reference bus voltage,Grid\G 07.ElmSym,1.1113328732691525e-06,0.0,1.1113328732691525e-06
158,176,g7,area_3,phi,Rotor position d-axis referred to the reference bus voltage,Grid\G 07.ElmSym,-2.6798662034879556e-06,-0.0,2.6798662034879556e-06
159,176,g7,area_3,phi,Rotor position d-axis referred to the reference bus voltage,Grid\G 07.ElmSym,-3.752936105723537e-07,4.6111422337991756e-06,4.62638930424828e-06
160,176,g7,area_3,phi,Rotor position d-axis referred to the reference bus voltage,Grid\G 07.ElmSym,-3.752936105723537e-07,-4.6111422337991756e-06,4.62638930424828e-06
161,176,g7,area_3,phi,Rotor position d-axis referred to the reference bus voltage,Grid\G 07.ElmSym,0.0005006886005220336,0.0,0.0005006886005220336
162,176,g7,area_3,phi,Rotor position d-axis referred to the reference bus voltage,Grid\G 07.ElmSym,-0.0028345384504795653,-0.0,0.0028345384504795653
163,176,g7,area_3,phi,Rotor position d-axis referred to the reference bus voltage,Grid\G 07.ElmSym,1.6567981508891824e-05,2.133291699042043e-05,2.7010948865212975e-05
164,176,g7,area_3,phi,Rotor position d-axis referred to the reference bus voltage,Grid\G 07.ElmSym,1.6567981508891824e-05,-2.133291699042043e-05,2.7010948865212975e-05
165,176,g7,area_3,phi,Rotor position d-axis referred to the reference bus voltage,Grid\G 07.ElmSym,1.7643540239904597e-06,-0.0,1.7643540239904597e-06
166,176,g7,area_3,phi,Rotor position d-axis referred to the reference bus voltage,Grid\G 07.ElmSym,-3.3002206607926693e-06,0.0,3.3002206607926693e-06
170,176,g7,area_3,phi,Rotor position d-axis referred to the reference bus voltage,Grid\G 07.ElmSym,-8.312903664098172e-06,-0.0,8.312903664098172e-06
171,176,g7,area_3,phi,Rotor position d-axis referred to the reference bus voltage,Grid\G 07.ElmSym,5.87605246451868e-06,0.0,5.87605246451868e-06
172,176,g7,area_3,phi,Rotor position d-axis referred to the reference bus voltage,Grid\G 07.ElmSym,1.5668444026712934e-06,0.0,1.5668444026712934e-06
173,176,g7,area_3,phi,Rotor position d-axis referred to the reference bus voltage,Grid\G 07.ElmSym,-7.038944313740303e-07,0.0,7.038944313740303e-07
174,176,g7,area_3,phi,Rotor position d-axis referred to the reference bus voltage,Grid\G 07.ElmSym,-2.0165421113078883e-07,0.0,2.0165421113078883e-07
1,177,g8,area_1,psi1d,Flux in 1d-damper winding,Grid\G 08.ElmSym,4.495882316934292e-07,0.0,4.495882316934292e-07
5,177,g8,area_1,psi1d,Flux in 1d-damper winding,Grid\G 08.ElmSym,-1.323309361165938e-08,1.7625615521771946e-08,2.2040351382323025e-08
6,177,g8,area_1,psi1d,Flux in 1d-damper winding,Grid\G 08.ElmSym,-1.323309361165938e-08,-1.7625615521771946e-08,2.2040351382323025e-08
7,177,g8,area_1,psi1d,Flux in 1d-damper winding,Grid\G 08.ElmSym,-2.2045448723337046e-10,-1.0494672507904251e-10,2.4415977565140504e-10
8,177,g8,area_1,psi1d,Flux in 1d-damper winding,Grid\G 08.ElmSym,-2.2045448723337046e-10,1.0494672507904251e-10,2.4415977565140504e-10
9,177,g8,area_1,psi1d,Flux in 1d-damper winding,Grid\G 08.ElmSym,-1.8088271254724163e-07,2.1647451585236788e-07,2.820988686825332e-07
10,177,g8,area_1,psi1d,Flux in 1d-damper winding,Grid\G 08.ElmSym,-1.8088271254724163e-07,-2.1647451585236788e-07,2.820988686825332e-07
11,177,g8,area_1,psi1d,Flux in 1d-damper winding,Grid\G 08.ElmSym,0.02694806359356562,-0.009892781466547656,0.028706536826787827
12,177,g8,area_1,psi1d,Flux in 1d-damper winding,Grid\G 08.ElmSym,0.02694806359356562,0.009892781466547656,0.028706536826787827
13,177,g8,area_1,psi1d,Flux in 1d-damper winding,Grid\G 08.ElmSym,-1.5760628216814684e-05,-0.0,1.5760628216814684e-05
14,177,g8,area_1,psi1d,Flux in 1d-damper winding,Grid\G 08.ElmSym,-1.5225669340663432e-05,0.001114024382347684,0.0011141284241379043
15,177,g8,area_1,psi1d,Flux in 1d-damper winding,Grid\G 08.ElmSym,-1.5225669340663432e-05,-0.001114024382347684,0.0011141284241379043
19,177,g8,area_1,psi1d,Flux in 1d-damper winding,Grid\G 08.ElmSym,5.121310207318814e-11,0.0,5.121310207318814e-11
20,177,g8,area_1,psi1d,Flux in 1d-damper winding,Grid\G 08.ElmSym,3.348132940092739e-12,0.0,3.348132940092739e-12
21,177,g8,area_1,psi1d,Flux in 1d-damper winding,Grid\G 08.ElmSym,1.5389332804190677e-06,0.0,1.5389332804190677e-06
22,177,g8,area_1,psi1d,Flux in 1d-damper winding,Grid\G 08.ElmSym,0.00031680011776305745,-0.0001532301445802314,0.00035191162501793785
23,177,g8,area_1,psi1d,Flux in 1d-damper winding,Grid\G 08.ElmSym,0.00031680011776305745,0.0001532301445802314,0.00035191162501793785
24,177,g8,area_1,psi1d,Flux in 1d-damper winding,Grid\G 08.ElmSym,0.001797710157235672,-0.0015655316952274585,0.0023838312226728774
25,177,g8,area_1,psi1d,Flux in 1d-damper winding,Grid\G 08.ElmSym,0.001797710157235672,0.0015655316952274585,0.0023838312226728774
26,177,g8,area_1,psi1d,Flux in 1d-damper winding,Grid\G 08.ElmSym,-0.00027661490856940505,0.0,0.00027661490856940505
27,177,g8,area_1,psi1d,Flux in 1d-damper winding,Grid\G 08.ElmSym,0.0002612821099055101,-0.0002773455548949814,0.00038103660949662067
28,177,g8,area_1,psi1d,Flux in 1d-damper winding,Grid\G 08.ElmSym,0.0002612821099055101,0.0002773455548949814,0.00038103660949662067
29,177,g8,area_1,psi1d,Flux in 1d-damper winding,Grid\G 08.ElmSym,-3.0691191635531164e-07,-8.195772141462561e-08,3.17666479976039e-07
30,177,g8,area_1,psi1d,Flux in 1d-damper winding,Grid\G 08.ElmSym,-3.0691191635531164e-07,8.195772141462561e-08,3.17666479976039e-07
31,177,g8,area_1,psi1d,Flux in 1d-damper winding,Grid\G 08.ElmSym,-5.68761563846222e-06,-5.273433834673602e-06,7.756163746309147e-06
32,177,g8,area_1,psi1d,Flux in 1d-damper winding,Grid\G 08.ElmSym,-5.68761563846222e-06,5.273433834673602e-06,7.756163746309147e-06
33,177,g8,area_1,psi1d,Flux in 1d-damper winding,Grid\G 08.ElmSym,3.58697965154949e-08,-6.078759364250286e-08,7.058168206347214e-08
34,177,g8,area_1,psi1d,Flux in 1d-damper winding,Grid\G 08.ElmSym,3.58697965154949e-08,6.078759364250286e-08,7.058168206347214e-08
35,177,g8,area_1,psi1d,Flux in 1d-damper winding,Grid\G 08.ElmSym,-2.2394988792783123e-06,-2.817029570303943e-05,2.8259174001144664e-05
36,177,g8,area_1,psi1d,Flux in 1d-damper winding,Grid\G 08.ElmSym,-2.2394988792783123e-06,2.817029570303943e-05,2.8259174001144664e-05
37,177,g8,area_1,psi1d,Flux in 1d-damper winding,Grid\G 08.ElmSym,-2.0313645352488344e-05,3.625897708374466e-05,4.156149187247965e-05
38,177,g8,area_1,psi1d,Flux in 1d-damper winding,Grid\G 08.ElmSym,-2.0313645352488344e-05,-3.625897708374466e-05,4.156149187247965e-05
39,177,g8,area_1,psi1d,Flux in 1d-damper winding,Grid\G 08.ElmSym,-0.0008887800712205373,0.0022860079391535592,0.0024527051010816378
40,177,g8,area_1,psi1d,Flux in 1d-damper winding,Grid\G 08.ElmSym,-0.0008887800712205373,-0.0022860079391535592,0.0024527051010816378
41,177,g8,area_1,psi1d,Flux in 1d-damper winding,Grid\G 08.ElmSym,-0.0023110900687387833,-0.0038909713039942087,0.004525571234035481
42,177,g8,area_1,psi1d,Flux in 1d-damper winding,Grid\G 08.ElmSym,-0.0023110900687387833,0.0038909713039942087,0.004525571234035481
43,177,g8,area_1,psi1d,Flux in 1d-damper winding,Grid\G 08.ElmSym,-0.004244263078359312,0.04867114848233305,0.048855853934483995
44,177,g8,area_1,psi1d,Flux in 1d-damper winding,Grid\G 08.ElmSym,-0.004244263078359312,-0.04867114848233305,0.048855853934483995
45,177,g8,area_1,psi1d,Flux in 1d-damper winding,Grid\G 08.ElmSym,-1.8240259828294122e-05,-0.0007824795643481555,0.0007826921334094798
46,177,g8,area_1,psi1d,Flux in 1d-damper winding,Grid\G 08.ElmSym,-1.8240259828294122e-05,0.0007824795643481555,0.0007826921334094798
47,177,g8,area_1,psi1d,Flux in 1d-damper winding,Grid\G 08.ElmSym,-0.00030679736134972855,5.850111838381706e-05,0.0003123251539394695
48,177,g8,area_1,psi1d,Flux in 1d-damper winding,Grid\G 08.ElmSym,-0.00030679736134972855,-5.850111838381706e-05,0.0003123251539394695
49,177,g8,area_1,psi1d,Flux in 1d-damper winding,Grid\G 08.ElmSym,-3.1256956637282214e-05,-6.507665824768406e-05,7.21939664162512e-05
50,177,g8,area_1,psi1d,Flux in 1d-damper winding,Grid\G 08.ElmSym,-3.1256956637282214e-05,6.507665824768406e-05,7.21939664162512e-05
51,177,g8,area_1,psi1d,Flux in 1d-damper winding,Grid\G 08.ElmSym,-1.6815058276726295e-06,-0.0,1.6815058276726295e-06
52,177,g8,area_1,psi1d,Flux in 1d-damper winding,Grid\G 08.ElmSym,-1.1298407795381558e-15,-0.0,1.1298407795381558e-15
53,177,g8,area_1,psi1d,Flux in 1d-damper winding,Grid\G 08.ElmSym,-2.6034006482797487e-15,0.0,2.6034006482797487e-15
54,177,g8,area_1,psi1d,Flux in 1d-damper winding,Grid\G 08.ElmSym,7.755469629122912e-16,0.0,7.755469629122912e-16
55,177,g8,area_1,psi1d,Flux in 1d-damper winding,Grid\G 08.ElmSym,2.8105320057112464e-15,0.0,2.8105320057112464e-15
56,177,g8,area_1,psi1d,Flux in 1d-damper winding,Grid\G 08.ElmSym,7.0408194443575e-16,0.0,7.0408194443575e-16
57,177,g8,area_1,psi1d,Flux in 1d-damper winding,Grid\G 08.ElmSym,7.697124478232503e-05,0.0,7.697124478232503e-05
58,177,g8,area_1,psi1d,Flux in 1d-damper winding,Grid\G 08.ElmSym,3.7954932808644715e-05,-0.0,3.7954932808644715e-05
59,177,g8,area_1,psi1d,Flux in 1d-damper winding,Grid\G 08.ElmSym,-5.349937882995846e-07,0.0,5.349937882995846e-07
60,177,g8,area_1,psi1d,Flux in 1d-damper winding,Grid\G 08.ElmSym,-4.2712466915003027e-05,2.5959341337969164e-05,4.998241923583154e-05
61,177,g8,area_1,psi1d,Flux in 1d-damper winding,Grid\G 08.ElmSym,-4.2712466915003027e-05,-2.5959341337969164e-05,4.998241923583154e-05
62,177,g8,area_1,psi1d,Flux in 1d-damper winding,Grid\G 08.ElmSym,0.0001744755594245829,0.0,0.0001744755594245829
63,177,g8,area_1,psi1d,Flux in 1d-damper winding,Grid\G 08.ElmSym,-0.0001966555314323647,-0.0,0.0001966555314323647
64,177,g8,area_1,psi1d,Flux in 1d-damper winding,Grid\G 08.ElmSym,2.771312793368982e-07,0.0,2.771312793368982e-07
65,177,g8,area_1,psi1d,Flux in 1d-damper winding,Grid\G 08.ElmSym,-4.231376767326292e-06,3.3799944979553677e-06,5.415617430476165e-06
66,177,g8,area_1,psi1d,Flux in 1d-damper winding,Grid\G 08.ElmSym,-4.231376767326292e-06,-3.3799944979553677e-06,5.415617430476165e-06
67,177,g8,area_1,psi1d,Flux in 1d-damper winding,Grid\G 08.ElmSym,-8.539099023033577e-06,-0.0,8.539099023033577e-06
68,177,g8,area_1,psi1d,Flux in 1d-damper winding,Grid\G 08.ElmSym,-4.3157894612002514e-07,2.8737323165473453e-07,5.185014570912576e-07
69,177,g8,area_1,psi1d,Flux in 1d-damper winding,Grid\G 08.ElmSym,-4.3157894612002514e-07,-2.8737323165473453e-07,5.185014570912576e-07
70,177,g8,area_1,psi1d,Flux in 1d-damper winding,Grid\G 08.ElmSym,-2.0531273083691223e-05,-6.765427037610754e-05,7.070101466429295e-05
71,177,g8,area_1,psi1d,Flux in 1d-damper winding,Grid\G 08.ElmSym,-2.0531273083691223e-05,6.765427037610754e-05,7.070101466429295e-05
72,177,g8,area_1,psi1d,Flux in 1d-damper winding,Grid\G 08.ElmSym,-5.390590346441976e-06,-4.1104768923370625e-05,4.145673036464464e-05
73,177,g8,area_1,psi1d,Flux in 1d-damper winding,Grid\G 08.ElmSym,-5.390590346441976e-06,4.1104768923370625e-05,4.145673036464464e-05
74,177,g8,area_1,psi1d,Flux in 1d-damper winding,Grid\G 08.ElmSym,-6.0384585160803e-06,0.0,6.0384585160803e-06
75,177,g8,area_1,psi1d,Flux in 1d-damper winding,Grid\G 08.ElmSym,3.140783825538211e-05,-8.926345939316232e-06,3.265167615459567e-05
76,177,g8,area_1,psi1d,Flux in 1d-damper winding,Grid\G 08.ElmSym,3.140783825538211e-05,8.926345939316232e-06,3.265167615459567e-05
77,177,g8,area_1,psi1d,Flux in 1d-damper winding,Grid\G 08.ElmSym,-3.2757000506432896e-07,0.0,3.2757000506432896e-07
78,177,g8,area_1,psi1d,Flux in 1d-damper winding,Grid\G 08.ElmSym,-2.8154809218563523e-08,0.0,2.8154809218563523e-08
79,177,g8,area_1,psi1d,Flux in 1d-damper winding,Grid\G 08.ElmSym,-9.69301388072073e-10,-0.0,9.69301388072073e-10
91,177,g8,area_1,psi1d,Flux in 1d-damper winding,Grid\G 08.ElmSym,-1.0328549963382115e-05,-0.0,1.0328549963382115e-05
92,177,g8,area_1,psi1d,Flux in 1d-damper winding,Grid\G 08.ElmSym,-3.8802324887023404e-05,-0.0,3.8802324887023404e-05
93,177,g8,area_1,psi1d,Flux in 1d-damper winding,Grid\G 08.ElmSym,-2.8730282750198494e-06,0.0,2.8730282750198494e-06
94,177,g8,area_1,psi1d,Flux in 1d-damper winding,Grid\G 08.ElmSym,0.00025602714371518714,-0.0003205843919665786,0.0004102733853073314
95,177,g8,area_1,psi1d,Flux in 1d-damper winding,Grid\G 08.ElmSym,0.00025602714371518714,0.0003205843919665786,0.0004102733853073314
96,177,g8,area_1,psi1d,Flux in 1d-damper winding,Grid\G 08.ElmSym,4.2171780015362743e-07,0.0,4.2171780015362743e-07
97,177,g8,area_1,psi1d,Flux in 1d-damper winding,Grid\G 08.ElmSym,1.3244578886782665e-05,0.0,1.3244578886782665e-05
98,177,g8,area_1,psi1d,Flux in 1d-damper winding,Grid\G 08.ElmSym,-0.0005398809002262958,0.0,0.0005398809002262958
99,177,g8,area_1,psi1d,Flux in 1d-damper winding,Grid\G 08.ElmSym,-0.0005001512462302188,0.0,0.0005001512462302188
100,177,g8,area_1,psi1d,Flux in 1d-damper winding,Grid\G 08.ElmSym,0.0029874940478323542,0.0,0.0029874940478323542
101,177,g8,area_1,psi1d,Flux in 1d-damper winding,Grid\G 08.ElmSym,2.490123704919365e-05,0.0,2.490123704919365e-05
102,177,g8,area_1,psi1d,Flux in 1d-damper winding,Grid\G 08.ElmSym,-1.0844718428015685e-06,1.2365026274246268e-07,1.09149831209476e-06
103,177,g8,area_1,psi1d,Flux in 1d-damper winding,Grid\G 08.ElmSym,-1.0844718428015685e-06,-1.2365026274246268e-07,1.09149831209476e-06
104,177,g8,area_1,psi1d,Flux in 1d-damper winding,Grid\G 08.ElmSym,1.0327724366658281e-05,-1.0865543502675532e-05,1.4990728007745376e-05
105,177,g8,area_1,psi1d,Flux in 1d-damper winding,Grid\G 08.ElmSym,1.0327724366658281e-05,1.0865543502675532e-05,1.4990728007745376e-05
106,177,g8,area_1,psi1d,Flux in 1d-damper winding,Grid\G 08.ElmSym,0.00030973886853961224,-0.00020576637330892454,0.00037185745530902953
107,177,g8,area_1,psi1d,Flux in 1d-damper winding,Grid\G 08.ElmSym,0.00030973886853961224,0.00020576637330892454,0.00037185745530902953
108,177,g8,area_1,psi1d,Flux in 1d-damper winding,Grid\G 08.ElmSym,1.4232349005567593e-05,0.0,1.4232349005567593e-05
112,177,g8,area_1,psi1d,Flux in 1d-damper winding,Grid\G 08.ElmSym,3.689900265218618e-07,0.0,3.689900265218618e-07
113,177,g8,area_1,psi1d,Flux in 1d-damper winding,Grid\G 08.ElmSym,-3.5382735677354914e-06,0.0,3.5382735677354914e-06
114,177,g8,area_1,psi1d,Flux in 1d-damper winding,Grid\G 08.ElmSym,-2.518730592058592e-05,-0.0,2.518730592058592e-05
115,177,g8,area_1,psi1d,Flux in 1d-damper winding,Grid\G 08.ElmSym,1.554982186710432e-06,-0.0,1.554982186710432e-06
116,177,g8,area_1,psi1d,Flux in 1d-damper winding,Grid\G 08.ElmSym,1.4836625696563861e-08,0.0,1.4836625696563861e-08
117,177,g8,area_1,psi1d,Flux in 1d-damper winding,Grid\G 08.ElmSym,1.795530426489455e-06,0.0,1.795530426489455e-06
118,177,g8,area_1,psi1d,Flux in 1d-damper winding,Grid\G 08.ElmSym,-0.00011327401258857375,0.0,0.00011327401258857375
119,177,g8,area_1,psi1d,Flux in 1d-damper winding,Grid\G 08.ElmSym,4.175784831902249e-06,0.0,4.175784831902249e-06
120,177,g8,area_1,psi1d,Flux in 1d-damper winding,Grid\G 08.ElmSym,-0.0008855143822569803,-0.0,0.0008855143822569803
121,177,g8,area_1,psi1d,Flux in 1d-damper winding,Grid\G 08.ElmSym,-4.966954286050773e-05,0.0,4.966954286050773e-05
122,177,g8,area_1,psi1d,Flux in 1d-damper winding,Grid\G 08.ElmSym,-0.00013735768287909456,0.0,0.00013735768287909456
123,177,g8,area_1,psi1d,Flux in 1d-damper winding,Grid\G 08.ElmSym,-0.00026700439229236476,-0.0,0.00026700439229236476
124,177,g8,area_1,psi1d,Flux in 1d-damper winding,Grid\G 08.ElmSym,-3.5491686693028635e-05,-0.0,3.5491686693028635e-05
125,177,g8,area_1,psi1d,Flux in 1d-damper winding,Grid\G 08.ElmSym,-1.4731691923313103e-05,0.0,1.4731691923313103e-05
126,177,g8,area_1,psi1d,Flux in 1d-damper winding,Grid\G 08.ElmSym,-6.292245378474172e-05,0.0,6.292245378474172e-05
127,177,g8,area_1,psi1d,Flux in 1d-damper winding,Grid\G 08.ElmSym,-0.0018143299946986383,-0.0,0.0018143299946986383
128,177,g8,area_1,psi1d,Flux in 1d-damper winding,Grid\G 08.ElmSym,-0.006735566307367267,0.0,0.006735566307367267
129,177,g8,area_1,psi1d,Flux in 1d-damper winding,Grid\G 08.ElmSym,-2.7242417598156607e-05,0.0,2.7242417598156607e-05
130,177,g8,area_1,psi1d,Flux in 1d-damper winding,Grid\G 08.ElmSym,-0.0015745278646282664,-0.0,0.0015745278646282664
131,177,g8,area_1,psi1d,Flux in 1d-damper winding,Grid\G 08.ElmSym,3.2944081429140044e-05,0.0,3.2944081429140044e-05
132,177,g8,area_1,psi1d,Flux in 1d-damper winding,Grid\G 08.ElmSym,0.3992161141647693,0.04849305698606976,0.40215057178210295
133,177,g8,area_1,psi1d,Flux in 1d-damper winding,Grid\G 08.ElmSym,0.3992161141647693,-0.04849305698606976,0.40215057178210295
134,177,g8,area_1,psi1d,Flux in 1d-damper winding,Grid\G 08.ElmSym,-0.0026247126263810516,-0.0,0.0026247126263810516
135,177,g8,area_1,psi1d,Flux in 1d-damper winding,Grid\G 08.ElmSym,1.6621759167402372e-05,0.0,1.6621759167402372e-05
136,177,g8,area_1,psi1d,Flux in 1d-damper winding,Grid\G 08.ElmSym,1.1501226763313881e-05,0.0,1.1501226763313881e-05
140,177,g8,area_1,psi1d,Flux in 1d-damper winding,Grid\G 08.ElmSym,0.011556677796411386,0.0,0.011556677796411386
141,177,g8,area_1,psi1d,Flux in 1d-damper winding,Grid\G 08.ElmSym,0.07499011108248084,-0.0,0.07499011108248084
142,177,g8,area_1,psi1d,Flux in 1d-damper winding,Grid\G 08.ElmSym,0.012299159872021279,0.0,0.012299159872021279
143,177,g8,area_1,psi1d,Flux in 1d-damper winding,Grid\G 08.ElmSym,0.07611185482738776,-0.0,0.07611185482738776
144,177,g8,area_1,psi1d,Flux in 1d-damper winding,Grid\G 08.ElmSym,1.0,0.0,1.0
145,177,g8,area_1,psi1d,Flux in 1d-damper winding,Grid\G 08.ElmSym,0.05059085153016082,0.0,0.05059085153016082
146,177,g8,area_1,psi1d,Flux in 1d-damper winding,Grid\G 08.ElmSym,-0.0026351414506404405,-0.005666254028891213,0.006249032339875456
147,177,g8,area_1,psi1d,Flux in 1d-damper winding,Grid\G 08.ElmSym,-0.0026351414506404405,0.005666254028891213,0.006249032339875456
148,177,g8,area_1,psi1d,Flux in 1d-damper winding,Grid\G 08.ElmSym,0.0014773859892358355,-0.00018946020993678003,0.0014894846532742918
149,177,g8,area_1,psi1d,Flux in 1d-damper winding,Grid\G 08.ElmSym,0.0014773859892358355,0.00018946020993678003,0.0014894846532742918
150,177,g8,area_1,psi1d,Flux in 1d-damper winding,Grid\G 08.ElmSym,0.0016101681276698343,0.0,0.0016101681276698343
151,177,g8,area_1,psi1d,Flux in 1d-damper winding,Grid\G 08.ElmSym,0.0006535536422539998,0.0,0.0006535536422539998
152,177,g8,area_1,psi1d,Flux in 1d-damper winding,Grid\G 08.ElmSym,-3.168693913509293e-05,0.0,3.168693913509293e-05
153,177,g8,area_1,psi1d,Flux in 1d-damper winding,Grid\G 08.ElmSym,4.831137089871971e-05,1.877086791025224e-05,5.182985664863254e-05
154,177,g8,area_1,psi1d,Flux in 1d-damper winding,Grid\G 08.ElmSym,4.831137089871971e-05,-1.877086791025224e-05,5.182985664863254e-05
155,177,g8,area_1,psi1d,Flux in 1d-damper winding,Grid\G 08.ElmSym,-7.909601434627589e-05,-0.0,7.909601434627589e-05
156,177,g8,area_1,psi1d,Flux in 1d-damper winding,Grid\G 08.ElmSym,-1.991659651783375e-05,0.0,1.991659651783375e-05
157,177,g8,area_1,psi1d,Flux in 1d-damper winding,Grid\G 08.ElmSym,-0.0023499000163684867,-0.0,0.0023499000163684867
158,177,g8,area_1,psi1d,Flux in 1d-damper winding,Grid\G 08.ElmSym,0.004810313633366772,0.0,0.004810313633366772
159,177,g8,area_1,psi1d,Flux in 1d-damper winding,Grid\G 08.ElmSym,1.0484123376355809e-06,-6.455403178333771e-06,6.53998460430514e-06
160,177,g8,area_1,psi1d,Flux in 1d-damper winding,Grid\G 08.ElmSym,1.0484123376355809e-06,6.455403178333771e-06,6.53998460430514e-06
161,177,g8,area_1,psi1d,Flux in 1d-damper winding,Grid\G 08.ElmSym,0.00010821870532025786,0.0,0.00010821870532025786
162,177,g8,area_1,psi1d,Flux in 1d-damper winding,Grid\G 08.ElmSym,2.908386517525605e-05,0.0,2.908386517525605e-05
163,177,g8,area_1,psi1d,Flux in 1d-damper winding,Grid\G 08.ElmSym,-0.0008917131393743314,-0.0018646922836840698,0.002066937259755055
164,177,g8,area_1,psi1d,Flux in 1d-damper winding,Grid\G 08.ElmSym,-0.0008917131393743314,0.0018646922836840698,0.002066937259755055
165,177,g8,area_1,psi1d,Flux in 1d-damper winding,Grid\G 08.ElmSym,-1.1246360083162912e-06,0.0,1.1246360083162912e-06
166,177,g8,area_1,psi1d,Flux in 1d-damper winding,Grid\G 08.ElmSym,-2.9888564211994263e-05,0.0,2.9888564211994263e-05
170,177,g8,area_1,psi1d,Flux in 1d-damper winding,Grid\G 08.ElmSym,0.00010138048808899252,0.0,0.00010138048808899252
171,177,g8,area_1,psi1d,Flux in 1d-damper winding,Grid\G 08.ElmSym,5.435569559896836e-05,0.0,5.435569559896836e-05
172,177,g8,area_1,psi1d,Flux in 1d-damper winding,Grid\G 08.ElmSym,3.462445663840007e-05,0.0,3.462445663840007e-05
173,177,g8,area_1,psi1d,Flux in 1d-damper winding,Grid\G 08.ElmSym,-2.8904441959746123e-08,0.0,2.8904441959746123e-08
174,177,g8,area_1,psi1d,Flux in 1d-damper winding,Grid\G 08.ElmSym,2.1190853415250307e-06,0.0,2.1190853415250307e-06
1,178,g8,area_1,psifd,Field (excitation) flux,Grid\G 08.ElmSym,5.219800396078543e-05,0.0,5.219800396078543e-05
5,178,g8,area_1,psifd,Field (excitation) flux,Grid\G 08.ElmSym,-1.2968615855837066e-06,8.554402816920792e-07,1.553585545666575e-06
6,178,g8,area_1,psifd,Field (excitation) flux,Grid\G 08.ElmSym,-1.2968615855837066e-06,-8.554402816920792e-07,1.553585545666575e-06
7,178,g8,area_1,psifd,Field (excitation) flux,Grid\G 08.ElmSym,-1.279990117737958e-08,-8.308685603041872e-09,1.526013520912834e-08
8,178,g8,area_1,psifd,Field (excitation) flux,Grid\G 08.ElmSym,-1.279990117737958e-08,8.308685603041872e-09,1.526013520912834e-08
9,178,g8,area_1,psifd,Field (excitation) flux,Grid\G 08.ElmSym,-1.6619718687808387e-05,1.0495745318354931e-05,1.9656442176794274e-05
10,178,g8,area_1,psifd,Field (excitation) flux,Grid\G 08.ElmSym,-1.6619718687808387e-05,-1.0495745318354931e-05,1.9656442176794274e-05
11,178,g8,area_1,psifd,Field (excitation) flux,Grid\G 08.ElmSym,1.0000000000000002,-2.7755575615628914e-17,1.0000000000000002
12,178,g8,area_1,psifd,Field (excitation) flux,Grid\G 08.ElmSym,1.0000000000000002,2.7755575615628914e-17,1.0000000000000002
13,178,g8,area_1,psifd,Field (excitation) flux,Grid\G 08.ElmSym,-0.0020539855724247534,-0.0,0.0020539855724247534
14,178,g8,area_1,psifd,Field (excitation) flux,Grid\G 08.ElmSym,-5.516390990913358e-06,0.0012906496431960449,0.001290661431999749
15,178,g8,area_1,psifd,Field (excitation) flux,Grid\G 08.ElmSym,-5.516390990913358e-06,-0.0012906496431960449,0.001290661431999749
19,178,g8,area_1,psifd,Field (excitation) flux,Grid\G 08.ElmSym,2.1148635704285063e-09,0.0,2.1148635704285063e-09
20,178,g8,area_1,psifd,Field (excitation) flux,Grid\G 08.ElmSym,1.3889079576964663e-10,0.0,1.3889079576964663e-10
21,178,g8,area_1,psifd,Field (excitation) flux,Grid\G 08.ElmSym,7.789331444742614e-05,0.0,7.789331444742614e-05
22,178,g8,area_1,psifd,Field (excitation) flux,Grid\G 08.ElmSym,0.01298419281935477,-0.0008445148689942764,0.01301162820457672
23,178,g8,area_1,psifd,Field (excitation) flux,Grid\G 08.ElmSym,0.01298419281935477,0.0008445148689942764,0.01301162820457672
24,178,g8,area_1,psifd,Field (excitation) flux,Grid\G 08.ElmSym,0.06874881397254831,-0.004063488370267879,0.0688687981626466
25,178,g8,area_1,psifd,Field (excitation) flux,Grid\G 08.ElmSym,0.06874881397254831,0.004063488370267879,0.0688687981626466
26,178,g8,area_1,psifd,Field (excitation) flux,Grid\G 08.ElmSym,-0.01620396648989076,0.0,0.01620396648989076
27,178,g8,area_1,psifd,Field (excitation) flux,Grid\G 08.ElmSym,0.01279647950113463,-0.0038099121956881345,0.01335160359514212
28,178,g8,area_1,psifd,Field (excitation) flux,Grid\G 08.ElmSym,0.01279647950113463,0.0038099121956881345,0.01335160359514212
29,178,g8,area_1,psifd,Field (excitation) flux,Grid\G 08.ElmSym,-1.7392935840283174e-07,-4.453057540619946e-08,1.7953939361718897e-07
30,178,g8,area_1,psifd,Field (excitation) flux,Grid\G 08.ElmSym,-1.7392935840283174e-07,4.453057540619946e-08,1.7953939361718897e-07
31,178,g8,area_1,psifd,Field (excitation) flux,Grid\G 08.ElmSym,-3.2189042031258313e-06,-2.925077868134863e-06,4.34941660496595e-06
32,178,g8,area_1,psifd,Field (excitation) flux,Grid\G 08.ElmSym,-3.2189042031258313e-06,2.925077868134863e-06,4.34941660496595e-06
33,178,g8,area_1,psifd,Field (excitation) flux,Grid\G 08.ElmSym,1.8589176616782835e-08,-3.3873182437633065e-08,3.863871084473599e-08
34,178,g8,area_1,psifd,Field (excitation) flux,Grid\G 08.ElmSym,1.8589176616782835e-08,3.3873182437633065e-08,3.863871084473599e-08
35,178,g8,area_1,psifd,Field (excitation) flux,Grid\G 08.ElmSym,-2.6144467745663457e-06,-3.570726859767373e-05,3.5802854113093505e-05
36,178,g8,area_1,psifd,Field (excitation) flux,Grid\G 08.ElmSym,-2.6144467745663457e-06,3.570726859767373e-05,3.5802854113093505e-05
37,178,g8,area_1,psifd,Field (excitation) flux,Grid\G 08.ElmSym,-6.118789667832065e-05,5.896026269676161e-05,8.497217943061118e-05
38,178,g8,area_1,psifd,Field (excitation) flux,Grid\G 08.ElmSym,-6.118789667832065e-05,-5.896026269676161e-05,8.497217943061118e-05
39,178,g8,area_1,psifd,Field (excitation) flux,Grid\G 08.ElmSym,-0.0055132010955808225,0.0063251330774053635,0.008390631368806583
40,178,g8,area_1,psifd,Field (excitation) flux,Grid\G 08.ElmSym,-0.0055132010955808225,-0.0063251330774053635,0.008390631368806583
41,178,g8,area_1,psifd,Field (excitation) flux,Grid\G 08.ElmSym,-0.0015673052112309656,-0.0026764265613671186,0.0031015648894619566
42,178,g8,area_1,psifd,Field (excitation) flux,Grid\G 08.ElmSym,-0.0015673052112309656,0.0026764265613671186,0.0031015648894619566
43,178,g8,area_1,psifd,Field (excitation) flux,Grid\G 08.ElmSym,-0.003463445392858162,0.03414974267676668,0.034324923581541884
44,178,g8,area_1,psifd,Field (excitation) flux,Grid\G 08.ElmSym,-0.003463445392858162,-0.03414974267676668,0.034324923581541884
45,178,g8,area_1,psifd,Field (excitation) flux,Grid\G 08.ElmSym,0.013970078370525477,-0.008083679004478383,0.01614028983401687
46,178,g8,area_1,psifd,Field (excitation) flux,Grid\G 08.ElmSym,0.013970078370525477,0.008083679004478383,0.01614028983401687
47,178,g8,area_1,psifd,Field (excitation) flux,Grid\G 08.ElmSym,-0.059617363688199414,0.007790220872302585,0.06012418477094136
48,178,g8,area_1,psifd,Field (excitation) flux,Grid\G 08.ElmSym,-0.059617363688199414,-0.007790220872302585,0.06012418477094136
49,178,g8,area_1,psifd,Field (excitation) flux,Grid\G 08.ElmSym,0.0017303173520006087,-0.001964944061880584,0.002618206123465868
50,178,g8,area_1,psifd,Field (excitation) flux,Grid\G 08.ElmSym,0.0017303173520006087,0.001964944061880584,0.002618206123465868
51,178,g8,area_1,psifd,Field (excitation) flux,Grid\G 08.ElmSym,-0.0003241139845127288,-0.0,0.0003241139845127288
52,178,g8,area_1,psifd,Field (excitation) flux,Grid\G 08.ElmSym,1.0144279300781985e-14,0.0,1.0144279300781985e-14
53,178,g8,area_1,psifd,Field (excitation) flux,Grid\G 08.ElmSym,-3.4157363881399883e-13,0.0,3.4157363881399883e-13
54,178,g8,area_1,psifd,Field (excitation) flux,Grid\G 08.ElmSym,1.8684572490601278e-13,0.0,1.8684572490601278e-13
55,178,g8,area_1,psifd,Field (excitation) flux,Grid\G 08.ElmSym,7.506315088784809e-14,0.0,7.506315088784809e-14
56,178,g8,area_1,psifd,Field (excitation) flux,Grid\G 08.ElmSym,1.7505515514106198e-14,0.0,1.7505515514106198e-14
57,178,g8,area_1,psifd,Field (excitation) flux,Grid\G 08.ElmSym,0.015336396204348008,0.0,0.015336396204348008
58,178,g8,area_1,psifd,Field (excitation) flux,Grid\G 08.ElmSym,0.011884435062833314,-0.0,0.011884435062833314
59,178,g8,area_1,psifd,Field (excitation) flux,Grid\G 08.ElmSym,6.576318584743756e-05,0.0,6.576318584743756e-05
60,178,g8,area_1,psifd,Field (excitation) flux,Grid\G 08.ElmSym,-0.021687398851426842,0.002087459703905169,0.021787628529885902
61,178,g8,area_1,psifd,Field (excitation) flux,Grid\G 08.ElmSym,-0.021687398851426842,-0.002087459703905169,0.021787628529885902
62,178,g8,area_1,psifd,Field (excitation) flux,Grid\G 08.ElmSym,0.1106947937676626,0.0,0.1106947937676626
63,178,g8,area_1,psifd,Field (excitation) flux,Grid\G 08.ElmSym,-0.20297151588970574,-0.0,0.20297151588970574
64,178,g8,area_1,psifd,Field (excitation) flux,Grid\G 08.ElmSym,-0.00011556944174543585,-0.0,0.00011556944174543585
65,178,g8,area_1,psifd,Field (excitation) flux,Grid\G 08.ElmSym,0.00019686707797825128,-0.00107339955022972,0.0010913034595496616
66,178,g8,area_1,psifd,Field (excitation) flux,Grid\G 08.ElmSym,0.00019686707797825128,0.00107339955022972,0.0010913034595496616
67,178,g8,area_1,psifd,Field (excitation) flux,Grid\G 08.ElmSym,0.0013079404622907025,0.0,0.0013079404622907025
68,178,g8,area_1,psifd,Field (excitation) flux,Grid\G 08.ElmSym,-4.336702798717179e-05,6.610967666196915e-05,7.90644576582313e-05
69,178,g8,area_1,psifd,Field (excitation) flux,Grid\G 08.ElmSym,-4.336702798717179e-05,-6.610967666196915e-05,7.90644576582313e-05
70,178,g8,area_1,psifd,Field (excitation) flux,Grid\G 08.ElmSym,-0.0035721834268758277,-0.002123593342495249,0.004155736170588368
71,178,g8,area_1,psifd,Field (excitation) flux,Grid\G 08.ElmSym,-0.0035721834268758277,0.002123593342495249,0.004155736170588368
72,178,g8,area_1,psifd,Field (excitation) flux,Grid\G 08.ElmSym,-0.00215663800366538,-0.0015891308246404252,0.0026788848905236954
73,178,g8,area_1,psifd,Field (excitation) flux,Grid\G 08.ElmSym,-0.00215663800366538,0.0015891308246404252,0.0026788848905236954
74,178,g8,area_1,psifd,Field (excitation) flux,Grid\G 08.ElmSym,0.003147825197335988,0.0,0.003147825197335988
75,178,g8,area_1,psifd,Field (excitation) flux,Grid\G 08.ElmSym,-0.0011229928912033335,-0.001509366206749472,0.0018813025752840802
76,178,g8,area_1,psifd,Field (excitation) flux,Grid\G 08.ElmSym,-0.0011229928912033335,0.001509366206749472,0.0018813025752840802
77,178,g8,area_1,psifd,Field (excitation) flux,Grid\G 08.ElmSym,6.580807390407897e-06,0.0,6.580807390407897e-06
78,178,g8,area_1,psifd,Field (excitation) flux,Grid\G 08.ElmSym,4.0444180530470583e-07,0.0,4.0444180530470583e-07
79,178,g8,area_1,psifd,Field (excitation) flux,Grid\G 08.ElmSym,8.273140832868471e-09,0.0,8.273140832868471e-09
80,178,g8,area_1,psifd,Field (excitation) flux,Grid\G 08.ElmSym,1.3294858343007175e-16,0.0,1.3294858343007175e-16
81,178,g8,area_1,psifd,Field (excitation) flux,Grid\G 08.ElmSym,7.269698805525949e-16,0.0,7.269698805525949e-16
85,178,g8,area_1,psifd,Field (excitation) flux,Grid\G 08.ElmSym,-6.369667878626916e-16,-0.0,6.369667878626916e-16
89,178,g8,area_1,psifd,Field (excitation) flux,Grid\G 08.ElmSym,8.692913339661771e-16,0.0,8.692913339661771e-16
91,178,g8,area_1,psifd,Field (excitation) flux,Grid\G 08.ElmSym,-8.200617032439406e-05,-0.0,8.200617032439406e-05
92,178,g8,area_1,psifd,Field (excitation) flux,Grid\G 08.ElmSym,0.0001464237477550132,0.0,0.0001464237477550132
93,178,g8,area_1,psifd,Field (excitation) flux,Grid\G 08.ElmSym,-1.271027011395685e-06,0.0,1.271027011395685e-06
94,178,g8,area_1,psifd,Field (excitation) flux,Grid\G 08.ElmSym,0.0002828065694707964,-0.00040149966403812764,0.000491102368105235
95,178,g8,area_1,psifd,Field (excitation) flux,Grid\G 08.ElmSym,0.0002828065694707964,0.00040149966403812764,0.000491102368105235
96,178,g8,area_1,psifd,Field (excitation) flux,Grid\G 08.ElmSym,4.088869215848594e-07,0.0,4.088869215848594e-07
97,178,g8,area_1,psifd,Field (excitation) flux,Grid\G 08.ElmSym,2.2345934398279695e-05,-0.0,2.2345934398279695e-05
98,178,g8,area_1,psifd,Field (excitation) flux,Grid\G 08.ElmSym,-0.0008717714114448868,0.0,0.0008717714114448868
99,178,g8,area_1,psifd,Field (excitation) flux,Grid\G 08.ElmSym,-0.0008640681304692082,-0.0,0.0008640681304692082
100,178,g8,area_1,psifd,Field (excitation) flux,Grid\G 08.ElmSym,0.0018363776093567336,0.0,0.0018363776093567336
101,178,g8,area_1,psifd,Field (excitation) flux,Grid\G 08.ElmSym,2.168687846518244e-05,0.0,2.168687846518244e-05
102,178,g8,area_1,psifd,Field (excitation) flux,Grid\G 08.ElmSym,-7.629589086817611e-07,8.639245258630003e-08,7.678345864837947e-07
103,178,g8,area_1,psifd,Field (excitation) flux,Grid\G 08.ElmSym,-7.629589086817611e-07,-8.639245258630003e-08,7.678345864837947e-07
104,178,g8,area_1,psifd,Field (excitation) flux,Grid\G 08.ElmSym,7.3037202648298355e-06,-7.783790878428541e-06,1.0673880744415002e-05
105,178,g8,area_1,psifd,Field (excitation) flux,Grid\G 08.ElmSym,7.3037202648298355e-06,7.783790878428541e-06,1.0673880744415002e-05
106,178,g8,area_1,psifd,Field (excitation) flux,Grid\G 08.ElmSym,0.00021022006023142044,-0.00013711287866452536,0.00025098289826076776
107,178,g8,area_1,psifd,Field (excitation) flux,Grid\G 08.ElmSym,0.00021022006023142044,0.00013711287866452536,0.00025098289826076776
108,178,g8,area_1,psifd,Field (excitation) flux,Grid\G 08.ElmSym,5.668258170388842e-06,0.0,5.668258170388842e-06
112,178,g8,area_1,psifd,Field (excitation) flux,Grid\G 08.ElmSym,1.415505246808224e-07,0.0,1.415505246808224e-07
113,178,g8,area_1,psifd,Field (excitation) flux,Grid\G 08.ElmSym,-1.3545569816866937e-06,0.0,1.3545569816866937e-06
114,178,g8,area_1,psifd,Field (excitation) flux,Grid\G 08.ElmSym,-9.617504457347737e-06,-0.0,9.617504457347737e-06
115,178,g8,area_1,psifd,Field (excitation) flux,Grid\G 08.ElmSym,5.378065650558194e-07,0.0,5.378065650558194e-07
116,178,g8,area_1,psifd,Field (excitation) flux,Grid\G 08.ElmSym,5.609516574061977e-09,0.0,5.609516574061977e-09
117,178,g8,area_1,psifd,Field (excitation) flux,Grid\G 08.ElmSym,6.697288766932911e-07,0.0,6.697288766932911e-07
118,178,g8,area_1,psifd,Field (excitation) flux,Grid\G 08.ElmSym,-4.164858142684258e-05,0.0,4.164858142684258e-05
119,178,g8,area_1,psifd,Field (excitation) flux,Grid\G 08.ElmSym,1.4256731702553366e-06,0.0,1.4256731702553366e-06
120,178,g8,area_1,psifd,Field (excitation) flux,Grid\G 08.ElmSym,-0.00035321265454737083,-0.0,0.00035321265454737083
121,178,g8,area_1,psifd,Field (excitation) flux,Grid\G 08.ElmSym,-1.7440813433300693e-05,0.0,1.7440813433300693e-05
122,178,g8,area_1,psifd,Field (excitation) flux,Grid\G 08.ElmSym,-6.653073554090657e-05,0.0,6.653073554090657e-05
123,178,g8,area_1,psifd,Field (excitation) flux,Grid\G 08.ElmSym,-0.00011034493957798405,-0.0,0.00011034493957798405
124,178,g8,area_1,psifd,Field (excitation) flux,Grid\G 08.ElmSym,-1.2838987200947387e-05,-0.0,1.2838987200947387e-05
125,178,g8,area_1,psifd,Field (excitation) flux,Grid\G 08.ElmSym,-4.688980946193605e-06,0.0,4.688980946193605e-06
126,178,g8,area_1,psifd,Field (excitation) flux,Grid\G 08.ElmSym,-1.9327599327756727e-05,0.0,1.9327599327756727e-05
127,178,g8,area_1,psifd,Field (excitation) flux,Grid\G 08.ElmSym,-0.0005934866040508666,-0.0,0.0005934866040508666
128,178,g8,area_1,psifd,Field (excitation) flux,Grid\G 08.ElmSym,-0.0016110960249845685,0.0,0.0016110960249845685
129,178,g8,area_1,psifd,Field (excitation) flux,Grid\G 08.ElmSym,-2.0743420325786525e-06,0.0,2.0743420325786525e-06
130,178,g8,area_1,psifd,Field (excitation) flux,Grid\G 08.ElmSym,-7.973375916827987e-05,-0.0,7.973375916827987e-05
131,178,g8,area_1,psifd,Field (excitation) flux,Grid\G 08.ElmSym,1.497483041199015e-06,0.0,1.497483041199015e-06
132,178,g8,area_1,psifd,Field (excitation) flux,Grid\G 08.ElmSym,0.019856814343864396,0.0030628839743855746,0.02009164836759908
133,178,g8,area_1,psifd,Field (excitation) flux,Grid\G 08.ElmSym,0.019856814343864396,-0.0030628839743855746,0.02009164836759908
134,178,g8,area_1,psifd,Field (excitation) flux,Grid\G 08.ElmSym,-7.664222372464004e-05,-0.0,7.664222372464004e-05
135,178,g8,area_1,psifd,Field (excitation) flux,Grid\G 08.ElmSym,4.772093459733182e-07,0.0,4.772093459733182e-07
136,178,g8,area_1,psifd,Field (excitation) flux,Grid\G 08.ElmSym,3.2835071156365425e-07,0.0,3.2835071156365425e-07
140,178,g8,area_1,psifd,Field (excitation) flux,Grid\G 08.ElmSym,0.00029102897863302036,0.0,0.00029102897863302036
141,178,g8,area_1,psifd,Field (excitation) flux,Grid\G 08.ElmSym,0.0016404292849344164,0.0,0.0016404292849344164
142,178,g8,area_1,psifd,Field (excitation) flux,Grid\G 08.ElmSym,0.00023798338216164664,0.0,0.00023798338216164664
143,178,g8,area_1,psifd,Field (excitation) flux,Grid\G 08.ElmSym,0.0012796259692605097,0.0,0.0012796259692605097
144,178,g8,area_1,psifd,Field (excitation) flux,Grid\G 08.ElmSym,0.014465335967572154,-0.0,0.014465335967572154
145,178,g8,area_1,psifd,Field (excitation) flux,Grid\G 08.ElmSym,0.0005952731814766472,0.0,0.0005952731814766472
146,178,g8,area_1,psifd,Field (excitation) flux,Grid\G 08.ElmSym,-1.6612888306967255e-06,7.087910119707914e-07,1.8061742102156902e-06
147,178,g8,area_1,psifd,Field (excitation) flux,Grid\G 08.ElmSym,-1.6612888306967255e-06,-7.087910119707914e-07,1.8061742102156902e-06
148,178,g8,area_1,psifd,Field (excitation) flux,Grid\G 08.ElmSym,3.6309129738553736e-05,-4.774988284122957e-06,3.662176150166235e-05
149,178,g8,area_1,psifd,Field (excitation) flux,Grid\G 08.ElmSym,3.6309129738553736e-05,4.774988284122957e-06,3.662176150166235e-05
150,178,g8,area_1,psifd,Field (excitation) flux,Grid\G 08.ElmSym,8.665488425626552e-06,0.0,8.665488425626552e-06
151,178,g8,area_1,psifd,Field (excitation) flux,Grid\G 08.ElmSym,-1.1623510378286267e-05,-0.0,1.1623510378286267e-05
152,178,g8,area_1,psifd,Field (excitation) flux,Grid\G 08.ElmSym,-9.036226682874813e-07,0.0,9.036226682874813e-07
153,178,g8,area_1,psifd,Field (excitation) flux,Grid\G 08.ElmSym,1.044803884700395e-06,2.1515509018172087e-07,1.0667271770776917e-06
154,178,g8,area_1,psifd,Field (excitation) flux,Grid\G 08.ElmSym,1.044803884700395e-06,-2.1515509018172087e-07,1.0667271770776917e-06
155,178,g8,area_1,psifd,Field (excitation) flux,Grid\G 08.ElmSym,-1.3215064639249541e-05,-0.0,1.3215064639249541e-05
156,178,g8,area_1,psifd,Field (excitation) flux,Grid\G 08.ElmSym,1.4258954461360933e-05,0.0,1.4258954461360933e-05
157,178,g8,area_1,psifd,Field (excitation) flux,Grid\G 08.ElmSym,0.0008717384569887923,0.0,0.0008717384569887923
158,178,g8,area_1,psifd,Field (excitation) flux,Grid\G 08.ElmSym,-0.0006673064115116562,-0.0,0.0006673064115116562
159,178,g8,area_1,psifd,Field (excitation) flux,Grid\G 08.ElmSym,-5.068853197305463e-09,-7.775988422099061e-08,7.792491813789539e-08
160,178,g8,area_1,psifd,Field (excitation) flux,Grid\G 08.ElmSym,-5.068853197305463e-09,7.775988422099061e-08,7.792491813789539e-08
161,178,g8,area_1,psifd,Field (excitation) flux,Grid\G 08.ElmSym,9.977325151037161e-07,0.0,9.977325151037161e-07
162,178,g8,area_1,psifd,Field (excitation) flux,Grid\G 08.ElmSym,3.414966623574208e-07,0.0,3.414966623574208e-07
163,178,g8,area_1,psifd,Field (excitation) flux,Grid\G 08.ElmSym,-2.0247391386545817e-05,-3.8249869386413486e-05,4.3278278224042846e-05
164,178,g8,area_1,psifd,Field (excitation) flux,Grid\G 08.ElmSym,-2.0247391386545817e-05,3.8249869386413486e-05,4.3278278224042846e-05
165,178,g8,area_1,psifd,Field (excitation) flux,Grid\G 08.ElmSym,-1.7762713634114387e-08,0.0,1.7762713634114387e-08
166,178,g8,area_1,psifd,Field (excitation) flux,Grid\G 08.ElmSym,-5.479992435616451e-07,0.0,5.479992435616451e-07
170,178,g8,area_1,psifd,Field (excitation) flux,Grid\G 08.ElmSym,2.5839596251395844e-06,0.0,2.5839596251395844e-06
171,178,g8,area_1,psifd,Field (excitation) flux,Grid\G 08.ElmSym,1.425085445581122e-06,0.0,1.425085445581122e-06
172,178,g8,area_1,psifd,Field (excitation) flux,Grid\G 08.ElmSym,1.0781618726990293e-06,0.0,1.0781618726990293e-06
173,178,g8,area_1,psifd,Field (excitation) flux,Grid\G 08.ElmSym,-9.39473546238582e-10,0.0,9.39473546238582e-10
174,178,g8,area_1,psifd,Field (excitation) flux,Grid\G 08.ElmSym,7.354876272880629e-08,0.0,7.354876272880629e-08
1,179,g8,area_1,psi1q,Flux in 1q-damper winding,Grid\G 08.ElmSym,-7.554068218662992e-08,-0.0,7.554068218662992e-08
5,179,g8,area_1,psi1q,Flux in 1q-damper winding,Grid\G 08.ElmSym,4.781669621426612e-09,3.055200617592843e-09,5.674382361298348e-09
6,179,g8,area_1,psi1q,Flux in 1q-damper winding,Grid\G 08.ElmSym,4.781669621426612e-09,-3.055200617592843e-09,5.674382361298348e-09
7,179,g8,area_1,psi1q,Flux in 1q-damper winding,Grid\G 08.ElmSym,5.4149327925348644e-12,3.514664298256135e-11,3.5561327451197577e-11
8,179,g8,area_1,psi1q,Flux in 1q-damper winding,Grid\G 08.ElmSym,5.4149327925348644e-12,-3.514664298256135e-11,3.5561327451197577e-11
9,179,g8,area_1,psi1q,Flux in 1q-damper winding,Grid\G 08.ElmSym,5.7975252850689664e-08,3.5709812264944064e-08,6.8090532639266e-08
10,179,g8,area_1,psi1q,Flux in 1q-damper winding,Grid\G 08.ElmSym,5.7975252850689664e-08,-3.5709812264944064e-08,6.8090532639266e-08
11,179,g8,area_1,psi1q,Flux in 1q-damper winding,Grid\G 08.ElmSym,0.002091814669085021,0.006797253992741881,0.007111845783736085
12,179,g8,area_1,psi1q,Flux in 1q-damper winding,Grid\G 08.ElmSym,0.002091814669085021,-0.006797253992741881,0.007111845783736085
13,179,g8,area_1,psi1q,Flux in 1q-damper winding,Grid\G 08.ElmSym,1.635144969344319e-05,0.0,1.635144969344319e-05
14,179,g8,area_1,psi1q,Flux in 1q-damper winding,Grid\G 08.ElmSym,0.0002554371004257197,0.0010356721536496987,0.0010667075147946152
15,179,g8,area_1,psi1q,Flux in 1q-damper winding,Grid\G 08.ElmSym,0.0002554371004257197,-0.0010356721536496987,0.0010667075147946152
19,179,g8,area_1,psi1q,Flux in 1q-damper winding,Grid\G 08.ElmSym,1.1384957527233971e-11,0.0,1.1384957527233971e-11
20,179,g8,area_1,psi1q,Flux in 1q-damper winding,Grid\G 08.ElmSym,6.230583733221899e-13,0.0,6.230583733221899e-13
21,179,g8,area_1,psi1q,Flux in 1q-damper winding,Grid\G 08.ElmSym,3.345292152134395e-08,0.0,3.345292152134395e-08
22,179,g8,area_1,psi1q,Flux in 1q-damper winding,Grid\G 08.ElmSym,3.064383648447579e-05,6.90427372178885e-05,7.553770103084747e-05
23,179,g8,area_1,psi1q,Flux in 1q-damper winding,Grid\G 08.ElmSym,3.064383648447579e-05,-6.90427372178885e-05,7.553770103084747e-05
24,179,g8,area_1,psi1q,Flux in 1q-damper winding,Grid\G 08.ElmSym,0.00017313117362909565,-0.00024514569723358255,0.0003001180037157508
25,179,g8,area_1,psi1q,Flux in 1q-damper winding,Grid\G 08.ElmSym,0.00017313117362909565,0.00024514569723358255,0.0003001180037157508
26,179,g8,area_1,psi1q,Flux in 1q-damper winding,Grid\G 08.ElmSym,2.1851377796501014e-05,0.0,2.1851377796501014e-05
27,179,g8,area_1,psi1q,Flux in 1q-damper winding,Grid\G 08.ElmSym,4.895267560272468e-05,-2.3147311473900397e-07,4.8953222860894897e-05
28,179,g8,area_1,psi1q,Flux in 1q-damper winding,Grid\G 08.ElmSym,4.895267560272468e-05,2.3147311473900397e-07,4.8953222860894897e-05
29,179,g8,area_1,psi1q,Flux in 1q-damper winding,Grid\G 08.ElmSym,1.5570383769781255e-07,-1.700384006618235e-07,2.3055746089306582e-07
30,179,g8,area_1,psi1q,Flux in 1q-damper winding,Grid\G 08.ElmSym,1.5570383769781255e-07,1.700384006618235e-07,2.3055746089306582e-07
31,179,g8,area_1,psi1q,Flux in 1q-damper winding,Grid\G 08.ElmSym,3.9971441310709936e-06,-1.3764715609654452e-06,4.227509333248353e-06
32,179,g8,area_1,psi1q,Flux in 1q-damper winding,Grid\G 08.ElmSym,3.9971441310709936e-06,1.3764715609654452e-06,4.227509333248353e-06
33,179,g8,area_1,psi1q,Flux in 1q-damper winding,Grid\G 08.ElmSym,8.032082021885399e-09,3.2227621845965974e-08,3.321346039564198e-08
34,179,g8,area_1,psi1q,Flux in 1q-damper winding,Grid\G 08.ElmSym,8.032082021885399e-09,-3.2227621845965974e-08,3.321346039564198e-08
35,179,g8,area_1,psi1q,Flux in 1q-damper winding,Grid\G 08.ElmSym,9.907518288312821e-06,-3.2209563202726924e-05,3.3698885446609556e-05
36,179,g8,area_1,psi1q,Flux in 1q-damper winding,Grid\G 08.ElmSym,9.907518288312821e-06,3.2209563202726924e-05,3.3698885446609556e-05
37,179,g8,area_1,psi1q,Flux in 1q-damper winding,Grid\G 08.ElmSym,2.8290297524487935e-05,7.407890041297601e-05,7.929706438714906e-05
38,179,g8,area_1,psi1q,Flux in 1q-damper winding,Grid\G 08.ElmSym,2.8290297524487935e-05,-7.407890041297601e-05,7.929706438714906e-05
39,179,g8,area_1,psi1q,Flux in 1q-damper winding,Grid\G 08.ElmSym,-4.7244671319027254e-05,0.00036538519363752786,0.0003684269245014222
40,179,g8,area_1,psi1q,Flux in 1q-damper winding,Grid\G 08.ElmSym,-4.7244671319027254e-05,-0.00036538519363752786,0.0003684269245014222
41,179,g8,area_1,psi1q,Flux in 1q-damper winding,Grid\G 08.ElmSym,-0.0013030488228369566,-0.0021192960505887915,0.002487840827854151
42,179,g8,area_1,psi1q,Flux in 1q-damper winding,Grid\G 08.ElmSym,-0.0013030488228369566,0.0021192960505887915,0.002487840827854151
43,179,g8,area_1,psi1q,Flux in 1q-damper winding,Grid\G 08.ElmSym,-0.0004950449598944539,0.022355695763482605,0.02236117623430644
44,179,g8,area_1,psi1q,Flux in 1q-damper winding,Grid\G 08.ElmSym,-0.0004950449598944539,-0.022355695763482605,0.02236117623430644
45,179,g8,area_1,psi1q,Flux in 1q-damper winding,Grid\G 08.ElmSym,-0.00022717004406652057,-0.0021833203230715932,0.0021951067996930427
46,179,g8,area_1,psi1q,Flux in 1q-damper winding,Grid\G 08.ElmSym,-0.00022717004406652057,0.0021833203230715932,0.0021951067996930427
47,179,g8,area_1,psi1q,Flux in 1q-damper winding,Grid\G 08.ElmSym,0.0010769433260786117,-0.00022763975569046172,0.0011007391997907934
48,179,g8,area_1,psi1q,Flux in 1q-damper winding,Grid\G 08.ElmSym,0.0010769433260786117,0.00022763975569046172,0.0011007391997907934
49,179,g8,area_1,psi1q,Flux in 1q-damper winding,Grid\G 08.ElmSym,-4.625254188695094e-06,-0.00016796235047269076,0.00016802602224840366
50,179,g8,area_1,psi1q,Flux in 1q-damper winding,Grid\G 08.ElmSym,-4.625254188695094e-06,0.00016796235047269076,0.00016802602224840366
51,179,g8,area_1,psi1q,Flux in 1q-damper winding,Grid\G 08.ElmSym,9.297705975905242e-06,0.0,9.297705975905242e-06
52,179,g8,area_1,psi1q,Flux in 1q-damper winding,Grid\G 08.ElmSym,5.158629985732469e-15,0.0,5.158629985732469e-15
53,179,g8,area_1,psi1q,Flux in 1q-damper winding,Grid\G 08.ElmSym,8.65255035481433e-15,-0.0,8.65255035481433e-15
54,179,g8,area_1,psi1q,Flux in 1q-damper winding,Grid\G 08.ElmSym,-2.919086240825225e-15,-0.0,2.919086240825225e-15
55,179,g8,area_1,psi1q,Flux in 1q-damper winding,Grid\G 08.ElmSym,5.309713045157001e-15,0.0,5.309713045157001e-15
56,179,g8,area_1,psi1q,Flux in 1q-damper winding,Grid\G 08.ElmSym,4.893926563693479e-16,0.0,4.893926563693479e-16
57,179,g8,area_1,psi1q,Flux in 1q-damper winding,Grid\G 08.ElmSym,-0.0003802051802454003,0.0,0.0003802051802454003
58,179,g8,area_1,psi1q,Flux in 1q-damper winding,Grid\G 08.ElmSym,-9.130050286173106e-06,0.0,9.130050286173106e-06
59,179,g8,area_1,psi1q,Flux in 1q-damper winding,Grid\G 08.ElmSym,6.058636413289017e-06,0.0,6.058636413289017e-06
60,179,g8,area_1,psi1q,Flux in 1q-damper winding,Grid\G 08.ElmSym,-4.477775328842069e-05,0.0001477623936129119,0.0001543980963476421
61,179,g8,area_1,psi1q,Flux in 1q-damper winding,Grid\G 08.ElmSym,-4.477775328842069e-05,-0.0001477623936129119,0.0001543980963476421
62,179,g8,area_1,psi1q,Flux in 1q-damper winding,Grid\G 08.ElmSym,-0.00019731333754287227,0.0,0.00019731333754287227
63,179,g8,area_1,psi1q,Flux in 1q-damper winding,Grid\G 08.ElmSym,-0.001291473743720023,-0.0,0.001291473743720023
64,179,g8,area_1,psi1q,Flux in 1q-damper winding,Grid\G 08.ElmSym,-2.063883933153219e-05,-0.0,2.063883933153219e-05
65,179,g8,area_1,psi1q,Flux in 1q-damper winding,Grid\G 08.ElmSym,0.0002539460888951459,-0.00026449422633509064,0.00036666853127823707
66,179,g8,area_1,psi1q,Flux in 1q-damper winding,Grid\G 08.ElmSym,0.0002539460888951459,0.00026449422633509064,0.00036666853127823707
67,179,g8,area_1,psi1q,Flux in 1q-damper winding,Grid\G 08.ElmSym,-2.2122817611110962e-05,-0.0,2.2122817611110962e-05
68,179,g8,area_1,psi1q,Flux in 1q-damper winding,Grid\G 08.ElmSym,-4.1546320343061564e-05,-2.8702501112056738e-05,5.049683459520913e-05
69,179,g8,area_1,psi1q,Flux in 1q-damper winding,Grid\G 08.ElmSym,-4.1546320343061564e-05,2.8702501112056738e-05,5.049683459520913e-05
70,179,g8,area_1,psi1q,Flux in 1q-damper winding,Grid\G 08.ElmSym,-0.0008622441507014007,-0.0005741965011560301,0.0010359375451052088
71,179,g8,area_1,psi1q,Flux in 1q-damper winding,Grid\G 08.ElmSym,-0.0008622441507014007,0.0005741965011560301,0.0010359375451052088
72,179,g8,area_1,psi1q,Flux in 1q-damper winding,Grid\G 08.ElmSym,-0.00041436725394177555,-0.00034068819971257397,0.0005364407428250044
73,179,g8,area_1,psi1q,Flux in 1q-damper winding,Grid\G 08.ElmSym,-0.00041436725394177555,0.00034068819971257397,0.0005364407428250044
74,179,g8,area_1,psi1q,Flux in 1q-damper winding,Grid\G 08.ElmSym,4.417248333547291e-05,0.0,4.417248333547291e-05
75,179,g8,area_1,psi1q,Flux in 1q-damper winding,Grid\G 08.ElmSym,-0.0003625234942925187,0.00026573481659873243,0.0004494866813008143
76,179,g8,area_1,psi1q,Flux in 1q-damper winding,Grid\G 08.ElmSym,-0.0003625234942925187,-0.00026573481659873243,0.0004494866813008143
77,179,g8,area_1,psi1q,Flux in 1q-damper winding,Grid\G 08.ElmSym,3.882356822095297e-06,0.0,3.882356822095297e-06
78,179,g8,area_1,psi1q,Flux in 1q-damper winding,Grid\G 08.ElmSym,2.1063967176368224e-07,0.0,2.1063967176368224e-07
79,179,g8,area_1,psi1q,Flux in 1q-damper winding,Grid\G 08.ElmSym,3.767734901955505e-09,0.0,3.767734901955505e-09
80,179,g8,area_1,psi1q,Flux in 1q-damper winding,Grid\G 08.ElmSym,1.3168863180503494e-16,0.0,1.3168863180503494e-16
81,179,g8,area_1,psi1q,Flux in 1q-damper winding,Grid\G 08.ElmSym,-7.50158512163146e-16,-0.0,7.50158512163146e-16
85,179,g8,area_1,psi1q,Flux in 1q-damper winding,Grid\G 08.ElmSym,1.1453180987727709e-16,0.0,1.1453180987727709e-16
89,179,g8,area_1,psi1q,Flux in 1q-damper winding,Grid\G 08.ElmSym,-1.1552853379923132e-16,-0.0,1.1552853379923132e-16
91,179,g8,area_1,psi1q,Flux in 1q-damper winding,Grid\G 08.ElmSym,0.00018619094750962147,0.0,0.00018619094750962147
92,179,g8,area_1,psi1q,Flux in 1q-damper winding,Grid\G 08.ElmSym,0.001073854678920393,0.0,0.001073854678920393
93,179,g8,area_1,psi1q,Flux in 1q-damper winding,Grid\G 08.ElmSym,0.00037645413237172656,0.0,0.00037645413237172656
94,179,g8,area_1,psi1q,Flux in 1q-damper winding,Grid\G 08.ElmSym,0.01812350725129521,-0.002717878559251167,0.018326166509954757
95,179,g8,area_1,psi1q,Flux in 1q-damper winding,Grid\G 08.ElmSym,0.01812350725129521,0.002717878559251167,0.018326166509954757
96,179,g8,area_1,psi1q,Flux in 1q-damper winding,Grid\G 08.ElmSym,-3.216107040952013e-06,0.0,3.216107040952013e-06
97,179,g8,area_1,psi1q,Flux in 1q-damper winding,Grid\G 08.ElmSym,2.2683973917206532e-06,0.0,2.2683973917206532e-06
98,179,g8,area_1,psi1q,Flux in 1q-damper winding,Grid\G 08.ElmSym,-0.006432891362797247,0.0,0.006432891362797247
99,179,g8,area_1,psi1q,Flux in 1q-damper winding,Grid\G 08.ElmSym,-0.006853053894159774,0.0,0.006853053894159774
100,179,g8,area_1,psi1q,Flux in 1q-damper winding,Grid\G 08.ElmSym,0.08093179860700948,0.0,0.08093179860700948
101,179,g8,area_1,psi1q,Flux in 1q-damper winding,Grid\G 08.ElmSym,-2.1387263343561446e-05,-0.0,2.1387263343561446e-05
102,179,g8,area_1,psi1q,Flux in 1q-damper winding,Grid\G 08.ElmSym,2.9827263406735146e-07,-3.550050541251063e-08,3.003778455845568e-07
103,179,g8,area_1,psi1q,Flux in 1q-damper winding,Grid\G 08.ElmSym,2.9827263406735146e-07,3.550050541251063e-08,3.003778455845568e-07
104,179,g8,area_1,psi1q,Flux in 1q-damper winding,Grid\G 08.ElmSym,-2.6833120443902343e-06,1.8442538429644655e-06,3.2559846075893693e-06
105,179,g8,area_1,psi1q,Flux in 1q-damper winding,Grid\G 08.ElmSym,-2.6833120443902343e-06,-1.8442538429644655e-06,3.2559846075893693e-06
106,179,g8,area_1,psi1q,Flux in 1q-damper winding,Grid\G 08.ElmSym,-3.966938077577318e-05,1.9289251297926883e-05,4.4110486131620184e-05
107,179,g8,area_1,psi1q,Flux in 1q-damper winding,Grid\G 08.ElmSym,-3.966938077577318e-05,-1.9289251297926883e-05,4.4110486131620184e-05
108,179,g8,area_1,psi1q,Flux in 1q-damper winding,Grid\G 08.ElmSym,-7.480821365986661e-08,0.0,7.480821365986661e-08
112,179,g8,area_1,psi1q,Flux in 1q-damper winding,Grid\G 08.ElmSym,-3.0538186265676624e-09,0.0,3.0538186265676624e-09
113,179,g8,area_1,psi1q,Flux in 1q-damper winding,Grid\G 08.ElmSym,3.023232790185891e-08,-0.0,3.023232790185891e-08
114,179,g8,area_1,psi1q,Flux in 1q-damper winding,Grid\G 08.ElmSym,2.246199248294298e-07,0.0,2.246199248294298e-07
115,179,g8,area_1,psi1q,Flux in 1q-damper winding,Grid\G 08.ElmSym,-1.739484767406501e-08,0.0,1.739484767406501e-08
116,179,g8,area_1,psi1q,Flux in 1q-damper winding,Grid\G 08.ElmSym,-1.3372756394857992e-10,-0.0,1.3372756394857992e-10
117,179,g8,area_1,psi1q,Flux in 1q-damper winding,Grid\G 08.ElmSym,-3.560738682406946e-08,-0.0,3.560738682406946e-08
118,179,g8,area_1,psi1q,Flux in 1q-damper winding,Grid\G 08.ElmSym,1.504684434520206e-06,-0.0,1.504684434520206e-06
119,179,g8,area_1,psi1q,Flux in 1q-damper winding,Grid\G 08.ElmSym,-6.699845722711494e-08,-0.0,6.699845722711494e-08
120,179,g8,area_1,psi1q,Flux in 1q-damper winding,Grid\G 08.ElmSym,-1.4968373586046257e-07,-0.0,1.4968373586046257e-07
121,179,g8,area_1,psi1q,Flux in 1q-damper winding,Grid\G 08.ElmSym,7.229730574782821e-07,0.0,7.229730574782821e-07
122,179,g8,area_1,psi1q,Flux in 1q-damper winding,Grid\G 08.ElmSym,-4.966550208285155e-06,0.0,4.966550208285155e-06
123,179,g8,area_1,psi1q,Flux in 1q-damper winding,Grid\G 08.ElmSym,-5.162913651998042e-06,-0.0,5.162913651998042e-06
124,179,g8,area_1,psi1q,Flux in 1q-damper winding,Grid\G 08.ElmSym,2.357011096093823e-07,0.0,2.357011096093823e-07
125,179,g8,area_1,psi1q,Flux in 1q-damper winding,Grid\G 08.ElmSym,4.455498918799957e-07,0.0,4.455498918799957e-07
126,179,g8,area_1,psi1q,Flux in 1q-damper winding,Grid\G 08.ElmSym,1.992534266701588e-06,-0.0,1.992534266701588e-06
127,179,g8,area_1,psi1q,Flux in 1q-damper winding,Grid\G 08.ElmSym,-1.2698013818062144e-05,-0.0,1.2698013818062144e-05
128,179,g8,area_1,psi1q,Flux in 1q-damper winding,Grid\G 08.ElmSym,5.651216979721589e-05,0.0,5.651216979721589e-05
129,179,g8,area_1,psi1q,Flux in 1q-damper winding,Grid\G 08.ElmSym,-6.710986369957882e-06,0.0,6.710986369957882e-06
130,179,g8,area_1,psi1q,Flux in 1q-damper winding,Grid\G 08.ElmSym,-1.8810991794195572e-06,-0.0,1.8810991794195572e-06
131,179,g8,area_1,psi1q,Flux in 1q-damper winding,Grid\G 08.ElmSym,6.9166771333298085e-06,0.0,6.9166771333298085e-06
132,179,g8,area_1,psi1q,Flux in 1q-damper winding,Grid\G 08.ElmSym,0.015001626030169218,-0.03051546782856563,0.03400356687680389
133,179,g8,area_1,psi1q,Flux in 1q-damper winding,Grid\G 08.ElmSym,0.015001626030169218,0.03051546782856563,0.03400356687680389
134,179,g8,area_1,psi1q,Flux in 1q-damper winding,Grid\G 08.ElmSym,0.00014639857694434555,0.0,0.00014639857694434555
135,179,g8,area_1,psi1q,Flux in 1q-damper winding,Grid\G 08.ElmSym,2.0698900158853597e-06,0.0,2.0698900158853597e-06
136,179,g8,area_1,psi1q,Flux in 1q-damper winding,Grid\G 08.ElmSym,1.7498212234732557e-08,0.0,1.7498212234732557e-08
140,179,g8,area_1,psi1q,Flux in 1q-damper winding,Grid\G 08.ElmSym,0.00010464743313886218,0.0,0.00010464743313886218
141,179,g8,area_1,psi1q,Flux in 1q-damper winding,Grid\G 08.ElmSym,2.6130341802349518e-05,0.0,2.6130341802349518e-05
142,179,g8,area_1,psi1q,Flux in 1q-damper winding,Grid\G 08.ElmSym,0.0006722064226294006,0.0,0.0006722064226294006
143,179,g8,area_1,psi1q,Flux in 1q-damper winding,Grid\G 08.ElmSym,0.00011861976534865214,0.0,0.00011861976534865214
144,179,g8,area_1,psi1q,Flux in 1q-damper winding,Grid\G 08.ElmSym,0.0012194898238015802,0.0,0.0012194898238015802
145,179,g8,area_1,psi1q,Flux in 1q-damper winding,Grid\G 08.ElmSym,-2.0260924242578154e-05,-0.0,2.0260924242578154e-05
146,179,g8,area_1,psi1q,Flux in 1q-damper winding,Grid\G 08.ElmSym,0.008000829330168772,0.006999979282159358,0.010630756319338202
147,179,g8,area_1,psi1q,Flux in 1q-damper winding,Grid\G 08.ElmSym,0.008000829330168772,-0.006999979282159358,0.010630756319338202
148,179,g8,area_1,psi1q,Flux in 1q-damper winding,Grid\G 08.ElmSym,0.008447709379236615,-0.00950692712503561,0.01271791874155438
149,179,g8,area_1,psi1q,Flux in 1q-damper winding,Grid\G 08.ElmSym,0.008447709379236615,0.00950692712503561,0.01271791874155438
150,179,g8,area_1,psi1q,Flux in 1q-damper winding,Grid\G 08.ElmSym,0.2507892885145846,0.0,0.2507892885145846
151,179,g8,area_1,psi1q,Flux in 1q-damper winding,Grid\G 08.ElmSym,1.0,0.0,1.0
152,179,g8,area_1,psi1q,Flux in 1q-damper winding,Grid\G 08.ElmSym,-0.00020587137834628027,0.0,0.00020587137834628027
153,179,g8,area_1,psi1q,Flux in 1q-damper winding,Grid\G 08.ElmSym,0.0006023134164442842,-0.0013638903884311071,0.001490965607679648
154,179,g8,area_1,psi1q,Flux in 1q-damper winding,Grid\G 08.ElmSym,0.0006023134164442842,0.0013638903884311071,0.001490965607679648
155,179,g8,area_1,psi1q,Flux in 1q-damper winding,Grid\G 08.ElmSym,-0.0009352882300661064,-0.0,0.0009352882300661064
156,179,g8,area_1,psi1q,Flux in 1q-damper winding,Grid\G 08.ElmSym,4.642436567382162e-05,0.0,4.642436567382162e-05
157,179,g8,area_1,psi1q,Flux in 1q-damper winding,Grid\G 08.ElmSym,-0.01318821485387347,-0.0,0.01318821485387347
158,179,g8,area_1,psi1q,Flux in 1q-damper winding,Grid\G 08.ElmSym,0.06680856908092112,0.0,0.06680856908092112
159,179,g8,area_1,psi1q,Flux in 1q-damper winding,Grid\G 08.ElmSym,6.299912323773848e-05,-0.0002849354801234676,0.00029181692439252864
160,179,g8,area_1,psi1q,Flux in 1q-damper winding,Grid\G 08.ElmSym,6.299912323773848e-05,0.0002849354801234676,0.00029181692439252864
161,179,g8,area_1,psi1q,Flux in 1q-damper winding,Grid\G 08.ElmSym,0.004038637804855679,0.0,0.004038637804855679
162,179,g8,area_1,psi1q,Flux in 1q-damper winding,Grid\G 08.ElmSym,0.0007090356333282377,0.0,0.0007090356333282377
163,179,g8,area_1,psi1q,Flux in 1q-damper winding,Grid\G 08.ElmSym,-0.0037123762734516744,-0.005707297680424089,0.006808449486385364
164,179,g8,area_1,psi1q,Flux in 1q-damper winding,Grid\G 08.ElmSym,-0.0037123762734516744,0.005707297680424089,0.006808449486385364
165,179,g8,area_1,psi1q,Flux in 1q-damper winding,Grid\G 08.ElmSym,-5.877011955517368e-06,0.0,5.877011955517368e-06
166,179,g8,area_1,psi1q,Flux in 1q-damper winding,Grid\G 08.ElmSym,-0.00017169726736771136,0.0,0.00017169726736771136
170,179,g8,area_1,psi1q,Flux in 1q-damper winding,Grid\G 08.ElmSym,0.0001308332908375649,0.0,0.0001308332908375649
171,179,g8,area_1,psi1q,Flux in 1q-damper winding,Grid\G 08.ElmSym,0.000329883384248222,0.0,0.000329883384248222
172,179,g8,area_1,psi1q,Flux in 1q-damper winding,Grid\G 08.ElmSym,1.2922657663846467e-05,0.0,1.2922657663846467e-05
173,179,g8,area_1,psi1q,Flux in 1q-damper winding,Grid\G 08.ElmSym,8.38226880068731e-06,0.0,8.38226880068731e-06
174,179,g8,area_1,psi1q,Flux in 1q-damper winding,Grid\G 08.ElmSym,-1.0951035278378441e-07,0.0,1.0951035278378441e-07
1,180,g8,area_1,psi2q,Flux in 2q-damper winding,Grid\G 08.ElmSym,-1.9119520826519352e-07,-0.0,1.9119520826519352e-07
5,180,g8,area_1,psi2q,Flux in 2q-damper winding,Grid\G 08.ElmSym,1.2204367944266456e-08,7.797860460923702e-09,1.4482859686093621e-08
6,180,g8,area_1,psi2q,Flux in 2q-damper winding,Grid\G 08.ElmSym,1.2204367944266456e-08,-7.797860460923702e-09,1.4482859686093621e-08
7,180,g8,area_1,psi2q,Flux in 2q-damper winding,Grid\G 08.ElmSym,1.3820788308134013e-11,8.970643096746137e-11,9.076484972927662e-11
8,180,g8,area_1,psi2q,Flux in 2q-damper winding,Grid\G 08.ElmSym,1.3820788308134013e-11,-8.970643096746137e-11,9.076484972927662e-11
9,180,g8,area_1,psi2q,Flux in 2q-damper winding,Grid\G 08.ElmSym,1.4798087019100544e-07,9.114870282623843e-08,1.7379995388202245e-07
10,180,g8,area_1,psi2q,Flux in 2q-damper winding,Grid\G 08.ElmSym,1.4798087019100544e-07,-9.114870282623843e-08,1.7379995388202245e-07
11,180,g8,area_1,psi2q,Flux in 2q-damper winding,Grid\G 08.ElmSym,0.0053832045651470515,0.017492471615887215,0.01830206148560429
12,180,g8,area_1,psi2q,Flux in 2q-damper winding,Grid\G 08.ElmSym,0.0053832045651470515,-0.017492471615887215,0.01830206148560429
13,180,g8,area_1,psi2q,Flux in 2q-damper winding,Grid\G 08.ElmSym,4.226743412550964e-05,0.0,4.226743412550964e-05
14,180,g8,area_1,psi2q,Flux in 2q-damper winding,Grid\G 08.ElmSym,0.0004308253499148331,0.0017467854807109036,0.0017991303448476603
15,180,g8,area_1,psi2q,Flux in 2q-damper winding,Grid\G 08.ElmSym,0.0004308253499148331,-0.0017467854807109036,0.0017991303448476603
19,180,g8,area_1,psi2q,Flux in 2q-damper winding,Grid\G 08.ElmSym,2.978034397135251e-11,0.0,2.978034397135251e-11
20,180,g8,area_1,psi2q,Flux in 2q-damper winding,Grid\G 08.ElmSym,1.6297733060408842e-12,0.0,1.6297733060408842e-12
21,180,g8,area_1,psi2q,Flux in 2q-damper winding,Grid\G 08.ElmSym,8.753325768542525e-08,0.0,8.753325768542525e-08
22,180,g8,area_1,psi2q,Flux in 2q-damper winding,Grid\G 08.ElmSym,8.03577208238274e-05,0.00018105164496217465,0.00019808347088919238
23,180,g8,area_1,psi2q,Flux in 2q-damper winding,Grid\G 08.ElmSym,8.03577208238274e-05,-0.00018105164496217465,0.00019808347088919238
24,180,g8,area_1,psi2q,Flux in 2q-damper winding,Grid\G 08.ElmSym,0.0004529559092484233,-0.0006413645205074554,0.0007851862861059305
25,180,g8,area_1,psi2q,Flux in 2q-damper winding,Grid\G 08.ElmSym,0.0004529559092484233,0.0006413645205074554,0.0007851862861059305
26,180,g8,area_1,psi2q,Flux in 2q-damper winding,Grid\G 08.ElmSym,5.8084156056685154e-05,0.0,5.8084156056685154e-05
27,180,g8,area_1,psi2q,Flux in 2q-damper winding,Grid\G 08.ElmSym,0.00013024365708612064,-6.158583276144754e-07,0.00013024511312385842
28,180,g8,area_1,psi2q,Flux in 2q-damper winding,Grid\G 08.ElmSym,0.00013024365708612064,6.158583276144754e-07,0.00013024511312385842
29,180,g8,area_1,psi2q,Flux in 2q-damper winding,Grid\G 08.ElmSym,1.9232773669506943e-07,-2.1003400582214993e-07,2.8478806489027394e-07
30,180,g8,area_1,psi2q,Flux in 2q-damper winding,Grid\G 08.ElmSym,1.9232773669506943e-07,2.1003400582214993e-07,2.8478806489027394e-07
31,180,g8,area_1,psi2q,Flux in 2q-damper winding,Grid\G 08.ElmSym,4.937009653434918e-06,-1.7001271809808573e-06,5.221541606615759e-06
32,180,g8,area_1,psi2q,Flux in 2q-damper winding,Grid\G 08.ElmSym,4.937009653434918e-06,1.7001271809808573e-06,5.221541606615759e-06
33,180,g8,area_1,psi2q,Flux in 2q-damper winding,Grid\G 08.ElmSym,9.921698145479254e-09,3.9809446053516414e-08,4.102721156961365e-08
34,180,g8,area_1,psi2q,Flux in 2q-damper winding,Grid\G 08.ElmSym,9.921698145479254e-09,-3.9809446053516414e-08,4.102721156961365e-08
35,180,g8,area_1,psi2q,Flux in 2q-damper winding,Grid\G 08.ElmSym,1.7287101757341793e-05,-5.620075338289304e-05,5.8799392581670884e-05
36,180,g8,area_1,psi2q,Flux in 2q-damper winding,Grid\G 08.ElmSym,1.7287101757341793e-05,5.620075338289304e-05,5.8799392581670884e-05
37,180,g8,area_1,psi2q,Flux in 2q-damper winding,Grid\G 08.ElmSym,5.2680756989587425e-05,0.00013794597052709816,0.00014766297078705617
38,180,g8,area_1,psi2q,Flux in 2q-damper winding,Grid\G 08.ElmSym,5.2680756989587425e-05,-0.00013794597052709816,0.00014766297078705617
39,180,g8,area_1,psi2q,Flux in 2q-damper winding,Grid\G 08.ElmSym,-0.00010930846869659097,0.0008453799084218118,0.0008524174628033288
40,180,g8,area_1,psi2q,Flux in 2q-damper winding,Grid\G 08.ElmSym,-0.00010930846869659097,-0.0008453799084218118,0.0008524174628033288
41,180,g8,area_1,psi2q,Flux in 2q-damper winding,Grid\G 08.ElmSym,-0.0018791797742407194,-0.0030563231433900113,0.0035878165756817616
42,180,g8,area_1,psi2q,Flux in 2q-damper winding,Grid\G 08.ElmSym,-0.0018791797742407194,0.0030563231433900113,0.0035878165756817616
43,180,g8,area_1,psi2q,Flux in 2q-damper winding,Grid\G 08.ElmSym,-0.0007218248637978443,0.03259683126128596,0.03260482233367859
44,180,g8,area_1,psi2q,Flux in 2q-damper winding,Grid\G 08.ElmSym,-0.0007218248637978443,-0.03259683126128596,0.03260482233367859
45,180,g8,area_1,psi2q,Flux in 2q-damper winding,Grid\G 08.ElmSym,-0.0006457009295768208,-0.006205800453411361,0.00623930196079794
46,180,g8,area_1,psi2q,Flux in 2q-damper winding,Grid\G 08.ElmSym,-0.0006457009295768208,0.006205800453411361,0.00623930196079794
47,180,g8,area_1,psi2q,Flux in 2q-damper winding,Grid\G 08.ElmSym,0.003200551844722089,-0.000676519202383192,0.0032712704476926327
48,180,g8,area_1,psi2q,Flux in 2q-damper winding,Grid\G 08.ElmSym,0.003200551844722089,0.000676519202383192,0.0032712704476926327
49,180,g8,area_1,psi2q,Flux in 2q-damper winding,Grid\G 08.ElmSym,-1.3717484038882656e-05,-0.000498139294828978,0.0004983281312760384
50,180,g8,area_1,psi2q,Flux in 2q-damper winding,Grid\G 08.ElmSym,-1.3717484038882656e-05,0.000498139294828978,0.0004983281312760384
51,180,g8,area_1,psi2q,Flux in 2q-damper winding,Grid\G 08.ElmSym,2.8326240195949705e-05,0.0,2.8326240195949705e-05
52,180,g8,area_1,psi2q,Flux in 2q-damper winding,Grid\G 08.ElmSym,1.5754334144040146e-14,0.0,1.5754334144040146e-14
53,180,g8,area_1,psi2q,Flux in 2q-damper winding,Grid\G 08.ElmSym,2.88064323975655e-14,-0.0,2.88064323975655e-14
54,180,g8,area_1,psi2q,Flux in 2q-damper winding,Grid\G 08.ElmSym,-8.998773961481542e-15,-0.0,8.998773961481542e-15
55,180,g8,area_1,psi2q,Flux in 2q-damper winding,Grid\G 08.ElmSym,1.8055909335893164e-14,0.0,1.8055909335893164e-14
56,180,g8,area_1,psi2q,Flux in 2q-damper winding,Grid\G 08.ElmSym,1.5035971421232043e-16,0.0,1.5035971421232043e-16
57,180,g8,area_1,psi2q,Flux in 2q-damper winding,Grid\G 08.ElmSym,-0.0011810280035339797,0.0,0.0011810280035339797
58,180,g8,area_1,psi2q,Flux in 2q-damper winding,Grid\G 08.ElmSym,-2.9343973986877448e-05,0.0,2.9343973986877448e-05
59,180,g8,area_1,psi2q,Flux in 2q-damper winding,Grid\G 08.ElmSym,1.960699115220212e-05,0.0,1.960699115220212e-05
60,180,g8,area_1,psi2q,Flux in 2q-damper winding,Grid\G 08.ElmSym,-0.00014513829556599673,0.0004789427868163435,0.0005004511143790251
61,180,g8,area_1,psi2q,Flux in 2q-damper winding,Grid\G 08.ElmSym,-0.00014513829556599673,-0.0004789427868163435,0.0005004511143790251
62,180,g8,area_1,psi2q,Flux in 2q-damper winding,Grid\G 08.ElmSym,-0.0006412857664414871,0.0,0.0006412857664414871
63,180,g8,area_1,psi2q,Flux in 2q-damper winding,Grid\G 08.ElmSym,-0.00424176408305615,-0.0,0.00424176408305615
64,180,g8,area_1,psi2q,Flux in 2q-damper winding,Grid\G 08.ElmSym,-7.097004675535812e-05,-0.0,7.097004675535812e-05
65,180,g8,area_1,psi2q,Flux in 2q-damper winding,Grid\G 08.ElmSym,0.0008782202414322773,-0.0009146988020981138,0.0012680475902035742
66,180,g8,area_1,psi2q,Flux in 2q-damper winding,Grid\G 08.ElmSym,0.0008782202414322773,0.0009146988020981138,0.0012680475902035742
67,180,g8,area_1,psi2q,Flux in 2q-damper winding,Grid\G 08.ElmSym,-7.73197071079857e-05,-0.0,7.73197071079857e-05
68,180,g8,area_1,psi2q,Flux in 2q-damper winding,Grid\G 08.ElmSym,-0.0001490119910917146,-0.00010294574356186017,0.00018111432744711696
69,180,g8,area_1,psi2q,Flux in 2q-damper winding,Grid\G 08.ElmSym,-0.0001490119910917146,0.00010294574356186017,0.00018111432744711696
70,180,g8,area_1,psi2q,Flux in 2q-damper winding,Grid\G 08.ElmSym,-0.003099794258337795,-0.002064254093270137,0.003724227356862961
71,180,g8,area_1,psi2q,Flux in 2q-damper winding,Grid\G 08.ElmSym,-0.003099794258337795,0.002064254093270137,0.003724227356862961
72,180,g8,area_1,psi2q,Flux in 2q-damper winding,Grid\G 08.ElmSym,-0.0014902826587354255,-0.001225294014586259,0.0019293231520687354
73,180,g8,area_1,psi2q,Flux in 2q-damper winding,Grid\G 08.ElmSym,-0.0014902826587354255,0.001225294014586259,0.0019293231520687354
74,180,g8,area_1,psi2q,Flux in 2q-damper winding,Grid\G 08.ElmSym,0.00015923388743651403,0.0,0.00015923388743651403
75,180,g8,area_1,psi2q,Flux in 2q-damper winding,Grid\G 08.ElmSym,-0.0013149947165937963,0.0009639096095494787,0.0016304394622467366
76,180,g8,area_1,psi2q,Flux in 2q-damper winding,Grid\G 08.ElmSym,-0.0013149947165937963,-0.0009639096095494787,0.0016304394622467366
77,180,g8,area_1,psi2q,Flux in 2q-damper winding,Grid\G 08.ElmSym,1.4278935225959017e-05,0.0,1.4278935225959017e-05
78,180,g8,area_1,psi2q,Flux in 2q-damper winding,Grid\G 08.ElmSym,7.749194200152909e-07,0.0,7.749194200152909e-07
79,180,g8,area_1,psi2q,Flux in 2q-damper winding,Grid\G 08.ElmSym,1.3861485295225237e-08,0.0,1.3861485295225237e-08
80,180,g8,area_1,psi2q,Flux in 2q-damper winding,Grid\G 08.ElmSym,5.143855181505226e-16,0.0,5.143855181505226e-16
81,180,g8,area_1,psi2q,Flux in 2q-damper winding,Grid\G 08.ElmSym,-2.9994628203118548e-15,-0.0,2.9994628203118548e-15
85,180,g8,area_1,psi2q,Flux in 2q-damper winding,Grid\G 08.ElmSym,4.284251182583476e-16,0.0,4.284251182583476e-16
89,180,g8,area_1,psi2q,Flux in 2q-damper winding,Grid\G 08.ElmSym,-4.651723886356921e-16,-0.0,4.651723886356921e-16
90,180,g8,area_1,psi2q,Flux in 2q-damper winding,Grid\G 08.ElmSym,1.7084586180563638e-16,0.0,1.7084586180563638e-16
91,180,g8,area_1,psi2q,Flux in 2q-damper winding,Grid\G 08.ElmSym,0.0007842161880502339,0.0,0.0007842161880502339
92,180,g8,area_1,psi2q,Flux in 2q-damper winding,Grid\G 08.ElmSym,0.005813553722036715,0.0,0.005813553722036715
93,180,g8,area_1,psi2q,Flux in 2q-damper winding,Grid\G 08.ElmSym,0.0029814667378389934,0.0,0.0029814667378389934
94,180,g8,area_1,psi2q,Flux in 2q-damper winding,Grid\G 08.ElmSym,0.1831043905163575,-0.027459116504213107,0.18515188604375246
95,180,g8,area_1,psi2q,Flux in 2q-damper winding,Grid\G 08.ElmSym,0.1831043905163575,0.027459116504213107,0.18515188604375246
96,180,g8,area_1,psi2q,Flux in 2q-damper winding,Grid\G 08.ElmSym,-3.2809495406222884e-05,0.0,3.2809495406222884e-05
97,180,g8,area_1,psi2q,Flux in 2q-damper winding,Grid\G 08.ElmSym,2.3213604031980432e-05,0.0,2.3213604031980432e-05
98,180,g8,area_1,psi2q,Flux in 2q-damper winding,Grid\G 08.ElmSym,-0.0665395663170463,0.0,0.0665395663170463
99,180,g8,area_1,psi2q,Flux in 2q-damper winding,Grid\G 08.ElmSym,-0.0711553301177142,0.0,0.0711553301177142
100,180,g8,area_1,psi2q,Flux in 2q-damper winding,Grid\G 08.ElmSym,0.9999999999999999,0.0,0.9999999999999999
101,180,g8,area_1,psi2q,Flux in 2q-damper winding,Grid\G 08.ElmSym,-0.001482801717549449,-0.0,0.001482801717549449
102,180,g8,area_1,psi2q,Flux in 2q-damper winding,Grid\G 08.ElmSym,3.547057640526212e-05,-4.221719480222623e-06,3.5720928121917954e-05
103,180,g8,area_1,psi2q,Flux in 2q-damper winding,Grid\G 08.ElmSym,3.547057640526212e-05,4.221719480222623e-06,3.5720928121917954e-05
104,180,g8,area_1,psi2q,Flux in 2q-damper winding,Grid\G 08.ElmSym,-0.00032899620818649367,0.00022612074597368482,0.00039921059199473453
105,180,g8,area_1,psi2q,Flux in 2q-damper winding,Grid\G 08.ElmSym,-0.00032899620818649367,-0.00022612074597368482,0.00039921059199473453
106,180,g8,area_1,psi2q,Flux in 2q-damper winding,Grid\G 08.ElmSym,-0.005797078945357848,0.002818831813822231,0.006446079203153463
107,180,g8,area_1,psi2q,Flux in 2q-damper winding,Grid\G 08.ElmSym,-0.005797078945357848,-0.002818831813822231,0.006446079203153463
108,180,g8,area_1,psi2q,Flux in 2q-damper winding,Grid\G 08.ElmSym,-0.00011145096927468752,0.0,0.00011145096927468752
112,180,g8,area_1,psi2q,Flux in 2q-damper winding,Grid\G 08.ElmSym,-2.7063238209498156e-06,0.0,2.7063238209498156e-06
113,180,g8,area_1,psi2q,Flux in 2q-damper winding,Grid\G 08.ElmSym,2.62133679060883e-05,0.0,2.62133679060883e-05
114,180,g8,area_1,psi2q,Flux in 2q-damper winding,Grid\G 08.ElmSym,0.00018614496875989865,0.0,0.00018614496875989865
115,180,g8,area_1,psi2q,Flux in 2q-damper winding,Grid\G 08.ElmSym,-1.4052673207515233e-05,0.0,1.4052673207515233e-05
116,180,g8,area_1,psi2q,Flux in 2q-damper winding,Grid\G 08.ElmSym,-1.0165223203940009e-07,-0.0,1.0165223203940009e-07
117,180,g8,area_1,psi2q,Flux in 2q-damper winding,Grid\G 08.ElmSym,-2.5613124099166887e-05,-0.0,2.5613124099166887e-05
118,180,g8,area_1,psi2q,Flux in 2q-damper winding,Grid\G 08.ElmSym,0.000927087219295862,0.0,0.000927087219295862
119,180,g8,area_1,psi2q,Flux in 2q-damper winding,Grid\G 08.ElmSym,-3.449287669415118e-05,-0.0,3.449287669415118e-05
120,180,g8,area_1,psi2q,Flux in 2q-damper winding,Grid\G 08.ElmSym,-6.882514852525822e-05,-0.0,6.882514852525822e-05
121,180,g8,area_1,psi2q,Flux in 2q-damper winding,Grid\G 08.ElmSym,0.0002530542534829344,-0.0,0.0002530542534829344
122,180,g8,area_1,psi2q,Flux in 2q-damper winding,Grid\G 08.ElmSym,-0.001667614666663384,0.0,0.001667614666663384
123,180,g8,area_1,psi2q,Flux in 2q-damper winding,Grid\G 08.ElmSym,-0.0014329493932589044,-0.0,0.0014329493932589044
124,180,g8,area_1,psi2q,Flux in 2q-damper winding,Grid\G 08.ElmSym,6.245221325434899e-05,0.0,6.245221325434899e-05
125,180,g8,area_1,psi2q,Flux in 2q-damper winding,Grid\G 08.ElmSym,9.249727450856039e-05,0.0,9.249727450856039e-05
126,180,g8,area_1,psi2q,Flux in 2q-damper winding,Grid\G 08.ElmSym,0.00034887547103711834,0.0,0.00034887547103711834
127,180,g8,area_1,psi2q,Flux in 2q-damper winding,Grid\G 08.ElmSym,-0.0012919993887129594,-0.0,0.0012919993887129594
128,180,g8,area_1,psi2q,Flux in 2q-damper winding,Grid\G 08.ElmSym,0.0021137454577739557,0.0,0.0021137454577739557
129,180,g8,area_1,psi2q,Flux in 2q-damper winding,Grid\G 08.ElmSym,-2.8238695612930958e-05,0.0,2.8238695612930958e-05
130,180,g8,area_1,psi2q,Flux in 2q-damper winding,Grid\G 08.ElmSym,-4.462558579088089e-06,-0.0,4.462558579088089e-06
131,180,g8,area_1,psi2q,Flux in 2q-damper winding,Grid\G 08.ElmSym,1.5890677387606482e-05,0.0,1.5890677387606482e-05
132,180,g8,area_1,psi2q,Flux in 2q-damper winding,Grid\G 08.ElmSym,0.019035502121170108,-0.038720952719189954,0.04314698738599041
133,180,g8,area_1,psi2q,Flux in 2q-damper winding,Grid\G 08.ElmSym,0.019035502121170108,0.038720952719189954,0.04314698738599041
134,180,g8,area_1,psi2q,Flux in 2q-damper winding,Grid\G 08.ElmSym,0.00021154425607370887,0.0,0.00021154425607370887
135,180,g8,area_1,psi2q,Flux in 2q-damper winding,Grid\G 08.ElmSym,2.9489061399213603e-06,0.0,2.9489061399213603e-06
136,180,g8,area_1,psi2q,Flux in 2q-damper winding,Grid\G 08.ElmSym,2.472241560695613e-08,0.0,2.472241560695613e-08
140,180,g8,area_1,psi2q,Flux in 2q-damper winding,Grid\G 08.ElmSym,0.00013277050877652633,0.0,0.00013277050877652633
141,180,g8,area_1,psi2q,Flux in 2q-damper winding,Grid\G 08.ElmSym,2.918707317350739e-05,-0.0,2.918707317350739e-05
142,180,g8,area_1,psi2q,Flux in 2q-damper winding,Grid\G 08.ElmSym,0.0006478970192723651,0.0,0.0006478970192723651
143,180,g8,area_1,psi2q,Flux in 2q-damper winding,Grid\G 08.ElmSym,0.00010693204501650193,-0.0,0.00010693204501650193
144,180,g8,area_1,psi2q,Flux in 2q-damper winding,Grid\G 08.ElmSym,0.001029836233178791,-0.0,0.001029836233178791
145,180,g8,area_1,psi2q,Flux in 2q-damper winding,Grid\G 08.ElmSym,-1.4975176153699276e-05,-0.0,1.4975176153699276e-05
146,180,g8,area_1,psi2q,Flux in 2q-damper winding,Grid\G 08.ElmSym,0.001832086798016315,0.00160290503634252,0.002434306182672568
147,180,g8,area_1,psi2q,Flux in 2q-damper winding,Grid\G 08.ElmSym,0.001832086798016315,-0.00160290503634252,0.002434306182672568
148,180,g8,area_1,psi2q,Flux in 2q-damper winding,Grid\G 08.ElmSym,0.0004994190737442763,-0.0005620388349875027,0.0007518690466123075
149,180,g8,area_1,psi2q,Flux in 2q-damper winding,Grid\G 08.ElmSym,0.0004994190737442763,0.0005620388349875027,0.0007518690466123075
150,180,g8,area_1,psi2q,Flux in 2q-damper winding,Grid\G 08.ElmSym,0.024912179986251237,0.0,0.024912179986251237
151,180,g8,area_1,psi2q,Flux in 2q-damper winding,Grid\G 08.ElmSym,0.06746089177134502,0.0,0.06746089177134502
152,180,g8,area_1,psi2q,Flux in 2q-damper winding,Grid\G 08.ElmSym,-9.706632146190386e-06,0.0,9.706632146190386e-06
153,180,g8,area_1,psi2q,Flux in 2q-damper winding,Grid\G 08.ElmSym,2.1637030030052084e-05,-4.8995317844835955e-05,5.35602673559223e-05
154,180,g8,area_1,psi2q,Flux in 2q-damper winding,Grid\G 08.ElmSym,2.1637030030052084e-05,4.8995317844835955e-05,5.35602673559223e-05
155,180,g8,area_1,psi2q,Flux in 2q-damper winding,Grid\G 08.ElmSym,-4.0892340222589346e-05,-0.0,4.0892340222589346e-05
156,180,g8,area_1,psi2q,Flux in 2q-damper winding,Grid\G 08.ElmSym,1.9908844904726077e-06,0.0,1.9908844904726077e-06
157,180,g8,area_1,psi2q,Flux in 2q-damper winding,Grid\G 08.ElmSym,-0.0005636849303081785,-0.0,0.0005636849303081785
158,180,g8,area_1,psi2q,Flux in 2q-damper winding,Grid\G 08.ElmSym,0.0028223188387280513,0.0,0.0028223188387280513
159,180,g8,area_1,psi2q,Flux in 2q-damper winding,Grid\G 08.ElmSym,1.2289006311825441e-06,-5.558131178636931e-06,5.692364970753089e-06
160,180,g8,area_1,psi2q,Flux in 2q-damper winding,Grid\G 08.ElmSym,1.2289006311825441e-06,5.558131178636931e-06,5.692364970753089e-06
161,180,g8,area_1,psi2q,Flux in 2q-damper winding,Grid\G 08.ElmSym,4.285714274682331e-05,0.0,4.285714274682331e-05
162,180,g8,area_1,psi2q,Flux in 2q-damper winding,Grid\G 08.ElmSym,4.28873464390931e-06,0.0,4.28873464390931e-06
163,180,g8,area_1,psi2q,Flux in 2q-damper winding,Grid\G 08.ElmSym,-2.701852340535838e-05,-4.153748024907627e-05,4.955161826265919e-05
164,180,g8,area_1,psi2q,Flux in 2q-damper winding,Grid\G 08.ElmSym,-2.701852340535838e-05,4.153748024907627e-05,4.955161826265919e-05
165,180,g8,area_1,psi2q,Flux in 2q-damper winding,Grid\G 08.ElmSym,-1.1280637146092582e-08,0.0,1.1280637146092582e-08
166,180,g8,area_1,psi2q,Flux in 2q-damper winding,Grid\G 08.ElmSym,-9.168115807686957e-08,0.0,9.168115807686957e-08
170,180,g8,area_1,psi2q,Flux in 2q-damper winding,Grid\G 08.ElmSym,9.836365884046649e-08,0.0,9.836365884046649e-08
171,180,g8,area_1,psi2q,Flux in 2q-damper winding,Grid\G 08.ElmSym,3.093793347233113e-07,0.0,3.093793347233113e-07
172,180,g8,area_1,psi2q,Flux in 2q-damper winding,Grid\G 08.ElmSym,5.10083126990677e-08,0.0,5.10083126990677e-08
173,180,g8,area_1,psi2q,Flux in 2q-damper winding,Grid\G 08.ElmSym,3.8786172540872534e-08,0.0,3.8786172540872534e-08
174,180,g8,area_1,psi2q,Flux in 2q-damper winding,Grid\G 08.ElmSym,-7.567639296487354e-10,0.0,7.567639296487354e-10
1,181,g8,area_1,speed,Speed,Grid\G 08.ElmSym,-0.0032618442066767502,-0.0,0.0032618442066767502
5,181,g8,area_1,speed,Speed,Grid\G 08.ElmSym,-8.607593321540302e-07,-7.478243761334025e-06,7.527618240972474e-06
6,181,g8,area_1,speed,Speed,Grid\G 08.ElmSym,-8.607593321540302e-07,7.478243761334025e-06,7.527618240972474e-06
7,181,g8,area_1,speed,Speed,Grid\G 08.ElmSym,5.634050670805107e-09,-9.636115580219966e-08,9.652572131042065e-08
8,181,g8,area_1,speed,Speed,Grid\G 08.ElmSym,5.634050670805107e-09,9.636115580219966e-08,9.652572131042065e-08
9,181,g8,area_1,speed,Speed,Grid\G 08.ElmSym,7.938816039612348e-06,-8.262819116541859e-05,8.30086909629333e-05
10,181,g8,area_1,speed,Speed,Grid\G 08.ElmSym,7.938816039612348e-06,8.262819116541859e-05,8.30086909629333e-05
11,181,g8,area_1,speed,Speed,Grid\G 08.ElmSym,0.002009780548090738,-0.0030849955927932018,0.003681903809041918
12,181,g8,area_1,speed,Speed,Grid\G 08.ElmSym,0.002009780548090738,0.0030849955927932018,0.003681903809041918
13,181,g8,area_1,speed,Speed,Grid\G 08.ElmSym,0.02316226050746294,0.0,0.02316226050746294
14,181,g8,area_1,speed,Speed,Grid\G 08.ElmSym,-0.05058210353726303,0.002521029274164982,0.05064488904969181
15,181,g8,area_1,speed,Speed,Grid\G 08.ElmSym,-0.05058210353726303,-0.002521029274164982,0.05064488904969181
19,181,g8,area_1,speed,Speed,Grid\G 08.ElmSym,-2.443115609955103e-10,-0.0,2.443115609955103e-10
20,181,g8,area_1,speed,Speed,Grid\G 08.ElmSym,-5.437700935863954e-12,0.0,5.437700935863954e-12
21,181,g8,area_1,speed,Speed,Grid\G 08.ElmSym,-0.0010513355784639673,-0.0,0.0010513355784639673
22,181,g8,area_1,speed,Speed,Grid\G 08.ElmSym,0.0008410653548791577,-0.00039905246993892024,0.0009309316865067793
23,181,g8,area_1,speed,Speed,Grid\G 08.ElmSym,0.0008410653548791577,0.00039905246993892024,0.0009309316865067793
24,181,g8,area_1,speed,Speed,Grid\G 08.ElmSym,-0.001681373706016792,-0.004444606697261001,0.00475200444366606
25,181,g8,area_1,speed,Speed,Grid\G 08.ElmSym,-0.001681373706016792,0.004444606697261001,0.00475200444366606
26,181,g8,area_1,speed,Speed,Grid\G 08.ElmSym,0.05622094685670997,0.0,0.05622094685670997
27,181,g8,area_1,speed,Speed,Grid\G 08.ElmSym,0.00013129563769048215,-0.0006681149174907305,0.000680893594807732
28,181,g8,area_1,speed,Speed,Grid\G 08.ElmSym,0.00013129563769048215,0.0006681149174907305,0.000680893594807732
29,181,g8,area_1,speed,Speed,Grid\G 08.ElmSym,2.5489838858499514e-06,-2.0478466943081534e-06,3.269708692484936e-06
30,181,g8,area_1,speed,Speed,Grid\G 08.ElmSym,2.5489838858499514e-06,2.0478466943081534e-06,3.269708692484936e-06
31,181,g8,area_1,speed,Speed,Grid\G 08.ElmSym,7.187180106239403e-05,-2.614381466850608e-05,7.647911370677316e-05
32,181,g8,area_1,speed,Speed,Grid\G 08.ElmSym,7.187180106239403e-05,2.614381466850608e-05,7.647911370677316e-05
33,181,g8,area_1,speed,Speed,Grid\G 08.ElmSym,4.575198914841294e-07,4.576173983881565e-07,6.470997870585295e-07
34,181,g8,area_1,speed,Speed,Grid\G 08.ElmSym,4.575198914841294e-07,-4.576173983881565e-07,6.470997870585295e-07
35,181,g8,area_1,speed,Speed,Grid\G 08.ElmSym,0.0013853634564883223,0.00018137387086770185,0.001397185881551487
36,181,g8,area_1,speed,Speed,Grid\G 08.ElmSym,0.0013853634564883223,-0.00018137387086770185,0.001397185881551487
37,181,g8,area_1,speed,Speed,Grid\G 08.ElmSym,4.08878817450976e-05,-0.0005604619703885002,0.000561951456200054
38,181,g8,area_1,speed,Speed,Grid\G 08.ElmSym,4.08878817450976e-05,0.0005604619703885002,0.000561951456200054
39,181,g8,area_1,speed,Speed,Grid\G 08.ElmSym,-0.04131633684802242,-0.009139171423099678,0.04231505813348313
40,181,g8,area_1,speed,Speed,Grid\G 08.ElmSym,-0.04131633684802242,0.009139171423099678,0.04231505813348313
41,181,g8,area_1,speed,Speed,Grid\G 08.ElmSym,0.08128854986696749,-0.0409460071983198,0.09101870052335023
42,181,g8,area_1,speed,Speed,Grid\G 08.ElmSym,0.08128854986696749,0.0409460071983198,0.09101870052335023
43,181,g8,area_1,speed,Speed,Grid\G 08.ElmSym,-0.9408622807927398,-0.13890416981995804,0.951060565795832
44,181,g8,area_1,speed,Speed,Grid\G 08.ElmSym,-0.9408622807927398,0.13890416981995804,0.951060565795832
45,181,g8,area_1,speed,Speed,Grid\G 08.ElmSym,0.00018850039856209267,-0.0002593409785097715,0.000320609019512043
46,181,g8,area_1,speed,Speed,Grid\G 08.ElmSym,0.00018850039856209267,0.0002593409785097715,0.000320609019512043
47,181,g8,area_1,speed,Speed,Grid\G 08.ElmSym,0.026592129048701264,-0.007978098090905345,0.02776312980358823
48,181,g8,area_1,speed,Speed,Grid\G 08.ElmSym,0.026592129048701264,0.007978098090905345,0.02776312980358823
49,181,g8,area_1,speed,Speed,Grid\G 08.ElmSym,0.0004317226772474312,0.00035365449879676204,0.0005580824084029872
50,181,g8,area_1,speed,Speed,Grid\G 08.ElmSym,0.0004317226772474312,-0.00035365449879676204,0.0005580824084029872
51,181,g8,area_1,speed,Speed,Grid\G 08.ElmSym,5.824854568734193e-05,0.0,5.824854568734193e-05
52,181,g8,area_1,speed,Speed,Grid\G 08.ElmSym,1.350283253693478e-15,0.0,1.350283253693478e-15
53,181,g8,area_1,speed,Speed,Grid\G 08.ElmSym,-6.972841549653244e-15,0.0,6.972841549653244e-15
54,181,g8,area_1,speed,Speed,Grid\G 08.ElmSym,-8.896328856101155e-15,-0.0,8.896328856101155e-15
55,181,g8,area_1,speed,Speed,Grid\G 08.ElmSym,5.260977132259832e-16,0.0,5.260977132259832e-16
57,181,g8,area_1,speed,Speed,Grid\G 08.ElmSym,0.0001080513560130114,0.0,0.0001080513560130114
58,181,g8,area_1,speed,Speed,Grid\G 08.ElmSym,9.427564522749781e-06,0.0,9.427564522749781e-06
59,181,g8,area_1,speed,Speed,Grid\G 08.ElmSym,-3.983869538193651e-06,0.0,3.983869538193651e-06
60,181,g8,area_1,speed,Speed,Grid\G 08.ElmSym,4.8962455745040356e-05,-1.5836388539695144e-05,5.145982194455421e-05
61,181,g8,area_1,speed,Speed,Grid\G 08.ElmSym,4.8962455745040356e-05,1.5836388539695144e-05,5.145982194455421e-05
62,181,g8,area_1,speed,Speed,Grid\G 08.ElmSym,-9.924207151738917e-06,0.0,9.924207151738917e-06
63,181,g8,area_1,speed,Speed,Grid\G 08.ElmSym,0.00026099802043709654,0.0,0.00026099802043709654
64,181,g8,area_1,speed,Speed,Grid\G 08.ElmSym,-1.3486215249975724e-05,-0.0,1.3486215249975724e-05
65,181,g8,area_1,speed,Speed,Grid\G 08.ElmSym,-1.731737816243506e-05,-4.4460393588587724e-05,4.771392023794435e-05
66,181,g8,area_1,speed,Speed,Grid\G 08.ElmSym,-1.731737816243506e-05,4.4460393588587724e-05,4.771392023794435e-05
67,181,g8,area_1,speed,Speed,Grid\G 08.ElmSym,4.415908908804449e-06,0.0,4.415908908804449e-06
68,181,g8,area_1,speed,Speed,Grid\G 08.ElmSym,1.086512388746215e-05,2.8809359598951448e-06,1.1240583129665364e-05
69,181,g8,area_1,speed,Speed,Grid\G 08.ElmSym,1.086512388746215e-05,-2.8809359598951448e-06,1.1240583129665364e-05
70,181,g8,area_1,speed,Speed,Grid\G 08.ElmSym,0.0012525650290067262,0.0009875320398339636,0.001595035636463728
71,181,g8,area_1,speed,Speed,Grid\G 08.ElmSym,0.0012525650290067262,-0.0009875320398339636,0.001595035636463728
72,181,g8,area_1,speed,Speed,Grid\G 08.ElmSym,0.0007665106091805469,0.0007702925306947575,0.0010866872120488338
73,181,g8,area_1,speed,Speed,Grid\G 08.ElmSym,0.0007665106091805469,-0.0007702925306947575,0.0010866872120488338
74,181,g8,area_1,speed,Speed,Grid\G 08.ElmSym,-1.369291720133101e-06,0.0,1.369291720133101e-06
75,181,g8,area_1,speed,Speed,Grid\G 08.ElmSym,0.0024177789658507967,0.006101397647710973,0.006562980144964903
76,181,g8,area_1,speed,Speed,Grid\G 08.ElmSym,0.0024177789658507967,-0.006101397647710973,0.006562980144964903
77,181,g8,area_1,speed,Speed,Grid\G 08.ElmSym,6.052286149764861e-07,0.0,6.052286149764861e-07
78,181,g8,area_1,speed,Speed,Grid\G 08.ElmSym,1.1299894088943483e-07,-0.0,1.1299894088943483e-07
79,181,g8,area_1,speed,Speed,Grid\G 08.ElmSym,5.800454182719126e-09,0.0,5.800454182719126e-09
81,181,g8,area_1,speed,Speed,Grid\G 08.ElmSym,1.908112167240241e-15,0.0,1.908112167240241e-15
85,181,g8,area_1,speed,Speed,Grid\G 08.ElmSym,-1.564506499688898e-16,-0.0,1.564506499688898e-16
89,181,g8,area_1,speed,Speed,Grid\G 08.ElmSym,7.4643497109311e-16,0.0,7.4643497109311e-16
91,181,g8,area_1,speed,Speed,Grid\G 08.ElmSym,-0.0018920372876611068,-0.0,0.0018920372876611068
92,181,g8,area_1,speed,Speed,Grid\G 08.ElmSym,0.00046438605352907067,0.0,0.00046438605352907067
93,181,g8,area_1,speed,Speed,Grid\G 08.ElmSym,0.00015776195624546237,-0.0,0.00015776195624546237
94,181,g8,area_1,speed,Speed,Grid\G 08.ElmSym,0.0023200124872917614,0.001796688398337638,0.0029343733814752976
95,181,g8,area_1,speed,Speed,Grid\G 08.ElmSym,0.0023200124872917614,-0.001796688398337638,0.0029343733814752976
96,181,g8,area_1,speed,Speed,Grid\G 08.ElmSym,-1.0729785244337134e-06,0.0,1.0729785244337134e-06
97,181,g8,area_1,speed,Speed,Grid\G 08.ElmSym,-7.145409892987674e-05,0.0,7.145409892987674e-05
98,181,g8,area_1,speed,Speed,Grid\G 08.ElmSym,0.007009660199791494,0.0,0.007009660199791494
99,181,g8,area_1,speed,Speed,Grid\G 08.ElmSym,0.009165419079316334,0.0,0.009165419079316334
100,181,g8,area_1,speed,Speed,Grid\G 08.ElmSym,-0.017193855707112,0.0,0.017193855707112
101,181,g8,area_1,speed,Speed,Grid\G 08.ElmSym,0.0007212612786522932,0.0,0.0007212612786522932
102,181,g8,area_1,speed,Speed,Grid\G 08.ElmSym,-1.1096431423086605e-05,2.0145477206493234e-06,1.127781862090525e-05
103,181,g8,area_1,speed,Speed,Grid\G 08.ElmSym,-1.1096431423086605e-05,-2.0145477206493234e-06,1.127781862090525e-05
104,181,g8,area_1,speed,Speed,Grid\G 08.ElmSym,0.0001152492642940916,-0.00012405629633341445,0.00016932913978489738
105,181,g8,area_1,speed,Speed,Grid\G 08.ElmSym,0.0001152492642940916,0.00012405629633341445,0.00016932913978489738
106,181,g8,area_1,speed,Speed,Grid\G 08.ElmSym,0.0022361950808971855,-0.0017087911048649267,0.002814344591533572
107,181,g8,area_1,speed,Speed,Grid\G 08.ElmSym,0.0022361950808971855,0.0017087911048649267,0.002814344591533572
108,181,g8,area_1,speed,Speed,Grid\G 08.ElmSym,5.9085557352433155e-05,0.0,5.9085557352433155e-05
112,181,g8,area_1,speed,Speed,Grid\G 08.ElmSym,1.3850044191750513e-06,0.0,1.3850044191750513e-06
113,181,g8,area_1,speed,Speed,Grid\G 08.ElmSym,-1.3495610340333063e-05,0.0,1.3495610340333063e-05
114,181,g8,area_1,speed,Speed,Grid\G 08.ElmSym,-9.738908605928395e-05,-0.0,9.738908605928395e-05
115,181,g8,area_1,speed,Speed,Grid\G 08.ElmSym,2.8579406562880093e-06,0.0,2.8579406562880093e-06
116,181,g8,area_1,speed,Speed,Grid\G 08.ElmSym,4.813638275576034e-08,0.0,4.813638275576034e-08
117,181,g8,area_1,speed,Speed,Grid\G 08.ElmSym,1.7190383693662336e-05,0.0,1.7190383693662336e-05
118,181,g8,area_1,speed,Speed,Grid\G 08.ElmSym,-0.0004657475043897523,0.0,0.0004657475043897523
119,181,g8,area_1,speed,Speed,Grid\G 08.ElmSym,9.50985253560043e-06,0.0,9.50985253560043e-06
120,181,g8,area_1,speed,Speed,Grid\G 08.ElmSym,-0.0005610132230214224,-0.0,0.0005610132230214224
121,181,g8,area_1,speed,Speed,Grid\G 08.ElmSym,-0.00010389002090640971,0.0,0.00010389002090640971
122,181,g8,area_1,speed,Speed,Grid\G 08.ElmSym,0.0001409213541417379,0.0,0.0001409213541417379
123,181,g8,area_1,speed,Speed,Grid\G 08.ElmSym,-1.8277868500925685e-05,-0.0,1.8277868500925685e-05
124,181,g8,area_1,speed,Speed,Grid\G 08.ElmSym,-5.852935917191151e-05,-0.0,5.852935917191151e-05
125,181,g8,area_1,speed,Speed,Grid\G 08.ElmSym,-3.685090866851692e-05,0.0,3.685090866851692e-05
126,181,g8,area_1,speed,Speed,Grid\G 08.ElmSym,-0.00011109001993563694,0.0,0.00011109001993563694
127,181,g8,area_1,speed,Speed,Grid\G 08.ElmSym,-0.000172008502769039,-0.0,0.000172008502769039
128,181,g8,area_1,speed,Speed,Grid\G 08.ElmSym,0.0014447386062712915,0.0,0.0014447386062712915
129,181,g8,area_1,speed,Speed,Grid\G 08.ElmSym,1.9907135798819714e-05,0.0,1.9907135798819714e-05
130,181,g8,area_1,speed,Speed,Grid\G 08.ElmSym,-1.2599953982053407e-05,-0.0,1.2599953982053407e-05
131,181,g8,area_1,speed,Speed,Grid\G 08.ElmSym,-6.3581613696333565e-06,0.0,6.3581613696333565e-06
132,181,g8,area_1,speed,Speed,Grid\G 08.ElmSym,0.013966969411579684,0.0034921955065762046,0.01439693245105198
133,181,g8,area_1,speed,Speed,Grid\G 08.ElmSym,0.013966969411579684,-0.0034921955065762046,0.01439693245105198
134,181,g8,area_1,speed,Speed,Grid\G 08.ElmSym,-2.005242105555765e-05,-0.0,2.005242105555765e-05
135,181,g8,area_1,speed,Speed,Grid\G 08.ElmSym,-2.0503471483531528e-07,-0.0,2.0503471483531528e-07
136,181,g8,area_1,speed,Speed,Grid\G 08.ElmSym,2.705647279037846e-09,0.0,2.705647279037846e-09
140,181,g8,area_1,speed,Speed,Grid\G 08.ElmSym,3.7815235613984713e-06,0.0,3.7815235613984713e-06
141,181,g8,area_1,speed,Speed,Grid\G 08.ElmSym,-0.0006260131007531488,0.0,0.0006260131007531488
142,181,g8,area_1,speed,Speed,Grid\G 08.ElmSym,-0.000501165074713116,-0.0,0.000501165074713116
143,181,g8,area_1,speed,Speed,Grid\G 08.ElmSym,-0.0015901699697793792,0.0,0.0015901699697793792
144,181,g8,area_1,speed,Speed,Grid\G 08.ElmSym,-0.013677974963557563,0.0,0.013677974963557563
145,181,g8,area_1,speed,Speed,Grid\G 08.ElmSym,-0.0008619805433059091,-0.0,0.0008619805433059091
146,181,g8,area_1,speed,Speed,Grid\G 08.ElmSym,0.00042155643848033636,0.00021591716602448953,0.00047363493685355666
147,181,g8,area_1,speed,Speed,Grid\G 08.ElmSym,0.00042155643848033636,-0.00021591716602448953,0.00047363493685355666
148,181,g8,area_1,speed,Speed,Grid\G 08.ElmSym,0.0001444180610225066,0.0004487561736127418,0.0004714219762644182
149,181,g8,area_1,speed,Speed,Grid\G 08.ElmSym,0.0001444180610225066,-0.0004487561736127418,0.0004714219762644182
150,181,g8,area_1,speed,Speed,Grid\G 08.ElmSym,-0.0007938889409156251,-0.0,0.0007938889409156251
151,181,g8,area_1,speed,Speed,Grid\G 08.ElmSym,-0.002140155492341588,-0.0,0.002140155492341588
152,181,g8,area_1,speed,Speed,Grid\G 08.ElmSym,8.955859790651156e-06,0.0,8.955859790651156e-06
153,181,g8,area_1,speed,Speed,Grid\G 08.ElmSym,8.918973155270658e-06,3.835960527326447e-05,3.9382831270302264e-05
154,181,g8,area_1,speed,Speed,Grid\G 08.ElmSym,8.918973155270658e-06,-3.835960527326447e-05,3.9382831270302264e-05
155,181,g8,area_1,speed,Speed,Grid\G 08.ElmSym,3.361057952211375e-05,0.0,3.361057952211375e-05
156,181,g8,area_1,speed,Speed,Grid\G 08.ElmSym,7.354212839293362e-07,0.0,7.354212839293362e-07
157,181,g8,area_1,speed,Speed,Grid\G 08.ElmSym,0.00038930664296197605,0.0,0.00038930664296197605
158,181,g8,area_1,speed,Speed,Grid\G 08.ElmSym,-0.0016917264139914593,-0.0,0.0016917264139914593
159,181,g8,area_1,speed,Speed,Grid\G 08.ElmSym,-1.626918984913798e-08,1.874495446371618e-06,1.8745660471176465e-06
160,181,g8,area_1,speed,Speed,Grid\G 08.ElmSym,-1.626918984913798e-08,-1.874495446371618e-06,1.8745660471176465e-06
161,181,g8,area_1,speed,Speed,Grid\G 08.ElmSym,-1.5103372754646967e-05,0.0,1.5103372754646967e-05
162,181,g8,area_1,speed,Speed,Grid\G 08.ElmSym,-2.3187466163992185e-06,-0.0,2.3187466163992185e-06
163,181,g8,area_1,speed,Speed,Grid\G 08.ElmSym,-2.6004715545468287e-06,-1.4961703698021779e-05,1.5186014284643807e-05
164,181,g8,area_1,speed,Speed,Grid\G 08.ElmSym,-2.6004715545468287e-06,1.4961703698021779e-05,1.5186014284643807e-05
165,181,g8,area_1,speed,Speed,Grid\G 08.ElmSym,-3.814431213398576e-09,0.0,3.814431213398576e-09
166,181,g8,area_1,speed,Speed,Grid\G 08.ElmSym,-2.990924745552112e-07,0.0,2.990924745552112e-07
170,181,g8,area_1,speed,Speed,Grid\G 08.ElmSym,4.253204598148983e-06,0.0,4.253204598148983e-06
171,181,g8,area_1,speed,Speed,Grid\G 08.ElmSym,-1.9424273265137842e-05,-0.0,1.9424273265137842e-05
172,181,g8,area_1,speed,Speed,Grid\G 08.ElmSym,6.156943088145639e-07,0.0,6.156943088145639e-07
173,181,g8,area_1,speed,Speed,Grid\G 08.ElmSym,-1.8504329626781402e-07,0.0,1.8504329626781402e-07
174,181,g8,area_1,speed,Speed,Grid\G 08.ElmSym,4.412359276055968e-08,0.0,4.412359276055968e-08
1,182,g8,area_1,phi,Rotor position d-axis referred to the reference bus voltage,Grid\G 08.ElmSym,-1.1052890096606205e-05,-0.0,1.1052890096606205e-05
5,182,g8,area_1,phi,Rotor position d-axis referred to the reference bus voltage,Grid\G 08.ElmSym,-5.542930495890196e-09,1.7621649527298515e-09,5.816296399161492e-09
6,182,g8,area_1,phi,Rotor position d-axis referred to the reference bus voltage,Grid\G 08.ElmSym,-5.542930495890196e-09,-1.7621649527298515e-09,5.816296399161492e-09
7,182,g8,area_1,phi,Rotor position d-axis referred to the reference bus voltage,Grid\G 08.ElmSym,3.456557555783285e-11,-1.2412715041885051e-10,1.2885002322370062e-10
8,182,g8,area_1,phi,Rotor position d-axis referred to the reference bus voltage,Grid\G 08.ElmSym,3.456557555783285e-11,1.2412715041885051e-10,1.2885002322370062e-10
9,182,g8,area_1,phi,Rotor position d-axis referred to the reference bus voltage,Grid\G 08.ElmSym,4.731362935339174e-08,-8.142503083359161e-08,9.41733251448704e-08
10,182,g8,area_1,phi,Rotor position d-axis referred to the reference bus voltage,Grid\G 08.ElmSym,4.731362935339174e-08,8.142503083359161e-08,9.41733251448704e-08
11,182,g8,area_1,phi,Rotor position d-axis referred to the reference bus voltage,Grid\G 08.ElmSym,0.0021860162862626245,-0.001710179813709427,0.002775496748156021
12,182,g8,area_1,phi,Rotor position d-axis referred to the reference bus voltage,Grid\G 08.ElmSym,0.0021860162862626245,0.001710179813709427,0.002775496748156021
13,182,g8,area_1,phi,Rotor position d-axis referred to the reference bus voltage,Grid\G 08.ElmSym,1.0164097553372303e-05,0.0,1.0164097553372303e-05
14,182,g8,area_1,phi,Rotor position d-axis referred to the reference bus voltage,Grid\G 08.ElmSym,0.07810374595098749,0.028309751296100798,0.08307609252982157
15,182,g8,area_1,phi,Rotor position d-axis referred to the reference bus voltage,Grid\G 08.ElmSym,0.07810374595098749,-0.028309751296100798,0.08307609252982157
19,182,g8,area_1,phi,Rotor position d-axis referred to the reference bus voltage,Grid\G 08.ElmSym,3.309895229322464e-10,0.0,3.309895229322464e-10
20,182,g8,area_1,phi,Rotor position d-axis referred to the reference bus voltage,Grid\G 08.ElmSym,-5.686986909616976e-12,0.0,5.686986909616976e-12
21,182,g8,area_1,phi,Rotor position d-axis referred to the reference bus voltage,Grid\G 08.ElmSym,-1.4514042788125787e-06,-0.0,1.4514042788125787e-06
22,182,g8,area_1,phi,Rotor position d-axis referred to the reference bus voltage,Grid\G 08.ElmSym,2.8521286044382923e-05,-4.855228613742753e-05,5.6309752679230885e-05
23,182,g8,area_1,phi,Rotor position d-axis referred to the reference bus voltage,Grid\G 08.ElmSym,2.8521286044382923e-05,4.855228613742753e-05,5.6309752679230885e-05
24,182,g8,area_1,phi,Rotor position d-axis referred to the reference bus voltage,Grid\G 08.ElmSym,-0.00023896216501112174,-1.4469151665983646e-05,0.0002393998175787438
25,182,g8,area_1,phi,Rotor position d-axis referred to the reference bus voltage,Grid\G 08.ElmSym,-0.00023896216501112174,1.4469151665983646e-05,0.0002393998175787438
26,182,g8,area_1,phi,Rotor position d-axis referred to the reference bus voltage,Grid\G 08.ElmSym,-4.2712038334121386e-05,0.0,4.2712038334121386e-05
27,182,g8,area_1,phi,Rotor position d-axis referred to the reference bus voltage,Grid\G 08.ElmSym,-0.0001725971743276227,0.00016972228646970573,0.00024206494812422687
28,182,g8,area_1,phi,Rotor position d-axis referred to the reference bus voltage,Grid\G 08.ElmSym,-0.0001725971743276227,-0.00016972228646970573,0.00024206494812422687
29,182,g8,area_1,phi,Rotor position d-axis referred to the reference bus voltage,Grid\G 08.ElmSym,4.0129204391164555e-06,1.7680387824236326e-07,4.016813421362778e-06
30,182,g8,area_1,phi,Rotor position d-axis referred to the reference bus voltage,Grid\G 08.ElmSym,4.0129204391164555e-06,-1.7680387824236326e-07,4.016813421362778e-06
31,182,g8,area_1,phi,Rotor position d-axis referred to the reference bus voltage,Grid\G 08.ElmSym,-3.116865217776141e-05,3.6352530668628635e-06,3.1379928990334046e-05
32,182,g8,area_1,phi,Rotor position d-axis referred to the reference bus voltage,Grid\G 08.ElmSym,-3.116865217776141e-05,-3.6352530668628635e-06,3.1379928990334046e-05
33,182,g8,area_1,phi,Rotor position d-axis referred to the reference bus voltage,Grid\G 08.ElmSym,-4.576551622786854e-07,-3.0229899788604174e-07,5.484823895835079e-07
34,182,g8,area_1,phi,Rotor position d-axis referred to the reference bus voltage,Grid\G 08.ElmSym,-4.576551622786854e-07,3.0229899788604174e-07,5.484823895835079e-07
35,182,g8,area_1,phi,Rotor position d-axis referred to the reference bus voltage,Grid\G 08.ElmSym,0.014608877256625229,-0.0330648407269428,0.03614834694695232
36,182,g8,area_1,phi,Rotor position d-axis referred to the reference bus voltage,Grid\G 08.ElmSym,0.014608877256625229,0.0330648407269428,0.03614834694695232
37,182,g8,area_1,phi,Rotor position d-axis referred to the reference bus voltage,Grid\G 08.ElmSym,0.004834571836456447,-0.00428279950248119,0.0064587503760643195
38,182,g8,area_1,phi,Rotor position d-axis referred to the reference bus voltage,Grid\G 08.ElmSym,0.004834571836456447,0.00428279950248119,0.0064587503760643195
39,182,g8,area_1,phi,Rotor position d-axis referred to the reference bus voltage,Grid\G 08.ElmSym,0.0010794142548188324,0.0001774684822076998,0.0010939059354822059
40,182,g8,area_1,phi,Rotor position d-axis referred to the reference bus voltage,Grid\G 08.ElmSym,0.0010794142548188324,-0.0001774684822076998,0.0010939059354822059
41,182,g8,area_1,phi,Rotor position d-axis referred to the reference bus voltage,Grid\G 08.ElmSym,-0.0752179553204809,0.049615463146644126,0.09010790745461722
42,182,g8,area_1,phi,Rotor position d-axis referred to the reference bus voltage,Grid\G 08.ElmSym,-0.0752179553204809,-0.049615463146644126,0.09010790745461722
43,182,g8,area_1,phi,Rotor position d-axis referred to the reference bus voltage,Grid\G 08.ElmSym,1.0,0.0,1.0
44,182,g8,area_1,phi,Rotor position d-axis referred to the reference bus voltage,Grid\G 08.ElmSym,1.0,0.0,1.0
45,182,g8,area_1,phi,Rotor position d-axis referred to the reference bus voltage,Grid\G 08.ElmSym,-7.019646812944016e-05,-0.00010226527724817732,0.0001240392319731708
46,182,g8,area_1,phi,Rotor position d-axis referred to the reference bus voltage,Grid\G 08.ElmSym,-7.019646812944016e-05,0.00010226527724817732,0.0001240392319731708
47,182,g8,area_1,phi,Rotor position d-axis referred to the reference bus voltage,Grid\G 08.ElmSym,0.0008392201752743863,-0.0009475940938313825,0.0012657902943425071
48,182,g8,area_1,phi,Rotor position d-axis referred to the reference bus voltage,Grid\G 08.ElmSym,0.0008392201752743863,0.0009475940938313825,0.0012657902943425071
49,182,g8,area_1,phi,Rotor position d-axis referred to the reference bus voltage,Grid\G 08.ElmSym,3.228393114256995e-06,4.568745842257221e-06,5.594279280776446e-06
50,182,g8,area_1,phi,Rotor position d-axis referred to the reference bus voltage,Grid\G 08.ElmSym,3.228393114256995e-06,-4.568745842257221e-06,5.594279280776446e-06
51,182,g8,area_1,phi,Rotor position d-axis referred to the reference bus voltage,Grid\G 08.ElmSym,0.0002776898099657141,0.0,0.0002776898099657141
52,182,g8,area_1,phi,Rotor position d-axis referred to the reference bus voltage,Grid\G 08.ElmSym,-1.830008379715853e-15,-0.0,1.830008379715853e-15
54,182,g8,area_1,phi,Rotor position d-axis referred to the reference bus voltage,Grid\G 08.ElmSym,4.891962668108737e-15,0.0,4.891962668108737e-15
55,182,g8,area_1,phi,Rotor position d-axis referred to the reference bus voltage,Grid\G 08.ElmSym,9.026188404675242e-16,0.0,9.026188404675242e-16
56,182,g8,area_1,phi,Rotor position d-axis referred to the reference bus voltage,Grid\G 08.ElmSym,1.4956933367131532e-16,0.0,1.4956933367131532e-16
57,182,g8,area_1,phi,Rotor position d-axis referred to the reference bus voltage,Grid\G 08.ElmSym,-2.843613927520837e-06,0.0,2.843613927520837e-06
58,182,g8,area_1,phi,Rotor position d-axis referred to the reference bus voltage,Grid\G 08.ElmSym,0.001303179505912174,0.0,0.001303179505912174
59,182,g8,area_1,phi,Rotor position d-axis referred to the reference bus voltage,Grid\G 08.ElmSym,-0.0004746448264360569,0.0,0.0004746448264360569
60,182,g8,area_1,phi,Rotor position d-axis referred to the reference bus voltage,Grid\G 08.ElmSym,-0.00023428371070037635,-0.003910460915606817,0.003917472837121917
61,182,g8,area_1,phi,Rotor position d-axis referred to the reference bus voltage,Grid\G 08.ElmSym,-0.00023428371070037635,0.003910460915606817,0.003917472837121917
62,182,g8,area_1,phi,Rotor position d-axis referred to the reference bus voltage,Grid\G 08.ElmSym,0.005124044812754896,0.0,0.005124044812754896
63,182,g8,area_1,phi,Rotor position d-axis referred to the reference bus voltage,Grid\G 08.ElmSym,0.020465710085775034,0.0,0.020465710085775034
64,182,g8,area_1,phi,Rotor position d-axis referred to the reference bus voltage,Grid\G 08.ElmSym,-0.00025167341963410573,-0.0,0.00025167341963410573
65,182,g8,area_1,phi,Rotor position d-axis referred to the reference bus voltage,Grid\G 08.ElmSym,0.0022947745681064463,-0.0012080421306710923,0.0025933291553338306
66,182,g8,area_1,phi,Rotor position d-axis referred to the reference bus voltage,Grid\G 08.ElmSym,0.0022947745681064463,0.0012080421306710923,0.0025933291553338306
67,182,g8,area_1,phi,Rotor position d-axis referred to the reference bus voltage,Grid\G 08.ElmSym,-0.0002201293535272102,-0.0,0.0002201293535272102
68,182,g8,area_1,phi,Rotor position d-axis referred to the reference bus voltage,Grid\G 08.ElmSym,-0.00016282558010729888,2.427857278977951e-05,0.0001646256925087546
69,182,g8,area_1,phi,Rotor position d-axis referred to the reference bus voltage,Grid\G 08.ElmSym,-0.00016282558010729888,-2.427857278977951e-05,0.0001646256925087546
70,182,g8,area_1,phi,Rotor position d-axis referred to the reference bus voltage,Grid\G 08.ElmSym,-0.05343641697729464,-0.053018144788289985,0.07527532355402654
71,182,g8,area_1,phi,Rotor position d-axis referred to the reference bus voltage,Grid\G 08.ElmSym,-0.05343641697729464,0.053018144788289985,0.07527532355402654
72,182,g8,area_1,phi,Rotor position d-axis referred to the reference bus voltage,Grid\G 08.ElmSym,0.0024670554690918835,-0.014015389420227882,0.014230864460327482
73,182,g8,area_1,phi,Rotor position d-axis referred to the reference bus voltage,Grid\G 08.ElmSym,0.0024670554690918835,0.014015389420227882,0.014230864460327482
74,182,g8,area_1,phi,Rotor position d-axis referred to the reference bus voltage,Grid\G 08.ElmSym,-0.00042775306922043614,0.0,0.00042775306922043614
75,182,g8,area_1,phi,Rotor position d-axis referred to the reference bus voltage,Grid\G 08.ElmSym,-8.9895312297491e-05,-0.0010649280693637493,0.001068715565570122
76,182,g8,area_1,phi,Rotor position d-axis referred to the reference bus voltage,Grid\G 08.ElmSym,-8.9895312297491e-05,0.0010649280693637493,0.001068715565570122
77,182,g8,area_1,phi,Rotor position d-axis referred to the reference bus voltage,Grid\G 08.ElmSym,-3.690537521660585e-06,0.0,3.690537521660585e-06
78,182,g8,area_1,phi,Rotor position d-axis referred to the reference bus voltage,Grid\G 08.ElmSym,-2.518768350991217e-06,0.0,2.518768350991217e-06
79,182,g8,area_1,phi,Rotor position d-axis referred to the reference bus voltage,Grid\G 08.ElmSym,-2.8609350457533308e-08,-0.0,2.8609350457533308e-08
80,182,g8,area_1,phi,Rotor position d-axis referred to the reference bus voltage,Grid\G 08.ElmSym,3.483541404696726e-15,0.0,3.483541404696726e-15
81,182,g8,area_1,phi,Rotor position d-axis referred to the reference bus voltage,Grid\G 08.ElmSym,-2.7488671295463e-15,0.0,2.7488671295463e-15
85,182,g8,area_1,phi,Rotor position d-axis referred to the reference bus voltage,Grid\G 08.ElmSym,5.569228234780103e-15,0.0,5.569228234780103e-15
89,182,g8,area_1,phi,Rotor position d-axis referred to the reference bus voltage,Grid\G 08.ElmSym,-6.924392110402858e-15,-0.0,6.924392110402858e-15
90,182,g8,area_1,phi,Rotor position d-axis referred to the reference bus voltage,Grid\G 08.ElmSym,1.947471801292257e-15,0.0,1.947471801292257e-15
91,182,g8,area_1,phi,Rotor position d-axis referred to the reference bus voltage,Grid\G 08.ElmSym,-0.00043273711484932324,-0.0,0.00043273711484932324
92,182,g8,area_1,phi,Rotor position d-axis referred to the reference bus voltage,Grid\G 08.ElmSym,-9.805498494797701e-05,-0.0,9.805498494797701e-05
93,182,g8,area_1,phi,Rotor position d-axis referred to the reference bus voltage,Grid\G 08.ElmSym,-0.0007819517155005331,0.0,0.0007819517155005331
94,182,g8,area_1,phi,Rotor position d-axis referred to the reference bus voltage,Grid\G 08.ElmSym,-0.002535051391615323,-0.003183014738610522,0.004069160648627994
95,182,g8,area_1,phi,Rotor position d-axis referred to the reference bus voltage,Grid\G 08.ElmSym,-0.002535051391615323,0.003183014738610522,0.004069160648627994
96,182,g8,area_1,phi,Rotor position d-axis referred to the reference bus voltage,Grid\G 08.ElmSym,-0.00022190627711731267,0.0,0.00022190627711731267
97,182,g8,area_1,phi,Rotor position d-axis referred to the reference bus voltage,Grid\G 08.ElmSym,0.0009242097178554211,-0.0,0.0009242097178554211
98,182,g8,area_1,phi,Rotor position d-axis referred to the reference bus voltage,Grid\G 08.ElmSym,-0.003773501333898791,0.0,0.003773501333898791
99,182,g8,area_1,phi,Rotor position d-axis referred to the reference bus voltage,Grid\G 08.ElmSym,-0.0024827343440458785,-0.0,0.0024827343440458785
100,182,g8,area_1,phi,Rotor position d-axis referred to the reference bus voltage,Grid\G 08.ElmSym,-0.01575712684596632,0.0,0.01575712684596632
101,182,g8,area_1,phi,Rotor position d-axis referred to the reference bus voltage,Grid\G 08.ElmSym,0.00048160176956013167,0.0,0.00048160176956013167
102,182,g8,area_1,phi,Rotor position d-axis referred to the reference bus voltage,Grid\G 08.ElmSym,-5.4415350514004e-06,9.975943013448694e-07,5.532223613131966e-06
103,182,g8,area_1,phi,Rotor position d-axis referred to the reference bus voltage,Grid\G 08.ElmSym,-5.4415350514004e-06,-9.975943013448694e-07,5.532223613131966e-06
104,182,g8,area_1,phi,Rotor position d-axis referred to the reference bus voltage,Grid\G 08.ElmSym,-5.563800976944927e-05,0.0001043018150234912,0.00011821360644316672
105,182,g8,area_1,phi,Rotor position d-axis referred to the reference bus voltage,Grid\G 08.ElmSym,-5.563800976944927e-05,-0.0001043018150234912,0.00011821360644316672
106,182,g8,area_1,phi,Rotor position d-axis referred to the reference bus voltage,Grid\G 08.ElmSym,0.0004852899343407666,-9.402433875612534e-05,0.0004943145725658836
107,182,g8,area_1,phi,Rotor position d-axis referred to the reference bus voltage,Grid\G 08.ElmSym,0.0004852899343407666,9.402433875612534e-05,0.0004943145725658836
108,182,g8,area_1,phi,Rotor position d-axis referred to the reference bus voltage,Grid\G 08.ElmSym,5.268609708402366e-06,0.0,5.268609708402366e-06
112,182,g8,area_1,phi,Rotor position d-axis referred to the reference bus voltage,Grid\G 08.ElmSym,-2.3765616459344973e-05,0.0,2.3765616459344973e-05
113,182,g8,area_1,phi,Rotor position d-axis referred to the reference bus voltage,Grid\G 08.ElmSym,8.938678728702263e-06,0.0,8.938678728702263e-06
114,182,g8,area_1,phi,Rotor position d-axis referred to the reference bus voltage,Grid\G 08.ElmSym,-4.692113407863784e-05,-0.0,4.692113407863784e-05
115,182,g8,area_1,phi,Rotor position d-axis referred to the reference bus voltage,Grid\G 08.ElmSym,8.236222866349308e-07,-0.0,8.236222866349308e-07
116,182,g8,area_1,phi,Rotor position d-axis referred to the reference bus voltage,Grid\G 08.ElmSym,-2.57967303750681e-07,-0.0,2.57967303750681e-07
117,182,g8,area_1,phi,Rotor position d-axis referred to the reference bus voltage,Grid\G 08.ElmSym,7.571523295073575e-06,0.0,7.571523295073575e-06
118,182,g8,area_1,phi,Rotor position d-axis referred to the reference bus voltage,Grid\G 08.ElmSym,-0.00015085531145282065,0.0,0.00015085531145282065
119,182,g8,area_1,phi,Rotor position d-axis referred to the reference bus voltage,Grid\G 08.ElmSym,-2.265856160753918e-06,-0.0,2.265856160753918e-06
120,182,g8,area_1,phi,Rotor position d-axis referred to the reference bus voltage,Grid\G 08.ElmSym,-0.0003715053908382279,-0.0,0.0003715053908382279
121,182,g8,area_1,phi,Rotor position d-axis referred to the reference bus voltage,Grid\G 08.ElmSym,-2.7567524505344145e-05,0.0,2.7567524505344145e-05
122,182,g8,area_1,phi,Rotor position d-axis referred to the reference bus voltage,Grid\G 08.ElmSym,-7.51392478056576e-06,0.0,7.51392478056576e-06
123,182,g8,area_1,phi,Rotor position d-axis referred to the reference bus voltage,Grid\G 08.ElmSym,-0.0001459623889779873,-0.0,0.0001459623889779873
124,182,g8,area_1,phi,Rotor position d-axis referred to the reference bus voltage,Grid\G 08.ElmSym,-6.555813020578132e-05,-0.0,6.555813020578132e-05
125,182,g8,area_1,phi,Rotor position d-axis referred to the reference bus voltage,Grid\G 08.ElmSym,2.2509495607020786e-05,0.0,2.2509495607020786e-05
126,182,g8,area_1,phi,Rotor position d-axis referred to the reference bus voltage,Grid\G 08.ElmSym,8.763042210695594e-06,0.0,8.763042210695594e-06
127,182,g8,area_1,phi,Rotor position d-axis referred to the reference bus voltage,Grid\G 08.ElmSym,-0.00012825434208137536,-0.0,0.00012825434208137536
128,182,g8,area_1,phi,Rotor position d-axis referred to the reference bus voltage,Grid\G 08.ElmSym,0.0013384345892884925,0.0,0.0013384345892884925
129,182,g8,area_1,phi,Rotor position d-axis referred to the reference bus voltage,Grid\G 08.ElmSym,6.647977246084919e-06,-0.0,6.647977246084919e-06
130,182,g8,area_1,phi,Rotor position d-axis referred to the reference bus voltage,Grid\G 08.ElmSym,8.206059707196725e-05,0.0,8.206059707196725e-05
131,182,g8,area_1,phi,Rotor position d-axis referred to the reference bus voltage,Grid\G 08.ElmSym,-2.7274450541223265e-06,0.0,2.7274450541223265e-06
132,182,g8,area_1,phi,Rotor position d-axis referred to the reference bus voltage,Grid\G 08.ElmSym,0.0026876052661377655,0.0009778626847042763,0.00285997159019255
133,182,g8,area_1,phi,Rotor position d-axis referred to the reference bus voltage,Grid\G 08.ElmSym,0.0026876052661377655,-0.0009778626847042763,0.00285997159019255
134,182,g8,area_1,phi,Rotor position d-axis referred to the reference bus voltage,Grid\G 08.ElmSym,3.900815546321164e-05,0.0,3.900815546321164e-05
135,182,g8,area_1,phi,Rotor position d-axis referred to the reference bus voltage,Grid\G 08.ElmSym,2.0864314586064074e-06,0.0,2.0864314586064074e-06
136,182,g8,area_1,phi,Rotor position d-axis referred to the reference bus voltage,Grid\G 08.ElmSym,5.462200366053152e-09,0.0,5.462200366053152e-09
140,182,g8,area_1,phi,Rotor position d-axis referred to the reference bus voltage,Grid\G 08.ElmSym,7.835769555174439e-06,0.0,7.835769555174439e-06
141,182,g8,area_1,phi,Rotor position d-axis referred to the reference bus voltage,Grid\G 08.ElmSym,-0.0006301033287181413,0.0,0.0006301033287181413
142,182,g8,area_1,phi,Rotor position d-axis referred to the reference bus voltage,Grid\G 08.ElmSym,0.0001392360753452229,0.0,0.0001392360753452229
143,182,g8,area_1,phi,Rotor position d-axis referred to the reference bus voltage,Grid\G 08.ElmSym,-0.0024697521924461558,0.0,0.0024697521924461558
144,182,g8,area_1,phi,Rotor position d-axis referred to the reference bus voltage,Grid\G 08.ElmSym,-0.014718453891230813,0.0,0.014718453891230813
145,182,g8,area_1,phi,Rotor position d-axis referred to the reference bus voltage,Grid\G 08.ElmSym,-0.002797721361989742,-0.0,0.002797721361989742
146,182,g8,area_1,phi,Rotor position d-axis referred to the reference bus voltage,Grid\G 08.ElmSym,0.00010349705648494545,-6.701969255049829e-05,0.00012330158105479144
147,182,g8,area_1,phi,Rotor position d-axis referred to the reference bus voltage,Grid\G 08.ElmSym,0.00010349705648494545,6.701969255049829e-05,0.00012330158105479144
148,182,g8,area_1,phi,Rotor position d-axis referred to the reference bus voltage,Grid\G 08.ElmSym,0.0001704558934614732,0.00018738864653964238,0.00025331742235327624
149,182,g8,area_1,phi,Rotor position d-axis referred to the reference bus voltage,Grid\G 08.ElmSym,0.0001704558934614732,-0.00018738864653964238,0.00025331742235327624
150,182,g8,area_1,phi,Rotor position d-axis referred to the reference bus voltage,Grid\G 08.ElmSym,-0.0002069343887382387,-0.0,0.0002069343887382387
151,182,g8,area_1,phi,Rotor position d-axis referred to the reference bus voltage,Grid\G 08.ElmSym,-0.0017751617314398377,-0.0,0.0017751617314398377
152,182,g8,area_1,phi,Rotor position d-axis referred to the reference bus voltage,Grid\G 08.ElmSym,6.667120001405726e-06,0.0,6.667120001405726e-06
153,182,g8,area_1,phi,Rotor position d-axis referred to the reference bus voltage,Grid\G 08.ElmSym,0.0001176084876763227,-8.001678500908346e-06,0.00011788037679081131
154,182,g8,area_1,phi,Rotor position d-axis referred to the reference bus voltage,Grid\G 08.ElmSym,0.0001176084876763227,8.001678500908346e-06,0.00011788037679081131
155,182,g8,area_1,phi,Rotor position d-axis referred to the reference bus voltage,Grid\G 08.ElmSym,2.9011368848818493e-05,0.0,2.9011368848818493e-05
156,182,g8,area_1,phi,Rotor position d-axis referred to the reference bus voltage,Grid\G 08.ElmSym,4.627418951101654e-07,0.0,4.627418951101654e-07
157,182,g8,area_1,phi,Rotor position d-axis referred to the reference bus voltage,Grid\G 08.ElmSym,0.00033098596482555176,0.0,0.00033098596482555176
158,182,g8,area_1,phi,Rotor position d-axis referred to the reference bus voltage,Grid\G 08.ElmSym,-0.00143486530252805,-0.0,0.00143486530252805
159,182,g8,area_1,phi,Rotor position d-axis referred to the reference bus voltage,Grid\G 08.ElmSym,2.2068106716376315e-07,2.3408296107131053e-06,2.3512089230427408e-06
160,182,g8,area_1,phi,Rotor position d-axis referred to the reference bus voltage,Grid\G 08.ElmSym,2.2068106716376315e-07,-2.3408296107131053e-06,2.3512089230427408e-06
161,182,g8,area_1,phi,Rotor position d-axis referred to the reference bus voltage,Grid\G 08.ElmSym,-0.00019976481929813,0.0,0.00019976481929813
162,182,g8,area_1,phi,Rotor position d-axis referred to the reference bus voltage,Grid\G 08.ElmSym,1.2396663048456263e-05,0.0,1.2396663048456263e-05
163,182,g8,area_1,phi,Rotor position d-axis referred to the reference bus voltage,Grid\G 08.ElmSym,-1.2496127759872015e-05,5.740124713692811e-06,1.37514450411508e-05
164,182,g8,area_1,phi,Rotor position d-axis referred to the reference bus voltage,Grid\G 08.ElmSym,-1.2496127759872015e-05,-5.740124713692811e-06,1.37514450411508e-05
165,182,g8,area_1,phi,Rotor position d-axis referred to the reference bus voltage,Grid\G 08.ElmSym,-9.5382288909078e-09,0.0,9.5382288909078e-09
166,182,g8,area_1,phi,Rotor position d-axis referred to the reference bus voltage,Grid\G 08.ElmSym,9.459040285382629e-08,0.0,9.459040285382629e-08
170,182,g8,area_1,phi,Rotor position d-axis referred to the reference bus voltage,Grid\G 08.ElmSym,-1.0217214141322583e-06,-0.0,1.0217214141322583e-06
171,182,g8,area_1,phi,Rotor position d-axis referred to the reference bus voltage,Grid\G 08.ElmSym,2.0769233035378538e-05,0.0,2.0769233035378538e-05
172,182,g8,area_1,phi,Rotor position d-axis referred to the reference bus voltage,Grid\G 08.ElmSym,2.6795010339256776e-06,0.0,2.6795010339256776e-06
173,182,g8,area_1,phi,Rotor position d-axis referred to the reference bus voltage,Grid\G 08.ElmSym,-5.060502476684626e-08,0.0,5.060502476684626e-08
174,182,g8,area_1,phi,Rotor position d-axis referred to the reference bus voltage,Grid\G 08.ElmSym,-4.7299697474164874e-08,0.0,4.7299697474164874e-08
1,183,g9,area_1,psi1d,Flux in 1d-damper winding,Grid\G 09.ElmSym,-4.952930873626147e-06,-0.0,4.952930873626147e-06
5,183,g9,area_1,psi1d,Flux in 1d-damper winding,Grid\G 09.ElmSym,3.711649142876222e-09,-1.773344461517398e-08,1.8117709493179782e-08
6,183,g9,area_1,psi1d,Flux in 1d-damper winding,Grid\G 09.ElmSym,3.711649142876222e-09,1.773344461517398e-08,1.8117709493179782e-08
7,183,g9,area_1,psi1d,Flux in 1d-damper winding,Grid\G 09.ElmSym,2.167767496819119e-10,-6.076182257282036e-11,2.2513142447251826e-10
8,183,g9,area_1,psi1d,Flux in 1d-damper winding,Grid\G 09.ElmSym,2.167767496819119e-10,6.076182257282036e-11,2.2513142447251826e-10
9,183,g9,area_1,psi1d,Flux in 1d-damper winding,Grid\G 09.ElmSym,1.1737930342353042e-08,-2.62883240926613e-07,2.631451640612109e-07
10,183,g9,area_1,psi1d,Flux in 1d-damper winding,Grid\G 09.ElmSym,1.1737930342353042e-08,2.62883240926613e-07,2.631451640612109e-07
11,183,g9,area_1,psi1d,Flux in 1d-damper winding,Grid\G 09.ElmSym,9.846598530879765e-05,5.399159020364178e-05,0.00011229711517020524
12,183,g9,area_1,psi1d,Flux in 1d-damper winding,Grid\G 09.ElmSym,9.846598530879765e-05,-5.399159020364178e-05,0.00011229711517020524
13,183,g9,area_1,psi1d,Flux in 1d-damper winding,Grid\G 09.ElmSym,2.5820163730168902e-05,0.0,2.5820163730168902e-05
14,183,g9,area_1,psi1d,Flux in 1d-damper winding,Grid\G 09.ElmSym,-0.0006543537142470492,0.0035772498052714908,0.0036366048661717193
15,183,g9,area_1,psi1d,Flux in 1d-damper winding,Grid\G 09.ElmSym,-0.0006543537142470492,-0.0035772498052714908,0.0036366048661717193
19,183,g9,area_1,psi1d,Flux in 1d-damper winding,Grid\G 09.ElmSym,1.5185317226142177e-11,0.0,1.5185317226142177e-11
20,183,g9,area_1,psi1d,Flux in 1d-damper winding,Grid\G 09.ElmSym,-5.9530486350891995e-12,0.0,5.9530486350891995e-12
21,183,g9,area_1,psi1d,Flux in 1d-damper winding,Grid\G 09.ElmSym,-1.0190237942674327e-06,-0.0,1.0190237942674327e-06
22,183,g9,area_1,psi1d,Flux in 1d-damper winding,Grid\G 09.ElmSym,7.626647024155975e-05,2.666093871935308e-05,8.079220343884563e-05
23,183,g9,area_1,psi1d,Flux in 1d-damper winding,Grid\G 09.ElmSym,7.626647024155975e-05,-2.666093871935308e-05,8.079220343884563e-05
24,183,g9,area_1,psi1d,Flux in 1d-damper winding,Grid\G 09.ElmSym,0.00218831122062315,-0.00045737116514614246,0.0022355970972007277
25,183,g9,area_1,psi1d,Flux in 1d-damper winding,Grid\G 09.ElmSym,0.00218831122062315,0.00045737116514614246,0.0022355970972007277
26,183,g9,area_1,psi1d,Flux in 1d-damper winding,Grid\G 09.ElmSym,5.694165805792836e-05,-0.0,5.694165805792836e-05
27,183,g9,area_1,psi1d,Flux in 1d-damper winding,Grid\G 09.ElmSym,0.0002875383192907363,-4.282658451811739e-05,0.00029071016735234575
28,183,g9,area_1,psi1d,Flux in 1d-damper winding,Grid\G 09.ElmSym,0.0002875383192907363,4.282658451811739e-05,0.00029071016735234575
29,183,g9,area_1,psi1d,Flux in 1d-damper winding,Grid\G 09.ElmSym,-2.1216184994793814e-08,4.004170654538687e-08,4.5315171508008127e-08
30,183,g9,area_1,psi1d,Flux in 1d-damper winding,Grid\G 09.ElmSym,-2.1216184994793814e-08,-4.004170654538687e-08,4.5315171508008127e-08
31,183,g9,area_1,psi1d,Flux in 1d-damper winding,Grid\G 09.ElmSym,-1.5320217557075657e-06,-4.868021498283717e-07,1.6075033415327062e-06
32,183,g9,area_1,psi1d,Flux in 1d-damper winding,Grid\G 09.ElmSym,-1.5320217557075657e-06,4.868021498283717e-07,1.6075033415327062e-06
33,183,g9,area_1,psi1d,Flux in 1d-damper winding,Grid\G 09.ElmSym,-1.3933933601698138e-10,-1.9459548301870312e-08,1.9460047162414212e-08
34,183,g9,area_1,psi1d,Flux in 1d-damper winding,Grid\G 09.ElmSym,-1.3933933601698138e-10,1.9459548301870312e-08,1.9460047162414212e-08
35,183,g9,area_1,psi1d,Flux in 1d-damper winding,Grid\G 09.ElmSym,4.879195335174529e-05,-0.0004633426854871583,0.0004659046027958198
36,183,g9,area_1,psi1d,Flux in 1d-damper winding,Grid\G 09.ElmSym,4.879195335174529e-05,0.0004633426854871583,0.0004659046027958198
37,183,g9,area_1,psi1d,Flux in 1d-damper winding,Grid\G 09.ElmSym,-0.006087106414158286,0.03732391557505632,0.03781702709562478
38,183,g9,area_1,psi1d,Flux in 1d-damper winding,Grid\G 09.ElmSym,-0.006087106414158286,-0.03732391557505632,0.03781702709562478
39,183,g9,area_1,psi1d,Flux in 1d-damper winding,Grid\G 09.ElmSym,-0.014605580563160293,0.02525703152947665,0.029176028264106535
40,183,g9,area_1,psi1d,Flux in 1d-damper winding,Grid\G 09.ElmSym,-0.014605580563160293,-0.02525703152947665,0.029176028264106535
41,183,g9,area_1,psi1d,Flux in 1d-damper winding,Grid\G 09.ElmSym,-2.7520349882616736e-05,-7.229041746057011e-05,7.735162644886754e-05
42,183,g9,area_1,psi1d,Flux in 1d-damper winding,Grid\G 09.ElmSym,-2.7520349882616736e-05,7.229041746057011e-05,7.735162644886754e-05
43,183,g9,area_1,psi1d,Flux in 1d-damper winding,Grid\G 09.ElmSym,-0.00030771773394460637,0.0014775376154204406,0.0015092407391686475
44,183,g9,area_1,psi1d,Flux in 1d-damper winding,Grid\G 09.ElmSym,-0.00030771773394460637,-0.0014775376154204406,0.0015092407391686475
45,183,g9,area_1,psi1d,Flux in 1d-damper winding,Grid\G 09.ElmSym,0.016398826336006797,-0.05130171441152192,0.0538589584633779
46,183,g9,area_1,psi1d,Flux in 1d-damper winding,Grid\G 09.ElmSym,0.016398826336006797,0.05130171441152192,0.0538589584633779
47,183,g9,area_1,psi1d,Flux in 1d-damper winding,Grid\G 09.ElmSym,9.478247586367462e-05,-0.00013122518861908818,0.00016187577909917015
48,183,g9,area_1,psi1d,Flux in 1d-damper winding,Grid\G 09.ElmSym,9.478247586367462e-05,0.00013122518861908818,0.00016187577909917015
49,183,g9,area_1,psi1d,Flux in 1d-damper winding,Grid\G 09.ElmSym,-0.00035477519774464736,-0.0020612428172153193,0.0020915514319414905
50,183,g9,area_1,psi1d,Flux in 1d-damper winding,Grid\G 09.ElmSym,-0.00035477519774464736,0.0020612428172153193,0.0020915514319414905
51,183,g9,area_1,psi1d,Flux in 1d-damper winding,Grid\G 09.ElmSym,2.416980271173283e-07,0.0,2.416980271173283e-07
52,183,g9,area_1,psi1d,Flux in 1d-damper winding,Grid\G 09.ElmSym,-9.91894881283511e-16,-0.0,9.91894881283511e-16
53,183,g9,area_1,psi1d,Flux in 1d-damper winding,Grid\G 09.ElmSym,-2.8928100516963895e-15,0.0,2.8928100516963895e-15
54,183,g9,area_1,psi1d,Flux in 1d-damper winding,Grid\G 09.ElmSym,1.1862096049661151e-15,0.0,1.1862096049661151e-15
55,183,g9,area_1,psi1d,Flux in 1d-damper winding,Grid\G 09.ElmSym,1.5444953021946794e-16,0.0,1.5444953021946794e-16
56,183,g9,area_1,psi1d,Flux in 1d-damper winding,Grid\G 09.ElmSym,-2.8955890726160832e-15,-0.0,2.8955890726160832e-15
57,183,g9,area_1,psi1d,Flux in 1d-damper winding,Grid\G 09.ElmSym,-2.8429728887793084e-05,0.0,2.8429728887793084e-05
58,183,g9,area_1,psi1d,Flux in 1d-damper winding,Grid\G 09.ElmSym,-0.000147111736841259,0.0,0.000147111736841259
59,183,g9,area_1,psi1d,Flux in 1d-damper winding,Grid\G 09.ElmSym,2.6979837499556057e-07,0.0,2.6979837499556057e-07
60,183,g9,area_1,psi1d,Flux in 1d-damper winding,Grid\G 09.ElmSym,6.535253592769459e-05,7.314716533962485e-05,9.808905009940217e-05
61,183,g9,area_1,psi1d,Flux in 1d-damper winding,Grid\G 09.ElmSym,6.535253592769459e-05,-7.314716533962485e-05,9.808905009940217e-05
62,183,g9,area_1,psi1d,Flux in 1d-damper winding,Grid\G 09.ElmSym,8.364671780751294e-07,0.0,8.364671780751294e-07
63,183,g9,area_1,psi1d,Flux in 1d-damper winding,Grid\G 09.ElmSym,1.8330537703204687e-05,0.0,1.8330537703204687e-05
64,183,g9,area_1,psi1d,Flux in 1d-damper winding,Grid\G 09.ElmSym,-0.0002471477632761562,-0.0,0.0002471477632761562
65,183,g9,area_1,psi1d,Flux in 1d-damper winding,Grid\G 09.ElmSym,-0.001355603912290327,0.0018666486718490372,0.002306954535991686
66,183,g9,area_1,psi1d,Flux in 1d-damper winding,Grid\G 09.ElmSym,-0.001355603912290327,-0.0018666486718490372,0.002306954535991686
67,183,g9,area_1,psi1d,Flux in 1d-damper winding,Grid\G 09.ElmSym,-0.0013181137762909776,-0.0,0.0013181137762909776
68,183,g9,area_1,psi1d,Flux in 1d-damper winding,Grid\G 09.ElmSym,-1.1933331990175448e-05,-8.179507050740156e-06,1.4467506626259159e-05
69,183,g9,area_1,psi1d,Flux in 1d-damper winding,Grid\G 09.ElmSym,-1.1933331990175448e-05,8.179507050740156e-06,1.4467506626259159e-05
70,183,g9,area_1,psi1d,Flux in 1d-damper winding,Grid\G 09.ElmSym,-4.134963637099176e-06,-5.790370250894273e-06,7.115216927302628e-06
71,183,g9,area_1,psi1d,Flux in 1d-damper winding,Grid\G 09.ElmSym,-4.134963637099176e-06,5.790370250894273e-06,7.115216927302628e-06
72,183,g9,area_1,psi1d,Flux in 1d-damper winding,Grid\G 09.ElmSym,-6.794008684191314e-06,-1.0548665006567935e-05,1.2547226283990334e-05
73,183,g9,area_1,psi1d,Flux in 1d-damper winding,Grid\G 09.ElmSym,-6.794008684191314e-06,1.0548665006567935e-05,1.2547226283990334e-05
74,183,g9,area_1,psi1d,Flux in 1d-damper winding,Grid\G 09.ElmSym,0.004541044209358301,0.0,0.004541044209358301
75,183,g9,area_1,psi1d,Flux in 1d-damper winding,Grid\G 09.ElmSym,0.0002704483720221925,-0.0006013265313768151,0.0006593450684331581
76,183,g9,area_1,psi1d,Flux in 1d-damper winding,Grid\G 09.ElmSym,0.0002704483720221925,0.0006013265313768151,0.0006593450684331581
77,183,g9,area_1,psi1d,Flux in 1d-damper winding,Grid\G 09.ElmSym,-1.1199191912969947e-05,0.0,1.1199191912969947e-05
78,183,g9,area_1,psi1d,Flux in 1d-damper winding,Grid\G 09.ElmSym,-5.416886705579884e-07,0.0,5.416886705579884e-07
79,183,g9,area_1,psi1d,Flux in 1d-damper winding,Grid\G 09.ElmSym,-2.8397843221493934e-08,-0.0,2.8397843221493934e-08
80,183,g9,area_1,psi1d,Flux in 1d-damper winding,Grid\G 09.ElmSym,-5.953105526184297e-16,-0.0,5.953105526184297e-16
81,183,g9,area_1,psi1d,Flux in 1d-damper winding,Grid\G 09.ElmSym,2.6347386926138777e-16,0.0,2.6347386926138777e-16
85,183,g9,area_1,psi1d,Flux in 1d-damper winding,Grid\G 09.ElmSym,-5.479500313224188e-16,-0.0,5.479500313224188e-16
91,183,g9,area_1,psi1d,Flux in 1d-damper winding,Grid\G 09.ElmSym,-7.76871497936209e-06,-0.0,7.76871497936209e-06
92,183,g9,area_1,psi1d,Flux in 1d-damper winding,Grid\G 09.ElmSym,-7.275089916849353e-05,-0.0,7.275089916849353e-05
93,183,g9,area_1,psi1d,Flux in 1d-damper winding,Grid\G 09.ElmSym,-1.0816762749000102e-05,0.0,1.0816762749000102e-05
94,183,g9,area_1,psi1d,Flux in 1d-damper winding,Grid\G 09.ElmSym,-0.00027736726055852483,0.00017961070024849146,0.0003304430372598189
95,183,g9,area_1,psi1d,Flux in 1d-damper winding,Grid\G 09.ElmSym,-0.00027736726055852483,-0.00017961070024849146,0.0003304430372598189
96,183,g9,area_1,psi1d,Flux in 1d-damper winding,Grid\G 09.ElmSym,-3.036626069947751e-06,0.0,3.036626069947751e-06
97,183,g9,area_1,psi1d,Flux in 1d-damper winding,Grid\G 09.ElmSym,-0.00011055004093273746,0.0,0.00011055004093273746
98,183,g9,area_1,psi1d,Flux in 1d-damper winding,Grid\G 09.ElmSym,4.040966200016628e-05,0.0,4.040966200016628e-05
99,183,g9,area_1,psi1d,Flux in 1d-damper winding,Grid\G 09.ElmSym,8.413631810352973e-05,0.0,8.413631810352973e-05
100,183,g9,area_1,psi1d,Flux in 1d-damper winding,Grid\G 09.ElmSym,-5.910904214293023e-05,0.0,5.910904214293023e-05
101,183,g9,area_1,psi1d,Flux in 1d-damper winding,Grid\G 09.ElmSym,2.9208384576387126e-05,0.0,2.9208384576387126e-05
102,183,g9,area_1,psi1d,Flux in 1d-damper winding,Grid\G 09.ElmSym,-1.9279114180729e-06,2.5483993900752437e-07,1.9446814213256673e-06
103,183,g9,area_1,psi1d,Flux in 1d-damper winding,Grid\G 09.ElmSym,-1.9279114180729e-06,-2.5483993900752437e-07,1.9446814213256673e-06
104,183,g9,area_1,psi1d,Flux in 1d-damper winding,Grid\G 09.ElmSym,8.325075625600548e-06,-8.316025056349031e-06,1.1767036878917022e-05
105,183,g9,area_1,psi1d,Flux in 1d-damper winding,Grid\G 09.ElmSym,8.325075625600548e-06,8.316025056349031e-06,1.1767036878917022e-05
106,183,g9,area_1,psi1d,Flux in 1d-damper winding,Grid\G 09.ElmSym,0.00042651527144033015,-0.00023484990240484218,0.0004868980934768408
107,183,g9,area_1,psi1d,Flux in 1d-damper winding,Grid\G 09.ElmSym,0.00042651527144033015,0.00023484990240484218,0.0004868980934768408
108,183,g9,area_1,psi1d,Flux in 1d-damper winding,Grid\G 09.ElmSym,1.201895000549519e-05,0.0,1.201895000549519e-05
112,183,g9,area_1,psi1d,Flux in 1d-damper winding,Grid\G 09.ElmSym,1.4305483909299308e-07,0.0,1.4305483909299308e-07
113,183,g9,area_1,psi1d,Flux in 1d-damper winding,Grid\G 09.ElmSym,-1.4317606016011352e-06,0.0,1.4317606016011352e-06
114,183,g9,area_1,psi1d,Flux in 1d-damper winding,Grid\G 09.ElmSym,-2.313660227880767e-06,-0.0,2.313660227880767e-06
115,183,g9,area_1,psi1d,Flux in 1d-damper winding,Grid\G 09.ElmSym,5.75117905425611e-06,0.0,5.75117905425611e-06
116,183,g9,area_1,psi1d,Flux in 1d-damper winding,Grid\G 09.ElmSym,-4.3031644834184287e-10,-0.0,4.3031644834184287e-10
117,183,g9,area_1,psi1d,Flux in 1d-damper winding,Grid\G 09.ElmSym,-0.00033181995723709153,-0.0,0.00033181995723709153
118,183,g9,area_1,psi1d,Flux in 1d-damper winding,Grid\G 09.ElmSym,-3.4698951525295655e-05,0.0,3.4698951525295655e-05
119,183,g9,area_1,psi1d,Flux in 1d-damper winding,Grid\G 09.ElmSym,-2.025488181616756e-07,-0.0,2.025488181616756e-07
120,183,g9,area_1,psi1d,Flux in 1d-damper winding,Grid\G 09.ElmSym,9.38785773789802e-06,0.0,9.38785773789802e-06
121,183,g9,area_1,psi1d,Flux in 1d-damper winding,Grid\G 09.ElmSym,0.00010038788785780152,0.0,0.00010038788785780152
122,183,g9,area_1,psi1d,Flux in 1d-damper winding,Grid\G 09.ElmSym,-0.0025851156950834793,0.0,0.0025851156950834793
123,183,g9,area_1,psi1d,Flux in 1d-damper winding,Grid\G 09.ElmSym,-0.000533172284201072,-0.0,0.000533172284201072
124,183,g9,area_1,psi1d,Flux in 1d-damper winding,Grid\G 09.ElmSym,-1.1411943243067506e-06,-0.0,1.1411943243067506e-06
125,183,g9,area_1,psi1d,Flux in 1d-damper winding,Grid\G 09.ElmSym,-4.2936156703265886e-05,0.0,4.2936156703265886e-05
126,183,g9,area_1,psi1d,Flux in 1d-damper winding,Grid\G 09.ElmSym,-0.0009120049809833816,0.0,0.0009120049809833816
127,183,g9,area_1,psi1d,Flux in 1d-damper winding,Grid\G 09.ElmSym,-0.03452141749861275,-0.0,0.03452141749861275
128,183,g9,area_1,psi1d,Flux in 1d-damper winding,Grid\G 09.ElmSym,-0.05146755390857623,0.0,0.05146755390857623
129,183,g9,area_1,psi1d,Flux in 1d-damper winding,Grid\G 09.ElmSym,-0.0003851492877718148,0.0,0.0003851492877718148
130,183,g9,area_1,psi1d,Flux in 1d-damper winding,Grid\G 09.ElmSym,-0.0035304171442262647,-0.0,0.0035304171442262647
131,183,g9,area_1,psi1d,Flux in 1d-damper winding,Grid\G 09.ElmSym,4.398356186814003e-05,0.0,4.398356186814003e-05
132,183,g9,area_1,psi1d,Flux in 1d-damper winding,Grid\G 09.ElmSym,0.5702448532483607,0.10310394312510654,0.5794908245556522
133,183,g9,area_1,psi1d,Flux in 1d-damper winding,Grid\G 09.ElmSym,0.5702448532483607,-0.10310394312510654,0.5794908245556522
134,183,g9,area_1,psi1d,Flux in 1d-damper winding,Grid\G 09.ElmSym,-0.0006293673128034018,-0.0,0.0006293673128034018
135,183,g9,area_1,psi1d,Flux in 1d-damper winding,Grid\G 09.ElmSym,-5.0871643656716774e-05,-0.0,5.0871643656716774e-05
136,183,g9,area_1,psi1d,Flux in 1d-damper winding,Grid\G 09.ElmSym,2.642483531392092e-05,0.0,2.642483531392092e-05
140,183,g9,area_1,psi1d,Flux in 1d-damper winding,Grid\G 09.ElmSym,0.09745477298345337,0.0,0.09745477298345337
141,183,g9,area_1,psi1d,Flux in 1d-damper winding,Grid\G 09.ElmSym,0.3958308628678229,-0.0,0.3958308628678229
142,183,g9,area_1,psi1d,Flux in 1d-damper winding,Grid\G 09.ElmSym,1.0,0.0,1.0
143,183,g9,area_1,psi1d,Flux in 1d-damper winding,Grid\G 09.ElmSym,-0.004028800907338878,0.0,0.004028800907338878
144,183,g9,area_1,psi1d,Flux in 1d-damper winding,Grid\G 09.ElmSym,0.06561960403248068,-0.0,0.06561960403248068
145,183,g9,area_1,psi1d,Flux in 1d-damper winding,Grid\G 09.ElmSym,0.013125642310830993,0.0,0.013125642310830993
146,183,g9,area_1,psi1d,Flux in 1d-damper winding,Grid\G 09.ElmSym,0.001941352500799816,-0.005392084299204788,0.005730918130813987
147,183,g9,area_1,psi1d,Flux in 1d-damper winding,Grid\G 09.ElmSym,0.001941352500799816,0.005392084299204788,0.005730918130813987
148,183,g9,area_1,psi1d,Flux in 1d-damper winding,Grid\G 09.ElmSym,0.0020409892804737814,-0.00043575229292365503,0.0020869876146726667
149,183,g9,area_1,psi1d,Flux in 1d-damper winding,Grid\G 09.ElmSym,0.0020409892804737814,0.00043575229292365503,0.0020869876146726667
150,183,g9,area_1,psi1d,Flux in 1d-damper winding,Grid\G 09.ElmSym,0.002004557981176386,0.0,0.002004557981176386
151,183,g9,area_1,psi1d,Flux in 1d-damper winding,Grid\G 09.ElmSym,0.00018199419104317842,0.0,0.00018199419104317842
152,183,g9,area_1,psi1d,Flux in 1d-damper winding,Grid\G 09.ElmSym,-1.9795168279366735e-05,0.0,1.9795168279366735e-05
153,183,g9,area_1,psi1d,Flux in 1d-damper winding,Grid\G 09.ElmSym,6.70833253702991e-05,1.1585691826668509e-05,6.807643349823746e-05
154,183,g9,area_1,psi1d,Flux in 1d-damper winding,Grid\G 09.ElmSym,6.70833253702991e-05,-1.1585691826668509e-05,6.807643349823746e-05
155,183,g9,area_1,psi1d,Flux in 1d-damper winding,Grid\G 09.ElmSym,-0.0010898494082142239,-0.0,0.0010898494082142239
156,183,g9,area_1,psi1d,Flux in 1d-damper winding,Grid\G 09.ElmSym,1.7764911873733473e-08,0.0,1.7764911873733473e-08
157,183,g9,area_1,psi1d,Flux in 1d-damper winding,Grid\G 09.ElmSym,-0.0007829423289237985,-0.0,0.0007829423289237985
158,183,g9,area_1,psi1d,Flux in 1d-damper winding,Grid\G 09.ElmSym,0.0024376420875666816,0.0,0.0024376420875666816
159,183,g9,area_1,psi1d,Flux in 1d-damper winding,Grid\G 09.ElmSym,3.5147889540591337e-07,-5.2377747907399336e-06,5.249554473707889e-06
160,183,g9,area_1,psi1d,Flux in 1d-damper winding,Grid\G 09.ElmSym,3.5147889540591337e-07,5.2377747907399336e-06,5.249554473707889e-06
161,183,g9,area_1,psi1d,Flux in 1d-damper winding,Grid\G 09.ElmSym,0.00011367055454629487,0.0,0.00011367055454629487
162,183,g9,area_1,psi1d,Flux in 1d-damper winding,Grid\G 09.ElmSym,3.469242944577325e-05,0.0,3.469242944577325e-05
163,183,g9,area_1,psi1d,Flux in 1d-damper winding,Grid\G 09.ElmSym,-0.001130695718191088,-0.0023897938031398978,0.0026437827498986214
164,183,g9,area_1,psi1d,Flux in 1d-damper winding,Grid\G 09.ElmSym,-0.001130695718191088,0.0023897938031398978,0.0026437827498986214
165,183,g9,area_1,psi1d,Flux in 1d-damper winding,Grid\G 09.ElmSym,-1.8545671081314126e-06,0.0,1.8545671081314126e-06
166,183,g9,area_1,psi1d,Flux in 1d-damper winding,Grid\G 09.ElmSym,-2.269227110142141e-05,0.0,2.269227110142141e-05
170,183,g9,area_1,psi1d,Flux in 1d-damper winding,Grid\G 09.ElmSym,0.00011004813352600412,0.0,0.00011004813352600412
171,183,g9,area_1,psi1d,Flux in 1d-damper winding,Grid\G 09.ElmSym,0.00011223112191466573,0.0,0.00011223112191466573
172,183,g9,area_1,psi1d,Flux in 1d-damper winding,Grid\G 09.ElmSym,2.4510827773062837e-05,0.0,2.4510827773062837e-05
173,183,g9,area_1,psi1d,Flux in 1d-damper winding,Grid\G 09.ElmSym,-1.001734637388297e-07,0.0,1.001734637388297e-07
174,183,g9,area_1,psi1d,Flux in 1d-damper winding,Grid\G 09.ElmSym,3.5845996765051447e-06,0.0,3.5845996765051447e-06
1,184,g9,area_1,psifd,Field (excitation) flux,Grid\G 09.ElmSym,-0.0004211118874511179,-0.0,0.0004211118874511179
5,184,g9,area_1,psifd,Field (excitation) flux,Grid\G 09.ElmSym,4.2983507770247055e-07,-1.490751567166504e-06,1.5514826550860555e-06
6,184,g9,area_1,psifd,Field (excitation) flux,Grid\G 09.ElmSym,4.2983507770247055e-07,1.490751567166504e-06,1.5514826550860555e-06
7,184,g9,area_1,psifd,Field (excitation) flux,Grid\G 09.ElmSym,1.72863610190519e-08,-4.5492857375433e-09,1.787496232171727e-08
8,184,g9,area_1,psifd,Field (excitation) flux,Grid\G 09.ElmSym,1.72863610190519e-08,4.5492857375433e-09,1.787496232171727e-08
9,184,g9,area_1,psifd,Field (excitation) flux,Grid\G 09.ElmSym,5.502795544190561e-06,-2.475373054206372e-05,2.535799547579149e-05
10,184,g9,area_1,psifd,Field (excitation) flux,Grid\G 09.ElmSym,5.502795544190561e-06,2.475373054206372e-05,2.535799547579149e-05
11,184,g9,area_1,psifd,Field (excitation) flux,Grid\G 09.ElmSym,0.0021726321084722796,0.0029521422961718636,0.0036654432768236348
12,184,g9,area_1,psifd,Field (excitation) flux,Grid\G 09.ElmSym,0.0021726321084722796,-0.0029521422961718636,0.0036654432768236348
13,184,g9,area_1,psifd,Field (excitation) flux,Grid\G 09.ElmSym,0.0026144476247657628,0.0,0.0026144476247657628
14,184,g9,area_1,psifd,Field (excitation) flux,Grid\G 09.ElmSym,-0.0028053058426542373,0.0026713753760849736,0.0038737562224258684
15,184,g9,area_1,psifd,Field (excitation) flux,Grid\G 09.ElmSym,-0.0028053058426542373,-0.0026713753760849736,0.0038737562224258684
19,184,g9,area_1,psifd,Field (excitation) flux,Grid\G 09.ElmSym,5.69129941854797e-10,0.0,5.69129941854797e-10
20,184,g9,area_1,psifd,Field (excitation) flux,Grid\G 09.ElmSym,-2.2425251048497603e-10,0.0,2.2425251048497603e-10
21,184,g9,area_1,psifd,Field (excitation) flux,Grid\G 09.ElmSym,-8.29966755816479e-05,-0.0,8.29966755816479e-05
22,184,g9,area_1,psifd,Field (excitation) flux,Grid\G 09.ElmSym,0.001735145339336359,0.002175697929300209,0.0027828745620638216
23,184,g9,area_1,psifd,Field (excitation) flux,Grid\G 09.ElmSym,0.001735145339336359,-0.002175697929300209,0.0027828745620638216
24,184,g9,area_1,psifd,Field (excitation) flux,Grid\G 09.ElmSym,0.05445186649546174,0.03263682094258469,0.0634836029701995
25,184,g9,area_1,psifd,Field (excitation) flux,Grid\G 09.ElmSym,0.05445186649546174,-0.03263682094258469,0.0634836029701995
26,184,g9,area_1,psifd,Field (excitation) flux,Grid\G 09.ElmSym,0.004633828989211574,-0.0,0.004633828989211574
27,184,g9,area_1,psifd,Field (excitation) flux,Grid\G 09.ElmSym,0.008580554496165432,0.004617799194220016,0.009744228284466853
28,184,g9,area_1,psifd,Field (excitation) flux,Grid\G 09.ElmSym,0.008580554496165432,-0.004617799194220016,0.009744228284466853
29,184,g9,area_1,psifd,Field (excitation) flux,Grid\G 09.ElmSym,-1.93948590168713e-08,1.864551731518168e-08,2.6903826349332797e-08
30,184,g9,area_1,psifd,Field (excitation) flux,Grid\G 09.ElmSym,-1.93948590168713e-08,-1.864551731518168e-08,2.6903826349332797e-08
31,184,g9,area_1,psifd,Field (excitation) flux,Grid\G 09.ElmSym,-8.246690681860868e-07,-4.6066524591152304e-07,9.446118466405302e-07
32,184,g9,area_1,psifd,Field (excitation) flux,Grid\G 09.ElmSym,-8.246690681860868e-07,4.6066524591152304e-07,9.446118466405302e-07
33,184,g9,area_1,psifd,Field (excitation) flux,Grid\G 09.ElmSym,-8.906021955105767e-11,-1.0655646193419629e-08,1.0656018370950976e-08
34,184,g9,area_1,psifd,Field (excitation) flux,Grid\G 09.ElmSym,-8.906021955105767e-11,1.0655646193419629e-08,1.0656018370950976e-08
35,184,g9,area_1,psifd,Field (excitation) flux,Grid\G 09.ElmSym,0.0003176788794156112,-0.00044328808098767345,0.0005453661092995168
36,184,g9,area_1,psifd,Field (excitation) flux,Grid\G 09.ElmSym,0.0003176788794156112,0.00044328808098767345,0.0005453661092995168
37,184,g9,area_1,psifd,Field (excitation) flux,Grid\G 09.ElmSym,-0.034618235523866385,0.035152114896632024,0.0493365322301021
38,184,g9,area_1,psifd,Field (excitation) flux,Grid\G 09.ElmSym,-0.034618235523866385,-0.035152114896632024,0.0493365322301021
39,184,g9,area_1,psifd,Field (excitation) flux,Grid\G 09.ElmSym,-0.10423191681901674,0.004907833270179542,0.10434739724197392
40,184,g9,area_1,psifd,Field (excitation) flux,Grid\G 09.ElmSym,-0.10423191681901674,-0.004907833270179542,0.10434739724197392
41,184,g9,area_1,psifd,Field (excitation) flux,Grid\G 09.ElmSym,7.386534423761104e-06,-6.674883155588838e-05,6.715629088082342e-05
42,184,g9,area_1,psifd,Field (excitation) flux,Grid\G 09.ElmSym,7.386534423761104e-06,6.674883155588838e-05,6.715629088082342e-05
43,184,g9,area_1,psifd,Field (excitation) flux,Grid\G 09.ElmSym,-0.0006158955708880428,0.0008685049658302648,0.0010647197893865492
44,184,g9,area_1,psifd,Field (excitation) flux,Grid\G 09.ElmSym,-0.0006158955708880428,-0.0008685049658302648,0.0010647197893865492
45,184,g9,area_1,psifd,Field (excitation) flux,Grid\G 09.ElmSym,1.0,0.0,1.0
46,184,g9,area_1,psifd,Field (excitation) flux,Grid\G 09.ElmSym,1.0,0.0,1.0
47,184,g9,area_1,psifd,Field (excitation) flux,Grid\G 09.ElmSym,-0.04347643574794448,-0.0020593485271617334,0.04352518100710746
48,184,g9,area_1,psifd,Field (excitation) flux,Grid\G 09.ElmSym,-0.04347643574794448,0.0020593485271617334,0.04352518100710746
49,184,g9,area_1,psifd,Field (excitation) flux,Grid\G 09.ElmSym,0.05913401268522909,-0.05420701009063147,0.08021989403647113
50,184,g9,area_1,psifd,Field (excitation) flux,Grid\G 09.ElmSym,0.05913401268522909,0.05420701009063147,0.08021989403647113
51,184,g9,area_1,psifd,Field (excitation) flux,Grid\G 09.ElmSym,-0.00018339285258212493,-0.0,0.00018339285258212493
52,184,g9,area_1,psifd,Field (excitation) flux,Grid\G 09.ElmSym,-1.7475888651388986e-13,-0.0,1.7475888651388986e-13
53,184,g9,area_1,psifd,Field (excitation) flux,Grid\G 09.ElmSym,-1.1411493468017156e-13,0.0,1.1411493468017156e-13
54,184,g9,area_1,psifd,Field (excitation) flux,Grid\G 09.ElmSym,9.738004660407902e-14,0.0,9.738004660407902e-14
55,184,g9,area_1,psifd,Field (excitation) flux,Grid\G 09.ElmSym,6.915159403028839e-15,0.0,6.915159403028839e-15
56,184,g9,area_1,psifd,Field (excitation) flux,Grid\G 09.ElmSym,-5.245946438493733e-14,-0.0,5.245946438493733e-14
57,184,g9,area_1,psifd,Field (excitation) flux,Grid\G 09.ElmSym,-0.005127292883712276,0.0,0.005127292883712276
58,184,g9,area_1,psifd,Field (excitation) flux,Grid\G 09.ElmSym,-0.01597162997446904,0.0,0.01597162997446904
59,184,g9,area_1,psifd,Field (excitation) flux,Grid\G 09.ElmSym,0.0006843709783159476,0.0,0.0006843709783159476
60,184,g9,area_1,psifd,Field (excitation) flux,Grid\G 09.ElmSym,0.003969825893895083,0.029805802921058836,0.03006901071530022
61,184,g9,area_1,psifd,Field (excitation) flux,Grid\G 09.ElmSym,0.003969825893895083,-0.029805802921058836,0.03006901071530022
62,184,g9,area_1,psifd,Field (excitation) flux,Grid\G 09.ElmSym,0.0008690588498786645,0.0,0.0008690588498786645
63,184,g9,area_1,psifd,Field (excitation) flux,Grid\G 09.ElmSym,0.012113559148775748,0.0,0.012113559148775748
64,184,g9,area_1,psifd,Field (excitation) flux,Grid\G 09.ElmSym,0.08886393558629982,0.0,0.08886393558629982
65,184,g9,area_1,psifd,Field (excitation) flux,Grid\G 09.ElmSym,-0.07511251668031454,-0.5238488088245822,0.529206448060664
66,184,g9,area_1,psifd,Field (excitation) flux,Grid\G 09.ElmSym,-0.07511251668031454,0.5238488088245822,0.529206448060664
67,184,g9,area_1,psifd,Field (excitation) flux,Grid\G 09.ElmSym,0.31468768794974566,0.0,0.31468768794974566
68,184,g9,area_1,psifd,Field (excitation) flux,Grid\G 09.ElmSym,0.0020936384244209447,0.0005333255039738066,0.0021604994666513415
69,184,g9,area_1,psifd,Field (excitation) flux,Grid\G 09.ElmSym,0.0020936384244209447,-0.0005333255039738066,0.0021604994666513415
70,184,g9,area_1,psifd,Field (excitation) flux,Grid\G 09.ElmSym,0.00089001665675304,0.0004481426943664673,0.0009964745474982768
71,184,g9,area_1,psifd,Field (excitation) flux,Grid\G 09.ElmSym,0.00089001665675304,-0.0004481426943664673,0.0009964745474982768
72,184,g9,area_1,psifd,Field (excitation) flux,Grid\G 09.ElmSym,0.001518525147443062,0.0008773826274116034,0.0017537727613065103
73,184,g9,area_1,psifd,Field (excitation) flux,Grid\G 09.ElmSym,0.001518525147443062,-0.0008773826274116034,0.0017537727613065103
74,184,g9,area_1,psifd,Field (excitation) flux,Grid\G 09.ElmSym,-0.6722235373945394,0.0,0.6722235373945394
75,184,g9,area_1,psifd,Field (excitation) flux,Grid\G 09.ElmSym,0.022413006517603244,0.06919876357004537,0.07273796629533413
76,184,g9,area_1,psifd,Field (excitation) flux,Grid\G 09.ElmSym,0.022413006517603244,-0.06919876357004537,0.07273796629533413
77,184,g9,area_1,psifd,Field (excitation) flux,Grid\G 09.ElmSym,0.0013797017686214932,0.0,0.0013797017686214932
78,184,g9,area_1,psifd,Field (excitation) flux,Grid\G 09.ElmSym,6.658591146740791e-05,-0.0,6.658591146740791e-05
79,184,g9,area_1,psifd,Field (excitation) flux,Grid\G 09.ElmSym,3.4901222721049903e-06,0.0,3.4901222721049903e-06
80,184,g9,area_1,psifd,Field (excitation) flux,Grid\G 09.ElmSym,5.3056717747858687e-14,0.0,5.3056717747858687e-14
81,184,g9,area_1,psifd,Field (excitation) flux,Grid\G 09.ElmSym,-2.4707275955021746e-14,0.0,2.4707275955021746e-14
85,184,g9,area_1,psifd,Field (excitation) flux,Grid\G 09.ElmSym,4.8730551720933216e-14,0.0,4.8730551720933216e-14
89,184,g9,area_1,psifd,Field (excitation) flux,Grid\G 09.ElmSym,2.0149901446168254e-15,0.0,2.0149901446168254e-15
90,184,g9,area_1,psifd,Field (excitation) flux,Grid\G 09.ElmSym,7.994341231508958e-16,0.0,7.994341231508958e-16
91,184,g9,area_1,psifd,Field (excitation) flux,Grid\G 09.ElmSym,0.0008721548658004644,0.0,0.0008721548658004644
92,184,g9,area_1,psifd,Field (excitation) flux,Grid\G 09.ElmSym,0.0007230672438117017,0.0,0.0007230672438117017
93,184,g9,area_1,psifd,Field (excitation) flux,Grid\G 09.ElmSym,-1.053654507467404e-05,0.0,1.053654507467404e-05
94,184,g9,area_1,psifd,Field (excitation) flux,Grid\G 09.ElmSym,-0.0008604029635134014,0.0012590346426740776,0.0015249463895744288
95,184,g9,area_1,psifd,Field (excitation) flux,Grid\G 09.ElmSym,-0.0008604029635134014,-0.0012590346426740776,0.0015249463895744288
96,184,g9,area_1,psifd,Field (excitation) flux,Grid\G 09.ElmSym,-2.2298485370569294e-05,0.0,2.2298485370569294e-05
97,184,g9,area_1,psifd,Field (excitation) flux,Grid\G 09.ElmSym,-0.0009693135654076594,0.0,0.0009693135654076594
98,184,g9,area_1,psifd,Field (excitation) flux,Grid\G 09.ElmSym,0.0002551362953595454,-0.0,0.0002551362953595454
99,184,g9,area_1,psifd,Field (excitation) flux,Grid\G 09.ElmSym,0.0008015132224145424,0.0,0.0008015132224145424
100,184,g9,area_1,psifd,Field (excitation) flux,Grid\G 09.ElmSym,0.0003559546610196751,0.0,0.0003559546610196751
101,184,g9,area_1,psifd,Field (excitation) flux,Grid\G 09.ElmSym,3.91424250871695e-05,0.0,3.91424250871695e-05
102,184,g9,area_1,psifd,Field (excitation) flux,Grid\G 09.ElmSym,-1.5668259752976652e-06,2.2558775838174008e-07,1.5829824615576695e-06
103,184,g9,area_1,psifd,Field (excitation) flux,Grid\G 09.ElmSym,-1.5668259752976652e-06,-2.2558775838174008e-07,1.5829824615576695e-06
104,184,g9,area_1,psifd,Field (excitation) flux,Grid\G 09.ElmSym,8.7268765281805e-06,-9.412199932165893e-06,1.2835415127730437e-05
105,184,g9,area_1,psifd,Field (excitation) flux,Grid\G 09.ElmSym,8.7268765281805e-06,9.412199932165893e-06,1.2835415127730437e-05
106,184,g9,area_1,psifd,Field (excitation) flux,Grid\G 09.ElmSym,0.0004141132208055493,-0.0002357126292796185,0.00047649785230141015
107,184,g9,area_1,psifd,Field (excitation) flux,Grid\G 09.ElmSym,0.0004141132208055493,0.0002357126292796185,0.00047649785230141015
108,184,g9,area_1,psifd,Field (excitation) flux,Grid\G 09.ElmSym,5.8442725320279716e-06,0.0,5.8442725320279716e-06
112,184,g9,area_1,psifd,Field (excitation) flux,Grid\G 09.ElmSym,5.77855560656643e-08,0.0,5.77855560656643e-08
113,184,g9,area_1,psifd,Field (excitation) flux,Grid\G 09.ElmSym,-5.711017673397028e-07,0.0,5.711017673397028e-07
114,184,g9,area_1,psifd,Field (excitation) flux,Grid\G 09.ElmSym,-8.921003523319085e-07,-0.0,8.921003523319085e-07
115,184,g9,area_1,psifd,Field (excitation) flux,Grid\G 09.ElmSym,2.7179205855716086e-06,-0.0,2.7179205855716086e-06
116,184,g9,area_1,psifd,Field (excitation) flux,Grid\G 09.ElmSym,-7.265017411982246e-10,-0.0,7.265017411982246e-10
117,184,g9,area_1,psifd,Field (excitation) flux,Grid\G 09.ElmSym,-0.0001583620968356442,-0.0,0.0001583620968356442
118,184,g9,area_1,psifd,Field (excitation) flux,Grid\G 09.ElmSym,-1.4561372565451236e-05,0.0,1.4561372565451236e-05
119,184,g9,area_1,psifd,Field (excitation) flux,Grid\G 09.ElmSym,-1.3596651701346905e-07,-0.0,1.3596651701346905e-07
120,184,g9,area_1,psifd,Field (excitation) flux,Grid\G 09.ElmSym,1.6546067628375633e-06,0.0,1.6546067628375633e-06
121,184,g9,area_1,psifd,Field (excitation) flux,Grid\G 09.ElmSym,4.578148608714323e-05,-0.0,4.578148608714323e-05
122,184,g9,area_1,psifd,Field (excitation) flux,Grid\G 09.ElmSym,-0.001250992599453557,0.0,0.001250992599453557
123,184,g9,area_1,psifd,Field (excitation) flux,Grid\G 09.ElmSym,-0.00025516062560052954,-0.0,0.00025516062560052954
124,184,g9,area_1,psifd,Field (excitation) flux,Grid\G 09.ElmSym,-5.740458695571086e-07,-0.0,5.740458695571086e-07
125,184,g9,area_1,psifd,Field (excitation) flux,Grid\G 09.ElmSym,-3.038834531615463e-05,0.0,3.038834531615463e-05
126,184,g9,area_1,psifd,Field (excitation) flux,Grid\G 09.ElmSym,-0.0003576132196643155,0.0,0.0003576132196643155
127,184,g9,area_1,psifd,Field (excitation) flux,Grid\G 09.ElmSym,-0.015823807028260337,-0.0,0.015823807028260337
128,184,g9,area_1,psifd,Field (excitation) flux,Grid\G 09.ElmSym,-0.017833608268024343,0.0,0.017833608268024343
129,184,g9,area_1,psifd,Field (excitation) flux,Grid\G 09.ElmSym,-4.1405339338462326e-05,0.0,4.1405339338462326e-05
130,184,g9,area_1,psifd,Field (excitation) flux,Grid\G 09.ElmSym,-0.00024296637663742004,-0.0,0.00024296637663742004
131,184,g9,area_1,psifd,Field (excitation) flux,Grid\G 09.ElmSym,2.532915552366615e-06,0.0,2.532915552366615e-06
132,184,g9,area_1,psifd,Field (excitation) flux,Grid\G 09.ElmSym,0.03768674446564343,0.013673404050762207,0.04009055607938241
133,184,g9,area_1,psifd,Field (excitation) flux,Grid\G 09.ElmSym,0.03768674446564343,-0.013673404050762207,0.04009055607938241
134,184,g9,area_1,psifd,Field (excitation) flux,Grid\G 09.ElmSym,-2.339409503190708e-05,-0.0,2.339409503190708e-05
135,184,g9,area_1,psifd,Field (excitation) flux,Grid\G 09.ElmSym,-1.937752550768057e-06,-0.0,1.937752550768057e-06
136,184,g9,area_1,psifd,Field (excitation) flux,Grid\G 09.ElmSym,9.411416694900567e-07,0.0,9.411416694900567e-07
140,184,g9,area_1,psifd,Field (excitation) flux,Grid\G 09.ElmSym,0.0032149627343745204,0.0,0.0032149627343745204
141,184,g9,area_1,psifd,Field (excitation) flux,Grid\G 09.ElmSym,0.011112475140791934,0.0,0.011112475140791934
142,184,g9,area_1,psifd,Field (excitation) flux,Grid\G 09.ElmSym,0.022100097500186724,0.0,0.022100097500186724
143,184,g9,area_1,psifd,Field (excitation) flux,Grid\G 09.ElmSym,-8.556629231772133e-05,0.0,8.556629231772133e-05
144,184,g9,area_1,psifd,Field (excitation) flux,Grid\G 09.ElmSym,0.001222923401989491,0.0,0.001222923401989491
145,184,g9,area_1,psifd,Field (excitation) flux,Grid\G 09.ElmSym,0.00018598020792630785,0.0,0.00018598020792630785
146,184,g9,area_1,psifd,Field (excitation) flux,Grid\G 09.ElmSym,-2.2711919636445375e-05,4.9167380094256666e-05,5.415960264722646e-05
147,184,g9,area_1,psifd,Field (excitation) flux,Grid\G 09.ElmSym,-2.2711919636445375e-05,-4.9167380094256666e-05,5.415960264722646e-05
148,184,g9,area_1,psifd,Field (excitation) flux,Grid\G 09.ElmSym,6.564376002421752e-05,-8.271278627977918e-06,6.616280889033282e-05
149,184,g9,area_1,psifd,Field (excitation) flux,Grid\G 09.ElmSym,6.564376002421752e-05,8.271278627977918e-06,6.616280889033282e-05
150,184,g9,area_1,psifd,Field (excitation) flux,Grid\G 09.ElmSym,6.866666536258223e-06,0.0,6.866666536258223e-06
151,184,g9,area_1,psifd,Field (excitation) flux,Grid\G 09.ElmSym,-6.944745948101974e-07,-0.0,6.944745948101974e-07
152,184,g9,area_1,psifd,Field (excitation) flux,Grid\G 09.ElmSym,-1.5624518871182025e-06,0.0,1.5624518871182025e-06
153,184,g9,area_1,psifd,Field (excitation) flux,Grid\G 09.ElmSym,1.7122507494691845e-06,-1.8209193245498645e-07,1.7219059500806004e-06
154,184,g9,area_1,psifd,Field (excitation) flux,Grid\G 09.ElmSym,1.7122507494691845e-06,1.8209193245498645e-07,1.7219059500806004e-06
155,184,g9,area_1,psifd,Field (excitation) flux,Grid\G 09.ElmSym,0.0005107115994107945,0.0,0.0005107115994107945
156,184,g9,area_1,psifd,Field (excitation) flux,Grid\G 09.ElmSym,-4.643428256118813e-09,0.0,4.643428256118813e-09
157,184,g9,area_1,psifd,Field (excitation) flux,Grid\G 09.ElmSym,0.00011171759589005261,0.0,0.00011171759589005261
158,184,g9,area_1,psifd,Field (excitation) flux,Grid\G 09.ElmSym,-0.0002529569442542206,-0.0,0.0002529569442542206
159,184,g9,area_1,psifd,Field (excitation) flux,Grid\G 09.ElmSym,-7.119067474387381e-08,-5.364275094052451e-08,8.913841427215977e-08
160,184,g9,area_1,psifd,Field (excitation) flux,Grid\G 09.ElmSym,-7.119067474387381e-08,5.364275094052451e-08,8.913841427215977e-08
161,184,g9,area_1,psifd,Field (excitation) flux,Grid\G 09.ElmSym,-2.4132897202952543e-07,0.0,2.4132897202952543e-07
162,184,g9,area_1,psifd,Field (excitation) flux,Grid\G 09.ElmSym,4.332718755636386e-08,0.0,4.332718755636386e-08
163,184,g9,area_1,psifd,Field (excitation) flux,Grid\G 09.ElmSym,-2.728392836328208e-05,-3.4169753669633414e-05,4.372624855594331e-05
164,184,g9,area_1,psifd,Field (excitation) flux,Grid\G 09.ElmSym,-2.728392836328208e-05,3.4169753669633414e-05,4.372624855594331e-05
165,184,g9,area_1,psifd,Field (excitation) flux,Grid\G 09.ElmSym,-1.544774668610385e-08,0.0,1.544774668610385e-08
166,184,g9,area_1,psifd,Field (excitation) flux,Grid\G 09.ElmSym,-2.6134741376519647e-07,0.0,2.6134741376519647e-07
170,184,g9,area_1,psifd,Field (excitation) flux,Grid\G 09.ElmSym,2.1552070191629347e-06,0.0,2.1552070191629347e-06
171,184,g9,area_1,psifd,Field (excitation) flux,Grid\G 09.ElmSym,2.3190559922304476e-06,0.0,2.3190559922304476e-06
172,184,g9,area_1,psifd,Field (excitation) flux,Grid\G 09.ElmSym,6.07641212736774e-07,0.0,6.07641212736774e-07
173,184,g9,area_1,psifd,Field (excitation) flux,Grid\G 09.ElmSym,-2.731940381546184e-09,0.0,2.731940381546184e-09
174,184,g9,area_1,psifd,Field (excitation) flux,Grid\G 09.ElmSym,1.0104077520552275e-07,0.0,1.0104077520552275e-07
1,185,g9,area_1,psi1q,Flux in 1q-damper winding,Grid\G 09.ElmSym,2.967193394081529e-07,0.0,2.967193394081529e-07
5,185,g9,area_1,psi1q,Flux in 1q-damper winding,Grid\G 09.ElmSym,-2.911420528781961e-09,1.893902252000475e-09,3.4732168425748347e-09
6,185,g9,area_1,psi1q,Flux in 1q-damper winding,Grid\G 09.ElmSym,-2.911420528781961e-09,-1.893902252000475e-09,3.4732168425748347e-09
7,185,g9,area_1,psi1q,Flux in 1q-damper winding,Grid\G 09.ElmSym,-3.374965685361584e-11,-1.1580711709942141e-11,3.5681258686397396e-11
8,185,g9,area_1,psi1q,Flux in 1q-damper winding,Grid\G 09.ElmSym,-3.374965685361584e-11,1.1580711709942141e-11,3.5681258686397396e-11
9,185,g9,area_1,psi1q,Flux in 1q-damper winding,Grid\G 09.ElmSym,-5.657479724462353e-08,3.271861604078383e-08,6.535453709494467e-08
10,185,g9,area_1,psi1q,Flux in 1q-damper winding,Grid\G 09.ElmSym,-5.657479724462353e-08,-3.271861604078383e-08,6.535453709494467e-08
11,185,g9,area_1,psi1q,Flux in 1q-damper winding,Grid\G 09.ElmSym,-1.8771356077239343e-05,2.1599240183526037e-05,2.8616271341391706e-05
12,185,g9,area_1,psi1q,Flux in 1q-damper winding,Grid\G 09.ElmSym,-1.8771356077239343e-05,-2.1599240183526037e-05,2.8616271341391706e-05
13,185,g9,area_1,psi1q,Flux in 1q-damper winding,Grid\G 09.ElmSym,-1.0129758105342338e-05,-0.0,1.0129758105342338e-05
14,185,g9,area_1,psi1q,Flux in 1q-damper winding,Grid\G 09.ElmSym,-2.8710700076466234e-05,-1.6374349857138722e-05,3.3051832507816826e-05
15,185,g9,area_1,psi1q,Flux in 1q-damper winding,Grid\G 09.ElmSym,-2.8710700076466234e-05,1.6374349857138722e-05,3.3051832507816826e-05
19,185,g9,area_1,psi1q,Flux in 1q-damper winding,Grid\G 09.ElmSym,3.4412945485247278e-12,0.0,3.4412945485247278e-12
20,185,g9,area_1,psi1q,Flux in 1q-damper winding,Grid\G 09.ElmSym,-1.1144607434057478e-12,0.0,1.1144607434057478e-12
21,185,g9,area_1,psi1q,Flux in 1q-damper winding,Grid\G 09.ElmSym,3.7134530263245203e-07,0.0,3.7134530263245203e-07
22,185,g9,area_1,psi1q,Flux in 1q-damper winding,Grid\G 09.ElmSym,-4.689715617064889e-06,2.484660136363705e-05,2.5285312572567356e-05
23,185,g9,area_1,psi1q,Flux in 1q-damper winding,Grid\G 09.ElmSym,-4.689715617064889e-06,-2.484660136363705e-05,2.5285312572567356e-05
24,185,g9,area_1,psi1q,Flux in 1q-damper winding,Grid\G 09.ElmSym,-0.00034959567482412124,0.0004958297328098117,0.0006066829977788911
25,185,g9,area_1,psi1q,Flux in 1q-damper winding,Grid\G 09.ElmSym,-0.00034959567482412124,-0.0004958297328098117,0.0006066829977788911
26,185,g9,area_1,psi1q,Flux in 1q-damper winding,Grid\G 09.ElmSym,-2.9076782460143093e-05,0.0,2.9076782460143093e-05
27,185,g9,area_1,psi1q,Flux in 1q-damper winding,Grid\G 09.ElmSym,2.8748888458188533e-06,9.880515497090548e-05,9.884697079172665e-05
28,185,g9,area_1,psi1q,Flux in 1q-damper winding,Grid\G 09.ElmSym,2.8748888458188533e-06,-9.880515497090548e-05,9.884697079172665e-05
29,185,g9,area_1,psi1q,Flux in 1q-damper winding,Grid\G 09.ElmSym,9.093701058285254e-09,-1.4447214287236192e-08,1.707095192421266e-08
30,185,g9,area_1,psi1q,Flux in 1q-damper winding,Grid\G 09.ElmSym,9.093701058285254e-09,1.4447214287236192e-08,1.707095192421266e-08
31,185,g9,area_1,psi1q,Flux in 1q-damper winding,Grid\G 09.ElmSym,8.291024389420278e-07,1.4067908842909036e-07,8.409527098362063e-07
32,185,g9,area_1,psi1q,Flux in 1q-damper winding,Grid\G 09.ElmSym,8.291024389420278e-07,-1.4067908842909036e-07,8.409527098362063e-07
33,185,g9,area_1,psi1q,Flux in 1q-damper winding,Grid\G 09.ElmSym,3.2479080016501265e-09,1.2510225488084415e-08,1.2924962210772604e-08
34,185,g9,area_1,psi1q,Flux in 1q-damper winding,Grid\G 09.ElmSym,3.2479080016501265e-09,-1.2510225488084415e-08,1.2924962210772604e-08
35,185,g9,area_1,psi1q,Flux in 1q-damper winding,Grid\G 09.ElmSym,-3.491970271470319e-06,-1.609001625946734e-05,1.6464582582220414e-05
36,185,g9,area_1,psi1q,Flux in 1q-damper winding,Grid\G 09.ElmSym,-3.491970271470319e-06,1.609001625946734e-05,1.6464582582220414e-05
37,185,g9,area_1,psi1q,Flux in 1q-damper winding,Grid\G 09.ElmSym,6.312887621448698e-05,0.00014596904624882904,0.0001590352711661687
38,185,g9,area_1,psi1q,Flux in 1q-damper winding,Grid\G 09.ElmSym,6.312887621448698e-05,-0.00014596904624882904,0.0001590352711661687
39,185,g9,area_1,psi1q,Flux in 1q-damper winding,Grid\G 09.ElmSym,0.0002100111156270396,-0.00040847384371874934,0.00045929897636428827
40,185,g9,area_1,psi1q,Flux in 1q-damper winding,Grid\G 09.ElmSym,0.0002100111156270396,0.00040847384371874934,0.00045929897636428827
41,185,g9,area_1,psi1q,Flux in 1q-damper winding,Grid\G 09.ElmSym,1.777603504899736e-07,-5.081574382919119e-06,5.084682581179099e-06
42,185,g9,area_1,psi1q,Flux in 1q-damper winding,Grid\G 09.ElmSym,1.777603504899736e-07,5.081574382919119e-06,5.084682581179099e-06
43,185,g9,area_1,psi1q,Flux in 1q-damper winding,Grid\G 09.ElmSym,-5.149370015765883e-05,0.0001150371197736773,0.00012603626494684078
44,185,g9,area_1,psi1q,Flux in 1q-damper winding,Grid\G 09.ElmSym,-5.149370015765883e-05,-0.0001150371197736773,0.00012603626494684078
45,185,g9,area_1,psi1q,Flux in 1q-damper winding,Grid\G 09.ElmSym,-0.0005949283395653862,-0.00023221861040429484,0.0006386432589765034
46,185,g9,area_1,psi1q,Flux in 1q-damper winding,Grid\G 09.ElmSym,-0.0005949283395653862,0.00023221861040429484,0.0006386432589765034
47,185,g9,area_1,psi1q,Flux in 1q-damper winding,Grid\G 09.ElmSym,0.00865486003037687,-0.0011260409886748473,0.008727804446342215
48,185,g9,area_1,psi1q,Flux in 1q-damper winding,Grid\G 09.ElmSym,0.00865486003037687,0.0011260409886748473,0.008727804446342215
49,185,g9,area_1,psi1q,Flux in 1q-damper winding,Grid\G 09.ElmSym,0.0010282631785519213,0.0002349562230313238,0.0010547651829231214
50,185,g9,area_1,psi1q,Flux in 1q-damper winding,Grid\G 09.ElmSym,0.0010282631785519213,-0.0002349562230313238,0.0010547651829231214
51,185,g9,area_1,psi1q,Flux in 1q-damper winding,Grid\G 09.ElmSym,0.00015125041554642698,0.0,0.00015125041554642698
52,185,g9,area_1,psi1q,Flux in 1q-damper winding,Grid\G 09.ElmSym,8.378789247755813e-13,0.0,8.378789247755813e-13
53,185,g9,area_1,psi1q,Flux in 1q-damper winding,Grid\G 09.ElmSym,1.8813504105836697e-13,-0.0,1.8813504105836697e-13
54,185,g9,area_1,psi1q,Flux in 1q-damper winding,Grid\G 09.ElmSym,-4.854208314518513e-14,-0.0,4.854208314518513e-14
55,185,g9,area_1,psi1q,Flux in 1q-damper winding,Grid\G 09.ElmSym,4.633308623507944e-16,0.0,4.633308623507944e-16
56,185,g9,area_1,psi1q,Flux in 1q-damper winding,Grid\G 09.ElmSym,2.3120982341430187e-15,0.0,2.3120982341430187e-15
57,185,g9,area_1,psi1q,Flux in 1q-damper winding,Grid\G 09.ElmSym,-0.022596339635023267,0.0,0.022596339635023267
58,185,g9,area_1,psi1q,Flux in 1q-damper winding,Grid\G 09.ElmSym,-0.00027371672220742957,0.0,0.00027371672220742957
59,185,g9,area_1,psi1q,Flux in 1q-damper winding,Grid\G 09.ElmSym,-3.5141333572931085e-05,0.0,3.5141333572931085e-05
60,185,g9,area_1,psi1q,Flux in 1q-damper winding,Grid\G 09.ElmSym,0.002068747531545515,0.0015146498899686236,0.0025639580024753965
61,185,g9,area_1,psi1q,Flux in 1q-damper winding,Grid\G 09.ElmSym,0.002068747531545515,-0.0015146498899686236,0.0025639580024753965
62,185,g9,area_1,psi1q,Flux in 1q-damper winding,Grid\G 09.ElmSym,-0.00021060813640050123,0.0,0.00021060813640050123
63,185,g9,area_1,psi1q,Flux in 1q-damper winding,Grid\G 09.ElmSym,0.0014141426295850709,0.0,0.0014141426295850709
64,185,g9,area_1,psi1q,Flux in 1q-damper winding,Grid\G 09.ElmSym,-0.0005128215050935841,-0.0,0.0005128215050935841
65,185,g9,area_1,psi1q,Flux in 1q-damper winding,Grid\G 09.ElmSym,0.0028162863084706144,0.002908183876169736,0.004048333240840318
66,185,g9,area_1,psi1q,Flux in 1q-damper winding,Grid\G 09.ElmSym,0.0028162863084706144,-0.002908183876169736,0.004048333240840318
67,185,g9,area_1,psi1q,Flux in 1q-damper winding,Grid\G 09.ElmSym,-0.000624006132496088,-0.0,0.000624006132496088
68,185,g9,area_1,psi1q,Flux in 1q-damper winding,Grid\G 09.ElmSym,6.678280113905561e-07,1.1915698455158139e-07,6.783749993663465e-07
69,185,g9,area_1,psi1q,Flux in 1q-damper winding,Grid\G 09.ElmSym,6.678280113905561e-07,-1.1915698455158139e-07,6.783749993663465e-07
70,185,g9,area_1,psi1q,Flux in 1q-damper winding,Grid\G 09.ElmSym,-1.5258932336962688e-05,-9.912030908876354e-06,1.8195696546231085e-05
71,185,g9,area_1,psi1q,Flux in 1q-damper winding,Grid\G 09.ElmSym,-1.5258932336962688e-05,9.912030908876354e-06,1.8195696546231085e-05
72,185,g9,area_1,psi1q,Flux in 1q-damper winding,Grid\G 09.ElmSym,-1.1034475846175244e-05,-9.904152065849017e-06,1.4827403189476106e-05
73,185,g9,area_1,psi1q,Flux in 1q-damper winding,Grid\G 09.ElmSym,-1.1034475846175244e-05,9.904152065849017e-06,1.4827403189476106e-05
74,185,g9,area_1,psi1q,Flux in 1q-damper winding,Grid\G 09.ElmSym,0.003664751918353551,0.0,0.003664751918353551
75,185,g9,area_1,psi1q,Flux in 1q-damper winding,Grid\G 09.ElmSym,-0.00013774036872516392,-0.00030152440035928333,0.0003314956608895047
76,185,g9,area_1,psi1q,Flux in 1q-damper winding,Grid\G 09.ElmSym,-0.00013774036872516392,0.00030152440035928333,0.0003314956608895047
77,185,g9,area_1,psi1q,Flux in 1q-damper winding,Grid\G 09.ElmSym,-8.890097802339249e-06,0.0,8.890097802339249e-06
78,185,g9,area_1,psi1q,Flux in 1q-damper winding,Grid\G 09.ElmSym,-3.813644678621159e-07,0.0,3.813644678621159e-07
79,185,g9,area_1,psi1q,Flux in 1q-damper winding,Grid\G 09.ElmSym,-2.180557289023262e-08,-0.0,2.180557289023262e-08
80,185,g9,area_1,psi1q,Flux in 1q-damper winding,Grid\G 09.ElmSym,-2.551915817006411e-16,-0.0,2.551915817006411e-16
85,185,g9,area_1,psi1q,Flux in 1q-damper winding,Grid\G 09.ElmSym,-1.30811104272107e-16,-0.0,1.30811104272107e-16
89,185,g9,area_1,psi1q,Flux in 1q-damper winding,Grid\G 09.ElmSym,-1.095555632949698e-16,-0.0,1.095555632949698e-16
91,185,g9,area_1,psi1q,Flux in 1q-damper winding,Grid\G 09.ElmSym,-9.356526228815518e-07,-0.0,9.356526228815518e-07
92,185,g9,area_1,psi1q,Flux in 1q-damper winding,Grid\G 09.ElmSym,3.9138479551781996e-07,0.0,3.9138479551781996e-07
93,185,g9,area_1,psi1q,Flux in 1q-damper winding,Grid\G 09.ElmSym,1.375065879013665e-06,0.0,1.375065879013665e-06
94,185,g9,area_1,psi1q,Flux in 1q-damper winding,Grid\G 09.ElmSym,6.404653481747133e-05,2.4202595562126575e-06,6.40922481930928e-05
95,185,g9,area_1,psi1q,Flux in 1q-damper winding,Grid\G 09.ElmSym,6.404653481747133e-05,-2.4202595562126575e-06,6.40922481930928e-05
96,185,g9,area_1,psi1q,Flux in 1q-damper winding,Grid\G 09.ElmSym,-2.517087532924073e-07,0.0,2.517087532924073e-07
97,185,g9,area_1,psi1q,Flux in 1q-damper winding,Grid\G 09.ElmSym,-4.503148716911569e-06,0.0,4.503148716911569e-06
98,185,g9,area_1,psi1q,Flux in 1q-damper winding,Grid\G 09.ElmSym,-2.0655990777120702e-06,0.0,2.0655990777120702e-06
99,185,g9,area_1,psi1q,Flux in 1q-damper winding,Grid\G 09.ElmSym,-4.035111875904855e-06,0.0,4.035111875904855e-06
100,185,g9,area_1,psi1q,Flux in 1q-damper winding,Grid\G 09.ElmSym,2.2473541449999165e-05,0.0,2.2473541449999165e-05
101,185,g9,area_1,psi1q,Flux in 1q-damper winding,Grid\G 09.ElmSym,-3.872190086463029e-06,-0.0,3.872190086463029e-06
102,185,g9,area_1,psi1q,Flux in 1q-damper winding,Grid\G 09.ElmSym,4.447476191955967e-07,-6.46708542443222e-08,4.4942492606534614e-07
103,185,g9,area_1,psi1q,Flux in 1q-damper winding,Grid\G 09.ElmSym,4.447476191955967e-07,6.46708542443222e-08,4.4942492606534614e-07
104,185,g9,area_1,psi1q,Flux in 1q-damper winding,Grid\G 09.ElmSym,-1.2445859716798066e-06,8.248634751319726e-07,1.4931155325389132e-06
105,185,g9,area_1,psi1q,Flux in 1q-damper winding,Grid\G 09.ElmSym,-1.2445859716798066e-06,-8.248634751319726e-07,1.4931155325389132e-06
106,185,g9,area_1,psi1q,Flux in 1q-damper winding,Grid\G 09.ElmSym,-6.028720124807604e-05,2.5120062656113116e-05,6.531128679005697e-05
107,185,g9,area_1,psi1q,Flux in 1q-damper winding,Grid\G 09.ElmSym,-6.028720124807604e-05,-2.5120062656113116e-05,6.531128679005697e-05
108,185,g9,area_1,psi1q,Flux in 1q-damper winding,Grid\G 09.ElmSym,-2.431428782632836e-06,0.0,2.431428782632836e-06
112,185,g9,area_1,psi1q,Flux in 1q-damper winding,Grid\G 09.ElmSym,-3.637253942343624e-08,0.0,3.637253942343624e-08
113,185,g9,area_1,psi1q,Flux in 1q-damper winding,Grid\G 09.ElmSym,3.680494003093939e-07,-0.0,3.680494003093939e-07
114,185,g9,area_1,psi1q,Flux in 1q-damper winding,Grid\G 09.ElmSym,6.088311136167435e-07,0.0,6.088311136167435e-07
115,185,g9,area_1,psi1q,Flux in 1q-damper winding,Grid\G 09.ElmSym,-1.0313639416322255e-06,0.0,1.0313639416322255e-06
116,185,g9,area_1,psi1q,Flux in 1q-damper winding,Grid\G 09.ElmSym,-3.97653028109647e-10,-0.0,3.97653028109647e-10
117,185,g9,area_1,psi1q,Flux in 1q-damper winding,Grid\G 09.ElmSym,3.256850192852034e-05,0.0,3.256850192852034e-05
118,185,g9,area_1,psi1q,Flux in 1q-damper winding,Grid\G 09.ElmSym,7.570314175017422e-06,-0.0,7.570314175017422e-06
119,185,g9,area_1,psi1q,Flux in 1q-damper winding,Grid\G 09.ElmSym,-6.505835696746555e-09,-0.0,6.505835696746555e-09
120,185,g9,area_1,psi1q,Flux in 1q-damper winding,Grid\G 09.ElmSym,-4.519467526022069e-06,-0.0,4.519467526022069e-06
121,185,g9,area_1,psi1q,Flux in 1q-damper winding,Grid\G 09.ElmSym,-1.8888140292711296e-05,0.0,1.8888140292711296e-05
122,185,g9,area_1,psi1q,Flux in 1q-damper winding,Grid\G 09.ElmSym,0.0002492737447489467,0.0,0.0002492737447489467
123,185,g9,area_1,psi1q,Flux in 1q-damper winding,Grid\G 09.ElmSym,9.762875610907342e-06,0.0,9.762875610907342e-06
124,185,g9,area_1,psi1q,Flux in 1q-damper winding,Grid\G 09.ElmSym,-5.300079441963395e-07,-0.0,5.300079441963395e-07
125,185,g9,area_1,psi1q,Flux in 1q-damper winding,Grid\G 09.ElmSym,-7.090165059540102e-06,0.0,7.090165059540102e-06
126,185,g9,area_1,psi1q,Flux in 1q-damper winding,Grid\G 09.ElmSym,0.00014401642054971616,-0.0,0.00014401642054971616
127,185,g9,area_1,psi1q,Flux in 1q-damper winding,Grid\G 09.ElmSym,0.0008016638483044441,0.0,0.0008016638483044441
128,185,g9,area_1,psi1q,Flux in 1q-damper winding,Grid\G 09.ElmSym,0.0009575380035995885,0.0,0.0009575380035995885
129,185,g9,area_1,psi1q,Flux in 1q-damper winding,Grid\G 09.ElmSym,1.9010430596270252e-06,-0.0,1.9010430596270252e-06
130,185,g9,area_1,psi1q,Flux in 1q-damper winding,Grid\G 09.ElmSym,-6.159550733147557e-05,-0.0,6.159550733147557e-05
131,185,g9,area_1,psi1q,Flux in 1q-damper winding,Grid\G 09.ElmSym,1.3665009835761571e-06,0.0,1.3665009835761571e-06
132,185,g9,area_1,psi1q,Flux in 1q-damper winding,Grid\G 09.ElmSym,0.06268422296421851,-0.049234692475064484,0.07970800933245059
133,185,g9,area_1,psi1q,Flux in 1q-damper winding,Grid\G 09.ElmSym,0.06268422296421851,0.049234692475064484,0.07970800933245059
134,185,g9,area_1,psi1q,Flux in 1q-damper winding,Grid\G 09.ElmSym,5.729331619447506e-05,0.0,5.729331619447506e-05
135,185,g9,area_1,psi1q,Flux in 1q-damper winding,Grid\G 09.ElmSym,-7.321970951260626e-07,-0.0,7.321970951260626e-07
136,185,g9,area_1,psi1q,Flux in 1q-damper winding,Grid\G 09.ElmSym,-2.4736808664063723e-08,0.0,2.4736808664063723e-08
140,185,g9,area_1,psi1q,Flux in 1q-damper winding,Grid\G 09.ElmSym,0.00013845336910273814,0.0,0.00013845336910273814
141,185,g9,area_1,psi1q,Flux in 1q-damper winding,Grid\G 09.ElmSym,0.0007910551778352246,0.0,0.0007910551778352246
142,185,g9,area_1,psi1q,Flux in 1q-damper winding,Grid\G 09.ElmSym,3.7986391689420493e-05,0.0,3.7986391689420493e-05
143,185,g9,area_1,psi1q,Flux in 1q-damper winding,Grid\G 09.ElmSym,-4.5466884927788255e-05,0.0,4.5466884927788255e-05
144,185,g9,area_1,psi1q,Flux in 1q-damper winding,Grid\G 09.ElmSym,8.811116754828855e-05,0.0,8.811116754828855e-05
145,185,g9,area_1,psi1q,Flux in 1q-damper winding,Grid\G 09.ElmSym,7.5585112021948e-05,0.0,7.5585112021948e-05
146,185,g9,area_1,psi1q,Flux in 1q-damper winding,Grid\G 09.ElmSym,1.0,0.0,1.0
147,185,g9,area_1,psi1q,Flux in 1q-damper winding,Grid\G 09.ElmSym,1.0,0.0,1.0
148,185,g9,area_1,psi1q,Flux in 1q-damper winding,Grid\G 09.ElmSym,0.003525219994198106,-0.002407907814291002,0.004269097802770248
149,185,g9,area_1,psi1q,Flux in 1q-damper winding,Grid\G 09.ElmSym,0.003525219994198106,0.002407907814291002,0.004269097802770248
150,185,g9,area_1,psi1q,Flux in 1q-damper winding,Grid\G 09.ElmSym,0.06258530814328742,0.0,0.06258530814328742
151,185,g9,area_1,psi1q,Flux in 1q-damper winding,Grid\G 09.ElmSym,0.002477833245618204,0.0,0.002477833245618204
152,185,g9,area_1,psi1q,Flux in 1q-damper winding,Grid\G 09.ElmSym,-8.187292239137539e-06,0.0,8.187292239137539e-06
153,185,g9,area_1,psi1q,Flux in 1q-damper winding,Grid\G 09.ElmSym,0.0001323120257090891,-0.00015812050314148037,0.00020617605501356735
154,185,g9,area_1,psi1q,Flux in 1q-damper winding,Grid\G 09.ElmSym,0.0001323120257090891,0.00015812050314148037,0.00020617605501356735
155,185,g9,area_1,psi1q,Flux in 1q-damper winding,Grid\G 09.ElmSym,-8.845300952220974e-05,-0.0,8.845300952220974e-05
156,185,g9,area_1,psi1q,Flux in 1q-damper winding,Grid\G 09.ElmSym,-5.5800469386511286e-09,0.0,5.5800469386511286e-09
157,185,g9,area_1,psi1q,Flux in 1q-damper winding,Grid\G 09.ElmSym,-0.00010480999940020897,-0.0,0.00010480999940020897
158,185,g9,area_1,psi1q,Flux in 1q-damper winding,Grid\G 09.ElmSym,0.00032313033718371094,0.0,0.00032313033718371094
159,185,g9,area_1,psi1q,Flux in 1q-damper winding,Grid\G 09.ElmSym,1.3580873153746162e-05,-6.447723667130462e-05,6.589198862066292e-05
160,185,g9,area_1,psi1q,Flux in 1q-damper winding,Grid\G 09.ElmSym,1.3580873153746162e-05,6.447723667130462e-05,6.589198862066292e-05
161,185,g9,area_1,psi1q,Flux in 1q-damper winding,Grid\G 09.ElmSym,0.00045289235045450454,0.0,0.00045289235045450454
162,185,g9,area_1,psi1q,Flux in 1q-damper winding,Grid\G 09.ElmSym,0.00017329230568271137,0.0,0.00017329230568271137
163,185,g9,area_1,psi1q,Flux in 1q-damper winding,Grid\G 09.ElmSym,-0.001404840505744642,-0.0021835828842018284,0.0025964612569341445
164,185,g9,area_1,psi1q,Flux in 1q-damper winding,Grid\G 09.ElmSym,-0.001404840505744642,0.0021835828842018284,0.0025964612569341445
165,185,g9,area_1,psi1q,Flux in 1q-damper winding,Grid\G 09.ElmSym,-2.2444624409815545e-06,0.0,2.2444624409815545e-06
166,185,g9,area_1,psi1q,Flux in 1q-damper winding,Grid\G 09.ElmSym,-2.535658900246842e-05,0.0,2.535658900246842e-05
170,185,g9,area_1,psi1q,Flux in 1q-damper winding,Grid\G 09.ElmSym,2.7183976508193863e-05,0.0,2.7183976508193863e-05
171,185,g9,area_1,psi1q,Flux in 1q-damper winding,Grid\G 09.ElmSym,1.5334046822869925e-05,0.0,1.5334046822869925e-05
172,185,g9,area_1,psi1q,Flux in 1q-damper winding,Grid\G 09.ElmSym,8.46838362516625e-06,0.0,8.46838362516625e-06
173,185,g9,area_1,psi1q,Flux in 1q-damper winding,Grid\G 09.ElmSym,2.9698659511559506e-06,0.0,2.9698659511559506e-06
174,185,g9,area_1,psi1q,Flux in 1q-damper winding,Grid\G 09.ElmSym,4.216043292136314e-07,0.0,4.216043292136314e-07
1,186,g9,area_1,psi2q,Flux in 2q-damper winding,Grid\G 09.ElmSym,4.5331270724615735e-06,0.0,4.5331270724615735e-06
5,186,g9,area_1,psi2q,Flux in 2q-damper winding,Grid\G 09.ElmSym,-4.569709254235198e-08,2.9726322927127692e-08,5.451493870116849e-08
6,186,g9,area_1,psi2q,Flux in 2q-damper winding,Grid\G 09.ElmSym,-4.569709254235198e-08,-2.9726322927127692e-08,5.451493870116849e-08
7,186,g9,area_1,psi2q,Flux in 2q-damper winding,Grid\G 09.ElmSym,-5.297437582388269e-10,-1.8177399709219384e-10,5.600627066783411e-10
8,186,g9,area_1,psi2q,Flux in 2q-damper winding,Grid\G 09.ElmSym,-5.297437582388269e-10,1.8177399709219384e-10,5.600627066783411e-10
9,186,g9,area_1,psi2q,Flux in 2q-damper winding,Grid\G 09.ElmSym,-8.881700186126932e-07,5.136508697821856e-07,1.0260035077866292e-06
10,186,g9,area_1,psi2q,Flux in 2q-damper winding,Grid\G 09.ElmSym,-8.881700186126932e-07,-5.136508697821856e-07,1.0260035077866292e-06
11,186,g9,area_1,psi2q,Flux in 2q-damper winding,Grid\G 09.ElmSym,-0.0002985943689068511,0.0003435772815259811,0.0004551966009579421
12,186,g9,area_1,psi2q,Flux in 2q-damper winding,Grid\G 09.ElmSym,-0.0002985943689068511,-0.0003435772815259811,0.0004551966009579421
13,186,g9,area_1,psi2q,Flux in 2q-damper winding,Grid\G 09.ElmSym,-0.0001659177179276072,-0.0,0.0001659177179276072
14,186,g9,area_1,psi2q,Flux in 2q-damper winding,Grid\G 09.ElmSym,-7.133179682714726e-05,-4.0682107891738445e-05,8.211734981783365e-05
15,186,g9,area_1,psi2q,Flux in 2q-damper winding,Grid\G 09.ElmSym,-7.133179682714726e-05,4.0682107891738445e-05,8.211734981783365e-05
19,186,g9,area_1,psi2q,Flux in 2q-damper winding,Grid\G 09.ElmSym,5.866542155543034e-11,0.0,5.866542155543034e-11
20,186,g9,area_1,psi2q,Flux in 2q-damper winding,Grid\G 09.ElmSym,-1.899877918937955e-11,0.0,1.899877918937955e-11
21,186,g9,area_1,psi2q,Flux in 2q-damper winding,Grid\G 09.ElmSym,6.337482046914967e-06,0.0,6.337482046914967e-06
22,186,g9,area_1,psi2q,Flux in 2q-damper winding,Grid\G 09.ElmSym,-7.902302407078385e-05,0.0004186722048449794,0.0004260646118173253
23,186,g9,area_1,psi2q,Flux in 2q-damper winding,Grid\G 09.ElmSym,-7.902302407078385e-05,-0.0004186722048449794,0.0004260646118173253
24,186,g9,area_1,psi2q,Flux in 2q-damper winding,Grid\G 09.ElmSym,-0.00561702463438237,0.007966596913126423,0.009747698811488476
25,186,g9,area_1,psi2q,Flux in 2q-damper winding,Grid\G 09.ElmSym,-0.00561702463438237,-0.007966596913126423,0.009747698811488476
26,186,g9,area_1,psi2q,Flux in 2q-damper winding,Grid\G 09.ElmSym,-0.0005238200875438845,0.0,0.0005238200875438845
27,186,g9,area_1,psi2q,Flux in 2q-damper winding,Grid\G 09.ElmSym,5.0108343944577885e-05,0.001722140546066399,0.0017228693817404564
28,186,g9,area_1,psi2q,Flux in 2q-damper winding,Grid\G 09.ElmSym,5.0108343944577885e-05,-0.001722140546066399,0.0017228693817404564
29,186,g9,area_1,psi2q,Flux in 2q-damper winding,Grid\G 09.ElmSym,1.1847902391517445e-08,-1.8822829492615715e-08,2.2241216270406814e-08
30,186,g9,area_1,psi2q,Flux in 2q-damper winding,Grid\G 09.ElmSym,1.1847902391517445e-08,1.8822829492615715e-08,2.2241216270406814e-08
31,186,g9,area_1,psi2q,Flux in 2q-damper winding,Grid\G 09.ElmSym,1.0800888686628834e-06,1.8326555360632618e-07,1.0955264612724334e-06
32,186,g9,area_1,psi2q,Flux in 2q-damper winding,Grid\G 09.ElmSym,1.0800888686628834e-06,-1.8326555360632618e-07,1.0955264612724334e-06
33,186,g9,area_1,psi2q,Flux in 2q-damper winding,Grid\G 09.ElmSym,4.231801422795356e-09,1.629996600711518e-08,1.6840339518996733e-08
34,186,g9,area_1,psi2q,Flux in 2q-damper winding,Grid\G 09.ElmSym,4.231801422795356e-09,-1.629996600711518e-08,1.6840339518996733e-08
35,186,g9,area_1,psi2q,Flux in 2q-damper winding,Grid\G 09.ElmSym,-8.948855136481248e-06,-4.123380606828642e-05,4.219370534962272e-05
36,186,g9,area_1,psi2q,Flux in 2q-damper winding,Grid\G 09.ElmSym,-8.948855136481248e-06,4.123380606828642e-05,4.219370534962272e-05
37,186,g9,area_1,psi2q,Flux in 2q-damper winding,Grid\G 09.ElmSym,0.00018891028567873656,0.00043680571999318965,0.00047590580271098887
38,186,g9,area_1,psi2q,Flux in 2q-damper winding,Grid\G 09.ElmSym,0.00018891028567873656,-0.00043680571999318965,0.00047590580271098887
39,186,g9,area_1,psi2q,Flux in 2q-damper winding,Grid\G 09.ElmSym,0.0012901362348876862,-0.002509328636994934,0.0028215566116973497
40,186,g9,area_1,psi2q,Flux in 2q-damper winding,Grid\G 09.ElmSym,0.0012901362348876862,0.002509328636994934,0.0028215566116973497
41,186,g9,area_1,psi2q,Flux in 2q-damper winding,Grid\G 09.ElmSym,2.9181323307577085e-07,-8.341965181692899e-06,8.347067632143324e-06
42,186,g9,area_1,psi2q,Flux in 2q-damper winding,Grid\G 09.ElmSym,2.9181323307577085e-07,8.341965181692899e-06,8.347067632143324e-06
43,186,g9,area_1,psi2q,Flux in 2q-damper winding,Grid\G 09.ElmSym,-8.613140831286931e-05,0.0001924178900155198,0.00021081571074277856
44,186,g9,area_1,psi2q,Flux in 2q-damper winding,Grid\G 09.ElmSym,-8.613140831286931e-05,-0.0001924178900155198,0.00021081571074277856
45,186,g9,area_1,psi2q,Flux in 2q-damper winding,Grid\G 09.ElmSym,-0.009943673744228908,-0.0038813180524018918,0.010674327958029403
46,186,g9,area_1,psi2q,Flux in 2q-damper winding,Grid\G 09.ElmSym,-0.009943673744228908,0.0038813180524018918,0.010674327958029403
47,186,g9,area_1,psi2q,Flux in 2q-damper winding,Grid\G 09.ElmSym,0.2371717291531268,-0.030857239452014434,0.23917064689481252
48,186,g9,area_1,psi2q,Flux in 2q-damper winding,Grid\G 09.ElmSym,0.2371717291531268,0.030857239452014434,0.23917064689481252
49,186,g9,area_1,psi2q,Flux in 2q-damper winding,Grid\G 09.ElmSym,0.025477588652058354,0.005821581600760942,0.026134236852408968
50,186,g9,area_1,psi2q,Flux in 2q-damper winding,Grid\G 09.ElmSym,0.025477588652058354,-0.005821581600760942,0.026134236852408968
51,186,g9,area_1,psi2q,Flux in 2q-damper winding,Grid\G 09.ElmSym,0.004598165547295542,0.0,0.004598165547295542
52,186,g9,area_1,psi2q,Flux in 2q-damper winding,Grid\G 09.ElmSym,2.673368418305301e-11,0.0,2.673368418305301e-11
53,186,g9,area_1,psi2q,Flux in 2q-damper winding,Grid\G 09.ElmSym,5.706823935831601e-12,-0.0,5.706823935831601e-12
54,186,g9,area_1,psi2q,Flux in 2q-damper winding,Grid\G 09.ElmSym,-1.5218849775092589e-12,-0.0,1.5218849775092589e-12
55,186,g9,area_1,psi2q,Flux in 2q-damper winding,Grid\G 09.ElmSym,1.8559942590563652e-14,0.0,1.8559942590563652e-14
56,186,g9,area_1,psi2q,Flux in 2q-damper winding,Grid\G 09.ElmSym,1.5707475858772502e-13,0.0,1.5707475858772502e-13
57,186,g9,area_1,psi2q,Flux in 2q-damper winding,Grid\G 09.ElmSym,-0.7472632658933231,0.0,0.7472632658933231
58,186,g9,area_1,psi2q,Flux in 2q-damper winding,Grid\G 09.ElmSym,-0.010571029800526951,0.0,0.010571029800526951
59,186,g9,area_1,psi2q,Flux in 2q-damper winding,Grid\G 09.ElmSym,-0.001402107184929246,0.0,0.001402107184929246
60,186,g9,area_1,psi2q,Flux in 2q-damper winding,Grid\G 09.ElmSym,0.08313556000615069,0.06086835870273598,0.10303629665657252
61,186,g9,area_1,psi2q,Flux in 2q-damper winding,Grid\G 09.ElmSym,0.08313556000615069,-0.06086835870273598,0.10303629665657252
62,186,g9,area_1,psi2q,Flux in 2q-damper winding,Grid\G 09.ElmSym,-0.008576897659946712,0.0,0.008576897659946712
63,186,g9,area_1,psi2q,Flux in 2q-damper winding,Grid\G 09.ElmSym,0.06060542687478567,0.0,0.06060542687478567
64,186,g9,area_1,psi2q,Flux in 2q-damper winding,Grid\G 09.ElmSym,-0.027839375169720553,-0.0,0.027839375169720553
65,186,g9,area_1,psi2q,Flux in 2q-damper winding,Grid\G 09.ElmSym,0.15694961410180183,0.16207099955316384,0.2256107051158392
66,186,g9,area_1,psi2q,Flux in 2q-damper winding,Grid\G 09.ElmSym,0.15694961410180183,-0.16207099955316384,0.2256107051158392
67,186,g9,area_1,psi2q,Flux in 2q-damper winding,Grid\G 09.ElmSym,-0.03705567766044173,-0.0,0.03705567766044173
68,186,g9,area_1,psi2q,Flux in 2q-damper winding,Grid\G 09.ElmSym,4.593161638971148e-05,8.195332947826378e-06,4.66570130451719e-05
69,186,g9,area_1,psi2q,Flux in 2q-damper winding,Grid\G 09.ElmSym,4.593161638971148e-05,-8.195332947826378e-06,4.66570130451719e-05
70,186,g9,area_1,psi2q,Flux in 2q-damper winding,Grid\G 09.ElmSym,-0.0010613275368526417,-0.0006894264371056879,0.0012655927278006692
71,186,g9,area_1,psi2q,Flux in 2q-damper winding,Grid\G 09.ElmSym,-0.0010613275368526417,0.0006894264371056879,0.0012655927278006692
72,186,g9,area_1,psi2q,Flux in 2q-damper winding,Grid\G 09.ElmSym,-0.0007690357612383048,-0.000690259078420968,0.001033379696629435
73,186,g9,area_1,psi2q,Flux in 2q-damper winding,Grid\G 09.ElmSym,-0.0007690357612383048,0.000690259078420968,0.001033379696629435
74,186,g9,area_1,psi2q,Flux in 2q-damper winding,Grid\G 09.ElmSym,0.2607704047350398,0.0,0.2607704047350398
75,186,g9,area_1,psi2q,Flux in 2q-damper winding,Grid\G 09.ElmSym,-0.009909921810459,-0.021693591061696996,0.023849914956694307
76,186,g9,area_1,psi2q,Flux in 2q-damper winding,Grid\G 09.ElmSym,-0.009909921810459,0.021693591061696996,0.023849914956694307
77,186,g9,area_1,psi2q,Flux in 2q-damper winding,Grid\G 09.ElmSym,-0.0007170747133874865,0.0,0.0007170747133874865
78,186,g9,area_1,psi2q,Flux in 2q-damper winding,Grid\G 09.ElmSym,-3.081363556095787e-05,0.0,3.081363556095787e-05
79,186,g9,area_1,psi2q,Flux in 2q-damper winding,Grid\G 09.ElmSym,-1.7621954545270227e-06,-0.0,1.7621954545270227e-06
80,186,g9,area_1,psi2q,Flux in 2q-damper winding,Grid\G 09.ElmSym,-2.862772371016084e-14,-0.0,2.862772371016084e-14
81,186,g9,area_1,psi2q,Flux in 2q-damper winding,Grid\G 09.ElmSym,6.712828371885554e-15,0.0,6.712828371885554e-15
85,186,g9,area_1,psi2q,Flux in 2q-damper winding,Grid\G 09.ElmSym,-1.5396619826314616e-14,-0.0,1.5396619826314616e-14
89,186,g9,area_1,psi2q,Flux in 2q-damper winding,Grid\G 09.ElmSym,-1.2521464978398211e-14,-0.0,1.2521464978398211e-14
90,186,g9,area_1,psi2q,Flux in 2q-damper winding,Grid\G 09.ElmSym,-2.658050307588571e-16,0.0,2.658050307588571e-16
91,186,g9,area_1,psi2q,Flux in 2q-damper winding,Grid\G 09.ElmSym,-0.0002265687796923523,-0.0,0.0002265687796923523
92,186,g9,area_1,psi2q,Flux in 2q-damper winding,Grid\G 09.ElmSym,0.001522044666836106,0.0,0.001522044666836106
93,186,g9,area_1,psi2q,Flux in 2q-damper winding,Grid\G 09.ElmSym,9.212125716435526e-05,-0.0,9.212125716435526e-05
94,186,g9,area_1,psi2q,Flux in 2q-damper winding,Grid\G 09.ElmSym,0.0019454381648728928,7.351631624020626e-05,0.0019468267262644455
95,186,g9,area_1,psi2q,Flux in 2q-damper winding,Grid\G 09.ElmSym,0.0019454381648728928,-7.351631624020626e-05,0.0019468267262644455
96,186,g9,area_1,psi2q,Flux in 2q-damper winding,Grid\G 09.ElmSym,-7.474659101520486e-06,0.0,7.474659101520486e-06
97,186,g9,area_1,psi2q,Flux in 2q-damper winding,Grid\G 09.ElmSym,-0.00013269108949738029,0.0,0.00013269108949738029
98,186,g9,area_1,psi2q,Flux in 2q-damper winding,Grid\G 09.ElmSym,-5.9284686448739705e-05,0.0,5.9284686448739705e-05
99,186,g9,area_1,psi2q,Flux in 2q-damper winding,Grid\G 09.ElmSym,-0.00011474849712172933,-0.0,0.00011474849712172933
100,186,g9,area_1,psi2q,Flux in 2q-damper winding,Grid\G 09.ElmSym,0.00044199859475447915,0.0,0.00044199859475447915
101,186,g9,area_1,psi2q,Flux in 2q-damper winding,Grid\G 09.ElmSym,-1.7215126107496404e-05,-0.0,1.7215126107496404e-05
102,186,g9,area_1,psi2q,Flux in 2q-damper winding,Grid\G 09.ElmSym,1.6531777354212834e-06,-2.403889571446709e-07,1.670563819675784e-06
103,186,g9,area_1,psi2q,Flux in 2q-damper winding,Grid\G 09.ElmSym,1.6531777354212834e-06,2.403889571446709e-07,1.670563819675784e-06
104,186,g9,area_1,psi2q,Flux in 2q-damper winding,Grid\G 09.ElmSym,-4.541755588836639e-06,3.010100051538399e-06,5.448692150323811e-06
105,186,g9,area_1,psi2q,Flux in 2q-damper winding,Grid\G 09.ElmSym,-4.541755588836639e-06,-3.010100051538399e-06,5.448692150323811e-06
106,186,g9,area_1,psi2q,Flux in 2q-damper winding,Grid\G 09.ElmSym,-0.00020564986804330983,8.568879403394116e-05,0.0002227878759026665
107,186,g9,area_1,psi2q,Flux in 2q-damper winding,Grid\G 09.ElmSym,-0.00020564986804330983,-8.568879403394116e-05,0.0002227878759026665
108,186,g9,area_1,psi2q,Flux in 2q-damper winding,Grid\G 09.ElmSym,-4.8707613035567445e-06,0.0,4.8707613035567445e-06
112,186,g9,area_1,psi2q,Flux in 2q-damper winding,Grid\G 09.ElmSym,-7.034543974264491e-08,0.0,7.034543974264491e-08
113,186,g9,area_1,psi2q,Flux in 2q-damper winding,Grid\G 09.ElmSym,7.106259149390842e-07,0.0,7.106259149390842e-07
114,186,g9,area_1,psi2q,Flux in 2q-damper winding,Grid\G 09.ElmSym,1.1713891342536295e-06,0.0,1.1713891342536295e-06
115,186,g9,area_1,psi2q,Flux in 2q-damper winding,Grid\G 09.ElmSym,-1.980341297277734e-06,0.0,1.980341297277734e-06
116,186,g9,area_1,psi2q,Flux in 2q-damper winding,Grid\G 09.ElmSym,-7.59793770057077e-10,-0.0,7.59793770057077e-10
117,186,g9,area_1,psi2q,Flux in 2q-damper winding,Grid\G 09.ElmSym,6.194397301014813e-05,0.0,6.194397301014813e-05
118,186,g9,area_1,psi2q,Flux in 2q-damper winding,Grid\G 09.ElmSym,1.4205386309683685e-05,0.0,1.4205386309683685e-05
119,186,g9,area_1,psi2q,Flux in 2q-damper winding,Grid\G 09.ElmSym,-1.2003168599856353e-08,-0.0,1.2003168599856353e-08
120,186,g9,area_1,psi2q,Flux in 2q-damper winding,Grid\G 09.ElmSym,-8.243980926676958e-06,-0.0,8.243980926676958e-06
121,186,g9,area_1,psi2q,Flux in 2q-damper winding,Grid\G 09.ElmSym,-3.343548698907582e-05,0.0,3.343548698907582e-05
122,186,g9,area_1,psi2q,Flux in 2q-damper winding,Grid\G 09.ElmSym,0.00043910137765444717,0.0,0.00043910137765444717
123,186,g9,area_1,psi2q,Flux in 2q-damper winding,Grid\G 09.ElmSym,1.67950713489954e-05,0.0,1.67950713489954e-05
124,186,g9,area_1,psi2q,Flux in 2q-damper winding,Grid\G 09.ElmSym,-9.062451496368508e-07,-0.0,9.062451496368508e-07
125,186,g9,area_1,psi2q,Flux in 2q-damper winding,Grid\G 09.ElmSym,-1.171671155531013e-05,0.0,1.171671155531013e-05
126,186,g9,area_1,psi2q,Flux in 2q-damper winding,Grid\G 09.ElmSym,0.00023186718265736202,0.0,0.00023186718265736202
127,186,g9,area_1,psi2q,Flux in 2q-damper winding,Grid\G 09.ElmSym,0.0011713331592279389,0.0,0.0011713331592279389
128,186,g9,area_1,psi2q,Flux in 2q-damper winding,Grid\G 09.ElmSym,0.001093194911412783,0.0,0.001093194911412783
129,186,g9,area_1,psi2q,Flux in 2q-damper winding,Grid\G 09.ElmSym,8.22369744116098e-07,0.0,8.22369744116098e-07
130,186,g9,area_1,psi2q,Flux in 2q-damper winding,Grid\G 09.ElmSym,-1.82272610904802e-05,-0.0,1.82272610904802e-05
131,186,g9,area_1,psi2q,Flux in 2q-damper winding,Grid\G 09.ElmSym,3.9517272836511504e-07,0.0,3.9517272836511504e-07
132,186,g9,area_1,psi2q,Flux in 2q-damper winding,Grid\G 09.ElmSym,0.014929319025746807,-0.01172608348032392,0.018983824703153237
133,186,g9,area_1,psi2q,Flux in 2q-damper winding,Grid\G 09.ElmSym,0.014929319025746807,0.01172608348032392,0.018983824703153237
134,186,g9,area_1,psi2q,Flux in 2q-damper winding,Grid\G 09.ElmSym,1.1617846994555863e-05,0.0,1.1617846994555863e-05
135,186,g9,area_1,psi2q,Flux in 2q-damper winding,Grid\G 09.ElmSym,-1.467739622942956e-07,-0.0,1.467739622942956e-07
136,186,g9,area_1,psi2q,Flux in 2q-damper winding,Grid\G 09.ElmSym,-4.925111506353722e-09,0.0,4.925111506353722e-09
140,186,g9,area_1,psi2q,Flux in 2q-damper winding,Grid\G 09.ElmSym,2.5218479561079874e-05,0.0,2.5218479561079874e-05
141,186,g9,area_1,psi2q,Flux in 2q-damper winding,Grid\G 09.ElmSym,0.00012926322855789886,-0.0,0.00012926322855789886
142,186,g9,area_1,psi2q,Flux in 2q-damper winding,Grid\G 09.ElmSym,5.450130668321142e-06,0.0,5.450130668321142e-06
143,186,g9,area_1,psi2q,Flux in 2q-damper winding,Grid\G 09.ElmSym,-6.139730676043872e-06,0.0,6.139730676043872e-06
144,186,g9,area_1,psi2q,Flux in 2q-damper winding,Grid\G 09.ElmSym,1.1203539172765431e-05,-0.0,1.1203539172765431e-05
145,186,g9,area_1,psi2q,Flux in 2q-damper winding,Grid\G 09.ElmSym,8.47375250433056e-06,0.0,8.47375250433056e-06
146,186,g9,area_1,psi2q,Flux in 2q-damper winding,Grid\G 09.ElmSym,0.029716803994075752,9.721390359374027e-15,0.029716803994075752
147,186,g9,area_1,psi2q,Flux in 2q-damper winding,Grid\G 09.ElmSym,0.029716803994075752,-9.721390359374027e-15,0.029716803994075752
148,186,g9,area_1,psi2q,Flux in 2q-damper winding,Grid\G 09.ElmSym,8.949013995730995e-05,-6.112639996372639e-05,0.00010837399098540375
149,186,g9,area_1,psi2q,Flux in 2q-damper winding,Grid\G 09.ElmSym,8.949013995730995e-05,6.112639996372639e-05,0.00010837399098540375
150,186,g9,area_1,psi2q,Flux in 2q-damper winding,Grid\G 09.ElmSym,0.00048514936491304513,0.0,0.00048514936491304513
151,186,g9,area_1,psi2q,Flux in 2q-damper winding,Grid\G 09.ElmSym,8.036714022535742e-06,0.0,8.036714022535742e-06
152,186,g9,area_1,psi2q,Flux in 2q-damper winding,Grid\G 09.ElmSym,-8.447210102152215e-09,0.0,8.447210102152215e-09
153,186,g9,area_1,psi2q,Flux in 2q-damper winding,Grid\G 09.ElmSym,1.9468772322032137e-06,-2.326630598499849e-06,3.0337338214067186e-06
154,186,g9,area_1,psi2q,Flux in 2q-damper winding,Grid\G 09.ElmSym,1.9468772322032137e-06,2.326630598499849e-06,3.0337338214067186e-06
155,186,g9,area_1,psi2q,Flux in 2q-damper winding,Grid\G 09.ElmSym,-6.610384307402216e-08,-0.0,6.610384307402216e-08
156,186,g9,area_1,psi2q,Flux in 2q-damper winding,Grid\G 09.ElmSym,-3.811648715672627e-12,0.0,3.811648715672627e-12
157,186,g9,area_1,psi2q,Flux in 2q-damper winding,Grid\G 09.ElmSym,-7.046751000416118e-08,-0.0,7.046751000416118e-08
158,186,g9,area_1,psi2q,Flux in 2q-damper winding,Grid\G 09.ElmSym,2.053422753836633e-07,0.0,2.053422753836633e-07
159,186,g9,area_1,psi2q,Flux in 2q-damper winding,Grid\G 09.ElmSym,7.780241758265462e-08,-3.693786724137034e-07,3.774835358208564e-07
160,186,g9,area_1,psi2q,Flux in 2q-damper winding,Grid\G 09.ElmSym,7.780241758265462e-08,3.693786724137034e-07,3.774835358208564e-07
161,186,g9,area_1,psi2q,Flux in 2q-damper winding,Grid\G 09.ElmSym,6.821087518229359e-07,0.0,6.821087518229359e-07
162,186,g9,area_1,psi2q,Flux in 2q-damper winding,Grid\G 09.ElmSym,5.324044058990796e-07,0.0,5.324044058990796e-07
163,186,g9,area_1,psi2q,Flux in 2q-damper winding,Grid\G 09.ElmSym,-1.8172412093440777e-05,-2.824588829563207e-05,3.358670521059125e-05
164,186,g9,area_1,psi2q,Flux in 2q-damper winding,Grid\G 09.ElmSym,-1.8172412093440777e-05,2.824588829563207e-05,3.358670521059125e-05
165,186,g9,area_1,psi2q,Flux in 2q-damper winding,Grid\G 09.ElmSym,-1.3782896541792518e-08,0.0,1.3782896541792518e-08
166,186,g9,area_1,psi2q,Flux in 2q-damper winding,Grid\G 09.ElmSym,-2.1779852036023756e-07,0.0,2.1779852036023756e-07
170,186,g9,area_1,psi2q,Flux in 2q-damper winding,Grid\G 09.ElmSym,4.5045971427619197e-07,0.0,4.5045971427619197e-07
171,186,g9,area_1,psi2q,Flux in 2q-damper winding,Grid\G 09.ElmSym,2.634247037279124e-07,0.0,2.634247037279124e-07
172,186,g9,area_1,psi2q,Flux in 2q-damper winding,Grid\G 09.ElmSym,2.0338404430969443e-07,0.0,2.0338404430969443e-07
173,186,g9,area_1,psi2q,Flux in 2q-damper winding,Grid\G 09.ElmSym,7.498386584195048e-08,0.0,7.498386584195048e-08
174,186,g9,area_1,psi2q,Flux in 2q-damper winding,Grid\G 09.ElmSym,1.224278999880727e-08,0.0,1.224278999880727e-08
1,187,g9,area_1,speed,Speed,Grid\G 09.ElmSym,-0.005583683802102188,-0.0,0.005583683802102188
5,187,g9,area_1,speed,Speed,Grid\G 09.ElmSym,1.8699076580451923e-06,-1.4095447506207161e-05,1.4218937901610575e-05
6,187,g9,area_1,speed,Speed,Grid\G 09.ElmSym,1.8699076580451923e-06,1.4095447506207161e-05,1.4218937901610575e-05
7,187,g9,area_1,speed,Speed,Grid\G 09.ElmSym,6.044173012547924e-08,-1.3390045580982643e-07,1.4690995475678476e-07
8,187,g9,area_1,speed,Speed,Grid\G 09.ElmSym,6.044173012547924e-08,1.3390045580982643e-07,1.4690995475678476e-07
9,187,g9,area_1,speed,Speed,Grid\G 09.ElmSym,5.4402709156278214e-05,-0.0001848346831439632,0.00019267463469920443
10,187,g9,area_1,speed,Speed,Grid\G 09.ElmSym,5.4402709156278214e-05,0.0001848346831439632,0.00019267463469920443
11,187,g9,area_1,speed,Speed,Grid\G 09.ElmSym,-0.0005276853382946676,0.0005127410949156174,0.000735768473547504
12,187,g9,area_1,speed,Speed,Grid\G 09.ElmSym,-0.0005276853382946676,-0.0005127410949156174,0.000735768473547504
13,187,g9,area_1,speed,Speed,Grid\G 09.ElmSym,0.04276809531404821,0.0,0.04276809531404821
14,187,g9,area_1,speed,Speed,Grid\G 09.ElmSym,-0.03851454880921141,-0.009652171226456913,0.039705602619302616
15,187,g9,area_1,speed,Speed,Grid\G 09.ElmSym,-0.03851454880921141,0.009652171226456913,0.039705602619302616
19,187,g9,area_1,speed,Speed,Grid\G 09.ElmSym,-2.314354535721895e-10,-0.0,2.314354535721895e-10
20,187,g9,area_1,speed,Speed,Grid\G 09.ElmSym,-1.2703993093602443e-11,0.0,1.2703993093602443e-11
21,187,g9,area_1,speed,Speed,Grid\G 09.ElmSym,-0.0017593592865725945,-0.0,0.0017593592865725945
22,187,g9,area_1,speed,Speed,Grid\G 09.ElmSym,-0.0017207248810836944,0.002298482603864475,0.0028712221085537967
23,187,g9,area_1,speed,Speed,Grid\G 09.ElmSym,-0.0017207248810836944,-0.002298482603864475,0.0028712221085537967
24,187,g9,area_1,speed,Speed,Grid\G 09.ElmSym,-0.007625107641062296,0.01043469595901959,0.01292382088606022
25,187,g9,area_1,speed,Speed,Grid\G 09.ElmSym,-0.007625107641062296,-0.01043469595901959,0.01292382088606022
26,187,g9,area_1,speed,Speed,Grid\G 09.ElmSym,0.1027241223937498,0.0,0.1027241223937498
27,187,g9,area_1,speed,Speed,Grid\G 09.ElmSym,-0.0032773590358621254,0.006128638066586029,0.006949912718959459
28,187,g9,area_1,speed,Speed,Grid\G 09.ElmSym,-0.0032773590358621254,-0.006128638066586029,0.006949912718959459
29,187,g9,area_1,speed,Speed,Grid\G 09.ElmSym,2.9673612280886925e-07,3.587545329173721e-08,2.988969299416238e-07
30,187,g9,area_1,speed,Speed,Grid\G 09.ElmSym,2.9673612280886925e-07,-3.587545329173721e-08,2.988969299416238e-07
31,187,g9,area_1,speed,Speed,Grid\G 09.ElmSym,2.4584165012160346e-06,1.1229265822754623e-05,1.149522607918332e-05
32,187,g9,area_1,speed,Speed,Grid\G 09.ElmSym,2.4584165012160346e-06,-1.1229265822754623e-05,1.149522607918332e-05
33,187,g9,area_1,speed,Speed,Grid\G 09.ElmSym,-9.904506170956377e-08,4.541258207493588e-08,1.0895974880552947e-07
34,187,g9,area_1,speed,Speed,Grid\G 09.ElmSym,-9.904506170956377e-08,-4.541258207493588e-08,1.0895974880552947e-07
35,187,g9,area_1,speed,Speed,Grid\G 09.ElmSym,0.00787160172889524,0.0009626720152827594,0.007930249125176024
36,187,g9,area_1,speed,Speed,Grid\G 09.ElmSym,0.00787160172889524,-0.0009626720152827594,0.007930249125176024
37,187,g9,area_1,speed,Speed,Grid\G 09.ElmSym,-0.6218637520905921,-0.11231026279145868,0.6319241420395931
38,187,g9,area_1,speed,Speed,Grid\G 09.ElmSym,-0.6218637520905921,0.11231026279145868,0.6319241420395931
39,187,g9,area_1,speed,Speed,Grid\G 09.ElmSym,-0.36131417404740884,-0.17490908441092218,0.40142386597838
40,187,g9,area_1,speed,Speed,Grid\G 09.ElmSym,-0.36131417404740884,0.17490908441092218,0.40142386597838
41,187,g9,area_1,speed,Speed,Grid\G 09.ElmSym,0.0006347649589484325,-8.362965308722476e-05,0.0006402503197846095
42,187,g9,area_1,speed,Speed,Grid\G 09.ElmSym,0.0006347649589484325,8.362965308722476e-05,0.0006402503197846095
43,187,g9,area_1,speed,Speed,Grid\G 09.ElmSym,-0.0164048970820144,-0.006502644954064316,0.017646672198182372
44,187,g9,area_1,speed,Speed,Grid\G 09.ElmSym,-0.0164048970820144,0.006502644954064316,0.017646672198182372
45,187,g9,area_1,speed,Speed,Grid\G 09.ElmSym,0.016002987151282493,0.06942334151771165,0.07124391865449947
46,187,g9,area_1,speed,Speed,Grid\G 09.ElmSym,0.016002987151282493,-0.06942334151771165,0.07124391865449947
47,187,g9,area_1,speed,Speed,Grid\G 09.ElmSym,0.05121322283986832,-0.016571160874149646,0.05382747965828382
48,187,g9,area_1,speed,Speed,Grid\G 09.ElmSym,0.05121322283986832,0.016571160874149646,0.05382747965828382
49,187,g9,area_1,speed,Speed,Grid\G 09.ElmSym,0.000915033483270219,-0.0011759708315197258,0.0014900314332559651
50,187,g9,area_1,speed,Speed,Grid\G 09.ElmSym,0.000915033483270219,0.0011759708315197258,0.0014900314332559651
51,187,g9,area_1,speed,Speed,Grid\G 09.ElmSym,6.436144937264332e-05,0.0,6.436144937264332e-05
52,187,g9,area_1,speed,Speed,Grid\G 09.ElmSym,-5.186438830515043e-15,-0.0,5.186438830515043e-15
53,187,g9,area_1,speed,Speed,Grid\G 09.ElmSym,-2.666173459900084e-13,0.0,2.666173459900084e-13
54,187,g9,area_1,speed,Speed,Grid\G 09.ElmSym,8.643294399588346e-15,0.0,8.643294399588346e-15
55,187,g9,area_1,speed,Speed,Grid\G 09.ElmSym,3.5526748641240722e-15,0.0,3.5526748641240722e-15
56,187,g9,area_1,speed,Speed,Grid\G 09.ElmSym,-5.912612373169546e-14,-0.0,5.912612373169546e-14
57,187,g9,area_1,speed,Speed,Grid\G 09.ElmSym,0.003764269530135311,0.0,0.003764269530135311
58,187,g9,area_1,speed,Speed,Grid\G 09.ElmSym,-0.0002928935717836485,0.0,0.0002928935717836485
59,187,g9,area_1,speed,Speed,Grid\G 09.ElmSym,-4.7966918507788545e-06,0.0,4.7966918507788545e-06
60,187,g9,area_1,speed,Speed,Grid\G 09.ElmSym,0.00016525069659031216,9.351628425054637e-06,0.00016551509199400427
61,187,g9,area_1,speed,Speed,Grid\G 09.ElmSym,0.00016525069659031216,-9.351628425054637e-06,0.00016551509199400427
62,187,g9,area_1,speed,Speed,Grid\G 09.ElmSym,-5.115744362893627e-07,0.0,5.115744362893627e-07
63,187,g9,area_1,speed,Speed,Grid\G 09.ElmSym,4.818887377823326e-05,0.0,4.818887377823326e-05
64,187,g9,area_1,speed,Speed,Grid\G 09.ElmSym,0.00037584135756383875,0.0,0.00037584135756383875
65,187,g9,area_1,speed,Speed,Grid\G 09.ElmSym,-0.0003493366033850791,-0.003004024642612885,0.0030242685257579386
66,187,g9,area_1,speed,Speed,Grid\G 09.ElmSym,-0.0003493366033850791,0.003004024642612885,0.0030242685257579386
67,187,g9,area_1,speed,Speed,Grid\G 09.ElmSym,0.00034631639764149704,0.0,0.00034631639764149704
68,187,g9,area_1,speed,Speed,Grid\G 09.ElmSym,-1.0816081689991432e-05,-1.3368736433572288e-06,1.0898387690978475e-05
69,187,g9,area_1,speed,Speed,Grid\G 09.ElmSym,-1.0816081689991432e-05,1.3368736433572288e-06,1.0898387690978475e-05
70,187,g9,area_1,speed,Speed,Grid\G 09.ElmSym,1.8290975137077493e-05,3.783467544378342e-06,1.8678179732633246e-05
71,187,g9,area_1,speed,Speed,Grid\G 09.ElmSym,1.8290975137077493e-05,-3.783467544378342e-06,1.8678179732633246e-05
72,187,g9,area_1,speed,Speed,Grid\G 09.ElmSym,1.1606140533108263e-05,1.2511104959117284e-05,1.706546938622866e-05
73,187,g9,area_1,speed,Speed,Grid\G 09.ElmSym,1.1606140533108263e-05,-1.2511104959117284e-05,1.706546938622866e-05
74,187,g9,area_1,speed,Speed,Grid\G 09.ElmSym,-2.5373419213394944e-05,0.0,2.5373419213394944e-05
75,187,g9,area_1,speed,Speed,Grid\G 09.ElmSym,-0.001246641598306519,0.004577635720073331,0.004744350752244137
76,187,g9,area_1,speed,Speed,Grid\G 09.ElmSym,-0.001246641598306519,-0.004577635720073331,0.004744350752244137
77,187,g9,area_1,speed,Speed,Grid\G 09.ElmSym,1.1604878693265398e-05,0.0,1.1604878693265398e-05
78,187,g9,area_1,speed,Speed,Grid\G 09.ElmSym,7.53378830262458e-07,-0.0,7.53378830262458e-07
79,187,g9,area_1,speed,Speed,Grid\G 09.ElmSym,4.683829373777045e-08,0.0,4.683829373777045e-08
81,187,g9,area_1,speed,Speed,Grid\G 09.ElmSym,3.852081618447336e-15,0.0,3.852081618447336e-15
85,187,g9,area_1,speed,Speed,Grid\G 09.ElmSym,5.778842248556722e-16,0.0,5.778842248556722e-16
89,187,g9,area_1,speed,Speed,Grid\G 09.ElmSym,4.983977464460534e-16,0.0,4.983977464460534e-16
90,187,g9,area_1,speed,Speed,Grid\G 09.ElmSym,-1.1142566665232043e-16,0.0,1.1142566665232043e-16
91,187,g9,area_1,speed,Speed,Grid\G 09.ElmSym,-0.003106345032055275,-0.0,0.003106345032055275
92,187,g9,area_1,speed,Speed,Grid\G 09.ElmSym,-0.002898577087635189,-0.0,0.002898577087635189
93,187,g9,area_1,speed,Speed,Grid\G 09.ElmSym,-0.0002271768789573335,0.0,0.0002271768789573335
94,187,g9,area_1,speed,Speed,Grid\G 09.ElmSym,-0.00506632173677286,-0.0019777996663125933,0.005438686188829373
95,187,g9,area_1,speed,Speed,Grid\G 09.ElmSym,-0.00506632173677286,0.0019777996663125933,0.005438686188829373
96,187,g9,area_1,speed,Speed,Grid\G 09.ElmSym,4.5689145189973606e-05,0.0,4.5689145189973606e-05
97,187,g9,area_1,speed,Speed,Grid\G 09.ElmSym,0.002484373441321441,0.0,0.002484373441321441
98,187,g9,area_1,speed,Speed,Grid\G 09.ElmSym,-0.0019265332734560495,0.0,0.0019265332734560495
99,187,g9,area_1,speed,Speed,Grid\G 09.ElmSym,-0.0064867539462770815,0.0,0.0064867539462770815
100,187,g9,area_1,speed,Speed,Grid\G 09.ElmSym,-0.0013394613603088838,0.0,0.0013394613603088838
101,187,g9,area_1,speed,Speed,Grid\G 09.ElmSym,0.00025780804918716595,0.0,0.00025780804918716595
102,187,g9,area_1,speed,Speed,Grid\G 09.ElmSym,-1.0942753125715513e-05,2.092490460703813e-06,1.114102160030637e-05
103,187,g9,area_1,speed,Speed,Grid\G 09.ElmSym,-1.0942753125715513e-05,-2.092490460703813e-06,1.114102160030637e-05
104,187,g9,area_1,speed,Speed,Grid\G 09.ElmSym,4.6871532716629136e-05,-4.97097480178502e-05,6.832276068195867e-05
105,187,g9,area_1,speed,Speed,Grid\G 09.ElmSym,4.6871532716629136e-05,4.97097480178502e-05,6.832276068195867e-05
106,187,g9,area_1,speed,Speed,Grid\G 09.ElmSym,0.001950569243620629,-0.0012406815599178122,0.0023117117266819513
107,187,g9,area_1,speed,Speed,Grid\G 09.ElmSym,0.001950569243620629,0.0012406815599178122,0.0023117117266819513
108,187,g9,area_1,speed,Speed,Grid\G 09.ElmSym,3.107708843920112e-05,0.0,3.107708843920112e-05
112,187,g9,area_1,speed,Speed,Grid\G 09.ElmSym,3.513719264935898e-07,0.0,3.513719264935898e-07
113,187,g9,area_1,speed,Speed,Grid\G 09.ElmSym,-3.4949842879629264e-06,0.0,3.4949842879629264e-06
114,187,g9,area_1,speed,Speed,Grid\G 09.ElmSym,-5.506677361693198e-06,-0.0,5.506677361693198e-06
115,187,g9,area_1,speed,Speed,Grid\G 09.ElmSym,1.2024952581200598e-05,-0.0,1.2024952581200598e-05
116,187,g9,area_1,speed,Speed,Grid\G 09.ElmSym,8.50329322199812e-10,0.0,8.50329322199812e-10
117,187,g9,area_1,speed,Speed,Grid\G 09.ElmSym,-0.00016002077735077184,-0.0,0.00016002077735077184
118,187,g9,area_1,speed,Speed,Grid\G 09.ElmSym,-7.360296119583178e-05,0.0,7.360296119583178e-05
119,187,g9,area_1,speed,Speed,Grid\G 09.ElmSym,-1.0250341661332338e-07,-0.0,1.0250341661332338e-07
120,187,g9,area_1,speed,Speed,Grid\G 09.ElmSym,2.9523036875026184e-05,0.0,2.9523036875026184e-05
121,187,g9,area_1,speed,Speed,Grid\G 09.ElmSym,0.00024859276459535015,-0.0,0.00024859276459535015
122,187,g9,area_1,speed,Speed,Grid\G 09.ElmSym,-0.002725816863670577,0.0,0.002725816863670577
123,187,g9,area_1,speed,Speed,Grid\G 09.ElmSym,0.00041216560098907316,0.0,0.00041216560098907316
124,187,g9,area_1,speed,Speed,Grid\G 09.ElmSym,1.818355377798605e-05,0.0,1.818355377798605e-05
125,187,g9,area_1,speed,Speed,Grid\G 09.ElmSym,-1.8344413470119693e-05,0.0,1.8344413470119693e-05
126,187,g9,area_1,speed,Speed,Grid\G 09.ElmSym,-0.001187874161931111,0.0,0.001187874161931111
127,187,g9,area_1,speed,Speed,Grid\G 09.ElmSym,-0.022845517505989364,-0.0,0.022845517505989364
128,187,g9,area_1,speed,Speed,Grid\G 09.ElmSym,-0.020433525322966443,0.0,0.020433525322966443
129,187,g9,area_1,speed,Speed,Grid\G 09.ElmSym,-1.4563664252351599e-05,0.0,1.4563664252351599e-05
130,187,g9,area_1,speed,Speed,Grid\G 09.ElmSym,-1.2310685820596728e-05,-0.0,1.2310685820596728e-05
131,187,g9,area_1,speed,Speed,Grid\G 09.ElmSym,-1.1598015866897359e-06,0.0,1.1598015866897359e-06
132,187,g9,area_1,speed,Speed,Grid\G 09.ElmSym,0.030831265941825364,0.026653858302397353,0.040755307899460615
133,187,g9,area_1,speed,Speed,Grid\G 09.ElmSym,0.030831265941825364,-0.026653858302397353,0.040755307899460615
134,187,g9,area_1,speed,Speed,Grid\G 09.ElmSym,2.5726205166260944e-05,0.0,2.5726205166260944e-05
135,187,g9,area_1,speed,Speed,Grid\G 09.ElmSym,1.042610434537771e-06,0.0,1.042610434537771e-06
136,187,g9,area_1,speed,Speed,Grid\G 09.ElmSym,-3.259130388847067e-08,0.0,3.259130388847067e-08
140,187,g9,area_1,speed,Speed,Grid\G 09.ElmSym,-0.0006169344920426232,-0.0,0.0006169344920426232
141,187,g9,area_1,speed,Speed,Grid\G 09.ElmSym,-0.0038254531412994217,0.0,0.0038254531412994217
142,187,g9,area_1,speed,Speed,Grid\G 09.ElmSym,-0.009086283243519738,-0.0,0.009086283243519738
143,187,g9,area_1,speed,Speed,Grid\G 09.ElmSym,8.587663330867845e-05,-0.0,8.587663330867845e-05
144,187,g9,area_1,speed,Speed,Grid\G 09.ElmSym,-0.0010781093885670174,0.0,0.0010781093885670174
145,187,g9,area_1,speed,Speed,Grid\G 09.ElmSym,-7.028929147643384e-05,-0.0,7.028929147643384e-05
146,187,g9,area_1,speed,Speed,Grid\G 09.ElmSym,-0.00028577572770213823,0.00022037202540403932,0.0003608761506727276
147,187,g9,area_1,speed,Speed,Grid\G 09.ElmSym,-0.00028577572770213823,-0.00022037202540403932,0.0003608761506727276
148,187,g9,area_1,speed,Speed,Grid\G 09.ElmSym,8.482807296237199e-05,0.0001869196004158172,0.00020526748155058142
149,187,g9,area_1,speed,Speed,Grid\G 09.ElmSym,8.482807296237199e-05,-0.0001869196004158172,0.00020526748155058142
150,187,g9,area_1,speed,Speed,Grid\G 09.ElmSym,-9.913288490445926e-05,-0.0,9.913288490445926e-05
151,187,g9,area_1,speed,Speed,Grid\G 09.ElmSym,-0.0001167190826929074,-0.0,0.0001167190826929074
152,187,g9,area_1,speed,Speed,Grid\G 09.ElmSym,5.265676403023716e-07,0.0,5.265676403023716e-07
153,187,g9,area_1,speed,Speed,Grid\G 09.ElmSym,2.3660775006550116e-06,7.282417506454069e-06,7.657148782504788e-06
154,187,g9,area_1,speed,Speed,Grid\G 09.ElmSym,2.3660775006550116e-06,-7.282417506454069e-06,7.657148782504788e-06
155,187,g9,area_1,speed,Speed,Grid\G 09.ElmSym,5.233829159366514e-07,0.0,5.233829159366514e-07
156,187,g9,area_1,speed,Speed,Grid\G 09.ElmSym,4.800641800640837e-10,0.0,4.800641800640837e-10
157,187,g9,area_1,speed,Speed,Grid\G 09.ElmSym,1.5507419385234534e-05,0.0,1.5507419385234534e-05
158,187,g9,area_1,speed,Speed,Grid\G 09.ElmSym,-5.497718679825365e-05,-0.0,5.497718679825365e-05
159,187,g9,area_1,speed,Speed,Grid\G 09.ElmSym,1.3324174743307982e-07,1.6990337348907656e-06,1.70425027374382e-06
160,187,g9,area_1,speed,Speed,Grid\G 09.ElmSym,1.3324174743307982e-07,-1.6990337348907656e-06,1.70425027374382e-06
161,187,g9,area_1,speed,Speed,Grid\G 09.ElmSym,-2.6634813921439717e-06,0.0,2.6634813921439717e-06
162,187,g9,area_1,speed,Speed,Grid\G 09.ElmSym,-1.9971703684513764e-06,-0.0,1.9971703684513764e-06
163,187,g9,area_1,speed,Speed,Grid\G 09.ElmSym,8.69062044472448e-06,-2.1935889340301556e-05,2.359470544135312e-05
164,187,g9,area_1,speed,Speed,Grid\G 09.ElmSym,8.69062044472448e-06,2.1935889340301556e-05,2.359470544135312e-05
165,187,g9,area_1,speed,Speed,Grid\G 09.ElmSym,-4.92478039091474e-09,0.0,4.92478039091474e-09
166,187,g9,area_1,speed,Speed,Grid\G 09.ElmSym,-1.6287573250568004e-07,0.0,1.6287573250568004e-07
170,187,g9,area_1,speed,Speed,Grid\G 09.ElmSym,3.0173495169135377e-06,0.0,3.0173495169135377e-06
171,187,g9,area_1,speed,Speed,Grid\G 09.ElmSym,-7.761571828927138e-06,-0.0,7.761571828927138e-06
172,187,g9,area_1,speed,Speed,Grid\G 09.ElmSym,4.0386032036152813e-07,0.0,4.0386032036152813e-07
173,187,g9,area_1,speed,Speed,Grid\G 09.ElmSym,-1.945125030336898e-07,0.0,1.945125030336898e-07
174,187,g9,area_1,speed,Speed,Grid\G 09.ElmSym,8.318269431129842e-08,0.0,8.318269431129842e-08
1,188,g9,area_1,phi,Rotor position d-axis referred to the reference bus voltage,Grid\G 09.ElmSym,7.871076903106814e-06,0.0,7.871076903106814e-06
5,188,g9,area_1,phi,Rotor position d-axis referred to the reference bus voltage,Grid\G 09.ElmSym,-1.0235692464273584e-08,5.947705563271521e-08,6.035138396888913e-08
6,188,g9,area_1,phi,Rotor position d-axis referred to the reference bus voltage,Grid\G 09.ElmSym,-1.0235692464273584e-08,-5.947705563271521e-08,6.035138396888913e-08
7,188,g9,area_1,phi,Rotor position d-axis referred to the reference bus voltage,Grid\G 09.ElmSym,-3.8909762897886243e-11,4.0984385318907857e-10,4.1168671783971937e-10
8,188,g9,area_1,phi,Rotor position d-axis referred to the reference bus voltage,Grid\G 09.ElmSym,-3.8909762897886243e-11,-4.0984385318907857e-10,4.1168671783971937e-10
9,188,g9,area_1,phi,Rotor position d-axis referred to the reference bus voltage,Grid\G 09.ElmSym,1.3097194532722103e-07,5.619742047991982e-07,5.770343640741752e-07
10,188,g9,area_1,phi,Rotor position d-axis referred to the reference bus voltage,Grid\G 09.ElmSym,1.3097194532722103e-07,-5.619742047991982e-07,5.770343640741752e-07
11,188,g9,area_1,phi,Rotor position d-axis referred to the reference bus voltage,Grid\G 09.ElmSym,-3.702480403264093e-06,-5.061635776743636e-06,6.2712453207449785e-06
12,188,g9,area_1,phi,Rotor position d-axis referred to the reference bus voltage,Grid\G 09.ElmSym,-3.702480403264093e-06,5.061635776743636e-06,6.2712453207449785e-06
13,188,g9,area_1,phi,Rotor position d-axis referred to the reference bus voltage,Grid\G 09.ElmSym,-0.00014903039239047165,-0.0,0.00014903039239047165
14,188,g9,area_1,phi,Rotor position d-axis referred to the reference bus voltage,Grid\G 09.ElmSym,0.001740479572411211,-0.021248276715221504,0.021319440248482254
15,188,g9,area_1,phi,Rotor position d-axis referred to the reference bus voltage,Grid\G 09.ElmSym,0.001740479572411211,0.021248276715221504,0.021319440248482254
19,188,g9,area_1,phi,Rotor position d-axis referred to the reference bus voltage,Grid\G 09.ElmSym,2.4680256445311147e-10,0.0,2.4680256445311147e-10
20,188,g9,area_1,phi,Rotor position d-axis referred to the reference bus voltage,Grid\G 09.ElmSym,-2.5903040137230034e-12,0.0,2.5903040137230034e-12
21,188,g9,area_1,phi,Rotor position d-axis referred to the reference bus voltage,Grid\G 09.ElmSym,1.1923447242086906e-05,0.0,1.1923447242086906e-05
22,188,g9,area_1,phi,Rotor position d-axis referred to the reference bus voltage,Grid\G 09.ElmSym,-7.049782188802659e-05,-5.7164190274415885e-06,7.07292042755552e-05
23,188,g9,area_1,phi,Rotor position d-axis referred to the reference bus voltage,Grid\G 09.ElmSym,-7.049782188802659e-05,5.7164190274415885e-06,7.07292042755552e-05
24,188,g9,area_1,phi,Rotor position d-axis referred to the reference bus voltage,Grid\G 09.ElmSym,0.0003160487309194044,-0.0006512511849878593,0.0007238887388707308
25,188,g9,area_1,phi,Rotor position d-axis referred to the reference bus voltage,Grid\G 09.ElmSym,0.0003160487309194044,0.0006512511849878593,0.0007238887388707308
26,188,g9,area_1,phi,Rotor position d-axis referred to the reference bus voltage,Grid\G 09.ElmSym,-0.0008782054069472892,0.0,0.0008782054069472892
27,188,g9,area_1,phi,Rotor position d-axis referred to the reference bus voltage,Grid\G 09.ElmSym,0.0002487752638912451,-0.00012712061181373,0.00027937212078526315
28,188,g9,area_1,phi,Rotor position d-axis referred to the reference bus voltage,Grid\G 09.ElmSym,0.0002487752638912451,0.00012712061181373,0.00027937212078526315
29,188,g9,area_1,phi,Rotor position d-axis referred to the reference bus voltage,Grid\G 09.ElmSym,7.882031526993707e-07,2.6950380692403858e-06,2.8079341880785193e-06
30,188,g9,area_1,phi,Rotor position d-axis referred to the reference bus voltage,Grid\G 09.ElmSym,7.882031526993707e-07,-2.6950380692403858e-06,2.8079341880785193e-06
31,188,g9,area_1,phi,Rotor position d-axis referred to the reference bus voltage,Grid\G 09.ElmSym,3.3047640486970617e-06,1.1810448993222487e-05,1.2264100898111963e-05
32,188,g9,area_1,phi,Rotor position d-axis referred to the reference bus voltage,Grid\G 09.ElmSym,3.3047640486970617e-06,-1.1810448993222487e-05,1.2264100898111963e-05
33,188,g9,area_1,phi,Rotor position d-axis referred to the reference bus voltage,Grid\G 09.ElmSym,3.613935938495917e-08,-9.106047305365946e-08,9.796970475362002e-08
34,188,g9,area_1,phi,Rotor position d-axis referred to the reference bus voltage,Grid\G 09.ElmSym,3.613935938495917e-08,9.106047305365946e-08,9.796970475362002e-08
35,188,g9,area_1,phi,Rotor position d-axis referred to the reference bus voltage,Grid\G 09.ElmSym,0.10161293028115215,0.0071704728993552186,0.10186561383471203
36,188,g9,area_1,phi,Rotor position d-axis referred to the reference bus voltage,Grid\G 09.ElmSym,0.10161293028115215,-0.0071704728993552186,0.10186561383471203
37,188,g9,area_1,phi,Rotor position d-axis referred to the reference bus voltage,Grid\G 09.ElmSym,0.9999999999999999,1.734723475976807e-18,0.9999999999999999
38,188,g9,area_1,phi,Rotor position d-axis referred to the reference bus voltage,Grid\G 09.ElmSym,0.9999999999999999,-1.734723475976807e-18,0.9999999999999999
39,188,g9,area_1,phi,Rotor position d-axis referred to the reference bus voltage,Grid\G 09.ElmSym,0.19514162368190846,0.04301266283023733,0.1998257802611046
40,188,g9,area_1,phi,Rotor position d-axis referred to the reference bus voltage,Grid\G 09.ElmSym,0.19514162368190846,-0.04301266283023733,0.1998257802611046
41,188,g9,area_1,phi,Rotor position d-axis referred to the reference bus voltage,Grid\G 09.ElmSym,-0.0004235830403761658,0.00037111046770058536,0.0005631567910726672
42,188,g9,area_1,phi,Rotor position d-axis referred to the reference bus voltage,Grid\G 09.ElmSym,-0.0004235830403761658,-0.00037111046770058536,0.0005631567910726672
43,188,g9,area_1,phi,Rotor position d-axis referred to the reference bus voltage,Grid\G 09.ElmSym,0.007851840114529652,0.003453770577046774,0.008577874117927532
44,188,g9,area_1,phi,Rotor position d-axis referred to the reference bus voltage,Grid\G 09.ElmSym,0.007851840114529652,-0.003453770577046774,0.008577874117927532
45,188,g9,area_1,phi,Rotor position d-axis referred to the reference bus voltage,Grid\G 09.ElmSym,-0.04262227183372233,0.01823553772095773,0.046359388393724436
46,188,g9,area_1,phi,Rotor position d-axis referred to the reference bus voltage,Grid\G 09.ElmSym,-0.04262227183372233,-0.01823553772095773,0.046359388393724436
47,188,g9,area_1,phi,Rotor position d-axis referred to the reference bus voltage,Grid\G 09.ElmSym,-0.003921941645136868,0.00023296104094737858,0.00392885442775094
48,188,g9,area_1,phi,Rotor position d-axis referred to the reference bus voltage,Grid\G 09.ElmSym,-0.003921941645136868,-0.00023296104094737858,0.00392885442775094
49,188,g9,area_1,phi,Rotor position d-axis referred to the reference bus voltage,Grid\G 09.ElmSym,-0.0002844675183214923,0.00028857235716877173,0.0004052107776231152
50,188,g9,area_1,phi,Rotor position d-axis referred to the reference bus voltage,Grid\G 09.ElmSym,-0.0002844675183214923,-0.00028857235716877173,0.0004052107776231152
51,188,g9,area_1,phi,Rotor position d-axis referred to the reference bus voltage,Grid\G 09.ElmSym,0.00022493827021119212,0.0,0.00022493827021119212
52,188,g9,area_1,phi,Rotor position d-axis referred to the reference bus voltage,Grid\G 09.ElmSym,8.155773035937976e-14,0.0,8.155773035937976e-14
53,188,g9,area_1,phi,Rotor position d-axis referred to the reference bus voltage,Grid\G 09.ElmSym,1.629820213215387e-14,0.0,1.629820213215387e-14
54,188,g9,area_1,phi,Rotor position d-axis referred to the reference bus voltage,Grid\G 09.ElmSym,-1.4688838101865463e-14,-0.0,1.4688838101865463e-14
56,188,g9,area_1,phi,Rotor position d-axis referred to the reference bus voltage,Grid\G 09.ElmSym,1.8932401292967275e-14,0.0,1.8932401292967275e-14
57,188,g9,area_1,phi,Rotor position d-axis referred to the reference bus voltage,Grid\G 09.ElmSym,-0.0008183860563435539,0.0,0.0008183860563435539
58,188,g9,area_1,phi,Rotor position d-axis referred to the reference bus voltage,Grid\G 09.ElmSym,0.0685982774582757,0.0,0.0685982774582757
59,188,g9,area_1,phi,Rotor position d-axis referred to the reference bus voltage,Grid\G 09.ElmSym,-0.00133935536282395,0.0,0.00133935536282395
60,188,g9,area_1,phi,Rotor position d-axis referred to the reference bus voltage,Grid\G 09.ElmSym,-0.010712483646006991,-0.011999148141883662,0.016085299561924154
61,188,g9,area_1,phi,Rotor position d-axis referred to the reference bus voltage,Grid\G 09.ElmSym,-0.010712483646006991,0.011999148141883662,0.016085299561924154
62,188,g9,area_1,phi,Rotor position d-axis referred to the reference bus voltage,Grid\G 09.ElmSym,-5.146746028147541e-05,0.0,5.146746028147541e-05
63,188,g9,area_1,phi,Rotor position d-axis referred to the reference bus voltage,Grid\G 09.ElmSym,0.0019202381131307135,0.0,0.0019202381131307135
64,188,g9,area_1,phi,Rotor position d-axis referred to the reference bus voltage,Grid\G 09.ElmSym,0.01730448421562835,0.0,0.01730448421562835
65,188,g9,area_1,phi,Rotor position d-axis referred to the reference bus voltage,Grid\G 09.ElmSym,0.040184082288789565,-0.04884545207313266,0.06325060203366377
66,188,g9,area_1,phi,Rotor position d-axis referred to the reference bus voltage,Grid\G 09.ElmSym,0.040184082288789565,0.04884545207313266,0.06325060203366377
67,188,g9,area_1,phi,Rotor position d-axis referred to the reference bus voltage,Grid\G 09.ElmSym,0.027747454820190885,0.0,0.027747454820190885
68,188,g9,area_1,phi,Rotor position d-axis referred to the reference bus voltage,Grid\G 09.ElmSym,0.0013158320180990603,0.00042468765365229433,0.001382668978106957
69,188,g9,area_1,phi,Rotor position d-axis referred to the reference bus voltage,Grid\G 09.ElmSym,0.0013158320180990603,-0.00042468765365229433,0.001382668978106957
70,188,g9,area_1,phi,Rotor position d-axis referred to the reference bus voltage,Grid\G 09.ElmSym,-0.002721610570258168,-0.004632234024550572,0.005372593056834379
71,188,g9,area_1,phi,Rotor position d-axis referred to the reference bus voltage,Grid\G 09.ElmSym,-0.002721610570258168,0.004632234024550572,0.005372593056834379
72,188,g9,area_1,phi,Rotor position d-axis referred to the reference bus voltage,Grid\G 09.ElmSym,0.0018049786778763378,0.00134751280807626,0.0022524961255278066
73,188,g9,area_1,phi,Rotor position d-axis referred to the reference bus voltage,Grid\G 09.ElmSym,0.0018049786778763378,-0.00134751280807626,0.0022524961255278066
74,188,g9,area_1,phi,Rotor position d-axis referred to the reference bus voltage,Grid\G 09.ElmSym,-0.011528730788321194,0.0,0.011528730788321194
75,188,g9,area_1,phi,Rotor position d-axis referred to the reference bus voltage,Grid\G 09.ElmSym,-0.00187516457205741,0.0004980663940852634,0.001940183575133123
76,188,g9,area_1,phi,Rotor position d-axis referred to the reference bus voltage,Grid\G 09.ElmSym,-0.00187516457205741,-0.0004980663940852634,0.001940183575133123
77,188,g9,area_1,phi,Rotor position d-axis referred to the reference bus voltage,Grid\G 09.ElmSym,0.0001140675293032091,0.0,0.0001140675293032091
78,188,g9,area_1,phi,Rotor position d-axis referred to the reference bus voltage,Grid\G 09.ElmSym,-5.234668037010746e-07,0.0,5.234668037010746e-07
79,188,g9,area_1,phi,Rotor position d-axis referred to the reference bus voltage,Grid\G 09.ElmSym,4.567849906348001e-07,0.0,4.567849906348001e-07
80,188,g9,area_1,phi,Rotor position d-axis referred to the reference bus voltage,Grid\G 09.ElmSym,-1.5571585144155005e-14,-0.0,1.5571585144155005e-14
81,188,g9,area_1,phi,Rotor position d-axis referred to the reference bus voltage,Grid\G 09.ElmSym,2.4236124006006666e-16,0.0,2.4236124006006666e-16
85,188,g9,area_1,phi,Rotor position d-axis referred to the reference bus voltage,Grid\G 09.ElmSym,-6.033647205217426e-15,-0.0,6.033647205217426e-15
89,188,g9,area_1,phi,Rotor position d-axis referred to the reference bus voltage,Grid\G 09.ElmSym,-1.6777019391457175e-14,-0.0,1.6777019391457175e-14
90,188,g9,area_1,phi,Rotor position d-axis referred to the reference bus voltage,Grid\G 09.ElmSym,4.76500726011494e-16,0.0,4.76500726011494e-16
91,188,g9,area_1,phi,Rotor position d-axis referred to the reference bus voltage,Grid\G 09.ElmSym,-0.0006027587511948865,-0.0,0.0006027587511948865
92,188,g9,area_1,phi,Rotor position d-axis referred to the reference bus voltage,Grid\G 09.ElmSym,3.817418300585441e-05,0.0,3.817418300585441e-05
93,188,g9,area_1,phi,Rotor position d-axis referred to the reference bus voltage,Grid\G 09.ElmSym,0.000779741287531205,-0.0,0.000779741287531205
94,188,g9,area_1,phi,Rotor position d-axis referred to the reference bus voltage,Grid\G 09.ElmSym,0.0011443947418533675,-0.00131758643547539,0.00174518576092357
95,188,g9,area_1,phi,Rotor position d-axis referred to the reference bus voltage,Grid\G 09.ElmSym,0.0011443947418533675,0.00131758643547539,0.00174518576092357
96,188,g9,area_1,phi,Rotor position d-axis referred to the reference bus voltage,Grid\G 09.ElmSym,0.0008913540806303037,0.0,0.0008913540806303037
97,188,g9,area_1,phi,Rotor position d-axis referred to the reference bus voltage,Grid\G 09.ElmSym,-0.01029426016354786,0.0,0.01029426016354786
98,188,g9,area_1,phi,Rotor position d-axis referred to the reference bus voltage,Grid\G 09.ElmSym,0.000545596635436393,-0.0,0.000545596635436393
99,188,g9,area_1,phi,Rotor position d-axis referred to the reference bus voltage,Grid\G 09.ElmSym,0.0013411997004810965,0.0,0.0013411997004810965
100,188,g9,area_1,phi,Rotor position d-axis referred to the reference bus voltage,Grid\G 09.ElmSym,-0.0004577104354457408,0.0,0.0004577104354457408
101,188,g9,area_1,phi,Rotor position d-axis referred to the reference bus voltage,Grid\G 09.ElmSym,6.211070959222082e-05,0.0,6.211070959222082e-05
102,188,g9,area_1,phi,Rotor position d-axis referred to the reference bus voltage,Grid\G 09.ElmSym,-3.959250367982882e-06,7.983066644649274e-07,4.038930180988737e-06
103,188,g9,area_1,phi,Rotor position d-axis referred to the reference bus voltage,Grid\G 09.ElmSym,-3.959250367982882e-06,-7.983066644649274e-07,4.038930180988737e-06
104,188,g9,area_1,phi,Rotor position d-axis referred to the reference bus voltage,Grid\G 09.ElmSym,-9.836793781341173e-05,0.00015333386233084672,0.0001821744343396139
105,188,g9,area_1,phi,Rotor position d-axis referred to the reference bus voltage,Grid\G 09.ElmSym,-9.836793781341173e-05,-0.00015333386233084672,0.0001821744343396139
106,188,g9,area_1,phi,Rotor position d-axis referred to the reference bus voltage,Grid\G 09.ElmSym,-0.0003701817313238071,0.0006268122048114295,0.0007279615747458493
107,188,g9,area_1,phi,Rotor position d-axis referred to the reference bus voltage,Grid\G 09.ElmSym,-0.0003701817313238071,-0.0006268122048114295,0.0007279615747458493
108,188,g9,area_1,phi,Rotor position d-axis referred to the reference bus voltage,Grid\G 09.ElmSym,-5.089486284388843e-05,0.0,5.089486284388843e-05
112,188,g9,area_1,phi,Rotor position d-axis referred to the reference bus voltage,Grid\G 09.ElmSym,-2.4329126865621504e-05,0.0,2.4329126865621504e-05
113,188,g9,area_1,phi,Rotor position d-axis referred to the reference bus voltage,Grid\G 09.ElmSym,1.3567068842775882e-05,0.0,1.3567068842775882e-05
114,188,g9,area_1,phi,Rotor position d-axis referred to the reference bus voltage,Grid\G 09.ElmSym,1.5220661129776721e-05,0.0,1.5220661129776721e-05
115,188,g9,area_1,phi,Rotor position d-axis referred to the reference bus voltage,Grid\G 09.ElmSym,2.145255602079064e-05,0.0,2.145255602079064e-05
116,188,g9,area_1,phi,Rotor position d-axis referred to the reference bus voltage,Grid\G 09.ElmSym,-3.245063959131964e-07,-0.0,3.245063959131964e-07
117,188,g9,area_1,phi,Rotor position d-axis referred to the reference bus voltage,Grid\G 09.ElmSym,-0.00010701511412491394,-0.0,0.00010701511412491394
118,188,g9,area_1,phi,Rotor position d-axis referred to the reference bus voltage,Grid\G 09.ElmSym,3.9211584362845955e-05,0.0,3.9211584362845955e-05
119,188,g9,area_1,phi,Rotor position d-axis referred to the reference bus voltage,Grid\G 09.ElmSym,-7.841195539106486e-07,-0.0,7.841195539106486e-07
120,188,g9,area_1,phi,Rotor position d-axis referred to the reference bus voltage,Grid\G 09.ElmSym,-8.562912765245113e-05,-0.0,8.562912765245113e-05
121,188,g9,area_1,phi,Rotor position d-axis referred to the reference bus voltage,Grid\G 09.ElmSym,9.851876297305967e-05,0.0,9.851876297305967e-05
122,188,g9,area_1,phi,Rotor position d-axis referred to the reference bus voltage,Grid\G 09.ElmSym,-0.0022818216881943043,0.0,0.0022818216881943043
123,188,g9,area_1,phi,Rotor position d-axis referred to the reference bus voltage,Grid\G 09.ElmSym,0.0004167233849398945,0.0,0.0004167233849398945
124,188,g9,area_1,phi,Rotor position d-axis referred to the reference bus voltage,Grid\G 09.ElmSym,1.418115747907845e-05,0.0,1.418115747907845e-05
125,188,g9,area_1,phi,Rotor position d-axis referred to the reference bus voltage,Grid\G 09.ElmSym,-0.0003291413222401339,0.0,0.0003291413222401339
126,188,g9,area_1,phi,Rotor position d-axis referred to the reference bus voltage,Grid\G 09.ElmSym,0.0002401764610096582,0.0,0.0002401764610096582
127,188,g9,area_1,phi,Rotor position d-axis referred to the reference bus voltage,Grid\G 09.ElmSym,-0.023233442839342554,-0.0,0.023233442839342554
128,188,g9,area_1,phi,Rotor position d-axis referred to the reference bus voltage,Grid\G 09.ElmSym,-0.015194901779757521,0.0,0.015194901779757521
129,188,g9,area_1,phi,Rotor position d-axis referred to the reference bus voltage,Grid\G 09.ElmSym,9.161486788644498e-07,0.0,9.161486788644498e-07
130,188,g9,area_1,phi,Rotor position d-axis referred to the reference bus voltage,Grid\G 09.ElmSym,0.00028879804669074285,0.0,0.00028879804669074285
131,188,g9,area_1,phi,Rotor position d-axis referred to the reference bus voltage,Grid\G 09.ElmSym,6.448042475314079e-07,0.0,6.448042475314079e-07
132,188,g9,area_1,phi,Rotor position d-axis referred to the reference bus voltage,Grid\G 09.ElmSym,-0.0008060636339732954,0.001500073887629759,0.0017029269656573336
133,188,g9,area_1,phi,Rotor position d-axis referred to the reference bus voltage,Grid\G 09.ElmSym,-0.0008060636339732954,-0.001500073887629759,0.0017029269656573336
134,188,g9,area_1,phi,Rotor position d-axis referred to the reference bus voltage,Grid\G 09.ElmSym,7.245033786707073e-05,0.0,7.245033786707073e-05
135,188,g9,area_1,phi,Rotor position d-axis referred to the reference bus voltage,Grid\G 09.ElmSym,4.032273304748174e-06,0.0,4.032273304748174e-06
136,188,g9,area_1,phi,Rotor position d-axis referred to the reference bus voltage,Grid\G 09.ElmSym,-2.1905880077696872e-08,0.0,2.1905880077696872e-08
140,188,g9,area_1,phi,Rotor position d-axis referred to the reference bus voltage,Grid\G 09.ElmSym,-0.0008129925395254258,-0.0,0.0008129925395254258
141,188,g9,area_1,phi,Rotor position d-axis referred to the reference bus voltage,Grid\G 09.ElmSym,-0.0038525660888913656,0.0,0.0038525660888913656
142,188,g9,area_1,phi,Rotor position d-axis referred to the reference bus voltage,Grid\G 09.ElmSym,-0.011338186857966778,-0.0,0.011338186857966778
143,188,g9,area_1,phi,Rotor position d-axis referred to the reference bus voltage,Grid\G 09.ElmSym,0.000141090101606898,0.0,0.000141090101606898
144,188,g9,area_1,phi,Rotor position d-axis referred to the reference bus voltage,Grid\G 09.ElmSym,-0.0010584305097144197,0.0,0.0010584305097144197
145,188,g9,area_1,phi,Rotor position d-axis referred to the reference bus voltage,Grid\G 09.ElmSym,-0.0006001291120069534,-0.0,0.0006001291120069534
146,188,g9,area_1,phi,Rotor position d-axis referred to the reference bus voltage,Grid\G 09.ElmSym,-1.9391028448945434e-05,-1.4322430005916424e-05,2.410692816561634e-05
147,188,g9,area_1,phi,Rotor position d-axis referred to the reference bus voltage,Grid\G 09.ElmSym,-1.9391028448945434e-05,1.4322430005916424e-05,2.410692816561634e-05
148,188,g9,area_1,phi,Rotor position d-axis referred to the reference bus voltage,Grid\G 09.ElmSym,0.0002852902947797877,0.0001844989210638387,0.00033975050282414413
149,188,g9,area_1,phi,Rotor position d-axis referred to the reference bus voltage,Grid\G 09.ElmSym,0.0002852902947797877,-0.0001844989210638387,0.00033975050282414413
150,188,g9,area_1,phi,Rotor position d-axis referred to the reference bus voltage,Grid\G 09.ElmSym,-0.0006218019102086885,-0.0,0.0006218019102086885
151,188,g9,area_1,phi,Rotor position d-axis referred to the reference bus voltage,Grid\G 09.ElmSym,-9.986831976920031e-05,-0.0,9.986831976920031e-05
152,188,g9,area_1,phi,Rotor position d-axis referred to the reference bus voltage,Grid\G 09.ElmSym,-1.8111138158710465e-07,0.0,1.8111138158710465e-07
153,188,g9,area_1,phi,Rotor position d-axis referred to the reference bus voltage,Grid\G 09.ElmSym,7.777334380666958e-05,-3.361498713142172e-06,7.784595481120959e-05
154,188,g9,area_1,phi,Rotor position d-axis referred to the reference bus voltage,Grid\G 09.ElmSym,7.777334380666958e-05,3.361498713142172e-06,7.784595481120959e-05
155,188,g9,area_1,phi,Rotor position d-axis referred to the reference bus voltage,Grid\G 09.ElmSym,9.332965701299093e-09,0.0,9.332965701299093e-09
156,188,g9,area_1,phi,Rotor position d-axis referred to the reference bus voltage,Grid\G 09.ElmSym,3.94653790866546e-09,0.0,3.94653790866546e-09
157,188,g9,area_1,phi,Rotor position d-axis referred to the reference bus voltage,Grid\G 09.ElmSym,9.084927021170963e-07,0.0,9.084927021170963e-07
158,188,g9,area_1,phi,Rotor position d-axis referred to the reference bus voltage,Grid\G 09.ElmSym,-6.2490502387352315e-06,-0.0,6.2490502387352315e-06
159,188,g9,area_1,phi,Rotor position d-axis referred to the reference bus voltage,Grid\G 09.ElmSym,-2.6551267368897433e-08,2.909747265458777e-06,2.9098684022896508e-06
160,188,g9,area_1,phi,Rotor position d-axis referred to the reference bus voltage,Grid\G 09.ElmSym,-2.6551267368897433e-08,-2.909747265458777e-06,2.9098684022896508e-06
161,188,g9,area_1,phi,Rotor position d-axis referred to the reference bus voltage,Grid\G 09.ElmSym,-0.00011204375028236184,0.0,0.00011204375028236184
162,188,g9,area_1,phi,Rotor position d-axis referred to the reference bus voltage,Grid\G 09.ElmSym,1.534098293159489e-05,0.0,1.534098293159489e-05
163,188,g9,area_1,phi,Rotor position d-axis referred to the reference bus voltage,Grid\G 09.ElmSym,-5.863032217443168e-06,3.7217589731418456e-06,6.944540059423547e-06
164,188,g9,area_1,phi,Rotor position d-axis referred to the reference bus voltage,Grid\G 09.ElmSym,-5.863032217443168e-06,-3.7217589731418456e-06,6.944540059423547e-06
165,188,g9,area_1,phi,Rotor position d-axis referred to the reference bus voltage,Grid\G 09.ElmSym,-6.459248118755134e-09,0.0,6.459248118755134e-09
166,188,g9,area_1,phi,Rotor position d-axis referred to the reference bus voltage,Grid\G 09.ElmSym,8.87302631692051e-08,0.0,8.87302631692051e-08
170,188,g9,area_1,phi,Rotor position d-axis referred to the reference bus voltage,Grid\G 09.ElmSym,-9.416068103300561e-07,-0.0,9.416068103300561e-07
171,188,g9,area_1,phi,Rotor position d-axis referred to the reference bus voltage,Grid\G 09.ElmSym,2.2826960180838116e-05,0.0,2.2826960180838116e-05
172,188,g9,area_1,phi,Rotor position d-axis referred to the reference bus voltage,Grid\G 09.ElmSym,1.4809977970409507e-06,0.0,1.4809977970409507e-06
173,188,g9,area_1,phi,Rotor position d-axis referred to the reference bus voltage,Grid\G 09.ElmSym,-3.983027282032265e-08,0.0,3.983027282032265e-08
174,188,g9,area_1,phi,Rotor position d-axis referred to the reference bus voltage,Grid\G 09.ElmSym,-2.083206458961438e-08,0.0,2.083206458961438e-08
1,189,g10,area_1,psi1d,Flux in 1d-damper winding,Grid\G 10.ElmSym,1.7995018821112886e-06,0.0,1.7995018821112886e-06
5,189,g10,area_1,psi1d,Flux in 1d-damper winding,Grid\G 10.ElmSym,-9.531008167068862e-09,8.576432681661564e-09,1.2821673612434762e-08
6,189,g10,area_1,psi1d,Flux in 1d-damper winding,Grid\G 10.ElmSym,-9.531008167068862e-09,-8.576432681661564e-09,1.2821673612434762e-08
7,189,g10,area_1,psi1d,Flux in 1d-damper winding,Grid\G 10.ElmSym,-8.581130606522785e-11,-1.721688602454933e-11,8.752143402048741e-11
8,189,g10,area_1,psi1d,Flux in 1d-damper winding,Grid\G 10.ElmSym,-8.581130606522785e-11,1.721688602454933e-11,8.752143402048741e-11
9,189,g10,area_1,psi1d,Flux in 1d-damper winding,Grid\G 10.ElmSym,-9.655810332137501e-08,8.884463946660389e-08,1.3121294630855662e-07
10,189,g10,area_1,psi1d,Flux in 1d-damper winding,Grid\G 10.ElmSym,-9.655810332137501e-08,-8.884463946660389e-08,1.3121294630855662e-07
11,189,g10,area_1,psi1d,Flux in 1d-damper winding,Grid\G 10.ElmSym,0.000161000916282361,-0.00023429042433994885,0.0002842767981759206
12,189,g10,area_1,psi1d,Flux in 1d-damper winding,Grid\G 10.ElmSym,0.000161000916282361,0.00023429042433994885,0.0002842767981759206
13,189,g10,area_1,psi1d,Flux in 1d-damper winding,Grid\G 10.ElmSym,-1.5578741233133854e-05,-0.0,1.5578741233133854e-05
14,189,g10,area_1,psi1d,Flux in 1d-damper winding,Grid\G 10.ElmSym,-9.273540661890167e-05,0.0010610646292934607,0.0010651093855461242
15,189,g10,area_1,psi1d,Flux in 1d-damper winding,Grid\G 10.ElmSym,-9.273540661890167e-05,-0.0010610646292934607,0.0010651093855461242
19,189,g10,area_1,psi1d,Flux in 1d-damper winding,Grid\G 10.ElmSym,6.088950564647242e-12,0.0,6.088950564647242e-12
20,189,g10,area_1,psi1d,Flux in 1d-damper winding,Grid\G 10.ElmSym,1.7751779237669055e-15,0.0,1.7751779237669055e-15
21,189,g10,area_1,psi1d,Flux in 1d-damper winding,Grid\G 10.ElmSym,-4.623456420612104e-08,-0.0,4.623456420612104e-08
22,189,g10,area_1,psi1d,Flux in 1d-damper winding,Grid\G 10.ElmSym,5.69512712811341e-05,-6.588912616030964e-05,8.709089646287108e-05
23,189,g10,area_1,psi1d,Flux in 1d-damper winding,Grid\G 10.ElmSym,5.69512712811341e-05,6.588912616030964e-05,8.709089646287108e-05
24,189,g10,area_1,psi1d,Flux in 1d-damper winding,Grid\G 10.ElmSym,0.0031932790972932614,-0.01095278257504264,0.01140878948571529
25,189,g10,area_1,psi1d,Flux in 1d-damper winding,Grid\G 10.ElmSym,0.0031932790972932614,0.01095278257504264,0.01140878948571529
26,189,g10,area_1,psi1d,Flux in 1d-damper winding,Grid\G 10.ElmSym,-2.3809481304510026e-05,0.0,2.3809481304510026e-05
27,189,g10,area_1,psi1d,Flux in 1d-damper winding,Grid\G 10.ElmSym,0.0002885039169455363,-0.0011471467200287627,0.0011828694380047466
28,189,g10,area_1,psi1d,Flux in 1d-damper winding,Grid\G 10.ElmSym,0.0002885039169455363,0.0011471467200287627,0.0011828694380047466
29,189,g10,area_1,psi1d,Flux in 1d-damper winding,Grid\G 10.ElmSym,-8.995283760913865e-09,3.0743063395258835e-08,3.2032032043944144e-08
30,189,g10,area_1,psi1d,Flux in 1d-damper winding,Grid\G 10.ElmSym,-8.995283760913865e-09,-3.0743063395258835e-08,3.2032032043944144e-08
31,189,g10,area_1,psi1d,Flux in 1d-damper winding,Grid\G 10.ElmSym,-2.3339124718452665e-07,4.212515529951912e-07,4.815852418453136e-07
32,189,g10,area_1,psi1d,Flux in 1d-damper winding,Grid\G 10.ElmSym,-2.3339124718452665e-07,-4.212515529951912e-07,4.815852418453136e-07
33,189,g10,area_1,psi1d,Flux in 1d-damper winding,Grid\G 10.ElmSym,1.7715063395833134e-10,5.94065788793322e-09,5.9432986201750815e-09
34,189,g10,area_1,psi1d,Flux in 1d-damper winding,Grid\G 10.ElmSym,1.7715063395833134e-10,-5.94065788793322e-09,5.9432986201750815e-09
35,189,g10,area_1,psi1d,Flux in 1d-damper winding,Grid\G 10.ElmSym,-9.014649230742293e-07,-1.8866466772555146e-05,1.888799109189383e-05
36,189,g10,area_1,psi1d,Flux in 1d-damper winding,Grid\G 10.ElmSym,-9.014649230742293e-07,1.8866466772555146e-05,1.888799109189383e-05
37,189,g10,area_1,psi1d,Flux in 1d-damper winding,Grid\G 10.ElmSym,1.0497466536790624e-05,-5.318135992367974e-06,1.1767725953826366e-05
38,189,g10,area_1,psi1d,Flux in 1d-damper winding,Grid\G 10.ElmSym,1.0497466536790624e-05,5.318135992367974e-06,1.1767725953826366e-05
39,189,g10,area_1,psi1d,Flux in 1d-damper winding,Grid\G 10.ElmSym,-0.0013562468662163868,0.0027799958564246902,0.003093183234769679
40,189,g10,area_1,psi1d,Flux in 1d-damper winding,Grid\G 10.ElmSym,-0.0013562468662163868,-0.0027799958564246902,0.003093183234769679
41,189,g10,area_1,psi1d,Flux in 1d-damper winding,Grid\G 10.ElmSym,-1.384011414718206e-05,-2.225701729585328e-05,2.6209226972860932e-05
42,189,g10,area_1,psi1d,Flux in 1d-damper winding,Grid\G 10.ElmSym,-1.384011414718206e-05,2.225701729585328e-05,2.6209226972860932e-05
43,189,g10,area_1,psi1d,Flux in 1d-damper winding,Grid\G 10.ElmSym,2.0870984024521363e-05,7.64135929892632e-05,7.921259475412102e-05
44,189,g10,area_1,psi1d,Flux in 1d-damper winding,Grid\G 10.ElmSym,2.0870984024521363e-05,-7.64135929892632e-05,7.921259475412102e-05
45,189,g10,area_1,psi1d,Flux in 1d-damper winding,Grid\G 10.ElmSym,-0.0005041954895292288,-0.0019219753892002298,0.001987008426844988
46,189,g10,area_1,psi1d,Flux in 1d-damper winding,Grid\G 10.ElmSym,-0.0005041954895292288,0.0019219753892002298,0.001987008426844988
47,189,g10,area_1,psi1d,Flux in 1d-damper winding,Grid\G 10.ElmSym,3.566128195324829e-05,1.3022142791819513e-05,3.7964499646901826e-05
48,189,g10,area_1,psi1d,Flux in 1d-damper winding,Grid\G 10.ElmSym,3.566128195324829e-05,-1.3022142791819513e-05,3.7964499646901826e-05
49,189,g10,area_1,psi1d,Flux in 1d-damper winding,Grid\G 10.ElmSym,-0.0001912845617374692,-0.00011844135939713288,0.00022498475320549273
50,189,g10,area_1,psi1d,Flux in 1d-damper winding,Grid\G 10.ElmSym,-0.0001912845617374692,0.00011844135939713288,0.00022498475320549273
51,189,g10,area_1,psi1d,Flux in 1d-damper winding,Grid\G 10.ElmSym,5.498426850771804e-07,0.0,5.498426850771804e-07
52,189,g10,area_1,psi1d,Flux in 1d-damper winding,Grid\G 10.ElmSym,1.0407247988761986e-15,0.0,1.0407247988761986e-15
57,189,g10,area_1,psi1d,Flux in 1d-damper winding,Grid\G 10.ElmSym,-4.086719451452671e-05,0.0,4.086719451452671e-05
58,189,g10,area_1,psi1d,Flux in 1d-damper winding,Grid\G 10.ElmSym,-8.216906059267788e-05,0.0,8.216906059267788e-05
59,189,g10,area_1,psi1d,Flux in 1d-damper winding,Grid\G 10.ElmSym,-4.9440187425203815e-06,0.0,4.9440187425203815e-06
60,189,g10,area_1,psi1d,Flux in 1d-damper winding,Grid\G 10.ElmSym,7.154890679887763e-05,1.0973987071976618e-05,7.238559564146991e-05
61,189,g10,area_1,psi1d,Flux in 1d-damper winding,Grid\G 10.ElmSym,7.154890679887763e-05,-1.0973987071976618e-05,7.238559564146991e-05
62,189,g10,area_1,psi1d,Flux in 1d-damper winding,Grid\G 10.ElmSym,-3.205681371067907e-05,0.0,3.205681371067907e-05
63,189,g10,area_1,psi1d,Flux in 1d-damper winding,Grid\G 10.ElmSym,0.00010789160041291504,0.0,0.00010789160041291504
64,189,g10,area_1,psi1d,Flux in 1d-damper winding,Grid\G 10.ElmSym,-0.0001368391453206603,-0.0,0.0001368391453206603
65,189,g10,area_1,psi1d,Flux in 1d-damper winding,Grid\G 10.ElmSym,-2.7586283558452885e-05,-0.00035387582129148666,0.0003549494329271306
66,189,g10,area_1,psi1d,Flux in 1d-damper winding,Grid\G 10.ElmSym,-2.7586283558452885e-05,0.00035387582129148666,0.0003549494329271306
67,189,g10,area_1,psi1d,Flux in 1d-damper winding,Grid\G 10.ElmSym,0.002895117434537173,0.0,0.002895117434537173
68,189,g10,area_1,psi1d,Flux in 1d-damper winding,Grid\G 10.ElmSym,8.23967077939999e-06,2.5966978172196853e-06,8.639155867725244e-06
69,189,g10,area_1,psi1d,Flux in 1d-damper winding,Grid\G 10.ElmSym,8.23967077939999e-06,-2.5966978172196853e-06,8.639155867725244e-06
70,189,g10,area_1,psi1d,Flux in 1d-damper winding,Grid\G 10.ElmSym,-3.6151827063830036e-07,1.6638731138941835e-06,1.7026946875894205e-06
71,189,g10,area_1,psi1d,Flux in 1d-damper winding,Grid\G 10.ElmSym,-3.6151827063830036e-07,-1.6638731138941835e-06,1.7026946875894205e-06
72,189,g10,area_1,psi1d,Flux in 1d-damper winding,Grid\G 10.ElmSym,-1.401758326352011e-07,6.196254671139182e-08,1.5325997928335146e-07
73,189,g10,area_1,psi1d,Flux in 1d-damper winding,Grid\G 10.ElmSym,-1.401758326352011e-07,-6.196254671139182e-08,1.5325997928335146e-07
74,189,g10,area_1,psi1d,Flux in 1d-damper winding,Grid\G 10.ElmSym,-6.347706826347537e-05,0.0,6.347706826347537e-05
75,189,g10,area_1,psi1d,Flux in 1d-damper winding,Grid\G 10.ElmSym,-3.7281473543515657e-05,5.559023998257573e-06,3.769364691017654e-05
76,189,g10,area_1,psi1d,Flux in 1d-damper winding,Grid\G 10.ElmSym,-3.7281473543515657e-05,-5.559023998257573e-06,3.769364691017654e-05
77,189,g10,area_1,psi1d,Flux in 1d-damper winding,Grid\G 10.ElmSym,3.0831019854978856e-07,0.0,3.0831019854978856e-07
78,189,g10,area_1,psi1d,Flux in 1d-damper winding,Grid\G 10.ElmSym,1.5053481166813448e-08,0.0,1.5053481166813448e-08
79,189,g10,area_1,psi1d,Flux in 1d-damper winding,Grid\G 10.ElmSym,4.2337409266217976e-10,0.0,4.2337409266217976e-10
91,189,g10,area_1,psi1d,Flux in 1d-damper winding,Grid\G 10.ElmSym,0.00014184555651022013,0.0,0.00014184555651022013
92,189,g10,area_1,psi1d,Flux in 1d-damper winding,Grid\G 10.ElmSym,-3.190350795523738e-05,-0.0,3.190350795523738e-05
93,189,g10,area_1,psi1d,Flux in 1d-damper winding,Grid\G 10.ElmSym,7.082077520399978e-06,-0.0,7.082077520399978e-06
94,189,g10,area_1,psi1d,Flux in 1d-damper winding,Grid\G 10.ElmSym,9.977161806068266e-05,-4.3863652797721305e-05,0.00010898805350682149
95,189,g10,area_1,psi1d,Flux in 1d-damper winding,Grid\G 10.ElmSym,9.977161806068266e-05,4.3863652797721305e-05,0.00010898805350682149
96,189,g10,area_1,psi1d,Flux in 1d-damper winding,Grid\G 10.ElmSym,-1.0980691917767545e-07,0.0,1.0980691917767545e-07
97,189,g10,area_1,psi1d,Flux in 1d-damper winding,Grid\G 10.ElmSym,1.0745210273889017e-07,0.0,1.0745210273889017e-07
98,189,g10,area_1,psi1d,Flux in 1d-damper winding,Grid\G 10.ElmSym,-3.213791982624337e-05,0.0,3.213791982624337e-05
99,189,g10,area_1,psi1d,Flux in 1d-damper winding,Grid\G 10.ElmSym,-5.115480575682579e-05,-0.0,5.115480575682579e-05
100,189,g10,area_1,psi1d,Flux in 1d-damper winding,Grid\G 10.ElmSym,0.00029692734171394777,0.0,0.00029692734171394777
101,189,g10,area_1,psi1d,Flux in 1d-damper winding,Grid\G 10.ElmSym,-0.0003257515863915937,-0.0,0.0003257515863915937
102,189,g10,area_1,psi1d,Flux in 1d-damper winding,Grid\G 10.ElmSym,8.616358916715887e-07,1.9261303378826953e-08,8.618511516639894e-07
103,189,g10,area_1,psi1d,Flux in 1d-damper winding,Grid\G 10.ElmSym,8.616358916715887e-07,-1.9261303378826953e-08,8.618511516639894e-07
104,189,g10,area_1,psi1d,Flux in 1d-damper winding,Grid\G 10.ElmSym,-7.22830044026188e-06,-9.044751075987528e-06,1.1578248973021251e-05
105,189,g10,area_1,psi1d,Flux in 1d-damper winding,Grid\G 10.ElmSym,-7.22830044026188e-06,9.044751075987528e-06,1.1578248973021251e-05
106,189,g10,area_1,psi1d,Flux in 1d-damper winding,Grid\G 10.ElmSym,7.12886152806188e-06,-0.00017491959217904262,0.00017506480055901833
107,189,g10,area_1,psi1d,Flux in 1d-damper winding,Grid\G 10.ElmSym,7.12886152806188e-06,0.00017491959217904262,0.00017506480055901833
108,189,g10,area_1,psi1d,Flux in 1d-damper winding,Grid\G 10.ElmSym,9.510439782708611e-06,0.0,9.510439782708611e-06
112,189,g10,area_1,psi1d,Flux in 1d-damper winding,Grid\G 10.ElmSym,2.6801404843905804e-07,0.0,2.6801404843905804e-07
113,189,g10,area_1,psi1d,Flux in 1d-damper winding,Grid\G 10.ElmSym,-2.58775880132679e-06,0.0,2.58775880132679e-06
114,189,g10,area_1,psi1d,Flux in 1d-damper winding,Grid\G 10.ElmSym,-4.926179762240767e-05,-0.0,4.926179762240767e-05
115,189,g10,area_1,psi1d,Flux in 1d-damper winding,Grid\G 10.ElmSym,2.402906627291109e-07,-0.0,2.402906627291109e-07
116,189,g10,area_1,psi1d,Flux in 1d-damper winding,Grid\G 10.ElmSym,1.1725488614474386e-08,0.0,1.1725488614474386e-08
117,189,g10,area_1,psi1d,Flux in 1d-damper winding,Grid\G 10.ElmSym,1.4402883241187525e-06,0.0,1.4402883241187525e-06
118,189,g10,area_1,psi1d,Flux in 1d-damper winding,Grid\G 10.ElmSym,-0.00024468835853151867,0.0,0.00024468835853151867
119,189,g10,area_1,psi1d,Flux in 1d-damper winding,Grid\G 10.ElmSym,1.7940057151663746e-06,0.0,1.7940057151663746e-06
120,189,g10,area_1,psi1d,Flux in 1d-damper winding,Grid\G 10.ElmSym,-0.00014468380702093274,-0.0,0.00014468380702093274
121,189,g10,area_1,psi1d,Flux in 1d-damper winding,Grid\G 10.ElmSym,-7.375402775236456e-05,0.0,7.375402775236456e-05
122,189,g10,area_1,psi1d,Flux in 1d-damper winding,Grid\G 10.ElmSym,-9.785199382750613e-05,0.0,9.785199382750613e-05
123,189,g10,area_1,psi1d,Flux in 1d-damper winding,Grid\G 10.ElmSym,-0.0005622057075818295,-0.0,0.0005622057075818295
124,189,g10,area_1,psi1d,Flux in 1d-damper winding,Grid\G 10.ElmSym,-5.3938348070889525e-05,-0.0,5.3938348070889525e-05
125,189,g10,area_1,psi1d,Flux in 1d-damper winding,Grid\G 10.ElmSym,-2.4710360697518985e-05,0.0,2.4710360697518985e-05
126,189,g10,area_1,psi1d,Flux in 1d-damper winding,Grid\G 10.ElmSym,-3.428510589424364e-06,0.0,3.428510589424364e-06
127,189,g10,area_1,psi1d,Flux in 1d-damper winding,Grid\G 10.ElmSym,-0.00020443545264516624,-0.0,0.00020443545264516624
128,189,g10,area_1,psi1d,Flux in 1d-damper winding,Grid\G 10.ElmSym,-0.0005599211403553106,0.0,0.0005599211403553106
129,189,g10,area_1,psi1d,Flux in 1d-damper winding,Grid\G 10.ElmSym,-0.006087301053362799,0.0,0.006087301053362799
130,189,g10,area_1,psi1d,Flux in 1d-damper winding,Grid\G 10.ElmSym,-0.001389613387576461,-0.0,0.001389613387576461
131,189,g10,area_1,psi1d,Flux in 1d-damper winding,Grid\G 10.ElmSym,0.00046632058630711093,0.0,0.00046632058630711093
132,189,g10,area_1,psi1d,Flux in 1d-damper winding,Grid\G 10.ElmSym,0.5630698568463797,-0.10270073418332068,0.5723592442608013
133,189,g10,area_1,psi1d,Flux in 1d-damper winding,Grid\G 10.ElmSym,0.5630698568463797,0.10270073418332068,0.5723592442608013
134,189,g10,area_1,psi1d,Flux in 1d-damper winding,Grid\G 10.ElmSym,-0.002920975297144632,-0.0,0.002920975297144632
135,189,g10,area_1,psi1d,Flux in 1d-damper winding,Grid\G 10.ElmSym,-1.865935729123543e-05,-0.0,1.865935729123543e-05
136,189,g10,area_1,psi1d,Flux in 1d-damper winding,Grid\G 10.ElmSym,3.5199870199903202e-06,0.0,3.5199870199903202e-06
140,189,g10,area_1,psi1d,Flux in 1d-damper winding,Grid\G 10.ElmSym,-0.0001973433402934445,-0.0,0.0001973433402934445
141,189,g10,area_1,psi1d,Flux in 1d-damper winding,Grid\G 10.ElmSym,0.05329610965469484,-0.0,0.05329610965469484
142,189,g10,area_1,psi1d,Flux in 1d-damper winding,Grid\G 10.ElmSym,0.46823093312470876,0.0,0.46823093312470876
143,189,g10,area_1,psi1d,Flux in 1d-damper winding,Grid\G 10.ElmSym,0.775112267971691,-0.0,0.775112267971691
144,189,g10,area_1,psi1d,Flux in 1d-damper winding,Grid\G 10.ElmSym,0.21242794163597037,-0.0,0.21242794163597037
145,189,g10,area_1,psi1d,Flux in 1d-damper winding,Grid\G 10.ElmSym,0.058295810052219565,0.0,0.058295810052219565
146,189,g10,area_1,psi1d,Flux in 1d-damper winding,Grid\G 10.ElmSym,0.006410344818117736,-0.0034457655329094452,0.007277762073258209
147,189,g10,area_1,psi1d,Flux in 1d-damper winding,Grid\G 10.ElmSym,0.006410344818117736,0.0034457655329094452,0.007277762073258209
148,189,g10,area_1,psi1d,Flux in 1d-damper winding,Grid\G 10.ElmSym,0.0031572720267929754,-0.001317162210960472,0.003421006129949448
149,189,g10,area_1,psi1d,Flux in 1d-damper winding,Grid\G 10.ElmSym,0.0031572720267929754,0.001317162210960472,0.003421006129949448
150,189,g10,area_1,psi1d,Flux in 1d-damper winding,Grid\G 10.ElmSym,0.012668543451817458,0.0,0.012668543451817458
151,189,g10,area_1,psi1d,Flux in 1d-damper winding,Grid\G 10.ElmSym,0.0010341075757230647,0.0,0.0010341075757230647
152,189,g10,area_1,psi1d,Flux in 1d-damper winding,Grid\G 10.ElmSym,-1.242415710544553e-05,0.0,1.242415710544553e-05
153,189,g10,area_1,psi1d,Flux in 1d-damper winding,Grid\G 10.ElmSym,0.0001238746030447622,-0.00013271639037140977,0.00018154491882923585
154,189,g10,area_1,psi1d,Flux in 1d-damper winding,Grid\G 10.ElmSym,0.0001238746030447622,0.00013271639037140977,0.00018154491882923585
155,189,g10,area_1,psi1d,Flux in 1d-damper winding,Grid\G 10.ElmSym,-2.8900509614918435e-05,-0.0,2.8900509614918435e-05
156,189,g10,area_1,psi1d,Flux in 1d-damper winding,Grid\G 10.ElmSym,-1.0937591596674474e-10,0.0,1.0937591596674474e-10
157,189,g10,area_1,psi1d,Flux in 1d-damper winding,Grid\G 10.ElmSym,-0.00025407312957190725,-0.0,0.00025407312957190725
158,189,g10,area_1,psi1d,Flux in 1d-damper winding,Grid\G 10.ElmSym,0.0009142003547356988,0.0,0.0009142003547356988
159,189,g10,area_1,psi1d,Flux in 1d-damper winding,Grid\G 10.ElmSym,5.809823865575723e-06,-2.9798346224905708e-05,3.0359438253834104e-05
160,189,g10,area_1,psi1d,Flux in 1d-damper winding,Grid\G 10.ElmSym,5.809823865575723e-06,2.9798346224905708e-05,3.0359438253834104e-05
161,189,g10,area_1,psi1d,Flux in 1d-damper winding,Grid\G 10.ElmSym,0.0003703816597418992,0.0,0.0003703816597418992
162,189,g10,area_1,psi1d,Flux in 1d-damper winding,Grid\G 10.ElmSym,7.498135225465309e-05,0.0,7.498135225465309e-05
163,189,g10,area_1,psi1d,Flux in 1d-damper winding,Grid\G 10.ElmSym,-0.0014173126744686697,-0.0024829325363882877,0.0028589734516894535
164,189,g10,area_1,psi1d,Flux in 1d-damper winding,Grid\G 10.ElmSym,-0.0014173126744686697,0.0024829325363882877,0.0028589734516894535
165,189,g10,area_1,psi1d,Flux in 1d-damper winding,Grid\G 10.ElmSym,-1.4550728548130439e-06,0.0,1.4550728548130439e-06
166,189,g10,area_1,psi1d,Flux in 1d-damper winding,Grid\G 10.ElmSym,-6.046128873378182e-05,0.0,6.046128873378182e-05
170,189,g10,area_1,psi1d,Flux in 1d-damper winding,Grid\G 10.ElmSym,0.00013310092272106704,0.0,0.00013310092272106704
171,189,g10,area_1,psi1d,Flux in 1d-damper winding,Grid\G 10.ElmSym,-1.4824454583884666e-06,-0.0,1.4824454583884666e-06
172,189,g10,area_1,psi1d,Flux in 1d-damper winding,Grid\G 10.ElmSym,3.487180754047405e-05,0.0,3.487180754047405e-05
173,189,g10,area_1,psi1d,Flux in 1d-damper winding,Grid\G 10.ElmSym,6.260242263953271e-07,-0.0,6.260242263953271e-07
174,189,g10,area_1,psi1d,Flux in 1d-damper winding,Grid\G 10.ElmSym,1.1606997878137483e-06,0.0,1.1606997878137483e-06
1,190,g10,area_1,psifd,Field (excitation) flux,Grid\G 10.ElmSym,0.0001776631462485051,0.0,0.0001776631462485051
5,190,g10,area_1,psifd,Field (excitation) flux,Grid\G 10.ElmSym,-1.9887163568531406e-06,1.3691192573965089e-06,2.414431669977263e-06
6,190,g10,area_1,psifd,Field (excitation) flux,Grid\G 10.ElmSym,-1.9887163568531406e-06,-1.3691192573965089e-06,2.414431669977263e-06
7,190,g10,area_1,psifd,Field (excitation) flux,Grid\G 10.ElmSym,-1.577006069238055e-08,-5.6650902275279e-09,1.6756731827161233e-08
8,190,g10,area_1,psifd,Field (excitation) flux,Grid\G 10.ElmSym,-1.577006069238055e-08,5.6650902275279e-09,1.6756731827161233e-08
9,190,g10,area_1,psifd,Field (excitation) flux,Grid\G 10.ElmSym,-1.933511565591405e-05,1.4346658710682313e-05,2.4076405744802717e-05
10,190,g10,area_1,psifd,Field (excitation) flux,Grid\G 10.ElmSym,-1.933511565591405e-05,-1.4346658710682313e-05,2.4076405744802717e-05
11,190,g10,area_1,psifd,Field (excitation) flux,Grid\G 10.ElmSym,0.058759075139681434,-0.003877613754574913,0.05888688138881526
12,190,g10,area_1,psifd,Field (excitation) flux,Grid\G 10.ElmSym,0.058759075139681434,0.003877613754574913,0.05888688138881526
13,190,g10,area_1,psifd,Field (excitation) flux,Grid\G 10.ElmSym,-0.0030361186120835904,-0.0,0.0030361186120835904
14,190,g10,area_1,psifd,Field (excitation) flux,Grid\G 10.ElmSym,6.18070971414274e-05,0.0006151841992171462,0.0006182812598029243
15,190,g10,area_1,psifd,Field (excitation) flux,Grid\G 10.ElmSym,6.18070971414274e-05,-0.0006151841992171462,0.0006182812598029243
19,190,g10,area_1,psifd,Field (excitation) flux,Grid\G 10.ElmSym,3.1663047499049296e-09,0.0,3.1663047499049296e-09
20,190,g10,area_1,psifd,Field (excitation) flux,Grid\G 10.ElmSym,9.13536253113856e-13,0.0,9.13536253113856e-13
21,190,g10,area_1,psifd,Field (excitation) flux,Grid\G 10.ElmSym,-1.6307393833158778e-05,-0.0,1.6307393833158778e-05
22,190,g10,area_1,psifd,Field (excitation) flux,Grid\G 10.ElmSym,0.015560270353995752,0.0020095125185468857,0.01568949183535387
23,190,g10,area_1,psifd,Field (excitation) flux,Grid\G 10.ElmSym,0.015560270353995752,-0.0020095125185468857,0.01568949183535387
24,190,g10,area_1,psifd,Field (excitation) flux,Grid\G 10.ElmSym,1.0000000000000002,0.0,1.0000000000000002
25,190,g10,area_1,psifd,Field (excitation) flux,Grid\G 10.ElmSym,1.0000000000000002,0.0,1.0000000000000002
26,190,g10,area_1,psifd,Field (excitation) flux,Grid\G 10.ElmSym,-0.011398080378903224,0.0,0.011398080378903224
27,190,g10,area_1,psifd,Field (excitation) flux,Grid\G 10.ElmSym,0.15663527088010254,-0.01765164551839192,0.15762673844621053
28,190,g10,area_1,psifd,Field (excitation) flux,Grid\G 10.ElmSym,0.15663527088010254,0.01765164551839192,0.15762673844621053
29,190,g10,area_1,psifd,Field (excitation) flux,Grid\G 10.ElmSym,-2.601414125170848e-09,1.3296622125575937e-08,1.3548708993885503e-08
30,190,g10,area_1,psifd,Field (excitation) flux,Grid\G 10.ElmSym,-2.601414125170848e-09,-1.3296622125575937e-08,1.3548708993885503e-08
31,190,g10,area_1,psifd,Field (excitation) flux,Grid\G 10.ElmSym,-8.720862630673577e-08,2.0923848608959406e-07,2.26684998540647e-07
32,190,g10,area_1,psifd,Field (excitation) flux,Grid\G 10.ElmSym,-8.720862630673577e-08,-2.0923848608959406e-07,2.26684998540647e-07
33,190,g10,area_1,psifd,Field (excitation) flux,Grid\G 10.ElmSym,-1.8395950761043246e-09,2.3628347170129765e-09,2.9945113030257657e-09
34,190,g10,area_1,psifd,Field (excitation) flux,Grid\G 10.ElmSym,-1.8395950761043246e-09,-2.3628347170129765e-09,2.9945113030257657e-09
35,190,g10,area_1,psifd,Field (excitation) flux,Grid\G 10.ElmSym,-5.745590400061022e-06,-1.2090018974038747e-05,1.3385827125653845e-05
36,190,g10,area_1,psifd,Field (excitation) flux,Grid\G 10.ElmSym,-5.745590400061022e-06,1.2090018974038747e-05,1.3385827125653845e-05
37,190,g10,area_1,psifd,Field (excitation) flux,Grid\G 10.ElmSym,1.7346511573930986e-05,1.939432022884649e-05,2.6020013853254686e-05
38,190,g10,area_1,psifd,Field (excitation) flux,Grid\G 10.ElmSym,1.7346511573930986e-05,-1.939432022884649e-05,2.6020013853254686e-05
39,190,g10,area_1,psifd,Field (excitation) flux,Grid\G 10.ElmSym,-0.009662597702718838,0.002455644088386655,0.009969753369738677
40,190,g10,area_1,psifd,Field (excitation) flux,Grid\G 10.ElmSym,-0.009662597702718838,-0.002455644088386655,0.009969753369738677
41,190,g10,area_1,psifd,Field (excitation) flux,Grid\G 10.ElmSym,-7.240748686148307e-06,-9.627940471377487e-06,1.2046811995559114e-05
42,190,g10,area_1,psifd,Field (excitation) flux,Grid\G 10.ElmSym,-7.240748686148307e-06,9.627940471377487e-06,1.2046811995559114e-05
43,190,g10,area_1,psifd,Field (excitation) flux,Grid\G 10.ElmSym,2.8694161384503173e-05,2.0958277850533703e-05,3.5533143795899694e-05
44,190,g10,area_1,psifd,Field (excitation) flux,Grid\G 10.ElmSym,2.8694161384503173e-05,-2.0958277850533703e-05,3.5533143795899694e-05
45,190,g10,area_1,psifd,Field (excitation) flux,Grid\G 10.ElmSym,0.042063804197632546,-0.020400062992008198,0.04674961169522878
46,190,g10,area_1,psifd,Field (excitation) flux,Grid\G 10.ElmSym,0.042063804197632546,0.020400062992008198,0.04674961169522878
47,190,g10,area_1,psifd,Field (excitation) flux,Grid\G 10.ElmSym,-0.012687829051730558,-0.006719974762597982,0.014357543900538552
48,190,g10,area_1,psifd,Field (excitation) flux,Grid\G 10.ElmSym,-0.012687829051730558,0.006719974762597982,0.014357543900538552
49,190,g10,area_1,psifd,Field (excitation) flux,Grid\G 10.ElmSym,0.009853637288328507,-0.014065143063901142,0.017173305366700507
50,190,g10,area_1,psifd,Field (excitation) flux,Grid\G 10.ElmSym,0.009853637288328507,0.014065143063901142,0.017173305366700507
51,190,g10,area_1,psifd,Field (excitation) flux,Grid\G 10.ElmSym,7.87959789008871e-05,0.0,7.87959789008871e-05
52,190,g10,area_1,psifd,Field (excitation) flux,Grid\G 10.ElmSym,9.547558990144675e-14,0.0,9.547558990144675e-14
53,190,g10,area_1,psifd,Field (excitation) flux,Grid\G 10.ElmSym,-1.2157209586861673e-15,0.0,1.2157209586861673e-15
54,190,g10,area_1,psifd,Field (excitation) flux,Grid\G 10.ElmSym,6.25742859375947e-15,0.0,6.25742859375947e-15
55,190,g10,area_1,psifd,Field (excitation) flux,Grid\G 10.ElmSym,9.469978724516868e-15,0.0,9.469978724516868e-15
56,190,g10,area_1,psifd,Field (excitation) flux,Grid\G 10.ElmSym,-7.521622044000314e-16,-0.0,7.521622044000314e-16
57,190,g10,area_1,psifd,Field (excitation) flux,Grid\G 10.ElmSym,-0.0014348549542123454,0.0,0.0014348549542123454
58,190,g10,area_1,psifd,Field (excitation) flux,Grid\G 10.ElmSym,0.0029294412744754147,-0.0,0.0029294412744754147
59,190,g10,area_1,psifd,Field (excitation) flux,Grid\G 10.ElmSym,0.00020684050410654545,0.0,0.00020684050410654545
60,190,g10,area_1,psifd,Field (excitation) flux,Grid\G 10.ElmSym,-0.0031881737621212228,0.00028438086597501103,0.0032008318316354718
61,190,g10,area_1,psifd,Field (excitation) flux,Grid\G 10.ElmSym,-0.0031881737621212228,-0.00028438086597501103,0.0032008318316354718
62,190,g10,area_1,psifd,Field (excitation) flux,Grid\G 10.ElmSym,0.0014315345851219448,0.0,0.0014315345851219448
63,190,g10,area_1,psifd,Field (excitation) flux,Grid\G 10.ElmSym,-0.005478844831710813,-0.0,0.005478844831710813
64,190,g10,area_1,psifd,Field (excitation) flux,Grid\G 10.ElmSym,0.008960084358136718,0.0,0.008960084358136718
65,190,g10,area_1,psifd,Field (excitation) flux,Grid\G 10.ElmSym,0.00927613801652286,0.021964880107062344,0.023843294542055294
66,190,g10,area_1,psifd,Field (excitation) flux,Grid\G 10.ElmSym,0.00927613801652286,-0.021964880107062344,0.023843294542055294
67,190,g10,area_1,psifd,Field (excitation) flux,Grid\G 10.ElmSym,-0.2005514283616566,-0.0,0.2005514283616566
68,190,g10,area_1,psifd,Field (excitation) flux,Grid\G 10.ElmSym,-0.0006483104838194475,-5.3190694880342236e-05,0.0006504888419120345
69,190,g10,area_1,psifd,Field (excitation) flux,Grid\G 10.ElmSym,-0.0006483104838194475,5.3190694880342236e-05,0.0006504888419120345
70,190,g10,area_1,psifd,Field (excitation) flux,Grid\G 10.ElmSym,-8.032242208508851e-06,-0.00012619522718437508,0.0001264505922446083
71,190,g10,area_1,psifd,Field (excitation) flux,Grid\G 10.ElmSym,-8.032242208508851e-06,0.00012619522718437508,0.0001264505922446083
72,190,g10,area_1,psifd,Field (excitation) flux,Grid\G 10.ElmSym,1.0072129300224178e-05,-7.801857567127525e-06,1.2740359890449697e-05
73,190,g10,area_1,psifd,Field (excitation) flux,Grid\G 10.ElmSym,1.0072129300224178e-05,7.801857567127525e-06,1.2740359890449697e-05
74,190,g10,area_1,psifd,Field (excitation) flux,Grid\G 10.ElmSym,0.004876687764371289,0.0,0.004876687764371289
75,190,g10,area_1,psifd,Field (excitation) flux,Grid\G 10.ElmSym,0.001336590361356618,-0.002517185043298144,0.0028500340938794563
76,190,g10,area_1,psifd,Field (excitation) flux,Grid\G 10.ElmSym,0.001336590361356618,0.002517185043298144,0.0028500340938794563
77,190,g10,area_1,psifd,Field (excitation) flux,Grid\G 10.ElmSym,-2.6602622826077933e-05,0.0,2.6602622826077933e-05
78,190,g10,area_1,psifd,Field (excitation) flux,Grid\G 10.ElmSym,-1.3290005425104923e-06,0.0,1.3290005425104923e-06
79,190,g10,area_1,psifd,Field (excitation) flux,Grid\G 10.ElmSym,-3.7131335749553015e-08,-0.0,3.7131335749553015e-08
81,190,g10,area_1,psifd,Field (excitation) flux,Grid\G 10.ElmSym,-7.006991062714244e-16,-0.0,7.006991062714244e-16
91,190,g10,area_1,psifd,Field (excitation) flux,Grid\G 10.ElmSym,0.0013079806275255411,0.0,0.0013079806275255411
92,190,g10,area_1,psifd,Field (excitation) flux,Grid\G 10.ElmSym,0.001815091529069425,0.0,0.001815091529069425
93,190,g10,area_1,psifd,Field (excitation) flux,Grid\G 10.ElmSym,0.0001232912666668287,0.0,0.0001232912666668287
94,190,g10,area_1,psifd,Field (excitation) flux,Grid\G 10.ElmSym,0.0010184727614861852,9.455666219509415e-05,0.0010228527402587203
95,190,g10,area_1,psifd,Field (excitation) flux,Grid\G 10.ElmSym,0.0010184727614861852,-9.455666219509415e-05,0.0010228527402587203
96,190,g10,area_1,psifd,Field (excitation) flux,Grid\G 10.ElmSym,-5.333790780185328e-07,0.0,5.333790780185328e-07
97,190,g10,area_1,psifd,Field (excitation) flux,Grid\G 10.ElmSym,-1.933760266113084e-06,0.0,1.933760266113084e-06
98,190,g10,area_1,psifd,Field (excitation) flux,Grid\G 10.ElmSym,-7.269931321708052e-05,0.0,7.269931321708052e-05
99,190,g10,area_1,psifd,Field (excitation) flux,Grid\G 10.ElmSym,-5.405974947479695e-05,0.0,5.405974947479695e-05
100,190,g10,area_1,psifd,Field (excitation) flux,Grid\G 10.ElmSym,0.0009882128293992537,0.0,0.0009882128293992537
101,190,g10,area_1,psifd,Field (excitation) flux,Grid\G 10.ElmSym,-8.436708205055567e-05,-0.0,8.436708205055567e-05
102,190,g10,area_1,psifd,Field (excitation) flux,Grid\G 10.ElmSym,5.133726585122355e-07,-2.5233339375241377e-08,5.139924201035911e-07
103,190,g10,area_1,psifd,Field (excitation) flux,Grid\G 10.ElmSym,5.133726585122355e-07,2.5233339375241377e-08,5.139924201035911e-07
104,190,g10,area_1,psifd,Field (excitation) flux,Grid\G 10.ElmSym,-3.3413949025148163e-06,-3.6159012916333855e-06,4.923379128747651e-06
105,190,g10,area_1,psifd,Field (excitation) flux,Grid\G 10.ElmSym,-3.3413949025148163e-06,3.6159012916333855e-06,4.923379128747651e-06
106,190,g10,area_1,psifd,Field (excitation) flux,Grid\G 10.ElmSym,-1.2919148922176419e-05,-5.135823741508434e-05,5.295821899627613e-05
107,190,g10,area_1,psifd,Field (excitation) flux,Grid\G 10.ElmSym,-1.2919148922176419e-05,5.135823741508434e-05,5.295821899627613e-05
108,190,g10,area_1,psifd,Field (excitation) flux,Grid\G 10.ElmSym,1.5731867380784698e-06,0.0,1.5731867380784698e-06
112,190,g10,area_1,psifd,Field (excitation) flux,Grid\G 10.ElmSym,2.7307767521257836e-08,0.0,2.7307767521257836e-08
113,190,g10,area_1,psifd,Field (excitation) flux,Grid\G 10.ElmSym,-1.9939573648126442e-07,0.0,1.9939573648126442e-07
114,190,g10,area_1,psifd,Field (excitation) flux,Grid\G 10.ElmSym,-1.160694439699903e-05,-0.0,1.160694439699903e-05
115,190,g10,area_1,psifd,Field (excitation) flux,Grid\G 10.ElmSym,1.59098055795258e-08,0.0,1.59098055795258e-08
116,190,g10,area_1,psifd,Field (excitation) flux,Grid\G 10.ElmSym,2.2073525276566318e-09,0.0,2.2073525276566318e-09
117,190,g10,area_1,psifd,Field (excitation) flux,Grid\G 10.ElmSym,-1.224484481923263e-07,-0.0,1.224484481923263e-07
118,190,g10,area_1,psifd,Field (excitation) flux,Grid\G 10.ElmSym,-5.6018295864515285e-05,0.0,5.6018295864515285e-05
119,190,g10,area_1,psifd,Field (excitation) flux,Grid\G 10.ElmSym,1.3810838812678073e-07,0.0,1.3810838812678073e-07
120,190,g10,area_1,psifd,Field (excitation) flux,Grid\G 10.ElmSym,-2.7026262039320413e-05,-0.0,2.7026262039320413e-05
121,190,g10,area_1,psifd,Field (excitation) flux,Grid\G 10.ElmSym,-1.499963457747335e-05,0.0,1.499963457747335e-05
122,190,g10,area_1,psifd,Field (excitation) flux,Grid\G 10.ElmSym,-4.014332260569054e-05,0.0,4.014332260569054e-05
123,190,g10,area_1,psifd,Field (excitation) flux,Grid\G 10.ElmSym,-0.00018908914057882346,-0.0,0.00018908914057882346
124,190,g10,area_1,psifd,Field (excitation) flux,Grid\G 10.ElmSym,-1.477743315695088e-05,-0.0,1.477743315695088e-05
125,190,g10,area_1,psifd,Field (excitation) flux,Grid\G 10.ElmSym,-4.221537009282878e-06,0.0,4.221537009282878e-06
126,190,g10,area_1,psifd,Field (excitation) flux,Grid\G 10.ElmSym,3.3476638197024223e-07,-0.0,3.3476638197024223e-07
127,190,g10,area_1,psifd,Field (excitation) flux,Grid\G 10.ElmSym,-4.0221826607250916e-05,-0.0,4.0221826607250916e-05
128,190,g10,area_1,psifd,Field (excitation) flux,Grid\G 10.ElmSym,-6.753798291719338e-05,0.0,6.753798291719338e-05
129,190,g10,area_1,psifd,Field (excitation) flux,Grid\G 10.ElmSym,0.005342228775553692,0.0,0.005342228775553692
130,190,g10,area_1,psifd,Field (excitation) flux,Grid\G 10.ElmSym,2.472285353371924e-05,0.0,2.472285353371924e-05
131,190,g10,area_1,psifd,Field (excitation) flux,Grid\G 10.ElmSym,-1.643321570243452e-06,0.0,1.643321570243452e-06
132,190,g10,area_1,psifd,Field (excitation) flux,Grid\G 10.ElmSym,0.008032197933425793,-0.00706725563300836,0.01069870580135831
133,190,g10,area_1,psifd,Field (excitation) flux,Grid\G 10.ElmSym,0.008032197933425793,0.00706725563300836,0.01069870580135831
134,190,g10,area_1,psifd,Field (excitation) flux,Grid\G 10.ElmSym,-1.2257604785865913e-05,-0.0,1.2257604785865913e-05
135,190,g10,area_1,psifd,Field (excitation) flux,Grid\G 10.ElmSym,-1.313432090413789e-07,-0.0,1.313432090413789e-07
136,190,g10,area_1,psifd,Field (excitation) flux,Grid\G 10.ElmSym,9.26384312245528e-09,0.0,9.26384312245528e-09
140,190,g10,area_1,psifd,Field (excitation) flux,Grid\G 10.ElmSym,-5.322197114454988e-06,-0.0,5.322197114454988e-06
141,190,g10,area_1,psifd,Field (excitation) flux,Grid\G 10.ElmSym,8.752022179571461e-05,0.0,8.752022179571461e-05
142,190,g10,area_1,psifd,Field (excitation) flux,Grid\G 10.ElmSym,0.0007307962340127343,0.0,0.0007307962340127343
143,190,g10,area_1,psifd,Field (excitation) flux,Grid\G 10.ElmSym,0.0012282389077382435,0.0,0.0012282389077382435
144,190,g10,area_1,psifd,Field (excitation) flux,Grid\G 10.ElmSym,0.0003163632515394802,0.0,0.0003163632515394802
145,190,g10,area_1,psifd,Field (excitation) flux,Grid\G 10.ElmSym,7.872851569370404e-05,0.0,7.872851569370404e-05
146,190,g10,area_1,psifd,Field (excitation) flux,Grid\G 10.ElmSym,-9.162378835054138e-08,-5.142713557467231e-07,5.223695492017863e-07
147,190,g10,area_1,psifd,Field (excitation) flux,Grid\G 10.ElmSym,-9.162378835054138e-08,5.142713557467231e-07,5.223695492017863e-07
148,190,g10,area_1,psifd,Field (excitation) flux,Grid\G 10.ElmSym,3.493161534990451e-05,-1.8631948067480904e-05,3.9589989135423996e-05
149,190,g10,area_1,psifd,Field (excitation) flux,Grid\G 10.ElmSym,3.493161534990451e-05,1.8631948067480904e-05,3.9589989135423996e-05
150,190,g10,area_1,psifd,Field (excitation) flux,Grid\G 10.ElmSym,1.577890444284812e-05,0.0,1.577890444284812e-05
151,190,g10,area_1,psifd,Field (excitation) flux,Grid\G 10.ElmSym,1.939182195061098e-06,0.0,1.939182195061098e-06
152,190,g10,area_1,psifd,Field (excitation) flux,Grid\G 10.ElmSym,-4.67839047047721e-08,0.0,4.67839047047721e-08
153,190,g10,area_1,psifd,Field (excitation) flux,Grid\G 10.ElmSym,1.1018630707552365e-06,-1.4028495779000124e-06,1.7838411265884646e-06
154,190,g10,area_1,psifd,Field (excitation) flux,Grid\G 10.ElmSym,1.1018630707552365e-06,1.4028495779000124e-06,1.7838411265884646e-06
155,190,g10,area_1,psifd,Field (excitation) flux,Grid\G 10.ElmSym,-1.203309661106176e-07,-0.0,1.203309661106176e-07
156,190,g10,area_1,psifd,Field (excitation) flux,Grid\G 10.ElmSym,1.2592517102445969e-11,0.0,1.2592517102445969e-11
157,190,g10,area_1,psifd,Field (excitation) flux,Grid\G 10.ElmSym,-1.0880572103078526e-06,-0.0,1.0880572103078526e-06
158,190,g10,area_1,psifd,Field (excitation) flux,Grid\G 10.ElmSym,3.974667122820403e-06,0.0,3.974667122820403e-06
159,190,g10,area_1,psifd,Field (excitation) flux,Grid\G 10.ElmSym,3.416219756526914e-08,-2.420639617812138e-07,2.444627115445327e-07
160,190,g10,area_1,psifd,Field (excitation) flux,Grid\G 10.ElmSym,3.416219756526914e-08,2.420639617812138e-07,2.444627115445327e-07
161,190,g10,area_1,psifd,Field (excitation) flux,Grid\G 10.ElmSym,2.732421140959641e-06,0.0,2.732421140959641e-06
162,190,g10,area_1,psifd,Field (excitation) flux,Grid\G 10.ElmSym,6.441477619674166e-07,0.0,6.441477619674166e-07
163,190,g10,area_1,psifd,Field (excitation) flux,Grid\G 10.ElmSym,-1.8734521583980603e-05,-3.100054090031182e-05,3.6221759138569475e-05
164,190,g10,area_1,psifd,Field (excitation) flux,Grid\G 10.ElmSym,-1.8734521583980603e-05,3.100054090031182e-05,3.6221759138569475e-05
165,190,g10,area_1,psifd,Field (excitation) flux,Grid\G 10.ElmSym,-1.518670593814783e-08,0.0,1.518670593814783e-08
166,190,g10,area_1,psifd,Field (excitation) flux,Grid\G 10.ElmSym,-7.061460994788417e-07,0.0,7.061460994788417e-07
170,190,g10,area_1,psifd,Field (excitation) flux,Grid\G 10.ElmSym,2.01507348423732e-06,0.0,2.01507348423732e-06
171,190,g10,area_1,psifd,Field (excitation) flux,Grid\G 10.ElmSym,-2.3620364259118955e-08,-0.0,2.3620364259118955e-08
172,190,g10,area_1,psifd,Field (excitation) flux,Grid\G 10.ElmSym,6.254670760851013e-07,0.0,6.254670760851013e-07
173,190,g10,area_1,psifd,Field (excitation) flux,Grid\G 10.ElmSym,1.1485445624974177e-08,-0.0,1.1485445624974177e-08
174,190,g10,area_1,psifd,Field (excitation) flux,Grid\G 10.ElmSym,2.2859187156238344e-08,0.0,2.2859187156238344e-08
1,191,g10,area_1,psi1q,Flux in 1q-damper winding,Grid\G 10.ElmSym,4.179574901769027e-07,0.0,4.179574901769027e-07
5,191,g10,area_1,psi1q,Flux in 1q-damper winding,Grid\G 10.ElmSym,7.21669871262797e-11,-5.534363374303838e-10,5.581217193581005e-10
6,191,g10,area_1,psi1q,Flux in 1q-damper winding,Grid\G 10.ElmSym,7.21669871262797e-11,5.534363374303838e-10,5.581217193581005e-10
7,191,g10,area_1,psi1q,Flux in 1q-damper winding,Grid\G 10.ElmSym,3.1393936133694283e-12,-1.6973204798371514e-12,3.568849824654909e-12
8,191,g10,area_1,psi1q,Flux in 1q-damper winding,Grid\G 10.ElmSym,3.1393936133694283e-12,1.6973204798371514e-12,3.568849824654909e-12
9,191,g10,area_1,psi1q,Flux in 1q-damper winding,Grid\G 10.ElmSym,8.791048072449338e-10,-5.813060529545539e-09,5.879157931394718e-09
10,191,g10,area_1,psi1q,Flux in 1q-damper winding,Grid\G 10.ElmSym,8.791048072449338e-10,5.813060529545539e-09,5.879157931394718e-09
11,191,g10,area_1,psi1q,Flux in 1q-damper winding,Grid\G 10.ElmSym,7.434462464905462e-06,9.957879178964629e-06,1.2427010496694105e-05
12,191,g10,area_1,psi1q,Flux in 1q-damper winding,Grid\G 10.ElmSym,7.434462464905462e-06,-9.957879178964629e-06,1.2427010496694105e-05
13,191,g10,area_1,psi1q,Flux in 1q-damper winding,Grid\G 10.ElmSym,8.086685725382829e-08,0.0,8.086685725382829e-08
14,191,g10,area_1,psi1q,Flux in 1q-damper winding,Grid\G 10.ElmSym,0.006048724014194552,0.06806326889109636,0.06833151274735237
15,191,g10,area_1,psi1q,Flux in 1q-damper winding,Grid\G 10.ElmSym,0.006048724014194552,-0.06806326889109636,0.06833151274735237
19,191,g10,area_1,psi1q,Flux in 1q-damper winding,Grid\G 10.ElmSym,4.2076970411917816e-13,0.0,4.2076970411917816e-13
20,191,g10,area_1,psi1q,Flux in 1q-damper winding,Grid\G 10.ElmSym,-1.2589865597341198e-15,0.0,1.2589865597341198e-15
21,191,g10,area_1,psi1q,Flux in 1q-damper winding,Grid\G 10.ElmSym,1.672239220053443e-10,0.0,1.672239220053443e-10
22,191,g10,area_1,psi1q,Flux in 1q-damper winding,Grid\G 10.ElmSym,3.4787831060870517e-06,1.7945472134765663e-06,3.914374994886564e-06
23,191,g10,area_1,psi1q,Flux in 1q-damper winding,Grid\G 10.ElmSym,3.4787831060870517e-06,-1.7945472134765663e-06,3.914374994886564e-06
24,191,g10,area_1,psi1q,Flux in 1q-damper winding,Grid\G 10.ElmSym,0.00012000754017790262,0.00020003278620618303,0.00023327006935515632
25,191,g10,area_1,psi1q,Flux in 1q-damper winding,Grid\G 10.ElmSym,0.00012000754017790262,-0.00020003278620618303,0.00023327006935515632
26,191,g10,area_1,psi1q,Flux in 1q-damper winding,Grid\G 10.ElmSym,1.0369806599870846e-06,0.0,1.0369806599870846e-06
27,191,g10,area_1,psi1q,Flux in 1q-damper winding,Grid\G 10.ElmSym,3.616618768350269e-05,1.8764112787983975e-05,4.0744141422768077e-05
28,191,g10,area_1,psi1q,Flux in 1q-damper winding,Grid\G 10.ElmSym,3.616618768350269e-05,-1.8764112787983975e-05,4.0744141422768077e-05
29,191,g10,area_1,psi1q,Flux in 1q-damper winding,Grid\G 10.ElmSym,-2.223482940005868e-07,-2.0465879355421797e-09,2.2235771263248164e-07
30,191,g10,area_1,psi1q,Flux in 1q-damper winding,Grid\G 10.ElmSym,-2.223482940005868e-07,2.0465879355421797e-09,2.2235771263248164e-07
31,191,g10,area_1,psi1q,Flux in 1q-damper winding,Grid\G 10.ElmSym,-3.4042286639579585e-06,-9.322819136118405e-07,3.5295782131808247e-06
32,191,g10,area_1,psi1q,Flux in 1q-damper winding,Grid\G 10.ElmSym,-3.4042286639579585e-06,9.322819136118405e-07,3.5295782131808247e-06
33,191,g10,area_1,psi1q,Flux in 1q-damper winding,Grid\G 10.ElmSym,4.535057256869618e-09,-2.933521694372677e-08,2.9683694134298716e-08
34,191,g10,area_1,psi1q,Flux in 1q-damper winding,Grid\G 10.ElmSym,4.535057256869618e-09,2.933521694372677e-08,2.9683694134298716e-08
35,191,g10,area_1,psi1q,Flux in 1q-damper winding,Grid\G 10.ElmSym,0.00010167301571934241,-0.0016155721171087062,0.001618768256330897
36,191,g10,area_1,psi1q,Flux in 1q-damper winding,Grid\G 10.ElmSym,0.00010167301571934241,0.0016155721171087062,0.001618768256330897
37,191,g10,area_1,psi1q,Flux in 1q-damper winding,Grid\G 10.ElmSym,-1.1446296093748093e-06,0.00013720812462997124,0.00013721289896149113
38,191,g10,area_1,psi1q,Flux in 1q-damper winding,Grid\G 10.ElmSym,-1.1446296093748093e-06,-0.00013720812462997124,0.00013721289896149113
39,191,g10,area_1,psi1q,Flux in 1q-damper winding,Grid\G 10.ElmSym,0.00026555776557704743,0.0003630499631888412,0.0004498068503587879
40,191,g10,area_1,psi1q,Flux in 1q-damper winding,Grid\G 10.ElmSym,0.00026555776557704743,-0.0003630499631888412,0.0004498068503587879
41,191,g10,area_1,psi1q,Flux in 1q-damper winding,Grid\G 10.ElmSym,-0.0005887104555983787,-0.0010122282682434578,0.0011709765444115438
42,191,g10,area_1,psi1q,Flux in 1q-damper winding,Grid\G 10.ElmSym,-0.0005887104555983787,0.0010122282682434578,0.0011709765444115438
43,191,g10,area_1,psi1q,Flux in 1q-damper winding,Grid\G 10.ElmSym,-0.0011580009285328914,0.017661985896791115,0.017699907117522715
44,191,g10,area_1,psi1q,Flux in 1q-damper winding,Grid\G 10.ElmSym,-0.0011580009285328914,-0.017661985896791115,0.017699907117522715
45,191,g10,area_1,psi1q,Flux in 1q-damper winding,Grid\G 10.ElmSym,1.0424080238570183e-05,-0.00011099052873793337,0.0001114789617746154
46,191,g10,area_1,psi1q,Flux in 1q-damper winding,Grid\G 10.ElmSym,1.0424080238570183e-05,0.00011099052873793337,0.0001114789617746154
47,191,g10,area_1,psi1q,Flux in 1q-damper winding,Grid\G 10.ElmSym,3.088732339625762e-05,-3.76641654877665e-06,3.1116115442064773e-05
48,191,g10,area_1,psi1q,Flux in 1q-damper winding,Grid\G 10.ElmSym,3.088732339625762e-05,3.76641654877665e-06,3.1116115442064773e-05
49,191,g10,area_1,psi1q,Flux in 1q-damper winding,Grid\G 10.ElmSym,9.553929317752878e-06,-1.0025741630632558e-05,1.384893716690262e-05
50,191,g10,area_1,psi1q,Flux in 1q-damper winding,Grid\G 10.ElmSym,9.553929317752878e-06,1.0025741630632558e-05,1.384893716690262e-05
51,191,g10,area_1,psi1q,Flux in 1q-damper winding,Grid\G 10.ElmSym,2.3044615886661255e-07,0.0,2.3044615886661255e-07
57,191,g10,area_1,psi1q,Flux in 1q-damper winding,Grid\G 10.ElmSym,-6.8387732087639406e-06,0.0,6.8387732087639406e-06
58,191,g10,area_1,psi1q,Flux in 1q-damper winding,Grid\G 10.ElmSym,-1.845792186727674e-06,0.0,1.845792186727674e-06
59,191,g10,area_1,psi1q,Flux in 1q-damper winding,Grid\G 10.ElmSym,-4.5203631530637075e-08,0.0,4.5203631530637075e-08
60,191,g10,area_1,psi1q,Flux in 1q-damper winding,Grid\G 10.ElmSym,4.215328090517702e-07,9.179689097274408e-07,1.0101271347376342e-06
61,191,g10,area_1,psi1q,Flux in 1q-damper winding,Grid\G 10.ElmSym,4.215328090517702e-07,-9.179689097274408e-07,1.0101271347376342e-06
62,191,g10,area_1,psi1q,Flux in 1q-damper winding,Grid\G 10.ElmSym,-2.971473730427153e-07,0.0,2.971473730427153e-07
63,191,g10,area_1,psi1q,Flux in 1q-damper winding,Grid\G 10.ElmSym,-1.8526015434480793e-07,-0.0,1.8526015434480793e-07
64,191,g10,area_1,psi1q,Flux in 1q-damper winding,Grid\G 10.ElmSym,3.529165172508882e-06,0.0,3.529165172508882e-06
65,191,g10,area_1,psi1q,Flux in 1q-damper winding,Grid\G 10.ElmSym,3.724262260077643e-06,1.0890088729232712e-05,1.1509307620895358e-05
66,191,g10,area_1,psi1q,Flux in 1q-damper winding,Grid\G 10.ElmSym,3.724262260077643e-06,-1.0890088729232712e-05,1.1509307620895358e-05
67,191,g10,area_1,psi1q,Flux in 1q-damper winding,Grid\G 10.ElmSym,-0.00012805286106448293,-0.0,0.00012805286106448293
68,191,g10,area_1,psi1q,Flux in 1q-damper winding,Grid\G 10.ElmSym,-6.826212662536687e-07,1.1700924043365864e-07,6.925770393888493e-07
69,191,g10,area_1,psi1q,Flux in 1q-damper winding,Grid\G 10.ElmSym,-6.826212662536687e-07,-1.1700924043365864e-07,6.925770393888493e-07
70,191,g10,area_1,psi1q,Flux in 1q-damper winding,Grid\G 10.ElmSym,-1.0726503551387805e-07,-3.6509774754245714e-07,3.8052878091462316e-07
71,191,g10,area_1,psi1q,Flux in 1q-damper winding,Grid\G 10.ElmSym,-1.0726503551387805e-07,3.6509774754245714e-07,3.8052878091462316e-07
72,191,g10,area_1,psi1q,Flux in 1q-damper winding,Grid\G 10.ElmSym,-1.2064959273308093e-07,-1.9152440782116928e-07,2.263579532905965e-07
73,191,g10,area_1,psi1q,Flux in 1q-damper winding,Grid\G 10.ElmSym,-1.2064959273308093e-07,1.9152440782116928e-07,2.263579532905965e-07
74,191,g10,area_1,psi1q,Flux in 1q-damper winding,Grid\G 10.ElmSym,7.972517445900317e-06,0.0,7.972517445900317e-06
75,191,g10,area_1,psi1q,Flux in 1q-damper winding,Grid\G 10.ElmSym,-1.3402994005365107e-05,5.560048450520569e-06,1.4510492310048932e-05
76,191,g10,area_1,psi1q,Flux in 1q-damper winding,Grid\G 10.ElmSym,-1.3402994005365107e-05,-5.560048450520569e-06,1.4510492310048932e-05
77,191,g10,area_1,psi1q,Flux in 1q-damper winding,Grid\G 10.ElmSym,7.3985968206701875e-09,0.0,7.3985968206701875e-09
78,191,g10,area_1,psi1q,Flux in 1q-damper winding,Grid\G 10.ElmSym,-3.265057183388135e-10,0.0,3.265057183388135e-10
79,191,g10,area_1,psi1q,Flux in 1q-damper winding,Grid\G 10.ElmSym,-4.0894213853671456e-11,-0.0,4.0894213853671456e-11
91,191,g10,area_1,psi1q,Flux in 1q-damper winding,Grid\G 10.ElmSym,0.0021067759500332335,0.0,0.0021067759500332335
92,191,g10,area_1,psi1q,Flux in 1q-damper winding,Grid\G 10.ElmSym,0.00019264453476425182,0.0,0.00019264453476425182
93,191,g10,area_1,psi1q,Flux in 1q-damper winding,Grid\G 10.ElmSym,1.546723340462357e-05,0.0,1.546723340462357e-05
94,191,g10,area_1,psi1q,Flux in 1q-damper winding,Grid\G 10.ElmSym,0.0005495008937475932,0.0002488184042979321,0.0006032096074722061
95,191,g10,area_1,psi1q,Flux in 1q-damper winding,Grid\G 10.ElmSym,0.0005495008937475932,-0.0002488184042979321,0.0006032096074722061
96,191,g10,area_1,psi1q,Flux in 1q-damper winding,Grid\G 10.ElmSym,-2.2930667300769493e-07,0.0,2.2930667300769493e-07
97,191,g10,area_1,psi1q,Flux in 1q-damper winding,Grid\G 10.ElmSym,-4.011260399882615e-06,0.0,4.011260399882615e-06
98,191,g10,area_1,psi1q,Flux in 1q-damper winding,Grid\G 10.ElmSym,2.4864254574242743e-05,-0.0,2.4864254574242743e-05
99,191,g10,area_1,psi1q,Flux in 1q-damper winding,Grid\G 10.ElmSym,0.00013116197407773733,0.0,0.00013116197407773733
100,191,g10,area_1,psi1q,Flux in 1q-damper winding,Grid\G 10.ElmSym,0.0001815037715909905,0.0,0.0001815037715909905
101,191,g10,area_1,psi1q,Flux in 1q-damper winding,Grid\G 10.ElmSym,-0.006002297392134226,-0.0,0.006002297392134226
102,191,g10,area_1,psi1q,Flux in 1q-damper winding,Grid\G 10.ElmSym,8.467468793681513e-08,-1.4635504320844212e-07,1.690845984995144e-07
103,191,g10,area_1,psi1q,Flux in 1q-damper winding,Grid\G 10.ElmSym,8.467468793681513e-08,1.4635504320844212e-07,1.690845984995144e-07
104,191,g10,area_1,psi1q,Flux in 1q-damper winding,Grid\G 10.ElmSym,-3.4137886012583945e-07,8.893747921183503e-06,8.9002972765912e-06
105,191,g10,area_1,psi1q,Flux in 1q-damper winding,Grid\G 10.ElmSym,-3.4137886012583945e-07,-8.893747921183503e-06,8.9002972765912e-06
106,191,g10,area_1,psi1q,Flux in 1q-damper winding,Grid\G 10.ElmSym,-3.3233899412210574e-05,0.00011559050437168276,0.00012027325875289544
107,191,g10,area_1,psi1q,Flux in 1q-damper winding,Grid\G 10.ElmSym,-3.3233899412210574e-05,-0.00011559050437168276,0.00012027325875289544
108,191,g10,area_1,psi1q,Flux in 1q-damper winding,Grid\G 10.ElmSym,-7.370727474079905e-06,0.0,7.370727474079905e-06
112,191,g10,area_1,psi1q,Flux in 1q-damper winding,Grid\G 10.ElmSym,-1.3613943172897175e-07,0.0,1.3613943172897175e-07
113,191,g10,area_1,psi1q,Flux in 1q-damper winding,Grid\G 10.ElmSym,1.0962059679507864e-06,-0.0,1.0962059679507864e-06
114,191,g10,area_1,psi1q,Flux in 1q-damper winding,Grid\G 10.ElmSym,7.0502153641976536e-06,0.0,7.0502153641976536e-06
115,191,g10,area_1,psi1q,Flux in 1q-damper winding,Grid\G 10.ElmSym,-4.348950810074348e-07,0.0,4.348950810074348e-07
116,191,g10,area_1,psi1q,Flux in 1q-damper winding,Grid\G 10.ElmSym,-6.70186591865512e-09,-0.0,6.70186591865512e-09
117,191,g10,area_1,psi1q,Flux in 1q-damper winding,Grid\G 10.ElmSym,-1.4940288515142235e-06,-0.0,1.4940288515142235e-06
118,191,g10,area_1,psi1q,Flux in 1q-damper winding,Grid\G 10.ElmSym,2.9648815927389266e-05,-0.0,2.9648815927389266e-05
119,191,g10,area_1,psi1q,Flux in 1q-damper winding,Grid\G 10.ElmSym,-1.1815271132144768e-06,-0.0,1.1815271132144768e-06
120,191,g10,area_1,psi1q,Flux in 1q-damper winding,Grid\G 10.ElmSym,5.001844634341755e-05,0.0,5.001844634341755e-05
121,191,g10,area_1,psi1q,Flux in 1q-damper winding,Grid\G 10.ElmSym,-3.0020753626578018e-06,0.0,3.0020753626578018e-06
122,191,g10,area_1,psi1q,Flux in 1q-damper winding,Grid\G 10.ElmSym,-8.172052050561395e-06,0.0,8.172052050561395e-06
123,191,g10,area_1,psi1q,Flux in 1q-damper winding,Grid\G 10.ElmSym,2.265097920163973e-05,0.0,2.265097920163973e-05
124,191,g10,area_1,psi1q,Flux in 1q-damper winding,Grid\G 10.ElmSym,8.013026217483638e-06,0.0,8.013026217483638e-06
125,191,g10,area_1,psi1q,Flux in 1q-damper winding,Grid\G 10.ElmSym,-1.1833319645447896e-06,0.0,1.1833319645447896e-06
126,191,g10,area_1,psi1q,Flux in 1q-damper winding,Grid\G 10.ElmSym,3.901519568460409e-05,-0.0,3.901519568460409e-05
127,191,g10,area_1,psi1q,Flux in 1q-damper winding,Grid\G 10.ElmSym,-9.361369127430364e-06,-0.0,9.361369127430364e-06
128,191,g10,area_1,psi1q,Flux in 1q-damper winding,Grid\G 10.ElmSym,-0.0009283351355592964,0.0,0.0009283351355592964
129,191,g10,area_1,psi1q,Flux in 1q-damper winding,Grid\G 10.ElmSym,-6.304505355540813e-05,0.0,6.304505355540813e-05
130,191,g10,area_1,psi1q,Flux in 1q-damper winding,Grid\G 10.ElmSym,-2.3012462145841438e-05,-0.0,2.3012462145841438e-05
131,191,g10,area_1,psi1q,Flux in 1q-damper winding,Grid\G 10.ElmSym,0.0014464935324866042,0.0,0.0014464935324866042
132,191,g10,area_1,psi1q,Flux in 1q-damper winding,Grid\G 10.ElmSym,-0.006191225350097661,0.04667135496985277,0.04708021501711407
133,191,g10,area_1,psi1q,Flux in 1q-damper winding,Grid\G 10.ElmSym,-0.006191225350097661,-0.04667135496985277,0.04708021501711407
134,191,g10,area_1,psi1q,Flux in 1q-damper winding,Grid\G 10.ElmSym,0.0002981894505455796,0.0,0.0002981894505455796
135,191,g10,area_1,psi1q,Flux in 1q-damper winding,Grid\G 10.ElmSym,1.2603159402352662e-05,0.0,1.2603159402352662e-05
136,191,g10,area_1,psi1q,Flux in 1q-damper winding,Grid\G 10.ElmSym,8.912726073112958e-07,0.0,8.912726073112958e-07
140,191,g10,area_1,psi1q,Flux in 1q-damper winding,Grid\G 10.ElmSym,0.0006899429253972494,0.0,0.0006899429253972494
141,191,g10,area_1,psi1q,Flux in 1q-damper winding,Grid\G 10.ElmSym,0.0006683695772436842,-0.0,0.0006683695772436842
142,191,g10,area_1,psi1q,Flux in 1q-damper winding,Grid\G 10.ElmSym,2.6361526174226908e-05,0.0,2.6361526174226908e-05
143,191,g10,area_1,psi1q,Flux in 1q-damper winding,Grid\G 10.ElmSym,-0.000283717813687163,0.0,0.000283717813687163
144,191,g10,area_1,psi1q,Flux in 1q-damper winding,Grid\G 10.ElmSym,0.0012717287019019146,0.0,0.0012717287019019146
145,191,g10,area_1,psi1q,Flux in 1q-damper winding,Grid\G 10.ElmSym,-0.0001033990182370644,-0.0,0.0001033990182370644
146,191,g10,area_1,psi1q,Flux in 1q-damper winding,Grid\G 10.ElmSym,-0.014885700610953548,0.003740854662333271,0.015348552905197396
147,191,g10,area_1,psi1q,Flux in 1q-damper winding,Grid\G 10.ElmSym,-0.014885700610953548,-0.003740854662333271,0.015348552905197396
148,191,g10,area_1,psi1q,Flux in 1q-damper winding,Grid\G 10.ElmSym,0.0026747726678647008,-0.013398805521365983,0.013663176725203535
149,191,g10,area_1,psi1q,Flux in 1q-damper winding,Grid\G 10.ElmSym,0.0026747726678647008,0.013398805521365983,0.013663176725203535
150,191,g10,area_1,psi1q,Flux in 1q-damper winding,Grid\G 10.ElmSym,-0.0032788726013812225,-0.0,0.0032788726013812225
151,191,g10,area_1,psi1q,Flux in 1q-damper winding,Grid\G 10.ElmSym,0.10993387806139927,0.0,0.10993387806139927
152,191,g10,area_1,psi1q,Flux in 1q-damper winding,Grid\G 10.ElmSym,-0.004126523088256116,0.0,0.004126523088256116
153,191,g10,area_1,psi1q,Flux in 1q-damper winding,Grid\G 10.ElmSym,0.00028601962165152663,-0.002364861628766852,0.0023820952430966087
154,191,g10,area_1,psi1q,Flux in 1q-damper winding,Grid\G 10.ElmSym,0.00028601962165152663,0.002364861628766852,0.0023820952430966087
155,191,g10,area_1,psi1q,Flux in 1q-damper winding,Grid\G 10.ElmSym,-0.018572817501031274,-0.0,0.018572817501031274
156,191,g10,area_1,psi1q,Flux in 1q-damper winding,Grid\G 10.ElmSym,-5.1028481936249724e-05,0.0,5.1028481936249724e-05
157,191,g10,area_1,psi1q,Flux in 1q-damper winding,Grid\G 10.ElmSym,-0.2653600860218241,-0.0,0.2653600860218241
158,191,g10,area_1,psi1q,Flux in 1q-damper winding,Grid\G 10.ElmSym,0.9999999999999999,0.0,0.9999999999999999
159,191,g10,area_1,psi1q,Flux in 1q-damper winding,Grid\G 10.ElmSym,1.3270200923579178e-05,-3.1189299810035e-05,3.389499454480574e-05
160,191,g10,area_1,psi1q,Flux in 1q-damper winding,Grid\G 10.ElmSym,1.3270200923579178e-05,3.1189299810035e-05,3.389499454480574e-05
161,191,g10,area_1,psi1q,Flux in 1q-damper winding,Grid\G 10.ElmSym,5.961417379812806e-05,0.0,5.961417379812806e-05
162,191,g10,area_1,psi1q,Flux in 1q-damper winding,Grid\G 10.ElmSym,6.6658133674327505e-06,0.0,6.6658133674327505e-06
163,191,g10,area_1,psi1q,Flux in 1q-damper winding,Grid\G 10.ElmSym,-0.0040377262678881545,-0.0103256157170795,0.01108700019622951
164,191,g10,area_1,psi1q,Flux in 1q-damper winding,Grid\G 10.ElmSym,-0.0040377262678881545,0.0103256157170795,0.01108700019622951
165,191,g10,area_1,psi1q,Flux in 1q-damper winding,Grid\G 10.ElmSym,-9.45083030570802e-06,0.0,9.45083030570802e-06
166,191,g10,area_1,psi1q,Flux in 1q-damper winding,Grid\G 10.ElmSym,-0.00017441191666687565,0.0,0.00017441191666687565
170,191,g10,area_1,psi1q,Flux in 1q-damper winding,Grid\G 10.ElmSym,0.000616800000970744,0.0,0.000616800000970744
171,191,g10,area_1,psi1q,Flux in 1q-damper winding,Grid\G 10.ElmSym,0.002336071977341947,0.0,0.002336071977341947
172,191,g10,area_1,psi1q,Flux in 1q-damper winding,Grid\G 10.ElmSym,0.00034563062759830724,0.0,0.00034563062759830724
173,191,g10,area_1,psi1q,Flux in 1q-damper winding,Grid\G 10.ElmSym,1.179896506416752e-05,0.0,1.179896506416752e-05
174,191,g10,area_1,psi1q,Flux in 1q-damper winding,Grid\G 10.ElmSym,1.5152838501153673e-05,0.0,1.5152838501153673e-05
1,192,g10,area_1,speed,Speed,Grid\G 10.ElmSym,-0.005592537985428348,-0.0,0.005592537985428348
5,192,g10,area_1,speed,Speed,Grid\G 10.ElmSym,-5.01396594196698e-07,-1.0384797360441152e-05,1.039689447681843e-05
6,192,g10,area_1,speed,Speed,Grid\G 10.ElmSym,-5.01396594196698e-07,1.0384797360441152e-05,1.039689447681843e-05
7,192,g10,area_1,speed,Speed,Grid\G 10.ElmSym,6.821785366636325e-09,-1.510235528401072e-07,1.511775455153215e-07
8,192,g10,area_1,speed,Speed,Grid\G 10.ElmSym,6.821785366636325e-09,1.510235528401072e-07,1.511775455153215e-07
9,192,g10,area_1,speed,Speed,Grid\G 10.ElmSym,3.345569404950764e-05,-0.00012742098997727406,0.00013173986545887632
10,192,g10,area_1,speed,Speed,Grid\G 10.ElmSym,3.345569404950764e-05,0.00012742098997727406,0.00013173986545887632
11,192,g10,area_1,speed,Speed,Grid\G 10.ElmSym,-0.0006346145273676255,0.0001982316274154289,0.0006648544024474863
12,192,g10,area_1,speed,Speed,Grid\G 10.ElmSym,-0.0006346145273676255,-0.0001982316274154289,0.0006648544024474863
13,192,g10,area_1,speed,Speed,Grid\G 10.ElmSym,0.04235805248860777,0.0,0.04235805248860777
14,192,g10,area_1,speed,Speed,Grid\G 10.ElmSym,-0.772803760970519,0.043262674644288575,0.7740137673113809
15,192,g10,area_1,speed,Speed,Grid\G 10.ElmSym,-0.772803760970519,-0.043262674644288575,0.7740137673113809
19,192,g10,area_1,speed,Speed,Grid\G 10.ElmSym,-4.5455505152575036e-10,-0.0,4.5455505152575036e-10
20,192,g10,area_1,speed,Speed,Grid\G 10.ElmSym,-1.5084552573289965e-11,0.0,1.5084552573289965e-11
21,192,g10,area_1,speed,Speed,Grid\G 10.ElmSym,-0.002020619973627061,-0.0,0.002020619973627061
22,192,g10,area_1,speed,Speed,Grid\G 10.ElmSym,-0.0007223439506230427,0.0018372917914226856,0.0019741889245537994
23,192,g10,area_1,speed,Speed,Grid\G 10.ElmSym,-0.0007223439506230427,-0.0018372917914226856,0.0019741889245537994
24,192,g10,area_1,speed,Speed,Grid\G 10.ElmSym,-0.0017161427609298317,-0.0006911263840645171,0.001850081526485241
25,192,g10,area_1,speed,Speed,Grid\G 10.ElmSym,-0.0017161427609298317,0.0006911263840645171,0.001850081526485241
26,192,g10,area_1,speed,Speed,Grid\G 10.ElmSym,0.11201736821204357,0.0,0.11201736821204357
27,192,g10,area_1,speed,Speed,Grid\G 10.ElmSym,-0.0007163606043020089,0.003455258324005806,0.003528736686267105
28,192,g10,area_1,speed,Speed,Grid\G 10.ElmSym,-0.0007163606043020089,-0.003455258324005806,0.003528736686267105
29,192,g10,area_1,speed,Speed,Grid\G 10.ElmSym,-1.1700930764885575e-07,-9.993489168205783e-07,1.006175648496289e-06
30,192,g10,area_1,speed,Speed,Grid\G 10.ElmSym,-1.1700930764885575e-07,9.993489168205783e-07,1.006175648496289e-06
31,192,g10,area_1,speed,Speed,Grid\G 10.ElmSym,2.411478046866356e-06,-1.6192452298417984e-05,1.6371033498440478e-05
32,192,g10,area_1,speed,Speed,Grid\G 10.ElmSym,2.411478046866356e-06,1.6192452298417984e-05,1.6371033498440478e-05
33,192,g10,area_1,speed,Speed,Grid\G 10.ElmSym,1.3276609293666891e-07,1.0567014281467954e-08,1.3318594980136965e-07
34,192,g10,area_1,speed,Speed,Grid\G 10.ElmSym,1.3276609293666891e-07,-1.0567014281467954e-08,1.3318594980136965e-07
35,192,g10,area_1,speed,Speed,Grid\G 10.ElmSym,0.018103558164132293,0.0022372335068137844,0.01824127276168336
36,192,g10,area_1,speed,Speed,Grid\G 10.ElmSym,0.018103558164132293,-0.0022372335068137844,0.01824127276168336
37,192,g10,area_1,speed,Speed,Grid\G 10.ElmSym,-0.0020577656109859437,-0.0004831554388880381,0.002113726209300402
38,192,g10,area_1,speed,Speed,Grid\G 10.ElmSym,-0.0020577656109859437,0.0004831554388880381,0.002113726209300402
39,192,g10,area_1,speed,Speed,Grid\G 10.ElmSym,-0.050980272359175356,-0.013539599405668812,0.05274759636117731
40,192,g10,area_1,speed,Speed,Grid\G 10.ElmSym,-0.050980272359175356,0.013539599405668812,0.05274759636117731
41,192,g10,area_1,speed,Speed,Grid\G 10.ElmSym,0.005716182792365491,-0.0027550915590980806,0.0063454925115982
42,192,g10,area_1,speed,Speed,Grid\G 10.ElmSym,0.005716182792365491,0.0027550915590980806,0.0063454925115982
43,192,g10,area_1,speed,Speed,Grid\G 10.ElmSym,-0.09475966147421044,-0.013666415035894596,0.095740087438023
44,192,g10,area_1,speed,Speed,Grid\G 10.ElmSym,-0.09475966147421044,0.013666415035894596,0.095740087438023
45,192,g10,area_1,speed,Speed,Grid\G 10.ElmSym,0.0008353496750773944,0.0013587323157617484,0.0015949804342208064
46,192,g10,area_1,speed,Speed,Grid\G 10.ElmSym,0.0008353496750773944,-0.0013587323157617484,0.0015949804342208064
47,192,g10,area_1,speed,Speed,Grid\G 10.ElmSym,0.07095904680881387,-0.013672070396681276,0.07226418084325904
48,192,g10,area_1,speed,Speed,Grid\G 10.ElmSym,0.07095904680881387,0.013672070396681276,0.07226418084325904
49,192,g10,area_1,speed,Speed,Grid\G 10.ElmSym,0.0013901505940985646,0.0008353962730126991,0.0016218525232696405
50,192,g10,area_1,speed,Speed,Grid\G 10.ElmSym,0.0013901505940985646,-0.0008353962730126991,0.0016218525232696405
51,192,g10,area_1,speed,Speed,Grid\G 10.ElmSym,0.00016362121959163787,0.0,0.00016362121959163787
52,192,g10,area_1,speed,Speed,Grid\G 10.ElmSym,-4.208216829670037e-15,-0.0,4.208216829670037e-15
53,192,g10,area_1,speed,Speed,Grid\G 10.ElmSym,7.152441009698565e-14,-0.0,7.152441009698565e-14
54,192,g10,area_1,speed,Speed,Grid\G 10.ElmSym,-2.4097706763742904e-14,-0.0,2.4097706763742904e-14
55,192,g10,area_1,speed,Speed,Grid\G 10.ElmSym,7.397011649004942e-16,0.0,7.397011649004942e-16
56,192,g10,area_1,speed,Speed,Grid\G 10.ElmSym,-5.781187425311053e-15,-0.0,5.781187425311053e-15
57,192,g10,area_1,speed,Speed,Grid\G 10.ElmSym,-0.0017337830441136232,0.0,0.0017337830441136232
58,192,g10,area_1,speed,Speed,Grid\G 10.ElmSym,-0.00020560417115472737,0.0,0.00020560417115472737
59,192,g10,area_1,speed,Speed,Grid\G 10.ElmSym,-4.634399608102392e-07,0.0,4.634399608102392e-07
60,192,g10,area_1,speed,Speed,Grid\G 10.ElmSym,5.3542917615565574e-05,2.7662442385901105e-06,5.361432769302227e-05
61,192,g10,area_1,speed,Speed,Grid\G 10.ElmSym,5.3542917615565574e-05,-2.7662442385901105e-06,5.361432769302227e-05
62,192,g10,area_1,speed,Speed,Grid\G 10.ElmSym,-4.490349119756625e-05,0.0,4.490349119756625e-05
63,192,g10,area_1,speed,Speed,Grid\G 10.ElmSym,1.4453897412795234e-05,0.0,1.4453897412795234e-05
64,192,g10,area_1,speed,Speed,Grid\G 10.ElmSym,-3.6877439006672736e-05,-0.0,3.6877439006672736e-05
65,192,g10,area_1,speed,Speed,Grid\G 10.ElmSym,-0.00012178952777571703,0.00024040852206610127,0.0002694975817291117
66,192,g10,area_1,speed,Speed,Grid\G 10.ElmSym,-0.00012178952777571703,-0.00024040852206610127,0.0002694975817291117
67,192,g10,area_1,speed,Speed,Grid\G 10.ElmSym,0.0005001307570275755,0.0,0.0005001307570275755
68,192,g10,area_1,speed,Speed,Grid\G 10.ElmSym,1.2857660669410222e-05,5.0061007643016615e-06,1.3797843409462226e-05
69,192,g10,area_1,speed,Speed,Grid\G 10.ElmSym,1.2857660669410222e-05,-5.0061007643016615e-06,1.3797843409462226e-05
70,192,g10,area_1,speed,Speed,Grid\G 10.ElmSym,2.6786515295290074e-05,2.3308205762349834e-05,3.5507602812987065e-05
71,192,g10,area_1,speed,Speed,Grid\G 10.ElmSym,2.6786515295290074e-05,-2.3308205762349834e-05,3.5507602812987065e-05
72,192,g10,area_1,speed,Speed,Grid\G 10.ElmSym,5.9929622520937016e-05,5.922026023457409e-05,8.4253183190623e-05
73,192,g10,area_1,speed,Speed,Grid\G 10.ElmSym,5.9929622520937016e-05,-5.922026023457409e-05,8.4253183190623e-05
74,192,g10,area_1,speed,Speed,Grid\G 10.ElmSym,-0.0004243805368088951,0.0,0.0004243805368088951
75,192,g10,area_1,speed,Speed,Grid\G 10.ElmSym,0.0035819227783045757,0.009260028094356002,0.00992866008573159
76,192,g10,area_1,speed,Speed,Grid\G 10.ElmSym,0.0035819227783045757,-0.009260028094356002,0.00992866008573159
77,192,g10,area_1,speed,Speed,Grid\G 10.ElmSym,4.118764872665714e-06,0.0,4.118764872665714e-06
78,192,g10,area_1,speed,Speed,Grid\G 10.ElmSym,1.0789593414459675e-06,-0.0,1.0789593414459675e-06
79,192,g10,area_1,speed,Speed,Grid\G 10.ElmSym,4.6139495374621135e-08,0.0,4.6139495374621135e-08
81,192,g10,area_1,speed,Speed,Grid\G 10.ElmSym,8.907315498991409e-15,0.0,8.907315498991409e-15
85,192,g10,area_1,speed,Speed,Grid\G 10.ElmSym,2.7707413542639996e-16,0.0,2.7707413542639996e-16
89,192,g10,area_1,speed,Speed,Grid\G 10.ElmSym,-1.4881591105283932e-16,-0.0,1.4881591105283932e-16
90,192,g10,area_1,speed,Speed,Grid\G 10.ElmSym,-2.696170528256851e-16,0.0,2.696170528256851e-16
91,192,g10,area_1,speed,Speed,Grid\G 10.ElmSym,-0.020221051803675026,-0.0,0.020221051803675026
92,192,g10,area_1,speed,Speed,Grid\G 10.ElmSym,-0.00018352738773542336,-0.0,0.00018352738773542336
93,192,g10,area_1,speed,Speed,Grid\G 10.ElmSym,-5.571434073288565e-06,0.0,5.571434073288565e-06
94,192,g10,area_1,speed,Speed,Grid\G 10.ElmSym,-0.0006652889691203384,-0.0003299853193029866,0.0007426302736817942
95,192,g10,area_1,speed,Speed,Grid\G 10.ElmSym,-0.0006652889691203384,0.0003299853193029866,0.0007426302736817942
96,192,g10,area_1,speed,Speed,Grid\G 10.ElmSym,3.032345500736884e-07,0.0,3.032345500736884e-07
97,192,g10,area_1,speed,Speed,Grid\G 10.ElmSym,5.873046568866815e-06,-0.0,5.873046568866815e-06
98,192,g10,area_1,speed,Speed,Grid\G 10.ElmSym,-2.694189663157777e-05,0.0,2.694189663157777e-05
99,192,g10,area_1,speed,Speed,Grid\G 10.ElmSym,-0.00017103991174704218,0.0,0.00017103991174704218
100,192,g10,area_1,speed,Speed,Grid\G 10.ElmSym,-0.00010433586693751144,0.0,0.00010433586693751144
101,192,g10,area_1,speed,Speed,Grid\G 10.ElmSym,0.0594439194440271,0.0,0.0594439194440271
102,192,g10,area_1,speed,Speed,Grid\G 10.ElmSym,-2.4912930220317632e-05,9.301655554240154e-06,2.65927600713454e-05
103,192,g10,area_1,speed,Speed,Grid\G 10.ElmSym,-2.4912930220317632e-05,-9.301655554240154e-06,2.65927600713454e-05
104,192,g10,area_1,speed,Speed,Grid\G 10.ElmSym,0.00025343272750727057,-0.0004796464456706081,0.0005424839723127514
105,192,g10,area_1,speed,Speed,Grid\G 10.ElmSym,0.00025343272750727057,0.0004796464456706081,0.0005424839723127514
106,192,g10,area_1,speed,Speed,Grid\G 10.ElmSym,0.0028413968137238244,-0.0036622151025219145,0.004635229801226634
107,192,g10,area_1,speed,Speed,Grid\G 10.ElmSym,0.0028413968137238244,0.0036622151025219145,0.004635229801226634
108,192,g10,area_1,speed,Speed,Grid\G 10.ElmSym,5.285581027386062e-05,0.0,5.285581027386062e-05
112,192,g10,area_1,speed,Speed,Grid\G 10.ElmSym,5.86375871089611e-07,0.0,5.86375871089611e-07
113,192,g10,area_1,speed,Speed,Grid\G 10.ElmSym,-3.3168271578351786e-06,0.0,3.3168271578351786e-06
114,192,g10,area_1,speed,Speed,Grid\G 10.ElmSym,-3.833213213240837e-06,-0.0,3.833213213240837e-06
115,192,g10,area_1,speed,Speed,Grid\G 10.ElmSym,3.035402288139029e-06,0.0,3.035402288139029e-06
116,192,g10,area_1,speed,Speed,Grid\G 10.ElmSym,3.857166997708897e-08,0.0,3.857166997708897e-08
117,192,g10,area_1,speed,Speed,Grid\G 10.ElmSym,7.1669408875510285e-06,0.0,7.1669408875510285e-06
118,192,g10,area_1,speed,Speed,Grid\G 10.ElmSym,2.4821244578213258e-05,0.0,2.4821244578213258e-05
119,192,g10,area_1,speed,Speed,Grid\G 10.ElmSym,5.141753775576638e-06,0.0,5.141753775576638e-06
120,192,g10,area_1,speed,Speed,Grid\G 10.ElmSym,-0.00018653444079028616,-0.0,0.00018653444079028616
121,192,g10,area_1,speed,Speed,Grid\G 10.ElmSym,8.839496593720566e-05,-0.0,8.839496593720566e-05
122,192,g10,area_1,speed,Speed,Grid\G 10.ElmSym,2.0422884202125484e-05,0.0,2.0422884202125484e-05
123,192,g10,area_1,speed,Speed,Grid\G 10.ElmSym,-0.00010187879501060736,-0.0,0.00010187879501060736
124,192,g10,area_1,speed,Speed,Grid\G 10.ElmSym,-2.5539808646703354e-05,-0.0,2.5539808646703354e-05
125,192,g10,area_1,speed,Speed,Grid\G 10.ElmSym,2.68388616529291e-05,0.0,2.68388616529291e-05
126,192,g10,area_1,speed,Speed,Grid\G 10.ElmSym,-0.00018205363907542515,0.0,0.00018205363907542515
127,192,g10,area_1,speed,Speed,Grid\G 10.ElmSym,0.0001213067373470388,0.0,0.0001213067373470388
128,192,g10,area_1,speed,Speed,Grid\G 10.ElmSym,0.002269272819352171,0.0,0.002269272819352171
129,192,g10,area_1,speed,Speed,Grid\G 10.ElmSym,9.429138391144743e-05,0.0,9.429138391144743e-05
130,192,g10,area_1,speed,Speed,Grid\G 10.ElmSym,0.00015946995994974066,0.0,0.00015946995994974066
131,192,g10,area_1,speed,Speed,Grid\G 10.ElmSym,-0.018645442338415915,0.0,0.018645442338415915
132,192,g10,area_1,speed,Speed,Grid\G 10.ElmSym,-0.00524305520803549,-0.0005977767497110569,0.005277022357068727
133,192,g10,area_1,speed,Speed,Grid\G 10.ElmSym,-0.00524305520803549,0.0005977767497110569,0.005277022357068727
134,192,g10,area_1,speed,Speed,Grid\G 10.ElmSym,-1.8238513790226463e-05,-0.0,1.8238513790226463e-05
135,192,g10,area_1,speed,Speed,Grid\G 10.ElmSym,-5.102464130316962e-07,-0.0,5.102464130316962e-07
136,192,g10,area_1,speed,Speed,Grid\G 10.ElmSym,-2.147899245596367e-08,0.0,2.147899245596367e-08
140,192,g10,area_1,speed,Speed,Grid\G 10.ElmSym,-2.8034749393596504e-05,-0.0,2.8034749393596504e-05
141,192,g10,area_1,speed,Speed,Grid\G 10.ElmSym,2.9536189376727635e-06,0.0,2.9536189376727635e-06
142,192,g10,area_1,speed,Speed,Grid\G 10.ElmSym,-0.00021456766447066733,-0.0,0.00021456766447066733
143,192,g10,area_1,speed,Speed,Grid\G 10.ElmSym,-0.0003215427105335754,0.0,0.0003215427105335754
144,192,g10,area_1,speed,Speed,Grid\G 10.ElmSym,-0.0002273909020237604,0.0,0.0002273909020237604
145,192,g10,area_1,speed,Speed,Grid\G 10.ElmSym,-3.9528974855668885e-05,-0.0,3.9528974855668885e-05
146,192,g10,area_1,speed,Speed,Grid\G 10.ElmSym,-3.6131093189612082e-06,-7.4464551081552425e-06,8.276729585321465e-06
147,192,g10,area_1,speed,Speed,Grid\G 10.ElmSym,-3.6131093189612082e-06,7.4464551081552425e-06,8.276729585321465e-06
148,192,g10,area_1,speed,Speed,Grid\G 10.ElmSym,0.00015193455503627513,0.00043580494380318283,0.0004615301269227896
149,192,g10,area_1,speed,Speed,Grid\G 10.ElmSym,0.00015193455503627513,-0.00043580494380318283,0.0004615301269227896
150,192,g10,area_1,speed,Speed,Grid\G 10.ElmSym,-6.95344011268515e-05,-0.0,6.95344011268515e-05
151,192,g10,area_1,speed,Speed,Grid\G 10.ElmSym,-0.0010321970526243288,-0.0,0.0010321970526243288
152,192,g10,area_1,speed,Speed,Grid\G 10.ElmSym,4.684717566529808e-05,0.0,4.684717566529808e-05
153,192,g10,area_1,speed,Speed,Grid\G 10.ElmSym,1.5930229959455027e-05,5.670623162898865e-05,5.890134915366227e-05
154,192,g10,area_1,speed,Speed,Grid\G 10.ElmSym,1.5930229959455027e-05,-5.670623162898865e-05,5.890134915366227e-05
155,192,g10,area_1,speed,Speed,Grid\G 10.ElmSym,0.00022236841532368635,0.0,0.00022236841532368635
156,192,g10,area_1,speed,Speed,Grid\G 10.ElmSym,6.261770752528638e-07,0.0,6.261770752528638e-07
157,192,g10,area_1,speed,Speed,Grid\G 10.ElmSym,0.003217994804168164,0.0,0.003217994804168164
158,192,g10,area_1,speed,Speed,Grid\G 10.ElmSym,-0.012218250157151582,-0.0,0.012218250157151582
159,192,g10,area_1,speed,Speed,Grid\G 10.ElmSym,-2.294596392156114e-07,4.7029843101523145e-07,5.232899198764935e-07
160,192,g10,area_1,speed,Speed,Grid\G 10.ElmSym,-2.294596392156114e-07,-4.7029843101523145e-07,5.232899198764935e-07
161,192,g10,area_1,speed,Speed,Grid\G 10.ElmSym,7.298130421070846e-07,0.0,7.298130421070846e-07
162,192,g10,area_1,speed,Speed,Grid\G 10.ElmSym,6.16371345921708e-07,0.0,6.16371345921708e-07
163,192,g10,area_1,speed,Speed,Grid\G 10.ElmSym,0.0002527616378284934,0.00010345329879776037,0.000273113585509548
164,192,g10,area_1,speed,Speed,Grid\G 10.ElmSym,0.0002527616378284934,-0.00010345329879776037,0.000273113585509548
165,192,g10,area_1,speed,Speed,Grid\G 10.ElmSym,1.7762690198913635e-07,-0.0,1.7762690198913635e-07
166,192,g10,area_1,speed,Speed,Grid\G 10.ElmSym,3.1239370001020372e-06,0.0,3.1239370001020372e-06
170,192,g10,area_1,speed,Speed,Grid\G 10.ElmSym,-4.283480082501909e-06,-0.0,4.283480082501909e-06
171,192,g10,area_1,speed,Speed,Grid\G 10.ElmSym,-4.8034625717201246e-05,-0.0,4.8034625717201246e-05
172,192,g10,area_1,speed,Speed,Grid\G 10.ElmSym,-2.9219829648905338e-06,-0.0,2.9219829648905338e-06
173,192,g10,area_1,speed,Speed,Grid\G 10.ElmSym,-2.522635197172656e-07,0.0,2.522635197172656e-07
174,192,g10,area_1,speed,Speed,Grid\G 10.ElmSym,-4.653378029970572e-08,0.0,4.653378029970572e-08
1,193,g10,area_1,phi,Rotor position d-axis referred to the reference bus voltage,Grid\G 10.ElmSym,0.0005912197460909107,0.0,0.0005912197460909107
5,193,g10,area_1,phi,Rotor position d-axis referred to the reference bus voltage,Grid\G 10.ElmSym,1.710561178194164e-08,6.48995602195769e-09,1.8295395147452967e-08
6,193,g10,area_1,phi,Rotor position d-axis referred to the reference bus voltage,Grid\G 10.ElmSym,1.710561178194164e-08,-6.48995602195769e-09,1.8295395147452967e-08
7,193,g10,area_1,phi,Rotor position d-axis referred to the reference bus voltage,Grid\G 10.ElmSym,2.768708761871118e-10,1.3136900504905607e-10,3.064560287679097e-10
8,193,g10,area_1,phi,Rotor position d-axis referred to the reference bus voltage,Grid\G 10.ElmSym,2.768708761871118e-10,-1.3136900504905607e-10,3.064560287679097e-10
9,193,g10,area_1,phi,Rotor position d-axis referred to the reference bus voltage,Grid\G 10.ElmSym,2.4351221029150396e-07,1.998611103731251e-07,3.150280304998781e-07
10,193,g10,area_1,phi,Rotor position d-axis referred to the reference bus voltage,Grid\G 10.ElmSym,2.4351221029150396e-07,-1.998611103731251e-07,3.150280304998781e-07
11,193,g10,area_1,phi,Rotor position d-axis referred to the reference bus voltage,Grid\G 10.ElmSym,1.1391918305518051e-05,9.71713787254329e-06,1.4973261872872337e-05
12,193,g10,area_1,phi,Rotor position d-axis referred to the reference bus voltage,Grid\G 10.ElmSym,1.1391918305518051e-05,-9.71713787254329e-06,1.4973261872872337e-05
13,193,g10,area_1,phi,Rotor position d-axis referred to the reference bus voltage,Grid\G 10.ElmSym,8.079024984247905e-06,0.0,8.079024984247905e-06
14,193,g10,area_1,phi,Rotor position d-axis referred to the reference bus voltage,Grid\G 10.ElmSym,1.0,0.0,1.0
15,193,g10,area_1,phi,Rotor position d-axis referred to the reference bus voltage,Grid\G 10.ElmSym,1.0,0.0,1.0
19,193,g10,area_1,phi,Rotor position d-axis referred to the reference bus voltage,Grid\G 10.ElmSym,8.548404242277941e-11,0.0,8.548404242277941e-11
20,193,g10,area_1,phi,Rotor position d-axis referred to the reference bus voltage,Grid\G 10.ElmSym,6.724952358669518e-13,0.0,6.724952358669518e-13
21,193,g10,area_1,phi,Rotor position d-axis referred to the reference bus voltage,Grid\G 10.ElmSym,2.6253940458268585e-07,0.0,2.6253940458268585e-07
22,193,g10,area_1,phi,Rotor position d-axis referred to the reference bus voltage,Grid\G 10.ElmSym,5.596633762528502e-05,4.568889858289941e-05,7.224753560437796e-05
23,193,g10,area_1,phi,Rotor position d-axis referred to the reference bus voltage,Grid\G 10.ElmSym,5.596633762528502e-05,-4.568889858289941e-05,7.224753560437796e-05
24,193,g10,area_1,phi,Rotor position d-axis referred to the reference bus voltage,Grid\G 10.ElmSym,-0.001032112872939114,0.00023235017527803062,0.0010579430922494665
25,193,g10,area_1,phi,Rotor position d-axis referred to the reference bus voltage,Grid\G 10.ElmSym,-0.001032112872939114,-0.00023235017527803062,0.0010579430922494665
26,193,g10,area_1,phi,Rotor position d-axis referred to the reference bus voltage,Grid\G 10.ElmSym,-2.3791130658244555e-05,0.0,2.3791130658244555e-05
27,193,g10,area_1,phi,Rotor position d-axis referred to the reference bus voltage,Grid\G 10.ElmSym,-0.0013533447820181753,-0.00035993387261599346,0.001400390835328541
28,193,g10,area_1,phi,Rotor position d-axis referred to the reference bus voltage,Grid\G 10.ElmSym,-0.0013533447820181753,0.00035993387261599346,0.001400390835328541
29,193,g10,area_1,phi,Rotor position d-axis referred to the reference bus voltage,Grid\G 10.ElmSym,3.783486185659146e-06,-4.7312364052162724e-06,6.058000135285356e-06
30,193,g10,area_1,phi,Rotor position d-axis referred to the reference bus voltage,Grid\G 10.ElmSym,3.783486185659146e-06,4.7312364052162724e-06,6.058000135285356e-06
31,193,g10,area_1,phi,Rotor position d-axis referred to the reference bus voltage,Grid\G 10.ElmSym,1.3863450510945636e-05,-1.8847118627428055e-05,2.3396776287039724e-05
32,193,g10,area_1,phi,Rotor position d-axis referred to the reference bus voltage,Grid\G 10.ElmSym,1.3863450510945636e-05,1.8847118627428055e-05,2.3396776287039724e-05
33,193,g10,area_1,phi,Rotor position d-axis referred to the reference bus voltage,Grid\G 10.ElmSym,-7.95374949771674e-08,1.2181816778775817e-07,1.4548497898549298e-07
34,193,g10,area_1,phi,Rotor position d-axis referred to the reference bus voltage,Grid\G 10.ElmSym,-7.95374949771674e-08,-1.2181816778775817e-07,1.4548497898549298e-07
35,193,g10,area_1,phi,Rotor position d-axis referred to the reference bus voltage,Grid\G 10.ElmSym,-0.01717371606976613,-0.19015452195356417,0.1909284649889415
36,193,g10,area_1,phi,Rotor position d-axis referred to the reference bus voltage,Grid\G 10.ElmSym,-0.01717371606976613,0.19015452195356417,0.1909284649889415
37,193,g10,area_1,phi,Rotor position d-axis referred to the reference bus voltage,Grid\G 10.ElmSym,-0.004517769693512905,0.0003885565143226032,0.004534448055546145
38,193,g10,area_1,phi,Rotor position d-axis referred to the reference bus voltage,Grid\G 10.ElmSym,-0.004517769693512905,-0.0003885565143226032,0.004534448055546145
39,193,g10,area_1,phi,Rotor position d-axis referred to the reference bus voltage,Grid\G 10.ElmSym,-0.002461371614835955,0.007278793456901091,0.007683696012632611
40,193,g10,area_1,phi,Rotor position d-axis referred to the reference bus voltage,Grid\G 10.ElmSym,-0.002461371614835955,-0.007278793456901091,0.007683696012632611
41,193,g10,area_1,phi,Rotor position d-axis referred to the reference bus voltage,Grid\G 10.ElmSym,-0.005046626508334747,0.0047648368677082175,0.006940613048607336
42,193,g10,area_1,phi,Rotor position d-axis referred to the reference bus voltage,Grid\G 10.ElmSym,-0.005046626508334747,-0.0047648368677082175,0.006940613048607336
43,193,g10,area_1,phi,Rotor position d-axis referred to the reference bus voltage,Grid\G 10.ElmSym,0.078103006722938,-0.004190583964584796,0.07821534793841638
44,193,g10,area_1,phi,Rotor position d-axis referred to the reference bus voltage,Grid\G 10.ElmSym,0.078103006722938,0.004190583964584796,0.07821534793841638
45,193,g10,area_1,phi,Rotor position d-axis referred to the reference bus voltage,Grid\G 10.ElmSym,-0.00012418711773107884,0.0001051545796689508,0.00016272653697447923
46,193,g10,area_1,phi,Rotor position d-axis referred to the reference bus voltage,Grid\G 10.ElmSym,-0.00012418711773107884,-0.0001051545796689508,0.00016272653697447923
47,193,g10,area_1,phi,Rotor position d-axis referred to the reference bus voltage,Grid\G 10.ElmSym,0.000840989849769734,-0.0004430286983003733,0.0009505463454947596
48,193,g10,area_1,phi,Rotor position d-axis referred to the reference bus voltage,Grid\G 10.ElmSym,0.000840989849769734,0.0004430286983003733,0.0009505463454947596
49,193,g10,area_1,phi,Rotor position d-axis referred to the reference bus voltage,Grid\G 10.ElmSym,5.284643562383407e-05,1.481294084639246e-05,5.488323035921593e-05
50,193,g10,area_1,phi,Rotor position d-axis referred to the reference bus voltage,Grid\G 10.ElmSym,5.284643562383407e-05,-1.481294084639246e-05,5.488323035921593e-05
51,193,g10,area_1,phi,Rotor position d-axis referred to the reference bus voltage,Grid\G 10.ElmSym,0.0001045204887972577,0.0,0.0001045204887972577
53,193,g10,area_1,phi,Rotor position d-axis referred to the reference bus voltage,Grid\G 10.ElmSym,1.3243296891237935e-15,-0.0,1.3243296891237935e-15
54,193,g10,area_1,phi,Rotor position d-axis referred to the reference bus voltage,Grid\G 10.ElmSym,1.5914323165792878e-15,0.0,1.5914323165792878e-15
56,193,g10,area_1,phi,Rotor position d-axis referred to the reference bus voltage,Grid\G 10.ElmSym,1.156575272270628e-15,0.0,1.156575272270628e-15
57,193,g10,area_1,phi,Rotor position d-axis referred to the reference bus voltage,Grid\G 10.ElmSym,1.967535244021577e-05,0.0,1.967535244021577e-05
58,193,g10,area_1,phi,Rotor position d-axis referred to the reference bus voltage,Grid\G 10.ElmSym,-0.00032834841387997354,0.0,0.00032834841387997354
59,193,g10,area_1,phi,Rotor position d-axis referred to the reference bus voltage,Grid\G 10.ElmSym,1.350995204100232e-05,0.0,1.350995204100232e-05
60,193,g10,area_1,phi,Rotor position d-axis referred to the reference bus voltage,Grid\G 10.ElmSym,1.1394566105931226e-05,-6.570710559434382e-05,6.668777895783219e-05
61,193,g10,area_1,phi,Rotor position d-axis referred to the reference bus voltage,Grid\G 10.ElmSym,1.1394566105931226e-05,6.570710559434382e-05,6.668777895783219e-05
62,193,g10,area_1,phi,Rotor position d-axis referred to the reference bus voltage,Grid\G 10.ElmSym,6.393543713020283e-05,0.0,6.393543713020283e-05
63,193,g10,area_1,phi,Rotor position d-axis referred to the reference bus voltage,Grid\G 10.ElmSym,-4.961168620130363e-05,-0.0,4.961168620130363e-05
64,193,g10,area_1,phi,Rotor position d-axis referred to the reference bus voltage,Grid\G 10.ElmSym,2.2545186864686602e-05,0.0,2.2545186864686602e-05
65,193,g10,area_1,phi,Rotor position d-axis referred to the reference bus voltage,Grid\G 10.ElmSym,4.00008334413986e-05,-0.00013125223609265508,0.0001372123032214261
66,193,g10,area_1,phi,Rotor position d-axis referred to the reference bus voltage,Grid\G 10.ElmSym,4.00008334413986e-05,0.00013125223609265508,0.0001372123032214261
67,193,g10,area_1,phi,Rotor position d-axis referred to the reference bus voltage,Grid\G 10.ElmSym,8.732534595147535e-05,0.0,8.732534595147535e-05
68,193,g10,area_1,phi,Rotor position d-axis referred to the reference bus voltage,Grid\G 10.ElmSym,-8.013665848895432e-06,-2.9536872428486255e-05,3.0604667506679834e-05
69,193,g10,area_1,phi,Rotor position d-axis referred to the reference bus voltage,Grid\G 10.ElmSym,-8.013665848895432e-06,2.9536872428486255e-05,3.0604667506679834e-05
70,193,g10,area_1,phi,Rotor position d-axis referred to the reference bus voltage,Grid\G 10.ElmSym,-2.4057001574849765e-05,-0.000290610690173801,0.00029160471972871987
71,193,g10,area_1,phi,Rotor position d-axis referred to the reference bus voltage,Grid\G 10.ElmSym,-2.4057001574849765e-05,0.000290610690173801,0.00029160471972871987
72,193,g10,area_1,phi,Rotor position d-axis referred to the reference bus voltage,Grid\G 10.ElmSym,0.00022774117278417843,0.00016721054946045166,0.00028253390881800215
73,193,g10,area_1,phi,Rotor position d-axis referred to the reference bus voltage,Grid\G 10.ElmSym,0.00022774117278417843,-0.00016721054946045166,0.00028253390881800215
74,193,g10,area_1,phi,Rotor position d-axis referred to the reference bus voltage,Grid\G 10.ElmSym,0.00043932602034128576,0.0,0.00043932602034128576
75,193,g10,area_1,phi,Rotor position d-axis referred to the reference bus voltage,Grid\G 10.ElmSym,-0.0012916677586414442,0.00041333678296041735,0.0013561905820576544
76,193,g10,area_1,phi,Rotor position d-axis referred to the reference bus voltage,Grid\G 10.ElmSym,-0.0012916677586414442,-0.00041333678296041735,0.0013561905820576544
77,193,g10,area_1,phi,Rotor position d-axis referred to the reference bus voltage,Grid\G 10.ElmSym,-2.8664753209170684e-06,0.0,2.8664753209170684e-06
78,193,g10,area_1,phi,Rotor position d-axis referred to the reference bus voltage,Grid\G 10.ElmSym,-2.3643548600794276e-07,0.0,2.3643548600794276e-07
79,193,g10,area_1,phi,Rotor position d-axis referred to the reference bus voltage,Grid\G 10.ElmSym,-2.87217559827637e-08,-0.0,2.87217559827637e-08
81,193,g10,area_1,phi,Rotor position d-axis referred to the reference bus voltage,Grid\G 10.ElmSym,-3.9558596486450024e-15,-0.0,3.9558596486450024e-15
85,193,g10,area_1,phi,Rotor position d-axis referred to the reference bus voltage,Grid\G 10.ElmSym,-5.060683411582374e-16,-0.0,5.060683411582374e-16
89,193,g10,area_1,phi,Rotor position d-axis referred to the reference bus voltage,Grid\G 10.ElmSym,1.701402551852451e-16,0.0,1.701402551852451e-16
90,193,g10,area_1,phi,Rotor position d-axis referred to the reference bus voltage,Grid\G 10.ElmSym,-4.036746296574002e-15,0.0,4.036746296574002e-15
91,193,g10,area_1,phi,Rotor position d-axis referred to the reference bus voltage,Grid\G 10.ElmSym,0.0719121484519661,0.0,0.0719121484519661
92,193,g10,area_1,phi,Rotor position d-axis referred to the reference bus voltage,Grid\G 10.ElmSym,0.0008513726422397785,0.0,0.0008513726422397785
93,193,g10,area_1,phi,Rotor position d-axis referred to the reference bus voltage,Grid\G 10.ElmSym,-2.985732933246616e-05,0.0,2.985732933246616e-05
94,193,g10,area_1,phi,Rotor position d-axis referred to the reference bus voltage,Grid\G 10.ElmSym,0.0005604609229901021,0.002234659880868516,0.0023038709228952493
95,193,g10,area_1,phi,Rotor position d-axis referred to the reference bus voltage,Grid\G 10.ElmSym,0.0005604609229901021,-0.002234659880868516,0.0023038709228952493
96,193,g10,area_1,phi,Rotor position d-axis referred to the reference bus voltage,Grid\G 10.ElmSym,9.402614988734716e-05,0.0,9.402614988734716e-05
97,193,g10,area_1,phi,Rotor position d-axis referred to the reference bus voltage,Grid\G 10.ElmSym,-0.00032411268894219793,0.0,0.00032411268894219793
98,193,g10,area_1,phi,Rotor position d-axis referred to the reference bus voltage,Grid\G 10.ElmSym,0.00019749557482176197,0.0,0.00019749557482176197
99,193,g10,area_1,phi,Rotor position d-axis referred to the reference bus voltage,Grid\G 10.ElmSym,0.0012097342885263945,0.0,0.0012097342885263945
100,193,g10,area_1,phi,Rotor position d-axis referred to the reference bus voltage,Grid\G 10.ElmSym,0.0002990745157054355,0.0,0.0002990745157054355
101,193,g10,area_1,phi,Rotor position d-axis referred to the reference bus voltage,Grid\G 10.ElmSym,-0.039840199677738344,-0.0,0.039840199677738344
102,193,g10,area_1,phi,Rotor position d-axis referred to the reference bus voltage,Grid\G 10.ElmSym,5.6249577114931595e-06,-2.265319960248236e-06,6.0639775542448565e-06
103,193,g10,area_1,phi,Rotor position d-axis referred to the reference bus voltage,Grid\G 10.ElmSym,5.6249577114931595e-06,2.265319960248236e-06,6.0639775542448565e-06
104,193,g10,area_1,phi,Rotor position d-axis referred to the reference bus voltage,Grid\G 10.ElmSym,-3.517483579816681e-05,3.8001162634093744e-05,5.178182533448237e-05
105,193,g10,area_1,phi,Rotor position d-axis referred to the reference bus voltage,Grid\G 10.ElmSym,-3.517483579816681e-05,-3.8001162634093744e-05,5.178182533448237e-05
106,193,g10,area_1,phi,Rotor position d-axis referred to the reference bus voltage,Grid\G 10.ElmSym,6.574132282414222e-05,0.0005548790531105464,0.0005587599530277064
107,193,g10,area_1,phi,Rotor position d-axis referred to the reference bus voltage,Grid\G 10.ElmSym,6.574132282414222e-05,-0.0005548790531105464,0.0005587599530277064
108,193,g10,area_1,phi,Rotor position d-axis referred to the reference bus voltage,Grid\G 10.ElmSym,3.6279461317806948e-06,0.0,3.6279461317806948e-06
112,193,g10,area_1,phi,Rotor position d-axis referred to the reference bus voltage,Grid\G 10.ElmSym,-1.5502307763552584e-06,0.0,1.5502307763552584e-06
113,193,g10,area_1,phi,Rotor position d-axis referred to the reference bus voltage,Grid\G 10.ElmSym,-2.0786044092985534e-07,0.0,2.0786044092985534e-07
114,193,g10,area_1,phi,Rotor position d-axis referred to the reference bus voltage,Grid\G 10.ElmSym,1.0075652424850818e-05,0.0,1.0075652424850818e-05
115,193,g10,area_1,phi,Rotor position d-axis referred to the reference bus voltage,Grid\G 10.ElmSym,4.6996188240471394e-07,-0.0,4.6996188240471394e-07
116,193,g10,area_1,phi,Rotor position d-axis referred to the reference bus voltage,Grid\G 10.ElmSym,-6.182538972978377e-08,-0.0,6.182538972978377e-08
117,193,g10,area_1,phi,Rotor position d-axis referred to the reference bus voltage,Grid\G 10.ElmSym,7.833230576096592e-07,0.0,7.833230576096592e-07
118,193,g10,area_1,phi,Rotor position d-axis referred to the reference bus voltage,Grid\G 10.ElmSym,4.503680104030014e-05,-0.0,4.503680104030014e-05
119,193,g10,area_1,phi,Rotor position d-axis referred to the reference bus voltage,Grid\G 10.ElmSym,-1.7489332751166338e-07,-0.0,1.7489332751166338e-07
120,193,g10,area_1,phi,Rotor position d-axis referred to the reference bus voltage,Grid\G 10.ElmSym,-2.5474576403085564e-05,-0.0,2.5474576403085564e-05
121,193,g10,area_1,phi,Rotor position d-axis referred to the reference bus voltage,Grid\G 10.ElmSym,2.420683897230849e-05,0.0,2.420683897230849e-05
122,193,g10,area_1,phi,Rotor position d-axis referred to the reference bus voltage,Grid\G 10.ElmSym,-3.821743684385404e-06,0.0,3.821743684385404e-06
123,193,g10,area_1,phi,Rotor position d-axis referred to the reference bus voltage,Grid\G 10.ElmSym,-3.280423286015626e-05,-0.0,3.280423286015626e-05
124,193,g10,area_1,phi,Rotor position d-axis referred to the reference bus voltage,Grid\G 10.ElmSym,-4.729958191171445e-06,-0.0,4.729958191171445e-06
125,193,g10,area_1,phi,Rotor position d-axis referred to the reference bus voltage,Grid\G 10.ElmSym,-1.1255005269467246e-05,0.0,1.1255005269467246e-05
126,193,g10,area_1,phi,Rotor position d-axis referred to the reference bus voltage,Grid\G 10.ElmSym,1.2528704107796716e-05,0.0,1.2528704107796716e-05
127,193,g10,area_1,phi,Rotor position d-axis referred to the reference bus voltage,Grid\G 10.ElmSym,0.00022272789451908132,0.0,0.00022272789451908132
128,193,g10,area_1,phi,Rotor position d-axis referred to the reference bus voltage,Grid\G 10.ElmSym,0.001119207433151788,0.0,0.001119207433151788
129,193,g10,area_1,phi,Rotor position d-axis referred to the reference bus voltage,Grid\G 10.ElmSym,2.164792596376878e-05,-0.0,2.164792596376878e-05
130,193,g10,area_1,phi,Rotor position d-axis referred to the reference bus voltage,Grid\G 10.ElmSym,-3.5389368274104798e-06,-0.0,3.5389368274104798e-06
131,193,g10,area_1,phi,Rotor position d-axis referred to the reference bus voltage,Grid\G 10.ElmSym,0.001748145664446981,0.0,0.001748145664446981
132,193,g10,area_1,phi,Rotor position d-axis referred to the reference bus voltage,Grid\G 10.ElmSym,-0.0032790397680560798,0.005110900416304602,0.006072347558059883
133,193,g10,area_1,phi,Rotor position d-axis referred to the reference bus voltage,Grid\G 10.ElmSym,-0.0032790397680560798,-0.005110900416304602,0.006072347558059883
134,193,g10,area_1,phi,Rotor position d-axis referred to the reference bus voltage,Grid\G 10.ElmSym,8.056667724141072e-06,0.0,8.056667724141072e-06
135,193,g10,area_1,phi,Rotor position d-axis referred to the reference bus voltage,Grid\G 10.ElmSym,1.9780011520034202e-06,0.0,1.9780011520034202e-06
136,193,g10,area_1,phi,Rotor position d-axis referred to the reference bus voltage,Grid\G 10.ElmSym,-3.4375459363720136e-08,0.0,3.4375459363720136e-08
140,193,g10,area_1,phi,Rotor position d-axis referred to the reference bus voltage,Grid\G 10.ElmSym,8.374438190149999e-06,0.0,8.374438190149999e-06
141,193,g10,area_1,phi,Rotor position d-axis referred to the reference bus voltage,Grid\G 10.ElmSym,7.411546735601235e-06,-0.0,7.411546735601235e-06
142,193,g10,area_1,phi,Rotor position d-axis referred to the reference bus voltage,Grid\G 10.ElmSym,0.00022593412040395182,0.0,0.00022593412040395182
143,193,g10,area_1,phi,Rotor position d-axis referred to the reference bus voltage,Grid\G 10.ElmSym,-0.0009872738912343007,0.0,0.0009872738912343007
144,193,g10,area_1,phi,Rotor position d-axis referred to the reference bus voltage,Grid\G 10.ElmSym,-0.0002882367646886145,0.0,0.0002882367646886145
145,193,g10,area_1,phi,Rotor position d-axis referred to the reference bus voltage,Grid\G 10.ElmSym,-0.0011571544607129206,-0.0,0.0011571544607129206
146,193,g10,area_1,phi,Rotor position d-axis referred to the reference bus voltage,Grid\G 10.ElmSym,8.918247182509363e-05,-7.765694809056147e-05,0.00011825444967346377
147,193,g10,area_1,phi,Rotor position d-axis referred to the reference bus voltage,Grid\G 10.ElmSym,8.918247182509363e-05,7.765694809056147e-05,0.00011825444967346377
148,193,g10,area_1,phi,Rotor position d-axis referred to the reference bus voltage,Grid\G 10.ElmSym,6.811609343808603e-05,-0.0005025362170809584,0.0005071315920580241
149,193,g10,area_1,phi,Rotor position d-axis referred to the reference bus voltage,Grid\G 10.ElmSym,6.811609343808603e-05,0.0005025362170809584,0.0005071315920580241
150,193,g10,area_1,phi,Rotor position d-axis referred to the reference bus voltage,Grid\G 10.ElmSym,0.0004699099796884735,0.0,0.0004699099796884735
151,193,g10,area_1,phi,Rotor position d-axis referred to the reference bus voltage,Grid\G 10.ElmSym,-0.0011376867717559028,-0.0,0.0011376867717559028
152,193,g10,area_1,phi,Rotor position d-axis referred to the reference bus voltage,Grid\G 10.ElmSym,5.3835180833561235e-05,0.0,5.3835180833561235e-05
153,193,g10,area_1,phi,Rotor position d-axis referred to the reference bus voltage,Grid\G 10.ElmSym,0.00010296138186274758,-0.00017407366000027807,0.00020224412293310017
154,193,g10,area_1,phi,Rotor position d-axis referred to the reference bus voltage,Grid\G 10.ElmSym,0.00010296138186274758,0.00017407366000027807,0.00020224412293310017
155,193,g10,area_1,phi,Rotor position d-axis referred to the reference bus voltage,Grid\G 10.ElmSym,0.00023812249558304206,0.0,0.00023812249558304206
156,193,g10,area_1,phi,Rotor position d-axis referred to the reference bus voltage,Grid\G 10.ElmSym,4.877844773710089e-07,0.0,4.877844773710089e-07
157,193,g10,area_1,phi,Rotor position d-axis referred to the reference bus voltage,Grid\G 10.ElmSym,0.003431145875712797,0.0,0.003431145875712797
158,193,g10,area_1,phi,Rotor position d-axis referred to the reference bus voltage,Grid\G 10.ElmSym,-0.012958801775145934,-0.0,0.012958801775145934
159,193,g10,area_1,phi,Rotor position d-axis referred to the reference bus voltage,Grid\G 10.ElmSym,4.50913124005101e-07,1.0866911494468788e-06,1.176528920038185e-06
160,193,g10,area_1,phi,Rotor position d-axis referred to the reference bus voltage,Grid\G 10.ElmSym,4.50913124005101e-07,-1.0866911494468788e-06,1.176528920038185e-06
161,193,g10,area_1,phi,Rotor position d-axis referred to the reference bus voltage,Grid\G 10.ElmSym,-3.110754954133736e-05,0.0,3.110754954133736e-05
162,193,g10,area_1,phi,Rotor position d-axis referred to the reference bus voltage,Grid\G 10.ElmSym,-7.756122839676289e-06,-0.0,7.756122839676289e-06
163,193,g10,area_1,phi,Rotor position d-axis referred to the reference bus voltage,Grid\G 10.ElmSym,-9.478210185117253e-05,0.0002921213333196377,0.00030711320422894373
164,193,g10,area_1,phi,Rotor position d-axis referred to the reference bus voltage,Grid\G 10.ElmSym,-9.478210185117253e-05,-0.0002921213333196377,0.00030711320422894373
165,193,g10,area_1,phi,Rotor position d-axis referred to the reference bus voltage,Grid\G 10.ElmSym,1.2919656139087295e-07,0.0,1.2919656139087295e-07
166,193,g10,area_1,phi,Rotor position d-axis referred to the reference bus voltage,Grid\G 10.ElmSym,2.2799595862383448e-05,0.0,2.2799595862383448e-05
170,193,g10,area_1,phi,Rotor position d-axis referred to the reference bus voltage,Grid\G 10.ElmSym,-2.650070873186874e-05,-0.0,2.650070873186874e-05
171,193,g10,area_1,phi,Rotor position d-axis referred to the reference bus voltage,Grid\G 10.ElmSym,2.7553951382581567e-05,0.0,2.7553951382581567e-05
172,193,g10,area_1,phi,Rotor position d-axis referred to the reference bus voltage,Grid\G 10.ElmSym,8.917929575773503e-06,0.0,8.917929575773503e-06
173,193,g10,area_1,phi,Rotor position d-axis referred to the reference bus voltage,Grid\G 10.ElmSym,-5.3343621932128894e-08,0.0,5.3343621932128894e-08
174,193,g10,area_1,phi,Rotor position d-axis referred to the reference bus voltage,Grid\G 10.ElmSym,-1.7219798447593501e-07,0.0,1.7219798447593501e-07
