k,WCSS,k_selected_by_max_chord
1,113.99999999999999,False
2,74.44300770064189,False
3,49.32395393793086,False
4,31.05591813555003,False
5,17.947380809347386,True
6,10.044478091340068,False
7,6.569333950347874,False
8,4.86263398643523,False
9,3.647707223726761,False
10,2.7424436544869923,False
