Count,MAD,Mean_Distance,Max_Distance
113,0.27337999794486056,0.3136486899817579,0.7472980395537339
