Count,MAD,Mean_Distance,Max_Distance
280,0.27062364528983324,0.32249713700784244,0.8428738843090433
