Count,MAD,Mean_Distance,Max_Distance
125,0.2764616033091572,0.34946559576461705,1.104732730068558
