k,WCSS,k_selected_by_max_chord
1,226.0,False
2,113.5047085905631,False
3,65.3547910568486,True
4,41.68647054644042,False
5,28.033818911338578,False
6,22.606687511395425,False
7,18.2628005632948,False
8,14.31040882624662,False
9,11.2390444504562,False
10,9.479848500343685,False
