k,kmeans_silhouette,kmedoids_silhouette,kmeans_selected_by_silhouette,kmedoids_selected_by_silhouette
2,0.7027545331299746,0.7027545331299746,False,False
3,0.7541166057549988,0.7541166057549988,False,False
4,0.7949754196546568,0.7949754196546568,True,True
5,0.791444181930175,0.6683452576448182,False,False
6,0.6794550884052367,0.6794550884052367,False,False
7,0.6710256581305268,0.6637431525389257,False,False
8,0.6735443236862672,0.6670437312021071,False,False
9,0.677032631816898,0.672896248163674,False,False
10,0.7087161541307656,0.6632905335946635,False,False
